t,x,y,a_cmd,a_sat,cte
0.000000000000000000e+00,0.000000000000000000e+00,1.027212654910907075e+00,-2.072240684624265528e-01,-2.072240684624265528e-01,1.027212654910907075e+00
5.000000000000000278e-02,3.207142690605628288e-01,1.016246467813496146e+00,-1.758746587501198166e-01,-1.758746587501198166e-01,1.034123704101953756e+00
1.000000000000000056e-01,6.416962991687060747e-01,1.003774157739882433e+00,-2.214687690217401750e-01,-2.214687690217401750e-01,1.009840815819930571e+00
1.500000000000000222e-01,9.636168156588329481e-01,9.946296350803129904e-01,-1.858684985830935388e-01,-1.858684985830935388e-01,1.018901677553933682e+00
2.000000000000000111e-01,1.288010381650016356e+00,9.833868128589833280e-01,-1.574008594329084909e-01,-1.574008594329084909e-01,1.007798150600498488e+00
2.500000000000000000e-01,1.608979892989669702e+00,9.702363566490319613e-01,-4.938473366662340241e-02,-4.938473366662340241e-02,9.868857630958579596e-01
3.000000000000000444e-01,1.930021196250922610e+00,9.506595071490608895e-01,4.711890210203455165e-03,4.711890210203455165e-03,9.906202090042961483e-01
3.500000000000000333e-01,2.250446410839699318e+00,9.276048493842701248e-01,4.022800344677113227e-02,4.022800344677113227e-02,9.585596979724989586e-01
4.000000000000000222e-01,2.568905123045934324e+00,9.030089117553494749e-01,2.581436304337717327e-02,2.581436304337717327e-02,9.312788661652383615e-01
4.500000000000000111e-01,2.886526087444119870e+00,8.794708285933893199e-01,3.793665237000725526e-02,3.793665237000725526e-02,9.391969515204771080e-01
5.000000000000000000e-01,3.206925176455292181e+00,8.555827572269926184e-01,7.132526388269516682e-02,7.132526388269516682e-02,8.931212873723699541e-01
5.500000000000000444e-01,3.530937966209375389e+00,8.299594959110210279e-01,4.048632414386737349e-02,4.048632414386737349e-02,8.710514276745187079e-01
6.000000000000000888e-01,3.855842467388386208e+00,8.068205101170053961e-01,7.814458614690798777e-02,7.814458614690798777e-02,8.802000987559159828e-01
6.500000000000000222e-01,4.180949925055323924e+00,7.817967869110699075e-01,1.000911649419706367e-01,1.000911649419706367e-01,7.513400915569300453e-01
7.000000000000000666e-01,4.503569419172507970e+00,7.556998552796074797e-01,1.474791341829921054e-01,1.474791341829921054e-01,5.168586059397960453e-01
7.500000000000000000e-01,4.826758745262156758e+00,7.271155074190640555e-01,1.587591568310023071e-01,1.587591568310023071e-01,2.613438641023417830e-01
8.000000000000000444e-01,5.149380317919404426e+00,6.983756363218099894e-01,1.504282288063009398e-01,1.504282288063009398e-01,2.128853712748688398e-01
8.500000000000000888e-01,5.473434761669031090e+00,6.705218817531765074e-01,1.804753504646025020e-01,1.804753504646025020e-01,2.338055052603292272e-01
9.000000000000000222e-01,5.798420623355158732e+00,6.412802427050463550e-01,1.500690928694311255e-01,1.500690928694311255e-01,5.255856532510531087e-01
9.500000000000000666e-01,6.123048021752757641e+00,6.145216960717945209e-01,2.023820024963727815e-01,2.023820024963727815e-01,6.794584242461416679e-01
1.000000000000000000e+00,6.451627218904516070e+00,5.848292916488974091e-01,1.462247542858631510e-01,1.462247542858631510e-01,6.679056931427942434e-01
1.050000000000000044e+00,6.784178116883939680e+00,5.591831201975834276e-01,1.348192818681420990e-01,1.348192818681420990e-01,6.590594692935778376e-01
1.100000000000000089e+00,7.118719687636120952e+00,5.346889374430443542e-01,7.209703743948266130e-02,7.209703743948266130e-02,6.104520973601066380e-01
1.150000000000000133e+00,7.452328350846083360e+00,5.145075104888658934e-01,-6.381985563029940120e-03,-6.381985563029940120e-03,6.077946131437780286e-01
1.200000000000000178e+00,7.791041074344116524e+00,4.994876153917648387e-01,-2.305714640664482257e-02,-2.305714640664482257e-02,6.170834470408718131e-01
1.250000000000000000e+00,8.133090041987870222e+00,4.856997693506636127e-01,-1.889447888895767758e-02,-1.889447888895767758e-02,5.738766868136484511e-01
1.300000000000000044e+00,8.471744881994288434e+00,4.721250817243503040e-01,3.500674899233870846e-02,3.500674899233870846e-02,5.714615589190359390e-01
1.350000000000000089e+00,8.811979763714814951e+00,4.553193069029723983e-01,1.445048985455171103e-02,1.445048985455171103e-02,5.964282807013704391e-01
1.400000000000000133e+00,9.153084713014781215e+00,4.398617452922602422e-01,6.550647324835956464e-02,6.550647324835956464e-02,5.423961813014416267e-01
1.450000000000000178e+00,9.495847031891187839e+00,4.214432171731909982e-01,8.652543815883646794e-02,8.652543815883646794e-02,5.270286611815715450e-01
1.500000000000000000e+00,9.836650729849504060e+00,4.020837978636898624e-01,1.458754827599775469e-02,1.458754827599775469e-02,5.556863359055467244e-01
1.550000000000000044e+00,1.017416981022843103e+01,3.875778999804570524e-01,3.718927609875091311e-03,3.718927609875091311e-03,5.068126822943602727e-01
1.600000000000000089e+00,1.051022207532755992e+01,3.741206327508007634e-01,-6.442369415138349265e-02,-6.442369415138349265e-02,4.880601974340795790e-01
1.650000000000000133e+00,1.084544939690816179e+01,3.650098465040599871e-01,-9.091313799067365919e-02,-9.091313799067365919e-02,5.249837467579968608e-01
1.700000000000000178e+00,1.118404183249913864e+01,3.576393530396977938e-01,-9.133903843582411031e-02,-9.133903843582411031e-02,4.922063151852203444e-01
1.750000000000000000e+00,1.151661626248583659e+01,3.504029322533088187e-01,-1.306681757366262575e-01,-1.306681757366262575e-01,4.738207322823712042e-01
1.800000000000000044e+00,1.185088415031292364e+01,3.457834239959556299e-01,-1.992401024534705412e-01,-1.992401024534705412e-01,5.120813262078683925e-01
1.850000000000000089e+00,1.218337148729113117e+01,3.458738394887087009e-01,-1.714570756865572421e-01,-1.714570756865572421e-01,4.928344493599711718e-01
1.900000000000000133e+00,1.251222512040784807e+01,3.439710112045720747e-01,-1.693254050423836365e-01,-1.693254050423836365e-01,4.777575347294478747e-01
1.950000000000000178e+00,1.284345649342610862e+01,3.419309515987836168e-01,-1.755479162336416599e-01,-1.755479162336416599e-01,5.183710003524109045e-01
2.000000000000000000e+00,1.317986725370760048e+01,3.400849162713653895e-01,-1.590041999495414027e-01,-1.590041999495414027e-01,4.984652888952773031e-01
2.050000000000000266e+00,1.351441244865173097e+01,3.368933770349053503e-01,-9.420403532160870341e-02,-9.420403532160870341e-02,4.807362178711712120e-01
2.100000000000000089e+00,1.384589323946612716e+01,3.299586840697992796e-01,-1.113578448145822603e-01,-1.113578448145822603e-01,5.134925675005057588e-01
2.149999999999999911e+00,1.417890561718030185e+01,3.242531849064995142e-01,-7.502105700554485834e-02,-7.502105700554485834e-02,4.952416879064231447e-01
2.200000000000000178e+00,1.451519473288811390e+01,3.162200285630615837e-01,-5.865010582556037799e-02,-5.865010582556037799e-02,4.703502500239431505e-01
2.250000000000000000e+00,1.485577523319137327e+01,3.071338324706633371e-01,-3.601098788530409517e-02,-3.601098788530409517e-02,4.960048647283933909e-01
2.300000000000000266e+00,1.520030185636633213e+01,2.966364113531392843e-01,-4.284782447004251843e-02,-4.284782447004251843e-02,4.885335912976963568e-01
2.350000000000000089e+00,1.554261274764876610e+01,2.865749604905334369e-01,-4.430889489896874117e-02,-4.430889489896874117e-02,4.516065265790162320e-01
2.400000000000000355e+00,1.588741720644196498e+01,2.767260251180414521e-01,1.935445044807979076e-02,1.935445044807979076e-02,4.650713923577541320e-01
2.450000000000000178e+00,1.623040407458374901e+01,2.631169003476077628e-01,3.141447565955799923e-03,3.141447565955799923e-03,4.824648531775309612e-01
2.500000000000000000e+00,1.656943231077435286e+01,2.507113801467129033e-01,1.445165586042999190e-02,1.445165586042999190e-02,4.294119538080500842e-01
2.550000000000000266e+00,1.691088517533020052e+01,2.377528828282182982e-01,-1.887751423308071941e-02,-1.887751423308071941e-02,4.297575637703782703e-01
2.600000000000000089e+00,1.724926829084946078e+01,2.270223158746593750e-01,1.796643262454610326e-02,1.796643262454610326e-02,4.723514081158349254e-01
2.650000000000000355e+00,1.758406687865926088e+01,2.142984741868786680e-01,1.148361889535439023e-01,1.148361889535439023e-01,4.073851285117855991e-01
2.700000000000000178e+00,1.792036129880268547e+01,1.955463967755854682e-01,1.429679972557234835e-01,1.429679972557234835e-01,3.952167681047476511e-01
2.750000000000000000e+00,1.825752171592673889e+01,1.753081615490850731e-01,1.490358852135204026e-01,1.490358852135204026e-01,4.433122608600785775e-01
2.800000000000000266e+00,1.859481237735611003e+01,1.550002359138793750e-01,1.220720042801703015e-01,1.220720042801703015e-01,3.639580762222114907e-01
2.850000000000000089e+00,1.893248488314660705e+01,1.367178818127596784e-01,6.431386699965448150e-02,6.431386699965448150e-02,3.440910698997988182e-01
2.900000000000000355e+00,1.926799276774197622e+01,1.224018423121106952e-01,2.963815723823013532e-02,2.963815723823013532e-02,3.982607288480124463e-01
2.950000000000000178e+00,1.960529447621392052e+01,1.104865519513588273e-01,-3.189462899824370944e-03,-3.189462899824370944e-03,3.368483630618409053e-01
3.000000000000000000e+00,1.994553418864698813e+01,1.007890274316621398e-01,-5.844251726924893503e-03,-5.844251726924893503e-03,3.158037545823393355e-01
3.050000000000000266e+00,2.028782911723745030e+01,9.137726245793233171e-02,4.715430469749914370e-04,4.715430469749914370e-04,3.662813801759562948e-01
3.100000000000000089e+00,2.062613475045623801e+01,8.167052299042919239e-02,6.221719459837383309e-02,6.221719459837383309e-02,3.306958676208857084e-01
3.150000000000000355e+00,2.096223209316620384e+01,6.824370962422288134e-02,8.696933346263399645e-02,8.696933346263399645e-02,2.915104928458698841e-01
3.200000000000000178e+00,2.129887078242504117e+01,5.341330285879812567e-02,1.321255819360701855e-01,1.321255819360701855e-01,3.333607790699851803e-01
3.250000000000000000e+00,2.163263212763776266e+01,3.595763757140342520e-02,1.178859245847212051e-01,1.178859245847212051e-01,3.060077322784705012e-01
3.300000000000000266e+00,2.196699191326822032e+01,1.965740062165839686e-02,1.183718024377971301e-01,1.183718024377971301e-01,2.529670802820978004e-01
3.350000000000000089e+00,2.230474220029422838e+01,3.539139586672970794e-03,5.973532515124538311e-02,5.973532515124538311e-02,2.933342816255202767e-01
3.400000000000000355e+00,2.264510758803189105e+01,-8.621330188680890322e-03,1.591346148574128705e-01,1.591346148574128705e-01,2.886884001776810482e-01
3.450000000000000178e+00,2.298834841067691670e+01,-2.685893584030800071e-02,1.441757293111149696e-01,1.441757293111149696e-01,2.179820359840836386e-01
3.500000000000000000e+00,2.333464842726109367e+01,-4.390325058120908563e-02,1.272659014476276718e-01,1.272659014476276718e-01,2.421289453823399496e-01
3.550000000000000266e+00,2.368184552618193806e+01,-5.965696122794209022e-02,1.122506016903634107e-01,1.122506016903634107e-01,2.892448618546573091e-01
3.600000000000000089e+00,2.402982348767091736e+01,-7.425555872000062785e-02,1.891619762782936198e-01,1.891619762782936198e-01,1.932882513896763410e-01
3.650000000000000355e+00,2.437660836861470059e+01,-9.359338196922406539e-02,2.243913247651752874e-01,2.243913247651752874e-01,1.840484982040846429e-01
3.700000000000000178e+00,2.472287910986045389e+01,-1.146739271778561414e-01,2.342404100060422323e-01,2.342404100060422323e-01,2.743226796299685355e-01
3.750000000000000000e+00,2.507179887936712248e+01,-1.360673269020754861e-01,2.658430148755997480e-01,2.658430148755997480e-01,1.756630970465772601e-01
3.800000000000000266e+00,2.542070282762959366e+01,-1.592134600668597688e-01,2.671661356579028701e-01,2.671661356579028701e-01,1.144843132313168449e-01
3.850000000000000089e+00,2.576802083483793382e+01,-1.818216518153105143e-01,2.468697568588917868e-01,2.468697568588917868e-01,2.003901204270528702e-01
3.900000000000000355e+00,2.611118813021349538e+01,-2.030253112003786442e-01,2.969800012804629796e-01,2.969800012804629796e-01,1.811366421342961719e-01
3.950000000000000178e+00,2.645390593070386842e+01,-2.267504460139445621e-01,2.718191354242323610e-01,2.718191354242323610e-01,5.540961400497928374e-02
4.000000000000000000e+00,2.679010461692281453e+01,-2.484209209938637863e-01,2.856691452586719304e-01,2.856691452586719304e-01,1.525582632291593577e-01
4.049999999999999822e+00,2.712542145556517426e+01,-2.707936286874489951e-01,2.014111711551219153e-01,2.014111711551219153e-01,1.880924081100595613e-01
4.100000000000000533e+00,2.746003006867774943e+01,-2.876080163408104573e-01,1.949371016082839247e-01,1.949371016082839247e-01,2.596327232406523897e-02
4.150000000000000355e+00,2.779442959838726779e+01,-3.035141346055542089e-01,1.168994668653845492e-01,1.168994668653845492e-01,1.364673495687078464e-01
4.200000000000000178e+00,2.812480893067699128e+01,-3.143906643622413899e-01,6.775572886978879772e-02,6.775572886978879772e-02,1.948980792404384765e-01
4.250000000000000000e+00,2.845757952089421750e+01,-3.218652207192944648e-01,2.215639856220156037e-02,2.215639856220156037e-02,3.642610355432654434e-02
4.299999999999999822e+00,2.879040523016675479e+01,-3.264221344389017232e-01,-9.613132659133268726e-03,-9.613132659133268726e-03,1.344738402115959741e-01
4.350000000000000533e+00,2.912413633864374418e+01,-3.289571051324854944e-01,4.759430724713838851e-02,4.759430724713838851e-02,2.018173524768830385e-01
4.400000000000000355e+00,2.945737028492067466e+01,-3.350891911470365025e-01,1.247324775915640838e-01,1.247324775915640838e-01,4.378114348163197195e-02
4.450000000000000178e+00,2.979324072005224977e+01,-3.460351972456581771e-01,1.283033821129816177e-01,1.283033821129816177e-01,1.262376128292029553e-01
4.500000000000000000e+00,3.012835717469637586e+01,-3.571514002995512804e-01,1.007061725335166719e-01,1.007061725335166719e-01,2.157146992894895254e-01
4.549999999999999822e+00,3.046059845464415616e+01,-3.662600906031973080e-01,1.138805554555363531e-01,1.138805554555363531e-01,6.454678576230470088e-02
4.600000000000000533e+00,3.079222669736307694e+01,-3.761698921932661865e-01,1.289462540807919388e-01,1.289462540807919388e-01,1.262355743900561988e-01
4.650000000000000355e+00,3.112515753569282850e+01,-3.869758169161525707e-01,1.100592015286672165e-01,1.100592015286672165e-01,2.239308111617871744e-01
4.700000000000000178e+00,3.146168297196178543e+01,-3.964646161538281643e-01,1.905614290012897782e-01,1.905614290012897782e-01,8.435122278717258060e-02
4.750000000000000000e+00,3.179682585591038446e+01,-4.107370190655502129e-01,1.380195851497245385e-01,1.380195851497245385e-01,1.272196260304247484e-01
4.800000000000000711e+00,3.212839242051917665e+01,-4.216739771481521348e-01,1.486580300047283254e-01,1.486580300047283254e-01,2.412234622027015774e-01
4.850000000000000533e+00,3.245975209760985081e+01,-4.329343388830576012e-01,1.982669874430114110e-01,1.982669874430114110e-01,1.080088315340102800e-01
4.900000000000000355e+00,3.279539888986423080e+01,-4.471543012670011197e-01,2.104600528463555220e-01,2.104600528463555220e-01,1.392230812199030943e-01
4.950000000000000178e+00,3.312938148192733934e+01,-4.621258995387191315e-01,2.316274898447058805e-01,2.316274898447058805e-01,2.604220185140207477e-01
5.000000000000000000e+00,3.346482602200586598e+01,-4.783167321960219431e-01,2.983442803419981137e-01,2.983442803419981137e-01,1.439559279116658097e-01
5.050000000000000711e+00,3.379853853289302634e+01,-4.981757428187938430e-01,2.569283214575380225e-01,2.569283214575380225e-01,1.642391815668615973e-01
5.100000000000000533e+00,3.413410028478238445e+01,-5.152138974468846166e-01,2.396804855577452653e-01,2.396804855577452653e-01,2.911976287215014003e-01
5.150000000000000355e+00,3.446829696154556189e+01,-5.311311189310780057e-01,2.554918510506530294e-01,2.554918510506530294e-01,1.861268311516454665e-01
5.200000000000000178e+00,3.479897815574024378e+01,-5.476015995490097765e-01,2.419973135187696023e-01,2.419973135187696023e-01,1.947237997894408768e-01
5.250000000000000000e+00,3.513326106235567892e+01,-5.629835412248929138e-01,2.688045399628243293e-01,2.688045399628243293e-01,3.068952648792673821e-01
5.300000000000000711e+00,3.547358196892591309e+01,-5.797185722472902869e-01,2.669833924334149011e-01,2.669833924334149011e-01,2.257635503469956340e-01
5.350000000000000533e+00,3.581529327603619350e+01,-5.961982708508344331e-01,2.568629331704067598e-01,2.568629331704067598e-01,2.226179774622836782e-01
5.400000000000000355e+00,3.615834268911914506e+01,-6.119039008857992679e-01,2.797900182169441585e-01,2.797900182169441585e-01,3.087589749652648319e-01
5.450000000000000178e+00,3.649972784983201279e+01,-6.291094490028313890e-01,2.776614511687182096e-01,2.776614511687182096e-01,2.754903441091345329e-01
5.500000000000000000e+00,3.684908337463095052e+01,-6.456810622732523930e-01,2.977368441794260856e-01,2.977368441794260856e-01,2.544886909160849475e-01
5.550000000000000711e+00,3.719285151895089570e+01,-6.631201143117471108e-01,3.071530189310265890e-01,3.071530189310265890e-01,3.153506076155536686e-01
5.600000000000000533e+00,3.753823323186269789e+01,-6.809979441616288431e-01,2.548857979906489768e-01,2.548857979906489768e-01,3.341803527139797225e-01
5.650000000000000355e+00,3.788702142252017069e+01,-6.952994883606044008e-01,2.605270692521956533e-01,2.605270692521956533e-01,2.943854283488431256e-01
5.700000000000000178e+00,3.823516897687888871e+01,-7.099687874264591914e-01,2.836919716496250077e-01,2.836919716496250077e-01,3.252039735540874776e-01
5.750000000000000000e+00,3.858042033788245107e+01,-7.256010916539554767e-01,2.256067890574967594e-01,2.256067890574967594e-01,3.898926114025539347e-01
5.800000000000000711e+00,3.892156141205634157e+01,-7.371221725544977454e-01,2.677700209355803329e-01,2.677700209355803329e-01,3.317901333799218033e-01
5.850000000000000533e+00,3.926675542976558120e+01,-7.511082056152565967e-01,3.243448447142793789e-01,3.243448447142793789e-01,3.426322992461897088e-01
5.900000000000000355e+00,3.960860910043665939e+01,-7.688834979672760639e-01,4.502663669353874631e-01,4.502663669353874631e-01,4.180241201470423218e-01
5.950000000000000178e+00,3.994773267753936352e+01,-7.939248500922042595e-01,3.755028678171665191e-01,3.755028678171665191e-01,3.847315041222136855e-01
6.000000000000000000e+00,4.028368058389725093e+01,-8.144026118124764180e-01,3.353271656054971905e-01,3.353271656054971905e-01,3.898266765112648469e-01
6.050000000000000711e+00,4.061859550785671757e+01,-8.314969892026001785e-01,2.431808760677169612e-01,2.431808760677169612e-01,4.534345562851257450e-01
6.100000000000000533e+00,4.095210569732447681e+01,-8.428224165658360079e-01,2.532626783040053398e-01,2.532626783040053398e-01,4.247695361849463391e-01
6.150000000000000355e+00,4.128604718224942616e+01,-8.541411968360558271e-01,2.451699896410483304e-01,2.451699896410483304e-01,4.175169716699625999e-01
6.200000000000000178e+00,4.162665305554813955e+01,-8.653148047905502294e-01,2.275932512470047464e-01,2.275932512470047464e-01,4.671086562846621382e-01
6.250000000000000000e+00,4.196384797423787205e+01,-8.749628632328304567e-01,1.666899287904331506e-01,1.666899287904331506e-01,4.508518818264879435e-01
6.300000000000000711e+00,4.230079915614049213e+01,-8.808264339227677153e-01,1.237576801265496546e-01,1.237576801265496546e-01,4.316991526142275881e-01
6.350000000000000533e+00,4.263516608076434267e+01,-8.836764279206792416e-01,1.376843324304149463e-01,1.376843324304149463e-01,4.676214457460964313e-01
6.400000000000000355e+00,4.297167786424874691e+01,-8.874972920300256973e-01,1.577913984783056722e-01,1.577913984783056722e-01,4.574212927169045706e-01
6.450000000000000178e+00,4.330848335061664756e+01,-8.927470677708015945e-01,1.771730906524255911e-01,1.771730906524255911e-01,4.324397759931163376e-01
6.500000000000000000e+00,4.365136584638971584e+01,-8.990962515178373415e-01,2.063018703443020574e-01,2.063018703443020574e-01,4.632831257742151543e-01
6.550000000000000711e+00,4.399284187278772862e+01,-9.075013138791989675e-01,2.012299142015421816e-01,2.012299142015421816e-01,4.762021880410487462e-01
6.600000000000000533e+00,4.433320803241252861e+01,-9.151251470324188730e-01,2.139931890438812601e-01,2.139931890438812601e-01,4.446592029538120605e-01
6.650000000000000355e+00,4.467542806328075500e+01,-9.235751188805468859e-01,2.578251163803327306e-01,2.578251163803327306e-01,4.664920334241472455e-01
6.700000000000000178e+00,4.501695379115385975e+01,-9.349710021493998768e-01,1.363919150350122733e-01,1.363919150350122733e-01,5.040932449302720775e-01
6.750000000000000000e+00,4.535608941384794690e+01,-9.381930456776177429e-01,1.561646671567875344e-01,1.561646671567875344e-01,4.595597526128562538e-01
6.800000000000000711e+00,4.569781308472742865e+01,-9.427296638087021563e-01,1.889126161632154743e-01,1.889126161632154743e-01,4.673356487837323492e-01
6.850000000000000533e+00,4.603579082635990005e+01,-9.490963934986035300e-01,1.728018818435015369e-01,1.728018818435015369e-01,5.186170534475041949e-01
6.900000000000000355e+00,4.637354791534158949e+01,-9.545931870479722470e-01,2.204208863298982857e-01,2.204208863298982857e-01,4.687463274346432840e-01
6.950000000000000178e+00,4.670916944554794981e+01,-9.627360075552916507e-01,1.800696010304030370e-01,1.800696010304030370e-01,4.728850727512510788e-01
7.000000000000000000e+00,4.704842093539668468e+01,-9.688716112730574315e-01,1.831073272192504098e-01,1.831073272192504098e-01,5.249606808020679249e-01
7.050000000000000711e+00,4.738650030736521757e+01,-9.748041902982241824e-01,2.887714094213556515e-01,2.887714094213556515e-01,4.819022620892942088e-01
7.100000000000000533e+00,4.772300744077926282e+01,-9.877350902918257125e-01,3.313983696494672837e-01,3.313983696494672837e-01,4.838931356795417305e-01
7.150000000000000355e+00,4.805966671701177972e+01,-1.002602125533366806e+00,3.381052862267234782e-01,3.381052862267234782e-01,5.377160769932796125e-01
7.200000000000000178e+00,4.839350838148888556e+01,-1.018188079114679123e+00,3.717403652970919792e-01,3.717403652970919792e-01,5.169589532449037073e-01
7.250000000000000000e+00,4.872915822727718904e+01,-1.035840277751959526e+00,3.365360182664828281e-01,3.365360182664828281e-01,5.196792797679472553e-01
7.300000000000000711e+00,4.906084960029948405e+01,-1.050679187640149781e+00,3.599085652297207005e-01,3.599085652297207005e-01,5.688370869998190527e-01
7.350000000000000533e+00,4.939442251021382191e+01,-1.066936858573914071e+00,3.543609944192341321e-01,3.543609944192341321e-01,5.559969082258473527e-01
7.400000000000000355e+00,4.972934551821521865e+01,-1.082788959609917168e+00,4.034725058581392632e-01,4.034725058581392632e-01,5.552878835560565163e-01
7.450000000000000178e+00,5.006490920102474718e+01,-1.100776794731094688e+00,3.347201732365341909e-01,3.347201732365341909e-01,6.017267598005695550e-01
7.500000000000000000e+00,5.040251218366334029e+01,-1.114295316186727058e+00,2.920345365225962553e-01,2.920345365225962553e-01,5.952555836493712560e-01
7.550000000000000711e+00,5.074161158947373451e+01,-1.125085088713310588e+00,2.611556191579659791e-01,2.611556191579659791e-01,5.858426499260664944e-01
7.600000000000000533e+00,5.107049809133130225e+01,-1.133967365749367406e+00,2.588143116004569255e-01,2.588143116004569255e-01,6.190053503190386941e-01
7.650000000000000355e+00,5.139920750056061394e+01,-1.142057675312324605e+00,2.332629065432373361e-01,2.332629065432373361e-01,6.128910975017244356e-01
7.700000000000000178e+00,5.172613541681013061e+01,-1.148839989540615836e+00,2.369413317604902314e-01,2.369413317604902314e-01,5.993915940154077582e-01
7.750000000000000000e+00,5.205406357331730050e+01,-1.155193885298382961e+00,1.631616735217701897e-01,1.631616735217701897e-01,6.320031026556388598e-01
7.800000000000000711e+00,5.238065949017023115e+01,-1.157177656962974810e+00,1.071744364991961407e-01,1.071744364991961407e-01,6.148888114027224461e-01
7.850000000000000533e+00,5.270423492504531993e+01,-1.155405941772757794e+00,1.217289725787793903e-01,1.217289725787793903e-01,5.963427054056338328e-01
7.900000000000000355e+00,5.302822234738133034e+01,-1.154837963337198126e+00,1.406875178720456143e-01,1.406875178720456143e-01,6.278726484548314835e-01
7.950000000000000178e+00,5.335138150141251856e+01,-1.155809714726555137e+00,1.189086166557655200e-01,1.189086166557655200e-01,5.989609836836367052e-01
8.000000000000000000e+00,5.367628042710449421e+01,-1.154969787432907680e+00,1.459731829365003564e-01,1.459731829365003564e-01,5.873579765755927440e-01
8.050000000000000711e+00,5.399963655092224002e+01,-1.156211646733104281e+00,8.973826653212996218e-02,8.973826653212996218e-02,6.271054631751494801e-01
8.099999999999999645e+00,5.432374193921112493e+01,-1.154066503771750352e+00,6.308262794522852268e-02,6.308262794522852268e-02,5.835396658981654161e-01
8.150000000000000355e+00,5.464748909872861304e+01,-1.150031460896450364e+00,4.351521371309279018e-02,4.351521371309279018e-02,5.748626984140345897e-01
8.200000000000001066e+00,5.497018886878470312e+01,-1.145094520877381283e+00,2.168483827924989546e-02,2.168483827924989546e-02,6.100342259485768137e-01
8.250000000000000000e+00,5.529207923100410227e+01,-1.138704492052392769e+00,-2.135136227262039027e-02,-2.135136227262039027e-02,5.547197059700823552e-01
8.300000000000000711e+00,5.560994041728465476e+01,-1.129989909360336720e+00,-4.603172727006499265e-02,-4.603172727006499265e-02,5.503552864084110263e-01
8.349999999999999645e+00,5.592721061524220261e+01,-1.119784450554214272e+00,-7.236990705250830047e-02,-7.236990705250830047e-02,5.634942448045960894e-01
8.400000000000000355e+00,5.624360753526590884e+01,-1.108259074904850428e+00,-1.318439654911499337e-01,-1.318439654911499337e-01,5.107903618849891636e-01
8.450000000000001066e+00,5.655720300374454013e+01,-1.093179891621811173e+00,-9.753114758521870542e-02,-9.753114758521870542e-02,5.167790453493454894e-01
8.500000000000000000e+00,5.686635808341021203e+01,-1.080563548142397412e+00,-1.686414598989466329e-01,-1.686414598989466329e-01,4.990524065731478109e-01
8.550000000000000711e+00,5.717626329343524816e+01,-1.063797230312661490e+00,-1.669405244759268048e-01,-1.669405244759268048e-01,4.572804532289450608e-01
8.599999999999999645e+00,5.748702963155968604e+01,-1.047527391841663214e+00,-1.663245175386623420e-01,-1.663245175386623420e-01,4.896119054212078048e-01
8.650000000000000355e+00,5.779413702043910206e+01,-1.031656099809642013e+00,-2.427661446822402258e-01,-2.427661446822402258e-01,4.256124907745176267e-01
8.700000000000001066e+00,5.810135219135516138e+01,-1.011237483859624753e+00,-1.877388030867252200e-01,-1.877388030867252200e-01,4.071387090868309744e-01
8.750000000000000000e+00,5.841038238162292373e+01,-9.949269657099354403e-01,-1.758075351262931574e-01,-1.758075351262931574e-01,4.258882425424447282e-01
8.800000000000000711e+00,5.872493703024270673e+01,-9.797148914910126516e-01,-2.427081905631530423e-01,-2.427081905631530423e-01,3.559452088491080746e-01
8.849999999999999645e+00,5.903725651275635755e+01,-9.606601544107220558e-01,-2.302588051640412359e-01,-2.302588051640412359e-01,3.703457567165504560e-01
8.900000000000000355e+00,5.934956702185415622e+01,-9.427379968652299658e-01,-2.727734765127501904e-01,-2.727734765127501904e-01,3.457726621953451374e-01
8.950000000000001066e+00,5.966258326641377607e+01,-9.227616094109537537e-01,-2.178726867279875967e-01,-2.178726867279875967e-01,2.903112055939727765e-01
9.000000000000000000e+00,5.997835531739327308e+01,-9.066896527247451099e-01,-2.620742081811474056e-01,-2.620742081811474056e-01,3.440761213629459636e-01
9.050000000000000711e+00,6.029952169518262650e+01,-8.883468042877810111e-01,-2.271991958166851844e-01,-2.271991958166851844e-01,2.690271211351475955e-01
9.099999999999999645e+00,6.061972550423325856e+01,-8.724741282251640140e-01,-2.352656755498505337e-01,-2.352656755498505337e-01,2.384021108639664543e-01
9.150000000000000355e+00,6.093741265232993243e+01,-8.565662572892824844e-01,-2.014994599472848535e-01,-2.014994599472848535e-01,3.235798821208257237e-01
9.200000000000001066e+00,6.125345974461839660e+01,-8.429976000025942717e-01,-2.170637997724437773e-01,-2.170637997724437773e-01,2.029677045406756697e-01
9.250000000000000000e+00,6.157175175926261801e+01,-8.287524375676712518e-01,-2.512208052609565812e-01,-2.512208052609565812e-01,2.066292692577235135e-01
9.300000000000000711e+00,6.188906836965851710e+01,-8.128667220747963773e-01,-2.062909625031492111e-01,-2.062909625031492111e-01,2.574043463542770027e-01
9.349999999999999645e+00,6.221009175987032336e+01,-8.002290424803126800e-01,-2.427245373212302548e-01,-2.427245373212302548e-01,1.419301116979126698e-01
9.400000000000000355e+00,6.252955827686701440e+01,-7.854067286863158914e-01,-2.514953495841366626e-01,-2.514953495841366626e-01,1.900350386123619006e-01
9.450000000000001066e+00,6.285098945602301512e+01,-7.703373061404781286e-01,-2.065792141060854847e-01,-2.065792141060854847e-01,2.019239673832235182e-01
9.500000000000000000e+00,6.317554148439851502e+01,-7.585290193908218459e-01,-1.705284926752410057e-01,-1.705284926752410057e-01,8.674555928383952119e-02
9.550000000000000711e+00,6.349617732966316908e+01,-7.493596548956377168e-01,-1.390604255860645455e-01,-1.390604255860645455e-01,1.887860918003216593e-01
9.600000000000001421e+00,6.381718125021289723e+01,-7.426005244647410075e-01,-9.561450939993487719e-02,-9.561450939993487719e-02,1.605793321849199595e-01
9.650000000000000355e+00,6.413693032705862151e+01,-7.386765838305503484e-01,-5.327605970647424777e-02,-5.327605970647424777e-02,6.382298624829280120e-02
9.700000000000001066e+00,6.445508106369872792e+01,-7.375998304297012309e-01,-8.635911385582467625e-02,-8.635911385582467625e-02,2.141774858011636362e-01
9.750000000000000000e+00,6.477426591796287880e+01,-7.345202496011926652e-01,-7.698006033325645314e-02,-7.698006033325645314e-02,1.204123197644126342e-01
9.800000000000000711e+00,6.509222433932899321e+01,-7.320880388212527290e-01,-1.008424854000617987e-01,-1.008424854000617987e-01,7.804793396306847209e-02
9.850000000000001421e+00,6.540870020406185859e+01,-7.283122218608495402e-01,-1.675930000963437028e-01,-1.675930000963437028e-01,2.492490879220751188e-01
9.900000000000000355e+00,6.572548423552228769e+01,-7.203761889123574402e-01,-1.856571079004764868e-01,-1.856571079004764868e-01,7.281329478340489714e-02
9.950000000000001066e+00,6.603943272009000509e+01,-7.116060101093184542e-01,-1.707138709253671616e-01,-1.707138709253671616e-01,1.133698426427909578e-01
1.000000000000000000e+01,6.635465658610687001e+01,-7.039507010549823640e-01,-1.110001434145370114e-01,-1.110001434145370114e-01,2.021447771633004264e-01
1.005000000000000071e+01,6.667151311078060871e+01,-7.002721033889554025e-01,-5.702889178681918442e-02,-5.702889178681918442e-02,2.416244744542633133e-02
1.010000000000000142e+01,6.699405597680892299e+01,-7.002623842853239466e-01,-1.092716659859573926e-02,-1.092716659859573926e-02,1.518588527160755486e-01
1.015000000000000036e+01,6.731904739164124862e+01,-7.032668362389592476e-01,3.924380943924707377e-03,3.924380943924707377e-03,1.740966465064179569e-01
1.020000000000000107e+01,6.764707367023311235e+01,-7.072569725744871638e-01,4.286758477352831738e-04,4.286758477352831738e-04,1.324533570253272514e-02
1.025000000000000000e+01,6.797547107938929400e+01,-7.110168873262509015e-01,1.140150534151206617e-02,1.140150534151206617e-02,1.631580946573699398e-01
1.030000000000000071e+01,6.830673326448641092e+01,-7.155074718445819659e-01,4.280790733357810185e-02,4.280790733357810185e-02,1.689202392337450509e-01
1.035000000000000142e+01,6.863004368324064330e+01,-7.218500489628301153e-01,5.821085799270057232e-02,5.821085799270057232e-02,9.192542591492193493e-03
1.040000000000000036e+01,6.895383556581258233e+01,-7.291370699173664871e-01,1.211763848675263648e-02,1.211763848675263648e-02,1.771019521709865652e-01
1.045000000000000107e+01,6.927965695563928250e+01,-7.334575805910401591e-01,6.975725407849064919e-02,6.975725407849064919e-02,1.488336153297516451e-01
1.050000000000000000e+01,6.960505394022371206e+01,-7.414681359697379293e-01,2.065263311054555198e-02,2.065263311054555198e-02,2.218818867425279007e-02
1.055000000000000071e+01,6.993409180513462786e+01,-7.462730301524918008e-01,-7.194912223182539646e-02,-7.194912223182539646e-02,1.895161964757858808e-01
1.060000000000000142e+01,7.026227014954505989e+01,-7.451751593297142318e-01,-2.861255056386160026e-02,-2.861255056386160026e-02,1.386640945910801448e-01
1.065000000000000036e+01,7.058946671469644230e+01,-7.468688897548058092e-01,-7.905464544143726846e-02,-7.905464544143726846e-02,3.081332362204496078e-02
1.070000000000000107e+01,7.091620329622297447e+01,-7.454599831968417023e-01,-1.625700938056615918e-01,-1.625700938056615918e-01,2.004732667381559641e-01
1.075000000000000000e+01,7.124041280958412869e+01,-7.386904650402963401e-01,-2.087429885918898331e-01,-2.087429885918898331e-01,1.252812025206655744e-01
1.080000000000000071e+01,7.156223071542447656e+01,-7.293146667767390623e-01,-2.048977518621638294e-01,-2.048977518621638294e-01,5.998274958876934765e-02
1.085000000000000142e+01,7.188550380292804221e+01,-7.203658218913703282e-01,-1.451982224952024225e-01,-1.451982224952024225e-01,2.284425787700760935e-01
1.090000000000000036e+01,7.221164038715679112e+01,-7.154639286124968578e-01,-1.450151410319792944e-01,-1.450151410319792944e-01,1.146727000265507779e-01
1.095000000000000107e+01,7.254134680551049996e+01,-7.107829607655693493e-01,-1.804820342734802519e-01,-1.804820342734802519e-01,8.883769519019121819e-02
1.100000000000000000e+01,7.286954942080554076e+01,-7.041845892952155461e-01,-2.144424184544058698e-01,-2.144424184544058698e-01,2.436633553452216827e-01
1.105000000000000071e+01,7.320051255063543749e+01,-6.956647671837945524e-01,-2.553591592830080081e-01,-2.553591592830080081e-01,1.281093203594721730e-01
1.110000000000000142e+01,7.353670065235692732e+01,-6.844593476037094115e-01,-2.341303899282030365e-01,-2.341303899282030365e-01,1.160154532523083731e-01
1.115000000000000036e+01,7.387616353322030704e+01,-6.749446322809908860e-01,-2.629682981241400208e-01,-2.629682981241400208e-01,2.460709769767367439e-01
1.120000000000000107e+01,7.421574757714583370e+01,-6.642150827056571005e-01,-2.718419501702923902e-01,-2.718419501702923902e-01,1.731640984218046908e-01
1.125000000000000000e+01,7.455512209592853878e+01,-6.530186191250344496e-01,-3.037665026938070612e-01,-3.037665026938070612e-01,1.448471353477225332e-01
1.130000000000000071e+01,7.489546588807843364e+01,-6.399615408686698537e-01,-2.935276671087714284e-01,-2.935276671087714284e-01,2.490749291690439182e-01
1.135000000000000142e+01,7.523536960430232057e+01,-6.282767752300514319e-01,-2.478806059665737416e-01,-2.478806059665737416e-01,2.255815269125815981e-01
1.140000000000000036e+01,7.557290991762948806e+01,-6.194247333009648138e-01,-2.414349571402775452e-01,-2.414349571402775452e-01,1.847976230504575212e-01
1.145000000000000107e+01,7.591341460526612650e+01,-6.112497840016747341e-01,-1.834869311095623234e-01,-1.834869311095623234e-01,2.588648615583036272e-01
1.150000000000000000e+01,7.625583051412947100e+01,-6.069704849791764945e-01,-1.361065218488842488e-01,-1.361065218488842488e-01,2.678019796362313132e-01
1.155000000000000071e+01,7.659291107019228662e+01,-6.058741531899031196e-01,-1.769729636985054588e-01,-1.769729636985054588e-01,2.092254970946815784e-01
1.160000000000000142e+01,7.693288810802430078e+01,-6.022831597328969222e-01,-1.390240226959003067e-01,-1.390240226959003067e-01,2.587078375936718855e-01
1.165000000000000036e+01,7.727357156382939252e+01,-6.011727800015395085e-01,-1.268149179436128260e-01,-1.268149179436128260e-01,2.966402309845355689e-01
1.170000000000000107e+01,7.761372608939855411e+01,-6.011581848523501748e-01,-1.715440237455692976e-02,-1.715440237455692976e-02,2.282197748368554602e-01
1.175000000000000000e+01,7.795278823039426186e+01,-6.080608172875341388e-01,-6.623972264077232844e-03,-6.623972264077232844e-03,2.493379272129474522e-01
1.180000000000000071e+01,7.828940827401783054e+01,-6.156058355680701366e-01,-8.287366795220997562e-03,-8.287366795220997562e-03,3.100051860460567021e-01
1.185000000000000142e+01,7.862990640362420436e+01,-6.227983707688172776e-01,1.943770762188342521e-02,1.943770762188342521e-02,2.233199617997986275e-01
1.190000000000000036e+01,7.897393742772800351e+01,-6.310644524730923965e-01,1.996377422581552263e-01,1.996377422581552263e-01,2.262479566664347963e-01
1.195000000000000107e+01,7.931708146442703367e+01,-6.496380063221987022e-01,1.991105506417180926e-01,1.991105506417180926e-01,3.085616873540386607e-01
1.200000000000000000e+01,7.966124692962685572e+01,-6.665074630483912577e-01,2.475100498298243301e-01,2.475100498298243301e-01,2.087490637008810879e-01
1.205000000000000071e+01,8.000987277644073004e+01,-6.843324421872660768e-01,2.802013888590167423e-01,2.802013888590167423e-01,1.721911644297688948e-01
1.210000000000000142e+01,8.035848811914007683e+01,-7.035801125001355238e-01,3.365714014144549071e-01,3.365714014144549071e-01,2.434558870700139210e-01
1.215000000000000036e+01,8.070372515723434503e+01,-7.241555526775729223e-01,2.806014749961257548e-01,2.806014749961257548e-01,2.047248651944676701e-01
1.220000000000000107e+01,8.104782247425954722e+01,-7.404517730292757838e-01,3.458637464211301582e-01,3.458637464211301582e-01,1.216276470237242502e-01
1.225000000000000000e+01,8.139171214079709671e+01,-7.581333352472304776e-01,3.729476951750023139e-01,3.729476951750023139e-01,1.845491720895659493e-01
1.230000000000000071e+01,8.173576633442344530e+01,-7.744276623902225376e-01,3.228182370567141968e-01,3.228182370567141968e-01,2.162252967814976834e-01
1.235000000000000142e+01,8.207781337059813609e+01,-7.868100739991523707e-01,3.236262943859582464e-01,3.236262943859582464e-01,9.504179134259048423e-02
1.240000000000000036e+01,8.241465803408829061e+01,-7.988667083308790273e-01,4.214513198915553205e-01,4.214513198915553205e-01,1.425250204714182123e-01
1.245000000000000107e+01,8.275312163382164954e+01,-8.135397182328441001e-01,4.117278986990574596e-01,4.117278986990574596e-01,2.290627406122985876e-01
1.250000000000000000e+01,8.309238038568351215e+01,-8.237468855991819661e-01,5.292695218386106459e-01,5.292695218386106459e-01,8.638831012037924417e-02
1.255000000000000071e+01,8.343266893573637333e+01,-8.373796044967981578e-01,4.741378033215590815e-01,4.741378033215590815e-01,1.064337150945316723e-01
1.260000000000000142e+01,8.377083960047826849e+01,-8.465508616295465139e-01,5.241419873312738176e-01,5.241419873312738176e-01,2.483454586135274145e-01
1.265000000000000036e+01,8.410963170035743985e+01,-8.545336662795897098e-01,5.480830814952600827e-01,5.480830814952600827e-01,9.559597051212631591e-02
1.270000000000000107e+01,8.444941311091201896e+01,-8.593245227800315744e-01,5.548460340183503092e-01,5.548460340183503092e-01,7.995846545454889098e-02
1.275000000000000000e+01,8.478711988237927244e+01,-8.635608510859537068e-01,6.324010834772050282e-01,6.324010834772050282e-01,2.317027085588784785e-01
1.280000000000000071e+01,8.512502412985361389e+01,-8.678517338028171046e-01,6.331842587717824156e-01,6.331842587717824156e-01,1.157001658533869382e-01
1.285000000000000142e+01,8.546238328505725690e+01,-8.672208471863871448e-01,5.436939602674683014e-01,5.436939602674683014e-01,6.493582373942097252e-02
1.290000000000000036e+01,8.579698186455358666e+01,-8.599706233000438127e-01,6.941728377992187893e-01,6.941728377992187893e-01,2.180290823907740649e-01
1.295000000000000107e+01,8.613638969702935810e+01,-8.557880369308961122e-01,7.410588007757619167e-01,7.410588007757619167e-01,1.413405740830298851e-01
1.300000000000000000e+01,8.647519066879422667e+01,-8.490992194680196947e-01,8.253396430235931946e-01,8.253396430235931946e-01,7.680945963249391495e-02
1.305000000000000071e+01,8.681173479739727838e+01,-8.427048871187259316e-01,7.949383330725944274e-01,7.949383330725944274e-01,2.063367855808769802e-01
1.310000000000000142e+01,8.714741740426970296e+01,-8.325572329943952132e-01,7.784302210633552432e-01,7.784302210633552432e-01,1.735911704612922435e-01
1.315000000000000036e+01,8.748150544578200538e+01,-8.157197464587025992e-01,8.502509812821099633e-01,8.502509812821099633e-01,1.160561140972636851e-01
1.320000000000000107e+01,8.781612416919516306e+01,-7.973036038714836904e-01,9.090893651705229672e-01,9.090893651705229672e-01,2.251922422224899856e-01
1.325000000000000000e+01,8.815432388634370398e+01,-7.752995670306062070e-01,9.861941796030739837e-01,9.861941796030739837e-01,2.273280077507485730e-01
1.330000000000000071e+01,8.849318387986029677e+01,-7.521776918611351448e-01,1.041970142173738845e+00,1.041970142173738845e+00,1.891355532911195569e-01
1.335000000000000142e+01,8.883650339944573204e+01,-7.247959470514402369e-01,1.150660763933194497e+00,1.150660763933194497e+00,2.676285291244214770e-01
1.340000000000000036e+01,8.917886018127070713e+01,-6.994030442005072512e-01,1.248272576295891723e+00,1.248272576295891723e+00,3.133164602431651735e-01
1.345000000000000107e+01,8.952175795160398764e+01,-6.746737562998312843e-01,1.227345458604109263e+00,1.227345458604109263e+00,2.799185937171768668e-01
1.350000000000000000e+01,8.985961200763915713e+01,-6.481345985748581118e-01,1.221733220096368866e+00,1.221733220096368866e+00,3.312944359463975696e-01
1.355000000000000071e+01,9.019772883165046551e+01,-6.155220866447514982e-01,1.231157700006593636e+00,1.231157700006593636e+00,4.055950525804699058e-01
1.360000000000000142e+01,9.053606728415876148e+01,-5.780415033026808924e-01,1.205173674757676672e+00,1.205173674757676672e+00,3.891275176575927919e-01
1.365000000000000036e+01,9.087058301798010973e+01,-5.378317975973241349e-01,1.204322307320477847e+00,1.204322307320477847e+00,4.416423104173605174e-01
1.370000000000000107e+01,9.120485273026817197e+01,-4.924920999381275366e-01,1.176850478983329396e+00,1.176850478983329396e+00,5.292593372001552776e-01
1.375000000000000000e+01,9.153881530513199039e+01,-4.421563283380190446e-01,1.176829945242455322e+00,1.176829945242455322e+00,5.355042230011075599e-01
1.380000000000000071e+01,9.187078883842056598e+01,-3.880054589062059689e-01,1.255592101113423897e+00,1.255592101113423897e+00,5.976815365855222550e-01
1.385000000000000142e+01,9.220318969656671015e+01,-3.342941145346066678e-01,1.272546147022066476e+00,1.272546147022066476e+00,6.867466430800779342e-01
1.390000000000000036e+01,9.253533138416662496e+01,-2.784791198101139731e-01,1.205113819516814955e+00,1.205113819516814955e+00,7.089846291747561313e-01
1.395000000000000107e+01,9.286165269719334958e+01,-2.171185344455507371e-01,1.224677064683753702e+00,1.224677064683753702e+00,7.776412689877664208e-01
1.400000000000000000e+01,9.318625825905238003e+01,-1.550334187140980924e-01,1.223120539061355760e+00,1.223120539061355760e+00,8.646454564548755606e-01
1.405000000000000071e+01,9.350907905035846568e+01,-8.956333093552552860e-02,1.281623277324090537e+00,1.281623277324090537e+00,9.062512681272166803e-01
1.410000000000000142e+01,9.383508672770564374e+01,-2.151204224713924862e-02,1.255577983180876211e+00,1.255577983180876211e+00,9.846479449672947970e-01
1.415000000000000036e+01,9.416145191656983116e+01,5.323375231088484094e-02,1.240471580427953580e+00,1.240471580427953580e+00,1.073637334722534087e+00
1.420000000000000107e+01,9.448828454847661362e+01,1.338381062742298455e-01,1.197819307999876681e+00,1.197819307999876681e+00,1.139297035530555169e+00
1.425000000000000000e+01,9.481285479593259424e+01,2.194833922097958467e-01,1.164133156015030313e+00,1.164133156015030313e+00,1.236326289587099669e+00
1.430000000000000071e+01,9.513625349366692774e+01,3.109341777724241029e-01,1.158204650102143685e+00,1.158204650102143685e+00,1.334982098744521339e+00
1.435000000000000142e+01,9.545594742945068845e+01,4.032143556103009452e-01,1.204848263937987385e+00,1.204848263937987385e+00,1.407945339268747098e+00
1.440000000000000036e+01,9.577796164110419852e+01,4.978613042206783135e-01,1.192180718605654333e+00,1.192180718605654333e+00,1.489646772830229171e+00
1.445000000000000107e+01,9.609791246584975966e+01,5.955964771953095038e-01,1.123953142995092414e+00,1.123953142995092414e+00,1.576759945218055847e+00
1.450000000000000000e+01,9.641490135873065981e+01,6.997286993788017773e-01,1.090635145182555776e+00,1.090635145182555776e+00,1.631379936626276450e+00
1.455000000000000071e+01,9.672744105556569139e+01,8.062497613549844955e-01,1.100276651161819386e+00,1.100276651161819386e+00,1.690241234727742681e+00
1.460000000000000142e+01,9.703977969464311570e+01,9.152365447255521591e-01,1.101414370324872216e+00,1.101414370324872216e+00,1.752123597953083145e+00
1.465000000000000036e+01,9.734884045638122529e+01,1.024626548593218889e+00,1.144896604048781352e+00,1.144896604048781352e+00,1.801785126551849414e+00
1.470000000000000107e+01,9.765787886690412734e+01,1.133978306689441329e+00,1.208685431376910202e+00,1.208685431376910202e+00,1.828824528835278684e+00
1.475000000000000000e+01,9.796744000721034240e+01,1.241995395389482448e+00,1.181685447533412203e+00,1.181685447533412203e+00,1.853541157143582252e+00
1.480000000000000071e+01,9.827428157548685306e+01,1.352865197592676871e+00,1.118805341112682150e+00,1.118805341112682150e+00,1.880195171933741083e+00
1.485000000000000142e+01,9.857653571665817083e+01,1.468213441372282491e+00,1.147489234744888176e+00,1.147489234744888176e+00,1.892262445720911179e+00
1.490000000000000036e+01,9.887748449888918856e+01,1.583515088858801212e+00,1.144581267547960968e+00,1.144581267547960968e+00,1.890149571121386485e+00
1.495000000000000107e+01,9.917312156300083359e+01,1.697375514228301130e+00,1.169264008934986609e+00,1.169264008934986609e+00,1.888070863573702241e+00
1.500000000000000000e+01,9.946762219052386911e+01,1.810900924288038949e+00,1.128064359310180675e+00,1.128064359310180675e+00,1.885136666922971438e+00
1.505000000000000071e+01,9.975719748696067768e+01,1.926566176608611514e+00,1.179624470643028777e+00,1.179624470643028777e+00,1.856441862164312839e+00
1.510000000000000142e+01,1.000515175566625032e+02,2.045699345602575381e+00,1.181710431035957409e+00,1.181710431035957409e+00,1.825879796320472481e+00
1.515000000000000036e+01,1.003464703699932699e+02,2.168114327065349123e+00,1.229282881927676208e+00,1.229282881927676208e+00,1.797054170374994264e+00
1.520000000000000107e+01,1.006420543904004603e+02,2.289671715049271139e+00,1.203681048915403951e+00,1.203681048915403951e+00,1.759720837476697497e+00
1.525000000000000000e+01,1.009349876106597321e+02,2.414668336225207046e+00,1.186546911823562755e+00,1.186546911823562755e+00,1.699980964482618040e+00
1.530000000000000071e+01,1.012263394791734186e+02,2.541887448814550865e+00,1.166526144240531915e+00,1.166526144240531915e+00,1.643664122267664007e+00
1.535000000000000142e+01,1.015143608627908804e+02,2.671141894203566292e+00,1.184489192092622378e+00,1.184489192092622378e+00,1.594099291466238633e+00
1.540000000000000036e+01,1.017987556219269010e+02,2.796677509334423828e+00,1.124174549899807252e+00,1.124174549899807252e+00,1.516095112012545210e+00
1.545000000000000107e+01,1.020783988816653363e+02,2.926224008751983963e+00,1.099314443766378213e+00,1.099314443766378213e+00,1.438721326658184418e+00
1.550000000000000000e+01,1.023606017690467240e+02,3.063276417685848241e+00,1.050380369663489910e+00,1.050380369663489910e+00,1.374369430350784738e+00
1.555000000000000071e+01,1.026414382133898471e+02,3.205301283783874577e+00,1.094546293782792779e+00,1.094546293782792779e+00,1.288326107230578721e+00
1.560000000000000142e+01,1.029230545827730623e+02,3.348012992291030887e+00,1.007172192681596856e+00,1.007172192681596856e+00,1.192898403979419042e+00
1.565000000000000036e+01,1.031985011688935145e+02,3.493311922110679646e+00,9.482098193423957877e-01,9.482098193423957877e-01,1.127768929763129702e+00
1.570000000000000107e+01,1.034676575332037913e+02,3.640204509661981724e+00,1.001094502179810775e+00,1.001094502179810775e+00,1.026338517559141517e+00
1.575000000000000000e+01,1.037368712566776310e+02,3.785707567700102416e+00,9.391017921120700107e-01,9.391017921120700107e-01,9.501027882343801023e-01
1.580000000000000071e+01,1.040045962078465891e+02,3.936865394866927659e+00,9.086973702346536896e-01,9.086973702346536896e-01,8.794462400121302315e-01
1.585000000000000142e+01,1.042717149493486914e+02,4.091679286691633166e+00,8.639135478084292163e-01,8.639135478084292163e-01,7.895245506334321872e-01
1.590000000000000036e+01,1.045396778690069652e+02,4.253281230004046343e+00,8.081415043598934034e-01,8.081415043598934034e-01,7.526769729327482672e-01
1.595000000000000107e+01,1.048064796300217552e+02,4.420220003931603081e+00,8.128994252236989571e-01,8.128994252236989571e-01,6.583960657543617145e-01
1.600000000000000000e+01,1.050715757400292318e+02,4.587676556270191774e+00,8.133219894999645927e-01,8.133219894999645927e-01,5.985162062002432615e-01
1.605000000000000071e+01,1.053359962102590117e+02,4.755442437594540550e+00,8.039285579795260039e-01,8.039285579795260039e-01,5.623505406646107652e-01
1.610000000000000142e+01,1.055973959474866888e+02,4.923472907390867626e+00,7.168085560594229522e-01,7.168085560594229522e-01,4.645335217216495227e-01
1.615000000000000213e+01,1.058512390780615107e+02,5.093624026005145744e+00,6.523445215274813469e-01,6.523445215274813469e-01,4.519194018344500630e-01
1.619999999999999929e+01,1.061003574999497232e+02,5.265256966710216702e+00,7.071648153901862743e-01,7.071648153901862743e-01,3.762461735919621630e-01
1.625000000000000000e+01,1.063520268821821873e+02,5.437196449724642555e+00,6.269196435245993904e-01,6.269196435245993904e-01,3.211464177077570370e-01
1.630000000000000071e+01,1.066009485807834238e+02,5.614402646620316517e+00,5.941101418235283926e-01,5.941101418235283926e-01,3.387156135059045670e-01
1.635000000000000142e+01,1.068500629217767965e+02,5.795743068682217114e+00,5.394013538170429056e-01,5.394013538170429056e-01,2.209230575088438064e-01
1.640000000000000213e+01,1.070970066345433054e+02,5.980517902525588347e+00,5.287399697248248431e-01,5.287399697248248431e-01,2.486178663668928146e-01
1.644999999999999929e+01,1.073409619967120960e+02,6.164857331452187950e+00,5.425754831863344174e-01,5.425754831863344174e-01,1.957576307873323818e-01
1.650000000000000000e+01,1.075853921446175008e+02,6.348920060665529164e+00,4.814849051107564781e-01,4.814849051107564781e-01,1.222141246225960654e-01
1.655000000000000071e+01,1.078307666538315743e+02,6.540599653269603131e+00,4.424531987890314433e-01,4.424531987890314433e-01,2.591194229658683734e-01
1.660000000000000142e+01,1.080706043715042597e+02,6.731434890683222427e+00,4.625635859518447135e-01,4.625635859518447135e-01,7.084265485867578815e-02
1.665000000000000213e+01,1.083124397214665322e+02,6.922993207551172645e+00,5.237851266871463851e-01,5.237851266871463851e-01,1.350901408740645404e-01
1.669999999999999929e+01,1.085563851790349617e+02,7.112938142874801528e+00,5.194497446373341765e-01,5.194497446373341765e-01,1.741057626923109836e-01
1.675000000000000000e+01,1.088002191817042927e+02,7.303553841234850630e+00,4.959217793935488672e-01,4.959217793935488672e-01,5.578697623090341645e-02
1.680000000000000071e+01,1.090434352330382808e+02,7.496101021761047534e+00,4.826303231106598424e-01,4.826303231106598424e-01,2.223106997750348979e-01
1.685000000000000142e+01,1.092824361042086423e+02,7.686819923762040929e+00,5.006581439360370256e-01,5.006581439360370256e-01,1.500688548537034150e-01
1.690000000000000213e+01,1.095242144026652369e+02,7.879339656119853430e+00,5.030830883865066161e-01,5.030830883865066161e-01,1.697591601765073566e-01
1.694999999999999929e+01,1.097653107293035788e+02,8.072741199865829387e+00,5.261440676088735557e-01,5.261440676088735557e-01,2.762144056635470468e-01
1.700000000000000000e+01,1.100063896237539751e+02,8.264063252907204671e+00,4.557032919590587317e-01,4.557032919590587317e-01,2.035280060152307169e-01
1.705000000000000071e+01,1.102438426320364755e+02,8.459854387964131917e+00,4.173910556666286520e-01,4.173910556666286520e-01,2.806706861418903354e-01
1.710000000000000142e+01,1.104807639207090233e+02,8.658849471461813607e+00,3.410402623209161654e-01,3.410402623209161654e-01,2.864412851521468961e-01
1.715000000000000213e+01,1.107151681416621614e+02,8.862389082965718146e+00,3.204668488185367092e-01,3.204668488185367092e-01,2.688331403826000887e-01
1.719999999999999929e+01,1.109496380303815073e+02,9.068013628719297614e+00,3.554108641434097215e-01,3.554108641434097215e-01,3.632299762483405803e-01
1.725000000000000000e+01,1.111847477011000507e+02,9.272274884654256866e+00,3.218127037721016381e-01,3.218127037721016381e-01,3.078086833714461235e-01
1.730000000000000071e+01,1.114141057457752453e+02,9.474428529228884344e+00,3.075943376522644046e-01,3.075943376522644046e-01,3.310219739875622791e-01
1.735000000000000142e+01,1.116470641664782590e+02,9.680768377727378748e+00,3.013989268840399083e-01,3.013989268840399083e-01,3.812205542987878726e-01
1.740000000000000213e+01,1.118783665303460850e+02,9.886978643442230208e+00,3.226904689207990007e-01,3.226904689207990007e-01,3.381532767411052909e-01
1.744999999999999929e+01,1.121117180954837380e+02,1.009339211359828781e+01,2.433183565561540251e-01,2.433183565561540251e-01,3.933021561866433813e-01
1.750000000000000000e+01,1.123409132597337532e+02,1.030379714312498685e+01,3.126543550305040386e-01,3.126543550305040386e-01,3.848714651041661439e-01
1.755000000000000071e+01,1.125707356208190646e+02,1.050809510525658652e+01,2.969340743800664706e-01,2.969340743800664706e-01,3.772921431926161140e-01
1.760000000000000142e+01,1.127990862691993925e+02,1.071339401458042673e+01,2.927704413081272383e-01,2.927704413081272383e-01,4.563174351955092134e-01
1.765000000000000213e+01,1.130280929429917904e+02,1.091969734120294433e+01,2.737283409259915201e-01,2.737283409259915201e-01,4.005659242450869684e-01
1.769999999999999929e+01,1.132547927823604539e+02,1.112627655866899090e+01,2.754948821585969654e-01,2.754948821585969654e-01,4.248374992121420890e-01
1.775000000000000000e+01,1.134816859981738020e+02,1.133271401092708786e+01,2.147416088963985115e-01,2.147416088963985115e-01,4.510407321296167615e-01
1.780000000000000071e+01,1.137070092343938512e+02,1.154303349313915739e+01,1.917056342388081258e-01,1.917056342388081258e-01,4.201741176304500947e-01
1.785000000000000142e+01,1.139292783769218573e+02,1.175292720719541784e+01,1.013205491414361364e-01,1.013205491414361364e-01,4.700334427367288126e-01
1.790000000000000213e+01,1.141456746955277879e+02,1.196473653558031103e+01,1.061339730842914414e-01,1.061339730842914414e-01,4.337188060547964019e-01
1.794999999999999929e+01,1.143638907484153862e+02,1.217841943847195552e+01,1.100535032684568787e-01,1.100535032684568787e-01,4.304777202450671414e-01
1.800000000000000000e+01,1.145841864143916951e+02,1.239363734804056705e+01,9.618696573876896194e-02,9.618696573876896194e-02,4.710814678567883940e-01
1.805000000000000071e+01,1.148050483819259284e+02,1.261043605587128624e+01,4.429809209340272724e-02,4.429809209340272724e-02,4.177249820975404426e-01
1.810000000000000142e+01,1.150248853556753232e+02,1.283066832662707135e+01,7.267964905392329533e-02,7.267964905392329533e-02,4.412407515399095481e-01
1.815000000000000213e+01,1.152435350937382452e+02,1.304723677692324202e+01,3.627062679284756563e-02,3.627062679284756563e-02,4.341715414244306515e-01
1.819999999999999929e+01,1.154642134858402613e+02,1.326894190327522693e+01,3.047462031593895816e-03,3.047462031593895816e-03,4.038225922187382300e-01
1.825000000000000000e+01,1.156821347384811816e+02,1.349052872793274105e+01,-9.128560980209450906e-03,-9.128560980209450906e-03,4.533184624214271485e-01
1.830000000000000071e+01,1.158980939356005138e+02,1.371122821934885749e+01,2.668813210761024693e-02,2.668813210761024693e-02,3.955302180880445051e-01
1.835000000000000142e+01,1.161140871121043432e+02,1.392873713400370939e+01,5.502737038596586944e-02,5.502737038596586944e-02,3.945561775999341103e-01
1.840000000000000213e+01,1.163292742230312626e+02,1.414247838578796035e+01,7.214323616966969444e-02,7.214323616966969444e-02,4.249837211930632130e-01
1.844999999999999929e+01,1.165428990041998958e+02,1.435322693131747940e+01,9.017269204537167737e-02,9.017269204537167737e-02,3.734103566908101857e-01
1.850000000000000000e+01,1.167536748522078227e+02,1.455959750579372702e+01,1.065803567163279286e-01,1.065803567163279286e-01,4.233218941536174840e-01
1.855000000000000071e+01,1.169676649983062049e+02,1.476754936124598672e+01,6.611591215015646950e-02,6.611591215015646950e-02,3.833498210046414334e-01
1.860000000000000142e+01,1.171765081068010943e+02,1.497414278181625313e+01,5.981778149916109483e-02,5.981778149916109483e-02,3.835030148021481566e-01
1.865000000000000213e+01,1.173835658276691731e+02,1.517913892007100607e+01,-5.744594750284747961e-03,-5.744594750284747961e-03,4.082297922660596545e-01
1.869999999999999929e+01,1.175868019376080866e+02,1.538638243845805853e+01,-3.602555815703915171e-02,-3.602555815703915171e-02,3.579864133784253499e-01
1.875000000000000000e+01,1.177890671524284016e+02,1.559507233524162118e+01,-6.506527334286126008e-02,-6.506527334286126008e-02,4.177043179514554061e-01
1.880000000000000071e+01,1.179928490521379700e+02,1.580757610993786422e+01,-1.729113612101659259e-01,-1.729113612101659259e-01,3.428313324314824495e-01
1.885000000000000142e+01,1.181919592584441432e+02,1.602479134111190362e+01,-1.557841320158451226e-01,-1.557841320158451226e-01,3.488863910569515170e-01
1.890000000000000213e+01,1.183946874043530784e+02,1.624353037784085174e+01,-9.387931533800400463e-02,-9.387931533800400463e-02,3.416752317276907647e-01
1.894999999999999929e+01,1.186040032318187656e+02,1.646276418709729228e+01,-4.846664766102522226e-02,-4.846664766102522226e-02,2.936935363346218075e-01
1.900000000000000000e+01,1.188157202108973536e+02,1.667996994902969377e+01,-2.083892463464075834e-02,-2.083892463464075834e-02,3.653629325930094485e-01
1.905000000000000071e+01,1.190306471228119136e+02,1.689756853699186223e+01,-9.660448731974513592e-02,-9.660448731974513592e-02,2.854481074438844357e-01
1.910000000000000142e+01,1.192445411298137827e+02,1.712072918303777058e+01,-1.061243993941312358e-01,-1.061243993941312358e-01,2.878899207209563715e-01
1.915000000000000213e+01,1.194578206513222511e+02,1.734379123781398135e+01,-8.861071929986585882e-02,-8.861071929986585882e-02,3.180365170799826502e-01
1.920000000000000284e+01,1.196707969646940057e+02,1.756471312088594416e+01,-9.448554808574032016e-02,-9.448554808574032016e-02,2.415974317076712841e-01
1.925000000000000000e+01,1.198854161734637387e+02,1.778746938096081109e+01,-1.307393167646826379e-02,-1.307393167646826379e-02,2.961550586220027537e-01
1.930000000000000071e+01,1.201012043278263235e+02,1.800381531116293843e+01,2.710508321563153203e-02,2.710508321563153203e-02,2.553806138475316345e-01
1.935000000000000142e+01,1.203198658737266697e+02,1.821915859897229595e+01,-2.364628765299509050e-02,-2.364628765299509050e-02,2.337860522845742195e-01
1.940000000000000213e+01,1.205354465008957874e+02,1.843605853623461144e+01,2.339302144821053114e-02,2.339302144821053114e-02,3.198208233035879644e-01
1.945000000000000284e+01,1.207526886125518217e+02,1.865013863899156021e+01,1.364745452370279555e-01,1.364745452370279555e-01,2.183726804014683442e-01
1.950000000000000000e+01,1.209766185360891200e+02,1.886100118224947764e+01,1.156846584184587218e-01,1.156846584184587218e-01,2.636697534917760155e-01
1.955000000000000071e+01,1.211959633758065564e+02,1.906886719029725796e+01,1.678247803713134034e-01,1.678247803713134034e-01,2.702353396008274067e-01
1.960000000000000142e+01,1.214190926432452784e+02,1.927639069955818485e+01,1.545783598336496201e-01,1.545783598336496201e-01,2.309847502135891906e-01
1.965000000000000213e+01,1.216411642060301688e+02,1.948391502661674934e+01,1.591195739502879458e-01,1.591195739502879458e-01,3.289491664635250112e-01
1.970000000000000284e+01,1.218615550993394692e+02,1.968980366661681458e+01,1.142006948408996747e-01,1.142006948408996747e-01,2.484063818611443875e-01
1.975000000000000000e+01,1.220801300469871080e+02,1.989780621634877633e+01,1.693911157222676156e-01,1.693911157222676156e-01,2.721964431262421380e-01
1.980000000000000071e+01,1.223012995080772782e+02,2.010323691574135907e+01,1.559142843576732385e-01,1.559142843576732385e-01,3.031927430339406149e-01
1.985000000000000142e+01,1.225229357011789091e+02,2.031103205083702790e+01,1.309838291856539882e-01,1.309838291856539882e-01,2.528362454776478252e-01
1.990000000000000213e+01,1.227415097748228732e+02,2.051776121472319758e+01,1.366129195853542366e-01,1.366129195853542366e-01,3.341552926683311608e-01
1.995000000000000284e+01,1.229571580567407381e+02,2.072135164568300780e+01,1.612375523286930512e-01,1.612375523286930512e-01,2.718410018690308183e-01
2.000000000000000000e+01,1.231729216872401622e+02,2.092331388431970396e+01,1.738996239903869145e-01,1.738996239903869145e-01,2.905987748563609863e-01
2.005000000000000071e+01,1.233901852287459491e+02,2.112555106821257311e+01,1.868144161970771988e-01,1.868144161970771988e-01,3.224523285508144599e-01
2.010000000000000142e+01,1.236083346985395792e+02,2.132737765709615374e+01,1.702853314196559609e-01,1.702853314196559609e-01,2.779479694108620280e-01
2.015000000000000213e+01,1.238245619989646258e+02,2.152934775030876224e+01,1.813480061325846160e-01,1.813480061325846160e-01,3.616151210188405241e-01
2.020000000000000284e+01,1.240405439410685489e+02,2.172983770994614972e+01,1.731121949373220226e-01,1.731121949373220226e-01,2.963452572223077008e-01
2.025000000000000000e+01,1.242574122634196954e+02,2.193272432886393020e+01,1.193414604494157372e-01,1.193414604494157372e-01,3.218064578703297984e-01
2.030000000000000071e+01,1.244744355381569108e+02,2.214055462767608873e+01,7.630999310399846913e-02,7.630999310399846913e-02,3.396460246234794811e-01
2.035000000000000142e+01,1.246895248555196360e+02,2.235010897247713402e+01,4.929993748641264134e-02,4.929993748641264134e-02,2.954933544140469492e-01
2.040000000000000213e+01,1.249033136259964323e+02,2.256059558991126224e+01,-1.160323873162852175e-02,-1.160323873162852175e-02,3.692350926276228296e-01
2.045000000000000284e+01,1.251147243961141839e+02,2.277431992415341000e+01,-4.842045292108306670e-02,-4.842045292108306670e-02,2.944590851498621875e-01
2.050000000000000000e+01,1.253264908059309164e+02,2.299142259554942314e+01,-7.549335917513441685e-02,-7.549335917513441685e-02,3.014462523985392828e-01
2.055000000000000071e+01,1.255348331034436740e+02,2.320736451659429278e+01,-8.992300927823407286e-02,-8.992300927823407286e-02,3.209224457130667174e-01
2.060000000000000142e+01,1.257408251530834491e+02,2.342201931837400508e+01,-1.103063341194648606e-01,-1.103063341194648606e-01,2.559866572084131819e-01
2.065000000000000213e+01,1.259450667815506080e+02,2.363645701859517700e+01,-1.120204639542363989e-01,-1.120204639542363989e-01,3.296082966628037791e-01
2.070000000000000284e+01,1.261494119270653584e+02,2.385085742232434214e+01,-1.368919428844752040e-01,-1.368919428844752040e-01,2.425749278926908614e-01
2.075000000000000000e+01,1.263524711916203955e+02,2.406579811161332572e+01,-8.515055971952321945e-02,-8.515055971952321945e-02,2.532217640567195893e-01
2.080000000000000071e+01,1.265580935129603546e+02,2.427835405976280114e+01,-8.330233927758856627e-02,-8.330233927758856627e-02,2.668450693180324240e-01
2.085000000000000142e+01,1.267639511551726628e+02,2.449073247986106594e+01,-6.848315622435376115e-02,-6.848315622435376115e-02,2.019936828107313787e-01
2.090000000000000213e+01,1.269712954388470934e+02,2.470295182772407117e+01,-3.941901908921887493e-02,-3.941901908921887493e-02,3.035379726564739755e-01
2.095000000000000284e+01,1.271788350937510188e+02,2.491254974031220115e+01,-1.057997318634417219e-02,-1.057997318634417219e-02,1.935196769582708809e-01
2.100000000000000000e+01,1.273866635818705788e+02,2.511973856524352655e+01,7.141176662538135413e-03,7.141176662538135413e-03,2.314988159411247581e-01
2.105000000000000071e+01,1.275960753175079674e+02,2.532672239756075783e+01,3.630917308369069341e-02,3.630917308369069341e-02,2.313692295796576370e-01
2.110000000000000142e+01,1.278057762728342084e+02,2.553142587657718465e+01,3.851938019709433281e-02,3.851938019709433281e-02,1.843855208648552957e-01
2.115000000000000213e+01,1.280177656619127617e+02,2.573808794841820458e+01,-3.524012712566797646e-03,-3.524012712566797646e-03,2.972826264891411663e-01
2.120000000000000284e+01,1.282321533494322807e+02,2.595077451892055720e+01,-4.250243500514543082e-02,-4.250243500514543082e-02,1.768613767113407509e-01
2.125000000000000000e+01,1.284464885903598486e+02,2.616671232883289022e+01,-5.896594712378738778e-02,-5.896594712378738778e-02,2.220151540021732262e-01
2.130000000000000071e+01,1.286605933823396128e+02,2.638371506549340850e+01,-5.711291526126927032e-02,-5.711291526126927032e-02,2.222062892073736473e-01
2.135000000000000142e+01,1.288757815851544706e+02,2.660141804175843916e+01,-2.948481660597739376e-02,-2.948481660597739376e-02,1.553386950453942705e-01
2.140000000000000213e+01,1.290928307016322947e+02,2.681829813528157658e+01,-4.483728783480118996e-02,-4.483728783480118996e-02,2.693791509080516455e-01
2.145000000000000284e+01,1.293100857972211770e+02,2.703658849162100708e+01,3.035306502718137719e-02,3.035306502718137719e-02,1.627368849378126592e-01
2.150000000000000000e+01,1.295320767163736377e+02,2.725261765189793550e+01,-7.115822858176024980e-03,-7.115822858176024980e-03,1.755139005004171804e-01
2.155000000000000071e+01,1.297493119017498202e+02,2.746737317624702612e+01,-1.052630137068354121e-02,-1.052630137068354121e-02,2.417612752491069827e-01
2.160000000000000142e+01,1.299668621735708882e+02,2.768261866177646269e+01,-4.345352301910045123e-02,-4.345352301910045123e-02,1.335622960681068783e-01
2.165000000000000213e+01,1.301847279287755157e+02,2.790102342987318096e+01,-1.406712852359709616e-02,-1.406712852359709616e-02,2.218886151254213790e-01
2.170000000000000284e+01,1.304052585911402105e+02,2.811928226264138075e+01,-1.811980129813059101e-02,-1.811980129813059101e-02,1.792695528696377771e-01
2.175000000000000000e+01,1.306245920619035985e+02,2.833661140224774400e+01,-2.184389219463660214e-02,-2.184389219463660214e-02,1.349322096990853703e-01
2.180000000000000071e+01,1.308430401381497745e+02,2.855333975329802954e+01,-5.400825185582023430e-02,-5.400825185582023430e-02,2.741201876197585374e-01
2.185000000000000142e+01,1.310573872757602487e+02,2.876884831655808128e+01,-6.150738430095430143e-02,-6.150738430095430143e-02,1.238541150974543786e-01
2.190000000000000213e+01,1.312707295844749353e+02,2.898386234873672507e+01,-8.887635232841917254e-02,-8.887635232841917254e-02,1.756676900232339578e-01
2.195000000000000284e+01,1.314835417935227611e+02,2.920066038431519218e+01,-9.219480159495085925e-02,-9.219480159495085925e-02,1.900320342525131101e-01
2.200000000000000000e+01,1.316951126478506353e+02,2.941626508764122505e+01,-6.871038557004256753e-02,-6.871038557004256753e-02,9.550845390084647391e-02
2.205000000000000071e+01,1.319083198903732637e+02,2.963121412619128137e+01,-8.152930990951111345e-02,-8.152930990951111345e-02,2.423232909899543930e-01
2.210000000000000142e+01,1.321222913289584540e+02,2.984790741340238185e+01,-7.747239759096932743e-02,-7.747239759096932743e-02,1.087650137059422428e-01
2.215000000000000213e+01,1.323375748104920717e+02,3.006520807757319602e+01,-1.023989122258631562e-01,-1.023989122258631562e-01,1.346143533152705241e-01
2.220000000000000284e+01,1.325525250825096748e+02,3.028424902150211651e+01,-8.032095676892010705e-02,-8.032095676892010705e-02,2.019744090750647536e-01
2.225000000000000000e+01,1.327681468318767486e+02,3.050185472257107833e+01,-4.759307881495686288e-02,-4.759307881495686288e-02,5.615940270186450811e-02
2.230000000000000071e+01,1.329835733672876188e+02,3.071614398439216487e+01,-1.754145889519187831e-02,-1.754145889519187831e-02,1.999085237072709409e-01
2.235000000000000142e+01,1.331966506682319391e+02,3.092539166744934676e+01,-7.556424052383910184e-02,-7.556424052383910184e-02,1.168051006470251507e-01
2.240000000000000213e+01,1.334081340039643067e+02,3.113819350251305096e+01,-1.130043801247269525e-01,-1.130043801247269525e-01,1.020309517758971329e-01
2.245000000000000284e+01,1.336183735519671245e+02,3.135305554144434481e+01,-9.259424762932491615e-02,-9.259424762932491615e-02,2.115629155446552834e-01
2.250000000000000000e+01,1.338288666827815518e+02,3.156599729844671742e+01,-6.969479624678291685e-02,-6.969479624678291685e-02,3.109263999230140949e-02
2.255000000000000071e+01,1.340431775930889557e+02,3.178043251913768685e+01,-1.523230967708159300e-01,-1.523230967708159300e-01,1.858154279769504702e-01
2.260000000000000142e+01,1.342530744032245309e+02,3.199756364718561485e+01,-1.736772951017471200e-01,-1.736772951017471200e-01,1.184887464924954809e-01
2.265000000000000213e+01,1.344604242340273004e+02,3.221410937954919973e+01,-1.420732416599583270e-01,-1.420732416599583270e-01,8.042910379258487452e-02
2.270000000000000284e+01,1.346699048267271053e+02,3.242972877706358048e+01,-1.299563683236184819e-01,-1.299563683236184819e-01,2.201954803120338144e-01
2.275000000000000000e+01,1.348827059029326279e+02,3.264723268321353800e+01,-1.594245773103301622e-01,-1.594245773103301622e-01,3.038527216547501700e-02
2.280000000000000071e+01,1.350916552670212241e+02,3.286332342900644221e+01,-1.337907517586643946e-01,-1.337907517586643946e-01,1.722050210546496318e-01
2.285000000000000142e+01,1.353017386860717863e+02,3.307772910791312171e+01,-1.594555118627490331e-01,-1.594555118627490331e-01,1.335863409414771719e-01
2.290000000000000213e+01,1.355116303079053353e+02,3.329410627390220156e+01,-1.170150169999885914e-01,-1.170150169999885914e-01,7.871503072697542958e-02
2.295000000000000284e+01,1.357227601980060001e+02,3.350786161070458746e+01,-9.192053297188071403e-02,-9.192053297188071403e-02,2.386868079089548844e-01
2.300000000000000000e+01,1.359347376247381192e+02,3.371983949968615235e+01,-8.993674372470969458e-02,-8.993674372470969458e-02,6.434373285302182055e-02
2.305000000000000071e+01,1.361438597946871880e+02,3.392869120596220966e+01,-7.574603502239979358e-02,-7.574603502239979358e-02,1.760628514266518174e-01
2.310000000000000142e+01,1.363541305198342002e+02,3.413737561102924190e+01,-3.827492248490479282e-02,-3.827492248490479282e-02,1.439107110353580188e-01
2.315000000000000213e+01,1.365647808253210655e+02,3.434293767368206574e+01,-7.861629224643276390e-03,-7.861629224643276390e-03,9.655614169392713608e-02
2.320000000000000284e+01,1.367752835444754851e+02,3.454571385986496779e+01,-2.672486203484778985e-02,-2.672486203484778985e-02,2.276791971095609435e-01
2.325000000000000000e+01,1.369836438230996407e+02,3.474806549218723717e+01,-8.232868500936250944e-02,-8.232868500936250944e-02,6.375968451500996226e-02
2.330000000000000071e+01,1.371886545711208782e+02,3.495222212715737697e+01,-2.245651821085121666e-02,-2.245651821085121666e-02,2.074325738142619724e-01
2.335000000000000142e+01,1.374006163428475702e+02,3.515760406186221587e+01,-4.235537382926892608e-02,-4.235537382926892608e-02,1.192502857683834377e-01
2.340000000000000213e+01,1.376100841546312950e+02,3.536227539670627351e+01,-7.456663399574890716e-02,-7.456663399574890716e-02,1.260537080894108264e-01
2.345000000000000284e+01,1.378157174065316042e+02,3.556596594149618085e+01,-7.459432563684186002e-02,-7.459432563684186002e-02,1.968892926848211933e-01
2.350000000000000000e+01,1.380230294559506490e+02,3.577124537833684315e+01,-1.089313941101786448e-01,-1.089313941101786448e-01,7.813648363371204775e-02
2.355000000000000071e+01,1.382279271413285358e+02,3.597732442420652887e+01,-1.262354899980263623e-01,-1.262354899980263623e-01,2.431401300445467650e-01
2.360000000000000142e+01,1.384362521943073148e+02,3.618804355228920855e+01,-1.196037129309419633e-01,-1.196037129309419633e-01,1.095947080636449911e-01
2.365000000000000213e+01,1.386430644957785319e+02,3.639639598046421298e+01,-2.699486201726144369e-02,-2.699486201726144369e-02,1.656910032807693556e-01
2.370000000000000284e+01,1.388503955971762309e+02,3.659692153965206529e+01,-2.967400360131493969e-02,-2.967400360131493969e-02,1.772617012156458283e-01
2.375000000000000000e+01,1.390566695033278961e+02,3.679675849583247071e+01,7.103877823939559570e-03,7.103877823939559570e-03,1.100388743207248582e-01
2.380000000000000071e+01,1.392620725348447763e+02,3.699244352532017643e+01,2.625473109646827771e-02,2.625473109646827771e-02,2.419828864920525457e-01
2.385000000000000142e+01,1.394671564196917188e+02,3.718617744689932181e+01,7.831319744982241648e-02,7.831319744982241648e-02,8.746866533227792839e-02
2.390000000000000213e+01,1.396745578831767602e+02,3.737762418153720745e+01,8.054152157386303135e-02,8.054152157386303135e-02,2.215287893657112983e-01
2.395000000000000284e+01,1.398814576089916670e+02,3.756865508681756438e+01,1.724182723391330663e-01,1.724182723391330663e-01,1.051619610173696179e-01
2.400000000000000000e+01,1.400900809292557483e+02,3.775316755843005723e+01,1.445664958295219127e-01,1.445664958295219127e-01,1.567033463600549792e-01
2.405000000000000071e+01,1.402979442992386225e+02,3.794003781781940177e+01,1.763326269490069764e-01,1.763326269490069764e-01,1.442686723802886761e-01
2.410000000000000142e+01,1.405049595720619777e+02,3.812321066101116429e+01,1.797123730335664638e-01,1.797123730335664638e-01,9.457294117413467260e-02
2.415000000000000213e+01,1.407129161768091308e+02,3.830769952366563302e+01,2.012981738096888684e-01,2.012981738096888684e-01,1.931203047877039780e-01
2.420000000000000284e+01,1.409201828932770582e+02,3.848955332333427037e+01,1.903129876246656138e-01,1.903129876246656138e-01,3.342514805329859645e-02
2.425000000000000000e+01,1.411254799956932686e+02,3.867107291823695903e+01,2.206034832758958508e-01,2.206034832758958508e-01,2.428926541125918659e-01
2.430000000000000071e+01,1.413284392071279854e+02,3.884802546246005761e+01,2.004602285671503725e-01,2.004602285671503725e-01,1.964781194088030189e-02
2.435000000000000142e+01,1.415293296503284353e+02,3.902541224494405014e+01,1.805752700246462394e-01,1.805752700246462394e-01,2.172077150325526507e-01
2.440000000000000213e+01,1.417288431187766946e+02,3.920321056766847789e+01,1.508737131989192626e-01,1.508737131989192626e-01,6.321783198886986310e-02
2.445000000000000284e+01,1.419285453364908847e+02,3.938400465260441763e+01,1.892127850827794722e-01,1.892127850827794722e-01,1.828530511278476101e-01
2.450000000000000000e+01,1.421340534312237480e+02,3.956732910279974647e+01,2.219511807011040339e-01,2.219511807011040339e-01,1.135597278412139310e-01
2.455000000000000071e+01,1.423357261472941104e+02,3.974418426026238649e+01,2.176015576245203809e-01,2.176015576245203809e-01,1.491292772704036484e-01
2.460000000000000142e+01,1.425370505770860348e+02,3.992188753384202471e+01,1.662177738144237915e-01,1.662177738144237915e-01,1.597724524389158851e-01
2.465000000000000213e+01,1.427351798905856981e+02,4.010097686156688468e+01,1.298684668224493466e-01,1.298684668224493466e-01,1.313383998407625652e-01
2.470000000000000284e+01,1.429311928307903088e+02,4.028178414971991828e+01,1.008433746879015547e-01,1.008433746879015547e-01,1.986336319701715591e-01
2.475000000000000000e+01,1.431262921275961162e+02,4.046426903503277117e+01,5.890146469507659410e-02,5.890146469507659410e-02,1.179536353526235287e-01
2.480000000000000071e+01,1.433167461377407221e+02,4.064618331791523786e+01,9.295325170261714565e-02,9.295325170261714565e-02,2.306058415653224614e-01
2.485000000000000142e+01,1.435068585747205816e+02,4.082489444816327051e+01,1.580403733070088190e-01,1.580403733070088190e-01,1.127869994339715659e-01
2.490000000000000213e+01,1.437020308122207837e+02,4.100276865020200034e+01,2.112763702521401332e-01,2.112763702521401332e-01,2.602451590132472403e-01
2.495000000000000284e+01,1.439008952070807652e+02,4.117949471554484830e+01,1.708978898842906102e-01,1.708978898842906102e-01,1.276945651489881095e-01
2.500000000000000000e+01,1.440990914230132489e+02,4.136000536968497698e+01,1.663162431091937954e-01,1.663162431091937954e-01,2.659448750839565334e-01
2.505000000000000071e+01,1.442980309883969312e+02,4.154163997475238546e+01,2.134031230207954488e-01,2.134031230207954488e-01,1.493536293313521279e-01
2.510000000000000142e+01,1.444975980631883203e+02,4.172026066763945096e+01,2.189429954112531995e-01,2.189429954112531995e-01,2.441664863245413264e-01
2.515000000000000213e+01,1.446960252147181905e+02,4.189700035327039274e+01,2.406064518778622263e-01,2.406064518778622263e-01,1.819321874636158909e-01
2.520000000000000284e+01,1.448948584013423044e+02,4.207298686316856617e+01,2.307763431382399144e-01,2.307763431382399144e-01,2.360850422979204610e-01
2.525000000000000000e+01,1.450934268997094989e+02,4.224948377855339743e+01,2.301725937513147413e-01,2.301725937513147413e-01,2.177759676076674311e-01
2.530000000000000071e+01,1.452917341081472102e+02,4.242661218325603301e+01,2.278871006987379377e-01,2.278871006987379377e-01,2.337799165634924792e-01
2.535000000000000142e+01,1.454881321182651277e+02,4.260167441218881379e+01,1.756554147563681445e-01,1.756554147563681445e-01,2.524104904326118781e-01
2.540000000000000213e+01,1.456825938729593872e+02,4.278033658873228262e+01,1.590619899593511966e-01,1.590619899593511966e-01,2.359999759720311507e-01
2.545000000000000284e+01,1.458778972451104039e+02,4.296127308342630613e+01,2.229217642053392956e-01,2.229217642053392956e-01,2.818027253346374605e-01
2.550000000000000000e+01,1.460767097480239727e+02,4.313976969837156616e+01,2.680083901464080376e-01,2.680083901464080376e-01,2.396934535289844959e-01
2.555000000000000071e+01,1.462766745290255983e+02,4.331613705835543016e+01,2.316185594200591280e-01,2.316185594200591280e-01,3.217484425130409664e-01
2.560000000000000142e+01,1.464755128322465225e+02,4.349455042271478789e+01,2.900002922861083521e-01,2.900002922861083521e-01,2.560572050104576447e-01
2.565000000000000213e+01,1.466783906400860360e+02,4.367163884936226026e+01,2.544992063345614675e-01,2.544992063345614675e-01,3.650984901325499687e-01
2.570000000000000284e+01,1.468807043298707811e+02,4.385257629953851932e+01,1.847144602355479670e-01,1.847144602355479670e-01,2.804452925591835455e-01
2.575000000000000000e+01,1.470787453437728232e+02,4.403522767543773142e+01,1.963867420513344397e-01,1.963867420513344397e-01,3.536650886294625540e-01
2.580000000000000071e+01,1.472756995747388089e+02,4.421626895728716988e+01,1.711310045738717311e-01,1.711310045738717311e-01,2.991342346530835306e-01
2.585000000000000142e+01,1.474727879410178844e+02,4.439962758487558858e+01,1.285347880145651378e-01,1.285347880145651378e-01,3.428798933414845540e-01
2.590000000000000213e+01,1.476672127606532285e+02,4.458470133170126815e+01,1.561442013760637737e-01,1.561442013760637737e-01,3.167994620688355245e-01
2.595000000000000284e+01,1.478619021106330251e+02,4.476715521645382978e+01,1.607079765833804019e-01,1.607079765833804019e-01,3.320477103103099958e-01
2.600000000000000000e+01,1.480605221261183999e+02,4.495319069231946685e+01,1.477053506593500320e-01,1.477053506593500320e-01,3.401072273097058840e-01
2.605000000000000071e+01,1.482566398468015620e+02,4.513832137751737861e+01,1.728256698156275806e-01,1.728256698156275806e-01,3.247850600082388128e-01
2.610000000000000142e+01,1.484546129598949449e+02,4.532279118879562674e+01,8.422733130069998131e-02,8.422733130069998131e-02,3.672552389367940151e-01
2.615000000000000213e+01,1.486474987550949436e+02,4.551070218869493544e+01,1.883843681830018463e-02,1.883843681830018463e-02,3.203686124114550893e-01
2.620000000000000284e+01,1.488402778574726426e+02,4.570427536609238217e+01,1.401669342823786031e-02,1.401669342823786031e-02,3.868694711934744235e-01
2.625000000000000000e+01,1.490339216942208509e+02,4.589887197569463240e+01,9.435916522543683072e-02,9.435916522543683072e-02,3.071550991910385053e-01
2.630000000000000071e+01,1.492351357192607679e+02,4.609349212418104713e+01,5.606907080696579143e-02,5.606907080696579143e-02,3.734664929185197990e-01
2.635000000000000142e+01,1.494337036034434334e+02,4.628919499010341809e+01,1.143088930550596738e-01,1.143088930550596738e-01,3.118927768837463366e-01
2.640000000000000213e+01,1.496352047316796643e+02,4.648226039779981278e+01,7.163763833189988606e-02,7.163763833189988606e-02,3.418576162175037125e-01
2.645000000000000284e+01,1.498341839274211509e+02,4.667700044933815207e+01,3.932896223678211331e-03,3.932896223678211331e-03,3.298062932119352197e-01
2.650000000000000000e+01,1.500246060637807375e+02,4.686930165147161631e+01,3.618737710451365441e-02,3.618737710451365441e-02,3.154289620930457727e-01
2.655000000000000071e+01,1.502171754092947822e+02,4.706050886532434419e+01,-7.240876694530366808e-02,-7.240876694530366808e-02,3.412365516006208299e-01
2.660000000000000142e+01,1.504054630458918780e+02,4.725728472266965952e+01,-1.040857816639710470e-01,-1.040857816639710470e-01,2.902838848833530494e-01
2.665000000000000213e+01,1.505901342408210724e+02,4.745304642664994788e+01,-1.224675503589103265e-01,-1.224675503589103265e-01,3.468185645671802431e-01
2.670000000000000284e+01,1.507740298490343207e+02,4.764937710831701878e+01,-1.363045586661564834e-01,-1.363045586661564834e-01,2.601333722032843632e-01
2.675000000000000000e+01,1.509572169354700293e+02,4.784580207536077978e+01,-1.349878223274536271e-01,-1.349878223274536271e-01,3.466072789260748466e-01
2.680000000000000071e+01,1.511408823570380378e+02,4.804227355916078324e+01,-6.394187893958648561e-02,-6.394187893958648561e-02,2.338605658970082102e-01
2.685000000000000142e+01,1.513251558005548816e+02,4.823268641217823927e+01,-1.220529728395436039e-02,-1.220529728395436039e-02,3.058485130050738188e-01
2.690000000000000213e+01,1.515109622267311806e+02,4.841967922897111265e+01,-1.172230550002595073e-01,-1.172230550002595073e-01,2.256917121129853876e-01
2.695000000000000284e+01,1.516913612124710085e+02,4.861068005697680405e+01,-1.635352365898615490e-01,-1.635352365898615490e-01,2.742851348937491163e-01
2.700000000000000000e+01,1.518687710599173499e+02,4.880244427486764636e+01,-1.648631667279115420e-01,-1.648631667279115420e-01,2.090057228952160173e-01
2.705000000000000071e+01,1.520446213871863677e+02,4.899266164868277684e+01,-1.223971897097979461e-01,-1.223971897097979461e-01,2.382299024635059492e-01
2.710000000000000142e+01,1.522222927643059904e+02,4.918034424021233519e+01,-1.228351731903764843e-01,-1.228351731903764843e-01,1.948173507917568825e-01
2.715000000000000213e+01,1.524014867997834983e+02,4.936929667468815097e+01,-7.924391783081867480e-02,-7.924391783081867480e-02,2.076895440272370774e-01
2.720000000000000284e+01,1.525843000586502285e+02,4.955759673087203510e+01,-1.002587628080937043e-01,-1.002587628080937043e-01,1.936551617779210255e-01
2.725000000000000000e+01,1.527703793833558166e+02,4.975070784255237299e+01,-7.215990765149585262e-02,-7.215990765149585262e-02,1.734445085529439934e-01
2.730000000000000071e+01,1.529611280924033281e+02,4.994557043505427174e+01,-1.443761606531331898e-01,-1.443761606531331898e-01,2.132385646246473532e-01
2.735000000000000142e+01,1.531534770148033147e+02,5.014817260477465055e+01,-5.701855844063358908e-02,-5.701855844063358908e-02,1.295361546683143350e-01
2.740000000000000213e+01,1.533521580389503640e+02,5.034883456609829722e+01,-4.780221398452044745e-02,-4.780221398452044745e-02,2.582167496763718706e-01
2.745000000000000284e+01,1.535536249888441205e+02,5.055121326176834629e+01,-5.030047526153014897e-02,-5.030047526153014897e-02,1.099210303277661643e-01
2.750000000000000000e+01,1.537555787444655380e+02,5.075411103296260507e+01,-6.413766504997961415e-02,-6.413766504997961415e-02,2.172911435184980145e-01
2.755000000000000071e+01,1.539591057732178854e+02,5.095960864853334016e+01,-6.770132718019843121e-02,-6.770132718019843121e-02,1.374805783336931486e-01
2.760000000000000142e+01,1.541634732115900022e+02,5.116609798804777398e+01,-3.702794593052383121e-02,-3.702794593052383121e-02,1.419802592081436388e-01
2.765000000000000213e+01,1.543717822972834597e+02,5.137351161008270140e+01,-5.074193386417093221e-02,-5.074193386417093221e-02,2.037292099653081612e-01
2.770000000000000284e+01,1.545817356039297010e+02,5.158363143608614365e+01,-4.051645360608518986e-02,-4.051645360608518986e-02,8.298528898141178944e-02
2.775000000000000000e+01,1.547961973683397332e+02,5.179706160881833199e+01,-3.595190050921313191e-02,-3.595190050921313191e-02,2.248021949566750000e-01
2.780000000000000071e+01,1.550117844417812876e+02,5.201107140844528232e+01,-8.081298525839299141e-02,-8.081298525839299141e-02,1.181998084890550776e-01
2.785000000000000142e+01,1.552242331121850327e+02,5.222588359428995375e+01,-8.124352483952561321e-02,-8.124352483952561321e-02,1.227107050498080359e-01
2.790000000000000213e+01,1.554340782516453316e+02,5.243799389437357661e+01,-5.920439883198118369e-02,-5.920439883198118369e-02,2.045222590074888824e-01
2.795000000000000284e+01,1.556458290451706148e+02,5.264987236948229565e+01,-2.676489394110372760e-02,-2.676489394110372760e-02,5.551972902882867933e-02
2.800000000000000000e+01,1.558589930398605361e+02,5.286012584255546898e+01,3.879653234788984530e-03,3.879653234788984530e-03,2.076570363679263176e-01
2.805000000000000071e+01,1.560754777231761352e+02,5.307082208198310269e+01,1.818880268368883515e-02,1.818880268368883515e-02,1.137246635851771603e-01
2.810000000000000142e+01,1.562951942467660444e+02,5.328337487795299410e+01,3.643601888853559290e-02,3.643601888853559290e-02,1.044953399279496958e-01
2.815000000000000213e+01,1.565153775460362056e+02,5.349472591220399664e+01,1.164466341035307745e-02,1.164466341035307745e-02,2.210449207111243042e-01
2.820000000000000284e+01,1.567356441162855560e+02,5.370836846892761685e+01,6.762984719032059944e-02,6.762984719032059944e-02,5.805519186288886357e-02
2.825000000000000000e+01,1.569577477197720441e+02,5.391892195589911552e+01,1.021681441704475612e-01,1.021681441704475612e-01,1.769038126667000776e-01
2.830000000000000071e+01,1.571825107692200731e+02,5.412904050378259768e+01,1.435655861576482506e-01,1.435655861576482506e-01,1.528094581853681744e-01
2.835000000000000142e+01,1.574093124837991695e+02,5.433747136892998242e+01,1.876283051724989270e-01,1.876283051724989270e-01,8.549891496439404603e-02
2.840000000000000213e+01,1.576376173356551078e+02,5.454399970623293115e+01,1.949751443254440497e-01,1.949751443254440497e-01,2.526581788340275803e-01
2.845000000000000284e+01,1.578660090648258461e+02,5.475000320651626140e+01,2.036197435338615025e-01,2.036197435338615025e-01,1.132288298125099374e-01
2.850000000000000000e+01,1.580933392758292655e+02,5.495480763965615267e+01,2.412355561886128930e-01,2.412355561886128930e-01,1.604757003032586116e-01
2.855000000000000071e+01,1.583199254718621205e+02,5.515534142583321398e+01,2.328312110398580992e-01,2.328312110398580992e-01,2.121966848931753080e-01
2.860000000000000142e+01,1.585484571380762304e+02,5.535884677699240086e+01,2.579674201482173856e-01,2.579674201482173856e-01,1.287170399727217140e-01
2.865000000000000213e+01,1.587753768624769464e+02,5.555911192136030508e+01,2.019916789892221010e-01,2.019916789892221010e-01,2.525797564168406062e-01
2.870000000000000284e+01,1.590001175508482163e+02,5.576236908071849285e+01,2.276495280305188273e-01,2.276495280305188273e-01,1.788539343635532075e-01
2.875000000000000000e+01,1.592260573370738541e+02,5.596529007983896520e+01,2.737082281299079711e-01,2.737082281299079711e-01,1.918146709407089756e-01
2.880000000000000071e+01,1.594538808763326188e+02,5.616592849273205701e+01,2.397156056803494140e-01,2.397156056803494140e-01,2.699351840738038466e-01
2.885000000000000142e+01,1.596795287997420871e+02,5.636835121698196360e+01,2.412365436347095049e-01,2.412365436347095049e-01,1.895645500339881995e-01
2.890000000000000213e+01,1.599043729901199526e+02,5.656973187323196584e+01,1.415449901376120145e-01,1.415449901376120145e-01,2.749989759985314586e-01
2.895000000000000284e+01,1.601219963217692737e+02,5.677343413244595638e+01,1.969936950425317523e-01,1.969936950425317523e-01,2.338171290294069893e-01
2.900000000000000000e+01,1.603400090710127586e+02,5.697301975651536310e+01,2.035165767219877242e-01,2.035165767219877242e-01,2.331095244354725593e-01
2.905000000000000071e+01,1.605591363779247729e+02,5.717311523070982560e+01,1.728556655142325094e-01,1.728556655142325094e-01,3.028425773936319620e-01
2.910000000000000142e+01,1.607785078883977405e+02,5.737626316818914063e+01,1.213613950286773074e-01,1.213613950286773074e-01,2.296779819198670192e-01
2.915000000000000213e+01,1.609954241194936628e+02,5.758181487854899672e+01,1.146344806865138427e-01,1.146344806865138427e-01,3.020683465430227255e-01
2.920000000000000284e+01,1.612137057036542842e+02,5.778985869314061574e+01,1.435629476735267585e-01,1.435629476735267585e-01,2.591763371241929681e-01
2.925000000000000000e+01,1.614358828951497173e+02,5.800008357041833307e+01,7.879778687786986868e-02,7.879778687786986868e-02,2.525438710659563268e-01
2.930000000000000071e+01,1.616560952562938667e+02,5.821548517175440196e+01,6.949775716933917491e-02,6.949775716933917491e-02,3.270383036350685835e-01
2.935000000000000142e+01,1.618729420027489709e+02,5.842999789074723083e+01,3.831805930698627821e-02,3.831805930698627821e-02,2.360050773428543636e-01
2.940000000000000213e+01,1.620868608233054999e+02,5.864456807215860579e+01,5.109078643895456628e-02,5.109078643895456628e-02,2.799140935646100559e-01
2.945000000000000284e+01,1.623033398424411473e+02,5.886288783838964633e+01,1.055214082723742730e-01,1.055214082723742730e-01,2.654734485953259560e-01
2.950000000000000000e+01,1.625207347547409711e+02,5.907984799538203191e+01,1.030664341700593262e-01,1.030664341700593262e-01,2.219872077606422356e-01
2.955000000000000071e+01,1.627363382989390459e+02,5.929547886185525840e+01,1.858298920155110612e-01,1.858298920155110612e-01,3.187754325433515001e-01
2.960000000000000142e+01,1.629541626234750140e+02,5.950898926294502900e+01,2.140962929145852900e-01,2.140962929145852900e-01,2.210138920112374172e-01
2.965000000000000213e+01,1.631739215977145250e+02,5.972273649201157042e+01,2.118512694224187476e-01,2.118512694224187476e-01,2.435485309506731921e-01
2.970000000000000284e+01,1.633937242182529985e+02,5.994083534924970991e+01,1.898265615870567691e-01,1.898265615870567691e-01,2.774662553266781795e-01
2.975000000000000000e+01,1.636118237876088415e+02,6.016365838477160111e+01,1.658321727166542914e-01,1.658321727166542914e-01,1.975724780407192849e-01
2.980000000000000071e+01,1.638257425887176737e+02,6.038457567399150605e+01,1.772456076841781858e-01,1.772456076841781858e-01,2.671922952741196955e-01
2.985000000000000142e+01,1.640350673310997536e+02,6.060381685035218879e+01,1.757076971503925555e-01,1.757076971503925555e-01,2.087263431487740573e-01
2.990000000000000213e+01,1.642455642789043395e+02,6.082534103776093559e+01,2.262753633497431305e-01,2.262753633497431305e-01,1.813583143176490386e-01
2.995000000000000284e+01,1.644564805639580527e+02,6.104788233601185965e+01,2.224919859982136261e-01,2.224919859982136261e-01,2.717213973657419124e-01
3.000000000000000000e+01,1.646638612069230021e+02,6.126721955351796112e+01,2.493790885385856193e-01,2.493790885385856193e-01,1.398239564753194220e-01
3.005000000000000071e+01,1.648716373107431821e+02,6.149048932063394091e+01,3.225544030721951283e-01,3.225544030721951283e-01,2.021621368113672434e-01
3.010000000000000142e+01,1.650780053535980301e+02,6.171073112796856464e+01,2.895856859093464686e-01,2.895856859093464686e-01,1.748061184506143340e-01
3.015000000000000213e+01,1.652798287567872535e+02,6.192956422750486212e+01,4.047518346604903616e-01,4.047518346604903616e-01,1.079918692083637055e-01
3.020000000000000284e+01,1.654853753233818736e+02,6.214827485169165300e+01,3.865935866078475946e-01,3.865935866078475946e-01,2.500234731568444224e-01
3.025000000000000000e+01,1.656875984830185473e+02,6.236583936653704541e+01,4.217488940937890174e-01,4.217488940937890174e-01,7.006939627264675841e-02
3.030000000000000071e+01,1.658879489485968293e+02,6.258461962035558201e+01,4.217370825198495932e-01,4.217370825198495932e-01,1.689775479224477628e-01
3.035000000000000142e+01,1.660859193860453615e+02,6.280157208465236351e+01,4.648108707972698483e-01,4.648108707972698483e-01,1.313286078857977823e-01
3.040000000000000213e+01,1.662827348066414288e+02,6.302034506521734869e+01,5.408394775243615671e-01,5.408394775243615671e-01,7.478412182651077156e-02
3.045000000000000284e+01,1.664807473146289283e+02,6.324116963535310987e+01,5.634221044468163964e-01,5.634221044468163964e-01,2.218720666510773654e-01
3.050000000000000000e+01,1.666767515112896092e+02,6.345811369566568771e+01,5.322598299124172705e-01,5.322598299124172705e-01,4.064305761328297628e-02
3.055000000000000071e+01,1.668697866505846150e+02,6.367650458529917756e+01,5.396630051309166953e-01,5.396630051309166953e-01,2.009943897653421740e-01
3.060000000000000142e+01,1.670584081416691618e+02,6.389627154316970348e+01,5.319294153151696847e-01,5.319294153151696847e-01,1.300518396207366867e-01
3.065000000000000213e+01,1.672445806730938784e+02,6.411521132477074048e+01,6.354940420357276798e-01,6.354940420357276798e-01,1.624444790162586916e-01
3.070000000000000284e+01,1.674328190583467517e+02,6.433547427778306371e+01,7.715199413397690886e-01,7.715199413397690886e-01,2.243468233762973274e-01
3.075000000000000000e+01,1.676236917636475425e+02,6.455401285645270093e+01,8.698707608222097099e-01,8.698707608222097099e-01,1.700401675384619338e-01
3.080000000000000071e+01,1.678164213142879078e+02,6.477580259543859142e+01,7.565889643788039631e-01,7.565889643788039631e-01,3.069754584946586817e-01
3.085000000000000142e+01,1.679999122656696215e+02,6.499823261575971856e+01,8.754255300180390220e-01,8.754255300180390220e-01,2.287504581638470369e-01
3.090000000000000213e+01,1.681862108738461359e+02,6.522362524608222145e+01,9.275528521868856568e-01,9.275528521868856568e-01,3.022054918221895314e-01
3.095000000000000284e+01,1.683699171658458908e+02,6.544931885851427467e+01,8.768715297444897860e-01,8.768715297444897860e-01,3.179202721037804880e-01
3.100000000000000000e+01,1.685486543684641845e+02,6.567652350089748836e+01,8.187498892655092897e-01,8.187498892655092897e-01,3.397087600457819323e-01
3.105000000000000071e+01,1.687210880206313277e+02,6.590201397400440442e+01,9.328288428848976466e-01,9.328288428848976466e-01,4.212996837424100027e-01
3.110000000000000142e+01,1.688949500571858664e+02,6.612845699221082896e+01,9.848183017818873397e-01,9.848183017818873397e-01,4.137671660197346224e-01
3.115000000000000213e+01,1.690662031635362723e+02,6.635564621880773473e+01,1.163982065941478128e+00,1.163982065941478128e+00,5.135894433119151392e-01
3.120000000000000284e+01,1.692430064615367087e+02,6.658663188754044882e+01,1.186209101907117924e+00,1.186209101907117924e+00,5.034797705170613868e-01
3.125000000000000000e+01,1.694158196532902423e+02,6.682310654445412013e+01,1.247160941139986434e+00,1.247160941139986434e+00,5.715300237385391169e-01
3.130000000000000071e+01,1.695863572028249848e+02,6.706260365616665808e+01,1.232946273347011568e+00,1.232946273347011568e+00,6.185122613250330081e-01
3.135000000000000142e+01,1.697531691670633904e+02,6.730068964455655589e+01,1.339077083761675890e+00,1.339077083761675890e+00,6.632866543381555902e-01
3.140000000000000213e+01,1.699198453824967032e+02,6.753785705534345141e+01,1.306845393531836041e+00,1.306845393531836041e+00,7.426773645836698412e-01
3.145000000000000284e+01,1.700820330819562969e+02,6.777857243589549796e+01,1.319560979405690171e+00,1.319560979405690171e+00,7.733760888866032523e-01
3.150000000000000000e+01,1.702386417706625821e+02,6.801667682162933204e+01,1.351156746185643742e+00,1.351156746185643742e+00,8.655084815510657448e-01
3.155000000000000071e+01,1.703941363640747113e+02,6.825077636409884008e+01,1.319055448589532498e+00,1.319055448589532498e+00,8.968584176649112560e-01
3.160000000000000142e+01,1.705449712779443416e+02,6.848514877760570130e+01,1.257511886449349081e+00,1.257511886449349081e+00,9.753279619448632642e-01
3.165000000000000213e+01,1.706895252598233412e+02,6.871779583494983967e+01,1.346466854045083039e+00,1.346466854045083039e+00,1.029407888928515424e+00
3.170000000000000284e+01,1.708331324147682437e+02,6.895245711578093051e+01,1.360119913446817597e+00,1.360119913446817597e+00,1.094727987099899602e+00
3.175000000000000000e+01,1.709714354249446728e+02,6.918973446184291731e+01,1.430500035232037170e+00,1.430500035232037170e+00,1.163756180681753571e+00
3.180000000000000071e+01,1.711109327197011112e+02,6.942478725882658352e+01,1.498968401182935617e+00,1.498968401182935617e+00,1.206442567795183773e+00
3.185000000000000142e+01,1.712476347991105285e+02,6.966627366764465989e+01,1.588087149378298868e+00,1.588087149378298868e+00,1.280650396391294077e+00
3.190000000000000213e+01,1.713828994808317816e+02,6.991104046190439192e+01,1.617809312319435922e+00,1.600000000000000089e+00,1.312164387530152299e+00
3.195000000000000284e+01,1.715144386341797542e+02,7.015478015294043246e+01,1.717489171978324292e+00,1.600000000000000089e+00,1.362976629448329646e+00
3.200000000000000000e+01,1.716457121709781575e+02,7.040134225090139353e+01,1.713206721106522723e+00,1.600000000000000089e+00,1.407912518800993773e+00
3.205000000000000426e+01,1.717734287143343295e+02,7.064771271481070869e+01,1.631259523364358088e+00,1.600000000000000089e+00,1.435716106807763737e+00
3.210000000000000142e+01,1.718930126465289163e+02,7.089551533486903168e+01,1.626094141785473290e+00,1.600000000000000089e+00,1.488136242551589161e+00
3.214999999999999858e+01,1.720072423378111921e+02,7.114394144297500588e+01,1.692515323621409884e+00,1.600000000000000089e+00,1.511951071055340545e+00
3.220000000000000284e+01,1.721196903745946827e+02,7.139547255597571507e+01,1.779631517363786886e+00,1.600000000000000089e+00,1.545666364329236320e+00
3.225000000000000000e+01,1.722304151253782720e+02,7.165384250118209764e+01,1.826012850180491753e+00,1.600000000000000089e+00,1.585111976700111391e+00
3.230000000000000426e+01,1.723405364467889740e+02,7.191098097668880484e+01,1.840132506252855293e+00,1.600000000000000089e+00,1.596289830272423105e+00
3.235000000000000142e+01,1.724447262932294223e+02,7.217500514080154517e+01,1.817272723034878634e+00,1.600000000000000089e+00,1.627485548608504695e+00
3.239999999999999858e+01,1.725433850164933745e+02,7.243950615432143536e+01,1.937857883280946325e+00,1.600000000000000089e+00,1.650148104853480069e+00
3.245000000000000284e+01,1.726428879037702586e+02,7.270909297262359416e+01,1.944000846313169939e+00,1.600000000000000089e+00,1.659358095661193744e+00
3.250000000000000000e+01,1.727383928967865359e+02,7.297975421803064933e+01,1.849999718649230740e+00,1.600000000000000089e+00,1.681284857431667668e+00
3.255000000000000426e+01,1.728256903649182732e+02,7.324837364092753944e+01,1.831461365827790511e+00,1.600000000000000089e+00,1.689166701943048743e+00
3.260000000000000142e+01,1.729081737411176505e+02,7.351730845503131206e+01,1.820955821540311881e+00,1.600000000000000089e+00,1.694354345869928391e+00
3.264999999999999858e+01,1.729859491237008342e+02,7.378691620506602078e+01,1.926132368538929551e+00,1.600000000000000089e+00,1.713787422129401383e+00
3.270000000000000284e+01,1.730656842929358561e+02,7.405795827415813903e+01,1.927314659106044159e+00,1.600000000000000089e+00,1.701407327810997128e+00
3.275000000000000000e+01,1.731423151742742448e+02,7.432913349179747797e+01,1.952021258961414985e+00,1.600000000000000089e+00,1.694305854540192779e+00
3.280000000000000426e+01,1.732145515588612454e+02,7.460364364115457647e+01,1.887036105740175440e+00,1.600000000000000089e+00,1.699668862002462033e+00
3.285000000000000142e+01,1.732802197300829050e+02,7.487779075984880706e+01,1.840905567624533834e+00,1.600000000000000089e+00,1.675556063821507014e+00
3.289999999999999858e+01,1.733390648963132321e+02,7.515207939167564177e+01,1.850051332250562730e+00,1.600000000000000089e+00,1.667882957533712407e+00
3.295000000000000284e+01,1.733943348389988444e+02,7.542865404990966738e+01,1.921101691582404847e+00,1.600000000000000089e+00,1.661897982355359460e+00
3.300000000000000000e+01,1.734488851696939378e+02,7.570674460209730228e+01,2.012137275445215590e+00,1.600000000000000089e+00,1.630982457270917729e+00
3.305000000000000426e+01,1.735038101667914532e+02,7.598872451651692472e+01,2.006758141198492496e+00,1.600000000000000089e+00,1.608463296482247618e+00
3.310000000000000142e+01,1.735556032211760566e+02,7.627126676549212903e+01,1.933338328063741507e+00,1.600000000000000089e+00,1.581541216282074780e+00
3.314999999999999858e+01,1.735982890087044552e+02,7.655415833157059069e+01,1.882566264557205882e+00,1.600000000000000089e+00,1.541647774584171460e+00
3.320000000000000284e+01,1.736370446649952157e+02,7.683200207976568663e+01,1.858631400572883008e+00,1.600000000000000089e+00,1.516200544427397601e+00
3.325000000000000000e+01,1.736707456021544544e+02,7.711179681048155032e+01,1.810703898709417059e+00,1.600000000000000089e+00,1.479352565124654628e+00
3.330000000000000426e+01,1.736972692001814096e+02,7.739434444862492057e+01,1.820247804587369789e+00,1.600000000000000089e+00,1.437345713083610477e+00
3.335000000000000142e+01,1.737212000062391155e+02,7.767551462709694476e+01,1.800626142021024556e+00,1.600000000000000089e+00,1.411609890530302502e+00
3.339999999999999858e+01,1.737408977364661382e+02,7.795805813460593470e+01,1.766631676671360562e+00,1.600000000000000089e+00,1.357497707791854857e+00
3.345000000000000284e+01,1.737529579645573392e+02,7.824510221243062347e+01,1.706538756486246866e+00,1.600000000000000089e+00,1.313568556351492056e+00
3.350000000000000000e+01,1.737590683139768259e+02,7.852909102014160680e+01,1.774403860781406994e+00,1.600000000000000089e+00,1.286561863821695351e+00
3.355000000000000426e+01,1.737646560251309893e+02,7.881410870528868884e+01,1.814383863691245713e+00,1.600000000000000089e+00,1.218000445288474287e+00
3.360000000000000142e+01,1.737699787234553241e+02,7.910075259332664643e+01,1.781787301434739845e+00,1.600000000000000089e+00,1.168052217990686703e+00
3.364999999999999858e+01,1.737724988127113477e+02,7.938277691361417965e+01,1.720048141779844775e+00,1.600000000000000089e+00,1.109740930101061451e+00
3.370000000000000284e+01,1.737699697841446493e+02,7.966406680093419368e+01,1.644078879669169435e+00,1.600000000000000089e+00,1.038050320124611403e+00
3.375000000000000000e+01,1.737636288971714578e+02,7.993858801763018107e+01,1.731877408069052438e+00,1.600000000000000089e+00,1.003190011711437624e+00
3.380000000000000426e+01,1.737563089374564242e+02,8.021636943827260779e+01,1.744070364290694064e+00,1.600000000000000089e+00,9.057593974337806442e-01
3.385000000000000142e+01,1.737491134569736744e+02,8.049001629633019661e+01,1.677229720372623856e+00,1.600000000000000089e+00,8.474906981087895197e-01
3.389999999999999858e+01,1.737392970489945014e+02,8.075655714998595158e+01,1.661102539655786359e+00,1.600000000000000089e+00,7.611005622256304948e-01
3.395000000000000284e+01,1.737301944900959825e+02,8.101648457253401148e+01,1.652326163873284903e+00,1.600000000000000089e+00,6.889270392421197320e-01
3.400000000000000000e+01,1.737183902796293751e+02,8.127801773153913700e+01,1.698634318007323563e+00,1.600000000000000089e+00,6.053313662698166508e-01
3.405000000000000426e+01,1.737062326814444191e+02,8.153889606974523474e+01,1.630259315406007659e+00,1.600000000000000089e+00,5.190336635612481375e-01
3.410000000000000142e+01,1.736865076009938775e+02,8.179787170990728384e+01,1.565107716767593748e+00,1.565107716767593748e+00,4.425655539805522509e-01
3.414999999999999858e+01,1.736623475764343141e+02,8.205613446888921203e+01,1.608944924578843638e+00,1.600000000000000089e+00,3.533163924788676469e-01
3.420000000000000284e+01,1.736371300155420556e+02,8.231440188854422502e+01,1.634547138283386492e+00,1.600000000000000089e+00,2.836213137537937912e-01
3.425000000000000000e+01,1.736138602902249204e+02,8.257259613056541525e+01,1.606537196103110299e+00,1.600000000000000089e+00,1.895263794850791939e-01
3.430000000000000426e+01,1.735858518737569511e+02,8.283321194377221275e+01,1.589323811664699493e+00,1.589323811664699493e+00,1.418797432694532956e-01
3.435000000000000142e+01,1.735533404024106687e+02,8.309257507313897406e+01,1.494024911808364831e+00,1.494024911808364831e+00,1.326280598329611926e-01
3.439999999999999858e+01,1.735176809172230037e+02,8.334379655841487988e+01,1.495459699306260548e+00,1.495459699306260548e+00,1.757931566303972959e-01
3.445000000000000284e+01,1.734791915056986511e+02,8.359375221798944722e+01,1.465002074965224388e+00,1.465002074965224388e+00,2.759321707751575259e-01
3.450000000000000000e+01,1.734366362802901165e+02,8.384125665597622401e+01,1.348665962563996290e+00,1.348665962563996290e+00,3.280302545511972756e-01
3.455000000000000426e+01,1.733872386338634328e+02,8.408687687650261466e+01,1.372099025951185158e+00,1.372099025951185158e+00,4.358867854461884184e-01
3.460000000000000142e+01,1.733385261693228188e+02,8.432991605137821978e+01,1.314710240903589566e+00,1.314710240903589566e+00,4.814583059082194749e-01
3.464999999999999858e+01,1.732851704152822947e+02,8.456922239115228024e+01,1.311864885212250531e+00,1.311864885212250531e+00,5.895624408797968119e-01
3.470000000000000284e+01,1.732340107388605190e+02,8.480282520580782091e+01,1.325352890595147715e+00,1.325352890595147715e+00,6.256095264846589510e-01
3.475000000000000000e+01,1.731819675944328480e+02,8.503464150649519127e+01,1.354954836916190120e+00,1.354954836916190120e+00,7.393928468225249295e-01
3.480000000000000426e+01,1.731319402168780073e+02,8.526783494831265386e+01,1.277025322619052217e+00,1.277025322619052217e+00,7.709448687848172721e-01
3.485000000000000142e+01,1.730786020071779774e+02,8.549478153038734263e+01,1.359434611617562405e+00,1.359434611617562405e+00,8.619785721186844496e-01
3.489999999999999858e+01,1.730260553166361603e+02,8.572346954868558555e+01,1.270497807988267613e+00,1.270497807988267613e+00,9.108983411783725392e-01
3.495000000000000284e+01,1.729675812575223688e+02,8.595193919851112696e+01,1.199125882437118040e+00,1.199125882437118040e+00,9.841758941173457398e-01
3.500000000000000000e+01,1.729040834824710657e+02,8.617612850784045975e+01,1.105845884429509596e+00,1.105845884429509596e+00,1.036630477167532760e+00
3.505000000000000426e+01,1.728335231958634211e+02,8.640059807948712489e+01,1.113775917218899014e+00,1.113775917218899014e+00,1.087312805500449731e+00
3.510000000000000142e+01,1.727610328532689721e+02,8.662418874968965099e+01,1.104827607782031595e+00,1.104827607782031595e+00,1.142025548701505411e+00
3.514999999999999858e+01,1.726898242989312564e+02,8.684736807117570834e+01,1.132711449020563199e+00,1.132711449020563199e+00,1.183996449047626909e+00
3.520000000000000284e+01,1.726176359373030209e+02,8.707034780198186752e+01,1.083699394808891769e+00,1.083699394808891769e+00,1.246918760468847642e+00
3.525000000000000000e+01,1.725401397948150191e+02,8.729103252111343636e+01,9.413940993171400207e-01,9.413940993171400207e-01,1.275679706080500075e+00
3.530000000000000426e+01,1.724570577467924863e+02,8.750714146919244740e+01,9.588893555357308474e-01,9.588893555357308474e-01,1.332904703849210559e+00
3.535000000000000142e+01,1.723714808931379139e+02,8.772394973677357655e+01,9.660362182644810503e-01,9.660362182644810503e-01,1.346889276292779103e+00
3.539999999999999858e+01,1.722891961380387613e+02,8.793577025787367063e+01,9.540989336387463160e-01,9.540989336387463160e-01,1.399475380471363772e+00
3.545000000000000284e+01,1.722052206695944108e+02,8.814534649574784453e+01,9.170676585702421946e-01,9.170676585702421946e-01,1.415858421073613815e+00
3.550000000000000000e+01,1.721205532339628519e+02,8.835443510853370697e+01,8.795070148741952476e-01,8.795070148741952476e-01,1.456452841727366554e+00
3.555000000000000426e+01,1.720348104429720593e+02,8.855893959612311050e+01,9.088969241148935341e-01,9.088969241148935341e-01,1.479233796895746966e+00
3.560000000000000142e+01,1.719481380003682602e+02,8.876384953214565599e+01,8.917597118953323188e-01,8.917597118953323188e-01,1.507385238429329366e+00
3.564999999999999858e+01,1.718581698314885671e+02,8.897203756965922139e+01,7.944006007050979923e-01,7.944006007050979923e-01,1.538392179124356440e+00
3.570000000000000284e+01,1.717657091384665762e+02,8.917654309509207167e+01,7.803707352279659615e-01,7.803707352279659615e-01,1.554073676279041250e+00
3.575000000000000000e+01,1.716722430819524448e+02,8.937842489465334950e+01,7.267325486104969645e-01,7.267325486104969645e-01,1.587755721329808578e+00
3.580000000000000426e+01,1.715734184146887742e+02,8.957834374939697852e+01,7.741452060518232425e-01,7.741452060518232425e-01,1.588403919660957397e+00
3.585000000000000142e+01,1.714771992111415955e+02,8.978172931598778916e+01,7.242082215712356552e-01,7.242082215712356552e-01,1.624242742612005852e+00
3.589999999999999858e+01,1.713778561861651326e+02,8.998564458242377384e+01,7.252606187431803741e-01,7.252606187431803741e-01,1.624322577055063110e+00
3.595000000000000284e+01,1.712773149589884554e+02,9.018845474625803149e+01,7.796079589977489288e-01,7.796079589977489288e-01,1.649610494516510650e+00
3.600000000000000000e+01,1.711786288093097426e+02,9.039168891833941188e+01,7.418088048298623338e-01,7.418088048298623338e-01,1.657724285052898150e+00
3.605000000000000426e+01,1.710788400021466487e+02,9.059060915175122375e+01,6.431123017120903285e-01,6.431123017120903285e-01,1.674951293169890443e+00
3.610000000000000142e+01,1.709745899176391504e+02,9.078755020586508806e+01,6.571957231617177042e-01,6.571957231617177042e-01,1.683587583709658109e+00
3.614999999999999858e+01,1.708698034122060392e+02,9.098406353625877330e+01,6.499358758400001213e-01,6.499358758400001213e-01,1.688332758364480712e+00
3.620000000000000284e+01,1.707657319291561180e+02,9.118143225144982011e+01,5.508318139394307034e-01,5.508318139394307034e-01,1.705770619355070794e+00
3.625000000000000000e+01,1.706539497009717081e+02,9.137945821973048055e+01,5.428192855131013239e-01,5.428192855131013239e-01,1.698572088644515476e+00
3.630000000000000426e+01,1.705381752672804794e+02,9.157873379149538096e+01,5.159558697287717211e-01,5.159558697287717211e-01,1.713408039279315620e+00
3.635000000000000142e+01,1.704221589501715073e+02,9.177799848984132325e+01,4.971768998426615016e-01,4.971768998426615016e-01,1.697916764073857276e+00
3.639999999999999858e+01,1.703036156593510100e+02,9.197636512731213543e+01,4.203120494495876103e-01,4.203120494495876103e-01,1.711050559066489951e+00
3.645000000000000284e+01,1.701790906502813243e+02,9.217603101224408135e+01,3.207468168515804630e-01,3.207468168515804630e-01,1.687941867984696698e+00
3.650000000000000000e+01,1.700527661799075361e+02,9.236726576493906293e+01,3.534230625752670107e-01,3.534230625752670107e-01,1.686417040230387965e+00
3.655000000000000426e+01,1.699284155253404549e+02,9.256154124317717447e+01,3.159655629534388055e-01,3.159655629534388055e-01,1.665959179771101084e+00
3.660000000000000142e+01,1.698009252011541435e+02,9.275764768286704509e+01,2.187739845822199991e-01,2.187739845822199991e-01,1.661239324025998165e+00
3.664999999999999858e+01,1.696707065345639762e+02,9.294639536916663758e+01,2.049699470928544598e-01,2.049699470928544598e-01,1.638309253113752861e+00
3.670000000000000284e+01,1.695388851666024834e+02,9.313481046662143115e+01,1.722686624537478339e-01,1.722686624537478339e-01,1.620730857233371180e+00
3.675000000000000000e+01,1.694068320537973875e+02,9.332237524904292059e+01,1.772153321965255213e-01,1.772153321965255213e-01,1.602143856423066559e+00
3.680000000000000426e+01,1.692750313892400413e+02,9.350946608977797325e+01,1.445388059020905613e-01,1.445388059020905613e-01,1.578162468144398201e+00
3.685000000000000142e+01,1.691421616857473964e+02,9.369397364559286245e+01,9.158060644026995434e-02,9.158060644026995434e-02,1.564670844381486514e+00
3.689999999999999858e+01,1.690081418543123846e+02,9.387664242863863251e+01,4.375514911599610868e-02,4.375514911599610868e-02,1.530031198969089568e+00
3.695000000000000284e+01,1.688729299823506267e+02,9.405556391344885014e+01,1.851695740037822072e-02,1.851695740037822072e-02,1.520766969441442962e+00
3.700000000000000000e+01,1.687359503740246680e+02,9.423398916804939063e+01,-2.497128345989876440e-03,-2.497128345989876440e-03,1.473721880414663454e+00
3.705000000000000426e+01,1.685995252191995064e+02,9.441160328374675714e+01,-3.442503799083238350e-03,-3.442503799083238350e-03,1.460127860533119826e+00
3.710000000000000142e+01,1.684623836976725499e+02,9.459006539627129939e+01,1.384255471432728132e-02,1.384255471432728132e-02,1.417458566916212748e+00
3.714999999999999858e+01,1.683272148632881624e+02,9.476980703273731876e+01,-6.315303487500775748e-02,-6.315303487500775748e-02,1.398501610249916371e+00
3.720000000000000284e+01,1.681872244974157411e+02,9.494784338422120129e+01,-5.028825132508957935e-02,-5.028825132508957935e-02,1.362599464759703949e+00
3.725000000000000000e+01,1.680490103646356488e+02,9.512682519992077346e+01,-2.614738961859490451e-02,-2.614738961859490451e-02,1.332767853510609557e+00
3.730000000000000426e+01,1.679125152100415903e+02,9.530625524468742071e+01,-4.665536536025440689e-02,-4.665536536025440689e-02,1.310593157384717600e+00
3.735000000000000142e+01,1.677736747974394405e+02,9.548856679406458170e+01,-8.892896867963845375e-02,-8.892896867963845375e-02,1.273454957935712617e+00
3.739999999999999858e+01,1.676311910303262778e+02,9.567313500585098041e+01,-1.308025463596966809e-01,-1.308025463596966809e-01,1.257811364292658274e+00
3.745000000000000284e+01,1.674886885359833855e+02,9.585346009667890144e+01,-1.333667121930245114e-01,-1.333667121930245114e-01,1.209003372009106014e+00
3.750000000000000000e+01,1.673451920394735737e+02,9.603673113272267869e+01,-1.881009659134298961e-01,-1.881009659134298961e-01,1.201381612849094394e+00
3.755000000000000426e+01,1.672002289265551553e+02,9.621655943500837793e+01,-2.241730335935928908e-01,-2.241730335935928908e-01,1.141812435788298163e+00
3.760000000000000142e+01,1.670546435806315060e+02,9.639407563124083822e+01,-2.713764612467619575e-01,-2.713764612467619575e-01,1.125334984429815721e+00
3.764999999999999858e+01,1.669059298107143832e+02,9.657269169362399452e+01,-2.618722560957534862e-01,-2.618722560957534862e-01,1.067604997699927116e+00
3.770000000000000284e+01,1.667595944168463689e+02,9.674984019454227280e+01,-2.602368120099907700e-01,-2.602368120099907700e-01,1.042768909162692825e+00
3.775000000000000000e+01,1.666149200551111846e+02,9.692602565430937034e+01,-2.666483761973016953e-01,-2.666483761973016953e-01,9.971898136607342256e-01
3.780000000000000426e+01,1.664702664208895158e+02,9.710265562346924639e+01,-2.059876225824982809e-01,-2.059876225824982809e-01,9.637098051701507018e-01
3.785000000000000142e+01,1.663298839919918919e+02,9.728078432563007993e+01,-2.375254124503482223e-01,-2.375254124503482223e-01,9.356992245119986062e-01
3.789999999999999858e+01,1.661871303943570126e+02,9.746043160132360583e+01,-2.604718500022735195e-01,-2.604718500022735195e-01,8.940222722918761411e-01
3.795000000000000284e+01,1.660441076816507291e+02,9.763900021124075579e+01,-2.957324405713079862e-01,-2.957324405713079862e-01,8.781155398350078967e-01
3.800000000000000000e+01,1.658991972695536958e+02,9.781769525729369263e+01,-3.088066348015501283e-01,-3.088066348015501283e-01,8.218152775183602543e-01
3.805000000000000426e+01,1.657545100775065805e+02,9.799555443646357844e+01,-3.988574628456728610e-01,-3.988574628456728610e-01,8.202559308089484302e-01
3.810000000000000142e+01,1.656065391307419361e+02,9.816916088679698760e+01,-3.966136920609267258e-01,-3.966136920609267258e-01,7.447097498879116095e-01
3.814999999999999858e+01,1.654593878639432489e+02,9.834361786459317045e+01,-3.224521251500855334e-01,-3.224521251500855334e-01,7.363236742357193165e-01
3.820000000000000284e+01,1.653185339465420896e+02,9.851802190950998295e+01,-2.591880192054908383e-01,-2.591880192054908383e-01,6.738272883013384229e-01
3.825000000000000000e+01,1.651808485403071245e+02,9.869603466223063037e+01,-2.611522978323227995e-01,-2.611522978323227995e-01,6.607663124098610563e-01
3.830000000000000426e+01,1.650434280822453559e+02,9.887464851790241482e+01,-2.390554501462277825e-01,-2.390554501462277825e-01,6.227089342858147525e-01
3.835000000000000142e+01,1.649052920935517363e+02,9.905835741684973073e+01,-2.937164438677863920e-01,-2.937164438677863920e-01,5.959205154021547379e-01
3.840000000000000568e+01,1.647635833543380102e+02,9.924228840778752669e+01,-2.467917694133531237e-01,-2.467917694133531237e-01,5.756478384289644978e-01
3.845000000000000284e+01,1.646260176808440576e+02,9.942627017822758262e+01,-2.607657070885193162e-01,-2.607657070885193162e-01,5.335521354604262356e-01
3.850000000000000000e+01,1.644873677486101826e+02,9.961119941365488728e+01,-2.313225299452962014e-01,-2.313225299452962014e-01,5.372490885995377941e-01
3.855000000000000426e+01,1.643505583590563504e+02,9.979795437620794019e+01,-2.036544858459734542e-01,-2.036544858459734542e-01,4.782603141831449634e-01
3.860000000000000142e+01,1.642149165516983089e+02,9.998699230693314632e+01,-1.923296349726886234e-01,-1.923296349726886234e-01,5.088929621136804027e-01
3.865000000000000568e+01,1.640821822463070134e+02,1.001733502310503781e+02,-1.865944828771010922e-01,-1.865944828771010922e-01,4.333525590759387258e-01
3.870000000000000284e+01,1.639488041577558590e+02,1.003622794869138062e+02,-1.646208776619222103e-01,-1.646208776619222103e-01,4.723134670612939012e-01
3.875000000000000000e+01,1.638170800107538128e+02,1.005520550950973302e+02,-1.199341135720459611e-01,-1.199341135720459611e-01,3.961907934546753385e-01
3.880000000000000426e+01,1.636874684556423460e+02,1.007445517320672792e+02,-1.763144048278042775e-01,-1.763144048278042775e-01,4.255819009757016991e-01
3.885000000000000142e+01,1.635558692394791365e+02,1.009339330840605129e+02,-1.794321784194008451e-01,-1.794321784194008451e-01,3.678717117853019802e-01
3.890000000000000568e+01,1.634215150732107702e+02,1.011284060120048451e+02,-2.207736618516053517e-01,-2.207736618516053517e-01,3.781402799371584300e-01
3.895000000000000284e+01,1.632846952584941675e+02,1.013223653540346731e+02,-2.096900184208759232e-01,-2.096900184208759232e-01,3.360493347930827435e-01
3.900000000000000000e+01,1.631477481062204049e+02,1.015191837172794322e+02,-2.723779361244204056e-01,-2.723779361244204056e-01,3.321820152208998511e-01
3.905000000000000426e+01,1.630065632003078520e+02,1.017160007705657421e+02,-2.029759443067562230e-01,-2.029759443067562230e-01,3.017924025531172338e-01
3.910000000000000142e+01,1.628690335243798870e+02,1.019159039501365243e+02,-1.948436642357495585e-01,-1.948436642357495585e-01,2.882988134800958946e-01
3.915000000000000568e+01,1.627329890805998787e+02,1.021152140600699454e+02,-1.652385661927785188e-01,-1.652385661927785188e-01,2.757483632784321070e-01
3.920000000000000284e+01,1.626019901614382945e+02,1.023101933093267917e+02,-1.197160567823027238e-01,-1.197160567823027238e-01,2.490621728591899398e-01
3.925000000000000000e+01,1.624739198014923716e+02,1.025066547471164995e+02,-9.117257394076777599e-02,-9.117257394076777599e-02,2.682765025811635340e-01
3.930000000000000426e+01,1.623476980213342244e+02,1.027039168521394430e+02,-6.401819536624003826e-02,-6.401819536624003826e-02,2.175656260949707654e-01
3.935000000000000142e+01,1.622222624328879022e+02,1.029037057775331334e+02,-1.302447097591767911e-01,-1.302447097591767911e-01,2.723852877078410950e-01
3.940000000000000568e+01,1.620939797404877822e+02,1.031001897200570312e+02,-1.249450968895576553e-01,-1.249450968895576553e-01,1.901504406272913339e-01
3.945000000000000284e+01,1.619663634617232901e+02,1.032968402290207877e+02,-8.568762583437497526e-02,-8.568762583437497526e-02,2.778094391123090978e-01
3.950000000000000000e+01,1.618394065137079849e+02,1.034977289218089567e+02,-9.056827838763935323e-02,-9.056827838763935323e-02,1.653214771839965624e-01
3.955000000000000426e+01,1.617111196623423268e+02,1.037005709764320187e+02,-2.864117059485856570e-02,-2.864117059485856570e-02,2.837137811327444803e-01
3.960000000000000142e+01,1.615840627420818976e+02,1.039096173238656462e+02,-9.085528293796114874e-02,-9.085528293796114874e-02,1.503855814537571611e-01
3.965000000000000568e+01,1.614534630060344682e+02,1.041170520821191587e+02,-8.047690952421129862e-02,-8.047690952421129862e-02,2.833871325308207068e-01
3.970000000000000284e+01,1.613218594071763334e+02,1.043278360919309762e+02,-7.635866621406021959e-02,-7.635866621406021959e-02,1.336263740732199223e-01
3.975000000000000000e+01,1.611882939362119487e+02,1.045428231590382921e+02,-1.400827943558257890e-03,-1.400827943558257890e-03,2.725928816709423663e-01
3.980000000000000426e+01,1.610591928481179309e+02,1.047598631560223907e+02,-1.938953770511505151e-02,-1.938953770511505151e-02,1.239815371764726309e-01
3.985000000000000142e+01,1.609314105409534363e+02,1.049724833649886335e+02,-4.440286201170333402e-02,-4.440286201170333402e-02,2.670062871021952611e-01
3.990000000000000568e+01,1.608042423363364435e+02,1.051810413885750108e+02,-5.528169648454495100e-02,-5.528169648454495100e-02,1.147743037779802716e-01
3.995000000000000284e+01,1.606762316647166529e+02,1.053899022131159597e+02,-4.831139348522388299e-02,-4.831139348522388299e-02,2.699187705057231601e-01
4.000000000000000000e+01,1.605475274789042146e+02,1.056010426729820466e+02,-8.733374871496368819e-02,-8.733374871496368819e-02,1.036521691318564031e-01
4.005000000000000426e+01,1.604186098996011651e+02,1.058078080223942834e+02,-1.558446878731879759e-01,-1.558446878731879759e-01,2.620162950213986708e-01
4.010000000000000142e+01,1.602870200161441403e+02,1.060109796596084522e+02,-1.422758606770752332e-01,-1.422758606770752332e-01,8.517248242830746663e-02
4.015000000000000568e+01,1.601547802369161957e+02,1.062173102234630022e+02,-1.165724920095288081e-01,-1.165724920095288081e-01,2.442617881640435362e-01
4.020000000000000284e+01,1.600240940693382754e+02,1.064243816967226763e+02,-1.152711518301790528e-01,-1.152711518301790528e-01,6.765365911265869281e-02
4.025000000000000000e+01,1.598902044630519583e+02,1.066375784553215027e+02,-6.728556216846888482e-02,-6.728556216846888482e-02,2.383711368243050521e-01
4.030000000000000426e+01,1.597564835143174946e+02,1.068569739847448403e+02,-1.124222524950029001e-01,-1.124222524950029001e-01,5.135878007867682171e-02
4.035000000000000142e+01,1.596206979349992423e+02,1.070745831165650515e+02,-4.145378451814298731e-02,-4.145378451814298731e-02,2.510760724198430327e-01
4.040000000000000568e+01,1.594920682629485214e+02,1.072890867589567137e+02,-3.425866704518373135e-02,-3.425866704518373135e-02,3.901966645712454107e-02
4.045000000000000284e+01,1.593647272238855805e+02,1.075024532580304708e+02,-1.856971523800123730e-02,-1.856971523800123730e-02,2.511183781989907993e-01
4.050000000000000000e+01,1.592353825398257356e+02,1.077213053248351855e+02,-3.738197153109295429e-02,-3.738197153109295429e-02,3.459361462960837408e-02
4.055000000000000426e+01,1.591035343564855111e+02,1.079422191031093803e+02,-1.986782190494570943e-02,-1.986782190494570943e-02,2.370787434882095368e-01
4.060000000000000142e+01,1.589747916357532631e+02,1.081601023658889602e+02,-1.255518976330449732e-01,-1.255518976330449732e-01,3.441460898650179623e-02
4.065000000000000568e+01,1.588411540944903493e+02,1.083729336368868275e+02,-1.549881322225541425e-01,-1.549881322225541425e-01,2.292201097491706752e-01
4.070000000000000284e+01,1.587056000766817476e+02,1.085860992214170437e+02,-1.449477128418874272e-01,-1.449477128418874272e-01,2.632762271470132434e-02
4.075000000000000000e+01,1.585711821204125727e+02,1.087985338173472769e+02,-1.281482990591151228e-01,-1.281482990591151228e-01,2.221631296251574961e-01
4.080000000000000426e+01,1.584367377716778265e+02,1.090133508129472375e+02,-9.550421600574522663e-02,-9.550421600574522663e-02,3.196808729376310332e-02
4.085000000000000142e+01,1.583045941833272536e+02,1.092289611064263823e+02,-1.006873192769703190e-01,-1.006873192769703190e-01,2.139719215552798870e-01
4.090000000000000568e+01,1.581710563992687071e+02,1.094464150454114275e+02,-1.111781353468592193e-01,-1.111781353468592193e-01,4.588758211710618901e-02
4.095000000000000284e+01,1.580382572266596242e+02,1.096616519480759422e+02,-1.057877947429519960e-01,-1.057877947429519960e-01,2.048109157897063104e-01
4.100000000000000000e+01,1.579041840566791848e+02,1.098799408104688808e+02,-5.108941629812329549e-02,-5.108941629812329549e-02,6.212134225200551668e-02
4.105000000000000426e+01,1.577752757667549020e+02,1.100965919946717975e+02,-1.127847189813009215e-01,-1.127847189813009215e-01,1.956121325660134802e-01
4.110000000000000142e+01,1.576410657270278932e+02,1.103145697095065287e+02,-1.289208729923274899e-01,-1.289208729923274899e-01,7.589484378757710425e-02
4.115000000000000568e+01,1.575047288891460084e+02,1.105342533399602445e+02,-9.666814218823277516e-02,-9.666814218823277516e-02,1.823477356124851567e-01
4.120000000000000284e+01,1.573676949443495516e+02,1.107596079025672822e+02,-7.612837604591422835e-02,-7.612837604591422835e-02,1.035622588025573027e-01
4.125000000000000000e+01,1.572312658556035956e+02,1.109870587695069162e+02,-1.799443104838603091e-01,-1.799443104838603091e-01,1.554759025437526254e-01
4.130000000000000426e+01,1.570919113204829500e+02,1.112067089201585048e+02,-1.662213254255267836e-01,-1.662213254255267836e-01,1.343858207656075943e-01
4.135000000000000142e+01,1.569532648561019244e+02,1.114268354137834365e+02,-1.532182444009772548e-01,-1.532182444009772548e-01,1.444011760245570708e-01
4.140000000000000568e+01,1.568168870897437159e+02,1.116452902581545885e+02,-2.358501525968874635e-01,-2.358501525968874635e-01,1.604758540463174232e-01
4.145000000000000284e+01,1.566774307770281780e+02,1.118593275841252250e+02,-1.958965637579842822e-01,-1.958965637579842822e-01,1.454825841187028512e-01
4.150000000000000000e+01,1.565398503259957863e+02,1.120751567621975369e+02,-2.317447943899791085e-01,-2.317447943899791085e-01,1.848301790960292235e-01
4.155000000000000426e+01,1.564003544525392329e+02,1.122894954912579379e+02,-2.964929047376783089e-01,-2.964929047376783089e-01,1.537285353062242677e-01
4.160000000000000142e+01,1.562593774492182490e+02,1.124987614819424806e+02,-2.777356666570317545e-01,-2.777356666570317545e-01,2.110057404576137774e-01
4.165000000000000568e+01,1.561194308465142342e+02,1.127103190082855093e+02,-3.019741501085694835e-01,-3.019741501085694835e-01,1.760486504190365287e-01
4.170000000000000284e+01,1.559794117548667600e+02,1.129181619098590943e+02,-2.882145823955514774e-01,-2.882145823955514774e-01,2.368785746700459716e-01
4.175000000000000000e+01,1.558394177846712125e+02,1.131297522813099050e+02,-1.933057903325569316e-01,-1.933057903325569316e-01,2.016936945780749835e-01
4.180000000000000426e+01,1.557056452235146367e+02,1.133421737489532291e+02,-2.588239315500442395e-01,-2.588239315500442395e-01,2.588331861152171620e-01
4.185000000000000142e+01,1.555702867984396391e+02,1.135494310605650696e+02,-3.213325726022984719e-01,-3.213325726022984719e-01,2.217525557399029346e-01
4.190000000000000568e+01,1.554313648977041282e+02,1.137566196508315244e+02,-2.957023368199768742e-01,-2.957023368199768742e-01,2.803963361818112010e-01
4.195000000000000284e+01,1.552936423870023361e+02,1.139646889377038832e+02,-3.345774403633856031e-01,-3.345774403633856031e-01,2.504055070692396412e-01
4.200000000000000000e+01,1.551558300217152464e+02,1.141688771780917193e+02,-3.781749977412973696e-01,-3.781749977412973696e-01,3.043252227675984356e-01
4.205000000000000426e+01,1.550144730744863750e+02,1.143737352743284532e+02,-3.727941077358833399e-01,-3.727941077358833399e-01,2.857221319724041475e-01
4.210000000000000142e+01,1.548716366274785230e+02,1.145823647674058918e+02,-3.846955308262529072e-01,-3.846955308262529072e-01,3.381405342738228459e-01
4.215000000000000568e+01,1.547256833988261064e+02,1.147957730571902175e+02,-4.086235102938703401e-01,-4.086235102938703401e-01,3.190445950846704792e-01
4.220000000000000284e+01,1.545787755319599910e+02,1.150100612905057886e+02,-3.880827708645935292e-01,-3.880827708645935292e-01,3.810928064154183725e-01
4.225000000000000000e+01,1.544333146029807438e+02,1.152237504790781912e+02,-4.550176315513230207e-01,-4.550176315513230207e-01,3.527439547270664888e-01
4.230000000000000426e+01,1.542833788594721796e+02,1.154365021786740755e+02,-4.179253972566080444e-01,-4.179253972566080444e-01,4.266095283716508924e-01
4.235000000000000142e+01,1.541384288878552127e+02,1.156462490135713779e+02,-4.943478495255040350e-01,-4.943478495255040350e-01,3.933777415432012647e-01
4.240000000000000568e+01,1.539895179615676568e+02,1.158558597273539590e+02,-5.083884626439687526e-01,-5.083884626439687526e-01,4.708146556486029199e-01
4.245000000000000284e+01,1.538405206094974744e+02,1.160625312868673120e+02,-5.467499334477151640e-01,-5.467499334477151640e-01,4.409097825738749199e-01
4.250000000000000000e+01,1.536905783234508363e+02,1.162684868122588568e+02,-5.358479255506541916e-01,-5.358479255506541916e-01,5.206756971454862271e-01
4.255000000000000426e+01,1.535406500376894030e+02,1.164754875671791581e+02,-5.017463442282049657e-01,-5.017463442282049657e-01,4.923355408630854524e-01
4.260000000000000142e+01,1.533937443286885411e+02,1.166841542628277040e+02,-4.364814099377506418e-01,-4.364814099377506418e-01,5.685638782652997492e-01
4.265000000000000568e+01,1.532488895414950036e+02,1.168979196654936175e+02,-4.358697975609253650e-01,-4.358697975609253650e-01,5.322610730721687444e-01
4.270000000000000284e+01,1.531080687319688138e+02,1.171045519859589632e+02,-4.713248342477075470e-01,-4.713248342477075470e-01,6.026106530165572517e-01
4.275000000000000000e+01,1.529673803622783623e+02,1.173076649893798589e+02,-4.597960127034279587e-01,-4.597960127034279587e-01,5.698324606785184487e-01
4.280000000000000426e+01,1.528259759254416110e+02,1.175135295491997312e+02,-4.715077358868275947e-01,-4.715077358868275947e-01,6.387602604439550635e-01
4.285000000000000142e+01,1.526851694953664094e+02,1.177189436947592611e+02,-4.391494612398357811e-01,-4.391494612398357811e-01,6.072449936139127091e-01
4.290000000000000568e+01,1.525489969867710158e+02,1.179210696558356517e+02,-4.066483779397614406e-01,-4.066483779397614406e-01,6.693527329757485989e-01
4.295000000000000284e+01,1.524136772896996774e+02,1.181253817737913181e+02,-4.191760815014632935e-01,-4.191760815014632935e-01,6.378882368629087418e-01
4.300000000000000000e+01,1.522795120303196654e+02,1.183273086485820045e+02,-4.037693460688411839e-01,-4.037693460688411839e-01,6.926643083550747537e-01
4.305000000000000426e+01,1.521463690022336266e+02,1.185320961908274313e+02,-3.563956201537089585e-01,-3.563956201537089585e-01,6.649661320699591371e-01
4.310000000000000142e+01,1.520152449331656612e+02,1.187384100115803705e+02,-3.368043944253521493e-01,-3.368043944253521493e-01,7.104383340502468114e-01
4.315000000000000568e+01,1.518859749263694709e+02,1.189457320542122147e+02,-3.628912242889417716e-01,-3.628912242889417716e-01,6.826570746420502767e-01
4.320000000000000284e+01,1.517544187487268346e+02,1.191528534438739229e+02,-3.895769372670647157e-01,-3.895769372670647157e-01,7.244576249234442322e-01
4.325000000000000000e+01,1.516250296283805028e+02,1.193523282237612477e+02,-3.506574993876047652e-01,-3.506574993876047652e-01,7.047993221986329493e-01
4.330000000000000426e+01,1.514986578457694577e+02,1.195533870117494359e+02,-3.764458429009078233e-01,-3.764458429009078233e-01,7.372687636620739449e-01
4.335000000000000142e+01,1.513703859206161439e+02,1.197531303769607405e+02,-3.742775835880916557e-01,-3.742775835880916557e-01,7.253862161681671195e-01
4.340000000000000568e+01,1.512425725291564618e+02,1.199546466514460406e+02,-3.426462903681525840e-01,-3.426462903681525840e-01,7.511740534155589843e-01
4.345000000000000284e+01,1.511147671352181305e+02,1.201599161782337575e+02,-3.337865894587727644e-01,-3.337865894587727644e-01,7.437751339059001099e-01
4.350000000000000000e+01,1.509890531958518523e+02,1.203637128047815565e+02,-3.208319162954776371e-01,-3.208319162954776371e-01,7.610344372370249078e-01
4.355000000000000426e+01,1.508630604523670797e+02,1.205687315477239423e+02,-2.758582287453915649e-01,-2.758582287453915649e-01,7.581465997713014993e-01
4.360000000000000142e+01,1.507399660833086443e+02,1.207761494681684979e+02,-2.505183742957364235e-01,-2.505183742957364235e-01,7.660512107040025054e-01
4.365000000000000568e+01,1.506175329134670449e+02,1.209845151883036749e+02,-2.128743522800853882e-01,-2.128743522800853882e-01,7.636564103687045746e-01
4.370000000000000284e+01,1.504959246742100731e+02,1.211955788145231168e+02,-2.341508243789801047e-01,-2.341508243789801047e-01,7.642424651478314512e-01
4.375000000000000000e+01,1.503725554215104410e+02,1.214087027179168103e+02,-2.737819472416730959e-01,-2.737819472416730959e-01,7.636190156963356124e-01
4.380000000000000426e+01,1.502451291025586499e+02,1.216234455612445657e+02,-2.395851818974848446e-01,-2.395851818974848446e-01,7.658784159483638110e-01
4.385000000000000142e+01,1.501192767222398743e+02,1.218385904703142586e+02,-2.716104667230191949e-01,-2.716104667230191949e-01,7.663914442661140525e-01
4.390000000000000568e+01,1.499886378187376579e+02,1.220582768672430660e+02,-2.313981563690115095e-01,-2.313981563690115095e-01,7.704003711240339225e-01
4.395000000000000284e+01,1.498612997341643336e+02,1.222783717230056055e+02,-2.237321815725018537e-01,-2.237321815725018537e-01,7.666151806118909340e-01
4.400000000000000000e+01,1.497360537957145823e+02,1.224963015264167012e+02,-1.537453590581953911e-01,-1.537453590581953911e-01,7.702240192707933142e-01
4.405000000000000426e+01,1.496130114399360309e+02,1.227187048596206864e+02,-1.156910774510909595e-01,-1.156910774510909595e-01,7.590460355137876869e-01
4.410000000000000142e+01,1.494876389909815089e+02,1.229485129502154024e+02,-1.097408311696421862e-01,-1.097408311696421862e-01,7.616620225567634073e-01
4.415000000000000568e+01,1.493618889435138044e+02,1.231806727355079971e+02,-1.140852581600770993e-01,-1.140852581600770993e-01,7.408847027369286353e-01
4.420000000000000284e+01,1.492347014391842777e+02,1.234139733935414398e+02,-1.541760832501201939e-01,-1.541760832501201939e-01,7.543341420390153873e-01
4.425000000000000000e+01,1.491048786725790762e+02,1.236455986128205495e+02,-1.690217673434100953e-01,-1.690217673434100953e-01,7.269302276190642287e-01
4.430000000000000426e+01,1.489752114706301995e+02,1.238755660985769822e+02,-1.421860187019532151e-01,-1.421860187019532151e-01,7.558645046173231297e-01
4.435000000000000142e+01,1.488456632573391403e+02,1.241082174370623363e+02,-2.063455488598144039e-01,-2.063455488598144039e-01,7.175418193908013054e-01
4.440000000000000568e+01,1.487134779007854490e+02,1.243377588010891373e+02,-2.104728614560145705e-01,-2.104728614560145705e-01,7.560101572175775830e-01
4.445000000000000284e+01,1.485822066772592223e+02,1.245659064418783686e+02,-2.263853244946877619e-01,-2.263853244946877619e-01,7.157082466583130076e-01
4.450000000000000000e+01,1.484490676265570812e+02,1.247945306519859798e+02,-2.218526042176530433e-01,-2.218526042176530433e-01,7.460981745386169317e-01
4.455000000000000426e+01,1.483152617273782994e+02,1.250241810276673817e+02,-2.224866381154216310e-01,-2.224866381154216310e-01,7.180702264357352593e-01
4.460000000000000142e+01,1.481822004883055968e+02,1.252534325924528389e+02,-1.867637775175115811e-01,-1.867637775175115811e-01,7.375740721703090141e-01
4.465000000000000568e+01,1.480498134783968567e+02,1.254855452083952088e+02,-1.336112334625925713e-01,-1.336112334625925713e-01,7.193334705591872824e-01
4.470000000000000284e+01,1.479217592304617028e+02,1.257173523038623131e+02,-1.788556941133499223e-01,-1.788556941133499223e-01,7.223385761248393155e-01
4.475000000000000000e+01,1.477917620906084721e+02,1.259452579056727046e+02,-2.789776541347867567e-01,-2.789776541347867567e-01,7.159210552729693422e-01
4.480000000000000426e+01,1.476566511327679052e+02,1.261701900722600982e+02,-2.907778312354669659e-01,-2.907778312354669659e-01,7.191623889118217150e-01
4.485000000000000142e+01,1.475201742223252097e+02,1.263951839123480312e+02,-3.171551699812434344e-01,-3.171551699812434344e-01,7.297358118440721020e-01
4.490000000000000568e+01,1.473796519356561987e+02,1.266241947257305327e+02,-2.510746303371468313e-01,-2.510746303371468313e-01,7.258145478540015683e-01
4.495000000000000284e+01,1.472429690411932768e+02,1.268567216768847175e+02,-2.436082095960228067e-01,-2.436082095960228067e-01,7.466360867658913270e-01
4.500000000000000000e+01,1.471059180900098511e+02,1.270900820009400860e+02,-2.306399330673218062e-01,-2.306399330673218062e-01,7.248933606112443195e-01
4.505000000000000426e+01,1.469673585195733381e+02,1.273277343608645822e+02,-2.626555636876438116e-01,-2.626555636876438116e-01,7.618281498024505050e-01
4.510000000000000142e+01,1.468266042162737790e+02,1.275641651123072222e+02,-1.583742216390200408e-01,-1.583742216390200408e-01,7.273417165127440409e-01
4.515000000000000568e+01,1.466906821331536435e+02,1.278073598426666564e+02,-1.472280515996453598e-01,-1.472280515996453598e-01,7.510989195234457627e-01
4.520000000000000284e+01,1.465555048693468336e+02,1.280495318295935192e+02,-1.902190859806255629e-01,-1.902190859806255629e-01,7.214234879935154110e-01
4.525000000000000000e+01,1.464146391607225155e+02,1.282963072828045199e+02,-2.046258523597859758e-01,-2.046258523597859758e-01,7.294080803502995813e-01
4.530000000000000426e+01,1.462756042751303198e+02,1.285381054675110875e+02,-1.396810960132989221e-01,-1.396810960132989221e-01,7.275546125723241220e-01
4.535000000000000142e+01,1.461398783405803670e+02,1.287816005233992200e+02,-1.549745689139000182e-01,-1.549745689139000182e-01,7.140241908710781571e-01
4.540000000000000568e+01,1.460041598872328450e+02,1.290236532410468442e+02,-1.031019065049658123e-01,-1.031019065049658123e-01,7.320473234572262289e-01
4.545000000000000284e+01,1.458713150745830944e+02,1.292663690621763806e+02,-5.320820883378438865e-02,-5.320820883378438865e-02,6.985401050003241519e-01
4.550000000000000000e+01,1.457406454514809013e+02,1.295123533908678155e+02,2.410542933378778674e-02,2.410542933378778674e-02,7.293882096425267081e-01
4.555000000000000426e+01,1.456139655549859810e+02,1.297603090772504117e+02,3.128789925825839480e-02,3.128789925825839480e-02,6.733902250963238467e-01
4.560000000000000142e+01,1.454895673764772255e+02,1.300047672120022071e+02,2.194503518855644292e-02,2.194503518855644292e-02,6.839353226618388737e-01
4.565000000000000568e+01,1.453628689533647105e+02,1.302512847040574115e+02,6.990032255241919457e-02,6.990032255241919457e-02,6.489291459679101814e-01
4.570000000000000284e+01,1.452385290429526776e+02,1.304990154207637261e+02,9.851551955418892670e-02,9.851551955418892670e-02,6.400488724360570147e-01
4.575000000000000000e+01,1.451169882992849409e+02,1.307450678606867029e+02,1.081162298567357322e-01,1.081162298567357322e-01,6.236014785566940111e-01
4.580000000000000426e+01,1.449974386779717577e+02,1.309882681123672228e+02,1.400135129888677443e-01,1.400135129888677443e-01,5.950524676687458658e-01
4.585000000000000142e+01,1.448784827122874788e+02,1.312336971999043840e+02,1.652632430721913959e-01,1.652632430721913959e-01,5.977971781757372982e-01
4.590000000000000568e+01,1.447581057797988535e+02,1.314840104934016836e+02,2.444842577827943675e-01,2.444842577827943675e-01,5.477658405807567243e-01
4.595000000000000284e+01,1.446410748429948967e+02,1.317375819246800290e+02,2.134848667777420606e-01,2.134848667777420606e-01,5.743536986785874321e-01
4.600000000000000000e+01,1.445237214716475194e+02,1.319870062308971796e+02,2.075428823793830091e-01,2.075428823793830091e-01,4.970283977937745568e-01
4.605000000000000426e+01,1.444047094196962462e+02,1.322374349862149643e+02,2.176195010149301334e-01,2.176195010149301334e-01,5.146520413118507165e-01
4.610000000000000142e+01,1.442851301054217856e+02,1.324892791627930535e+02,2.164230525822516682e-01,2.164230525822516682e-01,4.570921262747406622e-01
4.615000000000000568e+01,1.441660925878970829e+02,1.327390206234944685e+02,2.823745814221572115e-01,2.823745814221572115e-01,4.519845333248102559e-01
4.620000000000000284e+01,1.440496400258169274e+02,1.329918053568102607e+02,2.689328050687952998e-01,2.689328050687952998e-01,4.229229598969539983e-01
4.625000000000000000e+01,1.439312808217858901e+02,1.332453391971273788e+02,2.865034923543372525e-01,2.865034923543372525e-01,3.866311148935431818e-01
4.630000000000000426e+01,1.438133551291833214e+02,1.334989738110756434e+02,2.542458828054829367e-01,2.542458828054829367e-01,4.002462097749796555e-01
4.635000000000000142e+01,1.436951312254013828e+02,1.337486127636893514e+02,2.847062819033828185e-01,2.847062819033828185e-01,3.295498223376213121e-01
4.640000000000000568e+01,1.435806055460750486e+02,1.339948335128199801e+02,2.730246519682595352e-01,2.730246519682595352e-01,3.868692825730400964e-01
4.645000000000000284e+01,1.434636674834157191e+02,1.342421548800355424e+02,2.587516965800374935e-01,2.587516965800374935e-01,2.807478282067173425e-01
4.650000000000000000e+01,1.433471069720197590e+02,1.344866978134799638e+02,2.348896969957347813e-01,2.348896969957347813e-01,3.344375304681004302e-01
4.655000000000000426e+01,1.432286872233769941e+02,1.347301686049957823e+02,2.307000277683754486e-01,2.307000277683754486e-01,2.452204919866037280e-01
4.660000000000000142e+01,1.431090108376179728e+02,1.349747088288548014e+02,1.946177536917458040e-01,1.946177536917458040e-01,2.762518384796916471e-01
4.665000000000000568e+01,1.429861576655054876e+02,1.352195535221774776e+02,2.551013660479599654e-01,2.551013660479599654e-01,2.278903616427507550e-01
4.670000000000000284e+01,1.428673145348525679e+02,1.354642760333609885e+02,2.097521884028195061e-01,2.097521884028195061e-01,2.186827451736975125e-01
4.675000000000000000e+01,1.427460151776772648e+02,1.357064148976458000e+02,1.937670551051665357e-01,1.937670551051665357e-01,2.226511537499890891e-01
4.680000000000000426e+01,1.426247592216532780e+02,1.359462593761962808e+02,1.981207509734458083e-01,1.981207509734458083e-01,1.697237211491214870e-01
4.685000000000000142e+01,1.425067119894978873e+02,1.361806122128056415e+02,2.123240779376445453e-01,2.123240779376445453e-01,2.259315065932615829e-01
4.690000000000000568e+01,1.423929181738548095e+02,1.364090409373431783e+02,1.890355854173663697e-01,1.890355854173663697e-01,1.324890561018817192e-01
4.695000000000000284e+01,1.422788792142565910e+02,1.366341000814553865e+02,2.024543777023068980e-01,2.024543777023068980e-01,2.170687478026759876e-01
4.700000000000000000e+01,1.421668869749403825e+02,1.368566458102561683e+02,1.564893515357142495e-01,1.564893515357142495e-01,1.055078533509370281e-01
4.705000000000000426e+01,1.420517416724336215e+02,1.370778526669377584e+02,9.645580302263044581e-02,9.645580302263044581e-02,2.060691383410824806e-01
4.710000000000000142e+01,1.419354037200828600e+02,1.372935149941679924e+02,6.377128408193315223e-02,6.377128408193315223e-02,9.225223039065123809e-02
4.715000000000000568e+01,1.418202107575167190e+02,1.375024989980836381e+02,9.650449720295564693e-02,9.650449720295564693e-02,1.883110442373882865e-01
4.720000000000000284e+01,1.417081010084370689e+02,1.377103692753971984e+02,1.185712174133187469e-01,1.185712174133187469e-01,1.011416802147472038e-01
4.725000000000000000e+01,1.415984704348099399e+02,1.379164347147983278e+02,1.068105430406502965e-01,1.068105430406502965e-01,1.564109472324122785e-01
4.730000000000000426e+01,1.414866726275183737e+02,1.381240403877728511e+02,5.143650118607957789e-02,5.143650118607957789e-02,1.195450450414308335e-01
4.735000000000000142e+01,1.413732938218637685e+02,1.383273470649891976e+02,2.039976292572814182e-02,2.039976292572814182e-02,1.251730908739213943e-01
4.740000000000000568e+01,1.412596938952049470e+02,1.385268712465839371e+02,4.880109308710126742e-02,4.880109308710126742e-02,1.516850697298071371e-01
4.745000000000000284e+01,1.411461031073393713e+02,1.387299847300996873e+02,8.511497792687797159e-02,8.511497792687797159e-02,8.986304484727793140e-02
4.750000000000000000e+01,1.410351252585020632e+02,1.389330140853398063e+02,7.539618828329544553e-02,7.539618828329544553e-02,1.829693224306321309e-01
4.755000000000000426e+01,1.409237445960264949e+02,1.391351170178236032e+02,6.049639254977758063e-02,6.049639254977758063e-02,5.266222755124493060e-02
4.760000000000000142e+01,1.408107189158657491e+02,1.393380881819780086e+02,4.927612714008895722e-02,4.927612714008895722e-02,2.164047828470004597e-01
4.765000000000000568e+01,1.406973451318847310e+02,1.395399722502350812e+02,1.815140533414761129e-02,1.815140533414761129e-02,1.903927745987069736e-02
4.770000000000000284e+01,1.405847719653665422e+02,1.397364489129226683e+02,1.015849968124130920e-01,1.015849968124130920e-01,2.422117790978700336e-01
4.775000000000000000e+01,1.404774817036837362e+02,1.399346107222811213e+02,5.864638528269884576e-02,5.864638528269884576e-02,3.036186808744197052e-02
4.780000000000000426e+01,1.403665267337873672e+02,1.401330653352510467e+02,8.092271923982230844e-03,8.092271923982230844e-03,1.971045645859217099e-01
4.785000000000000142e+01,1.402526495780384437e+02,1.403300780847914382e+02,7.236996881693151095e-04,7.236996881693151095e-04,7.285209380388149580e-02
4.790000000000000568e+01,1.401365190592239856e+02,1.405300048484288027e+02,-7.411494118633164818e-02,-7.411494118633164818e-02,1.583771425600920824e-01
4.795000000000000284e+01,1.400154563850138061e+02,1.407289970842150808e+02,-1.303193695754034376e-01,-1.303193695754034376e-01,1.062975425591349693e-01
4.800000000000000000e+01,1.398902701155982413e+02,1.409279829381430602e+02,-1.694824547687232563e-01,-1.694824547687232563e-01,1.292096794656208414e-01
4.805000000000000426e+01,1.397645821354938676e+02,1.411233298075206051e+02,-7.981184465158780439e-02,-7.981184465158780439e-02,1.385208723084565552e-01
4.810000000000000142e+01,1.396431123396642988e+02,1.413229969365959846e+02,-8.690453027666442121e-02,-8.690453027666442121e-02,1.005493647851996852e-01
4.815000000000000568e+01,1.395205226951430006e+02,1.415241946729423148e+02,-8.026361785727144371e-02,-8.026361785727144371e-02,1.680521581659592534e-01
4.820000000000000284e+01,1.393979432072260352e+02,1.417261841164139184e+02,-2.586442698651456734e-02,-2.586442698651456734e-02,7.989378843124099461e-02
4.825000000000000000e+01,1.392798437063480890e+02,1.419276102825407406e+02,3.881687170314264412e-02,3.881687170314264412e-02,1.963535969142188586e-01
4.830000000000000426e+01,1.391668625286835663e+02,1.421284214082850781e+02,8.106847567864861048e-02,8.106847567864861048e-02,5.067536226148169204e-02
4.835000000000000142e+01,1.390539224876332582e+02,1.423343755836104378e+02,5.388233897332064815e-02,5.388233897332064815e-02,2.268487834541941806e-01
4.840000000000000568e+01,1.389419660621957178e+02,1.425349936590252184e+02,4.024738856407025084e-02,4.024738856407025084e-02,2.464312563911573092e-02
4.845000000000000284e+01,1.388308289446084700e+02,1.427323001938955258e+02,-3.447333970281430543e-02,-3.447333970281430543e-02,2.320202061579836050e-01
4.850000000000000000e+01,1.387154850230258489e+02,1.429272165060447151e+02,-4.215310562879151512e-02,-4.215310562879151512e-02,4.611270123752314598e-02
4.855000000000000426e+01,1.386012622145794353e+02,1.431193245284402167e+02,-9.840223298620304204e-02,-9.840223298620304204e-02,1.852547830818544738e-01
4.860000000000000142e+01,1.384835820146843730e+02,1.433106087273627338e+02,-9.062843797629932530e-02,-9.062843797629932530e-02,9.465334925247353981e-02
4.865000000000000568e+01,1.383672963238562943e+02,1.435002623833879909e+02,-1.778573012194267500e-01,-1.778573012194267500e-01,1.377853847384817587e-01
4.870000000000000284e+01,1.382478759559889170e+02,1.436844057772016185e+02,-1.810578937753249684e-01,-1.810578937753249684e-01,1.527356577733738618e-01
4.875000000000000000e+01,1.381268044278607761e+02,1.438711333883263137e+02,-1.269414776428023361e-01,-1.269414776428023361e-01,9.625534412854268307e-02
4.880000000000000426e+01,1.380088537853456501e+02,1.440603089238650512e+02,-1.208682677867400218e-01,-1.208682677867400218e-01,2.080775873485700145e-01
4.885000000000000142e+01,1.378908877255570360e+02,1.442501707672203679e+02,-8.744222848629024103e-02,-8.744222848629024103e-02,7.590250091532767251e-02
4.890000000000000568e+01,1.377767453342159456e+02,1.444380760893396882e+02,-1.055151948505768933e-01,-1.055151948505768933e-01,2.569221299905343203e-01
4.895000000000000284e+01,1.376639925806263420e+02,1.446213869088577155e+02,-8.471638483463773961e-02,-8.471638483463773961e-02,8.910265190895441667e-02
4.900000000000000000e+01,1.375534656915998255e+02,1.448039191870765023e+02,-1.012882929465641485e-01,-1.012882929465641485e-01,1.959117249564440999e-01
4.905000000000000426e+01,1.374402678656276180e+02,1.449889248778734725e+02,-1.542558147129968749e-01,-1.542558147129968749e-01,1.376144034296884755e-01
4.910000000000000142e+01,1.373245482750719759e+02,1.451720339488236675e+02,-1.133888401539453888e-01,-1.133888401539453888e-01,1.490649816752323553e-01
4.915000000000000568e+01,1.372133750491238402e+02,1.453528089295488996e+02,-1.464554458609673426e-01,-1.464554458609673426e-01,2.015384025634146536e-01
4.920000000000000284e+01,1.371008933035684549e+02,1.455322390976886879e+02,-1.479982053741019654e-01,-1.479982053741019654e-01,1.170133658000494375e-01
4.925000000000000000e+01,1.369909519224669907e+02,1.457072938853310404e+02,-9.436323024956368155e-02,-9.436323024956368155e-02,2.719460578539315554e-01
4.930000000000000426e+01,1.368847738613904710e+02,1.458822510341181840e+02,-1.172989040279113632e-01,-1.172989040279113632e-01,1.305142840144814520e-01
4.935000000000000142e+01,1.367781604906480766e+02,1.460553743760532939e+02,-8.266123859168010568e-02,-8.266123859168010568e-02,2.006586752412401198e-01
4.940000000000000568e+01,1.366715740633711107e+02,1.462329612829292387e+02,-8.688228199827525977e-02,-8.688228199827525977e-02,1.870508816271581887e-01
4.945000000000000284e+01,1.365659565140800282e+02,1.464085884177337107e+02,-8.334148850191715197e-02,-8.334148850191715197e-02,1.501359201089755846e-01
4.950000000000000000e+01,1.364598077329547152e+02,1.465861608587783564e+02,-7.359027891179108216e-02,-7.359027891179108216e-02,2.587491821384117485e-01
4.955000000000000426e+01,1.363542753831027028e+02,1.467635552183890582e+02,-3.804899986237594844e-02,-3.804899986237594844e-02,1.382048564786551303e-01
4.960000000000000142e+01,1.362507231707702147e+02,1.469424069602712279e+02,-1.099613471903142237e-01,-1.099613471903142237e-01,2.364049214103635110e-01
4.965000000000000568e+01,1.361446534293860964e+02,1.471166520520443726e+02,-4.347209088419380640e-02,-4.347209088419380640e-02,1.737370202559211374e-01
4.970000000000000284e+01,1.360402852661761131e+02,1.472963467541335376e+02,-6.531866724732286744e-02,-6.531866724732286744e-02,1.771420811422739494e-01
4.975000000000000000e+01,1.359340847826423442e+02,1.474761260664910196e+02,2.552264183416538129e-02,2.552264183416538129e-02,2.312866024309453150e-01
4.980000000000000426e+01,1.358318330994200096e+02,1.476609724291780310e+02,6.248153058437563856e-02,6.248153058437563856e-02,1.414683561404306011e-01
4.985000000000000142e+01,1.357300406913487620e+02,1.478495093852152422e+02,8.612372469177617673e-02,8.612372469177617673e-02,2.767939577444800126e-01
4.990000000000000568e+01,1.356304812974250069e+02,1.480368803353230760e+02,1.613310344339441687e-03,1.613310344339441687e-03,1.306107876011853575e-01
4.995000000000000284e+01,1.355257485339333812e+02,1.482221262384322245e+02,2.932451651427675846e-02,2.932451651427675846e-02,2.093892010433948958e-01
5.000000000000000000e+01,1.354222196679558579e+02,1.484087860562858054e+02,3.072107812923540252e-03,3.072107812923540252e-03,1.628229204690453957e-01
5.005000000000000426e+01,1.353175572633606691e+02,1.485934477389153017e+02,-8.344888267039936303e-02,-8.344888267039936303e-02,1.514310341064984688e-01
5.010000000000000142e+01,1.352088572358587157e+02,1.487739468739246149e+02,-1.156359503253461263e-01,-1.156359503253461263e-01,2.218550554337220260e-01
5.015000000000000568e+01,1.351001044047869186e+02,1.489506253203121844e+02,-1.289809499270755389e-01,-1.289809499270755389e-01,1.247814411227895215e-01
5.020000000000000284e+01,1.349916144195051686e+02,1.491256064871649585e+02,-8.462403687305340705e-02,-8.462403687305340705e-02,2.596994911073390311e-01
5.025000000000000000e+01,1.348823255118516613e+02,1.493066840977679419e+02,-6.621488550756075842e-02,-6.621488550756075842e-02,1.459191536733384920e-01
5.030000000000000426e+01,1.347735154992515731e+02,1.494872599883333919e+02,-9.624489841470013074e-02,-9.624489841470013074e-02,2.025755828553671145e-01
5.035000000000000142e+01,1.346645961745635134e+02,1.496643458267215010e+02,-2.525034538617168881e-02,-2.525034538617168881e-02,1.986000917566346502e-01
5.040000000000000568e+01,1.345595926466249921e+02,1.498441430297365287e+02,-1.159015797595528904e-02,-1.159015797595528904e-02,1.574934992466847372e-01
5.045000000000000284e+01,1.344534926768996854e+02,1.500249749547645877e+02,-2.075762761304883117e-02,-2.075762761304883117e-02,2.615330475568620749e-01
5.050000000000000000e+01,1.343459232059283863e+02,1.502072627160460456e+02,-3.046696190587050088e-02,-3.046696190587050088e-02,1.442889803716279895e-01
5.055000000000000426e+01,1.342351100413187339e+02,1.503906431810760012e+02,6.796963682059280198e-02,6.796963682059280198e-02,2.540832066931734690e-01
5.060000000000000142e+01,1.341286236169860615e+02,1.505755763204288371e+02,7.740610902518235692e-02,7.740610902518235692e-02,1.661044853772799534e-01
5.065000000000000568e+01,1.340208400040542074e+02,1.507633533067638609e+02,1.996938987927919518e-01,1.996938987927919518e-01,2.015264612694361857e-01
5.070000000000000284e+01,1.339184764896589286e+02,1.509533391518588985e+02,1.950003460059350491e-01,1.950003460059350491e-01,1.991430964117686941e-01
5.075000000000000000e+01,1.338164975072728282e+02,1.511413922953347821e+02,2.950351404555228152e-01,2.950351404555228152e-01,1.504792422257462958e-01
5.080000000000000426e+01,1.337157415892622225e+02,1.513347120335858449e+02,2.939079955198213856e-01,2.939079955198213856e-01,2.419662163704310032e-01
5.085000000000000142e+01,1.336096145238572888e+02,1.515306761225877779e+02,3.806219856394831291e-01,3.806219856394831291e-01,1.167983163477620268e-01
5.090000000000000568e+01,1.335038439256638299e+02,1.517306257019149882e+02,3.301418618738435895e-01,3.301418618738435895e-01,2.629162956080549618e-01
5.095000000000000284e+01,1.333976113006025059e+02,1.519247018418872983e+02,3.721135270154803387e-01,3.721135270154803387e-01,1.075630007369508256e-01
5.100000000000000000e+01,1.332964866830964752e+02,1.521155810204503496e+02,4.037982489093416283e-01,4.037982489093416283e-01,2.022828683237996861e-01
5.105000000000000426e+01,1.331972009517171216e+02,1.523059810154687170e+02,4.160697361660399829e-01,4.160697361660399829e-01,1.325372591162042313e-01
5.110000000000000142e+01,1.330974479245883515e+02,1.524965581120553679e+02,4.424813989679728388e-01,4.424813989679728388e-01,1.336876758920191033e-01
5.115000000000000568e+01,1.329958345037490517e+02,1.526873923557657520e+02,5.139947596532938867e-01,5.139947596532938867e-01,1.820468938405921666e-01
5.120000000000000284e+01,1.328945872538140804e+02,1.528800631880958178e+02,5.374164525067608444e-01,5.374164525067608444e-01,7.377140280290368779e-02
5.125000000000000000e+01,1.327931484560162971e+02,1.530732099983455328e+02,5.592425577293780314e-01,5.592425577293780314e-01,2.366177644475990494e-01
5.130000000000000426e+01,1.326946440124866058e+02,1.532635310350051725e+02,6.123888054498674016e-01,6.123888054498674016e-01,4.070633079996587717e-02
5.135000000000000142e+01,1.325956456504643484e+02,1.534546562537875047e+02,6.495796054786067142e-01,6.495796054786067142e-01,1.988687907594595405e-01
5.140000000000000568e+01,1.324986478290751108e+02,1.536450748726868483e+02,6.497611647863057449e-01,6.497611647863057449e-01,8.816328365265263534e-02
5.145000000000000284e+01,1.324010775109908593e+02,1.538339798373899896e+02,7.060791435838869035e-01,7.060791435838869035e-01,1.254314879398419902e-01
5.150000000000000000e+01,1.323059059001016067e+02,1.540213892972129486e+02,7.292947145978949663e-01,7.292947145978949663e-01,1.624648106120868685e-01
5.155000000000000426e+01,1.322115693859791747e+02,1.542078307980995930e+02,6.946048837027591905e-01,6.946048837027591905e-01,5.049837116985898128e-02
5.160000000000000142e+01,1.321162597549268582e+02,1.543902734249848265e+02,7.006974388530476938e-01,7.006974388530476938e-01,2.472789949958877631e-01
5.165000000000000568e+01,1.320200117362276444e+02,1.545718711723727665e+02,6.631407406293530205e-01,6.631407406293530205e-01,5.483132229909083721e-02
5.170000000000000284e+01,1.319187115748744361e+02,1.547507002942323311e+02,6.016349012677797425e-01,6.016349012677797425e-01,1.700220863850678554e-01
5.175000000000000000e+01,1.318151189074220895e+02,1.549246657941640990e+02,6.525015516722668663e-01,6.525015516722668663e-01,1.349644192853869940e-01
5.180000000000000426e+01,1.317072327879076852e+02,1.551017538793829829e+02,5.988912511414534734e-01,5.988912511414534734e-01,8.438483288785152137e-02
5.185000000000000142e+01,1.315955765862015028e+02,1.552757368269079450e+02,6.428314967734535257e-01,6.428314967734535257e-01,2.146685885672066085e-01
5.190000000000000568e+01,1.314792202750297179e+02,1.554521607631097027e+02,7.135720783819223811e-01,7.135720783819223811e-01,1.216324944371485924e-02
5.195000000000000284e+01,1.313643347445344602e+02,1.556285656088455198e+02,7.028186617089031696e-01,7.028186617089031696e-01,2.079146339771481833e-01
5.200000000000000000e+01,1.312486624425024786e+02,1.558027588141283957e+02,6.756195594117812009e-01,6.756195594117812009e-01,8.164326234936696014e-02
5.205000000000000426e+01,1.311312102512255251e+02,1.559742413660040654e+02,7.527996666235223788e-01,7.527996666235223788e-01,1.292093090613614936e-01
5.210000000000000142e+01,1.310144835920965818e+02,1.561466364179255493e+02,8.601268523212297623e-01,8.601268523212297623e-01,1.684501635553814214e-01
5.215000000000000568e+01,1.308991168247090684e+02,1.563234833072536389e+02,9.344484787154682115e-01,9.344484787154682115e-01,7.038693459213665737e-02
5.220000000000000284e+01,1.307844930421622678e+02,1.565009098486329719e+02,8.984235142397409835e-01,8.984235142397409835e-01,2.469014395654296201e-01
5.225000000000000000e+01,1.306713212630704390e+02,1.566730469058472011e+02,8.416026220135591762e-01,8.416026220135591762e-01,8.052883849942719940e-02
5.230000000000000426e+01,1.305568904776929173e+02,1.568399543937587453e+02,8.564959277522008474e-01,8.564959277522008474e-01,1.902760520606766592e-01
5.235000000000000142e+01,1.304453596594294140e+02,1.570043408214627050e+02,9.396828786201378847e-01,9.396828786201378847e-01,1.660683502321457228e-01
5.240000000000000568e+01,1.303371956509122640e+02,1.571703048766033817e+02,8.615645944869851913e-01,8.615645944869851913e-01,1.308736986515531830e-01
5.245000000000000284e+01,1.302261563920512515e+02,1.573305435574799276e+02,9.075323071486827153e-01,9.075323071486827153e-01,2.685934587012303587e-01
5.250000000000000000e+01,1.301107410997595650e+02,1.574922291145039424e+02,8.407956389279901410e-01,8.407956389279901410e-01,1.514574089186035699e-01
5.255000000000000426e+01,1.299930987211961622e+02,1.576486118113227235e+02,9.333144504598072100e-01,9.333144504598072100e-01,2.304460818155751600e-01
5.260000000000000142e+01,1.298735065790223189e+02,1.578081328109550441e+02,9.420613216465104633e-01,9.420613216465104633e-01,2.249263726263761309e-01
5.265000000000000568e+01,1.297568219313556312e+02,1.579649600075624107e+02,9.769717048336913345e-01,9.769717048336913345e-01,2.154913420048253647e-01
5.270000000000000284e+01,1.296395429687656531e+02,1.581219431290304556e+02,9.504483435327644170e-01,9.504483435327644170e-01,3.005924860217872308e-01
5.275000000000000000e+01,1.295169092710231382e+02,1.582759787599408980e+02,9.644965002483109062e-01,9.644965002483109062e-01,2.306884492690514654e-01
5.280000000000000426e+01,1.293918068104238159e+02,1.584295305017359112e+02,9.160537456295835268e-01,9.160537456295835268e-01,3.084036638168495825e-01
5.285000000000000142e+01,1.292639671459252497e+02,1.585777742302347804e+02,8.925600860903463163e-01,8.925600860903463163e-01,2.779182874459162345e-01
5.290000000000000568e+01,1.291356311040595699e+02,1.587227330411943456e+02,8.219662756640203627e-01,8.219662756640203627e-01,2.948890541494753603e-01
5.295000000000000284e+01,1.290026950881110679e+02,1.588628680909644686e+02,9.073988242585739883e-01,9.073988242585739883e-01,3.487193186003991197e-01
5.300000000000000000e+01,1.288678935708362019e+02,1.590053229389132241e+02,9.769225618850102544e-01,9.769225618850102544e-01,3.132791535424215845e-01
5.305000000000000426e+01,1.287313730832235308e+02,1.591490375866002012e+02,9.183261614933890815e-01,9.183261614933890815e-01,3.909442819494660104e-01
5.310000000000000142e+01,1.285876415197794529e+02,1.592888723413722403e+02,9.206858121997256728e-01,9.206858121997256728e-01,3.503759659319292119e-01
5.315000000000000568e+01,1.284393928366551734e+02,1.594263281703281621e+02,9.049587309799762558e-01,9.049587309799762558e-01,3.925483219090994957e-01
5.320000000000000284e+01,1.282920520419690718e+02,1.595606738771584219e+02,9.654617770663231902e-01,9.654617770663231902e-01,4.054452823572112230e-01
5.325000000000000000e+01,1.281402739526654670e+02,1.596958747146094879e+02,9.760430953576624269e-01,9.760430953576624269e-01,4.080065433257689667e-01
5.330000000000000426e+01,1.279853744326579488e+02,1.598300823245510287e+02,1.025056354057994668e+00,1.025056354057994668e+00,4.610867849942302810e-01
5.335000000000000142e+01,1.278276350573146232e+02,1.599639046763856811e+02,1.088568245216983810e+00,1.088568245216983810e+00,4.345396882368646185e-01
5.340000000000000568e+01,1.276678153438244152e+02,1.600980178349442724e+02,1.203829707427173323e+00,1.203829707427173323e+00,5.024955825364070261e-01
5.345000000000000284e+01,1.275085754161722917e+02,1.602361175786374758e+02,1.176178493429242078e+00,1.176178493429242078e+00,4.557308313475115780e-01
5.350000000000000000e+01,1.273480079036521602e+02,1.603695707910467547e+02,1.149190387449052109e+00,1.149190387449052109e+00,4.956609775840081777e-01
5.355000000000000426e+01,1.271832337813806788e+02,1.604993311499686683e+02,1.117484898893946976e+00,1.117484898893946976e+00,4.782087041311677833e-01
5.360000000000000142e+01,1.270183562997169133e+02,1.606250498633650921e+02,1.130618666866372690e+00,1.130618666866372690e+00,4.972054011831907316e-01
5.365000000000000568e+01,1.268564077377566690e+02,1.607491319807850800e+02,1.119114449839326841e+00,1.119114449839326841e+00,5.037231205667608291e-01
5.370000000000000284e+01,1.266907394522291241e+02,1.608697742402590336e+02,1.129326140575096726e+00,1.129326140575096726e+00,4.962400949640601300e-01
5.375000000000000000e+01,1.265222910665676039e+02,1.609886582106329342e+02,1.200399170421032835e+00,1.200399170421032835e+00,5.326427482270450486e-01
5.380000000000000426e+01,1.263500689384959230e+02,1.611086735412609130e+02,1.190180879030131145e+00,1.190180879030131145e+00,5.008356547294898764e-01
5.385000000000000142e+01,1.261758788359046264e+02,1.612257018598837988e+02,1.151104529592610115e+00,1.151104529592610115e+00,5.564513626363968291e-01
5.390000000000000568e+01,1.260031337186792513e+02,1.613383487439731994e+02,1.239535166085395712e+00,1.239535166085395712e+00,5.071658715777244142e-01
5.395000000000000284e+01,1.258293787834610526e+02,1.614533454589678456e+02,1.242399492323776000e+00,1.242399492323776000e+00,5.370727113625836102e-01
5.400000000000000000e+01,1.256557155035063431e+02,1.615666138654427471e+02,1.196033571940135598e+00,1.196033571940135598e+00,5.054770196227702517e-01
5.405000000000000426e+01,1.254797914052372931e+02,1.616746794663700939e+02,1.175806783957589863e+00,1.175806783957589863e+00,5.146438141711209280e-01
5.410000000000000142e+01,1.253075431747843993e+02,1.617797530527074912e+02,1.127548619474307623e+00,1.127548619474307623e+00,5.100374225941323170e-01
5.415000000000000568e+01,1.251393482039005960e+02,1.618804324545525049e+02,1.105534757480237662e+00,1.105534757480237662e+00,4.894205233453787218e-01
5.420000000000000284e+01,1.249734876027354602e+02,1.619780068065661283e+02,1.158326881596735802e+00,1.158326881596735802e+00,5.226660513176704104e-01
5.425000000000000000e+01,1.248077444637835924e+02,1.620762605308065076e+02,1.191921160094493448e+00,1.191921160094493448e+00,4.653142260432749366e-01
5.430000000000000426e+01,1.246422029845084580e+02,1.621740477900343080e+02,1.158901648856919486e+00,1.158901648856919486e+00,4.840077969167372873e-01
5.435000000000000142e+01,1.244715616760218921e+02,1.622679699359917720e+02,1.125134276208825446e+00,1.125134276208825446e+00,4.529940958177114396e-01
5.440000000000000568e+01,1.243054596021317906e+02,1.623586415384668840e+02,1.109899042926675738e+00,1.109899042926675738e+00,4.311280409854700846e-01
5.445000000000000284e+01,1.241393012198461889e+02,1.624462456667097570e+02,1.038953304334569339e+00,1.038953304334569339e+00,4.667031193975084147e-01
5.450000000000000000e+01,1.239706219523942821e+02,1.625272634630864843e+02,1.104359815825332714e+00,1.104359815825332714e+00,4.013186030284627281e-01
5.455000000000000426e+01,1.237981033258458297e+02,1.626101897876058615e+02,1.044353463283575367e+00,1.044353463283575367e+00,4.188236924503956349e-01
5.460000000000000142e+01,1.236246264961485224e+02,1.626873651510145180e+02,1.066530177033477633e+00,1.066530177033477633e+00,4.006063974496712476e-01
5.465000000000000568e+01,1.234480447602247750e+02,1.627643117600538858e+02,1.017860550432849287e+00,1.017860550432849287e+00,3.682619343835050740e-01
5.470000000000000284e+01,1.232683018106817343e+02,1.628370405907306804e+02,9.689118523528884586e-01,9.689118523528884586e-01,4.263658291027503933e-01
5.475000000000000000e+01,1.230850108753596430e+02,1.629039133999152682e+02,9.395704266404557581e-01,9.395704266404557581e-01,3.491101662724757637e-01
5.480000000000000426e+01,1.229055749133935080e+02,1.629679689509763136e+02,9.116567892009260765e-01,9.116567892009260765e-01,3.711641672712956974e-01
5.485000000000000142e+01,1.227247637455054701e+02,1.630280340447933725e+02,9.025282096825781863e-01,9.025282096825781863e-01,3.625676036442604389e-01
5.490000000000000568e+01,1.225453658432568602e+02,1.630859299801428222e+02,8.757684966330333554e-01,8.757684966330333554e-01,3.260577769456173280e-01
5.495000000000000284e+01,1.223662836714764097e+02,1.631418975501446198e+02,8.551397715763839891e-01,8.551397715763839891e-01,3.911401839129808877e-01
5.500000000000000000e+01,1.221858214227210908e+02,1.631943407569517035e+02,8.252558205490548859e-01,8.252558205490548859e-01,3.129030282845218780e-01
5.505000000000000426e+01,1.220003688505556596e+02,1.632432894373501995e+02,7.424769751480000402e-01,7.424769751480000402e-01,3.232870521948215670e-01
5.510000000000000142e+01,1.218203415456504928e+02,1.632868239724818693e+02,7.533898817840868345e-01,7.533898817840868345e-01,3.439705769996962981e-01
5.515000000000000568e+01,1.216399912977831548e+02,1.633292288954378932e+02,8.539347206704744897e-01,8.539347206704744897e-01,2.851855301562528644e-01
5.520000000000000284e+01,1.214625025411492203e+02,1.633767111012139992e+02,7.896899127432601695e-01,7.896899127432601695e-01,3.305430775282953149e-01
5.525000000000000000e+01,1.212836455238315523e+02,1.634198314024946228e+02,7.831627850904320232e-01,7.831627850904320232e-01,2.811168760146536272e-01
5.530000000000000426e+01,1.211073180669470588e+02,1.634615351150576714e+02,8.182978682794734837e-01,8.182978682794734837e-01,2.487637662028014673e-01
5.535000000000000142e+01,1.209360235372869852e+02,1.635032033810638268e+02,7.849722782612108540e-01,7.849722782612108540e-01,3.281362038330346009e-01
5.540000000000000568e+01,1.207626344364908419e+02,1.635423809003105475e+02,8.000179475687163588e-01,8.000179475687163588e-01,2.158045545442534019e-01
5.545000000000000284e+01,1.205900846694386530e+02,1.635809427071608582e+02,6.990531423229184860e-01,6.990531423229184860e-01,2.090493890485863038e-01
5.550000000000000000e+01,1.204142530463707459e+02,1.636124562119651387e+02,7.146518254150966420e-01,7.146518254150966420e-01,2.707886266116714680e-01
5.555000000000000426e+01,1.202339472922396055e+02,1.636437617364696564e+02,6.377027580894560899e-01,6.377027580894560899e-01,1.514888595252738557e-01
5.560000000000000142e+01,1.200530761861422775e+02,1.636683759235411912e+02,5.599309112289715396e-01,5.599309112289715396e-01,2.033872229006438714e-01
5.565000000000000568e+01,1.198706104171189253e+02,1.636861373157094590e+02,5.004982741213078734e-01,5.004982741213078734e-01,2.030098209014779831e-01
5.570000000000000284e+01,1.196873486081248075e+02,1.637000211861809476e+02,5.000800455161960034e-01,5.000800455161960034e-01,1.190676841830441562e-01
5.575000000000000000e+01,1.195025360911156582e+02,1.637122138920925636e+02,4.982153087107654144e-01,4.982153087107654144e-01,2.360076297579359050e-01
5.580000000000000426e+01,1.193181683351683660e+02,1.637231759394311439e+02,5.568041705017389154e-01,5.568041705017389154e-01,1.399372772000279652e-01
5.585000000000000142e+01,1.191371956553403919e+02,1.637391787852540688e+02,5.383362577593301390e-01,5.383362577593301390e-01,1.111346620585843964e-01
5.590000000000000568e+01,1.189584289268162252e+02,1.637533180490995051e+02,4.990382411610277957e-01,4.990382411610277957e-01,2.464020492896174253e-01
5.595000000000000284e+01,1.187815913717642218e+02,1.637642050631270081e+02,4.727816756506163509e-01,4.727816756506163509e-01,7.442612842489634839e-02
5.600000000000000000e+01,1.186024903181670425e+02,1.637715199419027954e+02,4.950978620882839354e-01,4.950978620882839354e-01,1.176845746203254994e-01
5.605000000000000426e+01,1.184241233289616844e+02,1.637809260640641185e+02,5.502211926476108239e-01,5.502211926476108239e-01,2.060682460886973932e-01
5.610000000000000142e+01,1.182516140138270373e+02,1.637926464686799761e+02,4.847247456473455229e-01,4.847247456473455229e-01,4.432125478767896115e-02
5.615000000000000568e+01,1.180808635229901427e+02,1.638013100667318156e+02,5.067534077536819392e-01,5.067534077536819392e-01,1.432653985589988077e-01
5.620000000000000284e+01,1.179102154616371365e+02,1.638102293164117498e+02,5.883180571524505575e-01,5.883180571524505575e-01,2.145704665624225127e-01
5.625000000000000000e+01,1.177391487151830347e+02,1.638229020931833873e+02,5.398748805518718274e-01,5.398748805518718274e-01,1.186745400399810413e-01
5.630000000000000426e+01,1.175658241354671958e+02,1.638324230121519633e+02,6.196401098414316966e-01,6.196401098414316966e-01,2.021617584548111024e-01
5.635000000000000142e+01,1.173934535502606167e+02,1.638460275263147423e+02,5.791940819349996605e-01,5.791940819349996605e-01,2.648192054819519803e-01
5.640000000000000568e+01,1.172162201947968754e+02,1.638560654018916978e+02,5.337259877914566353e-01,5.337259877914566353e-01,2.183614135875389939e-01
5.645000000000000284e+01,1.170424022916840130e+02,1.638629924529781476e+02,4.712119541026938419e-01,4.712119541026938419e-01,2.925078342883836724e-01
5.650000000000000000e+01,1.168740184013703214e+02,1.638664592242197102e+02,4.521986543187562768e-01,4.521986543187562768e-01,3.262701378768338434e-01
5.655000000000000426e+01,1.167084049057307595e+02,1.638684666532772667e+02,4.034636612949082934e-01,4.034636612949082934e-01,2.988468142117039483e-01
5.660000000000000142e+01,1.165439159947308383e+02,1.638665404882263488e+02,4.264683960697940868e-01,4.264683960697940868e-01,3.524995189841979570e-01
5.665000000000000568e+01,1.163750685732592416e+02,1.638655619387525633e+02,3.961851968427930748e-01,3.961851968427930748e-01,3.854940863896875736e-01
5.670000000000000284e+01,1.162047674641904251e+02,1.638610499209225111e+02,3.403380081785062350e-01,3.403380081785062350e-01,3.593500824018312501e-01
5.675000000000000000e+01,1.160315048742960329e+02,1.638527330753061051e+02,2.854212116736091764e-01,2.854212116736091764e-01,4.077667794739378015e-01
5.680000000000000426e+01,1.158618333331006909e+02,1.638410192372499807e+02,3.709685621843932801e-01,3.709685621843932801e-01,4.201020179527183984e-01
5.685000000000000142e+01,1.156906926373123383e+02,1.638336630412316310e+02,3.497726576170930302e-01,3.497726576170930302e-01,4.014329376057730880e-01
5.690000000000000568e+01,1.155183934419862624e+02,1.638254034963100594e+02,3.335930865110893762e-01,3.335930865110893762e-01,4.520246631816000060e-01
5.695000000000000284e+01,1.153470719119509624e+02,1.638154975178687778e+02,3.675639037028802791e-01,3.675639037028802791e-01,4.556564961399400815e-01
5.700000000000000000e+01,1.151739216346578871e+02,1.638081577321669897e+02,3.395377316071084839e-01,3.395377316071084839e-01,4.463810447835099837e-01
5.705000000000000426e+01,1.150016373952075952e+02,1.637982994102829082e+02,2.864441578797262133e-01,2.864441578797262133e-01,4.983488767460210189e-01
5.710000000000000142e+01,1.148256921432122510e+02,1.637845584347654722e+02,2.106868536200015851e-01,2.106868536200015851e-01,4.868092366572294716e-01
5.715000000000000568e+01,1.146470806096170776e+02,1.637643565250297684e+02,2.004696466191850379e-01,2.004696466191850379e-01,4.763076945029172671e-01
5.720000000000000284e+01,1.144716583881285885e+02,1.637438013174207185e+02,1.196854247448655706e-01,1.196854247448655706e-01,5.283974551734117453e-01
5.725000000000000000e+01,1.142977028655320595e+02,1.637189127730434279e+02,1.123031039342417686e-01,1.123031039342417686e-01,4.850504654933026627e-01
5.730000000000000426e+01,1.141224867320524794e+02,1.636929339239976571e+02,1.015779320540231290e-01,1.015779320540231290e-01,4.806860711000544573e-01
5.735000000000000142e+01,1.139475061913377090e+02,1.636660295585572271e+02,1.427052964251022682e-01,1.427052964251022682e-01,5.276969229447450171e-01
5.740000000000000568e+01,1.137692541985294952e+02,1.636417086298544632e+02,1.394669451764393442e-01,1.394669451764393442e-01,4.741797842372045269e-01
5.745000000000000284e+01,1.135929467199539005e+02,1.636172790127054952e+02,1.796886595192946912e-01,1.796886595192946912e-01,4.849252284023873871e-01
5.750000000000000000e+01,1.134194168855516978e+02,1.635957728549447836e+02,1.739715931190864429e-01,1.739715931190864429e-01,5.144784832115704143e-01
5.755000000000000426e+01,1.132495965635550021e+02,1.635743942178837642e+02,1.428774837533284825e-01,1.428774837533284825e-01,4.750818085010573566e-01
5.760000000000000142e+01,1.130789182681087510e+02,1.635514426170241506e+02,1.077531352902613287e-01,1.077531352902613287e-01,4.941996365641433409e-01
5.765000000000000568e+01,1.129105879353706570e+02,1.635263627020054003e+02,1.404500849456516431e-01,1.404500849456516431e-01,5.084577772154875719e-01
5.770000000000000284e+01,1.127397947188909058e+02,1.635025337346752679e+02,1.468190789795120466e-01,1.468190789795120466e-01,4.718037764823543867e-01
5.775000000000000000e+01,1.125703722775237878e+02,1.634801702646108765e+02,1.699324447097361468e-01,1.699324447097361468e-01,4.968465974509869709e-01
5.780000000000000426e+01,1.123986685075491607e+02,1.634583716455579179e+02,1.437670847890946124e-01,1.437670847890946124e-01,5.035685412817568762e-01
5.785000000000000142e+01,1.122293864077526990e+02,1.634350559720205354e+02,1.208189129330797668e-01,1.208189129330797668e-01,4.735339766220181823e-01
5.790000000000000568e+01,1.120593638960991143e+02,1.634107254611562041e+02,1.436795748816920293e-01,1.436795748816920293e-01,5.027226413849912312e-01
5.795000000000000284e+01,1.118933471439837746e+02,1.633885818615243011e+02,9.746982324409658727e-02,9.746982324409658727e-02,4.987277364245203959e-01
5.800000000000000000e+01,1.117237134463632913e+02,1.633621829535054530e+02,7.130161021840993041e-02,7.130161021840993041e-02,4.697452979040866450e-01
5.805000000000000426e+01,1.115557761115921949e+02,1.633350579286896220e+02,7.823589940613011329e-02,7.823589940613011329e-02,5.000712449864953557e-01
5.810000000000000142e+01,1.113892041880970822e+02,1.633085101037634388e+02,5.600970716542338738e-03,5.600970716542338738e-03,4.841939634334039289e-01
5.815000000000000568e+01,1.112252473218792801e+02,1.632775372184949561e+02,2.050889878771813835e-02,2.050889878771813835e-02,4.534085730214026944e-01
5.820000000000000284e+01,1.110597449151715495e+02,1.632472053875580400e+02,-2.704930999585685586e-02,-2.704930999585685586e-02,4.834148175246717472e-01
5.825000000000000000e+01,1.108947836678958225e+02,1.632143602182165125e+02,-4.703175727610876822e-02,-4.703175727610876822e-02,4.575353223145522397e-01
5.830000000000000426e+01,1.107283336908940896e+02,1.631800335506802355e+02,-2.371549393883983295e-02,-2.371549393883983295e-02,4.242994487400477688e-01
5.835000000000000142e+01,1.105619211018696575e+02,1.631476980343579442e+02,-2.647877927545859780e-02,-2.647877927545859780e-02,4.582506617014209804e-01
5.840000000000000568e+01,1.103946933764065932e+02,1.631150997383096239e+02,-5.841644883729157217e-02,-5.841644883729157217e-02,4.248500264039962726e-01
5.845000000000000284e+01,1.102218332308457320e+02,1.630798592655933419e+02,-1.385164139823783225e-01,-1.385164139823783225e-01,3.950445782205272427e-01
5.850000000000000000e+01,1.100538595825400563e+02,1.630403047446040432e+02,-1.578016528468221547e-01,-1.578016528468221547e-01,4.339009826171659756e-01
5.855000000000000426e+01,1.098894210063958781e+02,1.630002986546365378e+02,-8.651719898370831274e-02,-8.651719898370831274e-02,3.759636275112366866e-01
5.860000000000000142e+01,1.097196517706193788e+02,1.629645612798788363e+02,-1.115054708526589528e-01,-1.115054708526589528e-01,3.511506158147182366e-01
5.865000000000000568e+01,1.095532134357846417e+02,1.629278718593797919e+02,-1.282739166265655928e-01,-1.282739166265655928e-01,4.038167590912375426e-01
5.870000000000000284e+01,1.093889643765125470e+02,1.628906593832855378e+02,-1.193128554484651493e-01,-1.193128554484651493e-01,3.329954863192917114e-01
5.875000000000000000e+01,1.092247146523597792e+02,1.628543450405074111e+02,-9.286458537298837579e-02,-9.286458537298837579e-02,3.108952444810545446e-01
5.880000000000000426e+01,1.090597142799042842e+02,1.628198923761087258e+02,-1.124139568026732011e-01,-1.124139568026732011e-01,3.746759445587786730e-01
5.885000000000000142e+01,1.088956054011178622e+02,1.627845144927946421e+02,-1.320150377892894966e-01,-1.320150377892894966e-01,2.947640753429694449e-01
5.890000000000000568e+01,1.087321395656238820e+02,1.627482424560523384e+02,-1.504304608052584036e-01,-1.504304608052584036e-01,2.743385661488313976e-01
5.895000000000000284e+01,1.085688781790460666e+02,1.627111697935262384e+02,-7.928237386292970312e-02,-7.928237386292970312e-02,3.453323205238096327e-01
5.900000000000000000e+01,1.084057197780323349e+02,1.626788926543447928e+02,-1.314454365027926397e-01,-1.314454365027926397e-01,2.580477137534734067e-01
5.905000000000000426e+01,1.082406724469143739e+02,1.626432320655937360e+02,-1.232326747831760799e-01,-1.232326747831760799e-01,2.390179362776184702e-01
5.910000000000000142e+01,1.080797146521431387e+02,1.626088931706424603e+02,-1.231662637946164679e-01,-1.231662637946164679e-01,3.209139654733071945e-01
5.915000000000000568e+01,1.079168523622600162e+02,1.625744359126231018e+02,-7.581529319975556513e-02,-7.581529319975556513e-02,2.233757197620321877e-01
5.920000000000000284e+01,1.077514062148860035e+02,1.625430196211376028e+02,-4.819384767985401830e-02,-4.819384767985401830e-02,2.077080213844645917e-01
5.925000000000000000e+01,1.075877179572869409e+02,1.625137824657305430e+02,-1.267721201633119077e-01,-1.267721201633119077e-01,3.046952262176692572e-01
5.930000000000000426e+01,1.074244646981861564e+02,1.624795793187217896e+02,-1.057690567601538290e-01,-1.057690567601538290e-01,1.975272369900246960e-01
5.935000000000000142e+01,1.072579094205632231e+02,1.624466655890429365e+02,-8.871418929240532103e-02,-8.871418929240532103e-02,1.826524955615211332e-01
5.940000000000000568e+01,1.070841923772714068e+02,1.624140689377445312e+02,-5.080641652059193769e-02,-5.080641652059193769e-02,2.891977453264987785e-01
5.945000000000000284e+01,1.069077069147892303e+02,1.623836730318342063e+02,4.018066341607964479e-05,4.018066341607964479e-05,1.631486637468876344e-01
5.950000000000000000e+01,1.067306800800823083e+02,1.623565669563123208e+02,6.372696488519733089e-03,6.372696488519733089e-03,1.863628719528331867e-01
5.955000000000000426e+01,1.065545375029240063e+02,1.623301760760560910e+02,4.456715922957148190e-02,4.456715922957148190e-02,2.511630586447850533e-01
5.960000000000000142e+01,1.063757972056658758e+02,1.623058238842772880e+02,-3.482774100373979553e-02,-3.482774100373979553e-02,1.466820991851802980e-01
5.965000000000000568e+01,1.062033792300488102e+02,1.622772473236145743e+02,4.085580669845267909e-02,4.085580669845267909e-02,2.046029191109091649e-01
5.970000000000000284e+01,1.060281970539741110e+02,1.622534338924216115e+02,3.123452761743587131e-02,3.123452761743587131e-02,2.212172945428238779e-01
5.975000000000000000e+01,1.058543531571056064e+02,1.622291050448220346e+02,4.462890576107519935e-02,4.462890576107519935e-02,1.389364719897735190e-01
5.980000000000000426e+01,1.056825528571304744e+02,1.622059080928373191e+02,2.661621795539313370e-02,2.661621795539313370e-02,2.252880135540355488e-01
5.985000000000000142e+01,1.055089740569204793e+02,1.621811521389016661e+02,3.529816675030219425e-02,3.529816675030219425e-02,2.005759318376209022e-01
5.990000000000000568e+01,1.053376342766754590e+02,1.621575209155415962e+02,5.850153957197105903e-02,5.850153957197105903e-02,1.403772340066201663e-01
5.995000000000000284e+01,1.051691023138271674e+02,1.621358108571508012e+02,1.298439663066769945e-01,1.298439663066769945e-01,2.412969659899347474e-01
6.000000000000000000e+01,1.049988664595718575e+02,1.621182878106442331e+02,1.156400854009265872e-01,1.156400854009265872e-01,1.942531787113855601e-01
6.005000000000000426e+01,1.048261284838050642e+02,1.620996176896463226e+02,6.940970380470835865e-02,6.940970380470835865e-02,1.556445523613056436e-01
6.010000000000000142e+01,1.046512889705787472e+02,1.620772631855058989e+02,2.067516258240008342e-02,2.067516258240008342e-02,2.668191423173311150e-01
6.015000000000000568e+01,1.044780965610310375e+02,1.620521740534931041e+02,6.591013732542233550e-02,6.591013732542233550e-02,1.813799472131061574e-01
6.020000000000000284e+01,1.043030685833905551e+02,1.620296803316905709e+02,3.767341460972569583e-02,3.767341460972569583e-02,1.675712135119045154e-01
6.025000000000000000e+01,1.041303329310328820e+02,1.620055986694046624e+02,4.045072099372408470e-02,4.045072099372408470e-02,2.897421402385274014e-01
6.030000000000000426e+01,1.039541037125550105e+02,1.619813196652013119e+02,8.978160363555120690e-03,8.978160363555120690e-03,1.663684551961325808e-01
6.035000000000000142e+01,1.037736472562719996e+02,1.619544439401802833e+02,7.091749291244862918e-03,7.091749291244862918e-03,1.840303154308162714e-01
6.040000000000000568e+01,1.035922132613274158e+02,1.619272715794044473e+02,4.265080284276519945e-03,4.265080284276519945e-03,2.508678968526645847e-01
6.045000000000000284e+01,1.034093663038002830e+02,1.618998519725730887e+02,2.317955714476956780e-02,2.317955714476956780e-02,1.439434134860345105e-01
6.050000000000000000e+01,1.032302563853804713e+02,1.618742474919262975e+02,5.291140718024449352e-02,5.291140718024449352e-02,2.143614833027824296e-01
6.055000000000000426e+01,1.030548385215834912e+02,1.618511548083669425e+02,5.729515591809277060e-03,5.729515591809277060e-03,2.140960229029875983e-01
6.060000000000000142e+01,1.028800347855226391e+02,1.618249432285457488e+02,1.294842429628978095e-02,1.294842429628978095e-02,1.407715961171553676e-01
6.065000000000000568e+01,1.027016800915488091e+02,1.617988182687617496e+02,-2.011361078875996411e-02,-2.011361078875996411e-02,2.404314576070900045e-01
6.070000000000000284e+01,1.025222687800261951e+02,1.617703610752945735e+02,3.040521841379003470e-02,3.040521841379003470e-02,1.796106968660732550e-01
6.075000000000000000e+01,1.023439795193936988e+02,1.617453371292279201e+02,3.383957364661877021e-02,3.383957364661877021e-02,1.462967501110986890e-01
6.080000000000000426e+01,1.021655347159946530e+02,1.617206882139864490e+02,1.254968166583064412e-02,1.254968166583064412e-02,2.748198973329290529e-01
6.085000000000000142e+01,1.019856667373067722e+02,1.616943525282258065e+02,-4.877177262249427631e-02,-4.877177262249427631e-02,1.514233681024459433e-01
6.090000000000000568e+01,1.018110732824458609e+02,1.616648430217018699e+02,-6.375925010331846832e-02,-6.375925010331846832e-02,1.611136272612693487e-01
6.095000000000000284e+01,1.016360378711148087e+02,1.616343655988866033e+02,-1.913802722090404002e-02,-1.913802722090404002e-02,2.495390135316574998e-01
6.100000000000000000e+01,1.014606980780324079e+02,1.616069200770605505e+02,-2.774345561109943167e-02,-2.774345561109943167e-02,1.226947170739579457e-01
6.105000000000000426e+01,1.012879827870175831e+02,1.615793368349596903e+02,-6.278209765944721410e-02,-6.278209765944721410e-02,1.732937298041237195e-01
6.110000000000000142e+01,1.011182088464250768e+02,1.615499654238228970e+02,1.129510665933646137e-02,1.129510665933646137e-02,2.198316595507328330e-01
6.115000000000000568e+01,1.009493086545654137e+02,1.615255973462712120e+02,2.465497751712900434e-02,2.465497751712900434e-02,1.061162325093097797e-01
6.120000000000000284e+01,1.007787999521742108e+02,1.615019960038141846e+02,-1.445144806511571532e-02,-1.445144806511571532e-02,1.818855406290701970e-01
6.125000000000000000e+01,1.006122056173348938e+02,1.614763604355676705e+02,-2.461717099467707059e-02,-2.461717099467707059e-02,2.060584674077746981e-01
6.130000000000000426e+01,1.004456830461474937e+02,1.614501134480544806e+02,3.568693995199354193e-04,3.568693995199354193e-04,9.754844011457330932e-02
6.135000000000000142e+01,1.002760985270515874e+02,1.614251748380204106e+02,7.735759055792781891e-02,7.735759055792781891e-02,1.861100777155443586e-01
6.140000000000000568e+01,1.001042065246296460e+02,1.614048456096670634e+02,6.815894826817206487e-02,6.815894826817206487e-02,1.920288775286001781e-01
6.145000000000000284e+01,9.993232672867492283e+01,1.613840963161157731e+02,7.654311964991150630e-02,7.654311964991150630e-02,1.010611938496634304e-01
6.150000000000000000e+01,9.976051518110152472e+01,1.613637347614730686e+02,8.485676811194997615e-02,8.485676811194997615e-02,2.086438692437562747e-01
6.155000000000000426e+01,9.958813707373450086e+01,1.613436106741451397e+02,6.671593926619537318e-02,6.671593926619537318e-02,1.791303509966927776e-01
6.160000000000000142e+01,9.941420464100063725e+01,1.613222205043611268e+02,-2.078960031142794082e-02,-2.078960031142794082e-02,1.138288858384375324e-01
6.165000000000000568e+01,9.924165655499656680e+01,1.612952226651184731e+02,-1.521757331077746959e-02,-1.521757331077746959e-02,2.318257772118838267e-01
6.170000000000000284e+01,9.906695908151023389e+01,1.612683853353162249e+02,-3.129592335086834459e-02,-3.129592335086834459e-02,1.544338536502588288e-01
6.175000000000000000e+01,9.889315973939507387e+01,1.612406668881979499e+02,-4.487028490898076205e-02,-4.487028490898076205e-02,1.160331612274781293e-01
6.180000000000000426e+01,9.871970071274847669e+01,1.612122069872571046e+02,6.250265258847951394e-03,6.250265258847951394e-03,2.544935183260392808e-01
6.185000000000000142e+01,9.854128101856595379e+01,1.611864575380057261e+02,-3.218583430588004002e-02,-3.218583430588004002e-02,1.233140300596307359e-01
6.190000000000000568e+01,9.836359495574167511e+01,1.611583580784297567e+02,-1.000089368576818037e-02,-1.000089368576818037e-02,1.325491901167750730e-01
6.195000000000000284e+01,9.818983416482967641e+01,1.611322822550994260e+02,4.029405780328529363e-02,4.029405780328529363e-02,2.400830113698876334e-01
6.200000000000000000e+01,9.801438930484297885e+01,1.611093510933103801e+02,7.459236139098598950e-02,7.459236139098598950e-02,9.920318033977264249e-02
6.205000000000000426e+01,9.784036693753239433e+01,1.610887789204142564e+02,5.574242861552966555e-02,5.574242861552966555e-02,1.568240795057899151e-01
6.210000000000000142e+01,9.766473071120181260e+01,1.610668389729093235e+02,4.302507727623635508e-02,4.302507727623635508e-02,2.139910833790329425e-01
6.215000000000000568e+01,9.748691332661005049e+01,1.610435693264761028e+02,1.021350323830130941e-01,1.021350323830130941e-01,9.432074173470895995e-02
6.220000000000000284e+01,9.730298490383698606e+01,1.610232827024688049e+02,1.313042801309119989e-01,1.313042801309119989e-01,1.973654880977618320e-01
6.225000000000000000e+01,9.711601318988262221e+01,1.610045539627703022e+02,1.513317028910792228e-01,1.513317028910792228e-01,1.740787079579221019e-01
6.230000000000000426e+01,9.692572036327881335e+01,1.609861272222502180e+02,1.554202099085823241e-01,1.554202099085823241e-01,1.235947364714526236e-01
6.235000000000000142e+01,9.673242468881821310e+01,1.609675953795758971e+02,1.390519579564763464e-01,1.390519579564763464e-01,2.736489849133597607e-01
6.240000000000000568e+01,9.653507999808489615e+01,1.609474056190796318e+02,1.458441219106624831e-01,1.458441219106624831e-01,1.374775761006365449e-01
6.245000000000000284e+01,9.633972049982736507e+01,1.609276865732672093e+02,1.119132366321215488e-01,1.119132366321215488e-01,1.950285510651456056e-01
6.250000000000000000e+01,9.614503349463228687e+01,1.609055661266918094e+02,8.613618028350035483e-02,8.613618028350035483e-02,2.109886600900413300e-01
6.255000000000000426e+01,9.594473521750396117e+01,1.608809700731360124e+02,1.451378037948293509e-01,1.451378037948293509e-01,1.464363115115348557e-01
6.260000000000000142e+01,9.574335110603952614e+01,1.608602184170188707e+02,1.562570752859310796e-01,1.562570752859310796e-01,2.850233745696899579e-01
6.265000000000000568e+01,9.554375956342551035e+01,1.608401686198811547e+02,1.247747717340949719e-01,1.247747717340949719e-01,1.630060812126883363e-01
6.270000000000000284e+01,9.534289234316561590e+01,1.608180182527842703e+02,1.064222919258632494e-01,1.064222919258632494e-01,2.177299361236885999e-01
6.275000000000000000e+01,9.514400484478746023e+01,1.607947291488951009e+02,1.897488074438284933e-01,1.897488074438284933e-01,2.210174017534864421e-01
6.280000000000000426e+01,9.494448538315639041e+01,1.607763865125506584e+02,1.782935774282082553e-01,1.782935774282082553e-01,1.790301706261046011e-01
6.285000000000000142e+01,9.474263427767945700e+01,1.607570752341621017e+02,1.559130148122100379e-01,1.559130148122100379e-01,3.036510179227656092e-01
6.290000000000000568e+01,9.454041933917248741e+01,1.607358007170376482e+02,2.113006996199826848e-01,2.113006996199826848e-01,1.905481847912586513e-01
6.295000000000000284e+01,9.433476509554408551e+01,1.607176721606390402e+02,1.771570662329993162e-01,1.771570662329993162e-01,2.558586834744048244e-01
6.300000000000000000e+01,9.412570796995112232e+01,1.606968445727258370e+02,1.251414691235855914e-01,1.251414691235855914e-01,2.378812684189528515e-01
6.305000000000000426e+01,9.391770909725948968e+01,1.606724394222871979e+02,1.075796019353952027e-01,1.075796019353952027e-01,2.243407847053780213e-01
6.310000000000000142e+01,9.370966476826170322e+01,1.606471189682077352e+02,1.035885429399899110e-01,1.035885429399899110e-01,2.919842433324310593e-01
6.315000000000000568e+01,9.350135961644470228e+01,1.606212155513873086e+02,8.427822173984672594e-02,8.427822173984672594e-02,2.127791071527465050e-01
6.320000000000000284e+01,9.328968829051490275e+01,1.605936623583381504e+02,1.218930228058385384e-01,1.218930228058385384e-01,3.073606687343447552e-01
6.325000000000000000e+01,9.308182333656333185e+01,1.605690377729940508e+02,1.726474806400017104e-01,1.726474806400017104e-01,2.279939526963589425e-01
6.330000000000000426e+01,9.287278106625947771e+01,1.605471023589347794e+02,1.155364252386939239e-01,1.155364252386939239e-01,2.652184968200105297e-01
6.335000000000000142e+01,9.266162427436655946e+01,1.605213137919349435e+02,7.775529047096525759e-02,7.775529047096525759e-02,2.685425629689915938e-01
6.340000000000000568e+01,9.244551707720650313e+01,1.604923806961875528e+02,6.040297411420432472e-02,6.040297411420432472e-02,2.393768588382938489e-01
6.345000000000000284e+01,9.223107544865604268e+01,1.604624415614508450e+02,8.258695908141129582e-02,8.258695908141129582e-02,3.070878261878952076e-01
6.350000000000000000e+01,9.202146676834524897e+01,1.604346182613687404e+02,6.950142632105131557e-02,6.950142632105131557e-02,2.275085682035087042e-01
6.355000000000000426e+01,9.181129643828685971e+01,1.604060811704682692e+02,1.124067016123925788e-01,1.124067016123925788e-01,3.140567454939622305e-01
6.360000000000000142e+01,9.160093536292134786e+01,1.603800917396892487e+02,1.077013155496586300e-01,1.077013155496586300e-01,2.405219085390870037e-01
6.365000000000000568e+01,9.138994045455132209e+01,1.603539295634472808e+02,1.680673481002931402e-01,1.680673481002931402e-01,2.730785360820283669e-01
6.370000000000000284e+01,9.117738752078390974e+01,1.603310741570118125e+02,1.363076856466817199e-01,1.363076856466817199e-01,2.776038695632483400e-01
6.375000000000000000e+01,9.096432080548427734e+01,1.603063044154662009e+02,1.788859232539137811e-01,1.788859232539137811e-01,2.536696003913745945e-01
6.380000000000000426e+01,9.074764223740041302e+01,1.602839048811786995e+02,1.829701263273779688e-01,1.829701263273779688e-01,3.249575552171517501e-01
6.385000000000000142e+01,9.052985406428757642e+01,1.602610750758869642e+02,1.691852619328642893e-01,1.691852619328642893e-01,2.570433662977677503e-01
6.390000000000000568e+01,9.031145202837382158e+01,1.602374856466515212e+02,1.447458181758816131e-01,1.447458181758816131e-01,3.498943054139899700e-01
6.395000000000000284e+01,9.008827641167300726e+01,1.602115418629713304e+02,2.433161638146959516e-01,2.433161638146959516e-01,2.706774729426871251e-01
6.400000000000000000e+01,8.986275974264482613e+01,1.601911197108647400e+02,2.506544542549093424e-01,2.506544542549093424e-01,3.327369692100357046e-01
6.404999999999999716e+01,8.964137721367443135e+01,1.601715044190659114e+02,2.801719077011078918e-01,2.801719077011078918e-01,3.024430087861332828e-01
6.410000000000000853e+01,8.942711679475333142e+01,1.601548719514136963e+02,2.275443281607918422e-01,2.275443281607918422e-01,3.242020227045748215e-01
6.415000000000000568e+01,8.920975533896125853e+01,1.601343498850536946e+02,2.222814985299612911e-01,2.222814985299612911e-01,3.473777769792606440e-01
6.420000000000000284e+01,8.899360367764690238e+01,1.601131820300734034e+02,1.860288473536922671e-01,1.860288473536922671e-01,3.230014743241249042e-01
6.425000000000000000e+01,8.877850340961109055e+01,1.600893567272123050e+02,1.535813067348772432e-01,1.535813067348772432e-01,3.923512581829309842e-01
6.429999999999999716e+01,8.856877762307101420e+01,1.600641587934419761e+02,2.020565309118615704e-01,2.020565309118615704e-01,3.265182744838555084e-01
6.435000000000000853e+01,8.836244817353798453e+01,1.600424169314491678e+02,2.160993713343040967e-01,2.160993713343040967e-01,3.859761512621054380e-01
6.440000000000000568e+01,8.815496111070214624e+01,1.600217463689861290e+02,2.589488972857179050e-01,2.589488972857179050e-01,3.528664722830560097e-01
6.445000000000000284e+01,8.795210704121394940e+01,1.600044608967700697e+02,2.693342007841144081e-01,2.693342007841144081e-01,3.670556451992255109e-01
6.450000000000000000e+01,8.775161490915402851e+01,1.599877958004555865e+02,3.207703836918054940e-01,3.207703836918054940e-01,4.068795919049549292e-01
6.454999999999999716e+01,8.755168283470472090e+01,1.599739129338008183e+02,3.202570589242665910e-01,3.202570589242665910e-01,3.743400894050729066e-01
6.460000000000000853e+01,8.735365134247484775e+01,1.599597022693795907e+02,2.499859654864874103e-01,2.499859654864874103e-01,4.402436015415682746e-01
6.465000000000000568e+01,8.715471018152500449e+01,1.599412101639787807e+02,3.269340435529937694e-01,3.269340435529937694e-01,4.050425195431567316e-01
6.470000000000000284e+01,8.695566439949834603e+01,1.599270039078877232e+02,2.847986340227143809e-01,2.847986340227143809e-01,4.228872736646267505e-01
6.475000000000000000e+01,8.675570096567973621e+01,1.599103587422765713e+02,2.772122667760191228e-01,2.772122667760191228e-01,4.584078096506407074e-01
6.479999999999999716e+01,8.655547773869692207e+01,1.598924195082295512e+02,2.876477609680001546e-01,2.876477609680001546e-01,4.280536260641804591e-01
6.485000000000000853e+01,8.635415646035512793e+01,1.598754584245492936e+02,3.301278751999853767e-01,3.301278751999853767e-01,4.883993308003121703e-01
6.490000000000000568e+01,8.615409917360560144e+01,1.598608822663249498e+02,3.295182302931082274e-01,3.295182302931082274e-01,4.581850046434674528e-01
6.495000000000000284e+01,8.595603187372297782e+01,1.598459946408652286e+02,3.378061256712035498e-01,3.378061256712035498e-01,4.770395476121465639e-01
6.500000000000000000e+01,8.575277005442211475e+01,1.598308005377601546e+02,3.639933350635178866e-01,3.639933350635178866e-01,5.075809654328199416e-01
6.504999999999999716e+01,8.554821761534516611e+01,1.598176113736456045e+02,3.305067192775962837e-01,3.305067192775962837e-01,4.903045686462452757e-01
6.510000000000000853e+01,8.534432298439175213e+01,1.598014929622197258e+02,2.640938494732997244e-01,2.640938494732997244e-01,5.514207052850640389e-01
6.515000000000000568e+01,8.513944996921489405e+01,1.597812947037077436e+02,2.785136696044924753e-01,2.785136696044924753e-01,5.126183544895461797e-01
6.520000000000000284e+01,8.493359687026892857e+01,1.597610914891872653e+02,2.825339089552374450e-01,2.825339089552374450e-01,5.363289793022377738e-01
6.525000000000000000e+01,8.473135283964580822e+01,1.597414295076467852e+02,3.059999471982423613e-01,3.059999471982423613e-01,5.456337987639745535e-01
6.529999999999999716e+01,8.453170521878698196e+01,1.597232879192608834e+02,3.420089287853734228e-01,3.420089287853734228e-01,5.356235731402457789e-01
6.535000000000000853e+01,8.433162731513141352e+01,1.597081313340597148e+02,3.611909593796805429e-01,3.611909593796805429e-01,5.992343551124185153e-01
6.540000000000000568e+01,8.412840484882383407e+01,1.596923792418908477e+02,2.606701424696628577e-01,2.606701424696628577e-01,5.589423521900193093e-01
6.545000000000000284e+01,8.392426820688569933e+01,1.596704691808075154e+02,1.568112331252865532e-01,1.568112331252865532e-01,5.853487456519040899e-01
6.550000000000000000e+01,8.372501892388977751e+01,1.596423921378572288e+02,2.157896041055280267e-01,2.157896041055280267e-01,5.784065828472012560e-01
6.554999999999999716e+01,8.352802728789565379e+01,1.596183154833092885e+02,1.900149331751308512e-01,1.900149331751308512e-01,5.681371966967673215e-01
6.560000000000000853e+01,8.333090162391162892e+01,1.595931585048357420e+02,1.943136367347731153e-01,1.943136367347731153e-01,6.142586489357596546e-01
6.565000000000000568e+01,8.312914275716082102e+01,1.595666018957483629e+02,1.525957443385503598e-01,1.525957443385503598e-01,5.683759337956780788e-01
6.570000000000000284e+01,8.293167639592854812e+01,1.595379570503215803e+02,4.651486906821088174e-02,4.651486906821088174e-02,5.893046522968300449e-01
6.575000000000000000e+01,8.273202244605860756e+01,1.595025211592660526e+02,4.506006644360777830e-02,4.506006644360777830e-02,5.724317660896254267e-01
6.579999999999999716e+01,8.253618061001608908e+01,1.594676639957689872e+02,7.249233664763336804e-02,7.249233664763336804e-02,5.536045878838569134e-01
6.585000000000000853e+01,8.233988985563999563e+01,1.594351111272268327e+02,5.840250937447859225e-02,5.840250937447859225e-02,5.904702270856527768e-01
6.590000000000000568e+01,8.214254017068154212e+01,1.594012258624570961e+02,-8.122465821040200174e-04,-8.122465821040200174e-04,5.374898925161686325e-01
6.595000000000000284e+01,8.195117331098595059e+01,1.593645670008837101e+02,3.542357592217488366e-04,3.542357592217488366e-04,5.511069242887505215e-01
6.600000000000000000e+01,8.176085450145902200e+01,1.593281855903155702e+02,-1.278903383207258271e-02,-1.278903383207258271e-02,5.345791881428062498e-01
6.604999999999999716e+01,8.157105125044525096e+01,1.592915473094759875e+02,-1.329543778676548285e-02,-1.329543778676548285e-02,5.077781547528247286e-01
6.610000000000000853e+01,8.137802505623739080e+01,1.592543158892767963e+02,-4.943055318507237617e-02,-4.943055318507237617e-02,5.532667424087637231e-01
6.615000000000000568e+01,8.118462141861910197e+01,1.592151236885845265e+02,-8.993124737079839781e-02,-8.993124737079839781e-02,4.843450402645381736e-01
6.620000000000000284e+01,8.098926598932395393e+01,1.591731521618470140e+02,-7.568567451530058832e-02,-7.568567451530058832e-02,4.887969343110871168e-01
6.625000000000000000e+01,8.079202908135050620e+01,1.591322235981156155e+02,-1.117115094622287905e-02,-1.117115094622287905e-02,4.766999129581054317e-01
6.629999999999999716e+01,8.059516284442442213e+01,1.590956717650500138e+02,-4.698173714235213266e-02,-4.698173714235213266e-02,4.454327550035052652e-01
6.635000000000000853e+01,8.040016504142010945e+01,1.590574920595391291e+02,-5.313162239180147656e-02,-5.313162239180147656e-02,4.973320904747197679e-01
6.640000000000000568e+01,8.020398262187157457e+01,1.590188402289616079e+02,-5.676580091367643827e-02,-5.676580091367643827e-02,4.223799838243312843e-01
6.645000000000000284e+01,8.000712402706926696e+01,1.589802089978400375e+02,-7.496619331126114227e-02,-7.496619331126114227e-02,4.342065355315713471e-01
6.650000000000000000e+01,7.981566710476765536e+01,1.589412033467514220e+02,-1.290323417956890373e-01,-1.290323417956890373e-01,4.236187957778091984e-01
6.654999999999999716e+01,7.962475493075741895e+01,1.588990927866599066e+02,-1.292354727975305317e-01,-1.292354727975305317e-01,3.810843983665662682e-01
6.660000000000000853e+01,7.943004307857717095e+01,1.588567494969199743e+02,-1.216459912177933755e-01,-1.216459912177933755e-01,4.352601478396115886e-01
6.665000000000000568e+01,7.923443351020645764e+01,1.588151051124782782e+02,-1.525355837585685992e-01,-1.525355837585685992e-01,3.532179497168232984e-01
6.670000000000000284e+01,7.904263359047881465e+01,1.587722906757334727e+02,-1.098844308026503125e-01,-1.098844308026503125e-01,3.589456125188751900e-01
6.675000000000000000e+01,7.884918327341122790e+01,1.587323011546770886e+02,-1.065062552362761317e-01,-1.065062552362761317e-01,3.580155914251702542e-01
6.679999999999999716e+01,7.865475621234712378e+01,1.586926787601285014e+02,-2.841887742191115396e-02,-2.841887742191115396e-02,3.070958872757342251e-01
6.685000000000000853e+01,7.846023510555339442e+01,1.586582598305135434e+02,-5.405369648459093512e-02,-5.405369648459093512e-02,3.767614116855248496e-01
6.690000000000000568e+01,7.826144381944421013e+01,1.586218094246316355e+02,-9.893654016156248204e-03,-9.893654016156248204e-03,2.952825412837837837e-01
6.695000000000000284e+01,7.806461610367844628e+01,1.585885919362530956e+02,4.180867113501832849e-02,4.180867113501832849e-02,3.122240957236344094e-01
6.700000000000000000e+01,7.786528404832584727e+01,1.585585996933151023e+02,1.152747580860563441e-02,1.152747580860563441e-02,3.225125301556968083e-01
6.704999999999999716e+01,7.766496247286822552e+01,1.585267069829527884e+02,3.040984328340437873e-02,3.040984328340437873e-02,2.773442978409783599e-01
6.710000000000000853e+01,7.746324488976210887e+01,1.584957741012928523e+02,-9.180360131034041513e-03,-9.180360131034041513e-03,3.651651725126364156e-01
6.715000000000000568e+01,7.726310750657908955e+01,1.584625069557428958e+02,-3.037286171557176256e-02,-3.037286171557176256e-02,2.697035192467314713e-01
6.720000000000000284e+01,7.706379716915222389e+01,1.584282290390378876e+02,4.587012395364366280e-02,4.587012395364366280e-02,2.991491644260598770e-01
6.725000000000000000e+01,7.686159584396472155e+01,1.583984530483999436e+02,5.110192341731431553e-02,5.110192341731431553e-02,2.925075599106060631e-01
6.729999999999999716e+01,7.665713638992556866e+01,1.583688918778699417e+02,3.591947628459243175e-02,3.591947628459243175e-02,2.619995344561753536e-01
6.735000000000000853e+01,7.644992417386178829e+01,1.583381019610904730e+02,4.096892702977451839e-02,4.096892702977451839e-02,3.368738711167788002e-01
6.740000000000000568e+01,7.624332014489095855e+01,1.583076520608016722e+02,3.692650265721904995e-02,3.692650265721904995e-02,2.495891977398282113e-01
6.745000000000000284e+01,7.603436617907604500e+01,1.582767779295979835e+02,9.355126918619613430e-02,9.355126918619613430e-02,3.149729634464877859e-01
6.750000000000000000e+01,7.582673097897030345e+01,1.582497261477812742e+02,1.309316693281578625e-01,1.309316693281578625e-01,2.647862104770529745e-01
6.754999999999999716e+01,7.562159752452025430e+01,1.582253355729301916e+02,9.827932884529110014e-02,9.827932884529110014e-02,2.759142874938443346e-01
6.760000000000000853e+01,7.541851306030176261e+01,1.581989232832556240e+02,1.278915883042886226e-01,1.278915883042886226e-01,3.100997639795306515e-01
6.765000000000000568e+01,7.521491328060648129e+01,1.581746595955890200e+02,8.647129674686293566e-02,8.647129674686293566e-02,2.573556376399677159e-01
6.770000000000000284e+01,7.500985879774972886e+01,1.581471145256342368e+02,3.702935651366142094e-03,3.702935651366142094e-03,3.459478545008266570e-01
6.775000000000000000e+01,7.480507334915681383e+01,1.581144638490252419e+02,-4.263830404853036216e-02,-4.263830404853036216e-02,2.585215352816167544e-01
6.779999999999999716e+01,7.459858971260851490e+01,1.580785826640167215e+02,7.046771323273751803e-03,7.046771323273751803e-03,2.868887793712541212e-01
6.785000000000000853e+01,7.439139630965193817e+01,1.580460444462156318e+02,1.275123255615642943e-02,1.275123255615642943e-02,2.765252499089249083e-01
6.790000000000000568e+01,7.419074059229033935e+01,1.580149215100380502e+02,4.656434135552625642e-02,4.656434135552625642e-02,2.449143765598314204e-01
6.795000000000000284e+01,7.398785823012660501e+01,1.579855742993161982e+02,1.630744502619609071e-02,1.630744502619609071e-02,3.268397965527702898e-01
6.800000000000000000e+01,7.378643537285299203e+01,1.579544425327061958e+02,-1.579558666457338625e-02,-1.579558666457338625e-02,2.319254716779672321e-01
6.804999999999999716e+01,7.358767717990335200e+01,1.579218656231029456e+02,-1.311788424880343425e-02,-1.311788424880343425e-02,2.866219575831111532e-01
6.810000000000000853e+01,7.338767977139400500e+01,1.578893107729838050e+02,-3.599974927462007424e-02,-3.599974927462007424e-02,2.497438922249554938e-01
6.815000000000000568e+01,7.318980616990408805e+01,1.578556632790201775e+02,-1.170513506647021390e-01,-1.170513506647021390e-01,2.286380697304840892e-01
6.820000000000000284e+01,7.299315429549095313e+01,1.578170809578719798e+02,-1.431472716434257497e-01,-1.431472716434257497e-01,2.953144340725708528e-01
6.825000000000000000e+01,7.279753271949158488e+01,1.577772461419411059e+02,-2.446114930065387549e-01,-2.446114930065387549e-01,1.892720610696737582e-01
6.829999999999999716e+01,7.260075659101595136e+01,1.577307957549012087e+02,-3.086902182109852455e-01,-3.086902182109852455e-01,2.503791193029406559e-01
6.835000000000000853e+01,7.240036047200105429e+01,1.576799509458291197e+02,-3.549238811408815808e-01,-3.549238811408815808e-01,1.814197110556046433e-01
6.840000000000000568e+01,7.220180512752446589e+01,1.576270383018517407e+02,-3.335443321986594767e-01,-3.335443321986594767e-01,1.536489464193141197e-01
6.845000000000000284e+01,7.200416725240918936e+01,1.575763726527772519e+02,-3.653729057485556320e-01,-3.653729057485556320e-01,2.217735761456121057e-01
6.850000000000000000e+01,7.180524603708666120e+01,1.575235380137361858e+02,-3.598420083478125475e-01,-3.598420083478125475e-01,7.120810706616000074e-02
6.854999999999999716e+01,7.160969519617917456e+01,1.574720546048695837e+02,-3.404295826663141233e-01,-3.404295826663141233e-01,2.104823689485474381e-01
6.860000000000000853e+01,7.141098839288157762e+01,1.574225538462264637e+02,-3.058807019853223563e-01,-3.058807019853223563e-01,9.250109980550952349e-02
6.865000000000000568e+01,7.121065589733976253e+01,1.573750231408966442e+02,-3.423182703972424412e-01,-3.423182703972424412e-01,1.157093461157369663e-01
6.870000000000000284e+01,7.101266021993664879e+01,1.573260716138641442e+02,-4.523882682004818911e-01,-4.523882682004818911e-01,1.805826578491873946e-01
6.875000000000000000e+01,7.081608384138645818e+01,1.572699337080426005e+02,-5.385224565276922615e-01,-5.385224565276922615e-01,5.193562481082885512e-02
6.879999999999999716e+01,7.062104413339110920e+01,1.572095482644581921e+02,-5.227056582984387356e-01,-5.227056582984387356e-01,2.379811121361706527e-01
6.885000000000000853e+01,7.043275175744098249e+01,1.571511972478401162e+02,-4.760055611625192973e-01,-4.760055611625192973e-01,1.379829925590689010e-01
6.890000000000000568e+01,7.024280092857425473e+01,1.570970081113828769e+02,-4.464369224833258376e-01,-4.464369224833258376e-01,1.822877624683792164e-01
6.895000000000000284e+01,7.005074778356859611e+01,1.570443017381730613e+02,-4.449440544121711638e-01,-4.449440544121711638e-01,2.491531146908589067e-01
6.900000000000000000e+01,6.985793500247773125e+01,1.569927834563192732e+02,-4.011156948365526831e-01,-4.011156948365526831e-01,1.925111741932895026e-01
6.904999999999999716e+01,6.966364014282879680e+01,1.569436289786139014e+02,-3.932477098619516220e-01,-3.932477098619516220e-01,3.018195844688940643e-01
6.910000000000000853e+01,6.946740248077256297e+01,1.568959594066753880e+02,-4.153319263017072327e-01,-4.153319263017072327e-01,2.501787207476419139e-01
6.915000000000000568e+01,6.927287292634254356e+01,1.568478878045610827e+02,-3.680364560852609213e-01,-3.680364560852609213e-01,2.809615041246829592e-01
6.920000000000000284e+01,6.908058486651066232e+01,1.568023004487244521e+02,-3.856812259422564004e-01,-3.856812259422564004e-01,3.334246858288865689e-01
6.925000000000000000e+01,6.888752150455387380e+01,1.567565167221820843e+02,-4.015618715280554474e-01,-4.015618715280554474e-01,2.953958534152119064e-01
6.929999999999999716e+01,6.869434797073429877e+01,1.567107054993828683e+02,-3.799841707321900963e-01,-3.799841707321900963e-01,3.770136844202690574e-01
6.935000000000000853e+01,6.849983406087284266e+01,1.566657281711464691e+02,-3.714808857679315346e-01,-3.714808857679315346e-01,3.452037339867106702e-01
6.940000000000000568e+01,6.830479633479905033e+01,1.566222144261101334e+02,-3.274159853158487010e-01,-3.274159853158487010e-01,3.658490522564586400e-01
6.945000000000000284e+01,6.811357137263171069e+01,1.565822848817185786e+02,-3.000452031670365338e-01,-3.000452031670365338e-01,4.127313064588797875e-01
6.950000000000000000e+01,6.792461543537963564e+01,1.565448418028167623e+02,-3.184317260296744556e-01,-3.184317260296744556e-01,3.750334749189627725e-01
6.954999999999999716e+01,6.773405937985964442e+01,1.565056529357474346e+02,-2.631195816586354708e-01,-2.631195816586354708e-01,4.324696798072052428e-01
6.960000000000000853e+01,6.754292181960201447e+01,1.564706830698730755e+02,-3.206163556667995795e-01,-3.206163556667995795e-01,4.128419803221472506e-01
6.965000000000000568e+01,6.735499966019186502e+01,1.564328484443132652e+02,-2.233742191641812647e-01,-2.233742191641812647e-01,4.164929138895861471e-01
6.970000000000000284e+01,6.716237945825999134e+01,1.564004846998312530e+02,-2.451075875763842060e-01,-2.451075875763842060e-01,4.721976783548961221e-01
6.975000000000000000e+01,6.697359981214360403e+01,1.563673955835932361e+02,-2.195637373670167314e-01,-2.195637373670167314e-01,4.238253804173255923e-01
6.979999999999999716e+01,6.678464470528146535e+01,1.563353597306806648e+02,-2.352935308953861826e-01,-2.352935308953861826e-01,4.569947715235139207e-01
6.985000000000000853e+01,6.659865222980880617e+01,1.563029117730637267e+02,-2.197296351663616809e-01,-2.197296351663616809e-01,4.613261263540139878e-01
6.990000000000000568e+01,6.641424107575330993e+01,1.562720595305857501e+02,-1.710734623835612478e-01,-1.710734623835612478e-01,4.429215125900269334e-01
6.995000000000000284e+01,6.623062791949405437e+01,1.562448370226477152e+02,-2.025015473546987466e-01,-2.025015473546987466e-01,4.957616673323489986e-01
7.000000000000000000e+01,6.604740295631661695e+01,1.562149804878881412e+02,-2.189732861682229248e-01,-2.189732861682229248e-01,4.577592664194451988e-01
7.004999999999999716e+01,6.586656990040197002e+01,1.561846069595044355e+02,-2.048854585888127966e-01,-2.048854585888127966e-01,4.634406230147523620e-01
7.010000000000000853e+01,6.568809482806864253e+01,1.561557098989630106e+02,-1.895803647760869737e-01,-1.895803647760869737e-01,5.112136016067628796e-01
7.015000000000000568e+01,6.550698269822265729e+01,1.561282395811719255e+02,-1.563873858569312658e-01,-1.563873858569312658e-01,4.635047037378622892e-01
7.020000000000000284e+01,6.532417236791273751e+01,1.561022087866901416e+02,-1.085127187340414745e-01,-1.085127187340414745e-01,4.840795380741785836e-01
7.025000000000000000e+01,6.514029682749695382e+01,1.560795409900917434e+02,-1.038300475412363283e-01,-1.038300475412363283e-01,4.909279286907591855e-01
7.029999999999999716e+01,6.495455729093036723e+01,1.560565103414652981e+02,-1.308921799867447944e-01,-1.308921799867447944e-01,4.583926454290392916e-01
7.035000000000000853e+01,6.476700873828276883e+01,1.560319560940323527e+02,-1.036484898496441431e-01,-1.036484898496441431e-01,5.012684170646498627e-01
7.040000000000000568e+01,6.457881255361698436e+01,1.560085498651996261e+02,-9.839266412401291573e-02,-9.839266412401291573e-02,4.663818023796353907e-01
7.045000000000000284e+01,6.439218087913039312e+01,1.559858228033310752e+02,-1.447878096785327751e-01,-1.447878096785327751e-01,4.601990252522681346e-01
7.050000000000000000e+01,6.420440764840620318e+01,1.559594762997492978e+02,-1.642952839510389840e-01,-1.642952839510389840e-01,5.050762291450840991e-01
7.054999999999999716e+01,6.401920964739944964e+01,1.559323356743120996e+02,-2.068659478217104164e-01,-2.068659478217104164e-01,4.563493335718134536e-01
7.060000000000000853e+01,6.383512506169171985e+01,1.559029401354089543e+02,-1.774358099843869607e-01,-1.774358099843869607e-01,4.831365200074844157e-01
7.065000000000000568e+01,6.365509311897444888e+01,1.558759965614296163e+02,-1.434322980744626719e-01,-1.434322980744626719e-01,4.905197526806111541e-01
7.070000000000000284e+01,6.347270124797810098e+01,1.558505801934701367e+02,-1.491384768591698662e-01,-1.491384768591698662e-01,4.625321597147524777e-01
7.075000000000000000e+01,6.329389104707487945e+01,1.558252799456636239e+02,-1.239961930523947597e-01,-1.239961930523947597e-01,5.039829832552802369e-01
7.079999999999999716e+01,6.311055570005365212e+01,1.558017734949454791e+02,-1.908830448937005042e-01,-1.908830448937005042e-01,4.756520455651804258e-01
7.085000000000000853e+01,6.293215207157283686e+01,1.557745858289661385e+02,-1.994297145468282295e-01,-1.994297145468282295e-01,4.691851644950904565e-01
7.090000000000000568e+01,6.275644829890395471e+01,1.557473911306371690e+02,-1.707722803318111049e-01,-1.707722803318111049e-01,5.274421815882917031e-01
7.095000000000000284e+01,6.258045678846996651e+01,1.557213359609487213e+02,-1.315935007877737095e-01,-1.315935007877737095e-01,4.760267622318068437e-01
7.100000000000000000e+01,6.240445492585573106e+01,1.556981944675481202e+02,-1.145948595098766204e-01,-1.145948595098766204e-01,4.797580252667683065e-01
7.104999999999999716e+01,6.222532378680124765e+01,1.556754111414947204e+02,-1.299738632931747018e-01,-1.299738632931747018e-01,5.151640217987424331e-01
7.110000000000000853e+01,6.204370387854542201e+01,1.556518411381437375e+02,-1.659579210975419827e-01,-1.659579210975419827e-01,4.674599409120921978e-01
7.115000000000000568e+01,6.186998426660424144e+01,1.556265975904151730e+02,-1.506233522941092529e-01,-1.506233522941092529e-01,4.889274160973456351e-01
7.120000000000000284e+01,6.169739353098930223e+01,1.556027633188267600e+02,-1.764291928744077809e-01,-1.764291928744077809e-01,5.022333709189863438e-01
7.125000000000000000e+01,6.151963942846139588e+01,1.555764731625158959e+02,-1.609827935644091434e-01,-1.609827935644091434e-01,4.702250367809268639e-01
7.129999999999999716e+01,6.133704804211760120e+01,1.555504023436563443e+02,-1.769567868384199771e-01,-1.769567868384199771e-01,5.054234681288214404e-01
7.135000000000000853e+01,6.115099779772433664e+01,1.555225808620963619e+02,-1.431080314279271348e-01,-1.431080314279271348e-01,4.907967076507361859e-01
7.140000000000000568e+01,6.096093824521603466e+01,1.554972028255972702e+02,-6.503329200436884505e-02,-6.503329200436884505e-02,4.776757913635463204e-01
7.145000000000000284e+01,6.077256366059729942e+01,1.554763969790796239e+02,-2.812938668473100728e-02,-2.812938668473100728e-02,5.286193912051037058e-01
7.150000000000000000e+01,6.058381150498665590e+01,1.554580990917977488e+02,6.090653073189968014e-02,6.090653073189968014e-02,4.645206667071686280e-01
7.154999999999999716e+01,6.039815113473544983e+01,1.554458305908601687e+02,4.506194159063683924e-02,4.506194159063683924e-02,4.669100145237144450e-01
7.160000000000000853e+01,6.020924899145901321e+01,1.554317617851802424e+02,-2.277633957016470239e-03,-2.277633957016470239e-03,4.719091626748068702e-01
7.165000000000000568e+01,6.001785411935571801e+01,1.554143278066600544e+02,3.574630593627957376e-02,3.574630593627957376e-02,4.284335785281323528e-01
7.170000000000000284e+01,5.982848915899506892e+01,1.553991437565633191e+02,1.761616809844454221e-03,1.761616809844454221e-03,4.644368073657984541e-01
7.175000000000000000e+01,5.963553577624522006e+01,1.553813398284100344e+02,-9.217714325074937570e-03,-9.217714325074937570e-03,4.217280783509458342e-01
7.179999999999999716e+01,5.944356954189034070e+01,1.553624999981051928e+02,-1.344022282935776642e-02,-1.344022282935776642e-02,4.122995101842255594e-01
7.185000000000000853e+01,5.925235679922307241e+01,1.553434802136322332e+02,3.240883099220098762e-02,3.240883099220098762e-02,4.497873773243685758e-01
7.190000000000000568e+01,5.906409405223483589e+01,1.553277117775783722e+02,1.043671832274218059e-01,1.043671832274218059e-01,3.862382893438859321e-01
7.195000000000000284e+01,5.887109072442758162e+01,1.553157465490590141e+02,6.530794293342864765e-02,6.530794293342864765e-02,4.068408271260955389e-01
7.200000000000000000e+01,5.867697250568048162e+01,1.553008926903636677e+02,2.922860863540106477e-02,2.922860863540106477e-02,3.849521743375835525e-01
7.204999999999999716e+01,5.848462879436250716e+01,1.552835621617315383e+02,2.367390002223380974e-02,2.367390002223380974e-02,3.552972300094073277e-01
7.210000000000000853e+01,5.828910992418408199e+01,1.552654557193795313e+02,-5.578829767854882882e-02,-5.578829767854882882e-02,4.217842908991604745e-01
7.215000000000000568e+01,5.809739110713108090e+01,1.552426716785161034e+02,-1.130582133205529360e-01,-1.130582133205529360e-01,3.433032930905116076e-01
7.220000000000000284e+01,5.790306146549205835e+01,1.552156217156271509e+02,-1.051108805064150942e-01,-1.051108805064150942e-01,3.686122959729492554e-01
7.225000000000000000e+01,5.770571014025010470e+01,1.551884888257986006e+02,-8.698423106641696434e-02,-8.698423106641696434e-02,3.740386761533814330e-01
7.229999999999999716e+01,5.750505942469977327e+01,1.551625286826142087e+02,-4.655745406916576151e-02,-4.655745406916576151e-02,3.418007887527924615e-01
7.235000000000000853e+01,5.730492072969920514e+01,1.551388460710381310e+02,-9.044735626848607324e-02,-9.044735626848607324e-02,4.168266089750318759e-01
7.240000000000000568e+01,5.711009934549642253e+01,1.551128860680831281e+02,-1.119266287201215321e-01,-1.119266287201215321e-01,3.388108399756913358e-01
7.245000000000000284e+01,5.691417400402727367e+01,1.550857118735011397e+02,-8.176797323693454911e-02,-8.176797323693454911e-02,3.646917634013608356e-01
7.250000000000000000e+01,5.671723009550019157e+01,1.550600350342194815e+02,-1.013491534729453886e-01,-1.013491534729453886e-01,3.682888436808321453e-01
7.254999999999999716e+01,5.652206666024699189e+01,1.550334401593782729e+02,-1.135086018182628192e-01,-1.135086018182628192e-01,3.364692965627294474e-01
7.260000000000000853e+01,5.633060539568730718e+01,1.550065752435485535e+02,-1.479461360356643662e-01,-1.479461360356643662e-01,4.088671235870688925e-01
7.265000000000000568e+01,5.613896947537459425e+01,1.549778235757044911e+02,-1.044703575477938934e-01,-1.044703575477938934e-01,3.443962779355349002e-01
7.270000000000000284e+01,5.594923712270438187e+01,1.549515726143948768e+02,-1.899541389057612661e-01,-1.899541389057612661e-01,3.590845705876957727e-01
7.275000000000000000e+01,5.575962508698479780e+01,1.549201197463615074e+02,-1.624056895935949429e-01,-1.624056895935949429e-01,3.894940443046138179e-01
7.279999999999999716e+01,5.556947538934459629e+01,1.548908424743438843e+02,-1.489783200905571980e-01,-1.489783200905571980e-01,3.467446238701371586e-01
7.285000000000000853e+01,5.537833211108812748e+01,1.548619148275336670e+02,-2.226083372084654011e-01,-2.226083372084654011e-01,4.035185706986386123e-01
7.290000000000000568e+01,5.518867007381945911e+01,1.548287816986117207e+02,-3.020153972816335686e-01,-3.020153972816335686e-01,3.716230218318872236e-01
7.295000000000000284e+01,5.500122012427863893e+01,1.547913329265743982e+02,-2.560774393261668336e-01,-2.560774393261668336e-01,3.786223570266542549e-01
7.300000000000000000e+01,5.481410221771598401e+01,1.547562289971843086e+02,-2.328646826374010104e-01,-2.328646826374010104e-01,4.380936540146616598e-01
7.304999999999999716e+01,5.462572686467294858e+01,1.547232021862697593e+02,-2.518151974718630948e-01,-2.518151974718630948e-01,3.865783182588488076e-01
7.310000000000000853e+01,5.443874645292185477e+01,1.546896091322021221e+02,-1.951173438199528820e-01,-1.951173438199528820e-01,4.245964498729596914e-01
7.315000000000000568e+01,5.425071133883621144e+01,1.546590277177425321e+02,-1.645730708844778678e-01,-1.645730708844778678e-01,4.250122224451045594e-01
7.320000000000000284e+01,5.406357085771252713e+01,1.546308914546452797e+02,-1.829850215069811215e-01,-1.829850215069811215e-01,4.031099683257049482e-01
7.325000000000000000e+01,5.387759427116571231e+01,1.546020645387359593e+02,-2.024372368216177942e-01,-2.024372368216177942e-01,4.649505135147453672e-01
7.329999999999999716e+01,5.368887872984608123e+01,1.545713556985648438e+02,-2.623996182467709937e-01,-2.623996182467709937e-01,4.167423800383844856e-01
7.335000000000000853e+01,5.349671231676289551e+01,1.545361747235669156e+02,-2.962670621149456895e-01,-2.962670621149456895e-01,4.345357980434456091e-01
7.340000000000000568e+01,5.330310682725738047e+01,1.544995379114928653e+02,-2.806412551722964888e-01,-2.806412551722964888e-01,4.663354031068690508e-01
7.345000000000000284e+01,5.310981088966841668e+01,1.544632862970759390e+02,-2.283221984245609182e-01,-2.283221984245609182e-01,4.385518957254416206e-01
7.350000000000000000e+01,5.291764017658769603e+01,1.544310373768473710e+02,-2.137766874518368387e-01,-2.137766874518368387e-01,4.903553565677288284e-01
7.354999999999999716e+01,5.272299399653986285e+01,1.543991072509626861e+02,-2.431954822129407112e-01,-2.431954822129407112e-01,4.594234889992012683e-01
7.360000000000000853e+01,5.252748994960263218e+01,1.543658389514350233e+02,-2.152317611586219703e-01,-2.152317611586219703e-01,4.681625348266977293e-01
7.365000000000000568e+01,5.232898358652432336e+01,1.543337327889906305e+02,-2.200175695259359576e-01,-2.200175695259359576e-01,4.999667713796357993e-01
7.370000000000000284e+01,5.213136855422711591e+01,1.543018834062259543e+02,-2.002351505584232805e-01,-2.002351505584232805e-01,4.663259062067774963e-01
7.375000000000000000e+01,5.193542943769892872e+01,1.542718529141204442e+02,-1.920073831551472598e-01,-1.920073831551472598e-01,5.126545253404972691e-01
7.379999999999999716e+01,5.174234228951502246e+01,1.542429058989177690e+02,-1.221165300952113120e-01,-1.221165300952113120e-01,4.821127287039741471e-01
7.385000000000000853e+01,5.154980361839343317e+01,1.542178818987344187e+02,-9.298449886664646169e-02,-9.298449886664646169e-02,4.808901532735594397e-01
7.390000000000000568e+01,5.135625922166137514e+01,1.541949608792597530e+02,-4.837999247977347456e-02,-4.837999247977347456e-02,5.111194732979573718e-01
7.395000000000000284e+01,5.116550485332873421e+01,1.541752501730443328e+02,-1.491701265743956319e-02,-1.491701265743956319e-02,4.616371613036191479e-01
7.400000000000000000e+01,5.097708096541601464e+01,1.541579300998675990e+02,4.367584177045655963e-02,4.367584177045655963e-02,4.855259700837332160e-01
7.404999999999999716e+01,5.078801217983012606e+01,1.541438729779375478e+02,3.849817235457258374e-02,3.849817235457258374e-02,4.615986671570132538e-01
7.410000000000000853e+01,5.059772134061660864e+01,1.541292500911762033e+02,7.519157095815429126e-02,7.519157095815429126e-02,4.339891176005020723e-01
7.415000000000000568e+01,5.040699236942730010e+01,1.541165608816712904e+02,1.299077615573701328e-01,1.299077615573701328e-01,4.846670183079792027e-01
7.420000000000000284e+01,5.022066177296262168e+01,1.541077887391096795e+02,1.600897526259490722e-01,1.600897526259490722e-01,4.060916182325845503e-01
7.425000000000000000e+01,5.003779830783378912e+01,1.541011493475085388e+02,1.327301913394740018e-01,1.327301913394740018e-01,3.999693901674012397e-01
7.429999999999999716e+01,4.985540195868587432e+01,1.540924101152451442e+02,1.481143137458577341e-01,1.481143137458577341e-01,4.176021109119941732e-01
7.435000000000000853e+01,4.967151003387142794e+01,1.540842101966808286e+02,1.714244528999281092e-01,1.714244528999281092e-01,3.503946938676736345e-01
7.440000000000000568e+01,4.949221158827462830e+01,1.540776564870303389e+02,1.960909093294870287e-01,1.960909093294870287e-01,3.697097591132618710e-01
7.445000000000000284e+01,4.931392365273313061e+01,1.540726874983454309e+02,1.853948349815313368e-01,1.853948349815313368e-01,3.511170728489574344e-01
7.450000000000000000e+01,4.913209470685147551e+01,1.540659395256637936e+02,2.243428529539757132e-01,2.243428529539757132e-01,2.961603162788511989e-01
7.454999999999999716e+01,4.895168457500867021e+01,1.540618529340651151e+02,2.587270944857164023e-01,2.587270944857164023e-01,3.410092268475306554e-01
7.460000000000000853e+01,4.876973827489414504e+01,1.540591168160254938e+02,2.921184241028836892e-01,2.921184241028836892e-01,2.784387385437451790e-01
7.465000000000000568e+01,4.858285409693893797e+01,1.540575142808846181e+02,2.782347120386233774e-01,2.782347120386233774e-01,2.398458329428920788e-01
7.470000000000000284e+01,4.839986063145043715e+01,1.540551019931270105e+02,3.851249239506976396e-01,3.851249239506976396e-01,3.224161539504266094e-01
7.475000000000000000e+01,4.821530452340616790e+01,1.540594641181685915e+02,4.485333115792778935e-01,4.485333115792778935e-01,1.894145480611747756e-01
7.479999999999999716e+01,4.803096719823680871e+01,1.540670210176515411e+02,4.137534105287122843e-01,4.137534105287122843e-01,1.867838188012740097e-01
7.485000000000000853e+01,4.784499706141105690e+01,1.540708212005048097e+02,4.579213733132549979e-01,4.579213733132549979e-01,2.294165865882444311e-01
7.490000000000000568e+01,4.765508101090531312e+01,1.540766238550071705e+02,3.788711354061103931e-01,3.788711354061103931e-01,8.601001834621224695e-02
7.495000000000000284e+01,4.746092370587214759e+01,1.540763973493867525e+02,3.721531099791451913e-01,3.721531099791451913e-01,1.917921088013305742e-01
7.500000000000000000e+01,4.726534039139983179e+01,1.540744285993569918e+02,3.090781686387738536e-01,3.090781686387738536e-01,1.266681595566540863e-01
7.504999999999999716e+01,4.706924534424533846e+01,1.540684491258961089e+02,3.051044518808907480e-01,3.051044518808907480e-01,7.478418103105061165e-02
7.510000000000000853e+01,4.687123596424923733e+01,1.540619405658360961e+02,3.288419773788531786e-01,3.288419773788531786e-01,2.277695517576949213e-01
7.515000000000000568e+01,4.666834969181778092e+01,1.540550183495653300e+02,3.634169869833255295e-01,3.634169869833255295e-01,3.681209746169936126e-02
7.520000000000000284e+01,4.646736998498121807e+01,1.540510585679664644e+02,4.074497894210210580e-01,4.074497894210210580e-01,1.808573088735347389e-01
7.525000000000000000e+01,4.626788334874142095e+01,1.540494355182319737e+02,4.682197284180533159e-01,4.682197284180533159e-01,1.468212539672550665e-01
7.529999999999999716e+01,4.606947038463706434e+01,1.540509800951763282e+02,5.296461295505104916e-01,5.296461295505104916e-01,1.246906339687284815e-01
7.535000000000000853e+01,4.587166693481774615e+01,1.540571727512334519e+02,5.026361457069441485e-01,5.026361457069441485e-01,2.696964318539159522e-01
7.540000000000000568e+01,4.567572747336443229e+01,1.540608770549041537e+02,4.310590287991536429e-01,4.310590287991536429e-01,1.706577371115785002e-01
7.545000000000000284e+01,4.548054041897924549e+01,1.540589219361047810e+02,4.052304301225099215e-01,4.052304301225099215e-01,2.451978487527169404e-01
7.550000000000000000e+01,4.528882535524809327e+01,1.540552392278511604e+02,4.802703822547345625e-01,4.802703822547345625e-01,2.621815756687264076e-01
7.554999999999999716e+01,4.510060995640817794e+01,1.540564232038785519e+02,4.827746969527611509e-01,4.827746969527611509e-01,2.415455046557255514e-01
7.560000000000000853e+01,4.491262532330795665e+01,1.540566302013401696e+02,4.717080817485114763e-01,4.717080817485114763e-01,3.438450668496815799e-01
7.565000000000000568e+01,4.472444861555584339e+01,1.540567232741178145e+02,4.932586737746693650e-01,4.932586737746693650e-01,3.046858228143168312e-01
7.570000000000000284e+01,4.454236646479581907e+01,1.540590929934678570e+02,5.328147477534922460e-01,5.328147477534922460e-01,3.291442288998078780e-01
7.575000000000000000e+01,4.436108889271221756e+01,1.540630911861387631e+02,5.351587214697166583e-01,5.351587214697166583e-01,4.159679953414402998e-01
7.579999999999999716e+01,4.417452032376390747e+01,1.540661727399941299e+02,5.888424339754884107e-01,5.888424339754884107e-01,3.768388068093046495e-01
7.585000000000000853e+01,4.398067743686981856e+01,1.540709586340885267e+02,6.089482382695622364e-01,6.089482382695622364e-01,4.298171513627670470e-01
7.590000000000000568e+01,4.378139726596754855e+01,1.540758443615649469e+02,7.295558364035512611e-01,7.295558364035512611e-01,4.638633500680253152e-01
7.595000000000000284e+01,4.358010403559855206e+01,1.540861034663674900e+02,6.962221893307715126e-01,6.962221893307715126e-01,4.756536348464137642e-01
7.600000000000000000e+01,4.337587776628956249e+01,1.540939229143343994e+02,6.850653098685062226e-01,6.850653098685062226e-01,5.639752213886415344e-01
7.604999999999999716e+01,4.317660610882852268e+01,1.541013020314842947e+02,6.697548967026263345e-01,6.697548967026263345e-01,5.465873400288941975e-01
7.610000000000000853e+01,4.297831732796952764e+01,1.541064001761904194e+02,5.947775015425598166e-01,5.947775015425598166e-01,5.911832842684918710e-01
7.615000000000000568e+01,4.278071762132817923e+01,1.541078165526209602e+02,5.904185438363247496e-01,5.904185438363247496e-01,6.256573387274453335e-01
7.620000000000000284e+01,4.258312087100801335e+01,1.541074502758254994e+02,5.766628258835755361e-01,5.766628258835755361e-01,6.302629519278760695e-01
7.625000000000000000e+01,4.238791454431332539e+01,1.541056421919514605e+02,4.967324951230479013e-01,4.967324951230479013e-01,6.912554550726172087e-01
7.629999999999999716e+01,4.219539138252901012e+01,1.540982450843371794e+02,4.868021373580095346e-01,4.868021373580095346e-01,6.778317872205875672e-01
7.635000000000000853e+01,4.200702427682625739e+01,1.540904995440650112e+02,4.763819183355076370e-01,4.763819183355076370e-01,6.984167525564032308e-01
7.640000000000000568e+01,4.182338255560750895e+01,1.540826318066785916e+02,4.773609963423969815e-01,4.773609963423969815e-01,7.380625132090852247e-01
7.645000000000000284e+01,4.163980606231160664e+01,1.540736299838077343e+02,4.432124693744479149e-01,4.432124693744479149e-01,7.238451225189934668e-01
7.650000000000000000e+01,4.145350895517121614e+01,1.540625490560320543e+02,4.392975867492165398e-01,4.392975867492165398e-01,7.544317956034800599e-01
7.654999999999999716e+01,4.126807343785448268e+01,1.540503934558025492e+02,4.423688624104207823e-01,4.423688624104207823e-01,7.660748548217208853e-01
7.660000000000000853e+01,4.107866023736800543e+01,1.540381405524393870e+02,4.088099139497828327e-01,4.088099139497828327e-01,7.647200587413381934e-01
7.665000000000000568e+01,4.088699112202126429e+01,1.540239363175696781e+02,3.619095522827023848e-01,3.619095522827023848e-01,8.083178919868871937e-01
7.670000000000000284e+01,4.069800748095812537e+01,1.540065218057796415e+02,3.386839727910120890e-01,3.386839727910120890e-01,7.881238915106237863e-01
7.675000000000000000e+01,4.050909120623234116e+01,1.539866734398285359e+02,2.507440705513443446e-01,2.507440705513443446e-01,7.972011193424375364e-01
7.680000000000001137e+01,4.032200294104606542e+01,1.539625676076263687e+02,1.772042084812530949e-01,1.772042084812530949e-01,8.162116566125431349e-01
7.685000000000000853e+01,4.013116856730562887e+01,1.539318699783893862e+02,1.707241088496536385e-01,1.707241088496536385e-01,7.864904671475286824e-01
7.690000000000000568e+01,3.994649389485663704e+01,1.539020297619273379e+02,1.292745171638299273e-01,1.292745171638299273e-01,8.021294808593103509e-01
7.695000000000000284e+01,3.976642544789814337e+01,1.538703222280001626e+02,9.113626712720650225e-02,9.113626712720650225e-02,7.865409869022119693e-01
7.700000000000000000e+01,3.958958796744541075e+01,1.538366545168307766e+02,1.128068340607396441e-01,1.128068340607396441e-01,7.664406921644160153e-01
7.705000000000001137e+01,3.940960819112034130e+01,1.538045516490160765e+02,1.202942650401813418e-01,1.202942650401813418e-01,7.907717548185568823e-01
7.710000000000000853e+01,3.922907376608201702e+01,1.537724980438203772e+02,1.159306118120278645e-01,1.159306118120278645e-01,7.554772379747088928e-01
7.715000000000000568e+01,3.904987305880877813e+01,1.537414161847941045e+02,2.062449947021727237e-02,2.062449947021727237e-02,7.494756048431614470e-01
7.720000000000000284e+01,3.887030995251613064e+01,1.537036417966168074e+02,3.730707795222192036e-02,3.730707795222192036e-02,7.634206953500487502e-01
7.725000000000000000e+01,3.868778627954563376e+01,1.536669347698953345e+02,1.339255765762347762e-02,1.339255765762347762e-02,7.196228537745290588e-01
7.730000000000001137e+01,3.851063288322112754e+01,1.536297427565248483e+02,-9.751603483970469610e-02,-9.751603483970469610e-02,7.204018492079969915e-01
7.735000000000000853e+01,3.833728007062646981e+01,1.535859138112053586e+02,-1.602620440874008290e-01,-1.602620440874008290e-01,7.079637153977790254e-01
7.740000000000000568e+01,3.816796130152187061e+01,1.535388935103930237e+02,-1.734691861882519115e-01,-1.734691861882519115e-01,6.619964267801768942e-01
7.745000000000000284e+01,3.799597353358623053e+01,1.534910292923098609e+02,-2.215328506783617868e-01,-2.215328506783617868e-01,6.613438811912499826e-01
7.750000000000000000e+01,3.782479593580212907e+01,1.534400371892770352e+02,-2.918781724486347318e-01,-2.918781724486347318e-01,6.277254981988561466e-01
7.755000000000001137e+01,3.765625204259200842e+01,1.533853943419702262e+02,-3.362629158174175736e-01,-3.362629158174175736e-01,5.796128298103040422e-01
7.760000000000000853e+01,3.748800866170748236e+01,1.533287256669864576e+02,-4.018635055108275012e-01,-4.018635055108275012e-01,5.817218095802055844e-01
7.765000000000000568e+01,3.732024160417515191e+01,1.532671541222474616e+02,-4.590123707390934005e-01,-4.590123707390934005e-01,5.214966826995927063e-01
7.770000000000000284e+01,3.714975522814421538e+01,1.532028854358681826e+02,-5.230826794264427093e-01,-5.230826794264427093e-01,4.698149304358730238e-01
7.775000000000000000e+01,3.698155674952560901e+01,1.531334437599344938e+02,-5.511156242510314440e-01,-5.511156242510314440e-01,4.801630424314132228e-01
7.780000000000001137e+01,3.681777109349768295e+01,1.530635900919569394e+02,-6.674109432245787232e-01,-6.674109432245787232e-01,3.849771120835461802e-01
7.785000000000000853e+01,3.665424080960027453e+01,1.529880576260121359e+02,-5.798848261323956699e-01,-5.798848261323956699e-01,3.297903488413160278e-01
7.790000000000000568e+01,3.648831430336870341e+01,1.529160318160111274e+02,-6.226547042396390896e-01,-6.226547042396390896e-01,3.664532207727819735e-01
7.795000000000000284e+01,3.632608955371203052e+01,1.528427234604546641e+02,-6.135789772041045920e-01,-6.135789772041045920e-01,2.332954392856863013e-01
7.800000000000000000e+01,3.616653717841616356e+01,1.527713360392316986e+02,-6.204589443849310992e-01,-6.204589443849310992e-01,1.947556311762045911e-01
7.805000000000001137e+01,3.600831657393698748e+01,1.527009044910405180e+02,-6.918270373469592727e-01,-6.918270373469592727e-01,2.694108523472584782e-01
7.810000000000000853e+01,3.585371941311578325e+01,1.526275285948670444e+02,-6.186599285452287766e-01,-6.186599285452287766e-01,1.045880599550058077e-01
7.815000000000000568e+01,3.570038285199098027e+01,1.525599364779937446e+02,-6.253224893520110683e-01,-6.253224893520110683e-01,8.811048289716162663e-02
7.820000000000000284e+01,3.554862715431720233e+01,1.524932840519658441e+02,-6.072219491559600613e-01,-6.072219491559600613e-01,2.447265716972830130e-01
7.825000000000000000e+01,3.539776749783978715e+01,1.524290634538818097e+02,-4.914065801801260625e-01,-4.914065801801260625e-01,1.154190752278322213e-01
7.830000000000001137e+01,3.524569361379194987e+01,1.523694291427446217e+02,-5.398661892344311930e-01,-5.398661892344311930e-01,1.200422421591465089e-01
7.835000000000000853e+01,3.509671904767790096e+01,1.523078759075968662e+02,-5.932661702975789986e-01,-5.932661702975789986e-01,2.613175276752469078e-01
7.840000000000000568e+01,3.495218616621244223e+01,1.522481777332875765e+02,-4.794842649195530937e-01,-4.794842649195530937e-01,2.235080865340452194e-01
7.845000000000000284e+01,3.480667195784945989e+01,1.521926677116555879e+02,-4.510945652001764339e-01,-4.510945652001764339e-01,2.195748766889879244e-01
7.850000000000000000e+01,3.465861519269829216e+01,1.521400716151645156e+02,-4.437837352012407588e-01,-4.437837352012407588e-01,3.067601440749764263e-01
7.855000000000001137e+01,3.450921850898799192e+01,1.520890022621881030e+02,-3.694957192916497601e-01,-3.694957192916497601e-01,3.263533862541780350e-01
7.860000000000000853e+01,3.436040113890488357e+01,1.520395720456652668e+02,-3.079936867556849478e-01,-3.079936867556849478e-01,3.100404948228395741e-01
7.865000000000000568e+01,3.421027316315937128e+01,1.519948579755365472e+02,-2.770448761783946279e-01,-2.770448761783946279e-01,3.631121820298194303e-01
7.870000000000000284e+01,3.406125407295891705e+01,1.519528787068297504e+02,-3.577744047121693693e-01,-3.577744047121693693e-01,4.087557088149604279e-01
7.875000000000000000e+01,3.391417221050419073e+01,1.519066793744334518e+02,-2.512878916149012820e-01,-2.512878916149012820e-01,3.845415783347366778e-01
7.880000000000001137e+01,3.376907979297583751e+01,1.518679411667636430e+02,-7.780260604240112066e-02,-7.780260604240112066e-02,4.121269315096871555e-01
7.885000000000000853e+01,3.362081517135211328e+01,1.518370913486385234e+02,-3.175592875695917860e-02,-3.175592875695917860e-02,4.797826715425753674e-01
7.890000000000000568e+01,3.346742485019871083e+01,1.518054056898406543e+02,-4.713218776477587357e-02,-4.713218776477587357e-02,4.312315715297382335e-01
7.895000000000000284e+01,3.331551219136002828e+01,1.517730391069727887e+02,-2.284894066206105689e-02,-2.284894066206105689e-02,4.374657223725328392e-01
7.900000000000000000e+01,3.316092745708747458e+01,1.517418973893036309e+02,2.129665394782154220e-02,2.129665394782154220e-02,4.947049990432554889e-01
7.905000000000001137e+01,3.300722889423275319e+01,1.517137947547051056e+02,3.422996691197242869e-03,3.422996691197242869e-03,4.661613963206518996e-01
7.910000000000000853e+01,3.285253818676164173e+01,1.516809127204404035e+02,6.044587845749813115e-02,6.044587845749813115e-02,4.631161101315438011e-01
7.915000000000000568e+01,3.269911388030719479e+01,1.516520453658734198e+02,1.079487720943834439e-01,1.079487720943834439e-01,5.073306106192841947e-01
7.920000000000000284e+01,3.254421161416293984e+01,1.516257234318853193e+02,1.499977168605770572e-01,1.499977168605770572e-01,4.976626979325406430e-01
7.925000000000000000e+01,3.238546469071149403e+01,1.515978330556494882e+02,2.237917401547207530e-01,2.237917401547207530e-01,4.811498983454821077e-01
7.930000000000001137e+01,3.222339078427125258e+01,1.515704698690811085e+02,3.570607557154030220e-01,3.570607557154030220e-01,5.171845809100716895e-01
7.935000000000000853e+01,3.205807494977908334e+01,1.515476594542865030e+02,3.639647609041675169e-01,3.639647609041675169e-01,5.106501696826731829e-01
7.940000000000000568e+01,3.189403130377780116e+01,1.515249352938171512e+02,4.135865397881755556e-01,4.135865397881755556e-01,4.870318118801562068e-01
7.945000000000000284e+01,3.173180111379705437e+01,1.515054434511347097e+02,3.857496973566084675e-01,3.857496973566084675e-01,5.146201529153678900e-01
7.950000000000000000e+01,3.157051415615356049e+01,1.514834198672777461e+02,4.107921726527613560e-01,4.107921726527613560e-01,5.105899633141424143e-01
7.955000000000001137e+01,3.140937369890714592e+01,1.514598559316644639e+02,3.954750208404671508e-01,3.954750208404671508e-01,4.860023691413975500e-01
7.960000000000000853e+01,3.124958703039573038e+01,1.514348063851392681e+02,4.431831511734896090e-01,4.431831511734896090e-01,5.157328967141626697e-01
7.965000000000000568e+01,3.108991074109067654e+01,1.514120258639676706e+02,4.938524307602157881e-01,4.938524307602157881e-01,5.201569433045264423e-01
7.970000000000000284e+01,3.092805021851226854e+01,1.513882348428387274e+02,4.852647464609326500e-01,4.852647464609326500e-01,4.921195215371694798e-01
7.975000000000000000e+01,3.076554000285467083e+01,1.513621288901063338e+02,4.811625781501179255e-01,4.811625781501179255e-01,5.194298607773394361e-01
7.980000000000001137e+01,3.060980324747843184e+01,1.513383750156628764e+02,4.789708292345367657e-01,4.789708292345367657e-01,5.321247307730654352e-01
7.985000000000000853e+01,3.045225184961101661e+01,1.513120848962675211e+02,5.527479494576468255e-01,5.527479494576468255e-01,5.039633427922443065e-01
7.990000000000000568e+01,3.029556665591434950e+01,1.512882931951897092e+02,5.947630216973901485e-01,5.947630216973901485e-01,5.226095484209440922e-01
7.995000000000000284e+01,3.013857710288578673e+01,1.512658016583579297e+02,6.854011429698838587e-01,6.854011429698838587e-01,5.476898933932384805e-01
8.000000000000000000e+01,2.997694207715796466e+01,1.512433267240364216e+02,6.639334920993290590e-01,6.639334920993290590e-01,5.091976524165704454e-01
8.005000000000001137e+01,2.981887687373077256e+01,1.512201185192726030e+02,7.306417531880449179e-01,7.306417531880449179e-01,5.218104516754098476e-01
8.010000000000000853e+01,2.965916597945625810e+01,1.511986168293366859e+02,7.739205340749083506e-01,7.739205340749083506e-01,5.543294524851362093e-01
8.015000000000000568e+01,2.949692655680224362e+01,1.511750101692034036e+02,7.312632783861231500e-01,7.312632783861231500e-01,5.056831431398373100e-01
8.020000000000000284e+01,2.933644516468551799e+01,1.511475572011736972e+02,6.518393275811869003e-01,6.518393275811869003e-01,5.116394245727300394e-01
8.025000000000000000e+01,2.918312763690282452e+01,1.511181300833044361e+02,7.709090680568074783e-01,7.709090680568074783e-01,5.567470276000155982e-01
8.030000000000001137e+01,2.902455089195441928e+01,1.510901493069464436e+02,7.647241115958772761e-01,7.647241115958772761e-01,5.016892654607104651e-01
8.035000000000000853e+01,2.886708895220636251e+01,1.510605001432606116e+02,7.765573817703141923e-01,7.765573817703141923e-01,4.969786096007447473e-01
8.040000000000000568e+01,2.871109946444691374e+01,1.510309393389812840e+02,8.096093736906458949e-01,8.096093736906458949e-01,5.414375766031684911e-01
8.045000000000000284e+01,2.855501623968202551e+01,1.510015428017900945e+02,8.413411363679503818e-01,8.413411363679503818e-01,4.847509759354862724e-01
8.050000000000000000e+01,2.840018974567786003e+01,1.509729486175813804e+02,8.515231589859236783e-01,8.515231589859236783e-01,4.650351717972107668e-01
8.055000000000001137e+01,2.824431848433778214e+01,1.509415307203586281e+02,8.573232494685596450e-01,8.573232494685596450e-01,5.000670643654017145e-01
8.060000000000000853e+01,2.809038998834165923e+01,1.509101326493981503e+02,8.670662659710127729e-01,8.670662659710127729e-01,4.570298118861089720e-01
8.065000000000000568e+01,2.793668395439020813e+01,1.508770897137226825e+02,8.105652915427657978e-01,8.105652915427657978e-01,4.243444558160737734e-01
8.070000000000000284e+01,2.778581802980776061e+01,1.508398478517179342e+02,8.834583345516990871e-01,8.834583345516990871e-01,4.518440436506180879e-01
8.075000000000000000e+01,2.763207054621898706e+01,1.508027859172628666e+02,8.468656389888034042e-01,8.468656389888034042e-01,4.332586980031871149e-01
8.080000000000001137e+01,2.747970693942074405e+01,1.507618723295473160e+02,8.390034188500210544e-01,8.390034188500210544e-01,3.876782207331821439e-01
8.085000000000000853e+01,2.732695422795775286e+01,1.507169635934381802e+02,9.027128130585454491e-01,9.027128130585454491e-01,4.073087996239915798e-01
8.090000000000000568e+01,2.717321216075751167e+01,1.506735916308867615e+02,8.618877941158056277e-01,8.618877941158056277e-01,4.139995671182838954e-01
8.095000000000000284e+01,2.702003755839650267e+01,1.506252330362366365e+02,8.598319096610136381e-01,8.598319096610136381e-01,3.541093404827111990e-01
8.100000000000000000e+01,2.686870643976062212e+01,1.505762549965651829e+02,8.639032331667785281e-01,8.639032331667785281e-01,3.626131919984517671e-01
8.105000000000001137e+01,2.671766911108159448e+01,1.505250553028672584e+02,8.523863412129201178e-01,8.523863412129201178e-01,3.990964971576340115e-01
8.110000000000000853e+01,2.656844809672547214e+01,1.504738551432111535e+02,8.444536594376645944e-01,8.444536594376645944e-01,3.222382824915330790e-01
8.115000000000000568e+01,2.641945248605599517e+01,1.504190957685347030e+02,8.830559285076909903e-01,8.830559285076909903e-01,3.168842098963206011e-01
8.120000000000000284e+01,2.627035726518113989e+01,1.503648940918040182e+02,8.436980308600873224e-01,8.436980308600873224e-01,3.834063964740657138e-01
8.125000000000000000e+01,2.612384630215278492e+01,1.503074994373969560e+02,7.961218349962607688e-01,7.961218349962607688e-01,2.945415796948027687e-01
8.130000000000001137e+01,2.598539865440870145e+01,1.502547070121258628e+02,8.680427457864117180e-01,8.680427457864117180e-01,2.647927325957967204e-01
8.135000000000000853e+01,2.584462615287482379e+01,1.502025498673000641e+02,8.865609658783623059e-01,8.865609658783623059e-01,3.119073643889060943e-01
8.140000000000000568e+01,2.570172808420122479e+01,1.501483834526500232e+02,8.429255545648871584e-01,8.429255545648871584e-01,2.779268102010222785e-01
8.145000000000000284e+01,2.556351783471283312e+01,1.500941336851562369e+02,9.090939659198026268e-01,9.090939659198026268e-01,2.045382762341681482e-01
8.150000000000000000e+01,2.542268596282851334e+01,1.500391123747254483e+02,9.479059062430211791e-01,9.479059062430211791e-01,2.258183590891044701e-01
8.155000000000001137e+01,2.527595343622310153e+01,1.499777124304224856e+02,8.960531902525175063e-01,8.960531902525175063e-01,2.768520086996067442e-01
8.160000000000000853e+01,2.513001619687750576e+01,1.499119674974232908e+02,8.348062367066906297e-01,8.348062367066906297e-01,1.570157092791195086e-01
8.165000000000000568e+01,2.498898468032081510e+01,1.498444433380337273e+02,7.856611352575516571e-01,7.856611352575516571e-01,1.559461841461969034e-01
8.170000000000000284e+01,2.485203398933283481e+01,1.497751195410929199e+02,7.835641684568007692e-01,7.835641684568007692e-01,2.590812716381413749e-01
8.175000000000000000e+01,2.471619654156709345e+01,1.497041807504262749e+02,7.375027997400139812e-01,7.375027997400139812e-01,1.260939448940318619e-01
8.180000000000001137e+01,2.458623899743793473e+01,1.496354898352618363e+02,7.803621692312127101e-01,7.803621692312127101e-01,1.050125929939799696e-01
8.185000000000000853e+01,2.445392790544830675e+01,1.495640745728346985e+02,6.785032334654881314e-01,6.785032334654881314e-01,2.257923799313592828e-01
8.190000000000000568e+01,2.432673955491228668e+01,1.494866641229200468e+02,6.171954181427391495e-01,6.171954181427391495e-01,1.276629022175337635e-01
8.195000000000000284e+01,2.420502660614544510e+01,1.494090352677386022e+02,5.839256439478434091e-01,5.839256439478434091e-01,5.595501039937120918e-02
8.200000000000000000e+01,2.408114161529661956e+01,1.493236718486401742e+02,6.188936104066827815e-01,6.188936104066827815e-01,1.851604478472437532e-01
8.205000000000001137e+01,2.395795904675368959e+01,1.492412221248373498e+02,6.228827643360551614e-01,6.228827643360551614e-01,1.554881571920964378e-01
8.210000000000000853e+01,2.383593278293595219e+01,1.491585373703781556e+02,5.708128708418764852e-01,5.708128708418764852e-01,2.448328924460359615e-02
8.215000000000000568e+01,2.371572178762320249e+01,1.490735229839368401e+02,5.441549121108107956e-01,5.441549121108107956e-01,1.434208483505836351e-01
8.220000000000000284e+01,2.359706399415716760e+01,1.489852271654479523e+02,5.228802171916694386e-01,5.228802171916694386e-01,1.905545452088074077e-01
8.225000000000000000e+01,2.347736209254829021e+01,1.488929377020857885e+02,5.317310036933771134e-01,5.317310036933771134e-01,3.942072480850724453e-02
8.230000000000001137e+01,2.335714533332772547e+01,1.487981901294697593e+02,5.197420620868946628e-01,5.197420620868946628e-01,1.136906266312130015e-01
8.235000000000000853e+01,2.323790112804252317e+01,1.487011142285572873e+02,5.382266351845738095e-01,5.382266351845738095e-01,2.140202065797111586e-01
8.240000000000000568e+01,2.311472579758320123e+01,1.485997446866787755e+02,5.342352275501365266e-01,5.342352275501365266e-01,5.691611438357734032e-02
8.245000000000000284e+01,2.299134518941147931e+01,1.484984729426640513e+02,5.565309750890160556e-01,5.565309750890160556e-01,1.076959289894434679e-01
8.250000000000000000e+01,2.286770746375472640e+01,1.483969428872362357e+02,6.471038343325741238e-01,6.471038343325741238e-01,2.206772707776224751e-01
8.255000000000001137e+01,2.274051229550380882e+01,1.482972749216251032e+02,6.207719590671627596e-01,6.207719590671627596e-01,7.880941941475062829e-02
8.260000000000000853e+01,2.261268140793415071e+01,1.481941265645708938e+02,6.326441923030994285e-01,6.326441923030994285e-01,1.275319128861988338e-01
8.265000000000000568e+01,2.248556882650718336e+01,1.480908449600704273e+02,6.222131606019370986e-01,6.222131606019370986e-01,2.329059773728661409e-01
8.270000000000000284e+01,2.235848885998362334e+01,1.479879645626348292e+02,6.983992486682879530e-01,6.983992486682879530e-01,1.235008351211058231e-01
8.275000000000000000e+01,2.222737763689259083e+01,1.478834499818543691e+02,6.760194760783712065e-01,6.760194760783712065e-01,1.763317837349785977e-01
8.280000000000001137e+01,2.209927822238229211e+01,1.477788131404653029e+02,6.573579302875210972e-01,6.573579302875210972e-01,2.646339509790431865e-01
8.285000000000000853e+01,2.197115416092069040e+01,1.476736188309590148e+02,5.690874527121162485e-01,5.690874527121162485e-01,1.940159693248650341e-01
8.290000000000000568e+01,2.184843909718264143e+01,1.475639971572181253e+02,5.625799962738616822e-01,5.625799962738616822e-01,2.391641681638150829e-01
8.295000000000000284e+01,2.172711757253460618e+01,1.474533363288463761e+02,4.813940625107612226e-01,4.813940625107612226e-01,3.126822915468709940e-01
8.300000000000000000e+01,2.160833459770489995e+01,1.473382992710677115e+02,4.351502467726362511e-01,4.351502467726362511e-01,2.560287556886874372e-01
8.305000000000001137e+01,2.149444701929435908e+01,1.472243049400176460e+02,3.484816007838544283e-01,3.484816007838544283e-01,2.922434717528080705e-01
8.310000000000000853e+01,2.138728616959774342e+01,1.471092918338507616e+02,3.353063015417481751e-01,3.353063015417481751e-01,3.596817302162548247e-01
8.315000000000000568e+01,2.127900338209759568e+01,1.469883589253486207e+02,3.023862536192412631e-01,3.023862536192412631e-01,3.043471372312117618e-01
8.320000000000000284e+01,2.116992145604605113e+01,1.468630245793420670e+02,3.362056493310155991e-01,3.362056493310155991e-01,3.289072059280511717e-01
8.325000000000000000e+01,2.105593277216259906e+01,1.467344603510758816e+02,3.432947669879102826e-01,3.432947669879102826e-01,3.950667540762995977e-01
8.330000000000001137e+01,2.094170586659047473e+01,1.466045898633130946e+02,2.768928882583260864e-01,2.768928882583260864e-01,3.458910610838236144e-01
8.335000000000000853e+01,2.083477720870327943e+01,1.464780310358111706e+02,2.838677182157428591e-01,2.838677182157428591e-01,3.722491617429522504e-01
8.340000000000000568e+01,2.072871310744620388e+01,1.463525712609149139e+02,2.677581014735550546e-01,2.677581014735550546e-01,4.240810377101480455e-01
8.345000000000000284e+01,2.062196571574222048e+01,1.462252256026289672e+02,2.478172426714004006e-01,2.478172426714004006e-01,3.785404671463121207e-01
8.350000000000000000e+01,2.051684383875244322e+01,1.460968474982629459e+02,2.046351144495547891e-01,2.046351144495547891e-01,4.005702452876333530e-01
8.355000000000001137e+01,2.041623452538706474e+01,1.459697706559271921e+02,1.933680250805770995e-01,1.933680250805770995e-01,4.472797560804228079e-01
8.360000000000000853e+01,2.031307594145348716e+01,1.458380769572477504e+02,2.125914437332180884e-01,2.125914437332180884e-01,3.979881507749675196e-01
8.365000000000000568e+01,2.021053467283614680e+01,1.457089952306328655e+02,2.140664650764196597e-01,2.140664650764196597e-01,4.159104123158576805e-01
8.370000000000000284e+01,2.010539494549692208e+01,1.455768655616061551e+02,1.306348129891055365e-01,1.306348129891055365e-01,4.608418066764992105e-01
8.375000000000000000e+01,2.000681407607205387e+01,1.454442816729220738e+02,1.932049835608639354e-01,1.932049835608639354e-01,4.109449336027793387e-01
8.380000000000001137e+01,1.990744656645876276e+01,1.453178098691393814e+02,1.831104695978338637e-01,1.831104695978338637e-01,4.271628120672697482e-01
8.385000000000000853e+01,1.980739088053056207e+01,1.451878114640833530e+02,1.391391139726032566e-01,1.391391139726032566e-01,4.724671912611125291e-01
8.390000000000000568e+01,1.970764514166890535e+01,1.450540193045037825e+02,2.183157037291170444e-01,2.183157037291170444e-01,4.212206335931523160e-01
8.395000000000000284e+01,1.960376247212867895e+01,1.449223683787001562e+02,2.318617465831082358e-01,2.318617465831082358e-01,4.374480396783215208e-01
8.400000000000000000e+01,1.949851547978174082e+01,1.447915750895277824e+02,2.718285071478084847e-01,2.718285071478084847e-01,4.824127901813186070e-01
8.405000000000001137e+01,1.939046668410998464e+01,1.446596827751296814e+02,2.806771825413655330e-01,2.806771825413655330e-01,4.417783287314768215e-01
8.410000000000000853e+01,1.927933835251775463e+01,1.445248166309502267e+02,2.348953662772080841e-01,2.348953662772080841e-01,4.663153611200666626e-01
8.415000000000000568e+01,1.917308371229132291e+01,1.443914770146300839e+02,2.122862567095763486e-01,2.122862567095763486e-01,4.972599796469258648e-01
8.420000000000000284e+01,1.906882384021610477e+01,1.442576006846003054e+02,2.070991798589325028e-01,2.070991798589325028e-01,4.609477095364606369e-01
8.425000000000000000e+01,1.896380745315225980e+01,1.441231829203518657e+02,2.352581293185371514e-01,2.352581293185371514e-01,4.855713060312721319e-01
8.430000000000001137e+01,1.885782073124396874e+01,1.439896708773743796e+02,2.458145915184672681e-01,2.458145915184672681e-01,5.066339887881892157e-01
8.435000000000000853e+01,1.875177231679255740e+01,1.438562066780632165e+02,1.495064839760904540e-01,1.495064839760904540e-01,4.776975624962561118e-01
8.440000000000000568e+01,1.865301880862163841e+01,1.437222489811633466e+02,2.239465856874244820e-01,2.239465856874244820e-01,5.007033356137583491e-01
8.445000000000000284e+01,1.855148821337754939e+01,1.435920588022218567e+02,2.226675808555435010e-01,2.226675808555435010e-01,5.152311247138109396e-01
8.450000000000000000e+01,1.844736414680275871e+01,1.434586221353234805e+02,1.675372387282190734e-01,1.675372387282190734e-01,4.871346467250010637e-01
8.455000000000001137e+01,1.834821672139173288e+01,1.433258958430206462e+02,1.887657156972183947e-01,1.887657156972183947e-01,5.116871778417960703e-01
8.460000000000000853e+01,1.824650627480066589e+01,1.431929693310875393e+02,1.213240133179884633e-01,1.213240133179884633e-01,5.219866495697035313e-01
8.465000000000000568e+01,1.814869105833446028e+01,1.430571825754755935e+02,1.644858178745453592e-01,1.644858178745453592e-01,4.897055471864562581e-01
8.470000000000000284e+01,1.805152781462109601e+01,1.429274695947842417e+02,1.363269544798311195e-01,1.363269544798311195e-01,5.143250974925799301e-01
8.475000000000000000e+01,1.795409819399183959e+01,1.427928714496569285e+02,1.286703660110127267e-01,1.286703660110127267e-01,5.209551803125804792e-01
8.480000000000001137e+01,1.785572534436196790e+01,1.426571331946573480e+02,1.851571444448827652e-01,1.851571444448827652e-01,4.885997248767111056e-01
8.485000000000000853e+01,1.775603698838028421e+01,1.425256668603862522e+02,1.811054929249842627e-01,1.811054929249842627e-01,5.147336353768338091e-01
8.490000000000000568e+01,1.765699251736370812e+01,1.423938851260086551e+02,1.480017710009195742e-01,1.480017710009195742e-01,5.234606949161209055e-01
8.495000000000000284e+01,1.755951595190177983e+01,1.422620989339322932e+02,2.336934790958195285e-01,2.336934790958195285e-01,4.931326224666754965e-01
8.500000000000000000e+01,1.745699050888465820e+01,1.421316957636843767e+02,2.247691063030525793e-01,2.247691063030525793e-01,5.210581672927643293e-01
8.505000000000001137e+01,1.735606281711691778e+01,1.420018790867042071e+02,2.228004193237675401e-01,2.228004193237675401e-01,5.338955760975013787e-01
8.510000000000000853e+01,1.725722666733958022e+01,1.418745514122419991e+02,1.223885667822606216e-01,1.223885667822606216e-01,5.070993082181908251e-01
8.515000000000000568e+01,1.716220583413268841e+01,1.417424680576787637e+02,1.287598601940763698e-01,1.287598601940763698e-01,5.250526043930269227e-01
8.520000000000000284e+01,1.706524876473328334e+01,1.416072335159008730e+02,1.368211570466323634e-01,1.368211570466323634e-01,5.365296992151722399e-01
8.525000000000000000e+01,1.696716127147404762e+01,1.414725664316257223e+02,2.174622173441205786e-01,2.174622173441205786e-01,5.025414699060479773e-01
8.530000000000001137e+01,1.686442025195069405e+01,1.413392664411500164e+02,2.352656040853371155e-01,2.352656040853371155e-01,5.270896185384884580e-01
8.535000000000000853e+01,1.675780855654773660e+01,1.412028926683409793e+02,2.517541466966112806e-01,2.517541466966112806e-01,5.403721559120390205e-01
8.540000000000000568e+01,1.664816527813410829e+01,1.410647811584193505e+02,1.821000124730848546e-01,1.821000124730848546e-01,5.173867271854554195e-01
8.545000000000000284e+01,1.653962848329510749e+01,1.409207771616976004e+02,1.070534058082197731e-01,1.070534058082197731e-01,5.499602063985682410e-01
8.550000000000000000e+01,1.643547600659063690e+01,1.407738374990090620e+02,-5.293548072222351714e-03,-5.293548072222351714e-03,5.339502853994323450e-01
8.555000000000001137e+01,1.633724133929350586e+01,1.406224944316074641e+02,-2.585007829832860690e-02,-2.585007829832860690e-02,5.075865033491728795e-01
8.560000000000000853e+01,1.624137030159718620e+01,1.404724381050114062e+02,-6.085440794410730547e-02,-6.085440794410730547e-02,5.413689410349092901e-01
8.565000000000000568e+01,1.614488611397339923e+01,1.403184007374974556e+02,-1.659592579879606497e-02,-1.659592579879606497e-02,4.895456247676145400e-01
8.570000000000000284e+01,1.604712341470269976e+01,1.401676929236911633e+02,-2.742925240891724847e-02,-2.742925240891724847e-02,4.774683879493167860e-01
8.575000000000000000e+01,1.595158455077834248e+01,1.400191743637212198e+02,-6.891948041222684118e-02,-6.891948041222684118e-02,5.157105206302317058e-01
8.580000000000001137e+01,1.585990270538689906e+01,1.398718624384106022e+02,-5.148255029222152668e-02,-5.148255029222152668e-02,4.496667101172300285e-01
8.585000000000000853e+01,1.576788479269994703e+01,1.397268069538102679e+02,-4.306728815237204078e-02,-4.306728815237204078e-02,4.468695547953657754e-01
8.590000000000000568e+01,1.567752417658900299e+01,1.395853501103318877e+02,-4.441507838815680204e-02,-4.441507838815680204e-02,4.765698706574183485e-01
8.595000000000000284e+01,1.558820458817310950e+01,1.394454433128945254e+02,-7.780195664578691550e-02,-7.780195664578691550e-02,4.150730923443127773e-01
8.600000000000000000e+01,1.550131863639071206e+01,1.393054672215373557e+02,-4.084415327971888110e-02,-4.084415327971888110e-02,4.131017345629866555e-01
8.605000000000001137e+01,1.541126067124434229e+01,1.391653535613769748e+02,-2.135431638283237163e-02,-2.135431638283237163e-02,4.467516909626858546e-01
8.610000000000000853e+01,1.532119322325408106e+01,1.390281957078074697e+02,-5.289134932494129332e-02,-5.289134932494129332e-02,3.835465717041608436e-01
8.615000000000000568e+01,1.523258328619470348e+01,1.388896486519843450e+02,-6.657858388131292215e-02,-6.657858388131292215e-02,3.834790740561288547e-01
8.620000000000000284e+01,1.514428746545243953e+01,1.387502738999921519e+02,-3.270684260823470552e-02,-3.270684260823470552e-02,4.224869579547277931e-01
8.625000000000000000e+01,1.505436766162337570e+01,1.386130432369913308e+02,2.912524310979589318e-02,2.912524310979589318e-02,3.535542644204532348e-01
8.630000000000001137e+01,1.496137891152305954e+01,1.384785983230503632e+02,5.460161592531068142e-02,5.460161592531068142e-02,3.578671596107571573e-01
8.635000000000000853e+01,1.486722843696033536e+01,1.383452180363286459e+02,4.855728867133954352e-02,4.855728867133954352e-02,4.119446823552200265e-01
8.640000000000000568e+01,1.477179736048588410e+01,1.382099663329123871e+02,9.258896653592259274e-02,9.258896653592259274e-02,3.433534628709646319e-01
8.645000000000000284e+01,1.467450399292167340e+01,1.380768415479967643e+02,1.462156266872874644e-01,1.462156266872874644e-01,3.501628196458435593e-01
8.650000000000000000e+01,1.457256100920020359e+01,1.379438650787197673e+02,1.633428105576361367e-01,1.633428105576361367e-01,4.109776234412802487e-01
8.655000000000001137e+01,1.446884617818057528e+01,1.378093379606000610e+02,8.686093075270411024e-02,8.686093075270411024e-02,3.488305014863321563e-01
8.660000000000000853e+01,1.436995400866793737e+01,1.376727212408983405e+02,6.964132335162759313e-02,6.964132335162759313e-02,3.583135271200616478e-01
8.665000000000000568e+01,1.426905550159357716e+01,1.375317834935828216e+02,1.208296489119506656e-01,1.208296489119506656e-01,4.030074562230522295e-01
8.670000000000000284e+01,1.416316916893688216e+01,1.373900262695424601e+02,1.631099443311674335e-01,1.631099443311674335e-01,3.433317684609657472e-01
8.675000000000000000e+01,1.405550319929449898e+01,1.372499112411093733e+02,1.259068836936406699e-01,1.259068836936406699e-01,3.708535722136775958e-01
8.680000000000001137e+01,1.394845596272969956e+01,1.371071474705611593e+02,1.004163811392204952e-01,1.004163811392204952e-01,3.910788286799884994e-01
8.685000000000000853e+01,1.384539002269903207e+01,1.369670773244308748e+02,1.179092922702683482e-01,1.179092922702683482e-01,3.463867261297625677e-01
8.690000000000000568e+01,1.374242529473639074e+01,1.368288328740791258e+02,6.817640306688600715e-02,6.817640306688600715e-02,3.843139716467664502e-01
8.695000000000000284e+01,1.364406030870258313e+01,1.366913533980355453e+02,9.039147501775575411e-02,9.039147501775575411e-02,3.817706465155397688e-01
8.700000000000000000e+01,1.354424955027548805e+01,1.365539062400177386e+02,8.054960640341277123e-02,8.054960640341277123e-02,3.440395372130240492e-01
8.705000000000001137e+01,1.344491930863974005e+01,1.364169159548289372e+02,4.891245721022101367e-02,4.891245721022101367e-02,3.851958944347807501e-01
8.710000000000000853e+01,1.334864059747843790e+01,1.362804867846768104e+02,8.896419402402573617e-02,8.896419402402573617e-02,3.729166377655653841e-01
8.715000000000000568e+01,1.324795366011794151e+01,1.361416596570775255e+02,1.239960017429105749e-01,1.239960017429105749e-01,3.387391050049893271e-01
8.720000000000000284e+01,1.314445804345397484e+01,1.360035184380000999e+02,1.431641817716929610e-01,1.431641817716929610e-01,3.891922324649264020e-01
8.725000000000000000e+01,1.304031002886874546e+01,1.358660379349493041e+02,1.334473003334227525e-01,1.334473003334227525e-01,3.677706881763926905e-01
8.730000000000001137e+01,1.293493367506887814e+01,1.357263275906231854e+02,1.077210695763619330e-01,1.077210695763619330e-01,3.466149111944663019e-01
8.735000000000000853e+01,1.283236092564587061e+01,1.355873977128994454e+02,6.940369193759476918e-02,6.940369193759476918e-02,4.050354203654399354e-01
8.740000000000000568e+01,1.272923405427615329e+01,1.354437600402482644e+02,7.781985501762489488e-02,7.781985501762489488e-02,3.588759044796968056e-01
8.745000000000000284e+01,1.262277334755620117e+01,1.352967400770180006e+02,5.835507083647999138e-02,5.835507083647999138e-02,3.490931177686555364e-01
8.750000000000000000e+01,1.251625711673824703e+01,1.351469754319714127e+02,3.746048015883409604e-02,3.746048015883409604e-02,4.140262350018435455e-01
8.755000000000001137e+01,1.241267664177278363e+01,1.349990141011242031e+02,1.579429532911281672e-02,1.579429532911281672e-02,3.389295075580029404e-01
8.760000000000000853e+01,1.230871472052335136e+01,1.348486254701458051e+02,3.888953107795439096e-02,3.888953107795439096e-02,3.512334826629588402e-01
8.765000000000000568e+01,1.220346281574679637e+01,1.346988828422045685e+02,2.615830966831296511e-02,2.615830966831296511e-02,3.758287308938653704e-01
8.770000000000000284e+01,1.209831477167694302e+01,1.345484533451012226e+02,-2.210130409182048741e-02,-2.210130409182048741e-02,3.200944514893692139e-01
8.775000000000000000e+01,1.199631413518034506e+01,1.343969906217208461e+02,-5.547049844030423754e-03,-5.547049844030423754e-03,3.587505672425615466e-01
8.780000000000001137e+01,1.189393144481129205e+01,1.342469246236139213e+02,1.019841208748316526e-02,1.019841208748316526e-02,3.360820567671369830e-01
8.785000000000000853e+01,1.179224107762810014e+01,1.340996531608456053e+02,3.513977204150265862e-03,3.513977204150265862e-03,3.031963379125694469e-01
8.790000000000000568e+01,1.168920577199358313e+01,1.339502249363785893e+02,-1.596754176501079259e-02,-1.596754176501079259e-02,3.687333575900931248e-01
8.795000000000000284e+01,1.158788129693563995e+01,1.338010726003740558e+02,-2.615929791541243485e-02,-2.615929791541243485e-02,3.036447448095502821e-01
8.800000000000000000e+01,1.148859419575129692e+01,1.336537820355035819e+02,-7.582184953962774199e-02,-7.582184953962774199e-02,2.925921284885565909e-01
8.805000000000001137e+01,1.139108617226690789e+01,1.335038490061906487e+02,-8.713419845923479901e-02,-8.713419845923479901e-02,3.593599364682835695e-01
8.810000000000000853e+01,1.129318329098837559e+01,1.333524815841601026e+02,-6.965960585184234610e-02,-6.965960585184234610e-02,2.658004029643368238e-01
8.815000000000000568e+01,1.119388381509985742e+01,1.332014778864192692e+02,-6.912287944549151686e-02,-6.912287944549151686e-02,2.792051122814802055e-01
8.820000000000000284e+01,1.109844423557088788e+01,1.330560618105938318e+02,-4.336747246525630983e-02,-4.336747246525630983e-02,3.126843699887500438e-01
8.825000000000000000e+01,1.100061155759311049e+01,1.329105452973148829e+02,-3.418710102502282161e-02,-3.418710102502282161e-02,2.346915181533156813e-01
8.830000000000001137e+01,1.090045365830107826e+01,1.327629736221436758e+02,-6.529902917316302013e-02,-6.529902917316302013e-02,2.740493851093318001e-01
8.835000000000000853e+01,1.079941088484929423e+01,1.326111353992207853e+02,-1.040669735988103972e-01,-1.040669735988103972e-01,2.708918550417401816e-01
8.840000000000000568e+01,1.069915291903941146e+01,1.324563937740279016e+02,-1.188527906850995186e-01,-1.188527906850995186e-01,2.084000635988864647e-01
8.845000000000000284e+01,1.059823593005890174e+01,1.322996710219716761e+02,-1.215073149840004418e-01,-1.215073149840004418e-01,2.864399308248197218e-01
8.850000000000000000e+01,1.049891184429512059e+01,1.321452482221572495e+02,-1.392784903617630410e-01,-1.392784903617630410e-01,2.115103735919217076e-01
8.855000000000001137e+01,1.040094819090358413e+01,1.319908402508804102e+02,-1.101570654759321810e-01,-1.101570654759321810e-01,1.883042835478850596e-01
8.860000000000000853e+01,1.029844026455333861e+01,1.318338187016702250e+02,-1.391783144353483381e-01,-1.391783144353483381e-01,2.820520780459365717e-01
8.865000000000000568e+01,1.019686526602299992e+01,1.316754122840305570e+02,-1.148845285806340821e-01,-1.148845285806340821e-01,1.551342636222037552e-01
8.870000000000000284e+01,1.009417447377633081e+01,1.315186331493291050e+02,-1.960115002103148540e-01,-1.960115002103148540e-01,1.993151727352629465e-01
8.875000000000000000e+01,9.996825707511737491e+00,1.313601329275456351e+02,-2.253925518606281209e-01,-2.253925518606281209e-01,2.085437550577819155e-01
8.880000000000001137e+01,9.900278744747526005e+00,1.312004231427991954e+02,-1.902542636830314993e-01,-1.902542636830314993e-01,1.076012310500013142e-01
8.885000000000000853e+01,9.800362294952018161e+00,1.310401521011288537e+02,-1.929101630023883351e-01,-1.929101630023883351e-01,2.252898540858367382e-01
8.890000000000000568e+01,9.699407865783818750e+00,1.308791039252316182e+02,-2.163991456943445968e-01,-2.163991456943445968e-01,1.278155547458008356e-01
8.895000000000000284e+01,9.599429027212206478e+00,1.307176927858876070e+02,-1.261090277754657318e-01,-1.261090277754657318e-01,1.075807030212544979e-01
8.900000000000000000e+01,9.493578893627963922e+00,1.305581123180691065e+02,-1.691654374424318152e-01,-1.691654374424318152e-01,2.244243288470609277e-01
8.905000000000001137e+01,9.388667053981334831e+00,1.303951318000173956e+02,-1.579681623351324171e-01,-1.579681623351324171e-01,4.779813619545682235e-02
8.910000000000000853e+01,9.281610717863721050e+00,1.302313199437865592e+02,-1.846669536546294843e-01,-1.846669536546294843e-01,1.734163563219147663e-01
8.915000000000000568e+01,9.176019594839246452e+00,1.300673019129088175e+02,-2.243352590972635952e-01,-2.243352590972635952e-01,1.327207371837167138e-01
8.920000000000000284e+01,9.072593129620392105e+00,1.299017473148738304e+02,-2.503365970338102264e-01,-2.503365970338102264e-01,6.322102627234130190e-02
8.925000000000000000e+01,8.971029310636083665e+00,1.297367076577922376e+02,-2.142591815824889112e-01,-2.142591815824889112e-01,2.410458822631116049e-01
8.930000000000001137e+01,8.868042095698994487e+00,1.295744108241307799e+02,-2.220482914689239640e-01,-2.220482914689239640e-01,5.546916094642344308e-02
8.935000000000000853e+01,8.766730597252061941e+00,1.294141584540181782e+02,-1.763070738585703623e-01,-1.763070738585703623e-01,1.456283673152282687e-01
8.940000000000000568e+01,8.664615765812280657e+00,1.292571937497178851e+02,-2.190063254499224898e-01,-2.190063254499224898e-01,1.771268551836669147e-01
8.945000000000000284e+01,8.565214151753778538e+00,1.290998818338396461e+02,-2.486186438191672621e-01,-2.486186438191672621e-01,6.536001931175160207e-02
8.950000000000000000e+01,8.465608656022521217e+00,1.289390430509777445e+02,-1.989094494977161898e-01,-1.989094494977161898e-01,2.189195688905579695e-01
8.955000000000001137e+01,8.363691846341332337e+00,1.287813355315521164e+02,-1.559752776276592534e-01,-1.559752776276592534e-01,1.383759044530079863e-01
8.960000000000000853e+01,8.258760426912704844e+00,1.286250344563335943e+02,-1.062630787918818903e-01,-1.062630787918818903e-01,1.283725505607046791e-01
8.965000000000000568e+01,8.153287530044632803e+00,1.284735875325272900e+02,-1.475004731369414235e-01,-1.475004731369414235e-01,2.515607355612294871e-01
8.970000000000000284e+01,8.047771258891815549e+00,1.283175863395967724e+02,-1.186377193603533470e-01,-1.186377193603533470e-01,1.178099682314695390e-01
8.975000000000000000e+01,7.940728454238760392e+00,1.281631670309087383e+02,-1.218288691430475384e-01,-1.218288691430475384e-01,1.865520208085632570e-01
8.980000000000001137e+01,7.834919002800154075e+00,1.280104109052577712e+02,-1.431748617036626425e-01,-1.431748617036626425e-01,2.043991000640360545e-01
8.985000000000000853e+01,7.732098258721929795e+00,1.278587294892532924e+02,-9.582260470595858892e-02,-9.582260470595858892e-02,1.292909236078137736e-01
8.990000000000000568e+01,7.623848281443786234e+00,1.277057445714057025e+02,-1.091195323444219545e-01,-1.091195323444219545e-01,2.441100605600248774e-01
8.995000000000000284e+01,7.515819478182388380e+00,1.275513349446460865e+02,-1.091901923405341340e-01,-1.091901923405341340e-01,1.705123567725766454e-01
9.000000000000000000e+01,7.408379838922318328e+00,1.273980727401066702e+02,-1.773499745568170860e-01,-1.773499745568170860e-01,1.636130778718582757e-01
9.005000000000001137e+01,7.304883334872893208e+00,1.272433163990928620e+02,-1.598218550450602460e-01,-1.598218550450602460e-01,2.711203590881107739e-01
9.010000000000000853e+01,7.197813813430034457e+00,1.270856412578262677e+02,-1.192121428919131892e-01,-1.192121428919131892e-01,1.600060521311480188e-01
9.015000000000000568e+01,7.089126058479061854e+00,1.269297391071392838e+02,-1.288876113037221716e-01,-1.288876113037221716e-01,2.223550778130026495e-01
9.020000000000000284e+01,6.979687817933735161e+00,1.267724325724146581e+02,-8.818615537263314874e-02,-8.818615537263314874e-02,2.247205972816193609e-01
9.025000000000000000e+01,6.866983587130667033e+00,1.266149388509832789e+02,-7.511743046786145683e-02,-7.511743046786145683e-02,1.734820435725314136e-01
9.030000000000001137e+01,6.755640866867464567e+00,1.264608278175303440e+02,-9.252361650961131445e-02,-9.252361650961131445e-02,2.876537757134577933e-01
9.035000000000000853e+01,6.647325506806204487e+00,1.263089767189483581e+02,-1.152996352842842048e-01,-1.152996352842842048e-01,1.897144126151071308e-01
9.040000000000000568e+01,6.539508645693482336e+00,1.261558189974357873e+02,-8.284880824960835777e-02,-8.284880824960835777e-02,2.075149839257473816e-01
9.045000000000000284e+01,6.432202826095312354e+00,1.260069581495816067e+02,-6.292284424193263226e-02,-6.292284424193263226e-02,2.715277136718005080e-01
9.050000000000000000e+01,6.324871524246662879e+00,1.258603848659432742e+02,-4.102791291460101269e-02,-4.102791291460101269e-02,1.803628007484094353e-01
9.055000000000001137e+01,6.217246082226700388e+00,1.257153426968141758e+02,-3.954214227416907174e-02,-3.954214227416907174e-02,2.379024426347267351e-01
9.060000000000000853e+01,6.106882335845307708e+00,1.255671465009186676e+02,-4.862860637228572092e-02,-4.862860637228572092e-02,2.350591803772981714e-01
9.065000000000000568e+01,5.993668005914544850e+00,1.254140441204286844e+02,-1.173985094274988990e-02,-1.173985094274988990e-02,1.802639335886183913e-01
9.070000000000000284e+01,5.882527168225622383e+00,1.252675602952821379e+02,-1.728568360544770893e-02,-1.728568360544770893e-02,2.802473320020405501e-01
9.075000000000000000e+01,5.770621913393303437e+00,1.251191832412856257e+02,1.447094579340973616e-02,1.447094579340973616e-02,1.945745483021388555e-01
9.080000000000001137e+01,5.659468548423601142e+00,1.249752507302497548e+02,4.711961900732324071e-02,4.711961900732324071e-02,1.903670285532115536e-01
9.085000000000000853e+01,5.548374456497088048e+00,1.248348728117569522e+02,5.774839535548138836e-02,5.774839535548138836e-02,2.789924683116119519e-01
9.090000000000000568e+01,5.437097609662895792e+00,1.246951965484680898e+02,1.192113023460809329e-01,1.192113023460809329e-01,1.620636092381941007e-01
9.095000000000000284e+01,5.321666931930094435e+00,1.245564968535892660e+02,1.316110702101486452e-01,1.316110702101486452e-01,1.943435513703770101e-01
9.100000000000000000e+01,5.203712892490329978e+00,1.244150157940617021e+02,1.988588909845007136e-01,1.988588909845007136e-01,2.252725788172004195e-01
9.105000000000001137e+01,5.081606386134396303e+00,1.242751108219248266e+02,1.091052273494225316e-01,1.091052273494225316e-01,1.170858760132089810e-01
9.110000000000000853e+01,4.965648379637325860e+00,1.241332057514965754e+02,1.127827354999818565e-01,1.127827354999818565e-01,2.148543750534085139e-01
9.115000000000000568e+01,4.849017449478783881e+00,1.239902575150485120e+02,1.192468881087465765e-01,1.192468881087465765e-01,1.606084016256784930e-01
9.120000000000000284e+01,4.733618615663301554e+00,1.238498238236837068e+02,1.137947765312507936e-01,1.137947765312507936e-01,1.042987956974495423e-01
9.125000000000000000e+01,4.618185947575954131e+00,1.237081942312173481e+02,1.858663131807523905e-01,1.858663131807523905e-01,2.502242222663937921e-01
9.130000000000001137e+01,4.498061267621455528e+00,1.235681073985309837e+02,1.452427193061243127e-01,1.452427193061243127e-01,1.005264651418960875e-01
9.135000000000000853e+01,4.378295381045171020e+00,1.234230427989506609e+02,1.586991209539773962e-01,1.586991209539773962e-01,1.250652330650651178e-01
9.140000000000000568e+01,4.255574397206159709e+00,1.232752131772202802e+02,1.487467339153590029e-01,1.487467339153590029e-01,1.981463817173878261e-01
9.145000000000000284e+01,4.131873424834321185e+00,1.231248634455412940e+02,1.014597770731421739e-01,1.014597770731421739e-01,3.382990563328801964e-02
9.150000000000000000e+01,4.010457058843673650e+00,1.229718644546730530e+02,9.015602951666580600e-02,9.015602951666580600e-02,1.982854365269644259e-01
9.155000000000001137e+01,3.887897487385499673e+00,1.228159948660298966e+02,5.653548528672052570e-02,5.653548528672052570e-02,1.043111358866495031e-01
9.160000000000000853e+01,3.767371889051676526e+00,1.226589227929874397e+02,6.973902257958773665e-02,6.973902257958773665e-02,9.702868356431514074e-02
9.165000000000000568e+01,3.647028806193510775e+00,1.225032853507980946e+02,6.387461748517461735e-02,6.387461748517461735e-02,2.049827309138018416e-01
9.170000000000000284e+01,3.526817610021396376e+00,1.223472360052327446e+02,4.770176869127491781e-02,4.770176869127491781e-02,1.064831067605758255e-02
9.175000000000000000e+01,3.408750884409852411e+00,1.221921580468762443e+02,3.278927612030498734e-02,3.278927612030498734e-02,1.872124311885299541e-01
9.180000000000001137e+01,3.291109712467386927e+00,1.220360408257727158e+02,9.928344037988791337e-03,9.928344037988791337e-03,1.143529516345648811e-01
9.185000000000000853e+01,3.174002479095956009e+00,1.218780235800065128e+02,-3.360036894190866763e-02,-3.360036894190866763e-02,8.235296284493565100e-02
9.190000000000000568e+01,3.060940797564794202e+00,1.217208047311597880e+02,-6.299005100105116439e-02,-6.299005100105116439e-02,2.210121312170123531e-01
9.195000000000000284e+01,2.949087047178844401e+00,1.215619538636699417e+02,-3.940200603609630287e-02,-3.940200603609630287e-02,2.775821887189551182e-02
9.200000000000000000e+01,2.836614149039663690e+00,1.214050531451406556e+02,1.921840508531367023e-02,1.921840508531367023e-02,1.665754287860901073e-01
9.205000000000001137e+01,2.718933411542427514e+00,1.212475570689281454e+02,1.476842791936730688e-02,1.476842791936730688e-02,1.343445478572683482e-01
9.210000000000000853e+01,2.599564079339431899e+00,1.210871815898424160e+02,-2.526463278562065054e-02,-2.526463278562065054e-02,6.623818899598578336e-02
9.215000000000000568e+01,2.482028253486352476e+00,1.209249270896895467e+02,3.518262114128892920e-02,3.518262114128892920e-02,2.309519286314013209e-01
9.220000000000000284e+01,2.361735922086322326e+00,1.207655168910844026e+02,1.224227021732329501e-01,1.224227021732329501e-01,3.173930415954516471e-02
9.225000000000000000e+01,2.236495261656466393e+00,1.206090005068850246e+02,4.141087033278147839e-02,4.141087033278147839e-02,1.692054285542341774e-01
9.230000000000001137e+01,2.114193958255429884e+00,1.204471525663688851e+02,5.551114164593312639e-02,5.551114164593312639e-02,1.250043351906835187e-01
9.235000000000000853e+01,1.991373906016238982e+00,1.202862048120493625e+02,1.055333533978492812e-02,1.055333533978492812e-02,7.789624629354816032e-02
9.240000000000000568e+01,1.871349888043015941e+00,1.201239734284101957e+02,3.548108142529231290e-02,3.548108142529231290e-02,2.178308855855185799e-01
9.245000000000000284e+01,1.750948768030153646e+00,1.199638605423166098e+02,7.887102826694689095e-02,7.887102826694689095e-02,2.026857810227257820e-02
9.250000000000000000e+01,1.628224016044412359e+00,1.198054128039028257e+02,1.887291535920492327e-02,1.887291535920492327e-02,1.836562558170075909e-01
9.255000000000001137e+01,1.508532979839807275e+00,1.196442740913145286e+02,1.160720458231289873e-02,1.160720458231289873e-02,1.144068242277872238e-01
9.260000000000000853e+01,1.389703559089755958e+00,1.194834653765455101e+02,5.045426171103777058e-02,5.045426171103777058e-02,8.831229585806467386e-02
9.265000000000000568e+01,1.268141590647465122e+00,1.193231864341589699e+02,3.964542327398828253e-02,3.964542327398828253e-02,2.100353418295330954e-01
9.270000000000000284e+01,1.145981705721437649e+00,1.191609186431365828e+02,2.982847298432057120e-02,2.982847298432057120e-02,2.268422231370801137e-02
9.275000000000000000e+01,1.022956962292140837e+00,1.189961942622988147e+02,2.765140271052281620e-02,2.765140271052281620e-02,2.009333106464499252e-01
9.280000000000001137e+01,9.010883579629775930e-01,1.188327159559231063e+02,4.665210036948314563e-03,4.665210036948314563e-03,9.667859477360776777e-02
9.285000000000000853e+01,7.813131214548417747e-01,1.186696533071324069e+02,-1.532289018448159020e-02,-1.532289018448159020e-02,1.115399367380795204e-01
9.290000000000000568e+01,6.621563059710939836e-01,1.185052622974303631e+02,-5.073265401349875275e-02,-5.073265401349875275e-02,1.865316559153369080e-01
9.295000000000000284e+01,5.447684792499218887e-01,1.183393951418458130e+02,-8.079186859339909654e-02,-8.079186859339909654e-02,2.637811508342329317e-02
9.300000000000000000e+01,4.288823267612487111e-01,1.181725326571071690e+02,-4.514015955053073126e-02,-4.514015955053073126e-02,2.215618879215791870e-01
9.305000000000001137e+01,3.109082061163060962e-01,1.180069605515825089e+02,-7.736030343956441790e-02,-7.736030343956441790e-02,7.331623295741507285e-02
9.310000000000000853e+01,1.972436947703657406e-01,1.178439153336377103e+02,-9.384662510428901094e-02,-9.384662510428901094e-02,1.262579599764497296e-01
9.315000000000000568e+01,8.230212716420476360e-02,1.176774383120830691e+02,-3.365871243809869656e-02,-3.365871243809869656e-02,1.686211584937192254e-01
9.320000000000000284e+01,-3.671662829038792319e-02,1.175120146243907016e+02,-8.613308096325744678e-02,-8.613308096325744678e-02,3.526813658045691718e-02
9.325000000000000000e+01,-1.553527202564665144e-01,1.173417731356472444e+02,-4.901210295205520040e-02,-4.901210295205520040e-02,2.427266622768958770e-01
9.330000000000001137e+01,-2.744800419610073372e-01,1.171747526793961072e+02,-4.689719007461351508e-02,-4.689719007461351508e-02,5.049747768285944849e-02
9.335000000000000853e+01,-3.937423817464754672e-01,1.170079821603642500e+02,1.207358331304803425e-02,1.207358331304803425e-02,1.563804740714992703e-01
9.340000000000000568e+01,-5.161483816491535537e-01,1.168433752978826590e+02,2.489169406499102885e-02,2.489169406499102885e-02,1.366932995235338455e-01
9.345000000000000284e+01,-6.404496288572985030e-01,1.166775523443184994e+02,-3.436297793313756316e-02,-3.436297793313756316e-02,7.200276877776085049e-02
9.350000000000000000e+01,-7.616984595034740346e-01,1.165093325419774288e+02,-2.605829491868555739e-02,-2.605829491868555739e-02,2.188615347677083933e-01
9.355000000000001137e+01,-8.835045224115286588e-01,1.163414032342165569e+02,1.435607789674997687e-03,1.435607789674997687e-03,1.822761663243363181e-02
9.360000000000000853e+01,-1.004304088096395597e+00,1.161778664612844665e+02,1.775621678615124654e-02,1.775621678615124654e-02,1.928133143133906324e-01
9.365000000000000568e+01,-1.125170155661658900e+00,1.160159765376795633e+02,-1.769190310786095816e-02,-1.769190310786095816e-02,1.034359502375926804e-01
9.370000000000000284e+01,-1.246287924533315827e+00,1.158498812265066817e+02,-3.453735039364725506e-02,-3.453735039364725506e-02,1.038131679502268395e-01
9.375000000000000000e+01,-1.364461466138999324e+00,1.156860048290698586e+02,-1.003869617531193137e-01,-1.003869617531193137e-01,1.926527804460299031e-01
9.380000000000001137e+01,-1.479489480439419413e+00,1.155195996352397430e+02,-5.508478344567255269e-02,-5.508478344567255269e-02,2.382549474374784024e-02
9.385000000000000853e+01,-1.594234756954217458e+00,1.153585485885570989e+02,-1.255218433564738445e-01,-1.255218433564738445e-01,2.093517269006482384e-01
9.390000000000000568e+01,-1.703236905691968728e+00,1.151979643702077141e+02,-1.531339328178880077e-01,-1.531339328178880077e-01,1.003416451124370667e-01
9.395000000000000284e+01,-1.811638744128432954e+00,1.150351261873336739e+02,-1.583611012341578916e-01,-1.583611012341578916e-01,1.083955160188461858e-01
9.400000000000000000e+01,-1.920805346561798022e+00,1.148706060753275153e+02,-2.017184594437850531e-01,-2.017184594437850531e-01,2.058216688006639650e-01
9.405000000000001137e+01,-2.027435178069902921e+00,1.147054114093825490e+02,-1.771826693181167700e-01,-1.771826693181167700e-01,6.282481629145733604e-02
9.410000000000000853e+01,-2.134601636995021146e+00,1.145427646720986843e+02,-1.435477694359803824e-01,-1.435477694359803824e-01,2.046866241291878108e-01
9.415000000000000568e+01,-2.242428310057810847e+00,1.143833166575806928e+02,-1.153999716667367254e-01,-1.153999716667367254e-01,1.390039714970436324e-01
9.420000000000000284e+01,-2.351014133344526691e+00,1.142262755293369025e+02,-7.296142009734475631e-02,-7.296142009734475631e-02,1.158319439775545856e-01
9.425000000000000000e+01,-2.462587677699891842e+00,1.140695873355964665e+02,-3.834886612600657552e-02,-3.834886612600657552e-02,2.439819198844674630e-01
9.430000000000001137e+01,-2.578338815791756389e+00,1.139109935941127247e+02,3.879139858246519884e-02,3.879139858246519884e-02,9.497564409560396714e-02
9.435000000000000853e+01,-2.696252461493497954e+00,1.137579055653727949e+02,1.275427694735191408e-01,1.275427694735191408e-01,1.835710587174584629e-01
9.440000000000000568e+01,-2.817122079974834659e+00,1.136102399244953318e+02,1.230418495031134346e-01,1.230418495031134346e-01,1.627201840727331705e-01
9.445000000000000284e+01,-2.936307208892024345e+00,1.134639634944524573e+02,1.669138415371948514e-01,1.669138415371948514e-01,7.995349498279448464e-02
9.450000000000000000e+01,-3.057466146273594809e+00,1.133199437671605097e+02,1.375026389788741310e-01,1.375026389788741310e-01,2.385029180240738067e-01
9.455000000000001137e+01,-3.173593790293848915e+00,1.131785370259584198e+02,1.241226681125192910e-01,1.241226681125192910e-01,9.329016762174957567e-02
9.460000000000000853e+01,-3.288657332395998889e+00,1.130372839499163575e+02,1.081002109423813140e-01,1.081002109423813140e-01,1.061027769520569985e-01
9.465000000000000568e+01,-3.401866501512245566e+00,1.128963737997318191e+02,1.387701721918444542e-01,1.387701721918444542e-01,2.181914324294839946e-01
9.470000000000000284e+01,-3.515605049309562080e+00,1.127576693955947889e+02,1.748154113309755842e-01,1.748154113309755842e-01,4.159808458936518211e-02
9.475000000000000000e+01,-3.630175176489989219e+00,1.126211676872199376e+02,1.266433440236851560e-01,1.266433440236851560e-01,1.407490157061077884e-01
9.480000000000001137e+01,-3.739081842855617399e+00,1.124870055939873339e+02,1.341118082571487735e-01,1.341118082571487735e-01,1.837962327917926075e-01
9.485000000000000853e+01,-3.849229061961448650e+00,1.123521043789277343e+02,8.095920789434742082e-02,8.095920789434742082e-02,1.396160327651227266e-02
9.490000000000000568e+01,-3.956501335476578785e+00,1.122147693939798501e+02,1.327745994503638782e-02,1.327745994503638782e-02,1.650103284996664865e-01
9.495000000000000284e+01,-4.058789486271467517e+00,1.120766968938162620e+02,1.830426806713748855e-02,1.830426806713748855e-02,1.615407246513676232e-01
9.500000000000000000e+01,-4.160751115122867105e+00,1.119395563011354966e+02,-9.430667487755343970e-02,-9.430667487755343970e-02,1.916894121196860076e-02
9.505000000000001137e+01,-4.254136201194316236e+00,1.118020070672794049e+02,-8.352253042157498086e-02,-8.352253042157498086e-02,1.765071304192217805e-01
9.510000000000000853e+01,-4.349228581787856207e+00,1.116632671488265629e+02,-6.339469617013887559e-02,-6.339469617013887559e-02,1.527019184042696931e-01
9.515000000000000568e+01,-4.442783868475337350e+00,1.115289576414028545e+02,-3.907196630224622769e-02,-3.907196630224622769e-02,1.098732519145552075e-02
9.520000000000000284e+01,-4.539281134504643767e+00,1.113936287809676458e+02,-3.847189766900994956e-02,-3.847189766900994956e-02,1.771936198679525953e-01
9.525000000000000000e+01,-4.636587887269571162e+00,1.112572172216443107e+02,-6.406825483544359434e-02,-6.406825483544359434e-02,1.523256651632505509e-01
9.530000000000001137e+01,-4.730144904979455944e+00,1.111231187090232311e+02,-1.213176899106398893e-01,-1.213176899106398893e-01,1.434992115230709735e-02
9.535000000000000853e+01,-4.820229848552343377e+00,1.109877084853675768e+02,-8.717653329316588096e-02,-8.717653329316588096e-02,1.744617027955358557e-01
9.540000000000000568e+01,-4.913570190104753266e+00,1.108521705614669344e+02,-5.151506181703045806e-02,-5.151506181703045806e-02,1.603056777325875537e-01
9.545000000000000284e+01,-5.009222375443470376e+00,1.107172300639030027e+02,-1.417056752088700633e-01,-1.417056752088700633e-01,2.559043752414541170e-02
9.550000000000000000e+01,-5.102374241138218025e+00,1.105765166750987873e+02,-1.083279057426315140e-01,-1.083279057426315140e-01,1.782080004213748570e-01
9.555000000000001137e+01,-5.193929429582067492e+00,1.104415979286092551e+02,-5.327114435745800014e-02,-5.327114435745800014e-02,1.637231214751434794e-01
9.560000000000000853e+01,-5.289126754529298147e+00,1.103076057651818758e+02,-3.364195023919636096e-02,-3.364195023919636096e-02,4.240464417403830288e-02
9.565000000000000568e+01,-5.387799224179405932e+00,1.101713604374764373e+02,1.246109614638761867e-02,1.246109614638761867e-02,1.789562785365808317e-01
9.570000000000000284e+01,-5.486478584443045925e+00,1.100400284011376328e+02,-3.518921277281559373e-02,-3.518921277281559373e-02,1.644443152685104159e-01
9.575000000000000000e+01,-5.581182677689479732e+00,1.099090020832847614e+02,-1.338996248083013929e-01,-1.338996248083013929e-01,4.313933345649252626e-02
9.580000000000001137e+01,-5.673492309207066597e+00,1.097706400920038732e+02,-1.206140010491505155e-01,-1.206140010491505155e-01,1.761979625972378560e-01
9.585000000000000853e+01,-5.767112099142228665e+00,1.096317130138172899e+02,-1.586897304015174315e-01,-1.586897304015174315e-01,1.708615254138426132e-01
9.590000000000000568e+01,-5.859590789818002854e+00,1.094908342053529680e+02,-1.447974700431621242e-01,-1.447974700431621242e-01,6.706646169792909729e-02
9.595000000000000284e+01,-5.954832166991423037e+00,1.093476838424581388e+02,-1.515475909542942923e-01,-1.515475909542942923e-01,1.941613963062747417e-01
9.600000000000000000e+01,-6.048968392631226543e+00,1.092057466382898099e+02,-1.130260322215388968e-01,-1.130260322215388968e-01,1.694393636697691941e-01
9.605000000000001137e+01,-6.144508513126863747e+00,1.090665207824139173e+02,-1.142916365042643545e-01,-1.142916365042643545e-01,9.111784875126285876e-02
9.610000000000000853e+01,-6.240844298254006439e+00,1.089258364099349450e+02,-1.359112366535965288e-01,-1.359112366535965288e-01,2.135151774615750842e-01
9.615000000000000568e+01,-6.339438393050266463e+00,1.087798240092645301e+02,-1.204817143697888837e-01,-1.204817143697888837e-01,1.645165072416174545e-01
9.620000000000000284e+01,-6.438000892241508843e+00,1.086359427425861810e+02,-7.069063298593422640e-02,-7.069063298593422640e-02,1.164342819033312576e-01
9.625000000000000000e+01,-6.535650425623399151e+00,1.084993913390003968e+02,-8.260715393789258565e-02,-8.260715393789258565e-02,2.393584069074486675e-01
9.630000000000001137e+01,-6.634640267671638725e+00,1.083596084046022554e+02,-9.579294604486651710e-02,-9.579294604486651710e-02,1.596754695513026290e-01
9.635000000000000853e+01,-6.729278994226657318e+00,1.082241931807020308e+02,-6.852725793713522473e-02,-6.852725793713522473e-02,1.279806339972613671e-01
9.640000000000000568e+01,-6.826429667064566331e+00,1.080887932685874659e+02,-2.969629242947727232e-02,-2.969629242947727232e-02,2.490101558359253675e-01
9.645000000000000284e+01,-6.925279432711214156e+00,1.079549912910166682e+02,5.090311522952401142e-03,5.090311522952401142e-03,1.629470162211716089e-01
9.650000000000000000e+01,-7.025389682682039449e+00,1.078233587840854710e+02,2.654980267728221377e-02,2.654980267728221377e-02,1.276940604535291568e-01
9.655000000000001137e+01,-7.123224785226917710e+00,1.076970629692611823e+02,6.411202248390496239e-02,6.411202248390496239e-02,2.408694445713892296e-01
9.660000000000000853e+01,-7.222484399544652156e+00,1.075728161860074010e+02,4.052366900025563407e-02,4.052366900025563407e-02,1.635260825462044043e-01
9.665000000000000568e+01,-7.319266265948398242e+00,1.074491489790407570e+02,1.697120300085256869e-03,1.697120300085256869e-03,1.059983768437807033e-01
9.670000000000000284e+01,-7.412037088544329855e+00,1.073265638432648501e+02,5.234983085838317701e-02,5.234983085838317701e-02,2.105670390329262565e-01
9.675000000000000000e+01,-7.504754735826563383e+00,1.072095092939597691e+02,1.113857480538099215e-01,1.113857480538099215e-01,1.869872458678406013e-01
9.680000000000001137e+01,-7.599823133249006268e+00,1.070954349920941695e+02,1.570151936739258292e-01,1.570151936739258292e-01,8.575342659610420137e-02
9.685000000000000853e+01,-7.697094666882954073e+00,1.069826918625908974e+02,1.563401792294531190e-01,1.563401792294531190e-01,1.533830358931200233e-01
9.690000000000000568e+01,-7.792395678540381176e+00,1.068721690169106608e+02,8.879383214921277023e-02,8.879383214921277023e-02,2.253064083153836217e-01
9.695000000000000284e+01,-7.884028370032143407e+00,1.067595057240773286e+02,1.395191523011113932e-01,1.395191523011113932e-01,9.018406758294213177e-02
9.700000000000000000e+01,-7.979176623363217757e+00,1.066470385667330874e+02,1.303028241016571942e-01,1.303028241016571942e-01,8.772638825983487820e-02
9.705000000000001137e+01,-8.073616662913396524e+00,1.065339669246003638e+02,4.902788319054358912e-02,4.902788319054358912e-02,2.252960124070159387e-01
9.710000000000000853e+01,-8.161587574231866427e+00,1.064208278454397316e+02,7.349869389468030589e-02,7.349869389468030589e-02,1.351186927704523533e-01
9.715000000000000568e+01,-8.253166701892032719e+00,1.063053991959995699e+02,5.688524153848553699e-02,5.688524153848553699e-02,3.107761173394911480e-02
9.720000000000000284e+01,-8.343671755964539472e+00,1.061893548975452433e+02,3.921504528988991461e-02,3.921504528988991461e-02,1.646317394640595955e-01
9.725000000000000000e+01,-8.431224454379295352e+00,1.060753131879950786e+02,2.995536510433239458e-02,2.995536510433239458e-02,1.911513096023044478e-01
9.730000000000001137e+01,-8.516567117755563743e+00,1.059631876290877699e+02,2.285642059299406370e-04,2.285642059299406370e-04,5.220875459046481898e-02
9.735000000000000853e+01,-8.600001431993668177e+00,1.058503709209136190e+02,-2.426898260818706118e-02,-2.426898260818706118e-02,9.263421546045717825e-02
9.740000000000000568e+01,-8.679585734256813012e+00,1.057401953069986149e+02,1.098075575518388421e-02,1.098075575518388421e-02,2.276989311680161776e-01
9.745000000000000284e+01,-8.761373611083902446e+00,1.056308491731523276e+02,1.294835924001317383e-02,1.294835924001317383e-02,1.345436791713917057e-01
9.750000000000000000e+01,-8.840738481746040378e+00,1.055249929187591960e+02,1.941637154167305188e-02,1.941637154167305188e-02,1.596238844052764311e-02
9.755000000000001137e+01,-8.919204702929807382e+00,1.054210465031166706e+02,8.111867235335828985e-02,8.111867235335828985e-02,1.298672790559791956e-01
9.760000000000000853e+01,-9.003218257515571921e+00,1.053160331125821330e+02,5.574062134821525932e-02,5.574062134821525932e-02,2.336892398581507102e-01
9.765000000000000568e+01,-9.087521957300912945e+00,1.052079150126458984e+02,5.227110548740390022e-02,5.227110548740390022e-02,9.660559114104710909e-02
9.770000000000000284e+01,-9.172135288809702303e+00,1.050987208781442206e+02,1.020549194717989411e-01,1.020549194717989411e-01,4.165741842015929092e-02
9.775000000000000000e+01,-9.260123456097135275e+00,1.049906440069675000e+02,1.196024429639155895e-01,1.196024429639155895e-01,1.808974364562406512e-01
9.780000000000001137e+01,-9.350110508621767735e+00,1.048811240148971535e+02,7.418530171892746827e-02,7.418530171892746827e-02,1.750662183610658118e-01
9.785000000000000853e+01,-9.437735896050925888e+00,1.047694739901710363e+02,3.891825751309193476e-02,3.891825751309193476e-02,3.696370486740407219e-02
9.790000000000000568e+01,-9.521877266960181885e+00,1.046586721526071528e+02,3.065199259077752356e-02,3.065199259077752356e-02,1.081022715490048691e-01
9.795000000000000284e+01,-9.608495956594641285e+00,1.045436172915235034e+02,9.747775239929786298e-03,9.747775239929786298e-03,2.474690063810026652e-01
9.800000000000000000e+01,-9.695151976645169256e+00,1.044262693427345283e+02,1.946993914276760884e-02,1.946993914276760884e-02,1.028981125000250768e-01
9.805000000000001137e+01,-9.785202229351980918e+00,1.043052353638329777e+02,2.498237976847110867e-02,2.498237976847110867e-02,5.470970513458506268e-02
9.810000000000000853e+01,-9.876864152148943532e+00,1.041826699299588483e+02,-9.878867687382483775e-03,-9.878867687382483775e-03,2.044928583218254270e-01
9.815000000000000568e+01,-9.968322459854658035e+00,1.040565379331783902e+02,-6.772900392746425760e-03,-6.772900392746425760e-03,1.397255111574365605e-01
9.820000000000000284e+01,-1.006142319306473532e+01,1.039285562957346656e+02,5.224663998071463200e-02,5.224663998071463200e-02,2.927705275085022013e-02
9.825000000000000000e+01,-1.015675671790362422e+01,1.038038589219921448e+02,9.694182714743740381e-02,9.694182714743740381e-02,1.788312483195768077e-01
9.830000000000001137e+01,-1.025157313940386494e+01,1.036846439045945800e+02,8.182164726014984346e-02,8.182164726014984346e-02,1.701553994370161582e-01
9.835000000000000853e+01,-1.034448013231154029e+01,1.035661257642798176e+02,6.896041551558325378e-02,6.896041551558325378e-02,3.829575772895697783e-02
9.840000000000000568e+01,-1.043425436440630349e+01,1.034504063617966949e+02,1.025588860504426381e-01,1.025588860504426381e-01,1.348685065876216171e-01
9.845000000000000284e+01,-1.052854706883392311e+01,1.033322118994432657e+02,1.203708252456412719e-01,1.203708252456412719e-01,2.209030503217963848e-01
9.850000000000000000e+01,-1.062360117977308605e+01,1.032144385639250714e+02,7.102876149907173808e-02,7.102876149907173808e-02,8.266210849396046778e-02
9.855000000000001137e+01,-1.071804732047683295e+01,1.030922122034919965e+02,7.038719014830530085e-02,7.038719014830530085e-02,1.043769663524725944e-01
9.860000000000000853e+01,-1.081163510121808891e+01,1.029708549440321832e+02,7.025467291298727324e-02,7.025467291298727324e-02,2.491326522199095450e-01
9.865000000000000568e+01,-1.090775739358562468e+01,1.028460720053265192e+02,4.202218547628366885e-02,4.202218547628366885e-02,1.148475150935036049e-01
9.870000000000000284e+01,-1.100249079504843763e+01,1.027198205740974259e+02,3.821173083625018646e-02,3.821173083625018646e-02,8.727045622922821599e-02
9.875000000000000000e+01,-1.109511427563907482e+01,1.025959818686213367e+02,-1.009701528501332976e-02,-1.009701528501332976e-02,2.246105186539011367e-01
9.880000000000001137e+01,-1.118691116721889856e+01,1.024680515890562731e+02,-2.512185600211984740e-02,-2.512185600211984740e-02,1.388394581846854603e-01
9.885000000000000853e+01,-1.128126716965775067e+01,1.023350431157989817e+02,-3.015814264392730620e-02,-3.015814264392730620e-02,7.082356405821930989e-02
9.890000000000000568e+01,-1.137716442051281263e+01,1.021995224716341539e+02,-6.631636750993644136e-02,-6.631636750993644136e-02,2.123932182079349140e-01
9.895000000000000284e+01,-1.146910811914645301e+01,1.020656051869816565e+02,-8.603946221381089665e-02,-8.603946221381089665e-02,1.393723336070516461e-01
9.900000000000000000e+01,-1.156196709830528668e+01,1.019283582951269977e+02,-1.683187487178663955e-01,-1.683187487178663955e-01,5.694292033819769311e-02
9.905000000000001137e+01,-1.165031066057168729e+01,1.017887561203429811e+02,-1.167009737122932794e-01,-1.167009737122932794e-01,2.032528625796688748e-01
9.910000000000000853e+01,-1.174435984770092745e+01,1.016472050724510439e+02,-4.728823521498794202e-02,-4.728823521498794202e-02,1.289707793992898310e-01
9.915000000000000568e+01,-1.184255651831819200e+01,1.015079122090424875e+02,3.284522069062846376e-03,3.284522069062846376e-03,4.859547461014621789e-02
9.920000000000000284e+01,-1.194376192688124938e+01,1.013700487887404620e+02,-6.609000794145401814e-02,-6.609000794145401814e-02,2.158166247549990757e-01
9.925000000000000000e+01,-1.204121903907882540e+01,1.012297875512987275e+02,-1.224921663920403546e-02,-1.224921663920403546e-02,1.126159595216114917e-01
9.930000000000001137e+01,-1.213927794109139136e+01,1.010946635018132724e+02,-6.290881332419248281e-03,-6.290881332419248281e-03,5.755151598054262380e-02
9.935000000000000853e+01,-1.223832288530734758e+01,1.009588737650559267e+02,-1.123224499784076028e-02,-1.123224499784076028e-02,2.240565898631015351e-01
9.940000000000000568e+01,-1.233845150986078387e+01,1.008211071393808567e+02,4.460447644984628229e-02,4.460447644984628229e-02,1.039489583259501082e-01
9.945000000000000284e+01,-1.244092670525575350e+01,1.006861384614329182e+02,-1.631625538960914182e-02,-1.631625538960914182e-02,6.827398713948380771e-02
9.950000000000000000e+01,-1.254031253565699444e+01,1.005487532267209900e+02,-4.121207537019977440e-02,-4.121207537019977440e-02,2.363832395694031585e-01
9.955000000000001137e+01,-1.263460741752242811e+01,1.004157362445312884e+02,-6.869660695110196835e-02,-6.869660695110196835e-02,9.871788684978444195e-02
9.960000000000000853e+01,-1.273000926164507796e+01,1.002782939073670576e+02,-3.618426924865564276e-02,-3.618426924865564276e-02,6.959471069034221802e-02
9.965000000000000568e+01,-1.282841038762166441e+01,1.001403374145256464e+02,1.573347911314719461e-02,1.573347911314719461e-02,2.387087879669889667e-01
9.970000000000000284e+01,-1.292771478250768880e+01,1.000069691291384544e+02,5.972091949740732097e-02,5.972091949740732097e-02,9.219832559771148905e-02
9.975000000000000000e+01,-1.303064954073622417e+01,9.987326838642557902e+01,8.557132668286786259e-02,8.557132668286786259e-02,7.721971867250332355e-02
9.980000000000001137e+01,-1.313427933609903064e+01,9.974169615746515660e+01,9.139963289315992945e-02,9.139963289315992945e-02,2.445015770455274406e-01
9.985000000000000853e+01,-1.323868109191222864e+01,9.960927816266097068e+01,8.523111339334722703e-02,8.523111339334722703e-02,8.679717714440805809e-02
9.990000000000000568e+01,-1.334325442723700839e+01,9.947551227871328194e+01,7.770436292235678721e-02,7.770436292235678721e-02,8.900598137195772641e-02
9.995000000000000284e+01,-1.344647088237504029e+01,9.934307882607274109e+01,1.298722676989360891e-01,1.298722676989360891e-01,2.456212113526865803e-01
1.000000000000000000e+02,-1.355209878348969177e+01,9.921274725443235809e+01,1.197405830875722249e-01,1.197405830875722249e-01,8.505823793207969996e-02
1.000500000000000114e+02,-1.365690884147083928e+01,9.908189767406291537e+01,1.186014134830148253e-01,1.186014134830148253e-01,1.016252768195397421e-01
1.001000000000000085e+02,-1.375916907344761952e+01,9.895423163423727431e+01,1.317473006189138485e-01,1.317473006189138485e-01,2.476183948918901645e-01
1.001500000000000057e+02,-1.386351457885253957e+01,9.882533489669887672e+01,1.677685973748447301e-01,1.677685973748447301e-01,9.666373840243989990e-02
1.002000000000000028e+02,-1.396759288788294029e+01,9.870056295923609468e+01,1.625355505121204580e-01,1.625355505121204580e-01,1.098711810872508576e-01
1.002500000000000000e+02,-1.407060724207804547e+01,9.857606503880050752e+01,9.015135584844308214e-02,9.015135584844308214e-02,2.589789085773189781e-01
1.003000000000000114e+02,-1.416829378485179092e+01,9.845055998710496681e+01,4.110764794752333473e-02,4.110764794752333473e-02,1.227729732608626445e-01
1.003500000000000085e+02,-1.426342898873340026e+01,9.832289858348805467e+01,5.968759319806916236e-02,5.968759319806916236e-02,1.076484761742344254e-01
1.004000000000000057e+02,-1.435839099368771521e+01,9.819734077933675565e+01,6.408967605180133920e-02,6.408967605180133920e-02,2.411916981235838753e-01
1.004500000000000028e+02,-1.445534633755720755e+01,9.806970340388797069e+01,1.045022620797372986e-01,1.045022620797372986e-01,1.416584107634779044e-01
1.005000000000000000e+02,-1.455272929416332417e+01,9.794573541777393189e+01,1.416779685740065242e-01,1.416779685740065242e-01,1.037743169968595031e-01
1.005500000000000114e+02,-1.465455785465027816e+01,9.781984094195702539e+01,5.336206543351743048e-02,5.336206543351743048e-02,2.310466533506132236e-01
1.006000000000000085e+02,-1.475376507424006967e+01,9.768777392240627933e+01,-5.311515358776375956e-03,-5.311515358776375956e-03,1.601674478148617520e-01
1.006500000000000057e+02,-1.484799965188082993e+01,9.755586524251728520e+01,-9.509785134140098795e-02,-9.509785134140098795e-02,1.067454538843480849e-01
1.007000000000000028e+02,-1.493703531038928922e+01,9.742119318897171354e+01,-1.418195988574905975e-01,-1.418195988574905975e-01,2.196672066053438899e-01
1.007500000000000000e+02,-1.502409003078760819e+01,9.728462431237976205e+01,-1.658394150534923117e-01,-1.658394150534923117e-01,1.578178654759815058e-01
1.008000000000000114e+02,-1.511067265665628057e+01,9.714600125864038205e+01,-1.941691841669062057e-01,-1.941691841669062057e-01,7.348850182981481183e-02
1.008500000000000085e+02,-1.519927645582319009e+01,9.700281051588342507e+01,-9.643723195310839602e-02,-9.643723195310839602e-02,2.026842339287401873e-01
1.009000000000000057e+02,-1.529576167978071588e+01,9.685955894695548807e+01,-1.815513875224029072e-01,-1.815513875224029072e-01,1.377136944023200915e-01
1.009500000000000028e+02,-1.538628153250559727e+01,9.671563618956892583e+01,-1.448724292155924021e-01,-1.448724292155924021e-01,5.349231062786555940e-02
1.010000000000000000e+02,-1.547848702634517259e+01,9.657316502088391985e+01,-1.360179520967140510e-01,-1.360179520967140510e-01,2.112048493911119484e-01
1.010500000000000114e+02,-1.557286787415965179e+01,9.642949250214238077e+01,-1.111535725814526560e-01,-1.111535725814526560e-01,1.166710927551152244e-01
1.011000000000000085e+02,-1.567098638596703530e+01,9.628354977729921416e+01,-1.668676947193802329e-01,-1.668676947193802329e-01,6.069254156376863857e-02
1.011500000000000057e+02,-1.576660687244063119e+01,9.613557054700261517e+01,-1.728765253399269786e-01,-1.728765253399269786e-01,2.359828990956253092e-01
1.012000000000000028e+02,-1.586209564967557739e+01,9.598687798035757623e+01,-1.353316635445593885e-01,-1.353316635445593885e-01,8.571332142282936384e-02
1.012500000000000000e+02,-1.596031373547213228e+01,9.583930508588261432e+01,-1.828986957639707200e-01,-1.828986957639707200e-01,9.498425639326217584e-02
1.013000000000000114e+02,-1.605674301913379409e+01,9.568878303402553342e+01,-1.713788000125265054e-01,-1.713788000125265054e-01,2.286038605809461999e-01
1.013500000000000085e+02,-1.615268600012079148e+01,9.554068965461367213e+01,-1.615696657786054313e-01,-1.615696657786054313e-01,6.654400848785509137e-02
1.014000000000000057e+02,-1.624989684427379544e+01,9.539271963975340896e+01,-1.445057996729156580e-01,-1.445057996729156580e-01,1.375389440046964062e-01
1.014500000000000028e+02,-1.634754558494420706e+01,9.524563331688034395e+01,-1.188829777363184792e-01,-1.188829777363184792e-01,2.034566254410057062e-01
1.015000000000000000e+02,-1.644863425784479105e+01,9.509751781196787590e+01,-1.403547443733730304e-01,-1.403547443733730304e-01,6.973743912478344575e-02
1.015500000000000114e+02,-1.654903644461302292e+01,9.494773481184901698e+01,-1.363493904040715132e-01,-1.363493904040715132e-01,1.821743299746347300e-01
1.016000000000000085e+02,-1.665008725988870708e+01,9.479812338478943445e+01,-1.039251417582651993e-01,-1.039251417582651993e-01,1.725318107453081284e-01
1.016500000000000057e+02,-1.675361896915985938e+01,9.464922963209394879e+01,-1.550431863847277769e-01,-1.550431863847277769e-01,9.325998835135919374e-02
1.017000000000000028e+02,-1.685406470705800075e+01,9.449858231563497668e+01,-1.367879704855989864e-01,-1.367879704855989864e-01,2.321562287949302805e-01
1.017500000000000000e+02,-1.695656268570247605e+01,9.434788651390343261e+01,-1.021688770547638930e-01,-1.021688770547638930e-01,1.464430684352394929e-01
1.018000000000000114e+02,-1.706266312844589095e+01,9.419597511069386542e+01,-9.198653299539573391e-02,-9.198653299539573391e-02,1.352458803974382062e-01
1.018500000000000085e+02,-1.717305535962336549e+01,9.403949843947397369e+01,-7.681963937653232821e-02,-7.681963937653232821e-02,2.503429170505933055e-01
1.019000000000000057e+02,-1.728286622467180678e+01,9.388566251769567828e+01,-1.334223246169613242e-01,-1.334223246169613242e-01,1.197220078034019197e-01
1.019500000000000028e+02,-1.738837326104700765e+01,9.373178072861502130e+01,-1.697789348879188420e-01,-1.697789348879188420e-01,1.936657802263668238e-01
1.020000000000000000e+02,-1.749169717279940173e+01,9.357750679909436542e+01,-1.166217814924736945e-01,-1.166217814924736945e-01,2.054918685481574858e-01
1.020500000000000114e+02,-1.759735631127698952e+01,9.342535563768841200e+01,-8.749414511709868725e-02,-8.749414511709868725e-02,1.363271041994136290e-01
1.021000000000000085e+02,-1.770404456189078601e+01,9.327534050507988184e+01,-1.107724835351547726e-01,-1.107724835351547726e-01,2.500535579996048807e-01
1.021500000000000057e+02,-1.781030133807797711e+01,9.312309660927442678e+01,-9.887320986300042469e-02,-9.887320986300042469e-02,1.746168712524004407e-01
1.022000000000000028e+02,-1.791982533371228214e+01,9.296848656925213561e+01,-4.384556817695517417e-02,-4.384556817695517417e-02,1.692642690176933973e-01
1.022500000000000000e+02,-1.803140953802321178e+01,9.281668391008537355e+01,4.297425434947094625e-04,4.297425434947094625e-04,2.646305914857899899e-01
1.023000000000000114e+02,-1.814356639738655730e+01,9.266900583069855202e+01,-1.632345493876598969e-02,-1.632345493876598969e-02,1.467597142238319108e-01
1.023500000000000085e+02,-1.825451960400776841e+01,9.252113568136246613e+01,-2.980029797353927687e-02,-2.980029797353927687e-02,2.048415429675942978e-01
1.024000000000000057e+02,-1.836798169845041429e+01,9.236831603752740705e+01,-2.808689390899762189e-02,-2.808689390899762189e-02,2.106806459639338769e-01
1.024500000000000028e+02,-1.847876974699779851e+01,9.221925232673810058e+01,2.743904880851346512e-02,2.743904880851346512e-02,1.416835326835957642e-01
1.025000000000000000e+02,-1.859039729100415173e+01,9.207507384750620361e+01,3.414273589724552138e-02,3.414273589724552138e-02,2.496382489297200302e-01
1.025500000000000114e+02,-1.870238624769307734e+01,9.193100371996754916e+01,5.401911544800521011e-04,5.401911544800521011e-04,1.662892867379049122e-01
1.026000000000000085e+02,-1.881151783011278766e+01,9.178711206298886793e+01,1.225657506750166444e-02,1.225657506750166444e-02,1.481811660365519312e-01
1.026500000000000057e+02,-1.892204128737779456e+01,9.164240293417982741e+01,7.108635692086544278e-02,7.108635692086544278e-02,2.687061200857604470e-01
1.027000000000000028e+02,-1.903728531905095878e+01,9.149761616889136917e+01,1.055562681293703564e-01,1.055562681293703564e-01,1.284328570631439737e-01
1.027500000000000000e+02,-1.915267552390110950e+01,9.135616209776998176e+01,7.096427379336864294e-02,7.096427379336864294e-02,1.677663829278553953e-01
1.028000000000000114e+02,-1.926642127916598923e+01,9.121276198613479380e+01,5.450368885542809794e-02,5.450368885542809794e-02,2.110636348541602425e-01
1.028500000000000085e+02,-1.937809368955466027e+01,9.107017090299325446e+01,2.678313348088556464e-02,2.678313348088556464e-02,9.563612238302293678e-02
1.029000000000000057e+02,-1.948569008591719864e+01,9.092998868962553161e+01,5.896686558464817041e-02,5.896686558464817041e-02,1.953655716980173263e-01
1.029500000000000028e+02,-1.959367879897025944e+01,9.079256270680679108e+01,4.979738634015341836e-02,4.979738634015341836e-02,1.730373207868700081e-01
1.030000000000000000e+02,-1.970276180809403144e+01,9.065254377453379675e+01,5.809235699127768965e-02,5.809235699127768965e-02,8.606818333211585514e-02
1.030500000000000114e+02,-1.981129213965317248e+01,9.051397164883843516e+01,2.439674388219973539e-02,2.439674388219973539e-02,2.172777125129275455e-01
1.031000000000000085e+02,-1.991713860768067690e+01,9.037527020734428618e+01,4.177559467176473335e-02,4.177559467176473335e-02,1.397740364787613543e-01
1.031500000000000057e+02,-2.002294976135317484e+01,9.023844492801204353e+01,8.488310843895287283e-02,8.488310843895287283e-02,8.758791067633706073e-02
1.032000000000000028e+02,-2.012907027972803320e+01,9.010582204687638352e+01,1.045909070351303677e-01,1.045909070351303677e-01,2.320576095303983344e-01
1.032500000000000000e+02,-2.023923206702308164e+01,8.996971582788971489e+01,1.430820221944050230e-01,1.430820221944050230e-01,1.123892615894334368e-01
1.033000000000000114e+02,-2.035017000572249302e+01,8.983643667290159840e+01,1.189222750033546577e-01,1.189222750033546577e-01,8.650456068742932991e-02
1.033500000000000085e+02,-2.046136495078122408e+01,8.969939631493578247e+01,6.403551667850621021e-02,6.403551667850621021e-02,2.486173886085647489e-01
1.034000000000000057e+02,-2.057049768193723693e+01,8.955922592582921027e+01,4.420148802971581026e-02,4.420148802971581026e-02,7.502745962353157827e-02
1.034500000000000028e+02,-2.067624809219401527e+01,8.942134032076506855e+01,2.545911173173575487e-02,2.545911173173575487e-02,1.086808956036781487e-01
1.035000000000000000e+02,-2.077806753432825460e+01,8.928665195835390023e+01,7.572021795643151150e-03,7.572021795643151150e-03,2.242994768425424224e-01
1.035500000000000114e+02,-2.087709326879074823e+01,8.915371468056802939e+01,1.630005716233368790e-02,1.630005716233368790e-02,6.197581651357839116e-02
1.036000000000000085e+02,-2.097709190823381675e+01,8.902036216486656883e+01,2.212316229751787322e-02,2.212316229751787322e-02,1.118162306109019011e-01
1.036500000000000057e+02,-2.107720423300670731e+01,8.888740246178726068e+01,2.310411123909096587e-02,2.310411123909096587e-02,2.219746440923124065e-01
1.037000000000000028e+02,-2.117889796089495746e+01,8.875237714191727889e+01,-5.275330447594030192e-02,-5.275330447594030192e-02,5.526940317000920283e-02
1.037500000000000000e+02,-2.127697098987827218e+01,8.861414491524152481e+01,-3.652455822184946105e-02,-3.652455822184946105e-02,1.194652261410410754e-01
1.038000000000000114e+02,-2.137238485032207080e+01,8.848127113999689186e+01,3.409538804463106004e-02,3.409538804463106004e-02,2.172058949257447136e-01
1.038500000000000085e+02,-2.147074120294340105e+01,8.835201059783085498e+01,7.730771338107771118e-02,7.730771338107771118e-02,5.748301239572825572e-02
1.039000000000000057e+02,-2.156961149963263580e+01,8.822652011555274498e+01,1.251896660270573058e-01,1.251896660270573058e-01,1.073167828354063547e-01
1.039500000000000028e+02,-2.167016148328317726e+01,8.810429039838885501e+01,1.236956087297985396e-01,1.236956087297985396e-01,2.328795749622541156e-01
1.040000000000000000e+02,-2.177268117457649765e+01,8.797835254355925372e+01,4.260522637397670676e-02,4.260522637397670676e-02,7.057651284754477838e-02
1.040500000000000114e+02,-2.187061450929096651e+01,8.784997599022399584e+01,8.837934059613886117e-02,8.837934059613886117e-02,9.093929844323607459e-02
1.041000000000000085e+02,-2.197207266427195549e+01,8.772149081895371125e+01,1.305735030324915724e-01,1.305735030324915724e-01,2.426519445010510978e-01
1.041500000000000057e+02,-2.207447300366432330e+01,8.759595174577735577e+01,1.463271456309641894e-01,1.463271456309641894e-01,8.248826750397533769e-02
1.042000000000000028e+02,-2.217924856793553445e+01,8.746899136528850249e+01,1.059045942002667384e-01,1.059045942002667384e-01,8.772901781225236895e-02
1.042500000000000000e+02,-2.228196291302205623e+01,8.733984731785021438e+01,9.750568064675836644e-02,9.750568064675836644e-02,2.505157549307715503e-01
1.043000000000000114e+02,-2.238198421076761946e+01,8.721329115264622089e+01,8.012838204564980138e-02,8.012838204564980138e-02,9.513810640675518515e-02
1.043500000000000085e+02,-2.247681230977376288e+01,8.709201218021775048e+01,9.021777595499273772e-02,9.021777595499273772e-02,7.914195149343732083e-02
1.044000000000000057e+02,-2.257368319702219495e+01,8.696849049783014607e+01,1.165903814100314462e-01,1.165903814100314462e-01,2.285773585874540659e-01
1.044500000000000028e+02,-2.267307944125474606e+01,8.684459938556923930e+01,1.186841128276634877e-01,1.186841128276634877e-01,1.267614991024241244e-01
1.045000000000000000e+02,-2.277287852433873283e+01,8.671980171345555277e+01,1.806506957655103218e-01,1.806506957655103218e-01,7.536767071223830772e-02
1.045500000000000114e+02,-2.287577975655743856e+01,8.659811974513539212e+01,2.259530482389653649e-01,2.259530482389653649e-01,2.160708155586338608e-01
1.046000000000000085e+02,-2.298261370248929225e+01,8.647461955866022265e+01,2.150168565644100249e-01,2.150168565644100249e-01,1.549749588560564717e-01
1.046500000000000057e+02,-2.308725584338690595e+01,8.635236947644128236e+01,2.314037753841347578e-01,2.314037753841347578e-01,1.005803890029662306e-01
1.047000000000000028e+02,-2.319237437688678227e+01,8.623218812614830142e+01,2.873058905568600108e-01,2.873058905568600108e-01,2.186985007232366829e-01
1.047500000000000000e+02,-2.329826522729655736e+01,8.611675620399670095e+01,2.383468700568354415e-01,2.383468700568354415e-01,1.974523846187045406e-01
1.048000000000000114e+02,-2.340122803358258352e+01,8.599874146857763435e+01,2.051620457618588966e-01,2.051620457618588966e-01,1.392769636498797925e-01
1.048500000000000085e+02,-2.350177797217324027e+01,8.587955299341479076e+01,2.190608427046643603e-01,2.190608427046643603e-01,2.188945127351798470e-01
1.049000000000000057e+02,-2.360118514475486862e+01,8.576301971555565729e+01,2.818173444529044058e-01,2.818173444529044058e-01,2.444773226759092699e-01
1.049500000000000028e+02,-2.370265980909818282e+01,8.564958591537205734e+01,2.953191286768653834e-01,2.953191286768653834e-01,1.781229483699836025e-01
1.050000000000000000e+02,-2.380467312134545921e+01,8.553836478930904264e+01,2.711812326966280828e-01,2.711812326966280828e-01,2.243541654961934695e-01
1.050500000000000114e+02,-2.390531147990586192e+01,8.542494128448579715e+01,2.779880284128704027e-01,2.779880284128704027e-01,3.072908448217421262e-01
1.051000000000000085e+02,-2.400934900923337878e+01,8.530753489029034142e+01,2.465523715352255785e-01,2.465523715352255785e-01,2.310536870313553981e-01
1.051500000000000057e+02,-2.411234313860930456e+01,8.518653063037653794e+01,2.413463938424062760e-01,2.413463938424062760e-01,2.461032740516587991e-01
1.052000000000000028e+02,-2.421639730087284192e+01,8.506418862039022599e+01,2.564268848699319814e-01,2.564268848699319814e-01,3.451287008239741216e-01
1.052500000000000000e+02,-2.432188459263606006e+01,8.493998666109730777e+01,2.578466057575453663e-01,2.578466057575453663e-01,2.681997687677408204e-01
1.053000000000000114e+02,-2.442547140269445194e+01,8.481808744057620686e+01,2.347130256841817308e-01,2.347130256841817308e-01,2.739000127933691187e-01
1.053500000000000085e+02,-2.452753994133597359e+01,8.469720377492714647e+01,2.066138162061215700e-01,2.066138162061215700e-01,3.579920814994452249e-01
1.054000000000000057e+02,-2.462792424965686067e+01,8.457445132179121572e+01,1.485740603310267693e-01,1.485740603310267693e-01,3.035314622214337898e-01
1.054500000000000028e+02,-2.472757167924910249e+01,8.444653750538822123e+01,1.346055616514733599e-01,1.346055616514733599e-01,2.923534985081617799e-01
1.055000000000000000e+02,-2.482678603987734434e+01,8.431688696150840201e+01,3.841212833712041169e-02,3.841212833712041169e-02,3.620521749595297378e-01
1.055500000000000114e+02,-2.492252503875106839e+01,8.418174850142285948e+01,1.212951656279467050e-01,1.212951656279467050e-01,3.099827215796003288e-01
1.056000000000000085e+02,-2.502098522288623528e+01,8.405219705329916735e+01,1.242026262426340621e-01,1.242026262426340621e-01,2.940028778730144898e-01
1.056500000000000057e+02,-2.511736599169865514e+01,8.392581504996394415e+01,1.198181869310900455e-01,1.198181869310900455e-01,3.581710500049306023e-01
1.057000000000000028e+02,-2.521573775941028472e+01,8.379506067953569470e+01,9.392907979497618076e-02,9.392907979497618076e-02,3.209487628757832223e-01
1.057500000000000000e+02,-2.531271876349421390e+01,8.366426821536356329e+01,1.073933705721342030e-01,1.073933705721342030e-01,2.973891945238268941e-01
1.058000000000000114e+02,-2.540817301393094496e+01,8.353713082778337196e+01,4.289002615111586758e-02,4.289002615111586758e-02,3.548788276238004080e-01
1.058500000000000085e+02,-2.550130152413929707e+01,8.340541689254273194e+01,5.678765147891004896e-04,5.678765147891004896e-04,3.258709347318023974e-01
1.059000000000000057e+02,-2.559576994448044829e+01,8.326745178938790559e+01,-3.219137887590441810e-02,-3.219137887590441810e-02,2.892244896209402727e-01
1.059500000000000028e+02,-2.568879359133446627e+01,8.312795088110365782e+01,1.291750663868901534e-02,1.291750663868901534e-02,3.405984435601717153e-01
1.060000000000000000e+02,-2.578524303731396472e+01,8.298915614177651889e+01,7.361094538858944936e-02,7.361094538858944936e-02,3.067944127319843228e-01
1.060500000000000114e+02,-2.588466295735928213e+01,8.285280008882418201e+01,9.948699998842092107e-02,9.948699998842092107e-02,2.771129002018840604e-01
1.061000000000000085e+02,-2.598218836005253252e+01,8.272210762207345169e+01,1.488634593581144583e-01,1.488634593581144583e-01,3.393332669615874431e-01
1.061500000000000057e+02,-2.608172597202631238e+01,8.259361730081957376e+01,1.277719408461498174e-01,1.277719408461498174e-01,3.118996564832035578e-01
1.062000000000000028e+02,-2.618243327820760769e+01,8.246155978138519060e+01,3.975104954390647899e-02,3.975104954390647899e-02,2.844219491451204229e-01
1.062500000000000000e+02,-2.627816217985762748e+01,8.232633451613037323e+01,-2.751668579901540845e-02,-2.751668579901540845e-02,3.408616362811254241e-01
1.063000000000000114e+02,-2.636952645400516815e+01,8.218986023134250729e+01,-6.714234949707661992e-02,-6.714234949707661992e-02,3.057336912538189400e-01
1.063500000000000085e+02,-2.645905571282539626e+01,8.205199254549359011e+01,-6.592106328676843041e-02,-6.592106328676843041e-02,2.642761861227674314e-01
1.064000000000000057e+02,-2.655077612904309703e+01,8.191152986186231999e+01,-4.906850591938112516e-02,-4.906850591938112516e-02,3.188569640886838030e-01
1.064500000000000028e+02,-2.664375257897636473e+01,8.177157077527785134e+01,-1.166882457644169702e-01,-1.166882457644169702e-01,2.806930831639520840e-01
1.065000000000000000e+02,-2.673317040791192767e+01,8.162937561196122260e+01,-1.239220913181692252e-01,-1.239220913181692252e-01,2.354659316386665813e-01
1.065500000000000114e+02,-2.682274230330325437e+01,8.148639639565027437e+01,-1.490398186594440177e-01,-1.490398186594440177e-01,2.977712883478714767e-01
1.066000000000000085e+02,-2.691279861366912485e+01,8.134067791252766710e+01,-1.135859466937440415e-01,-1.135859466937440415e-01,2.424550865817353129e-01
1.066500000000000057e+02,-2.700680638687992641e+01,8.119375474509475055e+01,-5.373777636003106845e-02,-5.373777636003106845e-02,2.012848902514677296e-01
1.067000000000000028e+02,-2.710117027986868621e+01,8.105328040317691318e+01,-1.116200223772177008e-01,-1.116200223772177008e-01,2.871237576036072547e-01
1.067500000000000000e+02,-2.719182745604425122e+01,8.091173884306174102e+01,-1.091615484351797227e-01,-1.091615484351797227e-01,2.100900749718431215e-01
1.068000000000000114e+02,-2.728623790614112465e+01,8.076569888857071078e+01,-1.094152469015790968e-01,-1.094152469015790968e-01,1.777582818053051739e-01
1.068500000000000085e+02,-2.737844210660024302e+01,8.062294529251153108e+01,-1.828246635826870081e-01,-1.828246635826870081e-01,2.788425271344819878e-01
1.069000000000000057e+02,-2.746546764290443576e+01,8.047956892775019355e+01,-2.056868787808842358e-01,-2.056868787808842358e-01,1.729730218714882750e-01
1.069500000000000028e+02,-2.755187083331255948e+01,8.033539685778069384e+01,-2.276219099660045375e-01,-2.276219099660045375e-01,1.431203109267560336e-01
1.070000000000000000e+02,-2.763494445297896007e+01,8.019384341671991479e+01,-1.891719970423475228e-01,-1.891719970423475228e-01,2.557266051391118289e-01
1.070500000000000114e+02,-2.772058682675983476e+01,8.005290552115073410e+01,-1.538536324398915023e-01,-1.538536324398915023e-01,1.384163785678077241e-01
1.071000000000000085e+02,-2.780938558929151583e+01,7.991244333159940538e+01,-9.585126338241255206e-02,-9.585126338241255206e-02,1.047765206281793815e-01
1.071500000000000057e+02,-2.790241797669824209e+01,7.977268394291863274e+01,-1.039886886347782813e-01,-1.039886886347782813e-01,2.438900316287208048e-01
1.072000000000000028e+02,-2.799271406966275677e+01,7.963643941443146446e+01,-5.525581032762477002e-02,-5.525581032762477002e-02,1.214851929467888336e-01
1.072500000000000000e+02,-2.808674235869333202e+01,7.950045108375384473e+01,2.042305650050225269e-02,2.042305650050225269e-02,8.877516373318558585e-02
1.073000000000000114e+02,-2.818470092333766530e+01,7.936745512487186716e+01,-1.717555058735900295e-02,-1.717555058735900295e-02,2.371112554824533480e-01
1.073500000000000085e+02,-2.828189342359548775e+01,7.923147672388353158e+01,3.062178376876506167e-02,3.062178376876506167e-02,1.172312155683326723e-01
1.074000000000000057e+02,-2.838180895612229548e+01,7.909701550347399746e+01,8.999960797143623237e-02,8.999960797143623237e-02,8.986893914453730758e-02
1.074500000000000028e+02,-2.848647223624512037e+01,7.896272231037946199e+01,6.709013730550970889e-02,6.709013730550970889e-02,2.455444753883040121e-01
1.075000000000000000e+02,-2.859033023331074119e+01,7.882661652838045541e+01,7.673835048662010216e-02,7.673835048662010216e-02,1.120740265263761859e-01
1.075500000000000114e+02,-2.869502602575354899e+01,7.869067413687281487e+01,3.104859090478201411e-02,3.104859090478201411e-02,1.094018855065045925e-01
1.076000000000000085e+02,-2.879828840437063775e+01,7.855131282161620732e+01,7.171664482136252960e-02,7.171664482136252960e-02,2.516496300221381377e-01
1.076500000000000057e+02,-2.890314390924327981e+01,7.841399081997118969e+01,1.808426568516445232e-01,1.808426568516445232e-01,1.017658338015282327e-01
1.077000000000000028e+02,-2.901499100811414422e+01,7.827914193573541013e+01,1.801806391648805850e-01,1.801806391648805850e-01,1.367797096378560173e-01
1.077500000000000000e+02,-2.912324291952151967e+01,7.814911933039718406e+01,2.441669739690506824e-01,2.441669739690506824e-01,2.412659555070031658e-01
1.078000000000000114e+02,-2.923769992894113656e+01,7.801758346971909930e+01,3.021817174771973535e-01,3.021817174771973535e-01,1.198905945540951756e-01
1.078500000000000085e+02,-2.935370850140046173e+01,7.788955834462277039e+01,3.037165246586942535e-01,3.037165246586942535e-01,1.780544903458142481e-01
1.079000000000000057e+02,-2.946770696305816628e+01,7.776381094247678050e+01,2.486562099184584096e-01,2.486562099184584096e-01,2.501321303637468740e-01
1.079500000000000028e+02,-2.957948454852189712e+01,7.763350498918350695e+01,1.727387912987311536e-01,1.727387912987311536e-01,1.610262423500491147e-01
1.080000000000000000e+02,-2.968987041999420740e+01,7.749692175921953208e+01,1.608818267843248051e-01,1.608818267843248051e-01,2.186395698678006427e-01
1.080500000000000114e+02,-2.979881723143162020e+01,7.736042987413588889e+01,1.599206526180090293e-01,1.599206526180090293e-01,2.491153258379510682e-01
1.081000000000000085e+02,-2.990798950014908542e+01,7.722412839623436298e+01,1.165802051183162658e-01,1.165802051183162658e-01,1.797150413508767919e-01
1.081500000000000057e+02,-3.001501066896877035e+01,7.708531110477572668e+01,1.350332539296768553e-01,1.350332539296768553e-01,2.501817760463098117e-01
1.082000000000000028e+02,-3.012085862630314281e+01,7.694995045828511593e+01,1.250208987862364562e-01,1.250208987862364562e-01,2.442623904321493400e-01
1.082500000000000000e+02,-3.022545045159938581e+01,7.681476767638596925e+01,8.807989715120645435e-02,8.807989715120645435e-02,1.933554065677219047e-01
1.083000000000000114e+02,-3.032989226553679174e+01,7.667571495836207873e+01,2.653377464400370755e-02,2.653377464400370755e-02,2.715330950344641003e-01
1.083500000000000085e+02,-3.043037399044866831e+01,7.653519575139965525e+01,1.901044142623453323e-02,1.901044142623453323e-02,2.346026550130981547e-01
1.084000000000000057e+02,-3.053064604574698393e+01,7.639355980186203965e+01,1.455122276890506543e-02,1.455122276890506543e-02,1.928507398834902742e-01
1.084500000000000028e+02,-3.063178692280962423e+01,7.625007455899772424e+01,6.652781255551530604e-02,6.652781255551530604e-02,2.833426096970815267e-01
1.085000000000000000e+02,-3.073473605706205802e+01,7.610882034750781600e+01,2.516064280565531025e-02,2.516064280565531025e-02,2.137399193076529313e-01
1.085500000000000114e+02,-3.083399114563135868e+01,7.596795015900744374e+01,6.208787718401230504e-02,6.208787718401230504e-02,1.921154364630270617e-01
1.086000000000000085e+02,-3.093628950304608338e+01,7.582665961011197453e+01,-8.201354757193446074e-03,-8.201354757193446074e-03,2.988796427833941283e-01
1.086500000000000057e+02,-3.103265185148766747e+01,7.568595947145649916e+01,-6.331678518194774723e-03,-6.331678518194774723e-03,1.947225933828058975e-01
1.087000000000000028e+02,-3.112956698081949369e+01,7.554286703778841172e+01,-3.126187467551799076e-02,-3.126187467551799076e-02,1.875105718670300181e-01
1.087500000000000000e+02,-3.122512184141559288e+01,7.539896286116932345e+01,-5.049926072063177368e-02,-5.049926072063177368e-02,2.872856309109920181e-01
1.088000000000000114e+02,-3.131735293034452283e+01,7.525779456249449595e+01,-6.781199153005373903e-02,-6.781199153005373903e-02,1.654512123525363199e-01
1.088500000000000085e+02,-3.140835896648270165e+01,7.511667823170397185e+01,-8.012300670201835673e-02,-8.012300670201835673e-02,1.693209443308295037e-01
1.089000000000000057e+02,-3.149811196355005549e+01,7.497627734398727739e+01,-1.750014172014558236e-02,-1.750014172014558236e-02,2.669174223997173856e-01
1.089500000000000028e+02,-3.158869741399515263e+01,7.483930018161957776e+01,-2.598427744211660728e-02,-2.598427744211660728e-02,1.389396844071798531e-01
1.090000000000000000e+02,-3.167973576101384481e+01,7.470077119253301134e+01,5.265643014660174870e-02,5.265643014660174870e-02,1.465067992920311979e-01
1.090500000000000114e+02,-3.177543004436626362e+01,7.456155926737686457e+01,1.265614903866986718e-01,1.265614903866986718e-01,2.556086604972225840e-01
1.091000000000000085e+02,-3.187533361375780316e+01,7.442424391758129332e+01,1.632156345005640330e-01,1.632156345005640330e-01,1.222524709742458943e-01
1.091500000000000057e+02,-3.197743844895784093e+01,7.428431794050490566e+01,2.777405179401077340e-01,2.777405179401077340e-01,1.517074286322876719e-01
1.092000000000000028e+02,-3.208554817539097570e+01,7.414492266060382519e+01,3.088558229760472451e-01,3.088558229760472451e-01,2.366893676070889463e-01
1.092500000000000000e+02,-3.219433395798275654e+01,7.400710484684572066e+01,3.697809371861611183e-01,3.697809371861611183e-01,1.197198836355666679e-01
1.093000000000000114e+02,-3.230538031940601229e+01,7.387163510129185795e+01,3.764432348053176614e-01,3.764432348053176614e-01,1.868946567200849840e-01
1.093500000000000085e+02,-3.241417166095264690e+01,7.374004783651888317e+01,4.199678650751368369e-01,4.199678650751368369e-01,2.291815941213637131e-01
1.094000000000000057e+02,-3.252383034146137675e+01,7.361088364485330260e+01,4.715484868040745181e-01,4.715484868040745181e-01,1.461443280350441520e-01
1.094500000000000028e+02,-3.263523707455303224e+01,7.348133389711037466e+01,5.081655207242140593e-01,5.081655207242140593e-01,2.199787185029777603e-01
1.095000000000000000e+02,-3.274676273360282153e+01,7.335473322578674527e+01,5.243697004536426176e-01,5.243697004536426176e-01,2.466212066545541703e-01
1.095500000000000114e+02,-3.285654866515020700e+01,7.323249181551426545e+01,5.154977526165938073e-01,5.154977526165938073e-01,1.892395284223905294e-01
1.096000000000000085e+02,-3.296464084956279805e+01,7.310977703266256356e+01,5.262757756746477833e-01,5.262757756746477833e-01,2.528520614535861855e-01
1.096500000000000057e+02,-3.307223287543469326e+01,7.298679269581813855e+01,5.516472160241904232e-01,5.516472160241904232e-01,2.842177666645803180e-01
1.097000000000000028e+02,-3.318100231161508162e+01,7.285993941613156721e+01,5.803676712045962027e-01,5.803676712045962027e-01,2.299928052564583214e-01
1.097500000000000000e+02,-3.329039094953233047e+01,7.273108208023623433e+01,6.303348966624584548e-01,6.303348966624584548e-01,2.848208325859798440e-01
1.098000000000000114e+02,-3.340028074838030392e+01,7.260694235846943911e+01,6.387022188328409511e-01,6.387022188328409511e-01,3.131054936754205653e-01
1.098500000000000085e+02,-3.350971462748483276e+01,7.248084566425009712e+01,5.968226528223368188e-01,5.968226528223368188e-01,2.698017018171210424e-01
1.099000000000000057e+02,-3.361482316040751783e+01,7.235593654755670912e+01,6.399402293053063628e-01,6.399402293053063628e-01,3.172949875031744194e-01
1.099500000000000028e+02,-3.372087643766101905e+01,7.223205035705872490e+01,5.926265163363915178e-01,5.926265163363915178e-01,3.458569932528936519e-01
1.100000000000000000e+02,-3.382319428314733045e+01,7.210466858769653697e+01,6.063233269637402501e-01,6.063233269637402501e-01,2.997994383167353338e-01
1.100500000000000114e+02,-3.392483694764462854e+01,7.197790443543304661e+01,5.601609271697750581e-01,5.601609271697750581e-01,3.364088976015294774e-01
1.101000000000000085e+02,-3.402301210800420961e+01,7.184787078295643425e+01,5.130009272891388195e-01,5.130009272891388195e-01,3.636216078817687825e-01
1.101500000000000057e+02,-3.411696265438142461e+01,7.171801782244810397e+01,5.588130725577270530e-01,5.588130725577270530e-01,3.082689208385494539e-01
1.102000000000000028e+02,-3.421233093805693670e+01,7.158626193195961207e+01,4.836228401066412497e-01,4.836228401066412497e-01,3.314091545087243240e-01
1.102500000000000000e+02,-3.430179581249463183e+01,7.145429596301789843e+01,5.653853364247450886e-01,5.653853364247450886e-01,3.645008815706313188e-01
1.103000000000000114e+02,-3.439530623970634338e+01,7.131780103573780139e+01,5.006173961485506085e-01,5.006173961485506085e-01,2.965917344180922788e-01
1.103500000000000085e+02,-3.448377879330647744e+01,7.117996108535447775e+01,5.000836065215168436e-01,5.000836065215168436e-01,3.075537503331763900e-01
1.104000000000000057e+02,-3.457082346286872365e+01,7.103784542367043287e+01,4.342465186341466499e-01,4.342465186341466499e-01,3.415088343473655086e-01
1.104500000000000028e+02,-3.465281839242442175e+01,7.089429208791315773e+01,4.584414284508618875e-01,4.584414284508618875e-01,2.541151667424123572e-01
1.105000000000000000e+02,-3.473551529822752570e+01,7.074931498774601835e+01,3.290058039660251898e-01,3.290058039660251898e-01,2.596627497073161761e-01
1.105500000000000114e+02,-3.480932867084803917e+01,7.060334494369300273e+01,3.267085637676299670e-01,3.267085637676299670e-01,2.968826958201049582e-01
1.106000000000000085e+02,-3.488138233557262424e+01,7.045255651439683220e+01,3.681635805261007643e-01,3.681635805261007643e-01,1.798421369336186404e-01
1.106500000000000057e+02,-3.495439091881441840e+01,7.029589731470638014e+01,3.563384137563552767e-01,3.563384137563552767e-01,1.812850195789020846e-01
1.107000000000000028e+02,-3.502415473189078909e+01,7.013657490156536767e+01,3.774498187327648413e-01,3.774498187327648413e-01,2.324224342938123189e-01
1.107500000000000000e+02,-3.509444767809041821e+01,6.997677163347833584e+01,3.765742469575131812e-01,3.765742469575131812e-01,7.332911402269935708e-02
1.108000000000000114e+02,-3.516311547422461814e+01,6.982163284092285949e+01,3.841233467247672229e-01,3.841233467247672229e-01,1.286402885428088172e-01
1.108500000000000085e+02,-3.523107766191144918e+01,6.966845608773245146e+01,4.430544111392789586e-01,4.430544111392789586e-01,2.056586345421482498e-01
1.109000000000000057e+02,-3.530029447222733552e+01,6.951178889943517447e+01,4.789487110368613743e-01,4.789487110368613743e-01,5.417861063836167113e-02
1.109500000000000028e+02,-3.537073006335775460e+01,6.935413241278068597e+01,4.770542313760992026e-01,4.770542313760992026e-01,1.502680611744335315e-01
1.110000000000000000e+02,-3.543976361617167470e+01,6.919843164492536403e+01,4.701428174825088568e-01,4.701428174825088568e-01,2.144249479223913069e-01
1.110500000000000114e+02,-3.550562295810911451e+01,6.904035433823634094e+01,4.652600928176495731e-01,4.652600928176495731e-01,1.267760361867923957e-01
1.111000000000000085e+02,-3.556997462998597825e+01,6.888427094157833608e+01,5.559310964049156700e-01,5.559310964049156700e-01,2.101474382231946769e-01
1.111500000000000057e+02,-3.563714103341222739e+01,6.872549785355627705e+01,6.199733888070620980e-01,6.199733888070620980e-01,2.473925339046328664e-01
1.112000000000000028e+02,-3.570687316033454550e+01,6.856743136318495146e+01,6.549323364247471302e-01,6.549323364247471302e-01,1.934707186363099907e-01
1.112500000000000000e+02,-3.577577120966798674e+01,6.840609998303003181e+01,6.429443359809690062e-01,6.429443359809690062e-01,2.741827439286648738e-01
1.113000000000000114e+02,-3.584236172895295880e+01,6.824285596126952669e+01,6.333949438602604065e-01,6.333949438602604065e-01,2.699326020797930825e-01
1.113500000000000085e+02,-3.590534566342585521e+01,6.807811137121318268e+01,6.327632497319722882e-01,6.327632497319722882e-01,2.535150307644767897e-01
1.114000000000000057e+02,-3.596645137145088711e+01,6.790869127398302396e+01,6.507332331767120559e-01,6.507332331767120559e-01,3.483862618462487126e-01
1.114500000000000028e+02,-3.602533049146929756e+01,6.773729970214571949e+01,7.734592517314312632e-01,7.734592517314312632e-01,3.076356439118048125e-01
1.115000000000000000e+02,-3.608764794065325532e+01,6.756013592552221780e+01,8.243959948545721561e-01,8.243959948545721561e-01,3.274426679149203268e-01
1.115500000000000114e+02,-3.615138218615973642e+01,6.738409057684566505e+01,9.423597211670027285e-01,9.423597211670027285e-01,3.831998391079636801e-01
1.116000000000000085e+02,-3.621946512151824038e+01,6.721014165053435363e+01,9.625241895444254236e-01,9.625241895444254236e-01,3.321605804799170891e-01
1.116500000000000057e+02,-3.628657518694789275e+01,6.703570152989405528e+01,9.664007766988941261e-01,9.664007766988941261e-01,3.799547852350230737e-01
1.117000000000000028e+02,-3.635014852869729651e+01,6.685799603595536666e+01,9.835261702928561611e-01,9.835261702928561611e-01,3.625525202755580101e-01
1.117500000000000000e+02,-3.641219351004337312e+01,6.667871999327913102e+01,1.013293714299221104e+00,1.013293714299221104e+00,3.541842998443486823e-01
1.118000000000000114e+02,-3.647411545832665070e+01,6.650049946289405511e+01,1.022488880631653663e+00,1.022488880631653663e+00,4.150475782472499153e-01
1.118500000000000085e+02,-3.653393183162114610e+01,6.632301694361092359e+01,9.902609754900614236e-01,9.902609754900614236e-01,3.507888268939570175e-01
1.119000000000000057e+02,-3.658961935712309099e+01,6.614528924894212025e+01,9.989827657537330152e-01,9.989827657537330152e-01,3.827179863233285406e-01
1.119500000000000028e+02,-3.664137895108476783e+01,6.596325592672509686e+01,1.045927136923806344e+00,1.045927136923806344e+00,3.822281475208873514e-01
1.120000000000000000e+02,-3.669470483106231029e+01,6.578377586394547905e+01,1.064806464842783740e+00,1.064806464842783740e+00,3.560926012034205113e-01
1.120500000000000114e+02,-3.674703458016784907e+01,6.560467655686792909e+01,1.020878365891070283e+00,1.020878365891070283e+00,4.218070888424658715e-01
1.121000000000000085e+02,-3.679438663187066538e+01,6.542518193753403466e+01,1.031285939091729276e+00,1.031285939091729276e+00,3.541784534888374747e-01
1.121500000000000057e+02,-3.683752379133787258e+01,6.524109794913810845e+01,1.138558509710589695e+00,1.138558509710589695e+00,3.717681322855150294e-01
1.122000000000000028e+02,-3.688205862881947894e+01,6.505261505980421077e+01,1.250388959737853911e+00,1.250388959737853911e+00,3.840201408187515764e-01
1.122500000000000000e+02,-3.692601275834839214e+01,6.485591759279908786e+01,1.338379299560520597e+00,1.338379299560520597e+00,3.457811730318569032e-01
1.123000000000000114e+02,-3.696872443346978798e+01,6.465304731742770628e+01,1.302253097501212764e+00,1.302253097501212764e+00,4.149767853551935004e-01
1.123500000000000085e+02,-3.700634895386688328e+01,6.445008095070045329e+01,1.347132529985646698e+00,1.347132529985646698e+00,3.376396944776169362e-01
1.124000000000000057e+02,-3.704017505759232165e+01,6.424071258334873846e+01,1.342980756290963251e+00,1.342980756290963251e+00,3.824286185093919155e-01
1.124500000000000028e+02,-3.707244861246925893e+01,6.403397730573833257e+01,1.367904546630446028e+00,1.367904546630446028e+00,3.429983971834945078e-01
1.125000000000000000e+02,-3.710392771668528411e+01,6.382825286185113356e+01,1.414450493935127007e+00,1.414450493935127007e+00,3.446012555295623336e-01
1.125500000000000114e+02,-3.713497468639160104e+01,6.362083869426636795e+01,1.302986024162898770e+00,1.302986024162898770e+00,3.509817477634446514e-01
1.126000000000000085e+02,-3.715610583402846601e+01,6.341392627221787848e+01,1.266993832635231021e+00,1.266993832635231021e+00,3.140100118282574959e-01
1.126500000000000057e+02,-3.717088811741229648e+01,6.320561987382616564e+01,1.376625773178073553e+00,1.376625773178073553e+00,3.822413845351266826e-01
1.127000000000000028e+02,-3.718689705312684168e+01,6.299223589583449723e+01,1.332623540815681462e+00,1.332623540815681462e+00,3.032967369353279374e-01
1.127500000000000000e+02,-3.719776320909787160e+01,6.277848065591546600e+01,1.307642631595229421e+00,1.307642631595229421e+00,3.641284516695797446e-01
1.128000000000000114e+02,-3.720181441007296996e+01,6.256231817499907777e+01,1.312915118491583266e+00,1.312915118491583266e+00,3.046279714263721017e-01
1.128500000000000085e+02,-3.720198346483992680e+01,6.234321639926805148e+01,1.349421443413117538e+00,1.349421443413117538e+00,3.367416705536904198e-01
1.129000000000000057e+02,-3.719743797702777499e+01,6.211755348565862533e+01,1.370345980291013843e+00,1.370345980291013843e+00,3.144239617883194948e-01
1.129500000000000028e+02,-3.718982353958642761e+01,6.188858687721072727e+01,1.360585694064321505e+00,1.360585694064321505e+00,3.211981856291321047e-01
1.130000000000000000e+02,-3.717954387092668611e+01,6.166141382565585616e+01,1.315129709283216153e+00,1.315129709283216153e+00,3.209961200183028551e-01
1.130500000000000114e+02,-3.716519331895897693e+01,6.143501440180364881e+01,1.421042276645113622e+00,1.421042276645113622e+00,3.036415433988479129e-01
1.131000000000000085e+02,-3.714990358328432762e+01,6.120066699506288899e+01,1.472726114084594862e+00,1.472726114084594862e+00,3.227179047133255096e-01
1.131500000000000057e+02,-3.713448164696502118e+01,6.096625222802098421e+01,1.483072838799435411e+00,1.483072838799435411e+00,2.801114749335926746e-01
1.132000000000000028e+02,-3.711894566958802244e+01,6.073208121018513594e+01,1.574552899072177770e+00,1.574552899072177770e+00,3.088828795722934895e-01
1.132500000000000000e+02,-3.710498644350732178e+01,6.049677626895681470e+01,1.484523227673484325e+00,1.484523227673484325e+00,2.379105662100895469e-01
1.133000000000000114e+02,-3.708404896498100101e+01,6.026211804005740902e+01,1.506593649616332797e+00,1.506593649616332797e+00,2.882378718363914349e-01
1.133500000000000085e+02,-3.706191385881592737e+01,6.002860245022500862e+01,1.506421900637054723e+00,1.506421900637054723e+00,1.913782329313410135e-01
1.134000000000000057e+02,-3.703661507389447394e+01,5.979279828227691951e+01,1.470841230260394372e+00,1.470841230260394372e+00,2.722298036267972177e-01
1.134500000000000028e+02,-3.700477564414415355e+01,5.955742907614677506e+01,1.529969373061448312e+00,1.529969373061448312e+00,1.412009107625434023e-01
1.135000000000000000e+02,-3.697458671371223460e+01,5.931982718149385647e+01,1.451409202711285484e+00,1.451409202711285484e+00,2.612001682289339932e-01
1.135500000000000114e+02,-3.693666863336002848e+01,5.908145036642214620e+01,1.373620409979586787e+00,1.373620409979586787e+00,8.354918155601689933e-02
1.136000000000000085e+02,-3.688990161025588321e+01,5.884465851866463737e+01,1.373027812854682894e+00,1.373027812854682894e+00,2.524958697394027451e-01
1.136500000000000057e+02,-3.683710262141897829e+01,5.860307417416306208e+01,1.345279039397865084e+00,1.345279039397865084e+00,3.822219346492394115e-02
1.137000000000000028e+02,-3.678210242534891705e+01,5.836521173497951054e+01,1.262324040213449239e+00,1.262324040213449239e+00,2.389827485385882799e-01
1.137500000000000000e+02,-3.672001285745376720e+01,5.812760514122259536e+01,1.282238292645728972e+00,1.282238292645728972e+00,1.683126436271890902e-02
1.138000000000000114e+02,-3.665633159515817852e+01,5.788740285840660960e+01,1.305976503330208205e+00,1.305976503330208205e+00,2.355041179248633376e-01
1.138500000000000085e+02,-3.659004496914788263e+01,5.764677651197843034e+01,1.336778317570570751e+00,1.336778317570570751e+00,6.765804319396992450e-02
1.139000000000000057e+02,-3.652304928380303295e+01,5.740347832991460564e+01,1.284041335005893458e+00,1.284041335005893458e+00,2.516657264478147638e-01
1.139500000000000028e+02,-3.645122343784685626e+01,5.716352258008787146e+01,1.230806881655679419e+00,1.230806881655679419e+00,1.353652063765934388e-01
1.140000000000000000e+02,-3.637501467070578087e+01,5.692386973207562306e+01,1.198187474224859272e+00,1.198187474224859272e+00,2.818291058809326843e-01
1.140500000000000114e+02,-3.629195830831496039e+01,5.668106566005145197e+01,1.226873692005679084e+00,1.226873692005679084e+00,2.043335779482395864e-01
1.141000000000000085e+02,-3.620619636429854893e+01,5.643731840306915615e+01,1.240132206122293024e+00,1.240132206122293024e+00,3.338344694641385835e-01
1.141500000000000057e+02,-3.611871397091066171e+01,5.619118833399537039e+01,1.151890568653273661e+00,1.151890568653273661e+00,2.843365432945151872e-01
1.142000000000000028e+02,-3.602547752582081131e+01,5.594685340222301306e+01,1.110593688007847302e+00,1.110593688007847302e+00,4.039624751293898752e-01
1.142500000000000000e+02,-3.592983582446496627e+01,5.570682854430544495e+01,1.168178526029112874e+00,1.168178526029112874e+00,3.691710278038181636e-01
1.143000000000000114e+02,-3.583519283766994334e+01,5.546654954864752085e+01,1.094032205555806492e+00,1.094032205555806492e+00,4.797102464316478354e-01
1.143500000000000085e+02,-3.574006004043243223e+01,5.523100031300104718e+01,1.094265214000390563e+00,1.094265214000390563e+00,4.694131776641332077e-01
1.144000000000000057e+02,-3.564246208257522142e+01,5.499654850910872028e+01,1.070763944951059754e+00,1.070763944951059754e+00,5.653726686390001532e-01
1.144500000000000028e+02,-3.554290302614746366e+01,5.476530555604611550e+01,9.971452051520393045e-01,9.971452051520393045e-01,5.779935892006714537e-01
1.145000000000000000e+02,-3.543903295012928822e+01,5.453564667519057707e+01,9.666979269354782911e-01,9.666979269354782911e-01,6.585866820630239538e-01
1.145500000000000114e+02,-3.533197572971386791e+01,5.430857362957007695e+01,8.907814027255832601e-01,8.907814027255832601e-01,6.798575678364797703e-01
1.146000000000000085e+02,-3.522086471749685899e+01,5.408345599171980922e+01,8.907450284353017889e-01,8.907450284353017889e-01,7.478937886525325318e-01
1.146500000000000057e+02,-3.511095418152135039e+01,5.386188506106244489e+01,8.394189110963575784e-01,8.394189110963575784e-01,7.678685575252471862e-01
1.147000000000000028e+02,-3.499560521787731204e+01,5.364245154092880341e+01,8.065974521049736889e-01,8.065974521049736889e-01,8.249998688522364176e-01
1.147500000000000000e+02,-3.487857193959420243e+01,5.342342631572777378e+01,8.562912878435047226e-01,8.562912878435047226e-01,8.418850182629247225e-01
1.148000000000000114e+02,-3.476202273932647557e+01,5.320343684444949872e+01,7.651146079718037507e-01,7.651146079718037507e-01,8.958287822995160132e-01
1.148500000000000085e+02,-3.463783312928494951e+01,5.298347864127958928e+01,7.327285604158638721e-01,7.327285604158638721e-01,9.096555705198720032e-01
1.149000000000000057e+02,-3.451290318220127062e+01,5.276465390967639024e+01,7.347255256892644137e-01,7.347255256892644137e-01,9.563836496909942086e-01
1.149500000000000028e+02,-3.438615491619676590e+01,5.254336763804782606e+01,7.375031932001265833e-01,7.375031932001265833e-01,9.684090865103066603e-01
1.150000000000000000e+02,-3.425602460269842453e+01,5.232133131056320963e+01,6.599156804531383091e-01,6.599156804531383091e-01,1.015136804167782181e+00
1.150500000000000114e+02,-3.412373023365102398e+01,5.210286397136722769e+01,6.086802132993017755e-01,6.086802132993017755e-01,1.018638269836320553e+00
1.151000000000000085e+02,-3.398879065387551179e+01,5.188834829193229581e+01,5.804567480148189462e-01,5.804567480148189462e-01,1.059285554849517030e+00
1.151500000000000057e+02,-3.385057834725176917e+01,5.167241533073006110e+01,5.989808391474612526e-01,5.989808391474612526e-01,1.054585588574311839e+00
1.152000000000000028e+02,-3.371264108188204034e+01,5.145707778651684094e+01,5.792086008686037069e-01,5.792086008686037069e-01,1.096257145547561818e+00
1.152500000000000000e+02,-3.357573830277392091e+01,5.124329971841782339e+01,5.446748772018662477e-01,5.446748772018662477e-01,1.088575296502920287e+00
1.153000000000000114e+02,-3.343319150522244598e+01,5.102929044846607098e+01,4.861805753391698626e-01,4.861805753391698626e-01,1.128496933246758260e+00
1.153500000000000085e+02,-3.328939690700940446e+01,5.082069411107028856e+01,4.106031511849714266e-01,4.106031511849714266e-01,1.109624260568494281e+00
1.154000000000000057e+02,-3.314176652303983417e+01,5.061389538807114974e+01,3.476628784461758825e-01,3.476628784461758825e-01,1.138648298210241716e+00
1.154500000000000028e+02,-3.299020485179278239e+01,5.040781161287553402e+01,2.698244860402336798e-01,2.698244860402336798e-01,1.114757814958646787e+00
1.155000000000000000e+02,-3.283323884076789057e+01,5.020444958784861456e+01,3.139226275990787407e-01,3.139226275990787407e-01,1.130645061742907576e+00
1.155500000000000114e+02,-3.268142841348791450e+01,5.000328015064829401e+01,3.212210558019341633e-01,3.212210558019341633e-01,1.107387920014573979e+00
1.156000000000000085e+02,-3.252748140289581613e+01,4.979824340170290498e+01,2.636213678495756274e-01,2.636213678495756274e-01,1.123942726252770363e+00
1.156500000000000057e+02,-3.236952744869915222e+01,4.959324418441402571e+01,3.176083559226174913e-01,3.176083559226174913e-01,1.101242004425221799e+00
1.157000000000000028e+02,-3.221217103302181073e+01,4.938291248019154978e+01,2.948097846559391000e-01,2.948097846559391000e-01,1.112986935763562002e+00
1.157500000000000000e+02,-3.205401286633840385e+01,4.917280303247888185e+01,2.693357755574268819e-01,2.693357755574268819e-01,1.099500064915494457e+00
1.158000000000000114e+02,-3.189339602967746146e+01,4.896354203272804995e+01,2.704863382346143208e-01,2.704863382346143208e-01,1.101487054384934883e+00
1.158500000000000085e+02,-3.173209594799097033e+01,4.875242625119386020e+01,2.638409370848558977e-01,2.638409370848558977e-01,1.093859884506111602e+00
1.159000000000000057e+02,-3.157091909574578992e+01,4.854298455095199216e+01,3.073021887773746963e-01,3.073021887773746963e-01,1.088238574100010014e+00
1.159500000000000028e+02,-3.141353026017514338e+01,4.833235870520862676e+01,3.109074042454570974e-01,3.109074042454570974e-01,1.091517898032854372e+00
1.160000000000000000e+02,-3.125544134511796557e+01,4.812180324191170655e+01,2.165648195904946727e-01,2.165648195904946727e-01,1.082282173647218126e+00
1.160500000000000114e+02,-3.109485460820378933e+01,4.791624656796579984e+01,2.330667424460663439e-01,2.330667424460663439e-01,1.087227113488553609e+00
1.161000000000000085e+02,-3.093447315867715375e+01,4.771018745772015990e+01,2.871982307149303915e-01,2.871982307149303915e-01,1.067328451250436405e+00
1.161500000000000057e+02,-3.077451534619255114e+01,4.749859541992619683e+01,2.217898799622927408e-01,2.217898799622927408e-01,1.083779709711910844e+00
1.162000000000000028e+02,-3.061073653899139657e+01,4.728806979254669329e+01,1.997292804552271983e-01,1.997292804552271983e-01,1.056805277911252672e+00
1.162500000000000000e+02,-3.044452200414647791e+01,4.707780329855184931e+01,1.612257243388381389e-01,1.612257243388381389e-01,1.076344120920645242e+00
1.163000000000000114e+02,-3.027552424487214111e+01,4.686707556014753351e+01,1.392418692527998270e-01,1.392418692527998270e-01,1.037782641273287565e+00
1.163500000000000085e+02,-3.010420415035584796e+01,4.665486351008186716e+01,1.173170056944371070e-01,1.173170056944371070e-01,1.044842514538558476e+00
1.164000000000000057e+02,-2.992926508585967227e+01,4.643975025086607644e+01,7.270814246709959849e-02,7.270814246709959849e-02,1.016289692415289547e+00
1.164500000000000028e+02,-2.975214902364175984e+01,4.622551166290215718e+01,5.220561118304020004e-02,5.220561118304020004e-02,1.007751838401894640e+00
1.165000000000000000e+02,-2.957259111154402831e+01,4.601072872012798598e+01,7.467867466943474419e-02,7.467867466943474419e-02,9.916399659712219483e-01
1.165500000000000114e+02,-2.939472080663051301e+01,4.579467475775829399e+01,7.383310237636148132e-02,7.383310237636148132e-02,9.698991401724852413e-01
1.166000000000000085e+02,-2.921742768735369111e+01,4.557839253902794496e+01,1.118542665526488789e-01,1.118542665526488789e-01,9.748380717674950402e-01
1.166500000000000057e+02,-2.904252311674440890e+01,4.536144765355583530e+01,1.822041782849690150e-01,1.822041782849690150e-01,9.415558312436327348e-01
1.167000000000000028e+02,-2.887236855857593198e+01,4.514360781473806128e+01,1.347277174837957781e-01,1.347277174837957781e-01,9.622820821147938242e-01
1.167500000000000000e+02,-2.870247633536635234e+01,4.493109429876097494e+01,3.779280824677221096e-02,3.779280824677221096e-02,9.249098830305161334e-01
1.168000000000000114e+02,-2.852816590665942798e+01,4.472192565626264837e+01,2.865141593718570703e-03,2.865141593718570703e-03,9.263076598669781614e-01
1.168500000000000085e+02,-2.835169228425107590e+01,4.451271726348594626e+01,6.478487279919672992e-02,6.478487279919672992e-02,8.953914067223480711e-01
1.169000000000000057e+02,-2.817963605471735988e+01,4.430265128885415038e+01,8.638891957874408889e-02,8.638891957874408889e-02,8.873386117046221377e-01
1.169500000000000028e+02,-2.800857203711877474e+01,4.409068492204709599e+01,6.640749915770238765e-02,6.640749915770238765e-02,8.769760143290455945e-01
1.170000000000000000e+02,-2.783501546339447685e+01,4.387810307346840943e+01,1.255227846815431259e-01,1.255227846815431259e-01,8.566242589535654206e-01
1.170500000000000114e+02,-2.766346731672275538e+01,4.366122679918409233e+01,4.494918322959253615e-02,4.494918322959253615e-02,8.659259298821929685e-01
1.171000000000000085e+02,-2.748815668815268154e+01,4.344704160094713785e+01,3.498437857112474819e-02,3.498437857112474819e-02,8.305223582758882728e-01
1.171500000000000057e+02,-2.731291423329065537e+01,4.323407836271950089e+01,8.631056165583400955e-03,8.631056165583400955e-03,8.515233372467384543e-01
1.172000000000000028e+02,-2.713790634712849226e+01,4.302314026320225793e+01,9.529363762586149506e-03,9.529363762586149506e-03,8.012111115122168004e-01
1.172500000000000000e+02,-2.696199762586067195e+01,4.281107123962495820e+01,5.403912911473806452e-02,5.403912911473806452e-02,8.079800264341451266e-01
1.173000000000000114e+02,-2.678772407547770484e+01,4.259567860870027545e+01,3.513708463572651208e-02,3.513708463572651208e-02,7.781518075365539966e-01
1.173500000000000085e+02,-2.661435554450592988e+01,4.238339444756076801e+01,8.100052622726124085e-02,8.100052622726124085e-02,7.719510263072586476e-01
1.174000000000000057e+02,-2.644568483809623771e+01,4.217236463471891739e+01,7.388089740019121443e-02,7.388089740019121443e-02,7.621513369733927679e-01
1.174500000000000028e+02,-2.627574486013069333e+01,4.195973379602283870e+01,1.305216434354624089e-01,1.305216434354624089e-01,7.450018553055067771e-01
1.175000000000000000e+02,-2.610993369573408884e+01,4.174553105642777240e+01,1.368754351809956804e-01,1.368754351809956804e-01,7.564059568092638131e-01
1.175500000000000114e+02,-2.594559409914406700e+01,4.153288836034242593e+01,1.190147115434378455e-01,1.190147115434378455e-01,7.294946908148038922e-01
1.176000000000000085e+02,-2.577976572950396772e+01,4.131955715999525580e+01,1.252875302389306889e-01,1.252875302389306889e-01,7.565645102573892444e-01
1.176500000000000057e+02,-2.561222389206766081e+01,4.110412155381205679e+01,8.320910751566919228e-02,8.320910751566919228e-02,7.151643510094730649e-01
1.177000000000000028e+02,-2.544441756070122196e+01,4.089173778431747053e+01,9.639506562350290408e-02,9.639506562350290408e-02,7.399699576570214488e-01
1.177500000000000000e+02,-2.527730619956882308e+01,4.067921382655141826e+01,1.335861397167203146e-01,1.335861397167203146e-01,7.003564308261939209e-01
1.178000000000000114e+02,-2.511361300750903069e+01,4.046625518660515297e+01,1.334338628906574786e-01,1.334338628906574786e-01,7.156179776619655541e-01
1.178500000000000085e+02,-2.494842379785396602e+01,4.025211322140349068e+01,5.851394031102343657e-02,5.851394031102343657e-02,6.945140549636692473e-01
1.179000000000000057e+02,-2.477914830983801409e+01,4.003979742833957545e+01,2.973936631920181400e-02,2.973936631920181400e-02,6.905286153572111063e-01
1.179500000000000028e+02,-2.460950413954761018e+01,3.983006829828702422e+01,-5.236082327751490073e-02,-5.236082327751490073e-02,6.811055835891929311e-01
1.180000000000000000e+02,-2.443646000041831456e+01,3.962368488250090337e+01,-3.801452606229240722e-03,-3.801452606229240722e-03,6.558912374921382904e-01
1.180500000000000114e+02,-2.426598454212255618e+01,3.941543872999613285e+01,6.819302699177079256e-03,6.819302699177079256e-03,6.625643677119764652e-01
1.181000000000000085e+02,-2.409539600179543939e+01,3.920524282907772573e+01,-1.521314118349333111e-02,-1.521314118349333111e-02,6.262181763700935822e-01
1.181500000000000057e+02,-2.391955528410479559e+01,3.899007349103218445e+01,1.005223440792308090e-02,1.005223440792308090e-02,6.550954961469568349e-01
1.182000000000000028e+02,-2.374322303424285607e+01,3.877105274373610655e+01,1.132845862234935740e-02,1.132845862234935740e-02,6.002115745521358070e-01
1.182500000000000000e+02,-2.356981500712587518e+01,3.855554420267404225e+01,5.370713554659065254e-03,5.370713554659065254e-03,6.208369385676023589e-01
1.183000000000000114e+02,-2.339675162367940686e+01,3.834039882928968979e+01,-3.670487388075207441e-03,-3.670487388075207441e-03,5.826553559826813666e-01
1.183500000000000085e+02,-2.322247430784002376e+01,3.812403854597907582e+01,-3.890378200993643842e-02,-3.890378200993643842e-02,5.827666595498958158e-01
1.184000000000000057e+02,-2.304668553566295586e+01,3.790933353519706372e+01,-3.518059451396779447e-02,-3.518059451396779447e-02,5.692217706495189544e-01
1.184500000000000028e+02,-2.287097149817615716e+01,3.769369229561229417e+01,-6.736141103171450206e-02,-6.736141103171450206e-02,5.449970510343050689e-01
1.185000000000000000e+02,-2.269480562576431026e+01,3.748061334041980786e+01,-6.438018139106704840e-02,-6.438018139106704840e-02,5.599973197053726981e-01
1.185500000000000114e+02,-2.251919916647598185e+01,3.726730874625150847e+01,-4.338444361311260405e-02,-4.338444361311260405e-02,5.104186306194913314e-01
1.186000000000000085e+02,-2.234727665956751608e+01,3.705631015543215057e+01,-4.628143948485652359e-02,-4.628143948485652359e-02,5.545263634950959863e-01
1.186500000000000057e+02,-2.217714733500137214e+01,3.684772637076389401e+01,-9.858891737703426306e-02,-9.858891737703426306e-02,4.849827131024438964e-01
1.187000000000000028e+02,-2.200575181107902267e+01,3.664244341647430758e+01,-9.117531892453106801e-02,-9.117531892453106801e-02,5.115123394133843648e-01
1.187500000000000000e+02,-2.183339033714294786e+01,3.643470156368596946e+01,-2.027488788623745819e-01,-2.027488788623745819e-01,4.582333325324057793e-01
1.188000000000000114e+02,-2.165500185611032791e+01,3.623015977530330645e+01,-1.875336942963899689e-01,-1.875336942963899689e-01,4.605172024146657050e-01
1.188500000000000085e+02,-2.147688175998339588e+01,3.602370684075226137e+01,-1.910764684675427816e-01,-1.910764684675427816e-01,4.263837287286458833e-01
1.189000000000000057e+02,-2.130191697923451244e+01,3.582122913231812333e+01,-1.925598366143722595e-01,-1.925598366143722595e-01,4.080687671364546243e-01
1.189500000000000028e+02,-2.112792267161751525e+01,3.561944348053996379e+01,-2.269442828929489619e-01,-2.269442828929489619e-01,4.001874313648303705e-01
1.190000000000000000e+02,-2.095204782241912156e+01,3.541827730783082018e+01,-2.437157167462572216e-01,-2.437157167462572216e-01,3.583703909098790441e-01
1.190500000000000114e+02,-2.077519399728124583e+01,3.521654273521928502e+01,-2.889337177006783275e-01,-2.889337177006783275e-01,3.773944870898296999e-01
1.191000000000000085e+02,-2.059691391051299547e+01,3.501729443930793195e+01,-2.953176544680583548e-01,-2.953176544680583548e-01,3.051429610715570284e-01
1.191500000000000057e+02,-2.041944983524916069e+01,3.481867978036057565e+01,-2.833299780516382316e-01,-2.833299780516382316e-01,3.570632664392918154e-01
1.192000000000000028e+02,-2.024348885341956361e+01,3.462047484834780420e+01,-3.401392193409590314e-01,-3.401392193409590314e-01,2.542961882194200718e-01
1.192500000000000000e+02,-2.006458029088782524e+01,3.442295348382972975e+01,-3.173555644647972351e-01,-3.173555644647972351e-01,3.285335476803437627e-01
1.193000000000000114e+02,-1.988733813205372059e+01,3.422492361478541056e+01,-2.730327750493803940e-01,-2.730327750493803940e-01,2.049832013100915118e-01
1.193500000000000085e+02,-1.971365929540446871e+01,3.402582815545414974e+01,-3.436130934032662343e-01,-3.436130934032662343e-01,2.731646514037597839e-01
1.194000000000000057e+02,-1.953728508565819055e+01,3.383051925115153580e+01,-2.983282322521244034e-01,-2.983282322521244034e-01,1.666080196390762880e-01
1.194500000000000028e+02,-1.936629880524966651e+01,3.363671753179279023e+01,-2.565292558107935550e-01,-2.565292558107935550e-01,2.240097290242948347e-01
1.195000000000000000e+02,-1.919548955132262336e+01,3.343800138218617235e+01,-2.771413623379080371e-01,-2.771413623379080371e-01,1.409301478137362784e-01
1.195500000000000114e+02,-1.902430947825643770e+01,3.323991642434079807e+01,-2.594039099191232656e-01,-2.594039099191232656e-01,1.794428052015688557e-01
1.196000000000000085e+02,-1.885217660700844533e+01,3.303810386868590854e+01,-2.492161169906410845e-01,-2.492161169906410845e-01,1.359449000757141923e-01
1.196500000000000057e+02,-1.868210413569226702e+01,3.283708200056977233e+01,-2.239066213309814923e-01,-2.239066213309814923e-01,1.338804387358925319e-01
1.197000000000000028e+02,-1.851704134034383742e+01,3.263964539983641089e+01,-2.137702461669870602e-01,-2.137702461669870602e-01,1.437976873129532263e-01
1.197500000000000000e+02,-1.835173861206289914e+01,3.244057123805355047e+01,-2.857030243828067029e-01,-2.857030243828067029e-01,1.041375926684846298e-01
1.198000000000000114e+02,-1.818356508403867622e+01,3.224432384932236317e+01,-2.385884894905947462e-01,-2.385884894905947462e-01,1.583030668481137382e-01
1.198500000000000085e+02,-1.801713889324192053e+01,3.204519928221433389e+01,-3.253763207708894045e-01,-3.253763207708894045e-01,7.824450251490321084e-02
1.199000000000000057e+02,-1.784936417075612880e+01,3.185292682994993996e+01,-3.124891851413210686e-01,-3.124891851413210686e-01,1.779856027880553637e-01
1.199500000000000028e+02,-1.768170164111129594e+01,3.165925340963083201e+01,-2.882179214609493223e-01,-2.882179214609493223e-01,7.754808785691191808e-02
1.200000000000000000e+02,-1.751778427357085022e+01,3.146721075701919546e+01,-2.543901134517781437e-01,-2.543901134517781437e-01,1.984034483288965034e-01
1.200500000000000114e+02,-1.735799535540768801e+01,3.127637229641550931e+01,-2.635375431603095842e-01,-2.635375431603095842e-01,9.666253683149164666e-02
1.201000000000000085e+02,-1.719756471196452097e+01,3.108571636721614695e+01,-2.968420794162585641e-01,-2.968420794162585641e-01,2.118381708526234086e-01
1.201500000000000057e+02,-1.703855678476896429e+01,3.090011172333766964e+01,-3.367137043596600821e-01,-3.367137043596600821e-01,1.259257963706706118e-01
1.202000000000000028e+02,-1.688009329779309553e+01,3.071885499132475772e+01,-3.867212184807627962e-01,-3.867212184807627962e-01,2.212083437802219721e-01
1.202500000000000000e+02,-1.672075685352460894e+01,3.054065000558909304e+01,-3.797464906880166358e-01,-3.797464906880166358e-01,1.708330833948075167e-01
1.203000000000000114e+02,-1.656345823400787864e+01,3.036319474745480917e+01,-3.583540554527465671e-01,-3.583540554527465671e-01,2.343900552470578880e-01
1.203500000000000085e+02,-1.640684913225884500e+01,3.018457229091753291e+01,-3.139473640697837964e-01,-3.139473640697837964e-01,2.171067591330633206e-01
1.204000000000000057e+02,-1.625430447408951551e+01,3.000562038627021622e+01,-4.120231127965121032e-01,-4.120231127965121032e-01,2.483886180080666917e-01
1.204500000000000028e+02,-1.609667752977969357e+01,2.983084846213909458e+01,-4.446759411322973032e-01,-4.446759411322973032e-01,2.639106208528103070e-01
1.205000000000000000e+02,-1.594032021805744570e+01,2.966056134147669709e+01,-4.337646762773448295e-01,-4.337646762773448295e-01,2.762260888524704083e-01
1.205500000000000114e+02,-1.578441997732163848e+01,2.948741518108991500e+01,-4.182184483672023445e-01,-4.182184483672023445e-01,3.210428464119709502e-01
1.206000000000000085e+02,-1.562966467360110911e+01,2.931491137254618096e+01,-4.475324823840227673e-01,-4.475324823840227673e-01,3.086173260136521046e-01
1.206500000000000057e+02,-1.547389766314967829e+01,2.914221793786279591e+01,-4.584868056059962504e-01,-4.584868056059962504e-01,3.759776058897690842e-01
1.207000000000000028e+02,-1.531911035431414270e+01,2.897045167065471105e+01,-4.163641372092439230e-01,-4.163641372092439230e-01,3.472227557788399865e-01
1.207500000000000000e+02,-1.516506380912342600e+01,2.879525708048920762e+01,-3.857850367259531565e-01,-3.857850367259531565e-01,4.287292363744487078e-01
1.208000000000000114e+02,-1.501245999541848164e+01,2.861936685625450494e+01,-3.729331263064999957e-01,-3.729331263064999957e-01,3.830280837139072858e-01
1.208500000000000085e+02,-1.486213371915054893e+01,2.844396433483607112e+01,-3.594918304126908382e-01,-3.594918304126908382e-01,4.647544172065560808e-01
1.209000000000000057e+02,-1.471248366493345294e+01,2.826615729214621098e+01,-3.730242092837515733e-01,-3.730242092837515733e-01,4.149050022745823796e-01
1.209500000000000028e+02,-1.456047761195900136e+01,2.808665742285835520e+01,-3.537112727391312772e-01,-3.537112727391312772e-01,4.777200520780618409e-01
1.210000000000000000e+02,-1.440890238482096031e+01,2.790619384914324286e+01,-3.317968195102398710e-01,-3.317968195102398710e-01,4.470388070384047619e-01
1.210500000000000114e+02,-1.426036747127719906e+01,2.772655589228973128e+01,-3.495120366336169626e-01,-3.495120366336169626e-01,4.916109691826706096e-01
1.211000000000000085e+02,-1.411222984044417395e+01,2.754820507495618642e+01,-3.951450915761123284e-01,-3.951450915761123284e-01,4.768390506133436402e-01
1.211500000000000057e+02,-1.396006007439608787e+01,2.736938456625188820e+01,-3.030432359242244411e-01,-3.030432359242244411e-01,5.091637439836125267e-01
1.212000000000000028e+02,-1.380952731030802560e+01,2.718230699041933462e+01,-2.835273300877129143e-01,-2.835273300877129143e-01,5.060934914503590898e-01
1.212500000000000000e+02,-1.365864467186352549e+01,2.699291224511034670e+01,-2.368238674563944712e-01,-2.368238674563944712e-01,5.231480313403857885e-01
1.213000000000000114e+02,-1.351078525022096066e+01,2.680147075184610017e+01,-2.236423425556823275e-01,-2.236423425556823275e-01,5.218823090184288027e-01
1.213500000000000085e+02,-1.336270166606437115e+01,2.660880206556234029e+01,-1.996771766863446596e-01,-1.996771766863446596e-01,5.297342753741880461e-01
1.214000000000000057e+02,-1.321624396795397516e+01,2.641482892040733788e+01,-1.695201727736451169e-01,-1.695201727736451169e-01,5.306469690688152552e-01
1.214500000000000028e+02,-1.307076360858685149e+01,2.621954558842625715e+01,-1.113231845021678823e-01,-1.113231845021678823e-01,5.308795984715992677e-01
1.215000000000000000e+02,-1.292803967991337366e+01,2.602098077247164554e+01,-1.353001097980765510e-01,-1.353001097980765510e-01,5.299203329873120039e-01
1.215500000000000114e+02,-1.278358146903200598e+01,2.582331039182063392e+01,-1.005358826003563966e-01,-1.005358826003563966e-01,5.249879593126789423e-01
1.216000000000000085e+02,-1.263996565898158053e+01,2.562349340145024712e+01,-1.441660471446502834e-01,-1.441660471446502834e-01,5.263738218281204251e-01
1.216500000000000057e+02,-1.249248237117401672e+01,2.542224294111079885e+01,-1.225228165148257581e-01,-1.225228165148257581e-01,5.207450820107597522e-01
1.217000000000000028e+02,-1.234392937455367267e+01,2.521746467989199303e+01,-1.580719342882615508e-01,-1.580719342882615508e-01,5.212093687652622487e-01
1.217500000000000000e+02,-1.219320816971964838e+01,2.501423291088064715e+01,-1.228473831955061990e-01,-1.228473831955061990e-01,5.213152789053120406e-01
1.218000000000000114e+02,-1.204552512666818309e+01,2.481090642868442231e+01,-6.346151281773759756e-02,-6.346151281773759756e-02,5.172469308767018159e-01
1.218500000000000085e+02,-1.190122577713440144e+01,2.460642674846677025e+01,-1.594177554367507549e-02,-1.594177554367507549e-02,5.154071599746830046e-01
1.219000000000000057e+02,-1.176091564082887508e+01,2.440216257552476620e+01,-2.088683448135007781e-02,-2.088683448135007781e-02,5.027568650926621530e-01
1.219500000000000028e+02,-1.161841310770697078e+01,2.419588925042440763e+01,-7.178234755332742016e-03,-7.178234755332742016e-03,5.000856409321867702e-01
1.220000000000000000e+02,-1.147742061874323838e+01,2.399019343154294148e+01,5.897896481705514060e-02,5.897896481705514060e-02,4.850867884091379922e-01
1.220500000000000114e+02,-1.134157484921805192e+01,2.378457640282883290e+01,8.573322443266837012e-02,8.573322443266837012e-02,4.789978913644473701e-01
1.221000000000000085e+02,-1.120729789727144521e+01,2.357879666400556218e+01,2.123454151103407739e-01,2.123454151103407739e-01,4.592969272467222752e-01
1.221500000000000057e+02,-1.108050253168037003e+01,2.336993873752367534e+01,2.148972798397698891e-01,2.148972798397698891e-01,4.420196340973642779e-01
1.222000000000000028e+02,-1.095465250864125473e+01,2.316291602234078795e+01,2.988237800937912358e-01,2.988237800937912358e-01,4.196410837851617393e-01
1.222500000000000000e+02,-1.083228475633802290e+01,2.295215479877324327e+01,3.345813570368624812e-01,3.345813570368624812e-01,3.919077163169785716e-01
1.223000000000000114e+02,-1.071059333575117911e+01,2.273988708036075224e+01,3.496626290019374528e-01,3.496626290019374528e-01,3.706272869047481655e-01
1.223500000000000085e+02,-1.058799213607336931e+01,2.252547317126179394e+01,3.758196833330580411e-01,3.758196833330580411e-01,3.353739686354179628e-01
1.224000000000000057e+02,-1.046487201092132402e+01,2.230826702504578662e+01,3.591404427875381500e-01,3.591404427875381500e-01,3.171099626848860598e-01
1.224500000000000028e+02,-1.034117630293560275e+01,2.209342004142205695e+01,3.890410587021718714e-01,3.890410587021718714e-01,2.804730510060294835e-01
1.225000000000000000e+02,-1.021854670565526746e+01,2.187722105937724848e+01,3.644261332286869992e-01,3.644261332286869992e-01,2.667428010118856330e-01
1.225500000000000114e+02,-1.009162193997820900e+01,2.165875009751490410e+01,4.372728151041030409e-01,4.372728151041030409e-01,2.297436095350798013e-01
1.226000000000000085e+02,-9.966953515840561550e+00,2.143601736509555167e+01,4.758405043194726680e-01,4.758405043194726680e-01,2.118719079161968943e-01
1.226500000000000057e+02,-9.843864694149642602e+00,2.121304006821144483e+01,4.368276306550861743e-01,4.368276306550861743e-01,1.823533287920490464e-01
1.227000000000000028e+02,-9.721246614713988876e+00,2.099591465280303737e+01,4.802288711051041492e-01,4.802288711051041492e-01,1.619423772837717268e-01
1.227500000000000000e+02,-9.599989927387532873e+00,2.077632254524493050e+01,4.580134818600333224e-01,4.580134818600333224e-01,1.430541798124400077e-01
1.228000000000000114e+02,-9.478172206304089187e+00,2.055989739261555016e+01,4.740627339527233586e-01,4.740627339527233586e-01,1.305670150642466165e-01
1.228500000000000085e+02,-9.356624256457932276e+00,2.034395954196356016e+01,4.688143306406141186e-01,4.688143306406141186e-01,1.219399012551034556e-01
1.229000000000000057e+02,-9.233602208758112440e+00,2.012695036850060859e+01,4.917459652401338088e-01,4.917459652401338088e-01,1.276021023838091462e-01
1.229500000000000028e+02,-9.109714784036906821e+00,1.990691375714444078e+01,5.889983867918273663e-01,5.889983867918273663e-01,1.351374112941161332e-01
1.230000000000000000e+02,-8.991510651124093201e+00,1.968583910954977867e+01,5.484512579100473406e-01,5.484512579100473406e-01,1.510401779559214508e-01
1.230500000000000114e+02,-8.869817427199221171e+00,1.946479198226403895e+01,5.949734940836126640e-01,5.949734940836126640e-01,1.767044479765674247e-01
1.231000000000000085e+02,-8.749719611972231803e+00,1.924318953482739758e+01,5.679698921249340948e-01,5.679698921249340948e-01,1.965651158844199387e-01
1.231500000000000057e+02,-8.624963155404380188e+00,1.901919217409603391e+01,5.448023253440709146e-01,5.448023253440709146e-01,2.341260314116809793e-01
1.232000000000000028e+02,-8.498790763555742700e+00,1.879570511432266855e+01,5.182735011953560900e-01,5.182735011953560900e-01,2.448470396255293391e-01
1.232500000000000000e+02,-8.368972456818168482e+00,1.857079261850875440e+01,4.987264182651532374e-01,4.987264182651532374e-01,2.945855183389246013e-01
1.233000000000000114e+02,-8.234796112948199465e+00,1.834497347721078953e+01,4.266058591659026011e-01,4.266058591659026011e-01,2.886810219156126234e-01
1.233500000000000085e+02,-8.097510199545283172e+00,1.812228497408921868e+01,3.217084610500280939e-01,3.217084610500280939e-01,3.499674069292469381e-01
1.234000000000000057e+02,-7.954492928072578906e+00,1.790459678725118664e+01,3.082733992817611735e-01,3.082733992817611735e-01,3.185925176219348010e-01
1.234500000000000028e+02,-7.812980847588750777e+00,1.769100389057953038e+01,3.518918779993003287e-01,3.518918779993003287e-01,3.844693157013852614e-01
1.235000000000000000e+02,-7.674452314547396625e+00,1.747623566281347607e+01,3.631097516438206441e-01,3.631097516438206441e-01,3.456689718075152684e-01
1.235500000000000114e+02,-7.534154437157681627e+00,1.725820301890946595e+01,3.463794047835960233e-01,3.463794047835960233e-01,4.225211080515198780e-01
1.236000000000000085e+02,-7.392659642047949120e+00,1.704175035753486611e+01,3.068202984537777289e-01,3.068202984537777289e-01,3.757162946752262145e-01
1.236500000000000057e+02,-7.247858381393695204e+00,1.682509561247043806e+01,2.505043219060113513e-01,2.505043219060113513e-01,4.580899445981063689e-01
1.237000000000000028e+02,-7.098816820026462082e+00,1.660882667297791926e+01,1.935702640139430608e-01,1.935702640139430608e-01,3.967074338674748679e-01
1.237500000000000000e+02,-6.946702244945077709e+00,1.639548034461803994e+01,1.231281109837376042e-01,1.231281109837376042e-01,4.583661363282592327e-01
1.238000000000000114e+02,-6.788920914088460101e+00,1.618206197745660191e+01,9.465522281493174428e-02,9.465522281493174428e-02,4.035271912310925968e-01
1.238500000000000085e+02,-6.629016147260662351e+00,1.596856689943392738e+01,1.186053155003140014e-01,1.186053155003140014e-01,4.402181276441621272e-01
1.239000000000000057e+02,-6.469055607853755774e+00,1.575300225188056125e+01,1.002264964671063796e-01,1.002264964671063796e-01,4.078072285022406596e-01
1.239500000000000028e+02,-6.305970130023796472e+00,1.553508611435991860e+01,1.326721124159115361e-01,1.326721124159115361e-01,4.212863601665075008e-01
1.240000000000000000e+02,-6.145715551718852865e+00,1.531690410819495796e+01,8.863625544401906864e-02,8.863625544401906864e-02,4.196145520075226787e-01
1.240500000000000114e+02,-5.986522563142457010e+00,1.510494415285818803e+01,2.102695666498616972e-02,2.102695666498616972e-02,4.086192392812493246e-01
1.241000000000000085e+02,-5.826273766283252442e+00,1.489891883460146715e+01,8.293883235491582295e-02,8.293883235491582295e-02,4.226470102351722047e-01
1.241500000000000057e+02,-5.669468725323154601e+00,1.469100245796925641e+01,4.773367949212929673e-02,4.773367949212929673e-02,3.944792160174615536e-01
1.242000000000000028e+02,-5.508767200315021206e+00,1.448142753854473419e+01,5.478423639429361169e-02,5.478423639429361169e-02,4.284884079667403700e-01
1.242500000000000000e+02,-5.349631167191099657e+00,1.427328428857241782e+01,8.882235797732837557e-02,8.882235797732837557e-02,3.812920673833324892e-01
1.243000000000000114e+02,-5.192136610717097867e+00,1.406327638030185589e+01,6.473478429221077302e-02,6.473478429221077302e-02,4.372955306688706689e-01
1.243500000000000085e+02,-5.032365568509906240e+00,1.385253236803563937e+01,3.034163252331612340e-02,3.034163252331612340e-02,3.742782074033674244e-01
1.244000000000000057e+02,-4.872040423431929668e+00,1.364484803167033178e+01,-3.718271756837879249e-02,-3.718271756837879249e-02,4.412689257130702480e-01
1.244500000000000028e+02,-4.708257239926753712e+00,1.343941970060664737e+01,-9.672189018789890957e-02,-9.672189018789890957e-02,3.597982476737206503e-01
1.245000000000000000e+02,-4.539112932479512530e+00,1.323296815716157049e+01,-1.141337798725939878e-01,-1.141337798725939878e-01,4.038880140488835258e-01
1.245500000000000114e+02,-4.372459551563578017e+00,1.303126919694613228e+01,-1.223144364938640871e-01,-1.223144364938640871e-01,3.361498564996829863e-01
1.246000000000000085e+02,-4.204880624663715594e+00,1.282873024088404534e+01,-7.823218612615415180e-02,-7.823218612615415180e-02,3.649631129375517369e-01
1.246500000000000057e+02,-4.043097120474516082e+00,1.262885736739956677e+01,-8.914752210606602389e-02,-8.914752210606602389e-02,3.160230141130470627e-01
1.247000000000000028e+02,-3.879175388645293765e+00,1.242688266164934063e+01,-1.257537725175725818e-01,-1.257537725175725818e-01,3.344460791350507556e-01
1.247500000000000000e+02,-3.714363379706109303e+00,1.222719431690183356e+01,-9.910719500811721039e-02,-9.910719500811721039e-02,2.984336789153804181e-01
1.248000000000000114e+02,-3.553300899979890737e+00,1.202929300712934158e+01,-8.291275694092177517e-02,-8.291275694092177517e-02,3.032686388738480843e-01
1.248500000000000085e+02,-3.391841785050816238e+00,1.182875364363367865e+01,-5.811476921748361113e-02,-5.811476921748361113e-02,2.840827722634637342e-01
1.249000000000000057e+02,-3.231654635558606881e+00,1.162690956556107658e+01,-2.381953232858050745e-02,-2.381953232858050745e-02,2.771841554517973094e-01
1.249500000000000028e+02,-3.073507301570722827e+00,1.142393421928083619e+01,4.759180067215353777e-02,4.759180067215353777e-02,2.794202565808223127e-01
1.250000000000000000e+02,-2.920539297406525847e+00,1.122029521322099477e+01,-2.136387691503362218e-02,-2.136387691503362218e-02,2.626367956108611179e-01
1.250500000000000114e+02,-2.762852982319558670e+00,1.101740448663260530e+01,-1.017085046156953297e-02,-1.017085046156953297e-02,2.811181706366587818e-01
1.251000000000000085e+02,-2.607133157589351935e+00,1.081560602093838064e+01,-4.209945644070473697e-02,-4.209945644070473697e-02,2.459231366680657282e-01
1.251500000000000057e+02,-2.449763189915829642e+00,1.061494661840257159e+01,-5.292512995174673135e-02,-5.292512995174673135e-02,2.793931522246240196e-01
1.252000000000000028e+02,-2.289620406512918649e+00,1.041145112106809023e+01,-5.665298171660566179e-02,-5.665298171660566179e-02,2.256981137561106521e-01
1.252500000000000000e+02,-2.126933058441271118e+00,1.020465740418578804e+01,-2.165521188118383483e-02,-2.165521188118383483e-02,2.847348701681235994e-01
1.253000000000000114e+02,-1.963994538167807224e+00,9.993494396782855560e+00,1.362432687042069469e-02,1.362432687042069469e-02,2.047074979122660288e-01
1.253500000000000085e+02,-1.800562525045572349e+00,9.777672042252731899e+00,-6.136714610723092295e-02,-6.136714610723092295e-02,3.096770116161799979e-01
1.254000000000000057e+02,-1.636797482695757866e+00,9.569390377822427851e+00,-3.751630348502807931e-03,-3.751630348502807931e-03,1.912311119249719138e-01
1.254500000000000028e+02,-1.477915693449497025e+00,9.361273725723247452e+00,-8.763240955837539592e-03,-8.763240955837539592e-03,2.935709561255713806e-01
1.255000000000000000e+02,-1.318617256419308159e+00,9.152919272798824224e+00,8.819223988865945024e-03,8.819223988865945024e-03,1.864524603854049445e-01
1.255500000000000114e+02,-1.157835678567652682e+00,8.940748346787151135e+00,-5.735972097954922938e-02,-5.735972097954922938e-02,2.637120752784112288e-01
1.256000000000000085e+02,-9.929144953441256805e-01,8.729843445662325507e+00,-7.759647668415407817e-02,-7.759647668415407817e-02,1.881449655759483142e-01
1.256500000000000057e+02,-8.263417571059505917e-01,8.518652758785185242e+00,-7.063349764822443588e-02,-7.063349764822443588e-02,2.234984242423938006e-01
1.257000000000000028e+02,-6.577842437301827383e-01,8.303757204939591574e+00,-8.458221565216035576e-02,-8.458221565216035576e-02,1.981991339596128610e-01
1.257500000000000000e+02,-4.870544666004539835e-01,8.087200106599148342e+00,-1.135308482897909449e-01,-1.135308482897909449e-01,1.775606529419143376e-01
1.258000000000000114e+02,-3.156694598456766254e-01,7.872505621150237332e+00,-1.556575413576742895e-01,-1.556575413576742895e-01,2.240785226621887782e-01
1.258500000000000085e+02,-1.426993056467096566e-01,7.660057787202986468e+00,-1.387808814356089604e-01,-1.387808814356089604e-01,1.330300274931008053e-01
1.259000000000000057e+02,3.105012669908224776e-02,7.443968730261052436e+00,-1.792143992239908779e-01,-1.792143992239908779e-01,2.586741874706632305e-01
1.259500000000000028e+02,2.072409124495008526e-01,7.228650763712222371e+00,-1.512794947956524472e-01,-1.512794947956524472e-01,1.015282431806892316e-01
1.260000000000000000e+02,3.837239767704211379e-01,7.009559507036293269e+00,-1.608728624751631087e-01,-1.608728624751631087e-01,2.179568372120857522e-01
1.260500000000000114e+02,5.596196066633292165e-01,6.791694199972977408e+00,-1.742454238217807649e-01,-1.742454238217807649e-01,1.115129965141870433e-01
1.261000000000000085e+02,7.361579686025719882e-01,6.574210818772854736e+00,-1.815583671578053782e-01,-1.815583671578053782e-01,1.491429032333073668e-01
1.261500000000000057e+02,9.151252233302896721e-01,6.353838629608940636e+00,-8.574838640330262329e-02,-8.574838640330262329e-02,1.576882082663443319e-01
1.262000000000000028e+02,1.090050684276563819e+00,6.128296665886175276e+00,-1.034258928784880099e-01,-1.034258928784880099e-01,7.554472163555647768e-02
1.262500000000000000e+02,1.265101637630399178e+00,5.904131786863318077e+00,-1.072062979058140686e-01,-1.072062979058140686e-01,2.267433926520988074e-01
1.263000000000000114e+02,1.440137291672076714e+00,5.680302741052379645e+00,-4.658767384526850408e-02,-4.658767384526850408e-02,3.242922933869964164e-02
1.263500000000000085e+02,1.609221537814226943e+00,5.457697491118108424e+00,-7.428431926238372729e-02,-7.428431926238372729e-02,2.047255216449412052e-01
1.264000000000000057e+02,1.777029180827271349e+00,5.239661897266189250e+00,-8.935624548732490737e-04,-8.935624548732490737e-04,7.507483509901907714e-02
1.264500000000000028e+02,1.941109585967619511e+00,5.018617998800600333e+00,3.866939368623379530e-02,3.866939368623379530e-02,1.491823151381911905e-01
1.265000000000000000e+02,2.105770328307600359e+00,4.792606483800806672e+00,3.339581479354649524e-02,3.339581479354649524e-02,1.337934666821257168e-01
1.265500000000000114e+02,2.268021582644982992e+00,4.570340480329503130e+00,3.336976131736273110e-02,3.336976131736273110e-02,9.134502889237781920e-02
1.266000000000000085e+02,2.431191361536859663e+00,4.346999406226626839e+00,-3.381265671590470701e-02,-3.381265671590470701e-02,1.903207080786017136e-01
1.266500000000000057e+02,2.598867522411910436e+00,4.124767376056352575e+00,-2.681229593017254650e-02,-2.681229593017254650e-02,3.655041500135479404e-02
1.267000000000000028e+02,2.766992064288924968e+00,3.901113715781142410e+00,-2.651386723996446496e-02,-2.651386723996446496e-02,2.443986938176078427e-01
1.267500000000000000e+02,2.938293193588065400e+00,3.673052242685151292e+00,-9.105630501226347207e-02,-9.105630501226347207e-02,4.585677585203847689e-02
1.268000000000000114e+02,3.112624859033223945e+00,3.447597803929265847e+00,-1.416165633214490072e-01,-1.416165633214490072e-01,1.689281448268845354e-01
1.268500000000000085e+02,3.286709756088573187e+00,3.227546358361352397e+00,-1.547451084936184162e-01,-1.547451084936184162e-01,1.120669347015319645e-01
1.269000000000000057e+02,3.461132763959959835e+00,3.008387153367900080e+00,-1.096723013599547047e-01,-1.096723013599547047e-01,1.033568738431647066e-01
1.269500000000000028e+02,3.632860196868965996e+00,2.787934301441303386e+00,-1.436829215411390415e-01,-1.436829215411390415e-01,1.766690263733241284e-01
1.270000000000000000e+02,3.805793581761942157e+00,2.569041095018675502e+00,-1.555429081660230639e-01,-1.555429081660230639e-01,4.571966832567232047e-02
1.270500000000000114e+02,3.979125698104479802e+00,2.350867293463960284e+00,-1.937255120990347967e-01,-1.937255120990347967e-01,2.404694430458385879e-01
1.271000000000000085e+02,4.155360768492953660e+00,2.131993834002379185e+00,-1.631392003543476743e-01,-1.631392003543476743e-01,4.938516708780809478e-02
1.271500000000000057e+02,4.332034009094125615e+00,1.908959713049940943e+00,-1.783447922954445597e-01,-1.783447922954445597e-01,1.939252156088772383e-01
1.272000000000000028e+02,4.510373109640229750e+00,1.685152731092970813e+00,-2.397039617651139376e-01,-2.397039617651139376e-01,1.175302730664000567e-01
1.272500000000000000e+02,4.692361733383182631e+00,1.462921240466553030e+00,-2.055849889804678421e-01,-2.055849889804678421e-01,1.333743890951180899e-01
1.273000000000000114e+02,4.874871683764764541e+00,1.235832830082763900e+00,-1.487756682870559899e-01,-1.487756682870559899e-01,2.026607747742556198e-01
1.273500000000000085e+02,5.052663576785328736e+00,1.008409140798799619e+00,-1.047289814752948994e-01,-1.047289814752948994e-01,9.943910118257658082e-02
1.274000000000000057e+02,5.228020721288147321e+00,7.795350942577921050e-01,-6.694857772740173130e-02,-6.694857772740173130e-02,2.523571382310179634e-01
1.274500000000000028e+02,5.401744209024664123e+00,5.483760463170727073e-01,-9.800105335163231124e-02,-9.800105335163231124e-02,1.186728575527151996e-01
1.275000000000000000e+02,5.577163352158886589e+00,3.183326359166004371e-01,-1.195193194203690162e-01,-1.195193194203690162e-01,1.829238635235248267e-01
1.275500000000000114e+02,5.756155406527438068e+00,8.561771696046172053e-02,-1.705203152804778965e-01,-1.705203152804778965e-01,1.845797331320660761e-01
1.276000000000000085e+02,5.940112289039220173e+00,-1.485299278224747332e-01,-2.205803569825408872e-01,-2.205803569825408872e-01,1.324716573820109156e-01
1.276500000000000057e+02,6.123862793785551872e+00,-3.774619422448391992e-01,-2.131099556219484270e-01,-2.131099556219484270e-01,2.760481472665354263e-01
1.277000000000000028e+02,6.309742911891713213e+00,-6.105066129426135468e-01,-2.774028906942667128e-01,-2.774028906942667128e-01,1.510876289130385908e-01
1.277500000000000000e+02,6.497091941661119918e+00,-8.394665709154015554e-01,-2.961471418913284581e-01,-2.961471418913284581e-01,2.221310482025803112e-01
1.278000000000000114e+02,6.684740938066441096e+00,-1.066710841421265821e+00,-2.595481643368085511e-01,-2.595481643368085511e-01,2.232399517092292507e-01
1.278500000000000085e+02,6.868911307773652553e+00,-1.294116373336021475e+00,-1.985803581403550733e-01,-1.985803581403550733e-01,1.980030797873410242e-01
1.279000000000000057e+02,7.050854966457224648e+00,-1.525148937441974217e+00,-1.479438205845586829e-01,-1.479438205845586829e-01,3.026224196579344605e-01
1.279500000000000028e+02,7.229761873615876411e+00,-1.757403946654594540e+00,-9.519095799764311361e-02,-9.519095799764311361e-02,2.040767805618898811e-01
1.280000000000000000e+02,7.405588955698927833e+00,-1.991719438728794200e+00,-9.768736883717178687e-02,-9.768736883717178687e-02,2.681607088200833044e-01
1.280500000000000114e+02,7.578784306077303690e+00,-2.222353827880974020e+00,-1.919987310980762751e-01,-1.919987310980762751e-01,2.359056881245488457e-01
1.280999999999999943e+02,7.755107116129956957e+00,-2.446605363616165985e+00,-1.700240686826316738e-01,-1.700240686826316738e-01,2.349081554634702140e-01
1.281500000000000057e+02,7.928621626467836414e+00,-2.670002612470544268e+00,-1.494968315116420587e-01,-1.494968315116420587e-01,2.899725732241888454e-01
1.282000000000000171e+02,8.101703762565341194e+00,-2.894980646918103862e+00,-1.386563185303376911e-01,-1.386563185303376911e-01,2.279485989274429858e-01
1.282500000000000000e+02,8.271938303806068760e+00,-3.117613590091313114e+00,-2.151202903771894104e-01,-2.151202903771894104e-01,3.323700182197407704e-01
1.283000000000000114e+02,8.444027310017828469e+00,-3.334912679877688468e+00,-2.048963790248241323e-01,-2.048963790248241323e-01,2.433311757740707904e-01
1.283499999999999943e+02,8.612388583271991749e+00,-3.548600315209489153e+00,-1.503761825449018985e-01,-1.503761825449018985e-01,3.098581380483901859e-01
1.284000000000000057e+02,8.778642235141028038e+00,-3.765243767956103937e+00,-1.757110775454120699e-01,-1.757110775454120699e-01,2.683136353165267440e-01
1.284500000000000171e+02,8.946558340349787031e+00,-3.982210871704773059e+00,-1.693982397446044674e-01,-1.693982397446044674e-01,2.914081982325958387e-01
1.285000000000000000e+02,9.118066959676312422e+00,-4.204138812334753617e+00,-1.835762842341178702e-01,-1.835762842341178702e-01,3.036821608610116852e-01
1.285500000000000114e+02,9.291873890604897213e+00,-4.428734913945869600e+00,-9.664206869615316053e-02,-9.664206869615316053e-02,2.788573765708068919e-01
1.285999999999999943e+02,9.462940556666097791e+00,-4.658885725300508263e+00,-9.578369906965317204e-02,-9.578369906965317204e-02,3.520692327459480353e-01
1.286500000000000057e+02,9.634861719943657477e+00,-4.890121877635541736e+00,-1.331803607271362933e-01,-1.331803607271362933e-01,2.734199292529168601e-01
1.287000000000000171e+02,9.809368147621723821e+00,-5.120635636444751171e+00,-6.984960842524962077e-02,-6.984960842524962077e-02,3.350256154730467673e-01
1.287500000000000000e+02,9.980536433472877889e+00,-5.353915714970521655e+00,1.134965064674565462e-02,1.134965064674565462e-02,2.925571158657475079e-01
1.288000000000000114e+02,1.014803883528104222e+01,-5.590693077622047369e+00,3.095859097227727716e-02,3.095859097227727716e-02,2.888724691980643078e-01
1.288499999999999943e+02,1.031626833670406818e+01,-5.830323383434415696e+00,5.907753172462933133e-02,5.907753172462933133e-02,3.217712257786450869e-01
1.289000000000000057e+02,1.048232619168939728e+01,-6.069834750115259858e+00,7.440952716066287498e-02,7.440952716066287498e-02,2.533175290468089313e-01
1.289500000000000171e+02,1.064717975048049681e+01,-6.309034038991176097e+00,4.534085437277120961e-02,4.534085437277120961e-02,3.287372743380700402e-01
1.290000000000000000e+02,1.081348407459991101e+01,-6.546809155329237129e+00,8.905760437378061611e-02,8.905760437378061611e-02,2.452254024278930356e-01
1.290500000000000114e+02,1.097647012568734226e+01,-6.784492426759599404e+00,1.527104839349099630e-01,1.527104839349099630e-01,2.642094575462656247e-01
1.290999999999999943e+02,1.113520435476941906e+01,-7.022832215104436671e+00,1.515453564733899305e-01,1.515453564733899305e-01,2.575316764739682407e-01
1.291500000000000057e+02,1.129487833066840174e+01,-7.261945261900434545e+00,1.074866374368779465e-01,1.074866374368779465e-01,2.061731592443092065e-01
1.292000000000000171e+02,1.145555208006801706e+01,-7.497169465358251905e+00,1.192058626087051099e-01,1.192058626087051099e-01,2.917920460286499429e-01
1.292500000000000000e+02,1.161980512596242043e+01,-7.738068334000677950e+00,1.475546691178655223e-01,1.475546691178655223e-01,1.765069464700863011e-01
1.293000000000000114e+02,1.178209119909116076e+01,-7.979092096768303222e+00,1.242639000906453767e-01,1.242639000906453767e-01,2.455508004977599024e-01
1.293499999999999943e+02,1.194709789416376111e+01,-8.220922777594179109e+00,5.427582256260685134e-02,5.427582256260685134e-02,1.861347086611479518e-01
1.294000000000000057e+02,1.211659869697171565e+01,-8.460891957803752916e+00,1.076519378350506845e-01,1.076519378350506845e-01,1.721452565897171327e-01
1.294500000000000171e+02,1.228359035758808915e+01,-8.702966715261498010e+00,1.761065068684635471e-01,1.761065068684635471e-01,2.422070053529308542e-01
1.295000000000000000e+02,1.244841074399602121e+01,-8.949181567906391521e+00,1.539226684450458460e-01,1.539226684450458460e-01,1.213142076615764675e-01
1.295500000000000114e+02,1.261243706806367726e+01,-9.191395922443968303e+00,1.123083117424247268e-01,1.123083117424247268e-01,2.287194012849185221e-01
1.295999999999999943e+02,1.277755332542737676e+01,-9.430140713607631398e+00,1.536706024117484859e-01,1.536706024117484859e-01,1.339061688568447539e-01
1.296500000000000057e+02,1.294101614327455785e+01,-9.670851611269748460e+00,1.898397161892240725e-01,1.898397161892240725e-01,1.451208265089392047e-01
1.297000000000000171e+02,1.310337791772511373e+01,-9.913712691463683058e+00,1.322061077834514042e-01,1.322061077834514042e-01,1.915817724553530443e-01
1.297500000000000000e+02,1.327099510558972462e+01,-1.015704298731597532e+01,9.243793234601944964e-02,9.243793234601944964e-02,6.845983897289133202e-02
1.298000000000000114e+02,1.344130569123939090e+01,-1.039923001782434930e+01,8.760324163963442712e-02,8.760324163963442712e-02,2.295975872872271506e-01
1.298499999999999943e+02,1.361008455517676197e+01,-1.063844722870205040e+01,6.043581047361899772e-02,6.043581047361899772e-02,8.676234248079281453e-02
1.299000000000000057e+02,1.378034730595574153e+01,-1.087641468100216713e+01,6.309896142359827653e-02,6.309896142359827653e-02,1.399920144291736390e-01
1.299500000000000171e+02,1.395049689439218632e+01,-1.111342590411756248e+01,2.328095957360833915e-03,2.328095957360833915e-03,1.650017641557169901e-01
1.300000000000000000e+02,1.412205615513485668e+01,-1.134562910239626632e+01,3.844186376154395263e-02,3.844186376154395263e-02,6.281117356255166984e-02
1.300500000000000114e+02,1.429274537616185548e+01,-1.157887231005284967e+01,8.116588160878213110e-02,8.116588160878213110e-02,2.455411957314056204e-01
1.300999999999999943e+02,1.446025282906584941e+01,-1.181226962957952864e+01,2.614635825338696914e-02,2.614635825338696914e-02,4.996457133029193892e-02
1.301500000000000057e+02,1.462859823460279785e+01,-1.204072622269489656e+01,1.374581482233711849e-01,1.374581482233711849e-01,1.805458771005814533e-01
1.302000000000000171e+02,1.479390496050223724e+01,-1.227459249021437948e+01,1.672668188853798366e-01,1.672668188853798366e-01,1.132991144796212518e-01
1.302500000000000000e+02,1.495769944167663112e+01,-1.250899629973363325e+01,1.352306179723208046e-01,1.352306179723208046e-01,1.022592803445583065e-01
1.303000000000000114e+02,1.511954852268072180e+01,-1.273717413150065347e+01,2.828899789632765005e-01,2.828899789632765005e-01,1.805553677369487187e-01
1.303499999999999943e+02,1.527380894238436504e+01,-1.296819967839211252e+01,2.949682533320124866e-01,2.949682533320124866e-01,3.793398871359830032e-02
1.304000000000000057e+02,1.542680298468065558e+01,-1.319785775163604313e+01,2.972948362451495741e-01,2.972948362451495741e-01,2.380389210643649445e-01
1.304500000000000171e+02,1.558212042994142621e+01,-1.342719773436415664e+01,3.202521363805974630e-01,3.202521363805974630e-01,2.940723863274630548e-02
1.305000000000000000e+02,1.573927556028434260e+01,-1.365720252081758268e+01,3.781439315484103614e-01,3.781439315484103614e-01,1.999311039785650057e-01
1.305500000000000114e+02,1.589228929617747710e+01,-1.388697519882650511e+01,5.123026239809559401e-01,5.123026239809559401e-01,9.098367977148863472e-02
1.305999999999999943e+02,1.604281827089405610e+01,-1.412256805666263126e+01,5.608227795158059470e-01,5.608227795158059470e-01,1.523617545014066821e-01
1.306500000000000057e+02,1.619163994731900402e+01,-1.435892901383959952e+01,5.968985167041727102e-01,5.968985167041727102e-01,1.650171465425163131e-01
1.307000000000000171e+02,1.634110267475590916e+01,-1.459490326793901005e+01,5.533997109874051468e-01,5.533997109874051468e-01,1.304276894288765865e-01
1.307500000000000000e+02,1.649168318052041826e+01,-1.482630266093505966e+01,5.738620728485064326e-01,5.738620728485064326e-01,2.345636256257896402e-01
1.308000000000000114e+02,1.664388265656695154e+01,-1.505661635234375240e+01,5.029135237757250687e-01,5.029135237757250687e-01,1.387173800067362794e-01
1.308499999999999943e+02,1.680087107968039817e+01,-1.528344329111675926e+01,5.531445924258995284e-01,5.531445924258995284e-01,2.799989770863624550e-01
1.309000000000000057e+02,1.695659152808420700e+01,-1.550883333599139036e+01,5.799762266393810872e-01,5.799762266393810872e-01,1.587093714194631189e-01
1.309500000000000171e+02,1.711122035917263773e+01,-1.573370583216009422e+01,5.762840283719108392e-01,5.762840283719108392e-01,2.492283830534499367e-01
1.310000000000000000e+02,1.727097349104359481e+01,-1.595782191626680202e+01,6.744992063075367916e-01,6.744992063075367916e-01,1.904569721208023703e-01
1.310500000000000114e+02,1.743086614505494580e+01,-1.618501822178946981e+01,6.760648986161534868e-01,6.760648986161534868e-01,2.182755453329141559e-01
1.310999999999999943e+02,1.759294476675354701e+01,-1.641195723449143884e+01,6.773927175963053715e-01,6.773927175963053715e-01,2.339794925288616601e-01
1.311500000000000057e+02,1.775842343889717156e+01,-1.663641165974829406e+01,6.239087053188038245e-01,6.239087053188038245e-01,1.927100190015631209e-01
1.312000000000000171e+02,1.792717888151685557e+01,-1.685721332910286563e+01,6.308411805724172261e-01,6.308411805724172261e-01,2.748201046931321723e-01
1.312500000000000000e+02,1.809677855303204908e+01,-1.707386533356376646e+01,6.380409288639912191e-01,6.380409288639912191e-01,1.690187300178144780e-01
1.313000000000000114e+02,1.826321393975646146e+01,-1.728696576940934193e+01,7.776858411540702454e-01,7.776858411540702454e-01,2.844484890331089866e-01
1.313499999999999943e+02,1.842810835860978713e+01,-1.750427270158255766e+01,8.038552220036006002e-01,8.038552220036006002e-01,1.629880880854235881e-01
1.314000000000000057e+02,1.859382010871125956e+01,-1.772178340210006553e+01,8.669051157956950693e-01,8.669051157956950693e-01,2.394178938193822215e-01
1.314500000000000171e+02,1.876342525735733346e+01,-1.794075140033040583e+01,9.390469775336306446e-01,9.390469775336306446e-01,1.755354307187276530e-01
1.315000000000000000e+02,1.893136346007902659e+01,-1.815871753954637313e+01,1.008027058406633092e+00,1.008027058406633092e+00,1.905230659656873549e-01
1.315500000000000114e+02,1.910222961907206241e+01,-1.837819349031468263e+01,1.068396254133198164e+00,1.068396254133198164e+00,2.039760249338552767e-01
1.315999999999999943e+02,1.927517152535829581e+01,-1.860005819784585412e+01,1.109806621285122752e+00,1.109806621285122752e+00,1.429713826438629432e-01
1.316500000000000057e+02,1.945029433836362998e+01,-1.882113086831113336e+01,1.151409639997671874e+00,1.151409639997671874e+00,2.503933256698662180e-01
1.317000000000000171e+02,1.962074489542215971e+01,-1.904000769767040779e+01,1.231290214837316599e+00,1.231290214837316599e+00,1.126904217659208118e-01
1.317500000000000000e+02,1.979280013948021022e+01,-1.926050933458817838e+01,1.209742710391390252e+00,1.209742710391390252e+00,2.379157298853025737e-01
1.318000000000000114e+02,1.997206420941873617e+01,-1.947868699783207092e+01,1.269772993819565432e+00,1.269772993819565432e+00,1.141024393403183984e-01
1.318499999999999943e+02,2.015240341739061947e+01,-1.969736533159869651e+01,1.242397746677355475e+00,1.242397746677355475e+00,1.622620867115945331e-01
1.319000000000000057e+02,2.033578712717648074e+01,-1.991255192416279840e+01,1.237283677031739693e+00,1.237283677031739693e+00,1.498664502719815050e-01
1.319500000000000171e+02,2.052191680209876878e+01,-2.012499293837884196e+01,1.273152763862926751e+00,1.273152763862926751e+00,8.194336250227943208e-02
1.320000000000000000e+02,2.070797036517590328e+01,-2.033671161370437730e+01,1.270287969022354080e+00,1.270287969022354080e+00,2.062148409490357770e-01
1.320500000000000114e+02,2.089928223987967471e+01,-2.054676614771106813e+01,1.288804731811847848e+00,1.288804731811847848e+00,2.033275457667211086e-02
1.320999999999999943e+02,2.109472473658566116e+01,-2.075616902270238029e+01,1.313008323888100293e+00,1.313008323888100293e+00,2.231069647820282942e-01
1.321500000000000057e+02,2.129616433052015267e+01,-2.096583628053511461e+01,1.389975235744860260e+00,1.389975235744860260e+00,1.142114385373835667e-01
1.322000000000000171e+02,2.149801059833209393e+01,-2.117745530274779142e+01,1.406309766146301987e+00,1.406309766146301987e+00,1.833542643464987076e-01
1.322500000000000000e+02,2.170325540402856745e+01,-2.138778875982458771e+01,1.423524360997054705e+00,1.423524360997054705e+00,2.285644075169246392e-01
1.323000000000000114e+02,2.191337867063986167e+01,-2.159766128117571427e+01,1.437911472479000752e+00,1.437911472479000752e+00,2.142232359686649656e-01
1.323499999999999943e+02,2.212198327199267922e+01,-2.180562393967988655e+01,1.489016345254708495e+00,1.489016345254708495e+00,3.544016783396040648e-01
1.324000000000000057e+02,2.233094925563730015e+01,-2.201345879545920425e+01,1.454090166261873485e+00,1.454090166261873485e+00,3.013440780770651473e-01
1.324500000000000171e+02,2.254551311292442506e+01,-2.221813898543436494e+01,1.452636741524622632e+00,1.452636741524622632e+00,3.820111796170015395e-01
1.325000000000000000e+02,2.276163767458890419e+01,-2.242091769556916958e+01,1.536850702323662388e+00,1.536850702323662388e+00,4.079588477703299243e-01
1.325500000000000114e+02,2.297739461240799130e+01,-2.262526547076529226e+01,1.466943241300269873e+00,1.466943241300269873e+00,4.252043741470951654e-01
1.325999999999999943e+02,2.319747252608097199e+01,-2.282438825301013097e+01,1.499517118096140189e+00,1.499517118096140189e+00,5.058458924413253843e-01
1.326500000000000057e+02,2.342144732558719866e+01,-2.302409985248858959e+01,1.514009989715133564e+00,1.514009989715133564e+00,4.802536872871192020e-01
1.327000000000000171e+02,2.364791309454334467e+01,-2.322177982208398461e+01,1.560305081578746256e+00,1.560305081578746256e+00,5.303831168458144063e-01
1.327500000000000000e+02,2.387704444746087162e+01,-2.342064332871818166e+01,1.547296320112824253e+00,1.547296320112824253e+00,5.386852160745236873e-01
1.328000000000000114e+02,2.411024241537528212e+01,-2.361757797148965565e+01,1.617716172345667669e+00,1.600000000000000089e+00,5.357492876866452036e-01
1.328499999999999943e+02,2.434328119090821119e+01,-2.381689996956702160e+01,1.668860664256403226e+00,1.600000000000000089e+00,5.877566740531159351e-01
1.329000000000000057e+02,2.457594096643598292e+01,-2.401565787583931666e+01,1.603109591257620314e+00,1.600000000000000089e+00,5.385216253547920884e-01
1.329500000000000171e+02,2.481208503973443769e+01,-2.420963466828101573e+01,1.581964966554850971e+00,1.581964966554850971e+00,5.401195683099033751e-01
1.330000000000000000e+02,2.504695583637305489e+01,-2.439906518976743399e+01,1.584378338992785684e+00,1.584378338992785684e+00,5.516399682631092372e-01
1.330500000000000114e+02,2.528681517705008730e+01,-2.458769182032972012e+01,1.501241654906758427e+00,1.501241654906758427e+00,5.022558917616209984e-01
1.330999999999999943e+02,2.552747170305843127e+01,-2.476849059176407408e+01,1.439871402505088938e+00,1.439871402505088938e+00,5.240430071293871173e-01
1.331500000000000057e+02,2.577029089980135623e+01,-2.494483706868852124e+01,1.455650464135799460e+00,1.455650464135799460e+00,4.817958399010248693e-01
1.332000000000000171e+02,2.601491115100503393e+01,-2.511910186684875512e+01,1.471030201605943555e+00,1.471030201605943555e+00,4.542025287356789565e-01
1.332500000000000000e+02,2.625828444130122818e+01,-2.529107099927959368e+01,1.480598124684183281e+00,1.480598124684183281e+00,4.696655634824252190e-01
1.333000000000000114e+02,2.650119721479401136e+01,-2.546266457836613029e+01,1.466748025581588344e+00,1.466748025581588344e+00,3.813979681936250921e-01
1.333499999999999943e+02,2.674805235318562779e+01,-2.563274721595577432e+01,1.436942513183854020e+00,1.436942513183854020e+00,3.910800261899814445e-01
1.334000000000000057e+02,2.700321763252599183e+01,-2.580051095098788139e+01,1.378786926539981472e+00,1.378786926539981472e+00,3.209314196010646381e-01
1.334500000000000171e+02,2.726300281725437458e+01,-2.596425500676417286e+01,1.484491860983594869e+00,1.484491860983594869e+00,2.692373804206516508e-01
1.335000000000000000e+02,2.752128960559934967e+01,-2.613092992830824812e+01,1.450696041061518615e+00,1.450696041061518615e+00,2.996708858816355403e-01
1.335500000000000114e+02,2.777750033374902827e+01,-2.629501065114329350e+01,1.436684431883487489e+00,1.436684431883487489e+00,1.420467834731110601e-01
1.335999999999999943e+02,2.803893798459658981e+01,-2.645765492479052128e+01,1.427042779421235252e+00,1.427042779421235252e+00,2.085851512763878535e-01
1.336500000000000057e+02,2.830308180779535121e+01,-2.661666395274431807e+01,1.364796951607090802e+00,1.364796951607090802e+00,1.079933290731369955e-01
1.337000000000000171e+02,2.857648622826181395e+01,-2.677392702952280601e+01,1.363501307459180412e+00,1.363501307459180412e+00,1.148498577586721248e-01
1.337500000000000000e+02,2.885061119608962699e+01,-2.692812972890900269e+01,1.423369010492398612e+00,1.423369010492398612e+00,2.466444770567750022e-01
1.338000000000000114e+02,2.912713965040174102e+01,-2.708523526402073145e+01,1.403116659405210020e+00,1.403116659405210020e+00,2.186409879920337140e-01
1.338499999999999943e+02,2.940562287828506172e+01,-2.724063943749945693e+01,1.445057345934911197e+00,1.445057345934911197e+00,3.596997654316652082e-01
1.339000000000000057e+02,2.968566591949300815e+01,-2.739531656880867416e+01,1.345922323358661910e+00,1.345922323358661910e+00,4.061383804608947323e-01
1.339500000000000171e+02,2.996977346175153656e+01,-2.754378813966071249e+01,1.256101629034761968e+00,1.256101629034761968e+00,4.714491946714039483e-01
1.340000000000000000e+02,3.025718497837102916e+01,-2.768657998218502669e+01,1.287453514010470590e+00,1.287453514010470590e+00,5.915500484414363269e-01
1.340500000000000114e+02,3.054399612135357245e+01,-2.782837454783677700e+01,1.203776615330480748e+00,1.203776615330480748e+00,6.118467917849971238e-01
1.340999999999999943e+02,3.083089594494279240e+01,-2.796499502110603430e+01,1.154602792192921390e+00,1.154602792192921390e+00,6.848041223893757135e-01
1.341500000000000057e+02,3.112195815103579832e+01,-2.809596036134656316e+01,1.090854374254942805e+00,1.090854374254942805e+00,7.580606223354854345e-01
1.342000000000000171e+02,3.141502866360283264e+01,-2.822299224726786804e+01,1.071901256138235947e+00,1.071901256138235947e+00,7.879300658429626569e-01
1.342500000000000000e+02,3.171176652880547309e+01,-2.834875848296618273e+01,1.005292003800254408e+00,1.005292003800254408e+00,8.563194416140430532e-01
1.343000000000000114e+02,3.200893723374912980e+01,-2.847040978464530880e+01,9.299081558993166352e-01,9.299081558993166352e-01,9.021320930547188643e-01
1.343499999999999943e+02,3.231158323340270755e+01,-2.858741607191455003e+01,9.403681175423308503e-01,9.403681175423308503e-01,9.319411730824650464e-01
1.344000000000000057e+02,3.261533871086773928e+01,-2.870286197363198610e+01,1.013427209328960465e+00,1.013427209328960465e+00,9.914999537208722957e-01
1.344500000000000171e+02,3.292059984906617132e+01,-2.882273660785195091e+01,9.448722899130641562e-01,9.448722899130641562e-01,1.026207162248826243e+00
1.345000000000000000e+02,3.322883726847157249e+01,-2.893845833225567787e+01,9.206492259566646519e-01,9.206492259566646519e-01,1.058363927913064106e+00
1.345500000000000114e+02,3.353581985543407029e+01,-2.905048865817342829e+01,9.188657940546665071e-01,9.188657940546665071e-01,1.113773096648320138e+00
1.345999999999999943e+02,3.384394498909425408e+01,-2.916251449792192574e+01,8.643576934712003945e-01,8.643576934712003945e-01,1.137640641318578005e+00
1.346500000000000057e+02,3.415663485589000459e+01,-2.927135608967518010e+01,7.598045365745873525e-01,7.598045365745873525e-01,1.164571205490207539e+00
1.347000000000000171e+02,3.446740770912957430e+01,-2.937178236714372304e+01,7.436939253378104242e-01,7.436939253378104242e-01,1.207551674574018685e+00
1.347500000000000000e+02,3.477887534373027734e+01,-2.947147630279842900e+01,6.608665467071207500e-01,6.608665467071207500e-01,1.217413147162749398e+00
1.348000000000000114e+02,3.509308856953065714e+01,-2.956635374386765136e+01,7.414891153632143794e-01,7.414891153632143794e-01,1.231989999364027533e+00
1.348499999999999943e+02,3.540882239355962469e+01,-2.966660907350702203e+01,7.353563525131361356e-01,7.353563525131361356e-01,1.273193743508645115e+00
1.349000000000000057e+02,3.572505213949794722e+01,-2.976470369930960658e+01,6.663922455471307238e-01,6.663922455471307238e-01,1.280121052793442793e+00
1.349500000000000171e+02,3.604160859877658396e+01,-2.985883252582073411e+01,6.351019877268508917e-01,6.351019877268508917e-01,1.293663669927092474e+00
1.350000000000000000e+02,3.635940064765512858e+01,-2.995137177270199302e+01,5.985193841159620609e-01,5.985193841159620609e-01,1.326009894940369804e+00
1.350500000000000114e+02,3.667384526852113424e+01,-3.003994583834138155e+01,5.525184808309837603e-01,5.525184808309837603e-01,1.324688653957337259e+00
1.350999999999999943e+02,3.698815868781129979e+01,-3.012600901035066059e+01,5.026367303844652135e-01,5.026367303844652135e-01,1.331568073171044642e+00
1.351500000000000057e+02,3.730605021713884639e+01,-3.020781488898971290e+01,5.017273103702247772e-01,5.017273103702247772e-01,1.354351034950883603e+00
1.352000000000000171e+02,3.762488036572963068e+01,-3.029010294971847372e+01,5.213952339727878638e-01,5.213952339727878638e-01,1.344165990899111041e+00
1.352500000000000000e+02,3.794185677036776383e+01,-3.037398839880686552e+01,4.382123948186781304e-01,4.382123948186781304e-01,1.349058390682005948e+00
1.353000000000000114e+02,3.825775661314948906e+01,-3.045132848408780646e+01,4.041016676092721860e-01,4.041016676092721860e-01,1.368833194777800966e+00
1.353499999999999943e+02,3.857378128284933894e+01,-3.052704530234806057e+01,3.690054433256866884e-01,3.690054433256866884e-01,1.351020189471720201e+00
1.354000000000000057e+02,3.889033852140795489e+01,-3.059960411848868489e+01,3.392150420487279883e-01,3.392150420487279883e-01,1.346641872470153878e+00
1.354500000000000171e+02,3.921037363222554006e+01,-3.067118288341997356e+01,1.731599817922077067e-01,1.731599817922077067e-01,1.361323136821666502e+00
1.355000000000000000e+02,3.953280767353891889e+01,-3.073306944043838840e+01,1.856857896337896774e-01,1.856857896337896774e-01,1.325763572140914448e+00
1.355500000000000114e+02,3.984877352628926417e+01,-3.079451932134817937e+01,1.557413486632793498e-01,1.557413486632793498e-01,1.312115924799524436e+00
1.355999999999999943e+02,4.016478313767972708e+01,-3.085472964696970877e+01,1.715641036240045936e-01,1.715641036240045936e-01,1.313428104279345199e+00
1.356500000000000057e+02,4.048152303109998229e+01,-3.091563409743624291e+01,1.240131487432392238e-01,1.240131487432392238e-01,1.279414624298230718e+00
1.357000000000000171e+02,4.080678479548604543e+01,-3.097635254253368231e+01,1.073149520525863987e-01,1.073149520525863987e-01,1.265470634084861823e+00
1.357500000000000000e+02,4.113271979232980868e+01,-3.103674758495796127e+01,7.276472988278206988e-02,7.276472988278206988e-02,1.262998529254907076e+00
1.358000000000000114e+02,4.146012032556707538e+01,-3.109489562987090494e+01,-1.046406977662926382e-02,-1.046406977662926382e-02,1.224311975074174441e+00
1.358499999999999943e+02,4.178835920799368608e+01,-3.114854668054592324e+01,-7.125933129092211493e-02,-7.125933129092211493e-02,1.202371290266244008e+00
1.359000000000000057e+02,4.211621204317300737e+01,-3.119891142133340267e+01,-1.121832065182057497e-01,-1.121832065182057497e-01,1.191959369875307928e+00
1.359500000000000171e+02,4.244012493777285044e+01,-3.124609983540100089e+01,-1.567768267403073512e-01,-1.567768267403073512e-01,1.141400701565834286e+00
1.360000000000000000e+02,4.276544955514014390e+01,-3.129141742927450665e+01,-1.539372284561389970e-01,-1.539372284561389970e-01,1.112968516966865273e+00
1.360500000000000114e+02,4.309108671653489608e+01,-3.133738245832299896e+01,-1.187712143122377495e-01,-1.187712143122377495e-01,1.097802972267202692e+00
1.360999999999999943e+02,4.341042408515352946e+01,-3.138471089216326249e+01,-9.786311315026835489e-02,-9.786311315026835489e-02,1.047941857142942634e+00
1.361500000000000057e+02,4.372906131340867120e+01,-3.143398157385857061e+01,-9.770630570867609721e-02,-9.770630570867609721e-02,1.028182049553293176e+00
1.362000000000000171e+02,4.404876558640420114e+01,-3.148416156259999710e+01,-8.877774117946433952e-02,-8.877774117946433952e-02,1.012644574665094499e+00
1.362500000000000000e+02,4.436984266899291640e+01,-3.153586087220362089e+01,-1.000912525875903153e-01,-1.000912525875903153e-01,9.690962062642197727e-01
1.363000000000000114e+02,4.469206431751438657e+01,-3.158729283395804899e+01,-6.266374484966009961e-02,-6.266374484966009961e-02,9.544541600115217239e-01
1.363499999999999943e+02,4.501377011274486506e+01,-3.164168562025175646e+01,-6.738253440761560187e-02,-6.738253440761560187e-02,9.379278692703749698e-01
1.364000000000000057e+02,4.533883606639222563e+01,-3.169703563581690986e+01,-1.157673213064297074e-01,-1.157673213064297074e-01,8.982495768281903992e-01
1.364500000000000171e+02,4.566051600947459121e+01,-3.174880098805636663e+01,-8.103747838812480619e-02,-8.103747838812480619e-02,8.868908382936386836e-01
1.365000000000000000e+02,4.597985699123962888e+01,-3.180295307712952635e+01,-3.261092858043480175e-02,-3.261092858043480175e-02,8.669034579229882853e-01
1.365500000000000114e+02,4.629955107944459058e+01,-3.186091455575201437e+01,4.529854983853403433e-02,4.529854983853403433e-02,8.320601123448639891e-01
1.365999999999999943e+02,4.661740829110772211e+01,-3.192361033389858349e+01,5.985819611422177333e-02,5.985819611422177333e-02,8.368816196875710212e-01
1.366500000000000057e+02,4.693018213040921438e+01,-3.198620982057311579e+01,7.456785150936874552e-05,7.456785150936874552e-05,8.186458548116959388e-01
1.367000000000000171e+02,4.724241069572394025e+01,-3.204531484908336125e+01,-3.505453286857462825e-02,-3.505453286857462825e-02,7.908045459729744486e-01
1.367500000000000000e+02,4.755944469428759191e+01,-3.210355095832114358e+01,4.869618288897749076e-04,4.869618288897749076e-04,7.994427941527235681e-01
1.368000000000000114e+02,4.787754179867196314e+01,-3.216480848373097245e+01,-2.480627149066538199e-03,-2.480627149066538199e-03,7.662468166470527420e-01
1.368499999999999943e+02,4.819439627621872546e+01,-3.222563569272656281e+01,-4.536462284153647273e-02,-4.536462284153647273e-02,7.440957956708573739e-01
1.369000000000000057e+02,4.851383291031841338e+01,-3.228467202128467051e+01,-4.564704609900289978e-02,-4.564704609900289978e-02,7.588564045824205406e-01
1.369500000000000171e+02,4.883276998641127875e+01,-3.234406262690612976e+01,1.580378579443911247e-02,1.580378579443911247e-02,7.141545176717687404e-01
1.370000000000000000e+02,4.914948563555219607e+01,-3.240706016224562092e+01,1.634202786656664338e-02,1.634202786656664338e-02,6.982458920597538476e-01
1.370500000000000114e+02,4.946377334051567232e+01,-3.247004478357550283e+01,2.117238089873019549e-02,2.117238089873019549e-02,7.249175201951616465e-01
1.370999999999999943e+02,4.977865302189510288e+01,-3.253341021353755735e+01,-6.514675088994081875e-02,-6.514675088994081875e-02,6.734280787433059023e-01
1.371500000000000057e+02,5.009430078751855575e+01,-3.259176299223874196e+01,-6.353630860661377278e-02,-6.353630860661377278e-02,6.600958572384845180e-01
1.372000000000000171e+02,5.041050896711402629e+01,-3.265078413892833709e+01,1.651369713678009499e-02,1.651369713678009499e-02,6.721812154048706356e-01
1.372500000000000000e+02,5.072640029789667437e+01,-3.271501764783999988e+01,-6.582053635570891091e-03,-6.582053635570891091e-03,6.254500223317468466e-01
1.373000000000000114e+02,5.104375337625693732e+01,-3.277844234762879694e+01,1.897166811216904544e-02,1.897166811216904544e-02,6.235037972080066382e-01
1.373499999999999943e+02,5.136172550952000648e+01,-3.284403016013065724e+01,7.369884932887497964e-02,7.369884932887497964e-02,6.324340367768428450e-01
1.374000000000000057e+02,5.167752430797609264e+01,-3.291312773688134286e+01,-4.525261275555065438e-02,-4.525261275555065438e-02,5.938019951679944786e-01
1.374500000000000171e+02,5.199343298645409561e+01,-3.297438866008535285e+01,-1.407856504973128420e-01,-1.407856504973128420e-01,5.965095617974655040e-01
1.375000000000000000e+02,5.231051625021149221e+01,-3.303003453024191316e+01,-1.461301075271616290e-01,-1.461301075271616290e-01,5.853807924426754905e-01
1.375500000000000114e+02,5.262543397046910343e+01,-3.308519170996952141e+01,-2.122037536694593163e-01,-2.122037536694593163e-01,5.380007164413903586e-01
1.375999999999999943e+02,5.294304609565774911e+01,-3.313711105751050923e+01,-1.816515166935879777e-01,-1.816515166935879777e-01,5.424588922113380285e-01
1.376500000000000057e+02,5.325591569569597539e+01,-3.319037144254134120e+01,-2.633457137235290513e-01,-2.633457137235290513e-01,5.126987092367550902e-01
1.377000000000000171e+02,5.357135246828209318e+01,-3.323936276115333754e+01,-2.272082713135208376e-01,-2.272082713135208376e-01,4.671489391345025055e-01
1.377500000000000000e+02,5.388488882122369716e+01,-3.329069565009439202e+01,-2.108361150499925285e-01,-2.108361150499925285e-01,4.902752647633571992e-01
1.378000000000000114e+02,5.419455240646676231e+01,-3.334268791538755750e+01,-2.766599290138805345e-01,-2.766599290138805345e-01,4.322910763358869257e-01
1.378499999999999943e+02,5.450219941729096007e+01,-3.339042527791215775e+01,-3.007693980667779377e-01,-3.007693980667779377e-01,4.030113218613710635e-01
1.379000000000000057e+02,5.481355172828284594e+01,-3.343801509715706288e+01,-3.461113649442398854e-01,-3.461113649442398854e-01,4.341266390397785502e-01
1.379500000000000171e+02,5.512838270299315724e+01,-3.348402830584385725e+01,-3.742171277562696963e-01,-3.742171277562696963e-01,3.425906759521775702e-01
1.380000000000000000e+02,5.544321574208027670e+01,-3.352860175588972425e+01,-3.809334229940712913e-01,-3.809334229940712913e-01,3.324683383905450706e-01
1.380500000000000114e+02,5.575985446903331422e+01,-3.357368497548570474e+01,-3.688781182887250210e-01,-3.688781182887250210e-01,3.380145718599689153e-01
1.380999999999999943e+02,5.607463769583913660e+01,-3.361999105909361418e+01,-4.199135449915213369e-01,-4.199135449915213369e-01,2.490899336752764315e-01
1.381500000000000057e+02,5.638980363625557857e+01,-3.366339968437565489e+01,-4.096790753650313421e-01,-4.096790753650313421e-01,2.714098126170407799e-01
1.382000000000000171e+02,5.670309760054917803e+01,-3.370798508258835824e+01,-3.971399212393977307e-01,-3.971399212393977307e-01,2.406694090127437236e-01
1.382500000000000000e+02,5.701936125402504985e+01,-3.375469132848261467e+01,-3.594480418925773413e-01,-3.594480418925773413e-01,1.598255621559681872e-01
1.383000000000000114e+02,5.733788447531826904e+01,-3.380493205884818053e+01,-3.371125912381877088e-01,-3.371125912381877088e-01,2.379526874069003706e-01
1.383499999999999943e+02,5.765521204764363716e+01,-3.385660080586207954e+01,-3.493560477013157861e-01,-3.493560477013157861e-01,1.632826060479528885e-01
1.384000000000000057e+02,5.797609144600564690e+01,-3.390881452578147304e+01,-2.840356521854185412e-01,-2.840356521854185412e-01,9.612667798794603813e-02
1.384500000000000171e+02,5.829333988126476385e+01,-3.396513673675217149e+01,-3.203375701425190680e-01,-3.203375701425190680e-01,2.301678322265390819e-01
1.385000000000000000e+02,5.861553269778489295e+01,-3.402075849471435731e+01,-3.391123569419081107e-01,-3.391123569419081107e-01,1.131575612941438519e-01
1.385500000000000114e+02,5.893619697304981742e+01,-3.407489401545265650e+01,-3.463797363517538974e-01,-3.463797363517538974e-01,6.818928944865179642e-02
1.385999999999999943e+02,5.925474553902611063e+01,-3.412878125641143612e+01,-3.440647359464662491e-01,-3.440647359464662491e-01,2.378772794325458850e-01
1.386500000000000057e+02,5.957131212782225305e+01,-3.418310667351213539e+01,-3.342511072462359678e-01,-3.342511072462359678e-01,8.612928353378604407e-02
1.387000000000000171e+02,5.988444351112877229e+01,-3.423719641802389901e+01,-3.296622231696523797e-01,-3.296622231696523797e-01,1.053191102444547000e-01
1.387500000000000000e+02,6.020010360514822167e+01,-3.429256356829760222e+01,-2.962830108932114070e-01,-2.962830108932114070e-01,2.340709443009553192e-01
1.388000000000000114e+02,6.051704024711867191e+01,-3.435073693026799901e+01,-3.000045860713332901e-01,-3.000045860713332901e-01,9.799983991188596089e-02
1.388499999999999943e+02,6.083299255754298684e+01,-3.440913815374648976e+01,-3.023521508921273582e-01,-3.023521508921273582e-01,1.583939115845734436e-01
1.389000000000000057e+02,6.115086448035656730e+01,-3.446810450212343113e+01,-2.487046050766238692e-01,-2.487046050766238692e-01,2.326078183657517007e-01
1.389500000000000171e+02,6.146710186786012997e+01,-3.453085250751544066e+01,-1.896438561708348736e-01,-1.896438561708348736e-01,1.340149789988145379e-01
1.390000000000000000e+02,6.178267921158081322e+01,-3.459735854168690139e+01,-1.171651960994270630e-01,-1.171651960994270630e-01,2.016002185825127857e-01
1.390500000000000114e+02,6.210010924336781812e+01,-3.466919971577660675e+01,-1.010001711375653893e-01,-1.010001711375653893e-01,2.318600785005583420e-01
1.390999999999999943e+02,6.241787157201903824e+01,-3.474218701481265725e+01,-9.312424563917344467e-02,-9.312424563917344467e-02,1.492079491618693576e-01
1.391500000000000057e+02,6.273459912623737722e+01,-3.481566887482094330e+01,-1.055453616046967275e-01,-1.055453616046967275e-01,2.187105084228603835e-01
1.392000000000000171e+02,6.305277299084367115e+01,-3.488869421085104250e+01,-1.316640471454427752e-01,-1.316640471454427752e-01,2.293329746187536544e-01
1.392500000000000000e+02,6.336714507818005160e+01,-3.495926053769507291e+01,-1.045156102840482104e-01,-1.045156102840482104e-01,1.604689816509826950e-01
1.393000000000000114e+02,6.367859892736267824e+01,-3.503079011862492109e+01,-1.002533760909350841e-01,-1.002533760909350841e-01,2.428468369734590460e-01
1.393499999999999943e+02,6.399142352920492982e+01,-3.510294186262089511e+01,-5.945490766685949252e-02,-5.945490766685949252e-02,2.192983818655718786e-01
1.394000000000000057e+02,6.430165435657330875e+01,-3.517732783785410788e+01,-1.124820627266749085e-01,-1.124820627266749085e-01,1.710860155067617794e-01
1.394500000000000171e+02,6.461047859964847362e+01,-3.524806265817385764e+01,-1.347537642713203254e-01,-1.347537642713203254e-01,2.725456617216281963e-01
1.395000000000000000e+02,6.491564331515819219e+01,-3.531625760327272445e+01,-9.929863065669478073e-02,-9.929863065669478073e-02,2.033900360276663100e-01
1.395500000000000114e+02,6.521719768572019404e+01,-3.538612390839365673e+01,-6.852047844324617165e-02,-6.852047844324617165e-02,1.984386034189337122e-01
1.395999999999999943e+02,6.552001041062904108e+01,-3.545831417631363536e+01,-5.473098718898325443e-02,-5.473098718898325443e-02,2.897560547990106761e-01
1.396500000000000057e+02,6.582252563497539199e+01,-3.553149841043466495e+01,-1.063134672468561970e-01,-1.063134672468561970e-01,1.853306452927992454e-01
1.397000000000000171e+02,6.612246731692346202e+01,-3.560048889099265068e+01,-1.676988229322947943e-01,-1.676988229322947943e-01,2.332035881306095959e-01
1.397500000000000000e+02,6.642193982076949510e+01,-3.566560796609853412e+01,-1.888867812762121678e-01,-1.888867812762121678e-01,2.504035747986852467e-01
1.398000000000000114e+02,6.671577056564548514e+01,-3.572812994737736147e+01,-1.779956396355232839e-01,-1.779956396355232839e-01,2.012153487524529494e-01
1.398499999999999943e+02,6.700958456435522237e+01,-3.579132890269352174e+01,-2.214740911034156212e-01,-2.214740911034156212e-01,3.061659818984333592e-01
1.399000000000000057e+02,6.730638308241826451e+01,-3.585245721080330839e+01,-2.627210177984637962e-01,-2.627210177984637962e-01,2.294919259488548413e-01
1.399500000000000171e+02,6.760646340998587789e+01,-3.591179360752902738e+01,-2.447228487046217982e-01,-2.447228487046217982e-01,2.553041843677792411e-01
1.400000000000000000e+02,6.790581027240666856e+01,-3.597277814434801257e+01,-1.841819655497999031e-01,-1.841819655497999031e-01,3.077652060650709620e-01
1.400500000000000114e+02,6.820370924276907942e+01,-3.603733177298057910e+01,-2.198054518310209593e-01,-2.198054518310209593e-01,2.471928458062607747e-01
1.400999999999999943e+02,6.850422368643951643e+01,-3.610021291700318358e+01,-2.083832137618335523e-01,-2.083832137618335523e-01,3.165342985704311385e-01
1.401500000000000057e+02,6.880550873901873388e+01,-3.616465966482428485e+01,-1.739985195406412999e-01,-1.739985195406412999e-01,2.916216032281775394e-01
1.402000000000000171e+02,6.910458432940826867e+01,-3.623066670114346266e+01,-1.916157141423611154e-01,-1.916157141423611154e-01,2.785324322021396903e-01
1.402500000000000000e+02,6.940298246236804403e+01,-3.629577168941974463e+01,-1.274527262985940546e-01,-1.274527262985940546e-01,3.663283301573561079e-01
1.403000000000000114e+02,6.970300501155531947e+01,-3.636551778164275817e+01,-1.262970263152937977e-01,-1.262970263152937977e-01,2.848043110663464050e-01
1.403499999999999943e+02,7.000316314663660933e+01,-3.643526465798217373e+01,-8.011738248596375622e-02,-8.011738248596375622e-02,3.127498153551523385e-01
1.404000000000000057e+02,7.030404348340309184e+01,-3.650820303733252814e+01,-6.744064577370648128e-02,-6.744064577370648128e-02,3.323324667758390527e-01
1.404500000000000171e+02,7.060547647955009154e+01,-3.658233434700439091e+01,-8.061050076792670993e-02,-8.061050076792670993e-02,2.810250314178640574e-01
1.405000000000000000e+02,7.090817837265626622e+01,-3.665579971650593905e+01,-1.409812605475809222e-01,-1.409812605475809222e-01,3.400404015419926651e-01
1.405500000000000114e+02,7.121263292276057655e+01,-3.672559991483686304e+01,-1.703611010693913130e-01,-1.703611010693913130e-01,3.084103803476112571e-01
1.405999999999999943e+02,7.151825525391869576e+01,-3.679419335903283184e+01,-1.408886129120124064e-01,-1.408886129120124064e-01,2.955655742369285299e-01
1.406500000000000057e+02,7.182623995415633544e+01,-3.686532658929530015e+01,-1.267288148384246860e-01,-1.267288148384246860e-01,3.782927891740492932e-01
1.407000000000000171e+02,7.213274098110836974e+01,-3.693686177812821114e+01,-1.877824593670006093e-01,-1.877824593670006093e-01,3.038410687924710807e-01
1.407500000000000000e+02,7.243825154500859753e+01,-3.700444711939834974e+01,-1.317550039823121577e-01,-1.317550039823121577e-01,3.191978976863594220e-01
1.408000000000000114e+02,7.274375989425946898e+01,-3.707565371130156251e+01,-2.187235269560468542e-01,-2.187235269560468542e-01,3.665098088005164789e-01
1.408499999999999943e+02,7.304474933257360192e+01,-3.714015200180877940e+01,-2.497917085355101097e-01,-2.497917085355101097e-01,3.115155706310540062e-01
1.409000000000000057e+02,7.334560705880981857e+01,-3.720243539547335843e+01,-3.316281390627853209e-01,-3.316281390627853209e-01,3.625740051906168326e-01
1.409500000000000171e+02,7.364811494141167714e+01,-3.726052006218228030e+01,-2.254937650864191623e-01,-2.254937650864191623e-01,3.631584451748642306e-01
1.410000000000000000e+02,7.395031751336786385e+01,-3.732552356134645066e+01,-2.008894258350880091e-01,-2.008894258350880091e-01,3.463604965763815158e-01
1.410500000000000114e+02,7.424903180153896187e+01,-3.739164081947101437e+01,-2.075221063641948804e-01,-2.075221063641948804e-01,4.211140866686313711e-01
1.410999999999999943e+02,7.454607124436310528e+01,-3.745666501276273408e+01,-2.763175188031940510e-01,-2.763175188031940510e-01,3.619971035804938619e-01
1.411500000000000057e+02,7.484171956450529706e+01,-3.751725479692927223e+01,-2.724538664574680524e-01,-2.724538664574680524e-01,3.866614777888033316e-01
1.412000000000000171e+02,7.513558760780907164e+01,-3.757740713029423318e+01,-2.923935849039014934e-01,-2.923935849039014934e-01,4.150854988226378994e-01
1.412500000000000000e+02,7.542534299359398631e+01,-3.763557774247281174e+01,-2.757601339373547122e-01,-2.757601339373547122e-01,3.886355079610153140e-01
1.413000000000000114e+02,7.571080938620163181e+01,-3.769418688401557915e+01,-2.097263703922774836e-01,-2.097263703922774836e-01,4.586204816905731785e-01
1.413499999999999943e+02,7.599578104786958477e+01,-3.775694806313270391e+01,-2.127900113885785316e-01,-2.127900113885785316e-01,4.086922118628033007e-01
1.414000000000000057e+02,7.627838252837605637e+01,-3.781929917831558896e+01,-2.249311729787629721e-01,-2.249311729787629721e-01,4.332791268890165415e-01
1.414500000000000171e+02,7.655917947191153416e+01,-3.788083035814208444e+01,-2.162155203410461302e-01,-2.162155203410461302e-01,4.402251326095010797e-01
1.415000000000000000e+02,7.683870042655608756e+01,-3.794232368785035447e+01,-2.380225394734145350e-01,-2.380225394734145350e-01,4.259730463191605532e-01
1.415500000000000114e+02,7.711658872366655260e+01,-3.800241034245274818e+01,-1.706853645817357212e-01,-1.706853645817357212e-01,4.817950359153876372e-01
1.415999999999999943e+02,7.739333823160437476e+01,-3.806644997508232109e+01,-2.115614556602127272e-01,-2.115614556602127272e-01,4.308614206341838671e-01
1.416500000000000057e+02,7.767087283627914474e+01,-3.812849126686420220e+01,-1.851689524802049014e-01,-1.851689524802049014e-01,4.793122756606737478e-01
1.417000000000000171e+02,7.794663963761335879e+01,-3.819150078150168071e+01,-2.167249366512785380e-01,-2.167249366512785380e-01,4.467200851971687703e-01
1.417500000000000000e+02,7.822149714696467981e+01,-3.825261590786994503e+01,-1.622110495284355969e-01,-1.622110495284355969e-01,4.628570293721145923e-01
1.418000000000000114e+02,7.849462949630671460e+01,-3.831661059395572266e+01,-1.824589174391315627e-01,-1.824589174391315627e-01,4.704857149125705185e-01
1.418499999999999943e+02,7.876596444121489071e+01,-3.837911661871454783e+01,-2.131947828604122686e-01,-2.131947828604122686e-01,4.537233561726267128e-01
1.419000000000000057e+02,7.903690168965107432e+01,-3.843995919592878607e+01,-1.970003901761814280e-01,-1.970003901761814280e-01,5.000706195051246583e-01
1.419500000000000171e+02,7.930735646668448169e+01,-3.850145448437782392e+01,-1.784232666161975622e-01,-1.784232666161975622e-01,4.569769776479010726e-01
1.420000000000000000e+02,7.957550364805517518e+01,-3.856394681144904268e+01,-1.609004112915661533e-01,-1.609004112915661533e-01,5.115829050614404405e-01
1.420500000000000114e+02,7.983965735329492475e+01,-3.862677613804679311e+01,-1.359373707497023576e-01,-1.359373707497023576e-01,4.622728200103422558e-01
1.420999999999999943e+02,8.010129103005554896e+01,-3.869017107539149691e+01,-1.571269945328817863e-01,-1.571269945328817863e-01,4.936612529127086813e-01
1.421500000000000057e+02,8.036348280443360181e+01,-3.875270660985270865e+01,-1.244768178802770631e-01,-1.244768178802770631e-01,4.691449420514728352e-01
1.422000000000000171e+02,8.062560666154926992e+01,-3.881708777689988921e+01,-1.917458701989667724e-01,-1.917458701989667724e-01,4.788609574478261410e-01
1.422500000000000000e+02,8.089380837846601935e+01,-3.887856391403013134e+01,-1.432911777554113364e-01,-1.432911777554113364e-01,4.832789581199000706e-01
1.423000000000000114e+02,8.116315459616629369e+01,-3.894338805310501073e+01,-1.014349246973906410e-01,-1.014349246973906410e-01,4.692283558604845028e-01
1.423499999999999943e+02,8.143391576771257689e+01,-3.901119759682234900e+01,-9.715381480598676844e-02,-9.715381480598676844e-02,5.024469595462088822e-01
1.424000000000000057e+02,8.170725651504781695e+01,-3.908033039733623326e+01,-1.525698023182754104e-01,-1.525698023182754104e-01,4.574180687437490178e-01
1.424500000000000171e+02,8.198035626778241181e+01,-3.914539383050527732e+01,-1.755559604886460789e-01,-1.755559604886460789e-01,5.106418056585573240e-01
1.425000000000000000e+02,8.225698438487229680e+01,-3.920974526172243912e+01,-1.229289823810496424e-01,-1.229289823810496424e-01,4.641328499950029274e-01
1.425500000000000114e+02,8.253304273240813416e+01,-3.927784342467140277e+01,-1.207245481673410586e-01,-1.207245481673410586e-01,4.835548429238172297e-01
1.425999999999999943e+02,8.281171721013878084e+01,-3.934659754834942191e+01,-2.710337176133252937e-02,-2.710337176133252937e-02,4.770450726808769804e-01
1.426500000000000057e+02,8.309031466662987953e+01,-3.942128590380363562e+01,7.161594151729704094e-02,7.161594151729704094e-02,4.559664757869968388e-01
1.427000000000000171e+02,8.336606622008025624e+01,-3.950168424638150100e+01,8.480809276583081702e-02,8.480809276583081702e-02,4.870771754803315257e-01
1.427500000000000000e+02,8.364211980483743503e+01,-3.958268852669773707e+01,1.121867447917821031e-01,1.121867447917821031e-01,4.229613945287818977e-01
1.428000000000000114e+02,8.391347184895988676e+01,-3.966407011655361003e+01,2.253089404377238980e-01,2.253089404377238980e-01,4.556572590648491627e-01
1.428499999999999943e+02,8.418267866750288420e+01,-3.975207438007698357e+01,1.497771158555794568e-01,1.497771158555794568e-01,3.929415030525351127e-01
1.429000000000000057e+02,8.445355596450754376e+01,-3.983500959357207449e+01,1.342918894039464572e-01,1.342918894039464572e-01,3.915188264595989009e-01
1.429500000000000171e+02,8.472301386226364173e+01,-3.991628083306986241e+01,1.550276294389015819e-01,1.550276294389015819e-01,3.817671630419466888e-01
1.430000000000000000e+02,8.499272086672034732e+01,-3.999860285402474602e+01,1.828627798100193325e-01,1.828627798100193325e-01,3.418869819908501584e-01
1.430500000000000114e+02,8.526843634317816623e+01,-4.008396766239746967e+01,2.342739201959066209e-01,2.342739201959066209e-01,3.871604804507957631e-01
1.430999999999999943e+02,8.554622557399586924e+01,-4.017261610563874541e+01,2.142970391906766359e-01,2.142970391906766359e-01,2.967105690993845912e-01
1.431500000000000057e+02,8.582141368768338907e+01,-4.025911648620247973e+01,2.267721146888432293e-01,2.267721146888432293e-01,3.350029338452465422e-01
1.432000000000000171e+02,8.609433145837449786e+01,-4.034539211371131273e+01,2.253905269088562757e-01,2.253905269088562757e-01,2.743695354524077201e-01
1.432500000000000000e+02,8.636621936233748897e+01,-4.043078312019775211e+01,2.091802727893034564e-01,2.091802727893034564e-01,2.634637618101567380e-01
1.433000000000000114e+02,8.663661899876048267e+01,-4.051456552658876831e+01,2.201769807423083480e-01,2.201769807423083480e-01,2.768620380360252153e-01
1.433499999999999943e+02,8.690502124727073863e+01,-4.059809974055475124e+01,2.655713776457157005e-01,2.655713776457157005e-01,2.064619010393970722e-01
1.434000000000000057e+02,8.717296837483030458e+01,-4.068427717681625211e+01,3.047794233505973227e-01,3.047794233505973227e-01,2.963003695687279615e-01
1.434500000000000171e+02,8.743778748720419003e+01,-4.077168630183113152e+01,2.302003298579688439e-01,2.302003298579688439e-01,1.586440163323158958e-01
1.435000000000000000e+02,8.769686881896926423e+01,-4.085248349251741473e+01,1.994174355840724888e-01,1.994174355840724888e-01,2.488640643716917011e-01
1.435500000000000114e+02,8.795900014753060248e+01,-4.093171472055025362e+01,2.698994418033005549e-01,2.698994418033005549e-01,1.414909837266006276e-01
1.435999999999999943e+02,8.822626127004976126e+01,-4.101640472363714451e+01,3.224638328307016244e-01,3.224638328307016244e-01,1.809577779383724772e-01
1.436500000000000057e+02,8.849593549192131547e+01,-4.110477674061332465e+01,3.148590789202482809e-01,3.148590789202482809e-01,1.582363925280282357e-01
1.437000000000000171e+02,8.876703980967569407e+01,-4.119273492593339370e+01,3.005870044389013507e-01,3.005870044389013507e-01,9.642291962263774274e-02
1.437500000000000000e+02,8.903437589189879020e+01,-4.127832172471742211e+01,2.723983237274248959e-01,2.723983237274248959e-01,2.084242630859737544e-01
1.438000000000000114e+02,8.930530806479244177e+01,-4.136257510573458518e+01,2.639313467764945464e-01,2.639313467764945464e-01,2.249529480577173307e-02
1.438499999999999943e+02,8.957727654880012835e+01,-4.144578162727830772e+01,2.758591666158932698e-01,2.758591666158932698e-01,2.180146539280877760e-01
1.439000000000000057e+02,8.984625913347069570e+01,-4.152852750389382663e+01,2.480302852709951600e-01,2.480302852709951600e-01,6.425413013167677323e-02
1.439500000000000171e+02,9.011770912101945896e+01,-4.160985678522600040e+01,2.181138052235120084e-01,2.181138052235120084e-01,1.516259569073296898e-01
1.440000000000000000e+02,9.039385974174734883e+01,-4.169006819434959965e+01,1.987121703226863156e-01,1.987121703226863156e-01,1.444434403179306603e-01
1.440500000000000114e+02,9.066811814991592655e+01,-4.176860384950908411e+01,2.108230317444463875e-01,2.108230317444463875e-01,8.932582615309549168e-02
1.440999999999999943e+02,9.094462513047072605e+01,-4.184783280857601540e+01,1.628398286574212761e-01,1.628398286574212761e-01,2.257075679929591017e-01
1.441500000000000057e+02,9.122321847352533553e+01,-4.192433966438883175e+01,1.261467954052671869e-01,1.261467954052671869e-01,7.540312048032397907e-02
1.442000000000000171e+02,9.150072043811796618e+01,-4.199820714168352254e+01,1.634684373380770883e-01,1.634684373380770883e-01,2.139549539452881288e-01
1.442500000000000000e+02,9.178137015640221819e+01,-4.207477979163808612e+01,1.236197570712433830e-01,1.236197570712433830e-01,1.294027333988257145e-01
1.443000000000000114e+02,9.206236507045223050e+01,-4.214884415919429017e+01,8.340301811381631292e-02,8.340301811381631292e-02,1.470888543688852745e-01
1.443499999999999943e+02,9.234402874260736382e+01,-4.222042276209194966e+01,1.353738265468261148e-01,1.353738265468261148e-01,2.050703657426135307e-01
1.444000000000000057e+02,9.262488368231151981e+01,-4.229496382860469339e+01,2.079851259731839430e-01,2.079851259731839430e-01,1.090942681343702036e-01
1.444500000000000171e+02,9.290646165807692114e+01,-4.237436962975782251e+01,1.376799701950004728e-01,1.376799701950004728e-01,2.559740600652892217e-01
1.445000000000000000e+02,9.318915434868051761e+01,-4.244938108576467783e+01,1.500085002091408881e-01,1.500085002091408881e-01,1.398619433186452654e-01
1.445500000000000114e+02,9.347324460095443044e+01,-4.252510951009075058e+01,1.490191141092419569e-01,1.490191141092419569e-01,1.887293571452358931e-01
1.445999999999999943e+02,9.375606107316882287e+01,-4.260054630301286238e+01,9.265576958387383710e-02,9.265576958387383710e-02,2.086431129139651730e-01
1.446500000000000057e+02,9.404472230509463770e+01,-4.267351100527967134e+01,1.012179679071037175e-01,1.012179679071037175e-01,1.467304110865176037e-01
1.447000000000000171e+02,9.433338123702712608e+01,-4.274708994055402655e+01,2.165961161098053575e-02,2.165961161098053575e-02,2.780998706275054633e-01
1.447500000000000000e+02,9.462287102831909635e+01,-4.281543287938499276e+01,5.607945626069992667e-02,5.607945626069992667e-02,1.554251906626625823e-01
1.448000000000000114e+02,9.490994544689827705e+01,-4.288538031430515218e+01,5.786492540138603313e-02,5.786492540138603313e-02,2.003492439174019424e-01
1.448499999999999943e+02,9.519588873540159568e+01,-4.295527126824691067e+01,-2.829478685774794097e-02,-2.829478685774794097e-02,2.121982970622429965e-01
1.449000000000000057e+02,9.548299226654189908e+01,-4.301979948882424765e+01,2.898031025816014822e-02,2.898031025816014822e-02,1.474253934839643843e-01
1.449500000000000171e+02,9.577219128387073965e+01,-4.308858548459681970e+01,4.745972542905698560e-02,4.745972542905698560e-02,2.801162648320685289e-01
1.450000000000000000e+02,9.605794388599582589e+01,-4.315789290456454808e+01,3.027564680503330025e-02,3.027564680503330025e-02,1.485878480220244047e-01
1.450500000000000114e+02,9.634409202503252345e+01,-4.322605879188847666e+01,4.297283413592229567e-02,4.297283413592229567e-02,2.040591038426343151e-01
1.450999999999999943e+02,9.662872530933999826e+01,-4.329479934468027125e+01,9.451191815195590651e-02,9.451191815195590651e-02,1.993428666591170739e-01
1.451500000000000057e+02,9.691055229918949010e+01,-4.336614322210767369e+01,5.110123861671747592e-02,5.110123861671747592e-02,1.545093211496748609e-01
1.452000000000000171e+02,9.719247599533834148e+01,-4.343471943613173636e+01,1.833589644677325464e-02,1.833589644677325464e-02,2.698582890828625236e-01
1.452500000000000000e+02,9.747126374410474625e+01,-4.350033659435932520e+01,5.536942579769024014e-02,5.536942579769024014e-02,1.423887660557076051e-01
1.453000000000000114e+02,9.774968089572165297e+01,-4.356819567497722545e+01,5.719468943241166892e-02,5.719468943241166892e-02,2.348887975972636377e-01
1.453499999999999943e+02,9.803032914335224746e+01,-4.363673909483056690e+01,5.968485575013995209e-02,5.968485575013995209e-02,1.747396533002492647e-01
1.454000000000000057e+02,9.831176171574846023e+01,-4.370569208854495713e+01,6.514425934170671451e-02,6.514425934170671451e-02,1.768439849632597316e-01
1.454500000000000171e+02,9.859301873354897339e+01,-4.377504064965596342e+01,9.447708378252507588e-02,9.447708378252507588e-02,2.357024945137806693e-01
1.455000000000000000e+02,9.887597077079468022e+01,-4.384647097843203767e+01,4.217680128154319835e-02,4.217680128154319835e-02,1.487415308913189460e-01
1.455500000000000114e+02,9.916259092643383610e+01,-4.391536677321944637e+01,1.551099516912572869e-02,1.551099516912572869e-02,2.623660220893016537e-01
1.455999999999999943e+02,9.945135483302340162e+01,-4.398308576842138962e+01,-4.019409491825727543e-02,-4.019409491825727543e-02,1.659261090403616190e-01
1.456500000000000057e+02,9.974092231555911781e+01,-4.404740402539434285e+01,-6.229265712039420283e-02,-6.229265712039420283e-02,1.836222687074307303e-01
1.457000000000000171e+02,1.000329701890212704e+02,-4.411100082398864686e+01,-1.328160239749969218e-01,-1.328160239749969218e-01,2.242411868292936983e-01
1.457500000000000000e+02,1.003262272146932190e+02,-4.417041797768362699e+01,-2.101692949570094782e-01,-2.101692949570094782e-01,1.234130946211165480e-01
1.458000000000000114e+02,1.006239466984404061e+02,-4.422609105811848451e+01,-2.662861040550586478e-01,-2.662861040550586478e-01,2.337130825323086580e-01
1.458499999999999943e+02,1.009212812027341499e+02,-4.427808971890652856e+01,-3.048154170118965722e-01,-3.048154170118965722e-01,1.278941753108547852e-01
1.459000000000000057e+02,1.012180033328720725e+02,-4.432807271656555059e+01,-3.065994597186584847e-01,-3.065994597186584847e-01,1.211893929125982677e-01
1.459500000000000171e+02,1.015163378373816698e+02,-4.437862182360679952e+01,-3.411444963717364387e-01,-3.411444963717364387e-01,2.056396720835804437e-01
1.460000000000000000e+02,1.018164321588668884e+02,-4.442758617455081804e+01,-3.474199641913310321e-01,-3.474199641913310321e-01,2.446942342110523458e-02
1.460500000000000114e+02,1.021157813995895083e+02,-4.447679690697295030e+01,-4.413489984388604404e-01,-4.413489984388604404e-01,1.833520949186503435e-01
1.460999999999999943e+02,1.024125149482598545e+02,-4.451996431676074906e+01,-4.389194293235946231e-01,-4.389194293235946231e-01,1.184089496041784845e-01
1.461500000000000057e+02,1.027070794235742568e+02,-4.456273726221079556e+01,-4.851801968413332888e-01,-4.851801968413332888e-01,9.962645731279630434e-02
1.462000000000000171e+02,1.030018374302222810e+02,-4.460370093945029879e+01,-5.037197873126032510e-01,-5.037197873126032510e-01,2.289546886508661006e-01
1.462500000000000000e+02,1.032950948998079355e+02,-4.464304946463506241e+01,-5.212605201020005241e-01,-5.212605201020005241e-01,1.153548227659897257e-01
1.463000000000000114e+02,1.035918105590483975e+02,-4.468263343281513045e+01,-5.422619404274489074e-01,-5.422619404274489074e-01,2.352887018420739829e-01
1.463499999999999943e+02,1.038873857883426410e+02,-4.472177986932820914e+01,-5.126119455621597210e-01,-5.126119455621597210e-01,2.094746278629353031e-01
1.464000000000000057e+02,1.041796082442217539e+02,-4.476178477326669736e+01,-5.395601314627067602e-01,-5.395601314627067602e-01,2.253224327631049850e-01
1.464500000000000171e+02,1.044750303342493254e+02,-4.480256263590981547e+01,-4.747498115905388061e-01,-4.747498115905388061e-01,3.144184806395340925e-01
1.465000000000000000e+02,1.047641659831920435e+02,-4.484662950312534235e+01,-4.357278004627090917e-01,-4.357278004627090917e-01,2.614816436996570959e-01
1.465500000000000114e+02,1.050528881167082176e+02,-4.489315633436665820e+01,-3.540227902795365367e-01,-3.540227902795365367e-01,3.469785399111464663e-01
1.465999999999999943e+02,1.053362527689514252e+02,-4.494430872228236495e+01,-3.452896000527255205e-01,-3.452896000527255205e-01,3.133502747052060444e-01
1.466500000000000057e+02,1.056214716782215817e+02,-4.499661319535748305e+01,-3.417406138146741879e-01,-3.417406138146741879e-01,3.377849528904879328e-01
1.467000000000000171e+02,1.058994419929891535e+02,-4.504755200852531516e+01,-3.278872591126304470e-01,-3.278872591126304470e-01,3.711586447424707336e-01
1.467500000000000000e+02,1.061766131328209752e+02,-4.510002985902048778e+01,-3.077894616739111355e-01,-3.077894616739111355e-01,3.498344189406267235e-01
1.468000000000000114e+02,1.064501651426792534e+02,-4.515247053329819238e+01,-2.787749559827320534e-01,-2.787749559827320534e-01,4.270130389122868131e-01
1.468499999999999943e+02,1.067216694532646102e+02,-4.520696144677154393e+01,-1.691748949789474432e-01,-1.691748949789474432e-01,3.706362135152027615e-01
1.469000000000000057e+02,1.069900134846019455e+02,-4.526835770470703579e+01,-1.227374676338198467e-01,-1.227374676338198467e-01,4.274810384405277608e-01
1.469500000000000171e+02,1.072617973521209649e+02,-4.533364958895595720e+01,-9.389541855025881900e-02,-9.389541855025881900e-02,3.808741841458671007e-01
1.470000000000000000e+02,1.075314468627638007e+02,-4.540000155235146906e+01,-7.002769082140739010e-02,-7.002769082140739010e-02,4.000385289344629558e-01
1.470500000000000114e+02,1.078029733274148469e+02,-4.546870265289980040e+01,-1.345184277447963872e-01,-1.345184277447963872e-01,3.935470475648750188e-01
1.470999999999999943e+02,1.080758221481821550e+02,-4.553328217135607758e+01,-9.914672512002573046e-02,-9.914672512002573046e-02,3.793610948885441925e-01
1.471500000000000057e+02,1.083497530762674330e+02,-4.560032713149130501e+01,-6.464917707315079309e-02,-6.464917707315079309e-02,4.218201156673376806e-01
1.472000000000000171e+02,1.086267631018854161e+02,-4.567034937666399230e+01,-7.569973584794613408e-02,-7.569973584794613408e-02,3.670135846902891630e-01
1.472500000000000000e+02,1.089026499100907586e+02,-4.573949753280777486e+01,-6.213158589145608042e-03,-6.213158589145608042e-03,4.241704028950144534e-01
1.473000000000000114e+02,1.091797132837612878e+02,-4.581333977978950145e+01,-4.272781743998250309e-02,-4.272781743998250309e-02,3.644063792015307945e-01
1.473499999999999943e+02,1.094622531843994864e+02,-4.588601229246619795e+01,-4.760728417382799338e-02,-4.760728417382799338e-02,3.776906752534659462e-01
1.474000000000000057e+02,1.097483106114642197e+02,-4.595911031248390799e+01,-3.124995164979781428e-02,-3.124995164979781428e-02,3.850236419476382732e-01
1.474500000000000171e+02,1.100383100702552213e+02,-4.603415838724738052e+01,-2.013584209738407058e-02,-2.013584209738407058e-02,3.460990816845241902e-01
1.475000000000000000e+02,1.103281259803479202e+02,-4.610967936552589919e+01,3.267733811509671710e-02,3.267733811509671710e-02,4.090787592614145707e-01
1.475500000000000114e+02,1.106199291437205261e+02,-4.618917330667686372e+01,4.341363585279484766e-02,4.341363585279484766e-02,3.383057937221145561e-01
1.475999999999999943e+02,1.109140243990644592e+02,-4.626984937100969830e+01,4.269229882192339398e-02,4.269229882192339398e-02,3.413380114224892625e-01
1.476500000000000057e+02,1.112065608695697136e+02,-4.634996898793134079e+01,4.335058341338399179e-02,4.335058341338399179e-02,3.631718832456728441e-01
1.477000000000000171e+02,1.114939059888267394e+02,-4.642869091389906799e+01,3.917876803034756744e-02,3.917876803034756744e-02,3.026378922900653246e-01
1.477500000000000000e+02,1.117790980417009195e+02,-4.650649593253837111e+01,-1.018585281012679838e-01,-1.018585281012679838e-01,3.609304453816370994e-01
1.478000000000000114e+02,1.120657665820357494e+02,-4.657614104015959100e+01,-2.847202013399038889e-02,-2.847202013399038889e-02,3.054358825717335413e-01
1.478499999999999943e+02,1.123454417955054794e+02,-4.664846950855844199e+01,-5.305222677093463825e-03,-5.305222677093463825e-03,3.128228511141493140e-01
1.479000000000000057e+02,1.126304330148743418e+02,-4.672364407951070575e+01,1.275848337648059078e-02,1.275848337648059078e-02,3.316750208918992082e-01
1.479500000000000171e+02,1.129149928235266032e+02,-4.679973280410392533e+01,-6.956854283933730509e-02,-6.956854283933730509e-02,2.764440736075554073e-01
1.480000000000000000e+02,1.131979774680946065e+02,-4.687081643472650683e+01,-4.712084086769938868e-02,-4.712084086769938868e-02,3.561942155166596957e-01
1.480500000000000114e+02,1.134810671769015755e+02,-4.694332871104423788e+01,-3.970175097950299353e-02,-3.970175097950299353e-02,2.756521521870227143e-01
1.480999999999999943e+02,1.137679045373627105e+02,-4.701737849003844616e+01,-2.531212424009742640e-02,-2.531212424009742640e-02,2.966389696408536780e-01
1.481500000000000057e+02,1.140544828369239525e+02,-4.709219329744068006e+01,-2.485791129299527030e-02,-2.485791129299527030e-02,3.039461245059973393e-01
1.482000000000000171e+02,1.143459883521254028e+02,-4.716842678500277941e+01,-3.803193437504592128e-02,-3.803193437504592128e-02,2.546942022868332600e-01
1.482500000000000000e+02,1.146339868719096557e+02,-4.724314713798676735e+01,1.922710842494350370e-02,1.922710842494350370e-02,3.382141167244338553e-01
1.483000000000000114e+02,1.149193547235852861e+02,-4.731994370672015293e+01,3.998510502955367196e-02,3.998510502955367196e-02,2.483682819678091902e-01
1.483499999999999943e+02,1.152055919477233914e+02,-4.739786166808216450e+01,6.659956324928370530e-02,6.659956324928370530e-02,2.669014636529910556e-01
1.484000000000000057e+02,1.154885940083110683e+02,-4.747602173104569800e+01,8.281655804014650957e-02,8.281655804014650957e-02,2.733222889333489780e-01
1.484500000000000171e+02,1.157687122124417982e+02,-4.755397963311376230e+01,1.309119450007382168e-01,1.309119450007382168e-01,2.160872216739351814e-01
1.485000000000000000e+02,1.160458914232575296e+02,-4.763303289445280342e+01,1.672725698367164004e-01,1.672725698367164004e-01,3.151447371918150164e-01
1.485500000000000114e+02,1.163280365330569026e+02,-4.771443745102590128e+01,1.052670097320131393e-01,1.052670097320131393e-01,1.915084721676571788e-01
1.485999999999999943e+02,1.166104344086455598e+02,-4.779302875931191608e+01,4.597281189063857215e-02,4.597281189063857215e-02,2.379854615204448909e-01
1.486500000000000057e+02,1.168959702695399585e+02,-4.786988548943881483e+01,-3.530627359229387974e-02,-3.530627359229387974e-02,2.169114651086582746e-01
1.487000000000000171e+02,1.171815693309659991e+02,-4.794365789063184735e+01,-1.815733106754681969e-01,-1.815733106754681969e-01,1.761484981493967317e-01
1.487500000000000000e+02,1.174662542278969539e+02,-4.801205338575325499e+01,-7.406158923049226128e-02,-7.406158923049226128e-02,2.819672422728340955e-01
1.488000000000000114e+02,1.177516229565918024e+02,-4.808482112896707861e+01,-9.211191508004509809e-02,-9.211191508004509809e-02,1.632559174689717507e-01
1.488499999999999943e+02,1.180436300632606788e+02,-4.815901230910657915e+01,-1.826228691697406870e-01,-1.826228691697406870e-01,2.277394884487595750e-01
1.489000000000000057e+02,1.183368345783512012e+02,-4.823097997966495853e+01,-1.481741051382500507e-01,-1.481741051382500507e-01,2.075940505435105998e-01
1.489500000000000171e+02,1.186327644865983615e+02,-4.830521698478550974e+01,-1.440744351222940922e-01,-1.440744351222940922e-01,1.620108690603670742e-01
1.490000000000000000e+02,1.189272233609785445e+02,-4.837955054061038851e+01,-2.764153214661145830e-01,-2.764153214661145830e-01,2.862793853838955238e-01
1.490500000000000114e+02,1.192295244757335837e+02,-4.845299103253017137e+01,-3.109843054842309495e-01,-3.109843054842309495e-01,1.639989753980883314e-01
1.490999999999999943e+02,1.195315318180344946e+02,-4.852621915804230213e+01,-5.536284870047463169e-01,-5.536284870047463169e-01,1.894932440387789851e-01
1.491500000000000057e+02,1.198358572513809577e+02,-4.859522820800607690e+01,-5.063569464950794519e-01,-5.063569464950794519e-01,2.483950956117417508e-01
1.492000000000000171e+02,1.201395404164240404e+02,-4.866658412747479900e+01,-4.311691093632161187e-01,-4.311691093632161187e-01,1.559306988645612346e-01
1.492500000000000000e+02,1.204412740567126860e+02,-4.874029299255228409e+01,-5.440901277035170569e-01,-5.440901277035170569e-01,2.311183926583275372e-01
1.493000000000000114e+02,1.207449763897463981e+02,-4.881353254481456361e+01,-8.479644400365372592e-01,-8.479644400365372592e-01,2.089933972547435570e-01
1.493499999999999943e+02,1.210501027616979002e+02,-4.888308165176957942e+01,-1.058520331994372121e+00,-1.058520331994372121e+00,1.639026234924354786e-01
1.494000000000000057e+02,1.213540507040059140e+02,-4.895090557037197243e+01,-1.085344153016407631e+00,-1.085344153016407631e+00,2.782004425328742925e-01
1.494500000000000171e+02,1.216585207879030861e+02,-4.902137662473936075e+01,-1.070136510259005025e+00,-1.070136510259005025e+00,1.886002915571201866e-01
1.495000000000000000e+02,1.219608674186925015e+02,-4.909432124753106308e+01,-1.326612747564418493e+00,-1.326612747564418493e+00,1.925887384135041291e-01
1.495500000000000114e+02,1.222625489212017413e+02,-4.916653487703976566e+01,-1.582480132561400854e+00,-1.582480132561400854e+00,2.719350015704342649e-01
1.495999999999999943e+02,1.225658989619948755e+02,-4.923993698023588905e+01,-1.899196135312607003e+00,-1.600000000000000089e+00,1.702897736458862665e-01
1.496500000000000057e+02,1.228707917754557144e+02,-4.931494319535131865e+01,-2.144492284144123406e+00,-1.600000000000000089e+00,2.232665747384681987e-01
1.497000000000000171e+02,1.231751661801949496e+02,-4.939282623411423145e+01,-3.285616724667767219e+00,-1.600000000000000089e+00,2.308743138967007114e-01
1.497500000000000000e+02,1.234832521163344552e+02,-4.946910754485904960e+01,-4.414100263478594854e+00,-1.600000000000000089e+00,1.603012257920475581e-01
1.498000000000000114e+02,1.237882562845435785e+02,-4.954599954837689779e+01,-6.050808548844858414e+00,-1.600000000000000089e+00,2.484648501598075709e-01
1.498499999999999943e+02,1.240920160543463311e+02,-4.962655041911012432e+01,-9.898921111371281611e+00,-1.600000000000000089e+00,1.925788467409001170e-01
1.499000000000000057e+02,1.243957446991491338e+02,-4.970976166922839212e+01,-1.963125907162691064e+01,-1.600000000000000089e+00,1.517817735910378107e-01
