t,x,y,a_cmd,a_sat,cte
0.000000000000000000e+00,0.000000000000000000e+00,1.027212654910907075e+00,-1.914981511442531148e-01,-1.914981511442531148e-01,1.027212654910907075e+00
5.000000000000000278e-02,3.207142690605628288e-01,1.016246467813496146e+00,-1.759785415133149622e-01,-1.759785415133149622e-01,1.034123704101953756e+00
1.000000000000000056e-01,6.416970892489913814e-01,1.003780662398052970e+00,-2.216592354402792675e-01,-2.216592354402792675e-01,1.009847329585252140e+00
1.500000000000000222e-01,9.636190557743500307e-01,9.946480211517150227e-01,-1.861315060500998708e-01,-1.861315060500998708e-01,1.018919472495271927e+00
2.000000000000000111e-01,1.288014622807507781e+00,9.834214808887634662e-01,-1.577280948059881227e-01,-1.577280948059881227e-01,1.007833049299665884e+00
2.500000000000000000e-01,1.608986592744735322e+00,9.702908635319517083e-01,-4.975888371277156774e-02,-4.975888371277156774e-02,9.869401752308170073e-01
3.000000000000000444e-01,1.930030730478396572e+00,9.507366802236613124e-01,1.310887915903228250e-02,1.310887915903228250e-02,9.906941560438303762e-01
3.500000000000000333e-01,2.250459080120878586e+00,9.277068892144884060e-01,3.972027014529676964e-02,3.972027014529676964e-02,9.586625105703291405e-01
4.000000000000000222e-01,2.568921621344134376e+00,9.031411226546712800e-01,3.311372682065208406e-02,3.311372682065208406e-02,9.314100988940671177e-01
4.500000000000000111e-01,2.886546970663114386e+00,8.796374203994693497e-01,4.445946091571195691e-02,4.445946091571195691e-02,9.393537009010161087e-01
5.000000000000000000e-01,3.206951296161178799e+00,8.557902546412005096e-01,7.047341913987191508e-02,7.047341913987191508e-02,8.933303882900058834e-01
5.500000000000000444e-01,3.530970379481495058e+00,8.302160317172349036e-01,3.952439810156715971e-02,3.952439810156715971e-02,8.713041065244457872e-01
6.000000000000000888e-01,3.855882007277936285e+00,8.071325099270884040e-01,7.124362950630694358e-02,7.124362950630694358e-02,8.805105958071488548e-01
6.500000000000000222e-01,4.180997232075344350e+00,7.821692082029140236e-01,9.899059455320649570e-02,9.899059455320649570e-02,7.510362236499120714e-01
7.000000000000000666e-01,4.503624653087403118e+00,7.561339783024055849e-01,1.463600134117511997e-01,1.463600134117511997e-01,5.166591349482322348e-01
7.500000000000000000e-01,4.826821970317038080e+00,7.276119455561170790e-01,1.550453684262204923e-01,1.550453684262204923e-01,2.609163147516910253e-01
8.000000000000000444e-01,5.149451512942863296e+00,6.989344401801461659e-01,1.492780754412336430e-01,1.492780754412336430e-01,2.132736056364382404e-01
8.500000000000000888e-01,5.473513697470294481e+00,6.711415605264828832e-01,1.793432518588813640e-01,1.793432518588813640e-01,2.342331492242001878e-01
9.000000000000000222e-01,5.798507035389301123e+00,6.419590802899615145e-01,1.467673711550679938e-01,1.467673711550679938e-01,5.258098742544965454e-01
9.500000000000000666e-01,6.123141615578772345e+00,6.152577962315977089e-01,2.013031422921262859e-01,2.013031422921262859e-01,6.801982333102950529e-01
1.000000000000000000e+00,6.451727568325597240e+00,5.856197103189985098e-01,1.451732211263309091e-01,1.451732211263309091e-01,6.686597768138275999e-01
1.050000000000000044e+00,6.784284798992134213e+00,5.600249593645734159e-01,1.318929243082657965e-01,1.318929243082657965e-01,6.598944649545123164e-01
1.100000000000000089e+00,7.118832290399534024e+00,5.355793479170498639e-01,7.109994822205778497e-02,7.109994822205778497e-02,6.113476256412202492e-01
1.150000000000000133e+00,7.452446380025321560e+00,5.154429079262353719e-01,-1.945854027217139032e-03,-1.945854027217139032e-03,6.086850233702026935e-01
1.200000000000000178e+00,7.791164070673826103e+00,5.004646000305094100e-01,-2.401913939633689224e-02,-2.401913939633689224e-02,6.180431926687169897e-01
1.250000000000000000e+00,8.133217846518872918e+00,4.867173428094007659e-01,-1.982573974623373994e-02,-1.982573974623373994e-02,5.749019605122898113e-01
1.300000000000000044e+00,8.471877318454572148e+00,4.731820135478334577e-01,3.409126499244975739e-02,3.409126499244975739e-02,5.724791560995468043e-01
1.350000000000000089e+00,8.812116642768275554e+00,4.564141859864968565e-01,1.351981298445129216e-02,1.351981298445129216e-02,5.974855686487109407e-01
1.400000000000000133e+00,9.153225831927379375e+00,4.409930169093582708e-01,6.459650848962697478e-02,6.459650848962697478e-02,5.435355871791851534e-01
1.450000000000000178e+00,9.495992177549752000e+00,4.226092004500601185e-01,8.565105367458494823e-02,8.565105367458494823e-02,5.281659368626763218e-01
1.500000000000000000e+00,9.836799678815024706e+00,4.032827156875800068e-01,1.766427730048487910e-02,1.766427730048487910e-02,5.567236570688585129e-01
1.550000000000000044e+00,1.017432233160875121e+01,3.888079098279981771e-01,-1.639085917351459313e-03,-1.639085917351459313e-03,5.080456558857590066e-01
1.600000000000000089e+00,1.051037812322656428e+01,3.753814727477640112e-01,-6.527302032220298755e-02,-6.527302032220298755e-02,4.893002512426261608e-01
1.650000000000000133e+00,1.084560868045683613e+01,3.662990802490350695e-01,-8.500781268186892448e-02,-8.500781268186892448e-02,5.261046127451532994e-01
1.700000000000000178e+00,1.118420407375055170e+01,3.589545980706120298e-01,-9.217834191686981316e-02,-9.217834191686981316e-02,4.935175539634312769e-01
1.750000000000000000e+00,1.151678151208473366e+01,3.517446474962872549e-01,-1.315108945718782008e-01,-1.315108945718782008e-01,4.751475652828036633e-01
1.800000000000000044e+00,1.185105241500267148e+01,3.471516439583265390e-01,-2.000682623625228418e-01,-2.000682623625228418e-01,5.132821782724824589e-01
1.850000000000000089e+00,1.218354273869925386e+01,3.472682433945478708e-01,-1.722941732364420830e-01,-1.722941732364420830e-01,4.942215357968960388e-01
1.900000000000000133e+00,1.251239930405604994e+01,3.453909879480410727e-01,-1.701533701493672113e-01,-1.701533701493672113e-01,4.791635656498617335e-01
1.950000000000000178e+00,1.284363353054562396e+01,3.433756446639435467e-01,-1.763742490252404038e-01,-1.763742490252404038e-01,5.196424897004106036e-01
2.000000000000000000e+00,1.318004704454953391e+01,3.415532685389122136e-01,-1.598367800085603863e-01,-1.598367800085603863e-01,4.999247139671932350e-01
2.050000000000000266e+00,1.351459487510168422e+01,3.383841649930335316e-01,-9.499728509356590578e-02,-9.499728509356590578e-02,4.822176306601246853e-01
2.100000000000000089e+00,1.384607816591905305e+01,3.314705431730773921e-01,-1.121283247147122214e-01,-1.121283247147122214e-01,5.148352802348319379e-01
2.149999999999999911e+00,1.417909289205864987e+01,3.257846497461980295e-01,-8.244504172586213098e-02,-8.244504172586213098e-02,4.967597879708696706e-01
2.200000000000000178e+00,1.451538419225606447e+01,3.177695591207557735e-01,-5.934356948599305015e-02,-5.934356948599305015e-02,4.718939687713218367e-01
2.250000000000000000e+00,1.485596636539764326e+01,3.086970748693164679e-01,-3.664986457688083898e-02,-3.664986457688083898e-02,4.974101254400029593e-01
2.300000000000000266e+00,1.520049419367190069e+01,2.982094513091083088e-01,-4.344868998996877923e-02,-4.344868998996877923e-02,4.900707545200357340e-01
2.350000000000000089e+00,1.554280586204363424e+01,2.881542725899307045e-01,-4.485903987822006250e-02,-4.485903987822006250e-02,4.531932730526100905e-01
2.400000000000000355e+00,1.588761070575821854e+01,2.783084236342828199e-01,1.886333567067767156e-02,1.886333567067767156e-02,4.665370189603401663e-01
2.450000000000000178e+00,1.623059759958242410e+01,2.646995035486797154e-01,2.683495785019490102e-03,2.683495785019490102e-03,4.839706383384882460e-01
2.500000000000000000e+00,1.656962553327673504e+01,2.522915839685408446e-01,1.403374878672126493e-02,1.403374878672126493e-02,4.310038739432374699e-01
2.550000000000000266e+00,1.691107779556784507e+01,2.393283282082318553e-01,-1.505285824768951182e-02,-1.505285824768951182e-02,4.312461878111855662e-01
2.600000000000000089e+00,1.724946003548870266e+01,2.285908643887307745e-01,1.426132655050709429e-02,1.426132655050709429e-02,4.738017006712305079e-01
2.650000000000000355e+00,1.758425771968303053e+01,2.158599248528344228e-01,1.141742314575237560e-01,1.141742314575237560e-01,4.089543924974745615e-01
2.700000000000000178e+00,1.792055101758623081e+01,1.970990507149865123e-01,1.419768490735972000e-01,1.419768490735972000e-01,3.966957783865510123e-01
2.750000000000000000e+00,1.825771009663958111e+01,1.768503292710727759e-01,1.477175107959658729e-01,1.477175107959658729e-01,4.445030666311325929e-01
2.800000000000000266e+00,1.859499919070713503e+01,1.565300994904168519e-01,1.218283896972981034e-01,1.218283896972981034e-01,3.654834578871709594e-01
2.850000000000000089e+00,1.893266987289061376e+01,1.382333808452826940e-01,6.409402179731162053e-02,6.409402179731162053e-02,3.455470151967284798e-01
2.900000000000000355e+00,1.926817571222319359e+01,1.239011585151493927e-01,2.945166142198917675e-02,2.945166142198917675e-02,3.993982958585765020e-01
2.950000000000000178e+00,1.960547518272971956e+01,1.119680787707703212e-01,-3.347599512511346010e-03,-3.347599512511346010e-03,3.383046660966289032e-01
3.000000000000000000e+00,1.994571248929903717e+01,1.022513486781583825e-01,-5.974937378130078941e-03,-5.974937378130078941e-03,3.172284037936786705e-01
3.050000000000000266e+00,2.028800486497555156e+01,9.281913246636014359e-02,3.005034608733557228e-03,3.005034608733557228e-03,3.674033137967654961e-01
3.100000000000000089e+00,2.062630781662461033e+01,8.309084959760268396e-02,6.115291488489749822e-02,6.115291488489749822e-02,3.320543922908174572e-01
3.150000000000000355e+00,2.096240250128276372e+01,6.964263019138107469e-02,8.687116185457820217e-02,8.687116185457820217e-02,2.928953820536626673e-01
3.200000000000000178e+00,2.129903849972359353e+01,5.479049150246606548e-02,1.320486070102956655e-01,1.320486070102956655e-01,3.344342472256592869e-01
3.250000000000000000e+00,2.163279712516552777e+01,3.731278171204943650e-02,1.188565203212294669e-01,1.188565203212294669e-01,3.072603557458125634e-01
3.300000000000000266e+00,2.196715416810725685e+01,2.099020731666628725e-02,1.183138495817054603e-01,1.183138495817054603e-01,2.542948954860460020e-01
3.350000000000000089e+00,2.230490174707304618e+01,4.849765580777702645e-03,6.010194735463224996e-02,6.010194735463224996e-02,2.943268478803785504e-01
3.400000000000000355e+00,2.264526445688410661e+01,-7.332778746053472338e-03,1.590725996400700615e-01,1.590725996400700615e-01,2.898100679486773079e-01
3.450000000000000178e+00,2.298850264706872437e+01,-2.559221906983991796e-02,1.441178853945829785e-01,1.441178853945829785e-01,2.192577899945601927e-01
3.500000000000000000e+00,2.333480007147583635e+01,-4.265819488537681003e-02,1.254410402180245743e-01,1.254410402180245743e-01,2.431046458559646684e-01
3.550000000000000266e+00,2.368199461388268290e+01,-5.843344644875385352e-02,1.122202062006385642e-01,1.122202062006385642e-01,2.901599102164760802e-01
3.600000000000000089e+00,2.402996996407161845e+01,-7.305424037119558067e-02,1.929428719410871407e-01,1.929428719410871407e-01,1.944609752680069026e-01
3.650000000000000355e+00,2.437675219186990816e+01,-9.241481949059163203e-02,2.243642683381383840e-01,2.243642683381383840e-01,1.850507768459918878e-01
3.700000000000000178e+00,2.472302043396578597e+01,-1.135170227194448461e-01,2.290357401492685296e-01,2.290357401492685296e-01,2.748400379603129773e-01
3.750000000000000000e+00,2.507193783714304658e+01,-1.349311774224906113e-01,2.658408974184279794e-01,2.658408974184279794e-01,1.765921773119316640e-01
3.800000000000000266e+00,2.542083929321888291e+01,-1.580994686817820960e-01,2.607382280839801725e-01,2.607382280839801725e-01,1.155314969343032849e-01
3.850000000000000089e+00,2.576815471685324255e+01,-1.807309901385480699e-01,2.469587603856880642e-01,2.469587603856880642e-01,2.007841601960377031e-01
3.900000000000000355e+00,2.611131907641469851e+01,-2.019616195956816518e-01,2.971211429255159464e-01,2.971211429255159464e-01,1.816844944260235239e-01
3.950000000000000178e+00,2.645403367421160112e+01,-2.257167236225408880e-01,2.720084966796978421e-01,2.720084966796978421e-01,5.644591598271635202e-02
4.000000000000000000e+00,2.679022896653568964e+01,-2.474196111717720248e-01,2.859013047464589174e-01,2.859013047464589174e-01,1.526880258459869522e-01
4.049999999999999822e+00,2.712554228355481456e+01,-2.698266913983699000e-01,2.075066899421628974e-01,2.075066899421628974e-01,1.882936926910078745e-01
4.100000000000000533e+00,2.746014730205615706e+01,-2.866769909088280333e-01,1.951947273353987489e-01,1.951947273353987489e-01,2.622857227902671007e-02
4.150000000000000355e+00,2.779454344166223123e+01,-3.026177776977068690e-01,1.171500719848093536e-01,1.171500719848093536e-01,1.363112712008338057e-01
4.200000000000000178e+00,2.812491957105587659e+01,-3.135278334897272923e-01,6.799930899000375395e-02,6.799930899000375395e-02,1.949315250514438713e-01
4.250000000000000000e+00,2.845768712654629695e+01,-3.210348599342239262e-01,2.239487609016122677e-02,2.239487609016122677e-02,3.606895938603218305e-02
4.299999999999999822e+00,2.879050995074266694e+01,-3.256232626271197139e-01,-9.379177043572333936e-03,-9.379177043572333936e-03,1.342581743061603550e-01
4.350000000000000533e+00,2.912423830615982823e+01,-3.281888055037175955e-01,4.782389872434517769e-02,4.782389872434517769e-02,2.018373405318994174e-01
4.400000000000000355e+00,2.945746961534980102e+01,-3.343506023133421268e-01,1.249587455113668061e-01,1.249587455113668061e-01,4.349002360691329311e-02
4.450000000000000178e+00,2.979333751900100324e+01,-3.453255060997481585e-01,1.285265597093223078e-01,1.285265597093223078e-01,1.259860767018748384e-01
4.500000000000000000e+00,3.012845154273122006e+01,-3.564698356773502441e-01,1.009264781377479381e-01,1.009264781377479381e-01,2.156841050484228917e-01
4.549999999999999822e+00,3.046069048797502532e+01,-3.656059175669192918e-01,1.140982514818942722e-01,1.140982514818942722e-01,6.417945539170226421e-02
4.600000000000000533e+00,3.079231648702170432e+01,-3.755424070587835561e-01,1.291615075558583126e-01,1.291615075558583126e-01,1.259158449065228558e-01
4.650000000000000355e+00,3.112524516874813685e+01,-3.863743431629759195e-01,1.140843045125241317e-01,1.140843045125241317e-01,2.238586630332469740e-01
4.700000000000000178e+00,3.146176853255658301e+01,-3.958885009462178584e-01,1.907479101761777596e-01,1.907479101761777596e-01,8.398017508633877359e-02
4.750000000000000000e+00,3.179690955228359783e+01,-4.101840469129796052e-01,1.381826909569982831e-01,1.381826909569982831e-01,1.268389366023894849e-01
4.800000000000000711e+00,3.212847443515849477e+01,-4.211422245454736202e-01,1.488011436644042229e-01,1.488011436644042229e-01,2.411185916731868883e-01
4.850000000000000533e+00,3.245983258859126863e+01,-4.324221351783178457e-01,1.983933227468294147e-01,1.983933227468294147e-01,1.076343866127866394e-01
4.900000000000000355e+00,3.279547799463932023e+01,-4.466601948532583632e-01,2.105727150697541961e-01,2.105727150697541961e-01,1.388203233750968102e-01
4.950000000000000178e+00,3.312945932160195639e+01,-4.616486284200628232e-01,2.396742656001940586e-01,2.396742656001940586e-01,2.602861320469342932e-01
5.000000000000000000e+00,3.346490270369897502e+01,-4.778551980650568298e-01,2.983822159870002100e-01,2.983822159870002100e-01,1.435994045494833615e-01
5.050000000000000711e+00,3.379861438948617547e+01,-4.977256864240400813e-01,2.569136085617775844e-01,2.569136085617775844e-01,1.638196992912037964e-01
5.100000000000000533e+00,3.413417558773843297e+01,-5.147717531047267814e-01,2.396238804677706113e-01,2.396238804677706113e-01,2.909056654315695933e-01
5.150000000000000355e+00,3.446837192841081787e+01,-5.306939207495006139e-01,2.553965292785699281e-01,2.553965292785699281e-01,1.857715805673271769e-01
5.200000000000000178e+00,3.479905295811114740e+01,-5.471668989137350447e-01,2.418709300683396235e-01,2.418709300683396235e-01,1.942975129990587302e-01
5.250000000000000000e+00,3.513333583312314090e+01,-5.625493367517648835e-01,2.594405580301514247e-01,2.594405580301514247e-01,3.065714256083316713e-01
5.300000000000000711e+00,3.547365680853003056e+01,-5.792832482243096548e-01,2.668708035303465342e-01,2.668708035303465342e-01,2.254028244172426865e-01
5.350000000000000533e+00,3.581536803107044875e+01,-5.957643752952327398e-01,2.567862044509337527e-01,2.567862044509337527e-01,2.221795224474840680e-01
5.400000000000000355e+00,3.615841723951725584e+01,-6.114736045921421725e-01,2.797459582928220057e-01,2.797459582928220057e-01,3.083939329591597889e-01
5.450000000000000178e+00,3.649980210387675328e+01,-6.286845934438721750e-01,2.776410251525920359e-01,2.776410251525920359e-01,2.751514042819656614e-01
5.500000000000000000e+00,3.684915726488080168e+01,-6.452632008552582343e-01,2.977388313433352307e-01,2.977388313433352307e-01,2.540669033068079230e-01
5.550000000000000711e+00,3.719292499842868693e+01,-6.627105505023864751e-01,3.071753022251821341e-01,3.071753022251821341e-01,3.149656158581029541e-01
5.600000000000000533e+00,3.753830627109912399e+01,-6.805977637844301542e-01,2.549247032642595334e-01,2.549247032642595334e-01,3.338789015986631248e-01
5.650000000000000355e+00,3.788709400691640639e+01,-6.949095873811879098e-01,2.605814355586685838e-01,2.605814355586685838e-01,2.940044294539803649e-01
5.700000000000000178e+00,3.823524110327123537e+01,-7.095898965884007703e-01,2.837584828361468525e-01,2.837584828361468525e-01,3.248251373726215863e-01
5.750000000000000000e+00,3.858049201251210292e+01,-7.252337975368848833e-01,2.256835629679480593e-01,2.256835629679480593e-01,3.896345913664113203e-01
5.800000000000000711e+00,3.892163264920586130e+01,-7.367669365194832176e-01,2.678564387568104777e-01,2.678564387568104777e-01,3.314581005196280961e-01
5.850000000000000533e+00,3.926682624897357243e+01,-7.507653803201436160e-01,3.244400670316125446e-01,3.244400670316125446e-01,3.422824447528790004e-01
5.900000000000000355e+00,3.960867952617365262e+01,-7.685533414641013694e-01,4.346786078929520958e-01,4.346786078929520958e-01,4.177116487505962983e-01
5.950000000000000178e+00,3.994780273931574044e+01,-7.936075379294978971e-01,3.902365192931825932e-01,3.902365192931825932e-01,3.844448609076239753e-01
6.000000000000000000e+00,4.028375015214732002e+01,-8.141047832919817706e-01,3.355351762277533068e-01,3.355351762277533068e-01,3.895218964389052796e-01
6.050000000000000711e+00,4.061866465721449515e+01,-8.312180405690920981e-01,2.433829646275302294e-01,2.433829646275302294e-01,4.531567569588374478e-01
6.100000000000000533e+00,4.095217449900440698e+01,-8.425617580251689720e-01,2.534639482003283040e-01,2.534639482003283040e-01,4.245373698876203084e-01
6.150000000000000355e+00,4.128611570129113773e+01,-8.538982526205787238e-01,2.453655537911743623e-01,2.453655537911743623e-01,4.172678485461757125e-01
6.200000000000000178e+00,4.162672135183020572e+01,-8.650890111648518177e-01,2.277865177694339827e-01,2.277865177694339827e-01,4.668756121125355874e-01
6.250000000000000000e+00,4.196391610274472583e+01,-8.747536688576816877e-01,1.758218663477759958e-01,1.758218663477759958e-01,4.506724942008794588e-01
6.300000000000000711e+00,4.230086716697938698e+01,-8.806332987389385858e-01,1.238848620889821811e-01,1.238848620889821811e-01,4.315023879114440186e-01
6.350000000000000533e+00,4.263523403582976101e+01,-8.834950968568274776e-01,1.377582777065259612e-01,1.377582777065259612e-01,4.674280739110522331e-01
6.400000000000000355e+00,4.297174580003157018e+01,-8.873241660605540870e-01,1.665242355810384323e-01,1.665242355810384323e-01,4.572798517230179938e-01
6.450000000000000178e+00,4.330855128566705758e+01,-8.925791168288662591e-01,1.771062487986103384e-01,1.771062487986103384e-01,4.322702692983352857e-01
6.500000000000000000e+00,4.365143377949313219e+01,-8.989273118487393077e-01,2.061566714312054738e-01,2.061566714312054738e-01,4.631010797365578413e-01
6.550000000000000711e+00,4.399290978135946517e+01,-9.073262769172537601e-01,2.010130299513768759e-01,2.010130299513768759e-01,4.760651640466487811e-01
6.600000000000000533e+00,4.433327587840865647e+01,-9.149398162404214219e-01,2.137202428976663349e-01,2.137202428976663349e-01,4.444774137769280098e-01
6.650000000000000355e+00,4.467549579793100634e+01,-9.233760876574883536e-01,2.575088695167024322e-01,2.575088695167024322e-01,4.662819615548699503e-01
6.700000000000000178e+00,4.501702135842052144e+01,-9.347555455705037764e-01,1.360319762632066776e-01,1.360319762632066776e-01,5.039252409627024143e-01
6.750000000000000000e+00,4.535615675204034147e+01,-9.379590249685539893e-01,1.557737926204076639e-01,1.557737926204076639e-01,4.593348281894671925e-01
6.800000000000000711e+00,4.569788013294889595e+01,-9.424754468332314783e-01,1.791481160669778361e-01,1.791481160669778361e-01,4.670729091581162229e-01
6.850000000000000533e+00,4.603585752588214319e+01,-9.488207832107766748e-01,1.724281045559021841e-01,1.724281045559021841e-01,5.184016742084626150e-01
6.900000000000000355e+00,4.637361428094054361e+01,-9.542992540187398287e-01,2.200784184843180280e-01,2.200784184843180280e-01,4.684671825458019967e-01
6.950000000000000178e+00,4.670923549716107459e+01,-9.624264662821844230e-01,1.797716013550690051e-01,1.797716013550690051e-01,4.725687158969053558e-01
7.000000000000000000e+00,4.704848669572960773e+01,-9.685488664908892265e-01,1.736824502396461245e-01,1.736824502396461245e-01,5.246438498210693746e-01
7.050000000000000711e+00,4.738656580209608649e+01,-9.744703700453356543e-01,3.014692895567536168e-01,3.014692895567536168e-01,4.815883889130258555e-01
7.100000000000000533e+00,4.772307279637336563e+01,-9.873958936049520574e-01,3.311984157222609970e-01,3.311984157222609970e-01,4.835483094172577934e-01
7.150000000000000355e+00,4.805973190722614419e+01,-1.002257012490814558e+00,3.379031273563118387e-01,3.379031273563118387e-01,5.373749982210360709e-01
7.200000000000000178e+00,4.839357338174702505e+01,-1.017836683230023187e+00,3.871670286731824784e-01,3.871670286731824784e-01,5.166297075756934865e-01
7.250000000000000000e+00,4.872922301486343599e+01,-1.035482377991338465e+00,3.362211029143783447e-01,3.362211029143783447e-01,5.193168187180742246e-01
7.300000000000000711e+00,4.906091392390440120e+01,-1.050308176258611281e+00,3.595066935047632750e-01,3.595066935047632750e-01,5.684692157475079721e-01
7.350000000000000533e+00,4.939448612788075366e+01,-1.066547361657413484e+00,3.693376586903688863e-01,3.693376586903688863e-01,5.556300893990060441e-01
7.400000000000000355e+00,4.972940819845508287e+01,-1.082376667746511201e+00,4.028226560468672335e-01,4.028226560468672335e-01,5.548720101697330875e-01
7.450000000000000178e+00,5.006497044031772958e+01,-1.100331884184369446e+00,3.196463144204593210e-01,3.196463144204593210e-01,6.012873159350903274e-01
7.500000000000000000e+00,5.040257150209775716e+01,-1.113809874506322739e+00,2.912396501301836027e-01,2.912396501301836027e-01,5.947960884971043027e-01
7.550000000000000711e+00,5.074166884014245937e+01,-1.124558798376003255e+00,2.603596955081390329e-01,2.603596955081390329e-01,5.853145246205206931e-01
7.600000000000000533e+00,5.107055314804372870e+01,-1.133400294350894955e+00,2.452557199805783239e-01,2.452557199805783239e-01,6.184488499241588277e-01
7.650000000000000355e+00,5.139926025960500766e+01,-1.141450211582170526e+00,2.453482045391246480e-01,2.453482045391246480e-01,6.123112361344855703e-01
7.700000000000000178e+00,5.172618611440670833e+01,-1.148198097927510375e+00,2.238199809366900883e-01,2.238199809366900883e-01,5.987479351161875130e-01
7.750000000000000000e+00,5.205411210625894824e+01,-1.154517509877555526e+00,1.624933985253709801e-01,1.624933985253709801e-01,6.313460440217979475e-01
7.800000000000000711e+00,5.238070611666565668e+01,-1.156472207746954473e+00,1.065641040790083482e-01,1.065641040790083482e-01,6.142082268397827116e-01
7.850000000000000533e+00,5.270427989557173021e+01,-1.154676204030578468e+00,1.211857739674761514e-01,1.211857739674761514e-01,5.956116699148911175e-01
7.900000000000000355e+00,5.302826590390441197e+01,-1.154088177559791983e+00,1.402067787545515365e-01,1.402067787545515365e-01,6.271545088934521450e-01
7.950000000000000178e+00,5.335142387379170259e+01,-1.155043639654547150e+00,1.184579635661542618e-01,1.184579635661542618e-01,5.982142041399340915e-01
8.000000000000000000e+00,5.367632183109415678e+01,-1.154190754492829374e+00,1.455756997012772058e-01,1.455756997012772058e-01,5.865792717799732658e-01
8.050000000000000711e+00,5.399967718896882474e+01,-1.155422618762667275e+00,8.938395492731307512e-02,8.938395492731307512e-02,6.263608216862411870e-01
8.099999999999999645e+00,5.432378199968825783e+01,-1.153270114430323456e+00,6.275196543749371469e-02,6.275196543749371469e-02,5.827574959866704818e-01
8.150000000000000355e+00,5.464752875694049550e+01,-1.149230051566648259e+00,4.322360812346309061e-02,4.322360812346309061e-02,5.740646882684393715e-01
8.200000000000001066e+00,5.497022828765240376e+01,-1.144290179591906709e+00,2.141247963970614038e-02,2.141247963970614038e-02,6.093069832029399668e-01
8.250000000000000000e+00,5.529211856100767619e+01,-1.137899079549580916e+00,-2.158631193127506787e-02,-2.158631193127506787e-02,5.539233050199362518e-01
8.300000000000000711e+00,5.560997979708712080e+01,-1.129185089029540068e+00,-4.625176908340089543e-02,-4.625176908340089543e-02,5.495608677655475782e-01
8.349999999999999645e+00,5.592725017149191302e+01,-1.118981705861076037e+00,-6.961891601880691727e-02,-6.961891601880691727e-02,5.627571775087554240e-01
8.400000000000000355e+00,5.624364738313177980e+01,-1.107459733265997670e+00,-1.320409971887007705e-01,-1.320409971887007705e-01,5.099930376326580195e-01
8.450000000000001066e+00,5.655724314166690903e+01,-1.092383917127810466e+00,-9.936456126278060685e-02,-9.936456126278060685e-02,5.160115047521572906e-01
8.500000000000000000e+00,5.686639851638945942e+01,-1.079770992726267087e+00,-1.688214241912947833e-01,-1.688214241912947833e-01,4.983059736098049419e-01
8.550000000000000711e+00,5.717630409073474596e+01,-1.063008898395877866e+00,-1.671037448175271001e-01,-1.671037448175271001e-01,4.564916584976064784e-01
8.599999999999999645e+00,5.748707085589861521e+01,-1.046744028607516031e+00,-1.664785513941152706e-01,-1.664785513941152706e-01,4.888987491218725889e-01
8.650000000000000355e+00,5.779417872795964684e+01,-1.030878394169258305e+00,-2.429043811194059876e-01,-2.429043811194059876e-01,4.248566183531215512e-01
8.700000000000001066e+00,5.810139443196283082e+01,-1.010466074051255436e+00,-1.858094295899835047e-01,-1.858094295899835047e-01,4.063841710910744975e-01
8.750000000000000000e+00,5.841042519823638202e+01,-9.941624412859511040e-01,-1.778153851461331536e-01,-1.778153851461331536e-01,4.252336181997993236e-01
8.800000000000000711e+00,5.872498038932794628e+01,-9.789569428215726399e-01,-2.428315161543128098e-01,-2.428315161543128098e-01,3.551904845745134653e-01
8.849999999999999645e+00,5.903730045278850014e+01,-9.599093574281951646e-01,-2.303675315885218289e-01,-2.303675315885218289e-01,3.696548855091347230e-01
8.900000000000000355e+00,5.934961157479018112e+01,-9.419948830642781434e-01,-2.728797196398183300e-01,-2.728797196398183300e-01,3.451185703285586936e-01
8.950000000000001066e+00,5.966262845811866811e+01,-9.220266671947392467e-01,-2.179679984406310833e-01,-2.179679984406310833e-01,2.895764842191352884e-01
9.000000000000000000e+00,5.997840116770424146e+01,-9.059633336111846402e-01,-2.568036951197881224e-01,-2.568036951197881224e-01,3.434846235503922207e-01
9.050000000000000711e+00,6.029956821908546516e+01,-8.876295244622998126e-01,-2.273088952285499120e-01,-2.273088952285499120e-01,2.683833316463537511e-01
9.099999999999999645e+00,6.061977255011102983e+01,-8.717640445753974676e-01,-2.304098951653668070e-01,-2.304098951653668070e-01,2.377114366288327341e-01
9.150000000000000355e+00,6.093746010046272232e+01,-8.558618792092418381e-01,-2.059877158571235267e-01,-2.059877158571235267e-01,3.231565928206094340e-01
9.200000000000001066e+00,6.125350736001087171e+01,-8.422956665730202408e-01,-2.172534998686313223e-01,-2.172534998686313223e-01,2.023179096076473671e-01
9.250000000000000000e+00,6.157179948030433536e+01,-8.280520966376836434e-01,-2.454546162605737158e-01,-2.454546162605737158e-01,2.060176765381422637e-01
9.300000000000000711e+00,6.188911615244833087e+01,-8.121673422340043302e-01,-2.065432412909311288e-01,-2.065432412909311288e-01,2.570165118098767798e-01
9.349999999999999645e+00,6.221013942077055248e+01,-7.995276994706084217e-01,-2.430067744226815929e-01,-2.430067744226815929e-01,1.412529858325153875e-01
9.400000000000000355e+00,6.252960568026173149e+01,-7.847010898712049043e-01,-2.518050459635376437e-01,-2.518050459635376437e-01,1.895572863984577305e-01
9.450000000000001066e+00,6.285103650581975643e+01,-7.696255444702263526e-01,-2.122830632532697603e-01,-2.122830632532697603e-01,2.015993384295376445e-01
9.500000000000000000e+00,6.317558811697762877e+01,-7.578097406562290805e-01,-1.708482444331147487e-01,-1.708482444331147487e-01,8.602711311706098818e-02
9.550000000000000711e+00,6.349622362625525085e+01,-7.486340700946350069e-01,-1.358787328808214179e-01,-1.358787328808214179e-01,1.884666442382672280e-01
9.600000000000001421e+00,6.381722728271972755e+01,-7.418697759840398032e-01,-9.592874955080962773e-02,-9.592874955080962773e-02,1.603246527159950807e-01
9.650000000000000355e+00,6.413697608758528190e+01,-7.379402997124431263e-01,-5.250575970887839949e-02,-5.250575970887839949e-02,6.315253201257282900e-02
9.700000000000001066e+00,6.445512655392386137e+01,-7.368578314133163998e-01,-8.456663300684497120e-02,-8.456663300684497120e-02,2.139613719761020438e-01
9.750000000000000000e+00,6.477431112565672322e+01,-7.337720656457563662e-01,-7.732329719573143023e-02,-7.732329719573143023e-02,1.201647884871736155e-01
9.800000000000000711e+00,6.509226922342300270e+01,-7.313325320050668710e-01,-1.012095886033218817e-01,-1.012095886033218817e-01,7.763262616992840093e-02
9.850000000000001421e+00,6.540874474009915218e+01,-7.275485866524908918e-01,-1.679648310876040995e-01,-1.679648310876040995e-01,2.491138036653912924e-01
9.900000000000000355e+00,6.572552841263058099e+01,-7.196039067414549129e-01,-1.860427857513511363e-01,-1.860427857513511363e-01,7.262418690008147493e-02
9.950000000000001066e+00,6.603947653899739123e+01,-7.108248035047802782e-01,-1.710987115190984453e-01,-1.710987115190984453e-01,1.132729296146597064e-01
1.000000000000000000e+01,6.635470005704804919e+01,-7.031604992492153094e-01,-1.149326543372916759e-01,-1.149326543372916759e-01,2.021880260553442499e-01
1.005000000000000071e+01,6.667155625097872473e+01,-6.994730075606078179e-01,-5.739066941724975390e-02,-5.739066941724975390e-02,2.449525234805633583e-02
1.010000000000000142e+01,6.699409886058710129e+01,-6.994561162143493327e-01,-1.126438753354792009e-02,-1.126438753354792009e-02,1.518915830806546186e-01
1.015000000000000036e+01,6.731909008290253382e+01,-7.024549815209231163e-01,3.608991023485994161e-03,3.608991023485994161e-03,1.741914920806309774e-01
1.020000000000000107e+01,6.764711622386927559e+01,-7.064409930821117234e-01,1.380368914524881532e-04,1.380368914524881532e-04,1.401083609188376322e-02
1.025000000000000000e+01,6.797551354294627401e+01,-7.101981327161718260e-01,1.113005738163509034e-02,1.113005738163509034e-02,1.631861765481185389e-01
1.030000000000000071e+01,6.830677567955656571e+01,-7.146871879318816845e-01,4.254078280333140755e-02,4.254078280333140755e-02,1.690088915382379486e-01
1.035000000000000142e+01,6.863008608655589171e+01,-7.210293870219397494e-01,5.796533612357565590e-02,5.796533612357565590e-02,9.901985714620713599e-03
1.040000000000000036e+01,6.895387799036329568e+01,-7.283171006254794966e-01,1.189006707404802708e-02,1.189006707404802708e-02,1.770895432043927409e-01
1.045000000000000107e+01,6.927969943146433707e+01,-7.326392984498831806e-01,7.163743553891246951e-02,7.163743553891246951e-02,1.488879336680162535e-01
1.050000000000000000e+01,6.960509649486137107e+01,-7.406524645197209988e-01,2.044560116356870794e-02,2.044560116356870794e-02,2.212457896811504190e-02
1.055000000000000071e+01,6.993413443804678309e+01,-7.454599559537790077e-01,-7.007843097542057476e-02,-7.007843097542057476e-02,1.894731579312426140e-01
1.060000000000000142e+01,7.026231286297077361e+01,-7.443647574039228276e-01,-2.973872492526774894e-02,-2.973872492526774894e-02,1.387126615849484934e-01
1.065000000000000036e+01,7.058950948680079307e+01,-7.460604435256293909e-01,-7.928216296432571975e-02,-7.928216296432571975e-02,3.089134345558828404e-02
1.070000000000000107e+01,7.091624612288212859e+01,-7.446533645455883921e-01,-1.627888339155714459e-01,-1.627888339155714459e-01,2.004759078877224043e-01
1.075000000000000000e+01,7.124045568996844224e+01,-7.378856619646868564e-01,-2.089657997674994883e-01,-2.089657997674994883e-01,1.254395290524884521e-01
1.080000000000000071e+01,7.156227365100920679e+01,-7.285117603920915341e-01,-2.051145144053472535e-01,-2.051145144053472535e-01,6.038311322511175777e-02
1.085000000000000142e+01,7.188554679682921744e+01,-7.195649726154087489e-01,-1.454099259230009766e-01,-1.454099259230009766e-01,2.285650259095972081e-01
1.090000000000000036e+01,7.221168344350952850e+01,-7.146653604355326372e-01,-1.452221288684034106e-01,-1.452221288684034106e-01,1.150715298683562954e-01
1.095000000000000107e+01,7.254138992915257234e+01,-7.099869485486841603e-01,-1.748389606288367482e-01,-1.748389606288367482e-01,8.935883079893708336e-02
1.100000000000000000e+01,7.286959261682710576e+01,-7.033914483334104961e-01,-2.078139894191368686e-01,-2.078139894191368686e-01,2.438619446103333088e-01
1.105000000000000071e+01,7.320055576544388032e+01,-6.948724096512528536e-01,-2.639923453551342725e-01,-2.639923453551342725e-01,1.286499007019832885e-01
1.110000000000000142e+01,7.353674378312761917e+01,-6.836632724026644459e-01,-2.344326115652382581e-01,-2.344326115652382581e-01,1.166679770752657996e-01
1.115000000000000036e+01,7.387620658256822992e+01,-6.741446845845705527e-01,-2.548896911018675437e-01,-2.548896911018675437e-01,2.464015024562721257e-01
1.120000000000000107e+01,7.421579055161814154e+01,-6.634112593626413368e-01,-2.722053746484853209e-01,-2.722053746484853209e-01,1.737697658105245568e-01
1.125000000000000000e+01,7.455516494388012916e+01,-6.522075519153229806e-01,-3.041700785300464616e-01,-3.041700785300464616e-01,1.456223631787198214e-01
1.130000000000000071e+01,7.489550858290560598e+01,-6.391405741304092558e-01,-2.843027021948153488e-01,-2.843027021948153488e-01,2.495658152675934160e-01
1.135000000000000142e+01,7.523541214031162383e+01,-6.274438638737646068e-01,-2.484111509669192641e-01,-2.484111509669192641e-01,2.262389288736729176e-01
1.140000000000000036e+01,7.557295226113438957e+01,-6.185743294604677533e-01,-2.420394728295236220e-01,-2.420394728295236220e-01,1.856440452393193219e-01
1.145000000000000107e+01,7.591345675867708565e+01,-6.103774852786778560e-01,-1.841482622614871445e-01,-1.841482622614871445e-01,2.595053472329586497e-01
1.150000000000000000e+01,7.625587250697357433e+01,-6.060728744690840886e-01,-1.428105985859639271e-01,-1.428105985859639271e-01,2.685078540608958897e-01
1.155000000000000071e+01,7.659295294903544971e+01,-6.049486590138939412e-01,-1.776838237089869432e-01,-1.776838237089869432e-01,2.101514469315973466e-01
1.160000000000000142e+01,7.693292993303259664e+01,-6.013304320742864917e-01,-1.397231405275850824e-01,-1.397231405275850824e-01,2.594866190672825979e-01
1.165000000000000036e+01,7.727361339090862202e+01,-6.001936569681595168e-01,-1.275247376705287428e-01,-1.275247376705287428e-01,2.973906378976433063e-01
1.170000000000000107e+01,7.761376796788481158e+01,-6.001536562626925697e-01,-1.784224470995071643e-02,-1.784224470995071643e-02,2.292133669219936498e-01
1.175000000000000000e+01,7.795283020252902872e+01,-6.070320038338431479e-01,-7.312760862208373021e-03,-7.312760862208373021e-03,2.502364849672500391e-01
1.180000000000000071e+01,7.828945037099421711e+01,-6.145539578116938628e-01,-8.963499212982293032e-03,-8.963499212982293032e-03,3.107649474138660661e-01
1.185000000000000142e+01,7.862994864686126562e+01,-6.217247328620499891e-01,1.877632730265510475e-02,1.877632730265510475e-02,2.243560344245330851e-01
1.190000000000000036e+01,7.897397983056001181e+01,-6.299704229362778074e-01,1.990034600307262480e-01,1.990034600307262480e-01,2.272471388306480655e-01
1.195000000000000107e+01,7.931712403264107536e+01,-6.485250011494231304e-01,1.984999126494940425e-01,1.984999126494940425e-01,3.092390452462552841e-01
1.200000000000000000e+01,7.966128965779954285e+01,-6.653769264479045820e-01,2.237499750457899728e-01,2.237499750457899728e-01,2.097445257529851337e-01
1.205000000000000071e+01,8.000991565141727335e+01,-6.831858320315614685e-01,2.797585862493469078e-01,2.797585862493469078e-01,1.732939862159429412e-01
1.210000000000000142e+01,8.035853103749910531e+01,-7.024285432829355802e-01,3.362906600572911908e-01,3.362906600572911908e-01,2.441487224514027332e-01
1.215000000000000036e+01,8.070376803986984271e+01,-7.230084710466535558e-01,2.804389203284157195e-01,2.804389203284157195e-01,2.055021524457112669e-01
1.220000000000000107e+01,8.104786527275769004e+01,-7.393171683018007201e-01,3.458171618785066403e-01,3.458171618785066403e-01,1.227630291322275163e-01
1.225000000000000000e+01,8.139175483825749779e+01,-7.570179330543989060e-01,3.729989914066652035e-01,3.729989914066652035e-01,1.851768940612699976e-01
1.230000000000000071e+01,8.173580894621927939e+01,-7.733370869380512547e-01,3.229466144617621493e-01,3.229466144617621493e-01,2.167343884786444852e-01
1.235000000000000142e+01,8.207785594347708980e+01,-7.857489907763214321e-01,3.238242362988879575e-01,3.238242362988879575e-01,9.601872776220327088e-02
1.240000000000000036e+01,8.241470064010519536e+01,-7.978389516614731169e-01,4.217116373593445267e-01,4.217116373593445267e-01,1.430619973548519774e-01
1.245000000000000107e+01,8.275316436599629810e+01,-8.125484007015549848e-01,3.679608743417734362e-01,3.679608743417734362e-01,2.293841027596329463e-01
1.250000000000000000e+01,8.309242336001867102e+01,-8.227944921943469714e-01,4.863318775629983381e-01,4.863318775629983381e-01,8.707702183230940640e-02
1.255000000000000071e+01,8.343271245324194751e+01,-8.364864410105709025e-01,4.753574105095058067e-01,4.753574105095058067e-01,1.068270791969574973e-01
1.260000000000000142e+01,8.377088429109616641e+01,-8.457517368615394826e-01,4.774400990568679615e-01,4.774400990568679615e-01,2.485255358420587479e-01
1.265000000000000036e+01,8.410967835395663883e+01,-8.538570750092244754e-01,4.991698696590194384e-01,4.991698696590194384e-01,9.591778791790897540e-02
1.270000000000000107e+01,8.444946304751610455e+01,-8.588136599885306532e-01,5.582316389850425775e-01,5.582316389850425775e-01,8.017004931470256279e-02
1.275000000000000000e+01,8.478717511382015459e+01,-8.632720764920274181e-01,6.365585977889252067e-01,6.365585977889252067e-01,2.316992928883193914e-01
1.280000000000000071e+01,8.512508688954687841e+01,-8.678305859091183239e-01,5.820181614306111362e-01,5.820181614306111362e-01,1.157663921392749484e-01
1.285000000000000142e+01,8.546245599879799215e+01,-8.675035209198401764e-01,5.494143624716332219e-01,5.494143624716332219e-01,6.469653049500875830e-02
1.290000000000000036e+01,8.579706794996737074e+01,-8.606085593889306606e-01,7.007019818043354054e-01,7.007019818043354054e-01,2.177859698843163661e-01
1.295000000000000107e+01,8.613649264618041457e+01,-8.568216853171440883e-01,6.868060079025974929e-01,6.868060079025974929e-01,1.410054832829452376e-01
1.300000000000000000e+01,8.647531406793095243e+01,-8.505595269990428031e-01,7.728522452781165786e-01,7.728522452781165786e-01,7.541306642784745273e-02
1.305000000000000071e+01,8.681188363334662483e+01,-8.446401661865801103e-01,8.040853622030004200e-01,8.040853622030004200e-01,2.054316575260194677e-01
1.310000000000000142e+01,8.714759823401799110e+01,-8.350295010732313727e-01,7.229611851934070188e-01,7.229611851934070188e-01,1.724350683988028210e-01
1.315000000000000036e+01,8.748172483673354805e+01,-8.187767820676440378e-01,7.993359925311086522e-01,7.993359925311086522e-01,1.129975713998104536e-01
1.320000000000000107e+01,8.781639051047218913e+01,-8.010081695007555957e-01,8.629235234495207241e-01,8.629235234495207241e-01,2.227177812004529633e-01
1.325000000000000000e+01,8.815464743671115855e+01,-7.797249707550140130e-01,8.861839767354157127e-01,8.861839767354157127e-01,2.244536064126055330e-01
1.330000000000000071e+01,8.849357676699622743e+01,-7.574040026562128824e-01,1.007577050913083472e+00,1.007577050913083472e+00,1.839174301966352010e-01
1.335000000000000142e+01,8.883698186745685632e+01,-7.309311429584793851e-01,1.075329609695493183e+00,1.075329609695493183e+00,2.622942998107716250e-01
1.340000000000000036e+01,8.917944217390713391e+01,-7.065510341251017845e-01,1.137376546446311254e+00,1.137376546446311254e+00,3.080734988274250186e-01
1.345000000000000107e+01,8.952246518848166090e+01,-6.829519250805325958e-01,1.169559125170007485e+00,1.169559125170007485e+00,2.718264527941481323e-01
1.350000000000000000e+01,8.986047206527005926e+01,-6.576861220410203934e-01,1.172815717524830825e+00,1.172815717524830825e+00,3.220862835990846440e-01
1.355000000000000071e+01,9.019877256079053041e+01,-6.264894786609986888e-01,1.149329996103199303e+00,1.149329996103199303e+00,3.969784299901607527e-01
1.360000000000000142e+01,9.053732836933018291e+01,-5.905629159224822233e-01,1.167746466875132505e+00,1.167746466875132505e+00,3.769687971638270296e-01
1.365000000000000036e+01,9.087210002464925651e+01,-5.520551645441731381e-01,1.176061751243702380e+00,1.176061751243702380e+00,4.274538102158640940e-01
1.370000000000000107e+01,9.120666622619077657e+01,-5.085550266995479962e-01,1.147603909904651553e+00,1.147603909904651553e+00,5.157084280032728785e-01
1.375000000000000000e+01,9.154096720827196521e+01,-4.601839077411037371e-01,1.157713686166695899e+00,1.157713686166695899e+00,5.179370962210162466e-01
1.380000000000000071e+01,9.187332236954857478e+01,-4.081126532301030951e-01,1.249868728374956106e+00,1.249868728374956106e+00,5.774263122572295126e-01
1.385000000000000142e+01,9.220614857375441886e+01,-3.565831720575398101e-01,1.269235683389644542e+00,1.269235683389644542e+00,6.669563951996319018e-01
1.390000000000000036e+01,9.253875901192756714e+01,-3.030360578523070836e-01,1.180935525597963220e+00,1.180935525597963220e+00,6.849483726209025791e-01
1.395000000000000107e+01,9.286559201754003823e+01,-2.440147599580954618e-01,1.231628483601725055e+00,1.231628483601725055e+00,7.504648983450473709e-01
1.400000000000000000e+01,9.319075339488520626e+01,-1.843366248285873144e-01,1.215270348651048549e+00,1.215270348651048549e+00,8.376643496004378964e-01
1.405000000000000071e+01,9.351417237627512691e+01,-1.213253458955811381e-01,1.287303316833777966e+00,1.287303316833777966e+00,8.748873264645814496e-01
1.410000000000000142e+01,9.384082043234110415e+01,-5.577741956742822416e-02,1.284029938803407322e+00,1.284029938803407322e+00,9.499487588195693055e-01
1.415000000000000036e+01,9.416786684410398323e+01,1.643212762470144805e-02,1.259154978033781846e+00,1.259154978033781846e+00,1.038905774856297093e+00
1.420000000000000107e+01,9.449541761568133325e+01,9.448623857386265201e-02,1.229916052490550804e+00,1.229916052490550804e+00,1.100266140076192167e+00
1.425000000000000000e+01,9.482074023390539708e+01,1.775790524969550477e-01,1.199450738624421531e+00,1.199450738624421531e+00,1.193829761451017379e+00
1.430000000000000071e+01,9.514492117929538040e+01,2.664902237117938721e-01,1.182142300965024484e+00,1.182142300965024484e+00,1.292348776776813146e+00
1.435000000000000142e+01,9.546542258396364389e+01,3.562573727916222843e-01,1.249217254807269972e+00,1.249217254807269972e+00,1.360977553204955059e+00
1.440000000000000036e+01,9.578826656987088484e+01,4.484247061013957869e-01,1.240503032152000085e+00,1.240503032152000085e+00,1.439271165669354646e+00
1.445000000000000107e+01,9.610906416685628528e+01,5.437274365240640783e-01,1.175058076161438869e+00,1.175058076161438869e+00,1.523760870616724272e+00
1.450000000000000000e+01,9.642691122167717310e+01,6.454872429999555239e-01,1.132218258229952479e+00,1.132218258229952479e+00,1.576623432914580070e+00
1.455000000000000071e+01,9.674031452509257178e+01,7.497074460529504769e-01,1.149448090508798925e+00,1.149448090508798925e+00,1.632340185384714371e+00
1.460000000000000142e+01,9.705351796420923449e+01,8.564705925421125521e-01,1.154521122061021643e+00,1.154521122061021643e+00,1.691852592935667809e+00
1.465000000000000036e+01,9.736343961563470373e+01,9.637217111169109618e-01,1.201636218866987127e+00,1.201636218866987127e+00,1.739770195281421294e+00
1.470000000000000107e+01,9.767332961684772386e+01,1.071026942153940453e+00,1.272190470287119402e+00,1.272190470287119402e+00,1.764046146877821686e+00
1.475000000000000000e+01,9.798372755891656993e+01,1.177097444155096317e+00,1.245901954472383277e+00,1.245901954472383277e+00,1.786774021718771088e+00
1.480000000000000071e+01,9.829138502936918087e+01,1.286129347868217421e+00,1.174065930496450028e+00,1.174065930496450028e+00,1.812242207401548733e+00
1.485000000000000142e+01,9.859442817905116385e+01,1.399755614269884596e+00,1.203898196109020269e+00,1.203898196109020269e+00,1.821512271429067242e+00
1.490000000000000036e+01,9.889613481921639959e+01,1.513453473279772421e+00,1.200958314655587778e+00,1.200958314655587778e+00,1.817925482506682178e+00
1.495000000000000107e+01,9.919249440026577247e+01,1.625830411211080406e+00,1.225739597780625356e+00,1.225739597780625356e+00,1.815320858586960018e+00
1.500000000000000000e+01,9.948767818367244331e+01,1.737994117998199251e+00,1.183173958703359618e+00,1.183173958703359618e+00,1.811931896535155628e+00
1.505000000000000071e+01,9.977789344191613452e+01,1.852420481898082061e+00,1.235738143296565505e+00,1.235738143296565505e+00,1.780006890983948598e+00
1.510000000000000142e+01,1.000728067528008154e+02,1.970437610838029263e+00,1.236954946646448894e+00,1.236954946646448894e+00,1.749556550895785101e+00
1.515000000000000036e+01,1.003683025621088944e+02,2.091859572466921335e+00,1.265326068463441755e+00,1.265326068463441755e+00,1.721872733861344429e+00
1.520000000000000107e+01,1.006643760688486537e+02,2.212546492385493391e+00,1.258487648679521120e+00,1.258487648679521120e+00,1.680203410013498599e+00
1.525000000000000000e+01,1.009577461085470986e+02,2.336787608327227872e+00,1.239538904860283619e+00,1.239538904860283619e+00,1.621305659846496994e+00
1.530000000000000071e+01,1.012494785529367363e+02,2.463366384262449582e+00,1.197888229130603888e+00,1.197888229130603888e+00,1.567141153043127844e+00
1.535000000000000142e+01,1.015378211751518194e+02,2.592094855345040472e+00,1.212452119651712401e+00,1.212452119651712401e+00,1.521300891132948419e+00
1.540000000000000036e+01,1.018224795756170238e+02,2.717210227419685875e+00,1.173367269326916817e+00,1.173367269326916817e+00,1.436600385674595026e+00
1.545000000000000107e+01,1.021023309365266272e+02,2.846433691982396041e+00,1.124789160206893124e+00,1.124789160206893124e+00,1.363011170960567009e+00
1.550000000000000000e+01,1.023846830541973674e+02,2.983260404208267769e+00,1.073866251869515676e+00,1.073866251869515676e+00,1.304560332910088771e+00
1.555000000000000071e+01,1.026656122377338960e+02,3.125148540584401058e+00,1.117389037057224366e+00,1.117389037057224366e+00,1.209615095991517064e+00
1.560000000000000142e+01,1.029472672159716211e+02,3.267804722544306539e+00,1.027516204871591343e+00,1.027516204871591343e+00,1.119948398801543066e+00
1.565000000000000036e+01,1.032227003352269463e+02,3.413122552633894191e+00,9.886176967950068839e-01,9.886176967950068839e-01,1.057668351919847760e+00
1.570000000000000107e+01,1.034917934048240085e+02,3.560101884795382254e+00,1.019389629515810469e+00,1.019389629515810469e+00,9.500536248348340207e-01
1.575000000000000000e+01,1.037608908409029169e+02,3.705760681541082402e+00,9.558303029970871556e-01,9.558303029970871556e-01,8.832471331146818372e-01
1.580000000000000071e+01,1.040284491971455054e+02,3.857136639239193698e+00,9.238573839756423212e-01,9.238573839756423212e-01,7.999916306595751259e-01
1.585000000000000142e+01,1.042953536642698111e+02,4.012224992080843045e+00,8.780466565493061371e-01,8.780466565493061371e-01,7.187409933503489112e-01
1.590000000000000036e+01,1.045630572226543222e+02,4.174152127410910573e+00,8.407830012607977466e-01,8.407830012607977466e-01,6.871645647722208761e-01
1.595000000000000107e+01,1.048295569799446980e+02,4.341461806620936947e+00,8.251110901472358261e-01,8.251110901472358261e-01,5.821808617923793783e-01
1.600000000000000000e+01,1.050943055761430429e+02,4.509336719265088611e+00,8.238789220296360849e-01,8.238789220296360849e-01,5.367418723915458045e-01
1.605000000000000071e+01,1.053583359655372931e+02,4.677563205010049074e+00,8.137783154131896790e-01,8.137783154131896790e-01,4.820817777079287048e-01
1.610000000000000142e+01,1.056193059634485820e+02,4.846091637531912077e+00,7.259736127414120332e-01,7.259736127414120332e-01,3.948554059435286367e-01
1.615000000000000213e+01,1.058726823293932426e+02,5.016773772599007586e+00,6.600285361934368211e-01,6.600285361934368211e-01,4.092691320884616624e-01
1.619999999999999929e+01,1.061212994301817218e+02,5.188967035877071865e+00,7.145410658694748562e-01,7.145410658694748562e-01,2.992918482375716560e-01
1.625000000000000000e+01,1.063724354812177353e+02,5.361492616406406952e+00,6.334039467073139251e-01,6.334039467073139251e-01,2.714077753068254717e-01
1.630000000000000071e+01,1.066207940101500924e+02,5.539307599093064027e+00,6.173525110339681543e-01,6.173525110339681543e-01,2.625163343558252760e-01
1.635000000000000142e+01,1.068693174967382191e+02,5.721276719544611922e+00,5.600933188888859160e-01,5.600933188888859160e-01,1.539420287893825956e-01
1.640000000000000213e+01,1.071156396825839039e+02,5.906702926223289296e+00,5.327693071104515621e-01,5.327693071104515621e-01,2.380609158071091691e-01
1.644999999999999929e+01,1.073589410595557609e+02,6.091717895821567197e+00,5.623254125068863907e-01,5.623254125068863907e-01,1.233183172412746914e-01
1.650000000000000000e+01,1.076026880918948905e+02,6.276476567202732504e+00,4.837648819969243008e-01,4.837648819969243008e-01,1.074241995479289224e-01
1.655000000000000071e+01,1.078473485122357118e+02,6.468874001782721095e+00,4.585051491229797938e-01,4.585051491229797938e-01,2.108929588058335303e-01
1.660000000000000142e+01,1.080864448180403912e+02,6.660445111510707505e+00,4.782918693907611818e-01,4.782918693907611818e-01,2.607599347142434965e-02
1.665000000000000213e+01,1.083275104510447164e+02,6.852758190313844366e+00,5.070268127459918173e-01,5.070268127459918173e-01,1.791398636852334081e-01
1.669999999999999929e+01,1.085706570993796447e+02,7.043477325506165343e+00,5.184175339336404287e-01,5.184175339336404287e-01,1.569598333948761804e-01
1.675000000000000000e+01,1.088136722198780859e+02,7.234877643494996846e+00,4.941603957144992121e-01,4.941603957144992121e-01,1.246591880860149493e-01
1.680000000000000071e+01,1.090560521774238651e+02,7.428216951485151043e+00,4.803745134306650066e-01,4.803745134306650066e-01,2.820666264745154694e-01
1.685000000000000142e+01,1.092942024048244321e+02,7.619732904326124157e+00,4.977803427685008608e-01,4.977803427685008608e-01,1.799846570488316810e-01
1.690000000000000213e+01,1.095351179205316896e+02,7.813052354269974131e+00,4.826035004181796206e-01,4.826035004181796206e-01,2.369036334424183821e-01
1.694999999999999929e+01,1.097753415246576907e+02,8.007254218325156714e+00,5.416925100854531605e-01,5.416925100854531605e-01,2.875009006404320999e-01
1.700000000000000000e+01,1.100155450518052049e+02,8.199370572154432324e+00,4.519544558395784950e-01,4.519544558395784950e-01,2.551872807016055122e-01
1.705000000000000071e+01,1.102521149960288511e+02,8.395954534282513038e+00,3.979288116037485445e-01,3.979288116037485445e-01,3.451018831258627628e-01
1.710000000000000142e+01,1.104881473691905427e+02,8.595739460995980963e+00,3.368050110267293284e-01,3.368050110267293284e-01,3.164294680551411609e-01
1.715000000000000213e+01,1.107216633579698595e+02,8.800060435591753105e+00,3.159636130652138108e-01,3.159636130652138108e-01,3.252665283310746114e-01
1.719999999999999929e+01,1.109552465247421793e+02,9.006457637033317809e+00,3.507169512891816776e-01,3.507169512891816776e-01,3.998801730031620871e-01
1.725000000000000000e+01,1.111894717938623245e+02,9.211482620616669337e+00,3.169756958059071761e-01,3.169756958059071761e-01,3.466217824444658979e-01
1.730000000000000071e+01,1.114179484586582305e+02,9.414390789104247759e+00,3.023686462284478904e-01,3.023686462284478904e-01,3.879070573246428677e-01
1.735000000000000142e+01,1.116500292044407985e+02,9.621475750177751252e+00,2.961048540932981754e-01,2.961048540932981754e-01,4.029324302768276245e-01
1.740000000000000213e+01,1.118804583193117992e+02,9.828421471575783386e+00,3.170805634035849252e-01,3.170805634035849252e-01,3.825587729439327012e-01
1.744999999999999929e+01,1.121129417018223648e+02,1.003556053791126601e+01,2.268738662864945299e-01,2.268738662864945299e-01,4.491007589259957133e-01
1.750000000000000000e+01,1.123412743694432123e+02,1.024668103166630395e+01,3.207425934857235927e-01,3.207425934857235927e-01,4.128395598396799038e-01
1.755000000000000071e+01,1.125702440319092119e+02,1.045168136187183450e+01,2.909986025361437356e-01,2.909986025361437356e-01,4.241220460736224718e-01
1.760000000000000142e+01,1.127977472345097567e+02,1.065767347217962957e+01,3.003845892512072013e-01,3.003845892512072013e-01,4.739243579287831798e-01
1.765000000000000213e+01,1.130259124637060495e+02,1.086466042164992452e+01,2.674699095413118899e-01,2.674699095413118899e-01,4.342815009876301868e-01
1.769999999999999929e+01,1.132517730982410029e+02,1.107191689559752845e+01,2.689456126255239665e-01,2.689456126255239665e-01,4.729258402684549112e-01
1.775000000000000000e+01,1.134778307321074777e+02,1.127902430693187341e+01,2.195529953866270367e-01,2.195529953866270367e-01,4.709570168353892083e-01
1.780000000000000071e+01,1.137023232675507103e+02,1.149000561169295587e+01,1.850124336166744377e-01,1.850124336166744377e-01,4.577796677984254381e-01
1.785000000000000142e+01,1.139237640006636809e+02,1.170055534131997099e+01,9.463941978349756090e-02,9.463941978349756090e-02,5.184277440385218760e-01
1.790000000000000213e+01,1.141393358266527827e+02,1.191301387607907181e+01,9.934464427435829581e-02,9.934464427435829581e-02,4.587066420268770539e-01
1.794999999999999929e+01,1.143567327611781081e+02,1.212733848058233121e+01,1.030879637822160327e-01,1.030879637822160327e-01,4.713583046244911867e-01
1.800000000000000000e+01,1.145762159337808725e+02,1.234318998204638262e+01,8.911980891373852409e-02,8.911980891373852409e-02,4.823648354901979851e-01
1.805000000000000071e+01,1.147962731342465190e+02,1.256061362529846726e+01,3.727458824522391495e-02,3.727458824522391495e-02,4.467410738750959842e-01
1.810000000000000142e+01,1.150153140375583121e+02,1.278146171879351378e+01,6.547904897479996100e-02,6.547904897479996100e-02,4.836464024818785123e-01
1.815000000000000213e+01,1.152331772522665290e+02,1.299863658368356134e+01,2.911627834293911005e-02,2.911627834293911005e-02,4.487076230728880843e-01
1.819999999999999929e+01,1.154530794082556042e+02,1.322093839113335889e+01,-4.079839176751935172e-03,-4.079839176751935172e-03,4.359146608549857027e-01
1.825000000000000000e+01,1.156702353515156432e+02,1.344311195399630776e+01,-1.626570605315864892e-02,-1.626570605315864892e-02,4.805219977579818780e-01
1.830000000000000071e+01,1.158854407223561225e+02,1.366438811608230353e+01,1.939788686827300865e-02,1.939788686827300865e-02,4.133677720486385598e-01
1.835000000000000142e+01,1.161006920329441385e+02,1.388246354175608133e+01,4.762404580217623196e-02,4.762404580217623196e-02,4.301447346910045044e-01
1.840000000000000213e+01,1.163151496519846120e+02,1.409676098438228564e+01,6.465309095930214800e-02,6.465309095930214800e-02,4.285407469698835903e-01
1.844999999999999929e+01,1.165280576720743966e+02,1.430805520505889383e+01,8.259944841316052555e-02,8.259944841316052555e-02,3.977650850016029027e-01
1.850000000000000000e+01,1.167381298025054832e+02,1.451496073652403496e+01,9.896328961883717190e-02,9.896328961883717190e-02,4.629679511018604532e-01
1.855000000000000071e+01,1.169514295496949217e+02,1.472343662395740793e+01,5.862518768955723297e-02,5.862518768955723297e-02,3.952108955807366319e-01
1.860000000000000142e+01,1.171595958114778853e+02,1.493054295429988798e+01,5.240917693141465550e-02,5.240917693141465550e-02,4.157301059183566294e-01
1.865000000000000213e+01,1.173659904287652580e+02,1.513604079793398149e+01,-1.294395492433101681e-02,-1.294395492433101681e-02,4.084881067832934476e-01
1.869999999999999929e+01,1.175685773174042481e+02,1.534377477913769816e+01,-4.305928251794808453e-02,-4.305928251794808453e-02,3.810108009866626788e-01
1.875000000000000000e+01,1.177702072937143356e+02,1.555294398864868022e+01,-7.056397658226112868e-02,-7.056397658226112868e-02,4.281011109486209110e-01
1.880000000000000071e+01,1.179733679882750153e+02,1.576591607389667438e+01,-1.794782718681092459e-01,-1.794782718681092459e-01,3.539325746534016104e-01
1.885000000000000142e+01,1.181718705726646590e+02,1.598358914642463446e+01,-1.623515598099220247e-01,-1.623515598099220247e-01,3.819756881279606220e-01
1.890000000000000213e+01,1.183740047368912940e+02,1.620277583345972161e+01,-1.005920765867786698e-01,-1.005920765867786698e-01,3.380252883967430622e-01
1.894999999999999929e+01,1.185827402492757443e+02,1.642244730529066388e+01,-5.523303318530245476e-02,-5.523303318530245476e-02,3.159494995810143703e-01
1.900000000000000000e+01,1.187938905987484617e+02,1.664008080660823552e+01,-2.549075359648294084e-02,-2.549075359648294084e-02,3.702819853400983185e-01
1.905000000000000071e+01,1.190082645643856125e+02,1.685809720366400200e+01,-1.031084365148427495e-01,-1.031084365148427495e-01,2.900701593704639314e-01
1.910000000000000142e+01,1.192216185825756725e+02,1.708166622578385230e+01,-1.117160070446716197e-01,-1.117160070446716197e-01,3.183347983422075700e-01
1.915000000000000213e+01,1.194343711342862946e+02,1.730512723980217515e+01,-9.544236671320131815e-02,-9.544236671320131815e-02,3.033541126771432950e-01
1.920000000000000284e+01,1.196468332471565219e+02,1.752643891078824012e+01,-1.008123222562106597e-01,-1.008123222562106597e-01,2.557130405832963582e-01
1.925000000000000000e+01,1.198609512136590354e+02,1.774957566031761758e+01,-1.960718199283869104e-02,-1.960718199283869104e-02,3.328074510552306853e-01
1.930000000000000071e+01,1.200762510739196074e+02,1.796629280266961715e+01,2.357162496530557788e-02,2.357162496530557788e-02,2.470180983120492391e-01
1.935000000000000142e+01,1.202944372814431802e+02,1.818199792172303830e+01,-3.006322971986978912e-02,-3.006322971986978912e-02,2.587325298422100128e-01
1.940000000000000213e+01,1.205095545136915263e+02,1.839925094864472044e+01,1.979122653835351311e-02,1.979122653835351311e-02,2.952872267175528642e-01
1.945000000000000284e+01,1.207263453183058175e+02,1.861367524663482342e+01,1.296028235188744770e-01,1.296028235188744770e-01,2.220996098543280006e-01
1.950000000000000000e+01,1.209498351828268454e+02,1.882487363861084262e+01,1.090644429792138881e-01,1.090644429792138881e-01,2.963904206982520551e-01
1.955000000000000071e+01,1.211687515356658906e+02,1.903306670153638436e+01,1.609693334704800360e-01,1.609693334704800360e-01,2.536181621795883245e-01
1.960000000000000142e+01,1.213914640919668102e+02,1.924090818471636766e+01,1.479124290366305716e-01,1.479124290366305716e-01,2.483026317969626029e-01
1.965000000000000213e+01,1.216131309451573941e+02,1.944874107737773627e+01,1.524521856797182717e-01,1.524521856797182717e-01,3.253839947135220845e-01
1.970000000000000284e+01,1.218331292696318968e+02,1.965492866769099933e+01,1.078324414513303076e-01,1.078324414513303076e-01,2.450360426238237244e-01
1.975000000000000000e+01,1.220513239100257579e+02,1.986322038502784082e+01,1.630085203702223151e-01,1.630085203702223151e-01,2.995838034343769607e-01
1.980000000000000071e+01,1.222721253542632951e+02,2.006893044097981971e+01,1.495401191591604062e-01,1.495401191591604062e-01,2.835223937134498939e-01
1.985000000000000142e+01,1.224934058290248515e+02,2.027699506693963727e+01,1.249091685697560905e-01,1.249091685697560905e-01,2.637892562586556799e-01
1.990000000000000213e+01,1.227116364992405835e+02,2.048398382870162138e+01,1.377800872468377125e-01,1.377800872468377125e-01,3.514918952536731922e-01
1.995000000000000284e+01,1.229269536227695170e+02,2.068782403802604719e+01,1.551121105162183988e-01,1.551121105162183988e-01,2.649617046662720021e-01
2.000000000000000000e+01,1.231423958711688300e+02,2.089002811160572293e+01,1.678639913321357535e-01,1.678639913321357535e-01,3.143098184027732778e-01
2.005000000000000071e+01,1.233593481700970926e+02,2.109249891333902127e+01,1.898279371111952774e-01,1.898279371111952774e-01,3.022671045029150516e-01
2.010000000000000142e+01,1.235771968103539677e+02,2.129455069810962797e+01,1.643593493127256111e-01,1.643593493127256111e-01,2.873633905158797242e-01
2.015000000000000213e+01,1.237931309002581770e+02,2.149673964910522272e+01,1.844548077145862774e-01,1.844548077145862774e-01,3.628260859193003229e-01
2.020000000000000284e+01,1.240088279153028594e+02,2.169744164715959300e+01,1.671762104624552048e-01,1.671762104624552048e-01,2.904692575753284323e-01
2.025000000000000000e+01,1.242254171254191419e+02,2.190053532672839154e+01,1.071306055373219823e-01,1.071306055373219823e-01,3.436992471394902382e-01
2.030000000000000071e+01,1.244421680756542798e+02,2.210856700341463466e+01,7.090103144282719483e-02,7.090103144282719483e-02,3.200794408878725461e-01
2.035000000000000142e+01,1.246569947959499132e+02,2.231831493732431326e+01,4.415209052568244696e-02,4.415209052568244696e-02,3.035662282440566573e-01
2.040000000000000213e+01,1.248705308854669624e+02,2.252898730926206028e+01,-1.657618381254024817e-02,-1.657618381254024817e-02,3.684689262044923419e-01
2.045000000000000284e+01,1.250816989695469488e+02,2.274288960241451107e+01,-5.314357235122196821e-02,-5.314357235122196821e-02,2.860416636776717536e-01
2.050000000000000000e+01,1.252932327126024745e+02,2.296016253676047114e+01,-8.020340476103295091e-02,-8.020340476103295091e-02,3.218350563703107348e-01
2.055000000000000071e+01,1.255013523069068810e+02,2.317626718048227730e+01,-9.460115467268477574e-02,-9.460115467268477574e-02,2.969572164379580270e-01
2.060000000000000142e+01,1.257071315700439982e+02,2.339107730329743617e+01,-1.144972895214585590e-01,-1.144972895214585590e-01,2.625188971288558437e-01
2.065000000000000213e+01,1.259111702789202099e+02,2.360566304639111834e+01,-1.173779348061514266e-01,-1.173779348061514266e-01,3.331100146786949989e-01
2.070000000000000284e+01,1.261153221672944653e+02,2.382020443884135119e+01,-1.407734323668440313e-01,-1.407734323668440313e-01,2.311716555595988154e-01
2.075000000000000000e+01,1.263181980559011066e+02,2.403527895807583548e+01,-8.900307972432867920e-02,-8.900307972432867920e-02,2.778605689433151782e-01
2.080000000000000071e+01,1.265236465692780001e+02,2.424796185446109575e+01,-8.776148102566010134e-02,-8.776148102566010134e-02,2.390114429123325612e-01
2.085000000000000142e+01,1.267293396862623496e+02,2.446046055918654005e+01,-7.218974259402248517e-02,-7.218974259402248517e-02,2.126589532719059539e-01
2.090000000000000213e+01,1.269365286912483981e+02,2.467279355714669009e+01,-4.248147041982186511e-02,-4.248147041982186511e-02,2.860137021971289606e-01
2.095000000000000284e+01,1.271439220259680241e+02,2.488249868808964038e+01,-1.421379224272931868e-02,-1.421379224272931868e-02,1.821545876231726868e-01
2.100000000000000000e+01,1.273516126896364256e+02,2.508978861872035893e+01,3.611730124460841868e-03,3.611730124460841868e-03,2.609088066020429086e-01
2.105000000000000071e+01,1.275608948979927959e+02,2.529686756253571644e+01,3.272383785986391486e-02,3.272383785986391486e-02,2.021738752735405542e-01
2.110000000000000142e+01,1.277704744202941072e+02,2.550166028006896468e+01,3.505503533349407091e-02,3.505503533349407091e-02,2.003411770299241557e-01
2.115000000000000213e+01,1.279823503168710062e+02,2.570840580006763432e+01,-6.775649958776739333e-03,-6.775649958776739333e-03,2.592077586342850237e-01
2.120000000000000284e+01,1.281966322847084996e+02,2.592117012849480417e+01,-4.550044313896575709e-02,-4.550044313896575709e-02,1.676462337120701862e-01
2.125000000000000000e+01,1.284108693739114813e+02,2.613718015060638677e+01,-6.176018969416164489e-02,-6.176018969416164489e-02,2.529087360897055992e-01
2.130000000000000071e+01,1.286248833306524659e+02,2.635424974272876852e+01,-6.016308380354760260e-02,-6.016308380354760260e-02,1.895775405047716855e-01
2.135000000000000142e+01,1.288399877375431402e+02,2.657201442657165913e+01,-3.221123385463840749e-02,-3.221123385463840749e-02,1.685150621014077088e-01
2.140000000000000213e+01,1.290569599509120167e+02,2.678895118870725156e+01,-4.744641977117641102e-02,-4.744641977117641102e-02,2.665936393221091105e-01
2.145000000000000284e+01,1.292741448020211692e+02,2.700729334072012122e+01,2.771602225191967597e-02,2.771602225191967597e-02,1.412905897990439086e-01
2.150000000000000000e+01,1.294960719016752932e+02,2.722336959222757713e+01,-9.570586017975444768e-03,-9.570586017975444768e-03,2.040328063128206415e-01
2.155000000000000071e+01,1.297132495011740332e+02,2.743816762872825876e+01,-1.190861527153451276e-02,-1.190861527153451276e-02,2.025957565867217425e-01
2.160000000000000142e+01,1.299307482034678856e+02,2.765345120138619350e+01,-4.574526178278200128e-02,-4.574526178278200128e-02,1.347491262594387729e-01
2.165000000000000213e+01,1.301485678652509819e+02,2.787189002579775021e+01,-1.692437582148018788e-02,-1.692437582148018788e-02,2.589944501801708654e-01
2.170000000000000284e+01,1.303690577665887247e+02,2.809017898973822724e+01,-2.015221766560860647e-02,-2.015221766560860647e-02,1.459509646090119683e-01
2.175000000000000000e+01,1.305883558764710699e+02,2.830753428070377709e+01,-2.383365905676038468e-02,-2.383365905676038468e-02,1.576745424979043853e-01
2.180000000000000071e+01,1.308067737721054016e+02,2.852428496208062469e+01,-5.641445484664795590e-02,-5.641445484664795590e-02,2.309772226023627528e-01
2.185000000000000142e+01,1.310210957118322597e+02,2.873981217748875494e+01,-6.316898989800195929e-02,-6.316898989800195929e-02,1.073027045110852840e-01
2.190000000000000213e+01,1.312344177808152779e+02,2.895484120022796048e+01,-9.033875586530652757e-02,-9.033875586530652757e-02,2.123812955640843880e-01
2.195000000000000284e+01,1.314472144378522955e+02,2.917165076239819044e+01,-9.360212635010893567e-02,-9.360212635010893567e-02,1.493851068499111867e-01
2.200000000000000000e+01,1.316587741355172909e+02,2.938726374200494362e+01,-7.007569716944615779e-02,-7.007569716944615779e-02,1.161789337822240475e-01
2.205000000000000071e+01,1.318719743536832993e+02,2.960221799694416589e+01,-8.466445718839057943e-02,-8.466445718839057943e-02,2.374777828182147166e-01
2.210000000000000142e+01,1.320859426659573614e+02,2.981891360842148941e+01,-7.869532603547084448e-02,-7.869532603547084448e-02,7.860090388862681077e-02
2.215000000000000213e+01,1.323012273150237661e+02,3.003621340351833169e+01,-1.034398218786130863e-01,-1.034398218786130863e-01,1.740034145953936739e-01
2.220000000000000284e+01,1.325161827379991166e+02,3.025525050826735551e+01,-8.337121032014482847e-02,-8.337121032014482847e-02,1.569172187341520974e-01
2.225000000000000000e+01,1.327318133015118349e+02,3.047284963041089512e+01,-4.862106916212967367e-02,-4.862106916212967367e-02,6.891376327464153462e-02
2.230000000000000071e+01,1.329472527175981327e+02,3.068712926376940686e+01,-1.844818382717885313e-02,-1.844818382717885313e-02,2.439869044622217098e-01
2.235000000000000142e+01,1.331603466266086855e+02,3.089636451468166811e+01,-7.633791420217105050e-02,-7.633791420217105050e-02,7.477391559824154987e-02
2.240000000000000213e+01,1.333718499755638902e+02,3.110915135019562072e+01,-1.135722193497895882e-01,-1.135722193497895882e-01,1.438737747009597445e-01
2.245000000000000284e+01,1.335821126277743360e+02,3.132399605061547021e+01,-9.318351215014539224e-02,-9.318351215014539224e-02,1.652716036324939908e-01
2.250000000000000000e+01,1.337926316219084697e+02,3.153691837005217380e+01,-7.029012308320521651e-02,-7.029012308320521651e-02,4.386686209551057813e-02
2.255000000000000071e+01,1.340069708854304622e+02,3.175133224897584583e+01,-1.479820602943258956e-01,-1.479820602943258956e-01,2.313402247356143859e-01
2.260000000000000142e+01,1.342168983169447642e+02,3.196844029272314813e+01,-1.738608052894117240e-01,-1.738608052894117240e-01,7.208070268121370694e-02
2.265000000000000213e+01,1.344242792077855597e+02,3.218496256805733680e+01,-1.423069978572864824e-01,-1.423069978572864824e-01,1.266227271086224349e-01
2.270000000000000284e+01,1.346337912796844023e+02,3.240055814210137441e+01,-1.345543055939935062e-01,-1.345543055939935062e-01,1.741815553257710092e-01
2.275000000000000000e+01,1.348466242557310295e+02,3.261803785234763353e+01,-1.595318029288281814e-01,-1.595318029288281814e-01,2.699259782667120383e-02
2.280000000000000071e+01,1.350556073893106088e+02,3.283410292458121660e+01,-1.294089745590946694e-01,-1.294089745590946694e-01,2.185545168470928168e-01
2.285000000000000142e+01,1.352657261617786162e+02,3.304848165886276234e+01,-1.595043319676711646e-01,-1.595043319676711646e-01,9.098637673182559393e-02
2.290000000000000213e+01,1.354756529978029960e+02,3.326483191850789467e+01,-1.171485958984867376e-01,-1.171485958984867376e-01,1.218344146088606722e-01
2.295000000000000284e+01,1.356868179951869138e+02,3.347856035939665986e+01,-9.213166371551435863e-02,-9.213166371551435863e-02,1.947047451985080002e-01
2.300000000000000000e+01,1.358988304790695167e+02,3.369051132059493625e+01,-9.013737738380397935e-02,-9.013737738380397935e-02,5.826185268975043324e-02
2.305000000000000071e+01,1.361079877299396230e+02,3.389933601355144077e+01,-7.595616543658778586e-02,-7.595616543658778586e-02,2.212479923816467742e-01
2.310000000000000142e+01,1.363182936178098430e+02,3.410799327759833233e+01,-3.859576881111157626e-02,-3.859576881111157626e-02,1.063979054330137231e-01
2.315000000000000213e+01,1.365289792198048815e+02,3.431352803461555823e+01,-8.226775990354569593e-03,-8.226775990354569593e-03,1.367847673701465261e-01
2.320000000000000284e+01,1.367395174506140449e+02,3.451627669356544459e+01,-2.703006908464004182e-02,-2.703006908464004182e-02,1.849900492374856875e-01
2.325000000000000000e+01,1.369479135396780407e+02,3.471860051986262619e+01,-8.241824329671501581e-02,-8.241824329671501581e-02,7.465933415049620658e-02
2.330000000000000071e+01,1.371529604459263112e+02,3.492272903640953530e+01,-2.271602688638440712e-02,-2.271602688638440712e-02,2.525656444886075214e-01
2.335000000000000142e+01,1.373649586909123173e+02,3.512808256402711748e+01,-4.254579236734007397e-02,-4.254579236734007397e-02,8.791877773397749340e-02
2.340000000000000213e+01,1.375744633223536653e+02,3.533272518297930986e+01,-7.145509187851098454e-02,-7.145509187851098454e-02,1.682188061357278719e-01
2.345000000000000284e+01,1.377801337427610235e+02,3.553638670272420086e+01,-7.465951945631210673e-02,-7.465951945631210673e-02,1.564619640282176039e-01
2.350000000000000000e+01,1.379874822262329417e+02,3.574163765059583397e+01,-1.088669466905327898e-01,-1.088669466905327898e-01,1.040751903956945168e-01
2.355000000000000071e+01,1.381924157520529945e+02,3.594768863373179357e+01,-1.312802371766761678e-01,-1.312802371766761678e-01,2.372889307853145446e-01
2.360000000000000142e+01,1.384007761250776412e+02,3.615838006501796542e+01,-1.194702766492106993e-01,-1.194702766492106993e-01,9.259531336028684056e-02
2.365000000000000213e+01,1.386076249604747375e+02,3.636670379600344205e+01,-2.710636521446983110e-02,-2.710636521446983110e-02,2.070488616461898246e-01
2.370000000000000284e+01,1.388149935565500357e+02,3.656719984970654735e+01,-3.179585087096279544e-02,-3.179585087096279544e-02,1.422188193798908928e-01
2.375000000000000000e+01,1.390213057920628899e+02,3.676700659502257906e+01,6.972320373809314832e-03,6.972320373809314832e-03,1.424934785710139096e-01
2.380000000000000071e+01,1.392267485400730038e+02,3.696266027505184582e+01,2.608648274448330598e-02,2.608648274448330598e-02,2.014272383512294429e-01
2.385000000000000142e+01,1.394318733395344907e+02,3.715636186333640723e+01,7.802825277596871223e-02,7.802825277596871223e-02,9.747909082785805035e-02
2.390000000000000213e+01,1.396393167716448147e+02,3.734777540209651647e+01,8.025979535616896421e-02,8.025979535616896421e-02,2.588391886293928690e-01
2.395000000000000284e+01,1.398462594413805959e+02,3.753877232388214935e+01,1.772022366509465596e-01,1.772022366509465596e-01,8.196058432000412342e-02
2.400000000000000000e+01,1.400549266147219782e+02,3.772325008832029170e+01,1.398532073873476334e-01,1.398532073873476334e-01,2.008543645344330886e-01
2.405000000000000071e+01,1.402628330423098646e+02,3.791008628705004213e+01,1.815406048744165612e-01,1.815406048744165612e-01,1.039204920136284627e-01
2.410000000000000142e+01,1.404698922583134504e+02,3.809322440037899327e+01,1.791386669199969139e-01,1.791386669199969139e-01,1.387478718586199478e-01
2.415000000000000213e+01,1.406778918518292585e+02,3.827767933381263532e+01,2.075943769568558139e-01,2.075943769568558139e-01,1.481624598213841792e-01
2.420000000000000284e+01,1.408852009586386487e+02,3.845949973516369624e+01,1.896550685474840958e-01,1.896550685474840958e-01,7.846256570918268280e-02
2.425000000000000000e+01,1.410905379008860336e+02,3.864098800903600051e+01,2.197957723951273201e-01,2.197957723951273201e-01,1.968866163718729356e-01
2.430000000000000071e+01,1.412935350485073513e+02,3.881791080194969368e+01,1.996643843440913391e-01,1.996643843440913391e-01,3.364363042721411207e-02
2.435000000000000142e+01,1.414944621142503820e+02,3.899526894373851604e+01,1.869174220950952647e-01,1.869174220950952647e-01,2.370488984853167669e-01
2.440000000000000213e+01,1.416940113790327871e+02,3.917303935645755786e+01,1.502214203690134531e-01,1.502214203690134531e-01,3.473745022325093468e-02
2.445000000000000284e+01,1.418937466248935664e+02,3.935380777081748960e+01,1.884021589805089658e-01,1.884021589805089658e-01,2.271878259605042416e-01
2.450000000000000000e+01,1.420992856566080889e+02,3.953710825135437545e+01,2.298437693731304188e-01,2.298437693731304188e-01,7.553280908195833532e-02
2.455000000000000071e+01,1.423009878375442838e+02,3.971394065441205612e+01,2.165466495716458772e-01,2.165466495716458772e-01,1.900453089262171547e-01
2.460000000000000142e+01,1.425023379045360059e+02,3.989162419891824385e+01,1.723994110885095910e-01,1.723994110885095910e-01,1.211395362011774002e-01
2.465000000000000213e+01,1.427004900127822964e+02,4.007069604936910423e+01,1.289622496598120671e-01,1.289622496598120671e-01,1.660553746146345711e-01
2.470000000000000284e+01,1.428965213306009332e+02,4.025148929833746791e+01,1.048478391381589270e-01,1.048478391381589270e-01,1.588580327472415010e-01
2.475000000000000000e+01,1.430916356177334876e+02,4.043396277205024347e+01,5.809997034663913484e-02,5.809997034663913484e-02,1.444704429540252799e-01
2.480000000000000071e+01,1.432821004611314208e+02,4.061586883488670452e+01,9.195276004171593076e-02,9.195276004171593076e-02,1.895095883556022209e-01
2.485000000000000142e+01,1.434722205263578587e+02,4.079457419391378892e+01,1.567885329375955372e-01,1.567885329375955372e-01,1.311672104944872352e-01
2.490000000000000213e+01,1.436673980493676765e+02,4.097244440818729316e+01,2.190479796519545774e-01,2.190479796519545774e-01,2.188748372351322080e-01
2.495000000000000284e+01,1.438662661913197383e+02,4.114916765450458769e+01,1.694488026546445425e-01,1.694488026546445425e-01,1.332144726410164071e-01
2.500000000000000000e+01,1.440644622799898968e+02,4.132967840408848303e+01,1.648527824080489035e-01,1.648527824080489035e-01,2.599191238716387353e-01
2.505000000000000071e+01,1.442633989656904419e+02,4.151131516195730597e+01,2.116943574369831993e-01,2.116943574369831993e-01,1.415187136544810431e-01
2.510000000000000142e+01,1.444629613501851111e+02,4.168993934987851446e+01,2.172452195111670981e-01,2.172452195111670981e-01,2.800603985607308943e-01
2.515000000000000213e+01,1.446613828693638197e+02,4.186668321809638371e+01,2.387636346711216329e-01,2.387636346711216329e-01,1.656799971962448770e-01
2.520000000000000284e+01,1.448602102037915813e+02,4.204267405807872393e+01,2.290093407454425745e-01,2.290093407454425745e-01,2.671942070413156345e-01
2.525000000000000000e+01,1.450587732826682270e+02,4.221917496790985069e+01,2.283538728987337674e-01,2.283538728987337674e-01,1.965198287485152295e-01
2.530000000000000071e+01,1.452570760252141042e+02,4.239630665097236317e+01,2.261608507605099294e-01,2.261608507605099294e-01,2.590771103714608059e-01
2.535000000000000142e+01,1.454534709769292249e+02,4.257137111571639565e+01,1.740667231822936312e-01,1.740667231822936312e-01,2.279320502649758995e-01
2.540000000000000213e+01,1.456479314302733314e+02,4.275003423954543536e+01,1.575923184747026196e-01,1.575923184747026196e-01,2.557099237826444549e-01
2.545000000000000284e+01,1.458432355052590879e+02,4.293097022475956948e+01,2.321414933795129809e-01,2.321414933795129809e-01,2.541648710886777462e-01
2.550000000000000000e+01,1.460420508825126262e+02,4.310946476451457698e+01,2.661622622956515971e-01,2.661622622956515971e-01,2.525868663999895625e-01
2.555000000000000071e+01,1.462420172342258127e+02,4.328583099520867705e+01,2.413733854675435275e-01,2.413733854675435275e-01,2.920951248463796723e-01
2.560000000000000142e+01,1.464408566446014959e+02,4.346424356707030512e+01,2.880644233499653484e-01,2.880644233499653484e-01,2.617728939673809041e-01
2.565000000000000213e+01,1.466437318623139845e+02,4.364133383935831745e+01,2.525415774202806052e-01,2.525415774202806052e-01,3.338545100510820207e-01
2.570000000000000284e+01,1.468460405283162800e+02,4.382227485219974739e+01,1.830155034553138105e-01,1.830155034553138105e-01,2.785247301631980088e-01
2.575000000000000000e+01,1.470440751487853959e+02,4.400493073991520276e+01,2.053114973846027480e-01,2.053114973846027480e-01,3.742164424754541030e-01
2.580000000000000071e+01,1.472410224192462351e+02,4.418597691053957277e+01,1.693758579850823676e-01,1.693758579850823676e-01,2.910891880068967597e-01
2.585000000000000142e+01,1.474381003016725913e+02,4.436934286726957311e+01,1.268152928331352236e-01,1.268152928331352236e-01,3.657824885690426076e-01
2.590000000000000213e+01,1.476325122907396121e+02,4.455442554352168116e+01,1.634995762805137587e-01,1.634995762805137587e-01,3.031246320364340274e-01
2.595000000000000284e+01,1.478271874360476943e+02,4.473688927247315661e+01,1.588426866642261015e-01,1.588426866642261015e-01,3.506817553783683761e-01
2.600000000000000000e+01,1.480257895738714922e+02,4.492293708752890780e+01,1.457861558386588652e-01,1.457861558386588652e-01,3.214496973375692845e-01
2.605000000000000071e+01,1.482218869853801948e+02,4.510808173450870129e+01,1.708333988049722807e-01,1.708333988049722807e-01,3.377559080413770065e-01
2.610000000000000142e+01,1.484198384144272893e+02,4.529256639555706698e+01,8.245671255697077651e-02,8.245671255697077651e-02,3.442899381835412553e-01
2.615000000000000213e+01,1.486127020586484662e+02,4.548049250712585945e+01,1.729553414189783159e-02,1.729553414189783159e-02,3.275531621141145044e-01
2.620000000000000284e+01,1.488054592281615953e+02,4.567408059529567765e+01,1.643376632684157013e-02,1.643376632684157013e-02,3.594346149466668416e-01
2.625000000000000000e+01,1.489990818459669129e+02,4.586869158747135344e+01,9.260860964682615659e-02,9.260860964682615659e-02,3.072695346723370302e-01
2.630000000000000071e+01,1.492002744134087209e+02,4.606332624345573379e+01,5.439184940937521334e-02,5.439184940937521334e-02,3.873523707262919724e-01
2.635000000000000142e+01,1.493988212433068554e+02,4.625904330934320541e+01,1.125012187777630207e-01,1.125012187777630207e-01,3.028222687636145105e-01
2.640000000000000213e+01,1.496003022323716607e+02,4.645212226937526623e+01,6.992955410967717500e-02,6.992955410967717500e-02,3.624780759030593047e-01
2.645000000000000284e+01,1.497992626754152923e+02,4.664687491151444476e+01,2.488771539593846466e-03,2.488771539593846466e-03,3.124961964924075075e-01
2.650000000000000000e+01,1.499896678058855173e+02,4.683918750684799193e+01,3.471209705333844209e-02,3.471209705333844209e-02,3.306091290701650975e-01
2.655000000000000071e+01,1.501822221031173115e+02,4.703040478416284742e+01,-7.354880436826320700e-02,-7.354880436826320700e-02,3.182229999647308571e-01
2.660000000000000142e+01,1.503704968351604805e+02,4.722718925724851147e+01,-1.044185648829486085e-01,-1.044185648829486085e-01,2.998334937663009736e-01
2.665000000000000213e+01,1.505551573097339997e+02,4.742295811080825985e+01,-1.233263031261116333e-01,-1.233263031261116333e-01,3.181402240717468577e-01
2.670000000000000284e+01,1.507390441353010431e+02,4.761929464659331046e+01,-1.371108229887502417e-01,-1.371108229887502417e-01,2.641051767251429983e-01
2.675000000000000000e+01,1.509222243530558387e+02,4.781572419195696710e+01,-1.357186477719580786e-01,-1.357186477719580786e-01,3.196435128373127932e-01
2.680000000000000071e+01,1.511058847812169006e+02,4.801219900573529742e+01,-6.487746316670976732e-02,-6.487746316670976732e-02,2.308613352035050748e-01
2.685000000000000142e+01,1.512901550474161922e+02,4.820261397952292981e+01,-1.115585790271331895e-02,-1.115585790271331895e-02,3.287589115165638898e-01
2.690000000000000213e+01,1.514759601331754482e+02,4.838960769188170019e+01,-1.178937164452324438e-01,-1.178937164452324438e-01,2.162805899265246856e-01
2.695000000000000284e+01,1.516563589449135918e+02,4.858060863624185544e+01,-1.603192403960899681e-01,-1.603192403960899681e-01,3.046292441639867898e-01
2.700000000000000000e+01,1.518337698220054790e+02,4.877237216482779303e+01,-1.652966320086679541e-01,-1.652966320086679541e-01,1.931263133502083285e-01
2.705000000000000071e+01,1.520096210679632804e+02,4.896258892267657359e+01,-1.229908095380935068e-01,-1.229908095380935068e-01,2.691834409215725366e-01
2.710000000000000142e+01,1.521872934211600068e+02,4.915027085853710531e+01,-1.233934142161068753e-01,-1.233934142161068753e-01,1.730175683990312907e-01
2.715000000000000213e+01,1.523664886855363250e+02,4.933922246586224247e+01,-7.991584503385301685e-02,-7.991584503385301685e-02,2.388511336202633062e-01
2.720000000000000284e+01,1.525493035763805381e+02,4.952752142127327062e+01,-1.029292642462103363e-01,-1.029292642462103363e-01,1.652140220614858601e-01
2.725000000000000000e+01,1.527353851003364582e+02,4.972063104652396248e+01,-7.281322099293743855e-02,-7.281322099293743855e-02,2.026763771439247519e-01
2.730000000000000071e+01,1.529261374017922606e+02,4.991549120597207434e+01,-1.447799347214708543e-01,-1.447799347214708543e-01,1.771857667435230155e-01
2.735000000000000142e+01,1.531184913010368973e+02,5.011808999831617228e+01,-5.765942980096162157e-02,-5.765942980096162157e-02,1.513115264173200136e-01
2.740000000000000213e+01,1.533171785925127892e+02,5.031874769729527230e+01,-4.892596644589859017e-02,-4.892596644589859017e-02,2.163765297359415973e-01
2.745000000000000284e+01,1.535186531039668694e+02,5.052112124008525740e+01,-5.092728377439493387e-02,-5.092728377439493387e-02,1.085895553298109606e-01
2.750000000000000000e+01,1.537206158846342419e+02,5.072401284973143731e+01,-6.354488751439267558e-02,-6.354488751439267558e-02,2.577281196453076184e-01
2.755000000000000071e+01,1.539241533716700019e+02,5.092950331297764421e+01,-6.818910746578593640e-02,-6.818910746578593640e-02,1.072840376977066412e-01
2.760000000000000142e+01,1.541285322568673735e+02,5.113598481111015559e+01,-3.757910951187271031e-02,-3.757910951187271031e-02,1.785492482642578038e-01
2.765000000000000213e+01,1.543368537789937989e+02,5.134338990000039615e+01,-5.206468309622495211e-02,-5.206468309622495211e-02,1.618070864492035521e-01
2.770000000000000284e+01,1.545468205346557227e+02,5.155350048435608556e+01,-4.100095094310823168e-02,-4.100095094310823168e-02,1.003190324054906712e-01
2.775000000000000000e+01,1.547612970443427116e+02,5.176692051028391006e+01,-3.684074035829162930e-02,-3.684074035829162930e-02,2.517417198259584432e-01
2.780000000000000071e+01,1.549769001078563235e+02,5.198091929187415872e+01,-8.111793542752981923e-02,-8.111793542752981923e-02,8.477510523321438174e-02
2.785000000000000142e+01,1.551893661089670502e+02,5.219571952112636382e+01,-8.151832645043873005e-02,-8.151832645043873005e-02,1.622110178143929549e-01
2.790000000000000213e+01,1.553992297983280935e+02,5.240781700659159981e+01,-5.950148328648199869e-02,-5.950148328648199869e-02,1.601816607416173821e-01
2.795000000000000284e+01,1.556110002492745537e+02,5.261968188311334416e+01,-2.711180103985417339e-02,-2.711180103985417339e-02,7.192025615087184465e-02
2.800000000000000000e+01,1.558241849238922327e+02,5.282992103066504797e+01,2.835892115194284680e-03,2.835892115194284680e-03,2.519294159354722451e-01
2.805000000000000071e+01,1.560406912566213009e+02,5.304060225444294474e+01,1.773350102680567447e-02,1.773350102680567447e-02,7.405722010425236368e-02
2.810000000000000142e+01,1.562604305942522274e+02,5.325313921089382063e+01,3.597505722372503628e-02,3.597505722372503628e-02,1.453596366461584188e-01
2.815000000000000213e+01,1.564806378337779336e+02,5.346447361067981774e+01,1.218124936660086761e-02,1.218124936660086761e-02,1.760294824553187421e-01
2.820000000000000284e+01,1.567009294410977986e+02,5.367809876171705241e+01,6.711607536942984509e-02,6.711607536942984509e-02,5.520936114260933253e-02
2.825000000000000000e+01,1.569230588121858148e+02,5.388863432807539766e+01,1.015860477948756918e-01,1.015860477948756918e-01,2.204085787133203134e-01
2.830000000000000071e+01,1.571478484156691309e+02,5.409873440676071965e+01,1.481395964065417847e-01,1.481395964065417847e-01,1.109913749041710335e-01
2.835000000000000142e+01,1.573746775419556059e+02,5.430714621166278278e+01,1.867922718227433831e-01,1.867922718227433831e-01,1.169907426293425173e-01
2.840000000000000213e+01,1.576030089599866812e+02,5.451365609065792484e+01,2.012845763977475499e-01,2.012845763977475499e-01,2.257081002389751678e-01
2.845000000000000284e+01,1.578314268421942472e+02,5.471964144326551605e+01,2.026739455025139136e-01,2.026739455025139136e-01,9.115354963993918536e-02
2.850000000000000000e+01,1.580587807064516710e+02,5.492442949265694097e+01,2.401803717756871293e-01,2.401803717756871293e-01,1.970473159969813870e-01
2.855000000000000071e+01,1.582853887995844673e+02,5.512494814506256091e+01,2.404675804307856435e-01,2.404675804307856435e-01,1.739690410543135723e-01
2.860000000000000142e+01,1.585139412651314501e+02,5.532843915998761020e+01,2.567529551386405484e-01,2.567529551386405484e-01,1.392401336937005574e-01
2.865000000000000213e+01,1.587408782555310722e+02,5.552869244037250240e+01,2.089072743941523258e-01,2.089072743941523258e-01,2.800921889083479721e-01
2.870000000000000284e+01,1.589656336817589306e+02,5.573193950836249400e+01,2.263610281054943274e-01,2.263610281054943274e-01,1.575709630440696174e-01
2.875000000000000000e+01,1.591915837172911665e+02,5.593485351518200588e+01,2.722444221132405140e-01,2.722444221132405140e-01,2.177688972103510312e-01
2.880000000000000071e+01,1.594194142030771673e+02,5.613548720730040031e+01,2.382535102023543849e-01,2.382535102023543849e-01,2.357489412506779403e-01
2.885000000000000142e+01,1.596450668208986770e+02,5.633790675468195985e+01,2.397728036626968762e-01,2.397728036626968762e-01,1.910128426491425890e-01
2.890000000000000213e+01,1.598699143303213930e+02,5.653928517461792325e+01,1.403312480057996858e-01,1.403312480057996858e-01,3.068093119743486308e-01
2.895000000000000284e+01,1.600875403390698466e+02,5.674298563817425389e+01,1.955719598125283121e-01,1.955719598125283121e-01,2.139560720231510338e-01
2.900000000000000000e+01,1.603055556499520264e+02,5.694256955136294351e+01,2.021022881191843756e-01,2.021022881191843756e-01,2.529480485090264130e-01
2.905000000000000071e+01,1.605246859158439747e+02,5.714266305773557519e+01,1.715616986496309171e-01,1.715616986496309171e-01,2.721631844147830437e-01
2.910000000000000142e+01,1.607440612092652543e+02,5.734580849023325300e+01,1.202588090790063236e-01,1.202588090790063236e-01,2.309477403185854205e-01
2.915000000000000213e+01,1.609609823625390845e+02,5.755135695495696524e+01,1.165890551233442485e-01,1.165890551233442485e-01,3.317806482934799739e-01
2.920000000000000284e+01,1.611792702052109121e+02,5.775939665905163167e+01,1.423458859613283278e-01,1.423458859613283278e-01,2.414537862143028013e-01
2.925000000000000000e+01,1.614014540906925674e+02,5.796961715616180300e+01,7.775584522040067392e-02,7.775584522040067392e-02,2.692717465665530052e-01
2.930000000000000071e+01,1.616216739353309322e+02,5.818501387845626027e+01,5.191879967338194207e-02,5.191879967338194207e-02,2.956338923152906917e-01
2.935000000000000142e+01,1.618385291892071791e+02,5.839952106918114794e+01,3.750019538466985852e-02,3.750019538466985852e-02,2.320574607932100186e-01
2.940000000000000213e+01,1.620524635197699297e+02,5.861408120197692995e+01,5.027847998291049697e-02,5.027847998291049697e-02,3.072622129201788566e-01
2.945000000000000284e+01,1.622689641809125760e+02,5.883238698362084307e+01,7.801573966997683851e-02,7.801573966997683851e-02,2.415412264156517053e-01
2.950000000000000000e+01,1.624863861383765027e+02,5.904932970615531929e+01,1.023841560931392919e-01,1.023841560931392919e-01,2.338094384364294565e-01
2.955000000000000071e+01,1.627020308784171903e+02,5.926493407760082022e+01,1.559118185085882347e-01,1.559118185085882347e-01,3.001726526492931035e-01
2.960000000000000142e+01,1.629199084507492046e+02,5.947841031156529112e+01,2.135922494569237329e-01,2.135922494569237329e-01,2.097569087049722114e-01
2.965000000000000213e+01,1.631397412394947821e+02,5.969211029750919550e+01,2.115840511952366831e-01,2.115840511952366831e-01,2.683772549593720358e-01
2.970000000000000284e+01,1.633596350344376731e+02,5.991015097086523156e+01,1.897953770299600218e-01,1.897953770299600218e-01,2.477156503187730452e-01
2.975000000000000000e+01,1.635778403846623235e+02,6.013290671779672891e+01,1.661065934658990384e-01,1.661065934658990384e-01,2.013085735406782151e-01
2.980000000000000071e+01,1.637918771937212057e+02,6.035374919394917725e+01,1.775896855715067002e-01,1.775896855715067002e-01,3.006246488504396575e-01
2.985000000000000142e+01,1.640013300767953126e+02,6.057290941185485167e+01,1.762173945807522513e-01,1.762173945807522513e-01,1.868467274953635460e-01
2.990000000000000213e+01,1.642119635281277397e+02,6.079434766031955206e+01,2.266636255546020662e-01,2.266636255546020662e-01,2.046868679164188520e-01
2.995000000000000284e+01,1.644230231445637287e+02,6.101679904430893941e+01,2.230164754809368655e-01,2.230164754809368655e-01,2.343787717782730151e-01
3.000000000000000000e+01,1.646305527168530034e+02,6.123604319348383740e+01,2.497910019221545874e-01,2.497910019221545874e-01,1.364637767987304795e-01
3.005000000000000071e+01,1.648384822735537227e+02,6.145921745094300093e+01,3.227206199512599460e-01,3.227206199512599460e-01,2.399959721822448044e-01
3.010000000000000142e+01,1.650450074406995782e+02,6.167936188227968586e+01,2.369268053186292244e-01,2.369268053186292244e-01,1.409712609131592576e-01
3.015000000000000213e+01,1.652469910278207692e+02,6.189809618356694898e+01,3.520491828253143884e-01,3.520491828253143884e-01,1.387770973516444795e-01
3.020000000000000284e+01,1.654527190774055896e+02,6.211669542869015004e+01,3.332862027769937230e-01,3.332862027769937230e-01,2.071126695902672787e-01
3.025000000000000000e+01,1.656551603335920220e+02,6.233412683842309576e+01,3.680543219343970773e-01,3.680543219343970773e-01,5.984766804680260316e-02
3.030000000000000071e+01,1.658557785709332393e+02,6.255274464939802215e+01,4.246064824341128641e-01,4.246064824341128641e-01,2.132794590000076929e-01
3.035000000000000142e+01,1.660540775810508478e+02,6.276949907946158902e+01,4.111224551601168620e-01,4.111224551601168620e-01,8.745189363594714493e-02
3.040000000000000213e+01,1.662512715342517993e+02,6.298804551481359226e+01,4.881525193830639764e-01,4.881525193830639764e-01,1.198741740689717034e-01
3.045000000000000284e+01,1.664497237611237495e+02,6.320860889917919678e+01,5.126887315672269407e-01,5.126887315672269407e-01,1.769463476349296127e-01
3.050000000000000000e+01,1.666462380067829088e+02,6.342525249366274664e+01,5.396961659368653130e-01,5.396961659368653130e-01,4.600003592382986145e-02
3.055000000000000071e+01,1.668398605783860376e+02,6.364330042341538274e+01,4.882655621985796945e-01,4.882655621985796945e-01,2.431684213035804343e-01
3.060000000000000142e+01,1.670291319023836820e+02,6.386269160344657081e+01,4.806631724217216295e-01,4.806631724217216295e-01,9.829831590529218566e-02
3.065000000000000213e+01,1.672160254126509358e+02,6.408121861225357918e+01,5.859162459161684211e-01,5.859162459161684211e-01,1.935429828916894468e-01
3.070000000000000284e+01,1.674050632760491339e+02,6.430102855619819024e+01,6.649647076120153155e-01,6.649647076120153155e-01,1.884209646882585021e-01
3.075000000000000000e+01,1.675968196734515629e+02,6.451907190489639277e+01,8.257651624488483444e-01,8.257651624488483444e-01,1.782275405967101989e-01
3.080000000000000071e+01,1.677905428865537942e+02,6.474031146684131954e+01,6.479002101982138662e-01,6.479002101982138662e-01,2.828021696982673805e-01
3.085000000000000142e+01,1.679751365566702930e+02,6.496213909872317060e+01,8.335532489903455522e-01,8.335532489903455522e-01,2.152462694171939084e-01
3.090000000000000213e+01,1.681626698650430001e+02,6.518686668915148630e+01,8.264210805569860430e-01,8.264210805569860430e-01,3.188992891851519795e-01
3.095000000000000284e+01,1.683477378650661080e+02,6.541183797054490867e+01,7.732144571588805970e-01,7.732144571588805970e-01,2.923388509570865601e-01
3.100000000000000000e+01,1.685279816858750621e+02,6.563825640500917302e+01,7.832470208543561574e-01,7.832470208543561574e-01,3.398184212683394989e-01
3.105000000000000071e+01,1.687020829969926012e+02,6.586289143863400852e+01,8.367096862761349563e-01,8.367096862761349563e-01,3.900015496664086534e-01
3.110000000000000142e+01,1.688777621106347340e+02,6.608841877083141014e+01,8.944678273406453384e-01,8.944678273406453384e-01,4.006853404239535399e-01
3.115000000000000213e+01,1.690509948477352111e+02,6.631462882094105282e+01,1.012683669869321346e+00,1.012683669869321346e+00,4.929190916014073998e-01
3.120000000000000284e+01,1.692299495150349173e+02,6.654457110608458947e+01,1.102225882083421649e+00,1.102225882083421649e+00,4.796530307497447465e-01
3.125000000000000000e+01,1.694051169688687821e+02,6.677992799893662834e+01,1.167809796093681296e+00,1.167809796093681296e+00,5.606577045971076201e-01
3.130000000000000071e+01,1.695782128864520359e+02,6.701823797021866369e+01,1.089065337694162583e+00,1.089065337694162583e+00,5.857175616766140402e-01
3.135000000000000142e+01,1.697477869858655595e+02,6.725507355293918010e+01,1.210248499336572081e+00,1.210248499336572081e+00,6.397921861083750716e-01
3.140000000000000213e+01,1.699174535696604948e+02,6.749092216403769839e+01,1.172652470605546116e+00,1.172652470605546116e+00,7.027186799100237913e-01
3.145000000000000284e+01,1.700828752764786600e+02,6.773025066684181184e+01,1.200706019128832791e+00,1.200706019128832791e+00,7.391005429399832849e-01
3.150000000000000000e+01,1.702429768780919801e+02,6.796690077176708655e+01,1.177041461420739399e+00,1.177041461420739399e+00,8.321197719666616477e-01
3.155000000000000071e+01,1.704022305675275106e+02,6.819948320638533801e+01,1.214010002453868919e+00,1.214010002453868919e+00,8.532631145835282149e-01
3.160000000000000142e+01,1.705571186070983742e+02,6.843227247636397692e+01,1.221504675180927091e+00,1.221504675180927091e+00,9.354664791422860892e-01
3.165000000000000213e+01,1.707060165943937591e+02,6.866327988646288816e+01,1.257169750975885902e+00,1.257169750975885902e+00,9.769633939622864860e-01
3.170000000000000284e+01,1.708542290870682052e+02,6.889626372270362253e+01,1.277297465279197519e+00,1.277297465279197519e+00,1.044018144561102979e+00
3.175000000000000000e+01,1.709973951021072480e+02,6.913183475550225410e+01,1.359937472006826242e+00,1.359937472006826242e+00,1.102409036115622909e+00
3.180000000000000071e+01,1.711420075962488454e+02,6.936516180959549160e+01,1.431621437565097743e+00,1.431621437565097743e+00,1.144728940049429378e+00
3.185000000000000142e+01,1.712840679111014026e+02,6.960491409081137704e+01,1.470539520320034654e+00,1.470539520320034654e+00,1.214260991132744438e+00
3.190000000000000213e+01,1.714249251227123807e+02,6.984794946293915530e+01,1.527851248871285872e+00,1.527851248871285872e+00,1.239031412371968566e+00
3.195000000000000284e+01,1.715623039906870133e+02,7.008996523983084614e+01,1.658083176113343438e+00,1.600000000000000089e+00,1.288636519881855680e+00
3.200000000000000000e+01,1.716996571819420296e+02,7.033482208516510070e+01,1.659277845767701098e+00,1.600000000000000089e+00,1.323156414228241484e+00
3.205000000000000426e+01,1.718336582109466519e+02,7.057952434805650910e+01,1.630543981963143985e+00,1.600000000000000089e+00,1.348053978792984609e+00
3.210000000000000142e+01,1.719597017479441661e+02,7.082571099440104945e+01,1.649585613066351319e+00,1.600000000000000089e+00,1.398990752532286219e+00
3.214999999999999858e+01,1.720805409590514614e+02,7.107258584913157051e+01,1.697061529766492605e+00,1.600000000000000089e+00,1.411113249406100723e+00
3.220000000000000284e+01,1.721997269966948352e+02,7.132264069224272873e+01,1.849485196596994951e+00,1.600000000000000089e+00,1.442047892820738531e+00
3.225000000000000000e+01,1.723172999514972901e+02,7.157961776676593502e+01,1.908264732792005036e+00,1.600000000000000089e+00,1.471165750117017224e+00
3.230000000000000426e+01,1.724343640461906659e+02,7.183545366005893129e+01,1.936449240509924952e+00,1.600000000000000089e+00,1.478137489396060378e+00
3.235000000000000142e+01,1.725455778174055297e+02,7.209827116115444312e+01,1.930008148369961374e+00,1.600000000000000089e+00,1.506857749641926647e+00
3.239999999999999858e+01,1.726513300573615766e+02,7.236166602567637085e+01,2.063899377300280946e+00,1.600000000000000089e+00,1.517812545865957707e+00
3.245000000000000284e+01,1.727579860521458954e+02,7.263025095220314142e+01,2.088894692736678049e+00,1.600000000000000089e+00,1.523221260063901683e+00
3.250000000000000000e+01,1.728606950496744901e+02,7.290001760667414032e+01,1.999588265145674226e+00,1.600000000000000089e+00,1.543360395734041601e+00
3.255000000000000426e+01,1.729552398221960630e+02,7.316785220856033334e+01,1.989295694127936942e+00,1.600000000000000089e+00,1.538051174257222042e+00
3.260000000000000142e+01,1.730450071255665137e+02,7.343611396872904606e+01,1.983674524166488817e+00,1.600000000000000089e+00,1.540410471205547527e+00
3.264999999999999858e+01,1.731300971528376635e+02,7.370516204108636771e+01,2.115594435779601934e+00,1.600000000000000089e+00,1.555174665994133454e+00
3.270000000000000284e+01,1.732171724265083981e+02,7.397575909854377585e+01,2.130038864941235399e+00,1.600000000000000089e+00,1.531881619316265652e+00
3.275000000000000000e+01,1.733011641574453847e+02,7.424660499686255832e+01,2.146615744743440413e+00,1.600000000000000089e+00,1.523447504128734531e+00
3.280000000000000426e+01,1.733807778778954685e+02,7.452090232742658316e+01,2.103397312359468696e+00,1.600000000000000089e+00,1.515071165323499613e+00
3.285000000000000142e+01,1.734538359946556341e+02,7.479495375491515574e+01,2.040047075719147340e+00,1.600000000000000089e+00,1.488330163941629314e+00
3.289999999999999858e+01,1.735200801603045591e+02,7.506926429893947272e+01,2.055082114275109451e+00,1.600000000000000089e+00,1.481539832414827229e+00
3.295000000000000284e+01,1.735827548697357372e+02,7.534597882154285742e+01,2.139662710959556069e+00,1.600000000000000089e+00,1.458864320015381466e+00
3.300000000000000000e+01,1.736447126740119131e+02,7.562432743153604520e+01,2.206228596749223669e+00,1.600000000000000089e+00,1.427215771779172249e+00
3.305000000000000426e+01,1.737070449809472450e+02,7.590668374671379581e+01,2.201387676080370337e+00,1.600000000000000089e+00,1.407805348949101143e+00
3.310000000000000142e+01,1.737662424705170565e+02,7.618972080985066953e+01,2.170021420642588517e+00,1.600000000000000089e+00,1.360490444820616762e+00
3.314999999999999858e+01,1.738163272420547685e+02,7.647322560507113565e+01,2.082927884036391397e+00,1.600000000000000089e+00,1.322401122730347378e+00
3.320000000000000284e+01,1.738624739679225115e+02,7.675180093826706695e+01,2.100588031994500060e+00,1.600000000000000089e+00,1.302643759527419842e+00
3.325000000000000000e+01,1.739035556926132244e+02,7.703244549657139828e+01,2.051806194672515904e+00,1.600000000000000089e+00,1.242223462879997742e+00
3.330000000000000426e+01,1.739374475094662955e+02,7.731596104270721526e+01,2.025820444398682696e+00,1.600000000000000089e+00,1.206486448999476657e+00
3.335000000000000142e+01,1.739687317477096542e+02,7.759821700266216737e+01,2.051718314358458528e+00,1.600000000000000089e+00,1.167950253869505906e+00
3.339999999999999858e+01,1.739957659641074486e+02,7.788196391683757724e+01,1.972130612115814197e+00,1.600000000000000089e+00,1.107288021933355848e+00
3.345000000000000284e+01,1.740151436231080595e+02,7.817032873947059102e+01,1.915261447845731047e+00,1.600000000000000089e+00,1.076087574108537614e+00
3.350000000000000000e+01,1.740285502820753720e+02,7.845575530647359130e+01,1.993766578957637536e+00,1.600000000000000089e+00,1.016619163467722409e+00
3.355000000000000426e+01,1.740414111526963552e+02,7.874232740680889719e+01,2.035411099271632107e+00,1.600000000000000089e+00,9.594263747563858136e-01
3.360000000000000142e+01,1.740539818643212584e+02,7.903064197376025390e+01,2.006433543377119211e+00,1.600000000000000089e+00,9.193328418087752807e-01
3.364999999999999858e+01,1.740637228533670111e+02,7.931445281200723230e+01,1.940817394774160931e+00,1.600000000000000089e+00,8.295019675988201113e-01
3.370000000000000284e+01,1.740683856692959068e+02,7.959764460000857866e+01,1.865169574496120974e+00,1.600000000000000089e+00,7.839463723041404375e-01
3.375000000000000000e+01,1.740692056527205125e+02,7.987418261283495724e+01,1.909121648588785636e+00,1.600000000000000089e+00,7.020953213214592425e-01
3.380000000000000426e+01,1.740690136913995616e+02,8.015409520740222149e+01,1.923746763541815952e+00,1.600000000000000089e+00,6.321879962858493185e-01
3.385000000000000142e+01,1.740689114586350286e+02,8.042998706960941036e+01,1.856873224384232524e+00,1.600000000000000089e+00,5.663199564045984236e-01
3.389999999999999858e+01,1.740661516869449486e+02,8.069888618054493179e+01,1.840754452328100976e+00,1.600000000000000089e+00,4.691691799967594445e-01
3.395000000000000284e+01,1.740640673090487667e+02,8.096128450721542436e+01,1.893239716617759250e+00,1.600000000000000089e+00,4.234149908266683360e-01
3.400000000000000000e+01,1.740592409965557863e+02,8.122540058199419377e+01,1.881726113932840061e+00,1.600000000000000089e+00,2.991940131686094961e-01
3.405000000000000426e+01,1.740540192011122826e+02,8.148897318378701016e+01,1.818119579135210273e+00,1.600000000000000089e+00,2.824717001133330574e-01
3.410000000000000142e+01,1.740411860310981353e+02,8.175075374309901122e+01,1.749517961437259350e+00,1.600000000000000089e+00,1.259173855142709797e-01
3.414999999999999858e+01,1.740238722424600724e+02,8.201193135635230647e+01,1.799164847193225780e+00,1.600000000000000089e+00,1.976817613710927513e-01
3.420000000000000284e+01,1.740054402810039846e+02,8.227321671186064123e+01,1.820857397343155881e+00,1.600000000000000089e+00,8.861292873063465747e-02
3.425000000000000000e+01,1.739888961467640343e+02,8.253453182764194196e+01,1.860933143143167268e+00,1.600000000000000089e+00,2.466529970750943046e-01
3.430000000000000426e+01,1.739675535537362236e+02,8.279837120895051328e+01,1.780296754623211575e+00,1.600000000000000089e+00,2.772622301570176750e-01
3.435000000000000142e+01,1.739416480595803876e+02,8.306106026432090061e+01,1.753019062110894755e+00,1.600000000000000089e+00,4.016147548388277477e-01
3.439999999999999858e+01,1.739125304542336892e+02,8.331570748930511172e+01,1.689451526566686734e+00,1.600000000000000089e+00,4.784883202399563551e-01
3.445000000000000284e+01,1.738804805117974581e+02,8.356916676651493958e+01,1.662125544287095247e+00,1.600000000000000089e+00,5.775490746877284254e-01
3.450000000000000000e+01,1.738442316462240456e+02,8.382023285920379863e+01,1.539825830868264633e+00,1.539825830868264633e+00,6.740259209040785349e-01
3.455000000000000426e+01,1.738009715097087451e+02,8.406944794511106522e+01,1.563229380028445803e+00,1.563229380028445803e+00,7.533545749694712246e-01
3.460000000000000142e+01,1.737581794408371820e+02,8.431607939748265323e+01,1.505491945674537480e+00,1.505491945674537480e+00,8.502727219860913843e-01
3.464999999999999858e+01,1.737104881453980738e+02,8.455894306804935923e+01,1.497072703319555886e+00,1.497072703319555886e+00,9.172798204259930976e-01
3.470000000000000284e+01,1.736647066086804898e+02,8.479603826197835303e+01,1.439549262577555000e+00,1.439549262577555000e+00,1.014415288937701831e+00
3.475000000000000000e+01,1.736177334099553491e+02,8.503125586532902958e+01,1.529626848923437255e+00,1.529626848923437255e+00,1.072109832365940818e+00
3.480000000000000426e+01,1.735724754164158128e+02,8.526775228144714447e+01,1.446250642474783632e+00,1.446250642474783632e+00,1.177147674811033440e+00
3.485000000000000142e+01,1.735235922708722285e+02,8.549788224920395407e+01,1.528702734049237399e+00,1.528702734049237399e+00,1.224988787056687123e+00
3.489999999999999858e+01,1.734751784684923734e+02,8.572961519135145636e+01,1.507080960758939714e+00,1.507080960758939714e+00,1.315230107814371774e+00
3.495000000000000284e+01,1.734205094372388203e+02,8.596097441237910175e+01,1.356315618855373550e+00,1.356315618855373550e+00,1.369914641707792091e+00
3.500000000000000000e+01,1.733604636061164399e+02,8.618786451207256505e+01,1.325408744275323292e+00,1.325408744275323292e+00,1.439298395735683522e+00
3.505000000000000426e+01,1.732930094150800358e+02,8.641483591480253779e+01,1.261297516493004922e+00,1.261297516493004922e+00,1.489929841689139778e+00
3.510000000000000142e+01,1.732232666553504430e+02,8.664070293646233267e+01,1.309333328966212573e+00,1.309333328966212573e+00,1.544133368641466220e+00
3.514999999999999858e+01,1.731544612493692057e+02,8.686592854377757078e+01,1.264489946008758858e+00,1.264489946008758858e+00,1.599468636921444586e+00
3.520000000000000284e+01,1.730843263058673074e+02,8.709070425316656383e+01,1.213514010857903891e+00,1.213514010857903891e+00,1.647309401966992937e+00
3.525000000000000000e+01,1.730085535498494664e+02,8.731293642878554806e+01,1.060575876938784967e+00,1.060575876938784967e+00,1.701115374285970816e+00
3.530000000000000426e+01,1.729268827760224383e+02,8.753034554934703237e+01,1.077146247340027951e+00,1.077146247340027951e+00,1.730476927052908120e+00
3.535000000000000142e+01,1.728424242550990471e+02,8.774820987756918100e+01,1.075457035858573551e+00,1.075457035858573551e+00,1.779985418193051228e+00
3.539999999999999858e+01,1.727609816433619301e+02,8.796084492822868128e+01,1.060118676764135959e+00,1.060118676764135959e+00,1.802677161852736409e+00
3.545000000000000284e+01,1.726775892863339266e+02,8.817099848094275671e+01,1.080378079610782693e+00,1.080378079610782693e+00,1.850222877648520559e+00
3.550000000000000000e+01,1.725932617753047111e+02,8.838043140406621490e+01,9.704461395517481881e-01,9.704461395517481881e-01,1.868999452644792614e+00
3.555000000000000426e+01,1.725076128846037307e+02,8.858503315254618826e+01,9.973978065774454782e-01,9.973978065774454782e-01,1.905094936932874239e+00
3.560000000000000142e+01,1.724208077420664722e+02,8.878980262125918443e+01,9.751305215352844558e-01,9.751305215352844558e-01,1.927718118820029858e+00
3.564999999999999858e+01,1.723304975126363274e+02,8.899762077849172215e+01,9.300998658160589683e-01,9.300998658160589683e-01,1.955080618801205317e+00
3.570000000000000284e+01,1.722375015812162076e+02,8.920153530575551315e+01,8.515238951071049112e-01,8.515238951071049112e-01,1.979177086625603321e+00
3.575000000000000000e+01,1.721433063983326974e+02,8.940259546822362324e+01,7.983458855984915115e-01,7.983458855984915115e-01,1.994035244338471013e+00
3.580000000000000426e+01,1.720435764905184044e+02,8.960147388740077190e+01,8.370595940804743673e-01,8.370595940804743673e-01,2.017145458658908819e+00
3.585000000000000142e+01,1.719462907004061378e+02,8.980360997900307041e+01,8.398271098631424625e-01,8.398271098631424625e-01,2.024018394427339551e+00
3.589999999999999858e+01,1.718457346738491935e+02,9.000607748685483500e+01,8.406044688989761093e-01,8.406044688989761093e-01,2.053082174346984701e+00
3.595000000000000284e+01,1.717438326593510283e+02,9.020723359017561904e+01,8.307350846343334316e-01,8.307350846343334316e-01,2.051866318475025430e+00
3.600000000000000000e+01,1.716436375091256537e+02,9.040860036803381661e+01,7.894609690023624005e-01,7.894609690023624005e-01,2.075312173610411648e+00
3.605000000000000426e+01,1.715422084837216232e+02,9.060545448436450044e+01,6.868985547703319039e-01,6.868985547703319039e-01,2.078965110633450131e+00
3.610000000000000142e+01,1.714362020216858298e+02,9.080014410339619246e+01,6.988577409472053192e-01,6.988577409472053192e-01,2.088187166023240504e+00
3.614999999999999858e+01,1.713295562254413937e+02,9.099423342863585162e+01,6.851026656902964307e-01,6.851026656902964307e-01,2.093226147387471148e+00
3.620000000000000284e+01,1.712235342134763130e+02,9.118901688405482275e+01,6.373321237191507116e-01,6.373321237191507116e-01,2.096703493116055750e+00
3.625000000000000000e+01,1.711097215922767703e+02,9.138430797901207825e+01,5.323868773140052468e-01,5.323868773140052468e-01,2.102901726740601163e+00
3.630000000000000426e+01,1.709918334612490867e+02,9.158069177244232151e+01,5.476878713111903441e-01,5.476878713111903441e-01,2.091818086512598374e+00
3.635000000000000142e+01,1.708736409777821166e+02,9.177693445522952231e+01,4.842262114133866757e-01,4.842262114133866757e-01,2.099898347386227382e+00
3.639999999999999858e+01,1.707528659198141270e+02,9.197215700779743486e+01,4.525796713624226086e-01,4.525796713624226086e-01,2.081405200078044082e+00
3.645000000000000284e+01,1.706260697536670818e+02,9.216857896168696129e+01,3.949903523439735054e-01,3.949903523439735054e-01,2.084022022608756686e+00
3.650000000000000000e+01,1.704974369983393672e+02,9.235647335459360363e+01,3.794926422431293966e-01,3.794926422431293966e-01,2.053864252575518634e+00
3.655000000000000426e+01,1.703707325589369077e+02,9.254730073424387626e+01,3.790085006745235185e-01,3.790085006745235185e-01,2.049282328782602747e+00
3.660000000000000142e+01,1.702408475023008805e+02,9.273985835217000329e+01,2.783624912743912216e-01,2.783624912743912216e-01,2.025538528776059888e+00
3.664999999999999858e+01,1.701081882773653717e+02,9.292494961817537558e+01,2.655900813285331230e-01,2.655900813285331230e-01,2.008729304746890598e+00
3.670000000000000284e+01,1.699738768120115822e+02,9.310959646907620879e+01,2.247266803298435534e-01,2.247266803298435534e-01,1.982486760331813924e+00
3.675000000000000000e+01,1.698392807496267949e+02,9.329327728530013530e+01,2.295085775566079733e-01,2.295085775566079733e-01,1.958370594135411258e+00
3.680000000000000426e+01,1.697048832246427992e+02,9.347636814622941870e+01,1.624496778356117055e-01,1.624496778356117055e-01,1.937409599083264045e+00
3.685000000000000142e+01,1.695693619821595917e+02,9.365675947103490273e+01,1.345315567457926742e-01,1.345315567457926742e-01,1.905439968147000229e+00
3.689999999999999858e+01,1.694326427114479543e+02,9.383520783557344203e+01,5.779825212860222744e-02,5.779825212860222744e-02,1.887394591777034947e+00
3.695000000000000284e+01,1.692946831886588086e+02,9.400980619212904799e+01,3.288816708312948534e-02,3.288816708312948534e-02,1.844204160964703965e+00
3.700000000000000000e+01,1.691549134347021663e+02,9.418381730759094239e+01,3.143702280524564990e-02,3.143702280524564990e-02,1.825486257582961569e+00
3.705000000000000426e+01,1.690156600580164366e+02,9.435693607174428621e+01,6.551624973644678586e-03,6.551624973644678586e-03,1.777891343622563181e+00
3.710000000000000142e+01,1.688756514393809880e+02,9.453082296891095382e+01,4.228029684956625261e-02,4.228029684956625261e-02,1.752287885661342859e+00
3.714999999999999858e+01,1.687375811288098930e+02,9.470591918111746566e+01,-5.546057461161946894e-02,-5.546057461161946894e-02,1.715208333086818859e+00
3.720000000000000284e+01,1.685946547487070006e+02,9.487924132088986084e+01,-2.751113471176065348e-02,-2.751113471176065348e-02,1.679888679390078687e+00
3.725000000000000000e+01,1.684534737883273010e+02,9.505344909928568597e+01,-2.464895937452430200e-02,-2.464895937452430200e-02,1.648530240935065061e+00
3.730000000000000426e+01,1.683139808994897919e+02,9.522804733301863678e+01,-2.780722333222204745e-02,-2.780722333222204745e-02,1.609466724507711222e+00
3.735000000000000142e+01,1.681721165263847695e+02,9.540547848669186237e+01,-8.962958620390355791e-02,-8.962958620390355791e-02,1.588362057132714611e+00
3.739999999999999858e+01,1.680265825471829260e+02,9.558511930307815874e+01,-1.175601384783194342e-01,-1.175601384783194342e-01,1.539176924840621519e+00
3.745000000000000284e+01,1.678810074088851536e+02,9.576047851999801708e+01,-1.236286562270890732e-01,-1.236286562270890732e-01,1.521102543844804478e+00
3.750000000000000000e+01,1.677344156494178833e+02,9.593874755791253506e+01,-1.907009827663528612e-01,-1.907009827663528612e-01,1.464274333796230065e+00
3.755000000000000426e+01,1.675863352088469185e+02,9.611354097737357449e+01,-2.171244005364752205e-01,-2.171244005364752205e-01,1.437904145246027943e+00
3.760000000000000142e+01,1.674376131084023314e+02,9.628599680579148412e+01,-2.744298120081277159e-01,-2.744298120081277159e-01,1.383794982578370636e+00
3.764999999999999858e+01,1.672857429562238849e+02,9.645952994231271305e+01,-2.599441682440200574e-01,-2.599441682440200574e-01,1.346487742741175220e+00
3.770000000000000284e+01,1.671362331466758349e+02,9.663157926417049737e+01,-2.631722365862387836e-01,-2.631722365862387836e-01,1.300452432863629548e+00
3.775000000000000000e+01,1.669883666620797555e+02,9.680265273265186465e+01,-2.699005072048231146e-01,-2.699005072048231146e-01,1.257101951956932639e+00
3.780000000000000426e+01,1.668405045329930090e+02,9.697416249906450503e+01,-2.166177133757996032e-01,-2.166177133757996032e-01,1.223559178630674538e+00
3.785000000000000142e+01,1.666968983694368660e+02,9.714716677347631446e+01,-2.443018160905876257e-01,-2.443018160905876257e-01,1.175017697031559560e+00
3.789999999999999858e+01,1.665509088777766920e+02,9.732169101406955747e+01,-2.711633974945255043e-01,-2.711633974945255043e-01,1.157429170324338896e+00
3.795000000000000284e+01,1.664046395899691788e+02,9.749514145815761879e+01,-3.068195398250960215e-01,-3.068195398250960215e-01,1.096105317736626894e+00
3.800000000000000000e+01,1.662564738353914322e+02,9.766872761245348045e+01,-3.231383488016461025e-01,-3.231383488016461025e-01,1.078595775281210978e+00
3.805000000000000426e+01,1.661085239431431262e+02,9.784149116837141946e+01,-4.152570181295548446e-01,-4.152570181295548446e-01,1.015299954845631181e+00
3.810000000000000142e+01,1.659572847518210210e+02,9.801001980146514825e+01,-4.134056333284852336e-01,-4.134056333284852336e-01,9.829951475019469420e-01
3.814999999999999858e+01,1.658068609495511794e+02,9.817942175579150899e+01,-3.375119429950866334e-01,-3.375119429950866334e-01,9.288233821802999168e-01
3.820000000000000284e+01,1.656627314158268405e+02,9.834879783657949304e+01,-2.785732557643436635e-01,-2.785732557643436635e-01,8.908605868193107957e-01
3.825000000000000000e+01,1.655217686123377803e+02,9.852181220675122120e+01,-2.801191128537169339e-01,-2.801191128537169339e-01,8.638482450411887337e-01
3.830000000000000426e+01,1.653810716041085982e+02,9.869546051675632725e+01,-2.602386200072904776e-01,-2.602386200072904776e-01,8.161405664105103597e-01
3.835000000000000142e+01,1.652396620398668290e+02,9.887423925922199430e+01,-3.137808537611548321e-01,-3.137808537611548321e-01,8.101746865692167621e-01
3.840000000000000568e+01,1.650946852024239888e+02,9.905327824030806028e+01,-2.708136883383839288e-01,-2.708136883383839288e-01,7.462973576989356816e-01
3.845000000000000284e+01,1.649538583425262175e+02,9.923240832696785674e+01,-2.866705795775056353e-01,-2.866705795775056353e-01,7.535883867691806071e-01
3.850000000000000000e+01,1.648119566675686940e+02,9.941252911835999839e+01,-2.553900493443518882e-01,-2.553900493443518882e-01,6.828481777564857635e-01
3.855000000000000426e+01,1.646719074648365506e+02,9.959452200408560429e+01,-2.311446914292224208e-01,-2.311446914292224208e-01,6.816303736231509314e-01
3.860000000000000142e+01,1.645330397115465360e+02,9.977884600314658314e+01,-2.206614396641475018e-01,-2.206614396641475018e-01,6.290549824553047786e-01
3.865000000000000568e+01,1.643970959988586458e+02,9.996054063120058686e+01,-2.160678222314837416e-01,-2.160678222314837416e-01,6.182797533611124052e-01
3.870000000000000284e+01,1.642605275988850337e+02,1.001448595021441292e+02,-1.934973877454062297e-01,-1.934973877454062297e-01,5.847311988503995916e-01
3.875000000000000000e+01,1.641256347236837314e+02,1.003300798666450078e+02,-1.506074505257953555e-01,-1.506074505257953555e-01,5.610713007605119262e-01
3.880000000000000426e+01,1.639928781664041537e+02,1.005180779094579577e+02,-2.078075441440533633e-01,-2.078075441440533633e-01,5.517169919345598084e-01
3.885000000000000142e+01,1.638581602510952848e+02,1.007030189336476695e+02,-2.115727128818994385e-01,-2.115727128818994385e-01,5.108165908536349553e-01
3.890000000000000568e+01,1.637207156462553712e+02,1.008931116979238993e+02,-2.539691828070275159e-01,-2.539691828070275159e-01,5.192349396957591789e-01
3.895000000000000284e+01,1.635808354612001949e+02,1.010827528302525025e+02,-2.430761385106996464e-01,-2.430761385106996464e-01,4.586275993638849191e-01
3.900000000000000000e+01,1.634408595180184705e+02,1.012753169684422687e+02,-2.998262524652957062e-01,-2.998262524652957062e-01,4.844987852751096447e-01
3.905000000000000426e+01,1.632966788440328969e+02,1.014679454452784739e+02,-2.375355286422223267e-01,-2.375355286422223267e-01,4.050065642436490032e-01
3.910000000000000142e+01,1.631561858289715303e+02,1.016637253331116000e+02,-2.251846601955283245e-01,-2.251846601955283245e-01,4.491232004384292376e-01
3.915000000000000568e+01,1.630172122223750648e+02,1.018589791768425670e+02,-2.004346725780475069e-01,-2.004346725780475069e-01,3.592848172581416533e-01
3.920000000000000284e+01,1.628833188651740045e+02,1.020499691270068610e+02,-1.550417984307037034e-01,-1.550417984307037034e-01,4.121910045582659055e-01
3.925000000000000000e+01,1.627523906616152090e+02,1.022425096608149460e+02,-1.266517008513617926e-01,-1.266517008513617926e-01,3.244905723615099102e-01
3.930000000000000426e+01,1.626233495587771927e+02,1.024359202456734010e+02,-9.970751558848688079e-02,-9.970751558848688079e-02,3.680474086125272715e-01
3.935000000000000142e+01,1.624951350207685721e+02,1.026319277557204970e+02,-1.663126230976853526e-01,-1.663126230976853526e-01,3.027693081901033922e-01
3.940000000000000568e+01,1.623641155351063787e+02,1.028247009187991807e+02,-1.612628018907153182e-01,-1.612628018907153182e-01,3.270706737259622687e-01
3.945000000000000284e+01,1.622338058085461512e+02,1.030177121403602030e+02,-1.218874500978076869e-01,-1.218874500978076869e-01,2.807657201620641363e-01
3.950000000000000000e+01,1.621041998781536506e+02,1.032150337862237706e+02,-1.287720511847780802e-01,-1.287720511847780802e-01,2.874989911251042418e-01
3.955000000000000426e+01,1.619733096774295973e+02,1.034143814232382113e+02,-6.458462394513761473e-02,-6.458462394513761473e-02,2.662165933136261264e-01
3.960000000000000142e+01,1.618436965009979929e+02,1.036200069841694642e+02,-1.272418212432364082e-01,-1.272418212432364082e-01,2.604561079366745635e-01
3.965000000000000568e+01,1.617105886319293688e+02,1.038240943849843489e+02,-1.166951967829106263e-01,-1.166951967829106263e-01,2.529351981405642547e-01
3.970000000000000284e+01,1.615765256532285150e+02,1.040316046985870315e+02,-1.124604339179167967e-01,-1.124604339179167967e-01,2.356605275262728116e-01
3.975000000000000000e+01,1.614405501194927695e+02,1.042433918075868462e+02,-3.823360041791935837e-02,-3.823360041791935837e-02,2.332562582398812479e-01
3.980000000000000426e+01,1.613090887697159417e+02,1.044573055773237655e+02,-5.533378251140259191e-02,-5.533378251140259191e-02,2.233397607019502740e-01
3.985000000000000142e+01,1.611789969889515817e+02,1.046668732243220035e+02,-7.968012922586634184e-02,-7.968012922586634184e-02,2.221933688008830843e-01
3.990000000000000568e+01,1.610495706060697785e+02,1.048724520695100466e+02,-9.077526178113956568e-02,-9.077526178113956568e-02,2.056049994506998491e-01
3.995000000000000284e+01,1.609193531890473992e+02,1.050784067313579300e+02,-8.335392706512355365e-02,-8.335392706512355365e-02,2.152046573690608033e-01
4.000000000000000000e+01,1.607884938194968072e+02,1.052867138400324194e+02,-1.223661314171841930e-01,-1.223661314171841930e-01,1.864136134129408540e-01
4.005000000000000426e+01,1.606574726606522745e+02,1.054907182928677116e+02,-1.853466120028313402e-01,-1.853466120028313402e-01,2.077298506070966722e-01
4.010000000000000142e+01,1.605238306732876765e+02,1.056912013106260844e+02,-1.771110516213081909e-01,-1.771110516213081909e-01,1.568981036683856356e-01
4.015000000000000568e+01,1.603895884990665479e+02,1.058949137532323732e+02,-1.505586268788559334e-01,-1.505586268788559334e-01,1.999928835481436240e-01
4.020000000000000284e+01,1.602569496145598862e+02,1.060994378180040769e+02,-1.491078997885906532e-01,-1.491078997885906532e-01,1.300219091607267563e-01
4.025000000000000000e+01,1.601211568793893889e+02,1.063101576646634214e+02,-1.006402899793039374e-01,-1.006402899793039374e-01,1.906570056320278650e-01
4.030000000000000426e+01,1.599855823150291201e+02,1.065271465208132469e+02,-1.460226291748825400e-01,-1.460226291748825400e-01,1.211766519267985648e-01
4.035000000000000142e+01,1.598479926677377421e+02,1.067424186756635436e+02,-7.230522521622907706e-02,-7.230522521622907706e-02,1.700094185200152486e-01
4.040000000000000568e+01,1.597176084105364566e+02,1.069546547870672271e+02,-6.703082472700831740e-02,-6.703082472700831740e-02,1.157575340715157053e-01
4.045000000000000284e+01,1.595885618088824742e+02,1.071658218589542315e+02,-5.002141685071166688e-02,-5.002141685071166688e-02,1.664061232724238781e-01
4.050000000000000000e+01,1.594575607186729087e+02,1.073825420947744789e+02,-6.925816734043055423e-02,-6.925816734043055423e-02,1.131031014295106052e-01
4.055000000000000426e+01,1.593241051208902945e+02,1.076013907326676389e+02,-4.999007526849776062e-02,-4.999007526849776062e-02,1.517420787421347450e-01
4.060000000000000142e+01,1.591938038857816764e+02,1.078172749791682179e+02,-1.563466507731558208e-01,-1.563466507731558208e-01,1.185724540990435866e-01
4.065000000000000568e+01,1.590586562711152112e+02,1.080281722573948429e+02,-1.794564717647988417e-01,-1.794564717647988417e-01,1.426544032832854081e-01
4.070000000000000284e+01,1.589216400821901232e+02,1.082394684329973131e+02,-1.749826032952983557e-01,-1.749826032952983557e-01,1.157264668280988257e-01
4.075000000000000000e+01,1.587858057382261450e+02,1.084500957981562834e+02,-1.573815478487034236e-01,-1.573815478487034236e-01,1.342624967686432969e-01
4.080000000000000426e+01,1.586499905087139553e+02,1.086631675172869649e+02,-1.246173284475005777e-01,-1.246173284475005777e-01,1.187050470947200870e-01
4.085000000000000142e+01,1.585165211949532988e+02,1.088770939734614700e+02,-1.290905103348614080e-01,-1.290905103348614080e-01,1.269542427810759211e-01
4.090000000000000568e+01,1.583817026356873612e+02,1.090929249527727904e+02,-1.394444846208330313e-01,-1.394444846208330313e-01,1.284431945248209195e-01
4.095000000000000284e+01,1.582476672913225570e+02,1.093065990675906107e+02,-1.333752454795416875e-01,-1.333752454795416875e-01,1.201488394473491095e-01
4.100000000000000000e+01,1.581124022235753444e+02,1.095233846854463167e+02,-7.805879510334565174e-02,-7.805879510334565174e-02,1.411320180399244506e-01
4.105000000000000426e+01,1.579823458969393073e+02,1.097385913937292230e+02,-1.394020424871054709e-01,-1.394020424871054709e-01,1.142940077032377350e-01
4.110000000000000142e+01,1.578470313254608470e+02,1.099551824362830530e+02,-1.614282400140828466e-01,-1.614282400140828466e-01,1.532145718988415783e-01
4.115000000000000568e+01,1.577096329420645588e+02,1.101735363830831460e+02,-1.219717929607028878e-01,-1.219717929607028878e-01,1.070788338793190186e-01
4.120000000000000284e+01,1.575715815216015585e+02,1.103976195020645292e+02,-1.014752642461056870e-01,-1.014752642461056870e-01,1.804383026825850667e-01
4.125000000000000000e+01,1.574341781587026503e+02,1.106238557818416126e+02,-1.969275769837658951e-01,-1.969275769837658951e-01,9.040568957861822019e-02
4.130000000000000426e+01,1.572938918943728197e+02,1.108423470181336796e+02,-1.904461088490409515e-01,-1.904461088490409515e-01,2.111360532068818907e-01
4.135000000000000142e+01,1.571543533395551719e+02,1.110613667092167560e+02,-1.771486445336133142e-01,-1.771486445336133142e-01,9.659794093936993620e-02
4.140000000000000568e+01,1.570171226410539305e+02,1.112787662068631818e+02,-2.600045288011906819e-01,-2.600045288011906819e-01,2.363307875475237074e-01
4.145000000000000284e+01,1.568768521308119546e+02,1.114917989570084558e+02,-2.188633147886614172e-01,-2.188633147886614172e-01,1.143275044787418482e-01
4.150000000000000000e+01,1.567384958186825941e+02,1.117066739168763405e+02,-2.652687502475640224e-01,-2.652687502475640224e-01,2.590034454153037347e-01
4.155000000000000426e+01,1.565982618839949509e+02,1.119201079708174547e+02,-3.185055093648371805e-01,-3.185055093648371805e-01,1.375252401272026859e-01
4.160000000000000142e+01,1.564565869343103657e+02,1.121285215751079818e+02,-2.997498439951301052e-01,-2.997498439951301052e-01,2.829154499066137141e-01
4.165000000000000568e+01,1.563159813657506731e+02,1.123392776024363258e+02,-3.227180709023436678e-01,-3.227180709023436678e-01,1.704486591616809210e-01
4.170000000000000284e+01,1.561753414207690582e+02,1.125463686633647598e+02,-3.091574786534681540e-01,-3.091574786534681540e-01,3.063857928859610169e-01
4.175000000000000000e+01,1.560347636674989360e+02,1.127572554065317973e+02,-2.124356927193598032e-01,-2.124356927193598032e-01,2.034796968913135662e-01
4.180000000000000426e+01,1.559004436407141156e+02,1.129690202660577825e+02,-2.919755936059418300e-01,-2.919755936059418300e-01,3.271326184317531194e-01
4.185000000000000142e+01,1.557645730960373953e+02,1.131756662999130327e+02,-3.250171586286977887e-01,-3.250171586286977887e-01,2.269141731424127173e-01
4.190000000000000568e+01,1.556251773248258132e+02,1.133822920457296561e+02,-3.140016651105854706e-01,-3.140016651105854706e-01,3.463824343347825518e-01
4.195000000000000284e+01,1.554870137052552934e+02,1.135898401145673517e+02,-3.527711390647816359e-01,-3.527711390647816359e-01,2.588482859370291322e-01
4.200000000000000000e+01,1.553487923864724110e+02,1.137935477118884791e+02,-4.155378223746711286e-01,-4.155378223746711286e-01,3.678521751748088930e-01
4.205000000000000426e+01,1.552070581156144442e+02,1.139979648236973020e+02,-3.896504901391742437e-01,-3.896504901391742437e-01,2.959528237145701013e-01
4.210000000000000142e+01,1.550638807551291904e+02,1.142061982749175684e+02,-4.206751169884586639e-01,-4.206751169884586639e-01,3.994900478195227422e-01
4.215000000000000568e+01,1.549176215268589942e+02,1.144192533123849813e+02,-4.054110656575874438e-01,-4.054110656575874438e-01,3.345662936873067816e-01
4.220000000000000284e+01,1.547704465953320323e+02,1.146332352671129371e+02,-4.032085846672000540e-01,-4.032085846672000540e-01,4.238916935622444870e-01
4.225000000000000000e+01,1.546247502146397892e+02,1.148466562776755922e+02,-4.696687475505526010e-01,-4.696687475505526010e-01,3.738820946845299309e-01
4.230000000000000426e+01,1.544746095774854950e+02,1.150591762419387010e+02,-4.318881812868082259e-01,-4.318881812868082259e-01,4.499024518064022038e-01
4.235000000000000142e+01,1.543294842744603272e+02,1.152687262412134288e+02,-5.088178685660946776e-01,-5.088178685660946776e-01,4.183172095864202689e-01
4.240000000000000568e+01,1.541804266129903453e+02,1.154781734698038207e+02,-5.218170830909023561e-01,-5.218170830909023561e-01,4.836297274130020307e-01
4.245000000000000284e+01,1.540313104776303135e+02,1.156847137422568039e+02,-5.603235032856926923e-01,-5.603235032856926923e-01,4.681568349181864375e-01
4.250000000000000000e+01,1.538812765767969779e+02,1.158905688552355429e+02,-5.485123749589533304e-01,-5.485123749589533304e-01,5.274422106966697443e-01
4.255000000000000426e+01,1.537312832730626724e+02,1.160974989758031768e+02,-5.141400736959264028e-01,-5.141400736959264028e-01,5.210462076644167828e-01
4.260000000000000142e+01,1.535843384586551679e+02,1.163061235760138175e+02,-4.478457338043292935e-01,-4.478457338043292935e-01,5.688556822461896534e-01
4.265000000000000568e+01,1.534394698744911238e+02,1.165198742648110226e+02,-4.465987754820099909e-01,-4.465987754820099909e-01,5.626989515832363509e-01
4.270000000000000284e+01,1.532986598128401852e+02,1.167265179418493801e+02,-4.819742609026601565e-01,-4.819742609026601565e-01,6.001669494324303189e-01
4.275000000000000000e+01,1.531580059403309804e+02,1.169296670631046737e+02,-4.697071919386562877e-01,-4.697071919386562877e-01,5.996544439253704839e-01
4.280000000000000426e+01,1.530166590895344711e+02,1.171355913599980880e+02,-4.562215662202698252e-01,-4.562215662202698252e-01,6.375847405549152080e-01
4.285000000000000142e+01,1.528759325941349232e+02,1.173410876630407813e+02,-4.485744643334271808e-01,-4.485744643334271808e-01,6.365918792215736755e-01
4.290000000000000568e+01,1.527398544181629063e+02,1.175433096873723287e+02,-4.152776272165286664e-01,-4.152776272165286664e-01,6.724280042849093419e-01
4.295000000000000284e+01,1.526046439952195044e+02,1.177477320667469911e+02,-4.277508973173629880e-01,-4.277508973173629880e-01,6.656676888357963007e-01
4.300000000000000000e+01,1.524706031881405295e+02,1.179497833901894666e+02,-3.879682881872625333e-01,-3.879682881872625333e-01,7.028891446851692759e-01
4.305000000000000426e+01,1.523375999938776317e+02,1.181547095188497991e+02,-3.641796625338450388e-01,-3.641796625338450388e-01,6.910082520208075119e-01
4.310000000000000142e+01,1.522066240773372954e+02,1.183611688894465033e+02,-3.225752378856930336e-01,-3.225752378856930336e-01,7.261649539395476083e-01
4.315000000000000568e+01,1.520775116179818838e+02,1.185686444009825635e+02,-3.704066347490589384e-01,-3.704066347490589384e-01,7.072778783296655991e-01
4.320000000000000284e+01,1.519461166943422370e+02,1.187759215891703519e+02,-3.970071259773843009e-01,-3.970071259773843009e-01,7.446194459714953195e-01
4.325000000000000000e+01,1.518168942904445089e+02,1.189755561539787436e+02,-3.580012332590499224e-01,-3.580012332590499224e-01,7.274012923029793409e-01
4.330000000000000426e+01,1.516906961532870639e+02,1.191767800380940656e+02,-3.833602586301211868e-01,-3.833602586301211868e-01,7.697795214245841677e-01
4.335000000000000142e+01,1.515626060081428079e+02,1.193766948785744404e+02,-3.813523815703586117e-01,-3.813523815703586117e-01,7.451578498358960578e-01
4.340000000000000568e+01,1.514349834310531548e+02,1.195783897465805410e+02,-3.490937769171929550e-01,-3.490937769171929550e-01,7.933388283868794133e-01
4.345000000000000284e+01,1.513073787008007969e+02,1.197838456277874144e+02,-3.172709648958986217e-01,-3.172709648958986217e-01,7.613309538239163565e-01
4.350000000000000000e+01,1.511818757676168730e+02,1.199878367198101046e+02,-3.266619843140730617e-01,-3.266619843140730617e-01,8.010323750175478708e-01
4.355000000000000426e+01,1.510560977300118566e+02,1.201930518652197151e+02,-2.608401298596271234e-01,-2.608401298596271234e-01,7.734500981117440332e-01
4.360000000000000142e+01,1.509332230682954901e+02,1.204006692988023275e+02,-2.557229395107651349e-01,-2.557229395107651349e-01,8.040251428433411451e-01
4.365000000000000568e+01,1.508110092363417891e+02,1.206092328077049558e+02,-2.175430028395994586e-01,-2.175430028395994586e-01,7.769387960282564398e-01
4.370000000000000284e+01,1.506896217180780582e+02,1.208204941440153135e+02,-2.392194041545882555e-01,-2.392194041545882555e-01,8.006244619862000755e-01
4.375000000000000000e+01,1.505664758643018786e+02,1.210338169003532300e+02,-2.590897554537786029e-01,-2.590897554537786029e-01,7.755307748060396023e-01
4.380000000000000426e+01,1.504392768434742891e+02,1.212487608480716972e+02,-2.440458933424042298e-01,-2.440458933424042298e-01,8.015479478982595607e-01
4.385000000000000142e+01,1.503136505157976330e+02,1.214641045758467897e+02,-2.761763662282737952e-01,-2.761763662282737952e-01,7.778838107755893239e-01
4.390000000000000568e+01,1.501832380967433664e+02,1.216839890264840420e+02,-2.358268352192805783e-01,-2.358268352192805783e-01,8.061047837181890552e-01
4.395000000000000284e+01,1.500561283802913977e+02,1.219042824425194596e+02,-2.101350587482059551e-01,-2.101350587482059551e-01,7.787695064988847671e-01
4.400000000000000000e+01,1.499311138565794579e+02,1.221224123387668641e+02,-1.575131641165048446e-01,-1.575131641165048446e-01,8.061184423229923457e-01
4.405000000000000426e+01,1.498083012394980642e+02,1.223450132515091155e+02,-1.187577973559683225e-01,-1.187577973559683225e-01,7.713401549912922706e-01
4.410000000000000142e+01,1.496831583671033172e+02,1.225750177965984591e+02,-1.129677335533061655e-01,-1.129677335533061655e-01,7.988553997658341954e-01
4.415000000000000568e+01,1.495576387688305147e+02,1.228073738841518434e+02,-1.170587774941481141e-01,-1.170587774941481141e-01,7.553473083872122018e-01
4.420000000000000284e+01,1.494306835029990452e+02,1.230408715421896773e+02,-1.570367503424973110e-01,-1.570367503424973110e-01,7.825247980799652225e-01
4.425000000000000000e+01,1.493010954533378651e+02,1.232726950925432590e+02,-1.719765815818052324e-01,-1.719765815818052324e-01,7.442448286146690073e-01
4.430000000000000426e+01,1.491716660018222171e+02,1.235028627180969778e+02,-1.447147773608603027e-01,-1.447147773608603027e-01,7.658397469130205915e-01
4.435000000000000142e+01,1.490423590732217747e+02,1.237357164184344356e+02,-2.092295673186517491e-01,-2.092295673186517491e-01,7.376740727110265849e-01
4.440000000000000568e+01,1.489104188107001505e+02,1.239654626039053085e+02,-1.972788394437242354e-01,-1.972788394437242354e-01,7.514642318172176649e-01
4.445000000000000284e+01,1.487793968579571242e+02,1.241938177889120851e+02,-2.291405197609897859e-01,-2.291405197609897859e-01,7.384054382151653551e-01
4.450000000000000000e+01,1.486465064067767798e+02,1.244226482054694145e+02,-2.243426784462090040e-01,-2.243426784462090040e-01,7.439496087995941531e-01
4.455000000000000426e+01,1.485129495074410784e+02,1.246525043122837246e+02,-2.250428947885889930e-01,-2.250428947885889930e-01,7.434949393281298224e-01
4.460000000000000142e+01,1.483801384785945743e+02,1.248819617780586100e+02,-1.888746563971414605e-01,-1.888746563971414605e-01,7.382325505631731621e-01
4.465000000000000568e+01,1.482480035894422770e+02,1.251142810149234919e+02,-1.353930909817094019e-01,-1.353930909817094019e-01,7.476439342109307828e-01
4.470000000000000284e+01,1.481202038036021520e+02,1.253462958027156446e+02,-1.805288755822323510e-01,-1.805288755822323510e-01,7.258463779613333333e-01
4.475000000000000000e+01,1.479904637037982695e+02,1.255744103940593703e+02,-2.812495596373274509e-01,-2.812495596373274509e-01,7.466574013054227965e-01
4.480000000000000426e+01,1.478556125433773047e+02,1.257995529854743921e+02,-2.928263410329788319e-01,-2.928263410329788319e-01,7.249537961259350238e-01
4.485000000000000142e+01,1.477193985685262305e+02,1.260247589110680622e+02,-3.191703531993999032e-01,-3.191703531993999032e-01,7.623059780880241387e-01
4.490000000000000568e+01,1.475791426078500024e+02,1.262539835900474685e+02,-2.356497523793189275e-01,-2.356497523793189275e-01,7.346972754786159632e-01
4.495000000000000284e+01,1.474427296416498052e+02,1.264867262611433318e+02,-2.286993730459224994e-01,-2.286993730459224994e-01,7.715071073022423676e-01
4.500000000000000000e+01,1.473059466863254556e+02,1.267202997271405422e+02,-2.320147429532291583e-01,-2.320147429532291583e-01,7.376541094405959509e-01
4.505000000000000426e+01,1.471676487053475739e+02,1.269581591284591013e+02,-2.640858905705724125e-01,-2.640858905705724125e-01,7.593598120557891740e-01
4.510000000000000142e+01,1.470271511598804182e+02,1.271947921171656617e+02,-1.459090556562469276e-01,-1.459090556562469276e-01,7.449670392408942465e-01
4.515000000000000568e+01,1.468914823481652547e+02,1.274381853562838813e+02,-1.481121590042694669e-01,-1.481121590042694669e-01,7.454062945915342908e-01
4.520000000000000284e+01,1.467565513923915717e+02,1.276805495003234796e+02,-1.913580634830936156e-01,-1.913580634830936156e-01,7.445228188370570654e-01
4.525000000000000000e+01,1.466159265050568763e+02,1.279275120091367199e+02,-1.912132668217816078e-01,-1.912132668217816078e-01,7.296257436765405391e-01
4.530000000000000426e+01,1.464771282863105739e+02,1.281694932318644078e+02,-1.405396015552666522e-01,-1.405396015552666522e-01,7.565986236644610674e-01
4.535000000000000142e+01,1.463416311760562394e+02,1.284131645049085364e+02,-1.560598030514743217e-01,-1.560598030514743217e-01,7.200627961055342530e-01
4.540000000000000568e+01,1.462061353144409850e+02,1.286553879468555408e+02,-1.037879627799485477e-01,-1.037879627799485477e-01,7.495873436254339994e-01
4.545000000000000284e+01,1.460735082863580487e+02,1.288982701522375294e+02,-5.374897339778731548e-02,-5.374897339778731548e-02,7.101996612591404689e-01
4.550000000000000000e+01,1.459430526854509935e+02,1.291444173991216644e+02,2.413572342994639922e-02,2.413572342994639922e-02,7.168008969401351571e-01
4.555000000000000426e+01,1.458165838608607032e+02,1.293925332431569188e+02,3.137406668292984369e-02,3.137406668292984369e-02,6.912288875617564887e-01
4.560000000000000142e+01,1.456923942731459931e+02,1.296371492431483716e+02,2.208114582833551123e-02,2.208114582833551123e-02,6.758034830920981451e-01
4.565000000000000568e+01,1.455659023323243844e+02,1.298838226841675123e+02,6.562917243190387329e-02,6.562917243190387329e-02,6.726800401476066282e-01
4.570000000000000284e+01,1.454417670934368516e+02,1.301317077296083085e+02,9.927852696425738810e-02,9.927852696425738810e-02,6.372370921999027660e-01
4.575000000000000000e+01,1.453204309147372726e+02,1.303779142439476857e+02,1.090032533451022884e-01,1.090032533451022884e-01,6.536569805846274006e-01
4.580000000000000426e+01,1.452010854900644290e+02,1.306212682007417811e+02,1.412237420883327432e-01,1.412237420883327432e-01,5.970697308787235036e-01
4.585000000000000142e+01,1.450823330908736466e+02,1.308668505004449401e+02,1.667079932976963663e-01,1.667079932976963663e-01,6.220640541286197589e-01
4.590000000000000568e+01,1.449621587610536153e+02,1.311173163396444465e+02,2.438676622368645408e-01,2.438676622368645408e-01,5.560597557808039104e-01
4.595000000000000284e+01,1.448453291011207966e+02,1.313710394544934559e+02,2.154104910560088459e-01,2.154104910560088459e-01,5.567283683227159941e-01
4.600000000000000000e+01,1.447281760460150792e+02,1.316206149612152672e+02,2.094686219211009115e-01,2.094686219211009115e-01,5.133430804745753306e-01
4.605000000000000426e+01,1.446093628166161125e+02,1.318711941007138364e+02,2.171893254878268509e-01,2.171893254878268509e-01,4.962629257663525029e-01
4.610000000000000142e+01,1.444899803901336952e+02,1.321231875629018475e+02,2.185784944811307307e-01,2.185784944811307307e-01,4.828585086757474776e-01
4.615000000000000568e+01,1.443711382391975064e+02,1.323730775696505475e+02,2.850088728114613668e-01,2.850088728114613668e-01,4.397443786401928345e-01
4.620000000000000284e+01,1.442548790100827318e+02,1.326260097555065443e+02,2.715672307618725023e-01,2.715672307618725023e-01,4.590045536408079996e-01
4.625000000000000000e+01,1.441367105062155076e+02,1.328796895562217344e+02,2.834188244602260376e-01,2.834188244602260376e-01,3.829182110324910182e-01
4.630000000000000426e+01,1.440189723884970761e+02,1.331334682966780463e+02,2.569587541623363225e-01,2.569587541623363225e-01,4.234809917243618216e-01
4.635000000000000142e+01,1.439009344107958270e+02,1.333832507120125115e+02,2.876841059650869781e-01,2.876841059650869781e-01,3.371169871794897355e-01
4.640000000000000568e+01,1.437865923318613568e+02,1.336296137522149081e+02,2.696493267817709483e-01,2.696493267817709483e-01,3.571223641611333544e-01
4.645000000000000284e+01,1.436698348895390609e+02,1.338770757514629111e+02,2.617267518816447924e-01,2.617267518816447924e-01,3.003339760459848296e-01
4.650000000000000000e+01,1.435534535662010001e+02,1.341217588718689342e+02,2.322490823680246064e-01,2.322490823680246064e-01,2.954154940508865179e-01
4.655000000000000426e+01,1.434352107792143727e+02,1.343653687860092987e+02,2.336679734158760569e-01,2.336679734158760569e-01,2.784537828334855969e-01
4.660000000000000142e+01,1.433157103139318735e+02,1.346100479882976799e+02,1.974333250848991084e-01,1.974333250848991084e-01,2.409203956377280464e-01
4.665000000000000568e+01,1.431930311736203976e+02,1.348550308355691811e+02,2.583429157389240394e-01,2.583429157389240394e-01,2.761864494705078554e-01
4.670000000000000284e+01,1.430743595425159640e+02,1.350998901322512893e+02,2.072773370335898035e-01,2.072773370335898035e-01,1.909269443681735345e-01
4.675000000000000000e+01,1.429532284681755527e+02,1.353421638611701496e+02,1.967539625024060101e-01,1.967539625024060101e-01,2.835558406495741202e-01
4.680000000000000426e+01,1.428321388788418744e+02,1.355821422969902130e+02,2.011958411605939967e-01,2.011958411605939967e-01,1.532727327015767638e-01
4.685000000000000142e+01,1.427142554094826608e+02,1.358166275994820182e+02,2.155343388680905081e-01,2.155343388680905081e-01,2.740243714560068322e-01
4.690000000000000568e+01,1.426006221543851495e+02,1.360451867844720084e+02,1.921477616421026491e-01,1.921477616421026491e-01,1.221178673753642724e-01
4.695000000000000284e+01,1.424867400119387639e+02,1.362703739181038429e+02,1.991082226353065587e-01,1.991082226353065587e-01,2.514714269312985362e-01
4.700000000000000000e+01,1.423749004362782955e+02,1.364930447920214647e+02,1.544511949434710374e-01,1.544511949434710374e-01,9.337086259435277424e-02
4.705000000000000426e+01,1.422599053813306966e+02,1.367143753464512770e+02,9.909571890471280398e-02,9.909571890471280398e-02,2.409986340592550902e-01
4.710000000000000142e+01,1.421437162911271059e+02,1.369301607374062826e+02,6.629505300568039328e-02,6.629505300568039328e-02,7.342734831367236925e-02
4.715000000000000568e+01,1.420286701721842917e+02,1.371392665944456439e+02,9.922264090120960778e-02,9.922264090120960778e-02,2.503282719286333280e-01
4.720000000000000284e+01,1.419167047672141848e+02,1.373472570535492139e+02,1.214743177326977758e-01,1.214743177326977758e-01,5.836035675486947460e-02
4.725000000000000000e+01,1.418072155706639137e+02,1.375534405731081620e+02,1.096962040906894337e-01,1.096962040906894337e-01,2.330893652616732592e-01
4.730000000000000426e+01,1.416955557226048654e+02,1.377611618191243394e+02,5.388041110260645417e-02,5.388041110260645417e-02,5.354567467065677461e-02
4.735000000000000142e+01,1.415823110928354538e+02,1.379645812235325195e+02,2.262909448341101845e-02,2.262909448341101845e-02,2.022588126139624742e-01
4.740000000000000568e+01,1.414688414071295597e+02,1.381642151082626526e+02,5.118199852423099133e-02,5.118199852423099133e-02,7.740199017011230309e-02
4.745000000000000284e+01,1.413553768734953735e+02,1.383674351727521810e+02,8.774870130991367645e-02,8.774870130991367645e-02,1.665657613955815186e-01
4.750000000000000000e+01,1.412445211958732330e+02,1.385705678701768875e+02,7.507011024513882136e-02,7.507011024513882136e-02,1.054620160589588573e-01
4.755000000000000426e+01,1.411332584554610321e+02,1.387727707473221699e+02,6.292810063197866455e-02,6.292810063197866455e-02,1.296859678821125628e-01
4.760000000000000142e+01,1.410203472529262001e+02,1.389758391209214494e+02,4.971055471038307583e-02,4.971055471038307583e-02,1.377883584342479151e-01
4.765000000000000568e+01,1.409070842986829746e+02,1.391778174693945118e+02,2.029430431699528331e-02,2.029430431699528331e-02,9.527379523819960727e-02
4.770000000000000284e+01,1.407946187806601017e+02,1.393743858579096582e+02,1.042319203908896180e-01,1.042319203908896180e-01,1.767407635868431248e-01
4.775000000000000000e+01,1.406874328376129029e+02,1.395726366843016137e+02,6.103861874813588245e-02,6.103861874813588245e-02,4.890641921315431323e-02
4.780000000000000426e+01,1.405765785611758076e+02,1.397711773542602600e+02,1.005676916965073976e-02,1.005676916965073976e-02,2.213303314218099671e-01
4.785000000000000142e+01,1.404627983158245002e+02,1.399682730514734317e+02,2.588211370290032561e-03,2.588211370290032561e-03,6.408486224168450859e-03
4.790000000000000568e+01,1.403467609356684420e+02,1.401682796362231613e+02,-7.274986496186247598e-02,-7.274986496186247598e-02,2.374852386151697914e-01
4.795000000000000284e+01,1.402257876702063299e+02,1.403673485784435684e+02,-1.293884494249445405e-01,-1.293884494249445405e-01,2.728728462229338195e-02
4.800000000000000000e+01,1.401006872813163397e+02,1.405664081591955892e+02,-1.688692313377802845e-01,-1.688692313377802845e-01,2.081494164127245805e-01
4.805000000000000426e+01,1.399750819641251667e+02,1.407618260000585906e+02,-7.865242739721049758e-02,-7.865242739721049758e-02,6.151784458016239937e-02
4.810000000000000142e+01,1.398536919755272550e+02,1.409615616153172084e+02,-8.578899855108768069e-02,-8.578899855108768069e-02,1.780544727899428525e-01
4.815000000000000568e+01,1.397311793996455549e+02,1.411628254431141158e+02,-7.915747643838093317e-02,-7.915747643838093317e-02,9.128566689494332920e-02
4.820000000000000284e+01,1.396086743532583228e+02,1.413648786706359601e+02,-2.441867871022705347e-02,-2.441867871022705347e-02,1.545666998032823869e-01
4.825000000000000000e+01,1.394906467612593701e+02,1.415663663903699216e+02,3.947024698983783025e-02,3.947024698983783025e-02,1.192405191533746078e-01
4.830000000000000426e+01,1.393777349249894542e+02,1.417672368184535969e+02,8.320597066543009013e-02,8.320597066543009013e-02,1.214444674668015839e-01
4.835000000000000142e+01,1.392648618735453283e+02,1.419732482493243708e+02,5.386260048416159629e-02,5.386260048416159629e-02,1.483305083222764553e-01
4.840000000000000568e+01,1.391529697922344155e+02,1.421739213060557177e+02,4.209798174436595042e-02,4.209798174436595042e-02,8.704204901051877663e-02
4.845000000000000284e+01,1.390418948152835696e+02,1.423712809384519176e+02,-3.320344202041063814e-02,-3.320344202041063814e-02,1.882087736293062974e-01
4.850000000000000000e+01,1.389266106083447312e+02,1.425662482815228884e+02,-4.096023932959296648e-02,-4.096023932959296648e-02,4.498212348693254176e-02
4.855000000000000426e+01,1.388124450936046514e+02,1.427584052654363802e+02,-9.312978158519705230e-02,-9.312978158519705230e-02,2.358587094638433523e-01
4.860000000000000142e+01,1.386948197953479394e+02,1.429497363746917244e+02,-8.988282432683342149e-02,-8.988282432683342149e-02,3.124161741160107544e-02
4.865000000000000568e+01,1.385785853492338902e+02,1.431394337968288824e+02,-1.777918642878454913e-01,-1.777918642878454913e-01,2.151318779157839201e-01
4.870000000000000284e+01,1.384592129474665398e+02,1.433236181288724538e+02,-1.810587381591478862e-01,-1.810587381591478862e-01,8.011600838985133421e-02
4.875000000000000000e+01,1.383381866425032456e+02,1.435103842922427759e+02,-1.266045045492279475e-01,-1.266045045492279475e-01,1.661449183920359618e-01
4.880000000000000426e+01,1.382202789465900992e+02,1.436995963813981234e+02,-1.205368361773016955e-01,-1.205368361773016955e-01,1.341534007493014879e-01
4.885000000000000142e+01,1.381023538342771531e+02,1.438894930159957539e+02,-8.692396321848232243e-02,-8.692396321848232243e-02,1.261411261997379130e-01
4.890000000000000568e+01,1.379882506235590824e+02,1.440774315661443836e+02,-1.051714337394294291e-01,-1.051714337394294291e-01,1.877763088380217660e-01
4.895000000000000284e+01,1.378755354158653290e+02,1.442607741685196459e+02,-8.424968174030955659e-02,-8.424968174030955659e-02,9.006739278495519418e-02
4.900000000000000000e+01,1.377650446044332568e+02,1.444433369287904725e+02,-1.009551502532862605e-01,-1.009551502532862605e-01,2.554845717491343593e-01
4.905000000000000426e+01,1.376518814861226190e+02,1.446283718894829917e+02,-1.543221366575488196e-01,-1.543221366575488196e-01,9.149458250165945494e-02
4.910000000000000142e+01,1.375361953585037043e+02,1.448115091270988160e+02,-1.132056389075027508e-01,-1.132056389075027508e-01,2.144930930016324400e-01
4.915000000000000568e+01,1.374250545848349248e+02,1.449923113663652146e+02,-1.385257409519442540e-01,-1.385257409519442540e-01,1.379819697563684500e-01
4.920000000000000284e+01,1.373126043944362777e+02,1.451717679828967107e+02,-1.481970013340276338e-01,-1.481970013340276338e-01,1.603429712933557572e-01
4.925000000000000000e+01,1.372026912911597378e+02,1.453468464183725075e+02,-9.422731879203261052e-02,-9.422731879203261052e-02,2.079001075432803658e-01
4.930000000000000426e+01,1.370965388409265131e+02,1.455218249335609642e+02,-1.173867981428777102e-01,-1.173867981428777102e-01,1.236141094419255793e-01
4.935000000000000142e+01,1.369899488140110293e+02,1.456949677056182111e+02,-8.843260624678453419e-02,-8.843260624678453419e-02,2.660598496974161953e-01
4.940000000000000568e+01,1.368833838697038630e+02,1.458725724522118696e+02,-8.676308353857585531e-02,-8.676308353857585531e-02,1.390479247400750740e-01
4.945000000000000284e+01,1.367777881039769170e+02,1.460482176360818301e+02,-8.317534189999679917e-02,-8.317534189999679917e-02,1.985966156540687755e-01
4.950000000000000000e+01,1.366716613216399026e+02,1.462258082653258384e+02,-7.335410164275701916e-02,-7.335410164275701916e-02,1.939869872885938429e-01
4.955000000000000426e+01,1.365661510993138563e+02,1.464032208816132083e+02,-3.752877372093565977e-02,-3.752877372093565977e-02,1.502548501953994697e-01
4.960000000000000142e+01,1.364626210481881685e+02,1.465820908717735733e+02,-1.029485965237774137e-01,-1.029485965237774137e-01,2.627662022377300621e-01
4.965000000000000568e+01,1.363565733297780866e+02,1.467563540657510543e+02,-4.303403949356618408e-02,-4.303403949356618408e-02,1.407643878030621076e-01
4.970000000000000284e+01,1.362522248183859972e+02,1.469360648912441434e+02,-7.036877825624900107e-02,-7.036877825624900107e-02,2.324767603505309699e-01
4.975000000000000000e+01,1.361460418678267956e+02,1.471158585643676986e+02,2.720927309827746859e-02,2.720927309827746859e-02,1.738962531206130202e-01
4.980000000000000426e+01,1.360438075800490765e+02,1.473007191518867955e+02,6.368643013359820415e-02,6.368643013359820415e-02,1.742374514779965189e-01
4.985000000000000142e+01,1.359420319077304669e+02,1.474892697758824056e+02,8.537293410252407011e-02,8.537293410252407011e-02,2.172502715517290184e-01
4.990000000000000568e+01,1.358424883089277841e+02,1.476766536148192017e+02,2.372599390202043829e-03,2.372599390202043829e-03,1.269754381676955479e-01
4.995000000000000284e+01,1.357377707968720983e+02,1.478619119579555559e+02,3.057087307725427777e-02,3.057087307725427777e-02,2.742660360424289401e-01
5.000000000000000000e+01,1.356342564838881515e+02,1.480485836421260615e+02,1.079591486433095163e-03,1.079591486433095163e-03,1.194063474994164209e-01
5.005000000000000426e+01,1.355296076470302467e+02,1.482332563857148386e+02,-8.602126703533137519e-02,-8.602126703533137519e-02,2.108170365228396459e-01
5.010000000000000142e+01,1.354209210095889091e+02,1.484137664352727484e+02,-1.184292136666193068e-01,-1.184292136666193068e-01,1.584029160936704372e-01
5.015000000000000568e+01,1.353121822529495830e+02,1.485904563493810144e+02,-1.319074339284721231e-01,-1.319074339284721231e-01,1.562112220362743276e-01
5.020000000000000284e+01,1.352037078174466558e+02,1.487654501767056843e+02,-7.934516480496839330e-02,-7.934516480496839330e-02,2.305745916651673610e-01
5.025000000000000000e+01,1.350944366386405022e+02,1.489465422066743088e+02,-7.959128165214029993e-02,-7.959128165214029993e-02,1.315528039944772187e-01
5.030000000000000426e+01,1.349856444671611371e+02,1.491271325910677490e+02,-1.258280587004032836e-01,-1.258280587004032836e-01,2.656372623380908182e-01
5.035000000000000142e+01,1.348767474070016874e+02,1.493042364947886256e+02,-3.876598221635558367e-02,-3.876598221635558367e-02,1.511703460065306759e-01
5.040000000000000568e+01,1.347717794140001786e+02,1.494840624905558855e+02,-2.973571950363300062e-02,-2.973571950363300062e-02,2.032918620383806774e-01
5.045000000000000284e+01,1.346657304287464569e+02,1.496649356741390307e+02,-1.790975638636910922e-02,-1.790975638636910922e-02,1.977358630914376469e-01
5.050000000000000000e+01,1.345582307103961739e+02,1.498472798181770997e+02,-5.428646915151679603e-02,-5.428646915151679603e-02,1.586481887020223802e-01
5.055000000000000426e+01,1.344475020303209192e+02,1.500307285053993382e+02,4.110693872612383032e-02,4.110693872612383032e-02,2.561667449631596649e-01
5.060000000000000142e+01,1.343411201061331894e+02,1.502157459467914862e+02,4.918227167652312881e-02,4.918227167652312881e-02,1.439997741466093051e-01
5.065000000000000568e+01,1.342334663896266989e+02,1.504036276563629713e+02,1.455781121621603780e-01,1.455781121621603780e-01,2.611588228552560453e-01
5.070000000000000284e+01,1.341312630883633972e+02,1.505937426258426797e+02,1.644794967901456462e-01,1.644794967901456462e-01,1.494919449506113829e-01
5.075000000000000000e+01,1.340294870995589918e+02,1.507819594265206149e+02,2.609459664300399773e-01,2.609459664300399773e-01,1.984798524988411472e-01
5.080000000000000426e+01,1.339289796561371020e+02,1.509754796673213377e+02,2.554994199815295852e-01,2.554994199815295852e-01,1.751793347144544599e-01
5.085000000000000142e+01,1.338231498810972369e+02,1.511716840549231335e+02,3.104887818808830802e-01,3.104887818808830802e-01,1.459280667528735087e-01
5.090000000000000568e+01,1.337177295124321574e+02,1.513719173869021120e+02,2.901382563995249519e-01,2.901382563995249519e-01,2.047591231520066724e-01
5.095000000000000284e+01,1.336119136499092690e+02,1.515663322414356742e+02,3.071815764597426446e-01,3.071815764597426446e-01,1.055676894345533023e-01
5.100000000000000000e+01,1.335112738283510510e+02,1.517576068718070417e+02,3.669550893523087498e-01,3.669550893523087498e-01,2.531273966711571344e-01
5.105000000000000426e+01,1.334125501116743919e+02,1.519484672372613261e+02,3.792813910905472041e-01,3.792813910905472041e-01,7.986662603764226043e-02
5.110000000000000142e+01,1.333134347672577462e+02,1.521395692050880655e+02,3.754746751326292209e-01,3.754746751326292209e-01,2.030178013308774898e-01
5.115000000000000568e+01,1.332125332810535383e+02,1.523309925816183465e+02,4.741942923668797660e-01,4.741942923668797660e-01,1.061172352146822900e-01
5.120000000000000284e+01,1.331120806074477230e+02,1.525243247870604364e+02,4.977159282028675857e-01,4.977159282028675857e-01,1.366073307108730817e-01
5.125000000000000000e+01,1.330115170580212691e+02,1.527182048972036625e+02,5.217849096859510372e-01,5.217849096859510372e-01,1.554172964747192187e-01
5.130000000000000426e+01,1.329139666989016177e+02,1.529093310545361817e+02,5.481382206148522895e-01,5.481382206148522895e-01,6.792165678060964329e-02
5.135000000000000142e+01,1.328159988458658916e+02,1.531013327072221557e+02,6.126911086689861285e-01,6.126911086689861285e-01,2.194548305536248023e-01
5.140000000000000568e+01,1.327201142250857515e+02,1.532927061324664351e+02,6.137703208604052829e-01,6.137703208604052829e-01,5.420998710470949222e-03
5.145000000000000284e+01,1.326237360765682922e+02,1.534826430543230629e+02,6.491730868931977483e-01,6.491730868931977483e-01,2.075845320296061114e-01
5.150000000000000000e+01,1.325298320598344048e+02,1.536711605173097155e+02,6.959729381997545872e-01,6.959729381997545872e-01,8.410847056724360393e-02
5.155000000000000426e+01,1.324368418994055503e+02,1.538587911645988129e+02,6.629848169359900956e-01,6.629848169359900956e-01,1.347872436066205881e-01
5.160000000000000142e+01,1.323429525013160060e+02,1.540425021222216060e+02,6.913267069737423220e-01,6.913267069737423220e-01,1.703237670527385783e-01
5.165000000000000568e+01,1.322481939129017974e+02,1.542254453385952502e+02,6.310578087210528819e-01,6.310578087210528819e-01,7.440360638861300002e-02
5.170000000000000284e+01,1.321484414526978242e+02,1.544056892713907132e+02,5.706341700598028810e-01,5.706341700598028810e-01,2.567091303567798355e-01
5.175000000000000000e+01,1.320464526799405576e+02,1.545811387264897689e+02,6.179286328674288287e-01,6.179286328674288287e-01,7.917811115394524091e-02
5.180000000000000426e+01,1.319402246111817476e+02,1.547597793801183457e+02,5.639621250462352187e-01,5.639621250462352187e-01,1.740923881888375990e-01
5.185000000000000142e+01,1.318302797552895242e+02,1.549353843187915345e+02,6.051744807060701614e-01,6.051744807060701614e-01,1.396949142883864570e-01
5.190000000000000568e+01,1.317156874798912156e+02,1.551135004071093419e+02,6.457374687113711653e-01,6.457374687113711653e-01,9.550680086908136524e-02
5.195000000000000284e+01,1.316026187304385360e+02,1.552916692075477272e+02,6.672543388771831063e-01,6.672543388771831063e-01,2.066199935361389961e-01
5.200000000000000000e+01,1.314888246373300547e+02,1.554677086551238858e+02,6.406250268807238690e-01,6.406250268807238690e-01,2.874823176723060106e-02
5.205000000000000426e+01,1.313733094342849199e+02,1.556411193054938167e+02,6.879721349818347376e-01,6.879721349818347376e-01,2.148017816578234873e-01
5.210000000000000142e+01,1.312585760922045495e+02,1.558155238155128188e+02,8.263177964893229088e-01,8.263177964893229088e-01,7.489169136088159873e-02
5.215000000000000568e+01,1.311452652545740705e+02,1.559944703114178708e+02,8.770200231516435130e-01,8.770200231516435130e-01,1.369200714418059850e-01
5.220000000000000284e+01,1.310327554762909017e+02,1.561740853562584732e+02,8.697512165509334592e-01,8.697512165509334592e-01,1.492598558736707159e-01
5.225000000000000000e+01,1.309217583246091010e+02,1.563485062626623971e+02,7.890661110599789252e-01,7.890661110599789252e-01,6.105528524338799806e-02
5.230000000000000426e+01,1.308095564083191675e+02,1.565177897906528699e+02,8.333077070616106141e-01,8.333077070616106141e-01,2.391243150208242352e-01
5.235000000000000142e+01,1.307003102185749128e+02,1.566846489607912645e+02,9.194213314231062251e-01,9.194213314231062251e-01,5.684892673817425884e-02
5.240000000000000568e+01,1.305944791834835144e+02,1.568531775151508327e+02,8.423302949294703135e-01,8.423302949294703135e-01,1.684068787945750267e-01
5.245000000000000284e+01,1.304858137402468117e+02,1.570160678009193305e+02,8.870375601269224752e-01,8.870375601269224752e-01,1.538103065459257568e-01
5.250000000000000000e+01,1.303728067731607609e+02,1.571804875996179192e+02,8.212553169239593664e-01,8.212553169239593664e-01,9.596273943541605567e-02
5.255000000000000426e+01,1.302576019702778183e+02,1.573396840511881010e+02,9.135064574220053135e-01,9.135064574220053135e-01,2.623179358215903534e-01
5.260000000000000142e+01,1.301404721905162489e+02,1.575020951756731620e+02,9.256328756386158485e-01,9.256328756386158485e-01,1.242054554526216825e-01
5.265000000000000568e+01,1.300262704738919126e+02,1.576618867376872117e+02,9.613418927192212138e-01,9.613418927192212138e-01,2.019117423008005563e-01
5.270000000000000284e+01,1.299114903969293096e+02,1.578219056802656155e+02,9.335737097435548026e-01,9.335737097435548026e-01,1.987202781011311037e-01
5.275000000000000000e+01,1.297913671737155425e+02,1.579790461673226787e+02,9.471771664786158285e-01,9.471771664786158285e-01,1.787863345927255820e-01
5.280000000000000426e+01,1.296687834699760629e+02,1.581357700822574941e+02,8.993666686645391817e-01,8.993666686645391817e-01,2.823603915510909945e-01
5.285000000000000142e+01,1.295434679915752838e+02,1.582872520870208746e+02,8.546244289807123362e-01,8.546244289807123362e-01,2.028836334011972220e-01
5.290000000000000568e+01,1.294176591460789894e+02,1.584355138701359635e+02,7.783243487232444080e-01,7.783243487232444080e-01,2.829179023750061917e-01
5.295000000000000284e+01,1.292872567017003291e+02,1.585790223616684216e+02,8.908273017745748090e-01,8.908273017745748090e-01,2.646763800386011112e-01
5.300000000000000000e+01,1.291549994695363921e+02,1.587249276795742503e+02,9.397462297912444473e-01,9.397462297912444473e-01,2.757550992878498586e-01
5.305000000000000426e+01,1.290210300861324129e+02,1.588721667416397736e+02,8.992435254395549915e-01,8.992435254395549915e-01,3.340927843795799546e-01
5.310000000000000142e+01,1.288798577000781052e+02,1.590156045318747147e+02,8.732269580180604951e-01,8.732269580180604951e-01,2.975502073588195406e-01
5.315000000000000568e+01,1.287341729865500497e+02,1.591567396411093398e+02,8.598057413552218087e-01,8.598057413552218087e-01,3.873988563720495160e-01
5.320000000000000284e+01,1.285894048257816280e+02,1.592948486075083281e+02,9.203041516005514566e-01,9.203041516005514566e-01,3.446290833935804487e-01
5.325000000000000000e+01,1.284402104318838553e+02,1.594339024427865183e+02,9.284614889365506718e-01,9.284614889365506718e-01,3.892369437831787460e-01
5.330000000000000426e+01,1.282879069143366451e+02,1.595720579992721184e+02,1.006396025898469881e+00,1.006396025898469881e+00,3.974295481560176091e-01
5.335000000000000142e+01,1.281327769914254588e+02,1.597099286200300128e+02,1.046882513819648697e+00,1.046882513819648697e+00,4.069110142581137124e-01
5.340000000000000568e+01,1.279755738562197536e+02,1.598481850850582475e+02,1.188341894146157873e+00,1.188341894146157873e+00,4.476614788400625211e-01
5.345000000000000284e+01,1.278189568808622028e+02,1.599905271276791154e+02,1.145764433811491401e+00,1.145764433811491401e+00,4.232112545442057727e-01
5.350000000000000000e+01,1.276610110826655671e+02,1.601283162580518820e+02,1.137388906012160472e+00,1.137388906012160472e+00,4.840509734557159605e-01
5.355000000000000426e+01,1.274988543175780791e+02,1.602625068173175862e+02,1.107189884324775386e+00,1.107189884324775386e+00,4.415873904307873743e-01
5.360000000000000142e+01,1.273365831580788807e+02,1.603927438012896687e+02,1.103357562475519638e+00,1.103357562475519638e+00,4.959685026144048936e-01
5.365000000000000568e+01,1.271772241225059190e+02,1.605214263107962438e+02,1.100488952352023153e+00,1.100488952352023153e+00,4.624348704977985780e-01
5.370000000000000284e+01,1.270141270336462611e+02,1.606467522466909656e+02,1.109667644945149689e+00,1.109667644945149689e+00,4.885269744051765062e-01
5.375000000000000000e+01,1.268482283030294013e+02,1.607704009523603759e+02,1.205345579145016277e+00,1.205345579145016277e+00,4.873701712009432807e-01
5.380000000000000426e+01,1.266785315405093257e+02,1.608952605976967902e+02,1.196685834038627494e+00,1.196685834038627494e+00,4.879752784254236531e-01
5.385000000000000142e+01,1.265068346922517009e+02,1.610172027392406164e+02,1.159724185265714969e+00,1.159724185265714969e+00,5.094576114832604086e-01
5.390000000000000568e+01,1.263365440403937612e+02,1.611348237385784046e+02,1.254194815025501564e+00,1.254194815025501564e+00,4.892509078576933734e-01
5.395000000000000284e+01,1.261651992219081819e+02,1.612548460312524981e+02,1.269483188721766354e+00,1.269483188721766354e+00,5.300864734734788142e-01
5.400000000000000000e+01,1.259938953387558342e+02,1.613731819994326884e+02,1.220786944323777101e+00,1.220786944323777101e+00,4.823788558301495555e-01
5.405000000000000426e+01,1.258202725484114239e+02,1.614863443172225175e+02,1.205205108337728648e+00,1.205205108337728648e+00,5.254400661047621268e-01
5.410000000000000142e+01,1.256502624925907554e+02,1.615965334857642688e+02,1.160137248028636714e+00,1.160137248028636714e+00,4.801708596903758730e-01
5.415000000000000568e+01,1.254842380263791597e+02,1.617023366441725898e+02,1.140920984701134566e+00,1.140920984701134566e+00,4.924338889444460632e-01
5.420000000000000284e+01,1.253204766940810799e+02,1.618050323493348230e+02,1.186618261425886667e+00,1.186618261425886667e+00,4.824549607735180712e-01
5.425000000000000000e+01,1.251567587116165186e+02,1.619083947937351979e+02,1.221711669528940059e+00,1.221711669528940059e+00,4.565814679865615178e-01
5.430000000000000426e+01,1.249931668886462433e+02,1.620112722820092870e+02,1.189678888593030726e+00,1.189678888593030726e+00,4.887754839833757248e-01
5.435000000000000142e+01,1.248243983451422281e+02,1.621102605816181210e+02,1.157769106655271329e+00,1.157769106655271329e+00,4.274725200868979003e-01
5.440000000000000568e+01,1.246600914126639879e+02,1.622059688895236604e+02,1.162107997136919924e+00,1.162107997136919924e+00,4.494353587255147109e-01
5.445000000000000284e+01,1.244956502574765409e+02,1.622985747537076975e+02,1.069162722351778338e+00,1.069162722351778338e+00,4.191219282446734806e-01
5.450000000000000000e+01,1.243286078587079544e+02,1.623845467514605900e+02,1.137655939995600551e+00,1.137655939995600551e+00,3.966982683723745406e-01
5.455000000000000426e+01,1.241576477104542136e+02,1.624723775173742695e+02,1.053747653419642383e+00,1.053747653419642383e+00,4.431447083587635172e-01
5.460000000000000142e+01,1.239856519304629501e+02,1.625544045017037718e+02,1.100437577925693633e+00,1.100437577925693633e+00,3.709850604985013289e-01
5.465000000000000568e+01,1.238104782888837150e+02,1.626361565740766366e+02,1.076752503502327096e+00,1.076752503502327096e+00,3.916923338519718301e-01
5.470000000000000284e+01,1.236320711447033602e+02,1.627136404497988451e+02,1.000769221691414357e+00,1.000769221691414357e+00,3.744232128580501362e-01
5.475000000000000000e+01,1.234500421684201967e+02,1.627852040446947512e+02,9.719680420389796849e-01,9.719680420389796849e-01,3.490438316359626425e-01
5.480000000000000426e+01,1.232717969178223143e+02,1.628538851466071264e+02,9.197868051913281606e-01,9.197868051913281606e-01,4.112200235711689356e-01
5.485000000000000142e+01,1.230921077774207220e+02,1.629185093663450630e+02,9.342125600131993002e-01,9.342125600131993002e-01,3.334684326831130474e-01
5.490000000000000568e+01,1.229137682008835952e+02,1.629809066868851630e+02,9.341189946530420452e-01,9.341189946530420452e-01,3.560448229593465852e-01
5.495000000000000284e+01,1.227356825735519266e+02,1.630413155482456773e+02,8.872664687958488061e-01,8.872664687958488061e-01,3.512700189004936413e-01
5.500000000000000000e+01,1.225561546968989148e+02,1.630981270160486645e+02,8.568998462664916271e-01,8.568998462664916271e-01,3.106828662867425206e-01
5.505000000000000426e+01,1.223715769534154276e+02,1.631513706558045556e+02,7.958175472852960786e-01,7.958175472852960786e-01,3.811053489931749416e-01
5.510000000000000142e+01,1.221923675798510800e+02,1.631991267103339567e+02,7.842544645181852569e-01,7.842544645181852569e-01,3.081608860251152104e-01
5.515000000000000568e+01,1.220127796242999523e+02,1.632456705552575045e+02,8.875366694813375812e-01,8.875366694813375812e-01,3.142990562682443922e-01
5.520000000000000284e+01,1.218360005842544922e+02,1.632972105944415375e+02,8.223804088549753200e-01,8.223804088549753200e-01,3.403119050546224988e-01
5.525000000000000000e+01,1.216578025518990245e+02,1.633443078451083750e+02,8.160082898272700280e-01,8.160082898272700280e-01,2.671716743911304315e-01
5.530000000000000426e+01,1.214820855919048768e+02,1.633899080329497338e+02,8.518706802873486916e-01,8.518706802873486916e-01,3.073560191037836287e-01
5.535000000000000142e+01,1.213113551685943321e+02,1.634353925198578565e+02,8.180878538975320247e-01,8.180878538975320247e-01,2.755761013277158722e-01
5.540000000000000568e+01,1.211384854680540712e+02,1.634783058690253768e+02,8.334912028797787364e-01,8.334912028797787364e-01,2.221118872469779737e-01
5.545000000000000284e+01,1.209664122511126010e+02,1.635205231055897741e+02,7.608960137989446704e-01,7.608960137989446704e-01,2.933079777656012466e-01
5.550000000000000000e+01,1.207910159734199453e+02,1.635556114470288378e+02,7.456444659219935156e-01,7.456444659219935156e-01,2.120563424225339333e-01
5.555000000000000426e+01,1.206111051235799323e+02,1.635903992019077577e+02,6.666848057620461399e-01,6.666848057620461399e-01,1.895720646310365964e-01
5.560000000000000142e+01,1.204305909179996661e+02,1.636184057235800253e+02,5.635783707310982882e-01,5.635783707310982882e-01,2.793586678321841599e-01
5.565000000000000568e+01,1.202484467371707240e+02,1.636394725791811879e+02,5.265900026163490288e-01,5.265900026163490288e-01,1.583263496484425270e-01
5.570000000000000284e+01,1.200654749839182927e+02,1.636565880196772014e+02,5.259076593254695675e-01,5.259076593254695675e-01,2.016097833027151176e-01
5.575000000000000000e+01,1.198809234941947324e+02,1.636719398924143150e+02,5.019486399646562180e-01,5.019486399646562180e-01,2.200596639451222747e-01
5.580000000000000426e+01,1.196967899063631933e+02,1.636859900542096966e+02,5.841901678000357423e-01,5.841901678000357423e-01,1.311605057014435249e-01
5.585000000000000142e+01,1.195160271223624449e+02,1.637050202634657694e+02,5.934510170791359451e-01,5.934510170791359451e-01,2.273892765562695040e-01
5.590000000000000568e+01,1.193374471226354814e+02,1.637221249168895270e+02,5.255049379067022741e-01,5.255049379067022741e-01,1.552985008536574008e-01
5.595000000000000284e+01,1.191607735483085548e+02,1.637359027757247532e+02,4.984905890741372914e-01,4.984905890741372914e-01,9.872950984469430757e-02
5.600000000000000000e+01,1.189818152599281689e+02,1.637460353618436955e+02,5.485939469200248331e-01,5.485939469200248331e-01,2.444559625417673521e-01
5.605000000000000426e+01,1.188035713250350796e+02,1.637581875296727389e+02,5.471538139174410009e-01,5.471538139174410009e-01,9.670951632773706896e-02
5.610000000000000142e+01,1.186311660754576138e+02,1.637725719805116569e+02,5.105451168481124347e-01,5.105451168481124347e-01,8.983072003315839549e-02
5.615000000000000568e+01,1.184605022171742945e+02,1.637838325538116067e+02,5.044389671669602393e-01,5.044389671669602393e-01,2.425619680102697184e-01
5.620000000000000284e+01,1.182899244409572788e+02,1.637952821071544633e+02,5.820589541551026702e-01,5.820589541551026702e-01,7.814372796093625728e-02
5.625000000000000000e+01,1.181189128630369396e+02,1.638104305630940871e+02,5.667736558563339910e-01,5.667736558563339910e-01,1.107138784213828747e-01
5.630000000000000426e+01,1.179456289879530289e+02,1.638223842216945343e+02,6.119470659193497752e-01,6.119470659193497752e-01,2.514951874590468095e-01
5.635000000000000142e+01,1.177732850837361553e+02,1.638383744477328321e+02,6.070572887836135356e-01,6.070572887836135356e-01,1.422205468130507966e-01
5.640000000000000568e+01,1.175960647319058552e+02,1.638507620045466240e+02,5.611558182716016585e-01,5.611558182716016585e-01,1.930632772919829987e-01
5.645000000000000284e+01,1.174222464550849025e+02,1.638599970433944009e+02,4.977878598698028956e-01,4.977878598698028956e-01,2.939504601531188199e-01
5.650000000000000000e+01,1.172538493988865582e+02,1.638657255605941145e+02,4.786317631758267854e-01,4.786317631758267854e-01,2.289245737398211133e-01
5.655000000000000426e+01,1.170882108074083447e+02,1.638699450554503301e+02,4.291789847955583825e-01,4.291789847955583825e-01,2.714738026306886542e-01
5.660000000000000142e+01,1.169236857782898795e+02,1.638701784693910781e+02,4.521177183435861613e-01,4.521177183435861613e-01,3.533487139528432297e-01
5.665000000000000568e+01,1.167547922507221045e+02,1.638713049754605038e+02,3.933797336952016277e-01,3.933797336952016277e-01,3.010170548170184035e-01
5.670000000000000284e+01,1.165844359226324798e+02,1.638688418197517649e+02,3.643237085067523862e-01,3.643237085067523862e-01,3.342284460583890282e-01
5.675000000000000000e+01,1.164111095974191272e+02,1.638625281068455308e+02,2.866956887200732829e-01,2.866956887200732829e-01,3.965981534791573337e-01
5.680000000000000426e+01,1.162413667729716877e+02,1.638527692390054256e+02,3.682589813891634645e-01,3.682589813891634645e-01,3.491079145039950871e-01
5.685000000000000142e+01,1.160701479530244598e+02,1.638473272902427311e+02,3.739937631163107179e-01,3.739937631163107179e-01,3.843601772395565663e-01
5.690000000000000568e+01,1.158977639928217371e+02,1.638409491160394964e+02,3.324100863620268465e-01,3.324100863620268465e-01,4.311042841328709407e-01
5.695000000000000284e+01,1.157263517533216515e+02,1.638328869602875670e+02,3.920180046293834653e-01,3.920180046293834653e-01,3.970743570017661317e-01
5.700000000000000000e+01,1.155531050165358522e+02,1.638273601336342438e+02,3.638980433131914216e-01,3.638980433131914216e-01,4.371149767788613527e-01
5.705000000000000426e+01,1.153807191637474432e+02,1.638192788019402144e+02,3.096044498342162554e-01,3.096044498342162554e-01,4.672618165595144313e-01
5.710000000000000142e+01,1.152046678150683903e+02,1.638072746400269466e+02,2.139986286726117959e-01,2.139986286726117959e-01,4.409480221822972279e-01
5.715000000000000568e+01,1.150259464646331224e+02,1.637887663731891053e+02,2.229735008091522919e-01,2.229735008091522919e-01,4.780478602468197780e-01
5.720000000000000284e+01,1.148504110790222370e+02,1.637698674138886190e+02,1.403083760825693527e-01,1.403083760825693527e-01,4.762399552274129699e-01
5.725000000000000000e+01,1.146763398961672209e+02,1.637465945601983606e+02,1.331066389730541366e-01,1.331066389730541366e-01,4.526804262141793100e-01
5.730000000000000426e+01,1.145010065182521402e+02,1.637221890104307249e+02,1.223822766222016356e-01,1.223822766222016356e-01,4.943908252588866126e-01
5.735000000000000142e+01,1.143259079537521501e+02,1.636968139551296133e+02,1.480327583518163681e-01,1.480327583518163681e-01,4.656609230815318967e-01
5.740000000000000568e+01,1.141475378733798749e+02,1.636739770210923837e+02,1.601883947713937106e-01,1.601883947713937106e-01,4.553996962949839467e-01
5.745000000000000284e+01,1.139711122492984003e+02,1.636509914012806064e+02,2.008799465414046470e-01,2.008799465414046470e-01,5.112050959530197725e-01
5.750000000000000000e+01,1.137974647268354573e+02,1.636308872821374223e+02,1.766755742032979637e-01,1.766755742032979637e-01,4.639081730960761263e-01
5.755000000000000426e+01,1.136275275559549556e+02,1.636108668901739520e+02,1.626053796360320824e-01,1.626053796360320824e-01,4.669870926571471625e-01
5.760000000000000142e+01,1.134567329618997036e+02,1.635892358909202642e+02,1.129664600333850633e-01,1.129664600333850633e-01,5.196106341904505044e-01
5.765000000000000568e+01,1.132882873136969408e+02,1.635654369976279838e+02,1.439743585879925403e-01,1.439743585879925403e-01,4.651633285064675771e-01
5.770000000000000284e+01,1.131173796869822894e+02,1.635428538914105445e+02,1.660473742352267523e-01,1.660473742352267523e-01,4.717119617238702545e-01
5.775000000000000000e+01,1.129478435345625371e+02,1.635217054986649998e+02,1.721951931919724066e-01,1.721951931919724066e-01,5.143359239445827180e-01
5.780000000000000426e+01,1.127760271675936536e+02,1.635010883034072151e+02,1.467549578862720749e-01,1.467549578862720749e-01,4.681072050766700854e-01
5.785000000000000142e+01,1.126066332489408666e+02,1.634789250444710547e+02,1.395361930174743026e-01,1.395361930174743026e-01,4.809758174654619745e-01
5.790000000000000568e+01,1.124364994914735263e+02,1.634557215127418885e+02,1.625739307083784446e-01,1.625739307083784446e-01,5.102558377619793584e-01
5.795000000000000284e+01,1.122703725742149032e+02,1.634346759160334841e+02,1.020731395038793898e-01,1.020731395038793898e-01,4.693574102576271723e-01
5.800000000000000000e+01,1.121006302071826184e+02,1.634093430090641448e+02,8.882223969265720664e-02,8.882223969265720664e-02,4.836063941840346159e-01
5.805000000000000426e+01,1.119325855516329398e+02,1.633832553971574271e+02,9.590977085435380134e-02,9.590977085435380134e-02,5.023994555438325849e-01
5.810000000000000142e+01,1.117659081222203383e+02,1.633577138919978893e+02,2.227278813822313255e-02,2.227278813822313255e-02,4.603060225760987056e-01
5.815000000000000568e+01,1.116018479628314282e+02,1.633277140828547260e+02,3.766334729722733976e-02,3.766334729722733976e-02,4.725844211273386164e-01
5.820000000000000284e+01,1.114362448913762336e+02,1.632983207213871424e+02,-1.161505858594519443e-02,-1.161505858594519443e-02,4.845917865965831961e-01
5.825000000000000000e+01,1.112711859529144931e+02,1.632663780770419351e+02,-3.715989709070429553e-02,-3.715989709070429553e-02,4.363513936417182659e-01
5.830000000000000426e+01,1.111046415407825378e+02,1.632329175958697363e+02,-9.088343873573009532e-03,-9.088343873573009532e-03,4.493123819852189449e-01
5.835000000000000142e+01,1.109381377796647570e+02,1.632014139056316537e+02,-1.774932347618709758e-02,-1.774932347618709758e-02,4.547950651559363733e-01
5.840000000000000568e+01,1.107708223201192936e+02,1.631696127495442852e+02,-4.449987836216594966e-02,-4.449987836216594966e-02,4.075529216163035207e-01
5.845000000000000284e+01,1.105978777568232232e+02,1.631351369020096911e+02,-1.259762835957871085e-01,-1.259762835957871085e-01,4.286823251584422900e-01
5.850000000000000000e+01,1.104298231719370875e+02,1.630963141559185487e+02,-1.458682166479795816e-01,-1.458682166479795816e-01,4.143416034260712921e-01
5.855000000000000426e+01,1.102653072994107788e+02,1.630570072904475296e+02,-7.423396094026664394e-02,-7.423396094026664394e-02,3.640149306592909695e-01
5.860000000000000142e+01,1.100954645128724962e+02,1.630219370909901784e+02,-9.985535903822402581e-02,-9.985535903822402581e-02,3.945206693732538072e-01
5.865000000000000568e+01,1.099289563785881967e+02,1.629858830584820737e+02,-1.170767971564027760e-01,-1.170767971564027760e-01,3.707841775582382815e-01
5.870000000000000284e+01,1.097646412622138001e+02,1.629492746651214361e+02,-1.080611046521366830e-01,-1.080611046521366830e-01,3.252586639739055707e-01
5.875000000000000000e+01,1.096003291982959240e+02,1.629135336893795341e+02,-8.129180207702942085e-02,-8.129180207702942085e-02,3.623187581662007939e-01
5.880000000000000426e+01,1.094352701620888269e+02,1.628796241423803224e+02,-1.021171182538402056e-01,-1.021171182538402056e-01,3.334398128402364381e-01
5.885000000000000142e+01,1.092711062397943067e+02,1.628447593782892397e+02,-1.220829566190098359e-01,-1.220829566190098359e-01,2.886998082190973536e-01
5.890000000000000568e+01,1.091075888855896068e+02,1.628089712015376733e+02,-1.408178584537059519e-01,-1.408178584537059519e-01,3.333123848400360023e-01
5.895000000000000284e+01,1.089442794142088786e+02,1.627723539071144501e+02,-6.974289206414072129e-02,-6.974289206414072129e-02,2.965351569718289171e-01
5.900000000000000000e+01,1.087810762736202861e+02,1.627405044159909551e+02,-1.224427293263071759e-01,-1.224427293263071759e-01,2.517869887461128275e-01
5.905000000000000426e+01,1.086159874097662765e+02,1.627052444222799181e+02,-1.145664067120209656e-01,-1.145664067120209656e-01,3.058622200612579611e-01
5.910000000000000142e+01,1.084549911792924490e+02,1.626712798506412128e+02,-1.152096145343113054e-01,-1.152096145343113054e-01,2.669314296669798581e-01
5.915000000000000568e+01,1.082920934299439182e+02,1.626371714331473015e+02,-6.712118535867372948e-02,-6.712118535867372948e-02,2.156086777540417165e-01
5.920000000000000284e+01,1.081266146604313718e+02,1.626060794501347573e+02,-3.933175670679267544e-02,-3.933175670679267544e-02,2.816103974116968001e-01
5.925000000000000000e+01,1.079628965009635095e+02,1.625771425544796216e+02,-1.197824325593795924e-01,-1.197824325593795924e-01,2.433479687115833734e-01
5.930000000000000426e+01,1.077996159534137490e+02,1.625432159500805938e+02,-9.604795050604481021e-02,-9.604795050604481021e-02,1.894949094883706386e-01
5.935000000000000142e+01,1.076330358685209632e+02,1.625105561019236120e+02,-8.133267542908986791e-02,-8.133267542908986791e-02,2.646287963786764785e-01
5.940000000000000568e+01,1.074592964820258203e+02,1.624781904166759432e+02,-4.353425508587721593e-02,-4.353425508587721593e-02,2.106352783274023366e-01
5.945000000000000284e+01,1.072827910192071670e+02,1.624480033184116792e+02,7.927872277257271699e-03,7.927872277257271699e-03,1.715414868459588515e-01
5.950000000000000000e+01,1.071057464057782340e+02,1.624210845668928584e+02,1.718386010530752531e-02,1.718386010530752531e-02,2.823298320707325337e-01
5.955000000000000426e+01,1.069295881798428951e+02,1.623948598326293791e+02,4.710666706741990784e-02,4.710666706741990784e-02,1.806845884682827807e-01
5.960000000000000142e+01,1.067508344025077918e+02,1.623706516509344624e+02,-2.850778448022464259e-02,-2.850778448022464259e-02,1.833644401685851077e-01
5.965000000000000568e+01,1.065784048231521268e+02,1.623421995974444485e+02,4.758872946502411272e-02,4.758872946502411272e-02,2.769326909079115606e-01
5.970000000000000284e+01,1.064032128439593379e+02,1.623184917983417677e+02,3.774031962098957360e-02,3.774031962098957360e-02,1.625762041088439080e-01
5.975000000000000000e+01,1.062293608851635156e+02,1.622942500584823904e+02,5.114838254555072183e-02,5.114838254555072183e-02,1.953313540635099876e-01
5.980000000000000426e+01,1.060575542124360595e+02,1.622711220769882630e+02,2.863291861454082474e-02,2.863291861454082474e-02,2.543691046314942583e-01
5.985000000000000142e+01,1.058839706884225933e+02,1.622464172734437682e+02,4.099179842010257369e-02,4.099179842010257369e-02,1.545621593079221923e-01
5.990000000000000568e+01,1.057126276328379504e+02,1.622228215133896185e+02,6.431061291952647196e-02,6.431061291952647196e-02,2.100144473026701319e-01
5.995000000000000284e+01,1.055440938187952042e+02,1.622011314833407027e+02,1.267774456383407300e-01,1.267774456383407300e-01,2.386112447949891857e-01
6.000000000000000000e+01,1.053738575241966089e+02,1.621836131926514497e+02,1.218346027256241998e-01,1.218346027256241998e-01,1.591020737510694949e-01
6.005000000000000426e+01,1.052011201709989763e+02,1.621649363731055473e+02,7.518811268533570624e-02,7.518811268533570624e-02,2.298812233567066321e-01
6.010000000000000142e+01,1.050262824155054204e+02,1.621425630561219862e+02,2.516979546615664282e-02,2.516979546615664282e-02,2.299145997689256704e-01
6.015000000000000568e+01,1.048530929474070632e+02,1.621174426200819028e+02,7.105916417309975086e-02,7.105916417309975086e-02,1.640199116767184495e-01
6.020000000000000284e+01,1.046780690853818214e+02,1.620949053215664719e+02,4.234566405096033825e-02,4.234566405096033825e-02,2.523325010984795447e-01
6.025000000000000000e+01,1.045053387450194009e+02,1.620707677209453550e+02,4.475946019912936669e-02,4.475946019912936669e-02,2.108745656146972236e-01
6.030000000000000426e+01,1.043291160345987265e+02,1.620464205404443021e+02,1.256989508359896562e-02,1.256989508359896562e-02,1.698633599462772426e-01
6.035000000000000142e+01,1.041486672693418569e+02,1.620194646551487381e+02,1.066715974821793277e-02,1.066715974821793277e-02,2.791542685745161956e-01
6.040000000000000568e+01,1.039672421052313069e+02,1.619922006588128056e+02,7.365773702204501949e-03,7.365773702204501949e-03,1.810133796867451905e-01
6.045000000000000284e+01,1.037844050806773737e+02,1.619646783717172127e+02,2.631044995763327440e-02,2.631044995763327440e-02,1.843946311854745834e-01
6.050000000000000000e+01,1.036053061457171793e+02,1.619389607216831166e+02,5.622399467884086482e-02,5.622399467884086482e-02,2.684151282289510276e-01
6.055000000000000426e+01,1.034299002772462330e+02,1.619157448303863873e+02,8.397343407504592391e-03,8.397343407504592391e-03,1.611973449068657693e-01
6.060000000000000142e+01,1.032551095305553872e+02,1.618894003054613790e+02,1.538407912480537452e-02,1.538407912480537452e-02,2.037157527068450269e-01
6.065000000000000568e+01,1.030767687695077512e+02,1.618631331804802471e+02,-1.948950060399745610e-02,-1.948950060399745610e-02,2.376327138770986391e-01
6.070000000000000284e+01,1.028973722841998182e+02,1.618345251291828504e+02,2.889325647983096226e-02,2.889325647983096226e-02,1.469480754123785593e-01
6.075000000000000000e+01,1.027190986180634553e+02,1.618093428224800903e+02,3.606996077742902901e-02,3.606996077742902901e-02,2.304214448702600337e-01
6.080000000000000426e+01,1.025406699978750424e+02,1.617845299222282165e+02,1.152658295593749112e-02,1.152658295593749112e-02,2.017809055197825330e-01
6.085000000000000142e+01,1.023608187961145291e+02,1.617580246408205937e+02,-4.772519665153002882e-02,-4.772519665153002882e-02,1.495627404639290059e-01
6.090000000000000568e+01,1.021862425763888496e+02,1.617283412878826425e+02,-6.437616629772950627e-02,-6.437616629772950627e-02,2.586849722541321728e-01
6.095000000000000284e+01,1.020112248122280647e+02,1.616976860411341193e+02,-1.805215260829417037e-02,-1.805215260829417037e-02,1.657208593538712638e-01
6.100000000000000000e+01,1.018359029655573096e+02,1.616700596347087071e+02,-2.685711107793387065e-02,-2.685711107793387065e-02,1.481124110568947660e-01
6.105000000000000426e+01,1.016632059091687807e+02,1.616422925066387677e+02,-6.105399190659983877e-02,-6.105399190659983877e-02,2.763143609124308342e-01
6.110000000000000142e+01,1.014934504710751071e+02,1.616127343400170844e+02,9.922262899297602801e-03,9.922262899297602801e-03,1.387858311021171742e-01
6.115000000000000568e+01,1.013245690558973138e+02,1.615881763972001011e+02,2.582664395420951678e-02,2.582664395420951678e-02,1.494923632030237537e-01
6.120000000000000284e+01,1.011540793050155997e+02,1.615643831675002957e+02,-1.389608342974532791e-02,-1.389608342974532791e-02,2.574549097115506613e-01
6.125000000000000000e+01,1.009875041230685184e+02,1.615385535419625000e+02,-2.421257141887914882e-02,-2.421257141887914882e-02,1.275120990512881025e-01
6.130000000000000426e+01,1.008210008904566735e+02,1.615121104580221356e+02,8.957955121386583161e-04,8.957955121386583161e-04,1.514386038169567295e-01
6.135000000000000142e+01,1.006514358729060632e+02,1.614869738836936790e+02,7.297462403837018385e-02,7.297462403837018385e-02,2.442635366350517923e-01
6.140000000000000568e+01,1.004795635297374901e+02,1.614664449110095461e+02,6.941295428423034652e-02,6.941295428423034652e-02,1.183009147556595975e-01
6.145000000000000284e+01,1.003077033704579009e+02,1.614454962096674251e+02,7.795214950093709572e-02,7.795214950093709572e-02,1.678303891854686369e-01
6.150000000000000000e+01,1.001359115148340635e+02,1.614249350099528044e+02,7.986530265603906942e-02,7.986530265603906942e-02,2.293837752438017408e-01
6.155000000000000426e+01,9.996355322904589968e+01,1.614046104981256349e+02,6.786926696307787887e-02,6.786926696307787887e-02,1.196422119097439729e-01
6.160000000000000142e+01,9.978964054840679410e+01,1.613830213267060572e+02,-2.076256667767335112e-02,-2.076256667767335112e-02,1.910813487478152661e-01
6.165000000000000568e+01,9.961711222567060986e+01,1.613558251955165019e+02,-1.527516250339768476e-02,-1.527516250339768476e-02,2.086870448430791225e-01
6.170000000000000284e+01,9.944243451859850325e+01,1.613287901532635544e+02,-3.157511335937891739e-02,-3.157511335937891739e-02,1.120830370267270198e-01
6.175000000000000000e+01,9.926865493784664807e+01,1.613008744999690691e+02,-4.533996339819491850e-02,-4.533996339819491850e-02,2.087337909824775461e-01
6.180000000000000426e+01,9.909521564625320877e+01,1.612722179294507612e+02,4.432859210169924798e-03,4.432859210169924798e-03,1.767175379462298801e-01
6.185000000000000142e+01,9.891681563078719819e+01,1.612462724510183705e+02,-3.250550566888960741e-02,-3.250550566888960741e-02,1.076169486965819211e-01
6.190000000000000568e+01,9.873914912576378811e+01,1.612179782495584845e+02,-1.016850975927252598e-02,-1.016850975927252598e-02,2.372304729987365912e-01
6.195000000000000284e+01,9.856540776805852033e+01,1.611917088885650742e+02,4.063663751015091780e-02,4.063663751015091780e-02,1.420721400752035235e-01
6.200000000000000000e+01,9.838998222727309440e+01,1.611685852617997625e+02,7.538889298527022553e-02,7.538889298527022553e-02,1.188166789988666372e-01
6.205000000000000426e+01,9.821597911139444648e+01,1.611478213771083006e+02,6.110215587451989228e-02,6.110215587451989228e-02,2.650122419556836251e-01
6.210000000000000142e+01,9.804036213707057357e+01,1.611256900176328202e+02,3.946301358583339386e-02,3.946301358583339386e-02,1.250147424714215527e-01
6.215000000000000568e+01,9.786256424750305882e+01,1.611022269889976712e+02,1.030335000651935590e-01,1.030335000651935590e-01,1.450311727156452235e-01
6.220000000000000284e+01,9.767865538711441786e+01,1.610817468190305988e+02,1.324147406452694797e-01,1.324147406452694797e-01,2.338661992031218495e-01
6.225000000000000000e+01,9.749170336264901948e+01,1.610628240278321357e+02,1.434186744079027631e-01,1.434186744079027631e-01,1.137165349310529788e-01
6.230000000000000426e+01,9.730143042145152776e+01,1.610442023586339246e+02,1.567955842886425699e-01,1.567955842886425699e-01,2.075073835851481974e-01
6.235000000000000142e+01,9.710815450755011113e+01,1.610254781411863974e+02,1.401426259879991754e-01,1.401426259879991754e-01,1.843548051371174390e-01
6.240000000000000568e+01,9.691082957915565999e+01,1.610050975690610358e+02,1.470528036402649619e-01,1.470528036402649619e-01,1.476181762993043767e-01
6.245000000000000284e+01,9.671548993405009753e+01,1.609851885667568752e+02,1.051421058157170907e-01,1.051421058157170907e-01,2.756774857783697019e-01
6.250000000000000000e+01,9.652082295552970947e+01,1.609628783803403849e+02,8.040450156966909290e-02,8.040450156966909290e-02,1.497013090815980108e-01
6.255000000000000426e+01,9.632054458460628155e+01,1.609380955766683030e+02,1.462341096027691412e-01,1.462341096027691412e-01,2.167064874331254554e-01
6.260000000000000142e+01,9.611918004432077112e+01,1.609171620387674864e+02,1.480075526079004389e-01,1.480075526079004389e-01,2.043314114979395690e-01
6.265000000000000568e+01,9.591960787881430406e+01,1.608969339667009422e+02,1.256959194459308926e-01,1.256959194459308926e-01,1.721216806754711781e-01
6.270000000000000284e+01,9.571875953711433738e+01,1.608746117515268566e+02,9.998383916557963824e-02,9.998383916557963824e-02,2.839889578211337029e-01
6.275000000000000000e+01,9.551989056767557429e+01,1.608511557765966131e+02,1.801422824252887356e-01,1.801422824252887356e-01,1.709889229445913650e-01
6.280000000000000426e+01,9.532038906365687581e+01,1.608326530850339111e+02,1.801124434158584975e-01,1.801124434158584975e-01,2.444347764157882297e-01
6.285000000000000142e+01,9.511855502406103824e+01,1.608131914126942661e+02,1.475692706995414272e-01,1.475692706995414272e-01,2.238941228685087381e-01
6.290000000000000568e+01,9.491635651869989942e+01,1.607917738027146868e+02,2.137121990427052476e-01,2.137121990427052476e-01,2.055220508311882410e-01
6.295000000000000284e+01,9.471071779913943089e+01,1.607735116935158715e+02,1.685669247409540827e-01,1.685669247409540827e-01,2.941160292465420656e-01
6.300000000000000000e+01,9.450167558198675977e+01,1.607525575080498186e+02,1.181760171539305432e-01,1.181760171539305432e-01,2.078790199903853553e-01
6.305000000000000426e+01,9.429369069949477478e+01,1.607280351126052551e+02,1.090907744998961537e-01,1.090907744998961537e-01,2.939340497785318806e-01
6.310000000000000142e+01,9.408565924755234278e+01,1.607026080888974491e+02,9.758194462041167028e-02,9.758194462041167028e-02,2.305198024588620276e-01
6.315000000000000568e+01,9.387736611500970696e+01,1.606766063730102871e+02,8.578240963772100491e-02,8.578240963772100491e-02,2.504301920891224276e-01
6.320000000000000284e+01,9.366570578383945644e+01,1.606489642567232750e+02,1.154917730896277001e-01,1.154917730896277001e-01,2.700016803749119565e-01
6.325000000000000000e+01,9.345785104075083893e+01,1.606242579385954343e+02,1.643480643078841508e-01,1.643480643078841508e-01,2.271023981589761209e-01
6.330000000000000426e+01,9.324881799518324499e+01,1.606022494302505095e+02,1.095137013212475613e-01,1.095137013212475613e-01,3.296223080108794390e-01
6.335000000000000142e+01,9.303766917069302167e+01,1.605763983983745220e+02,7.974085474222879222e-02,7.974085474222879222e-02,2.322134484444572655e-01
6.340000000000000568e+01,9.282156856097269326e+01,1.605474141831190593e+02,6.239740859375225018e-02,6.239740859375225018e-02,3.009843161298816905e-01
6.345000000000000284e+01,9.260713245970408991e+01,1.605174325608374204e+02,7.791992482397841480e-02,7.791992482397841480e-02,2.470730348970681389e-01
6.350000000000000000e+01,9.239752851901795339e+01,1.604895731410142048e+02,7.168743539520491814e-02,7.168743539520491814e-02,2.616046304944183443e-01
6.355000000000000426e+01,9.218736201050083423e+01,1.604610071638416571e+02,1.069323593792951832e-01,1.069323593792951832e-01,2.832427260673744396e-01
6.360000000000000142e+01,9.197700410297146334e+01,1.604349939706703196e+02,1.104507659992831348e-01,1.104507659992831348e-01,2.387872190703973219e-01
6.365000000000000568e+01,9.176601150971409027e+01,1.604088145620566479e+02,1.608422567455222996e-01,1.608422567455222996e-01,3.348585562809845984e-01
6.370000000000000284e+01,9.155346032617688934e+01,1.603859462286310702e+02,1.395490368155963279e-01,1.395490368155963279e-01,2.435306326195147419e-01
6.375000000000000000e+01,9.134039447888825691e+01,1.603611701301353492e+02,1.945577280900822048e-01,1.945577280900822048e-01,3.118928733331406966e-01
6.380000000000000426e+01,9.112371621677358746e+01,1.603387683744859942e+02,1.868016816635642008e-01,1.868016816635642008e-01,2.689538173094498386e-01
6.385000000000000142e+01,9.090592877282234952e+01,1.603159333253961734e+02,1.726791847029436056e-01,1.726791847029436056e-01,2.907881140667537556e-01
6.390000000000000568e+01,9.068752804913287946e+01,1.602923345538725357e+02,1.478642178858456668e-01,1.478642178858456668e-01,3.053855616372311843e-01
6.395000000000000284e+01,9.046435444739215370e+01,1.602663765728819385e+02,2.475205190275972245e-01,2.475205190275972245e-01,2.812094571607605120e-01
6.400000000000000000e+01,9.023884057847084250e+01,1.602459348936067443e+02,2.404067402421036226e-01,2.404067402421036226e-01,3.429068588998522293e-01
6.404999999999999716e+01,9.001746177688183082e+01,1.602262939025485764e+02,2.848038359789751284e-01,2.848038359789751284e-01,2.925943389841085263e-01
6.410000000000000853e+01,8.980320526559216887e+01,1.602096348209170458e+02,2.466919291260039615e-01,2.466919291260039615e-01,3.872934700374866535e-01
6.415000000000000568e+01,8.958584816703152853e+01,1.601890834716965628e+02,2.261373290940629499e-01,2.261373290940629499e-01,3.153819281439373956e-01
6.420000000000000284e+01,8.936970244795666929e+01,1.601678762240023843e+02,1.894713571407173058e-01,1.894713571407173058e-01,3.666343111758649242e-01
6.425000000000000000e+01,8.915460973469929229e+01,1.601440015229347580e+02,1.450383208287105707e-01,1.450383208287105707e-01,3.427421636406403072e-01
6.429999999999999716e+01,8.894489311573369150e+01,1.601187444433255962e+02,2.055643307091961358e-01,2.055643307091961358e-01,3.464371909514548653e-01
6.435000000000000853e+01,8.873857367253945938e+01,1.600969388364460713e+02,2.195088928103826054e-01,2.195088928103826054e-01,3.830845116032646769e-01
6.440000000000000568e+01,8.853109758100637805e+01,1.600761992590574607e+02,2.628056028404023858e-01,2.628056028404023858e-01,3.441774448587325841e-01
6.445000000000000284e+01,8.832825555512563653e+01,1.600588389846291193e+02,2.733230519748791054e-01,2.733230519748791054e-01,4.203702642489062224e-01
6.450000000000000000e+01,8.812777667121636682e+01,1.600420926860714133e+02,3.048186105876533603e-01,3.048186105876533603e-01,3.705837520970297616e-01
6.454999999999999716e+01,8.792785917951518115e+01,1.600281216541477249e+02,3.250429995055255650e-01,3.250429995055255650e-01,3.989449306318617050e-01
6.460000000000000853e+01,8.772984235453442636e+01,1.600138235892499381e+02,2.364715976824919574e-01,2.364715976824919574e-01,4.250338523664824453e-01
6.465000000000000568e+01,8.753091631016455665e+01,1.599952427627531222e+02,3.101774996606701529e-01,3.101774996606701529e-01,3.991963484232144421e-01
6.470000000000000284e+01,8.733188510108890057e+01,1.599809522412636511e+02,2.891388721272128981e-01,2.891388721272128981e-01,4.702803899312525959e-01
6.475000000000000000e+01,8.713193460543512003e+01,1.599642334049853787e+02,2.623945008226017950e-01,2.623945008226017950e-01,4.267774041693527254e-01
6.479999999999999716e+01,8.693172326080865275e+01,1.599462275474203921e+02,2.922943870399705713e-01,2.922943870399705713e-01,4.501611669772173641e-01
6.485000000000000853e+01,8.673041188370946486e+01,1.599292117883499884e+02,3.137199404327435937e-01,3.137199404327435937e-01,4.703333689839518938e-01
6.490000000000000568e+01,8.653036317063403260e+01,1.599145890028590316e+02,3.353368285970784179e-01,3.353368285970784179e-01,4.545962659780247717e-01
6.495000000000000284e+01,8.633230207137651746e+01,1.598996681755363625e+02,3.437164755780182657e-01,3.437164755780182657e-01,5.207083786059595321e-01
6.500000000000000000e+01,8.612904488226723743e+01,1.598844496683616967e+02,3.700538645252363090e-01,3.700538645252363090e-01,4.813055843730495997e-01
6.504999999999999716e+01,8.592449620203086624e+01,1.598712410082776501e+02,3.364477669561063977e-01,3.364477669561063977e-01,5.125881969609040745e-01
6.510000000000000853e+01,8.572060507673805319e+01,1.598551047106043086e+02,2.690712175561622566e-01,2.690712175561622566e-01,5.254073398316110310e-01
6.515000000000000568e+01,8.551573584159204700e+01,1.598348874800486215e+02,2.838264128184574409e-01,2.838264128184574409e-01,5.141465285452093692e-01
6.520000000000000284e+01,8.530988717679228728e+01,1.598146623589406943e+02,2.673082964249100524e-01,2.673082964249100524e-01,5.699379680976265350e-01
6.525000000000000000e+01,8.510764859618701905e+01,1.597949738623164819e+02,2.895151960674969827e-01,2.895151960674969827e-01,5.276661242593556622e-01
6.529999999999999716e+01,8.490800601132583836e+01,1.597768081361560064e+02,3.481651006526030323e-01,3.481651006526030323e-01,5.611696189477115571e-01
6.535000000000000853e+01,8.470793137614234070e+01,1.597616361142033838e+02,3.427922690394921701e-01,3.427922690394921701e-01,5.628562913628865072e-01
6.540000000000000568e+01,8.450471120966618344e+01,1.597458733211180117e+02,2.662646991488199499e-01,2.662646991488199499e-01,5.641197444426035990e-01
6.545000000000000284e+01,8.430057440806950808e+01,1.597239639917696934e+02,1.461309921624248664e-01,1.461309921624248664e-01,6.064250448045066522e-01
6.550000000000000000e+01,8.410132336063081482e+01,1.596958949189121881e+02,2.213959247009703868e-01,2.213959247009703868e-01,5.645773429978261371e-01
6.554999999999999716e+01,8.390432761168278830e+01,1.596718366003302378e+02,2.140646229182297799e-01,2.140646229182297799e-01,5.948641212358695141e-01
6.560000000000000853e+01,8.370719634106180251e+01,1.596467043058640627e+02,1.821338792562088582e-01,1.821338792562088582e-01,5.811455852467832806e-01
6.565000000000000568e+01,8.350543283146572549e+01,1.596201678963846007e+02,1.416927868145888281e-01,1.416927868145888281e-01,5.758017783347990637e-01
6.570000000000000284e+01,8.330796149402222284e+01,1.595915444594252790e+02,3.994809453855461406e-02,3.994809453855461406e-02,6.071507866249655772e-01
6.575000000000000000e+01,8.310830124137660846e+01,1.595561354043254880e+02,4.895612001474090869e-02,4.895612001474090869e-02,5.599224552888347750e-01
6.579999999999999716e+01,8.291245134488325164e+01,1.595213122569990389e+02,8.921644769881614812e-02,8.921644769881614812e-02,5.824511303641550786e-01
6.585000000000000853e+01,8.271615141743693300e+01,1.594887978031593718e+02,5.175925280162881753e-02,5.175925280162881753e-02,5.574686851280854505e-01
6.590000000000000568e+01,8.251879324407222782e+01,1.594549478390404431e+02,2.479577664789561677e-03,2.479577664789561677e-03,5.461474331365349100e-01
6.595000000000000284e+01,8.232741782007390441e+01,1.594183243744741958e+02,-4.296542970128873484e-03,-4.296542970128873484e-03,5.710468456944239879e-01
6.600000000000000000e+01,8.213709070684348035e+01,1.593819771083400951e+02,-9.828274024941843420e-03,-9.828274024941843420e-03,5.187746395063963512e-01
6.604999999999999716e+01,8.194727891188334468e+01,1.593453738111513474e+02,-1.013033660653900152e-02,-1.013033660653900152e-02,5.354997598619922750e-01
6.610000000000000853e+01,8.175424426658209143e+01,1.593081768755878045e+02,-4.694773115734787727e-02,-4.694773115734787727e-02,5.138943957662878148e-01
6.615000000000000568e+01,8.156083257124194574e+01,1.592690174632913340e+02,-9.077491262403002137e-02,-9.077491262403002137e-02,4.885422433705488010e-01
6.620000000000000284e+01,8.136546966355680865e+01,1.592270763079285416e+02,-7.666331656082729651e-02,-7.666331656082729651e-02,5.237732752815958959e-01
6.625000000000000000e+01,8.116822568179378550e+01,1.591861764441613616e+02,-1.448734020793947079e-02,-1.448734020793947079e-02,4.561685923637043838e-01
6.629999999999999716e+01,8.097135261478602786e+01,1.591496523147234541e+02,-3.996851973558597504e-02,-3.996851973558597504e-02,4.758931269862395341e-01
6.635000000000000853e+01,8.077634785466558753e+01,1.591115008242896067e+02,-5.460674841936447726e-02,-5.460674841936447726e-02,4.535846720005258792e-01
6.640000000000000568e+01,8.058015907363864017e+01,1.590728747982730340e+02,-5.479636908091516795e-02,-5.479636908091516795e-02,4.274645201466508726e-01
6.645000000000000284e+01,8.038329446864666750e+01,1.590342679602213707e+02,-7.562790249038571500e-02,-7.562790249038571500e-02,4.706759591749841709e-01
6.650000000000000000e+01,8.019183202693339751e+01,1.589952847296158609e+02,-1.279483288272844355e-01,-1.279483288272844355e-01,3.992068698688953643e-01
6.654999999999999716e+01,8.000091467866975847e+01,1.589531952144157003e+02,-1.282737339530444221e-01,-1.282737339530444221e-01,4.136390648643841206e-01
6.660000000000000853e+01,7.980619805115422594e+01,1.589108713854755592e+02,-1.200349640015501984e-01,-1.200349640015501984e-01,3.919202159868326318e-01
6.665000000000000568e+01,7.961058413793035982e+01,1.588692447531993821e+02,-1.519006033235879571e-01,-1.519006033235879571e-01,3.561591313729216002e-01
6.670000000000000284e+01,7.941878039294262237e+01,1.588264459930470309e+02,-1.089339070912889867e-01,-1.089339070912889867e-01,4.135532039188864473e-01
6.675000000000000000e+01,7.922532674743668224e+01,1.587864701621667223e+02,-1.054922313164122494e-01,-1.054922313164122494e-01,3.244111795123024722e-01
6.679999999999999716e+01,7.903089686483616561e+01,1.587468594174312955e+02,-2.647886793217881993e-02,-2.647886793217881993e-02,3.436365148762225985e-01
6.685000000000000853e+01,7.883637345702298660e+01,1.587124500263519451e+02,-5.436040709281899502e-02,-5.436040709281899502e-02,3.350702296955710979e-01
6.690000000000000568e+01,7.863758049001090455e+01,1.586760066130307223e+02,-1.179720513956303111e-02,-1.179720513956303111e-02,2.958395547912146539e-01
6.695000000000000284e+01,7.844075157764623896e+01,1.586427941191966511e+02,3.828782737499517030e-02,3.828782737499517030e-02,3.758291804745229059e-01
6.700000000000000000e+01,7.824141854273092633e+01,1.586128059766845695e+02,1.353689402941177060e-02,1.353689402941177060e-02,2.852336588577168430e-01
6.704999999999999716e+01,7.804109582727073757e+01,1.585809180484116041e+02,3.273473050032062182e-02,3.273473050032062182e-02,3.196148120391960612e-01
6.710000000000000853e+01,7.783937716469313273e+01,1.585499897024764095e+02,-1.088216704806474304e-02,-1.088216704806474304e-02,3.053837985051913728e-01
6.715000000000000568e+01,7.763923897614692748e+01,1.585167259448186314e+02,-2.886925807477605521e-02,-2.886925807477605521e-02,2.763164363743258467e-01
6.720000000000000284e+01,7.743992789753298212e+01,1.584824511492799672e+02,4.236661143279308456e-02,4.236661143279308456e-02,3.466844778799499371e-01
6.725000000000000000e+01,7.723772602928814024e+01,1.584526774479625146e+02,5.353156668493982973e-02,5.353156668493982973e-02,2.597347012820194756e-01
6.729999999999999716e+01,7.703326586012327937e+01,1.584231192938715935e+02,3.808515613218667328e-02,3.808515613218667328e-02,3.151918508219448967e-01
6.735000000000000853e+01,7.682605301888243332e+01,1.583923320143703108e+02,4.324707760678080104e-02,4.324707760678080104e-02,2.756199865997199794e-01
6.740000000000000568e+01,7.661944864771636787e+01,1.583618835573311969e+02,3.903312067295254539e-02,3.903312067295254539e-02,2.722205470331000576e-01
6.745000000000000284e+01,7.641049479466369121e+01,1.583310089507656642e+02,8.869973924867266546e-02,8.869973924867266546e-02,3.102907997798182715e-01
6.750000000000000000e+01,7.620286028962028979e+01,1.583039542408232023e+02,1.341629486736280186e-01,1.341629486736280186e-01,2.521693204337088212e-01
6.754999999999999716e+01,7.599772754938794606e+01,1.582795606608795254e+02,1.012120271838024832e-01,1.012120271838024832e-01,3.441333110348581692e-01
6.760000000000000853e+01,7.579464412797243256e+01,1.582531439924047163e+02,1.309687465343620238e-01,1.309687465343620238e-01,2.629719926452324663e-01
6.765000000000000568e+01,7.559104595050744990e+01,1.582288735930682435e+02,8.917978870014281467e-02,8.917978870014281467e-02,2.961076706898077004e-01
6.770000000000000284e+01,7.538599383842382906e+01,1.582013186213901292e+02,5.289159148871529562e-03,5.289159148871529562e-03,2.986201003219537964e-01
6.775000000000000000e+01,7.518121166970753677e+01,1.581686542885727249e+02,-4.324644184500200245e-02,-4.324644184500200245e-02,2.615581792554754759e-01
6.779999999999999716e+01,7.497473222951656169e+01,1.581327556770644378e+02,4.904479322348718681e-03,4.904479322348718681e-03,3.369996117245689926e-01
6.785000000000000853e+01,7.476754372917604030e+01,1.581001971376518043e+02,1.421891491206597052e-02,1.421891491206597052e-02,2.434896662606826634e-01
6.790000000000000568e+01,7.456689329542440703e+01,1.580690523354300581e+02,4.847735964457806912e-02,4.847735964457806912e-02,3.012243691763237252e-01
6.795000000000000284e+01,7.436401667957032657e+01,1.580396813775919043e+02,1.355922781642874761e-02,1.355922781642874761e-02,2.613365457921494883e-01
6.800000000000000000e+01,7.416260014486852015e+01,1.580085235223531583e+02,-1.476777374476258460e-02,-1.476777374476258460e-02,2.517367386020811781e-01
6.804999999999999716e+01,7.396384848660213152e+01,1.579759196861261046e+02,-1.468222675952384967e-02,-1.468222675952384967e-02,3.051144218739387237e-01
6.810000000000000853e+01,7.376385789033622586e+01,1.579433367948325042e+02,-3.676306908773441240e-02,-3.676306908773441240e-02,2.227174569462763154e-01
6.815000000000000568e+01,7.356599117814054978e+01,1.579096609641984799e+02,-1.172749276946103147e-01,-1.172749276946103147e-01,2.946950536674812771e-01
6.820000000000000284e+01,7.336934618041392753e+01,1.578710503687726145e+02,-1.398070600902324157e-01,-1.398070600902324157e-01,2.264721195402125964e-01
6.825000000000000000e+01,7.317373144307128996e+01,1.578311874197370912e+02,-2.464082696933731775e-01,-2.464082696933731775e-01,2.165118549935564629e-01
6.829999999999999716e+01,7.297696244326080262e+01,1.577847076631547907e+02,-3.112320986617319041e-01,-3.112320986617319041e-01,2.601116987275005621e-01
6.835000000000000853e+01,7.277657350541932146e+01,1.577338331786643835e+02,-3.580937283530646331e-01,-3.580937283530646331e-01,1.486978750946596206e-01
6.840000000000000568e+01,7.257802512210830059e+01,1.576808916302543366e+02,-3.365786934842376898e-01,-3.365786934842376898e-01,2.466166078318249577e-01
6.845000000000000284e+01,7.238039370200800704e+01,1.576301990000721958e+02,-3.687511658451462226e-01,-3.687511658451462226e-01,1.283655151113833326e-01
6.850000000000000000e+01,7.218147821822438459e+01,1.575773402105860725e+02,-3.632633961229399522e-01,-3.632633961229399522e-01,1.430638758236317531e-01
6.854999999999999716e+01,7.198593217835755809e+01,1.575258363792053444e+02,-3.282805768506292798e-01,-3.282805768506292798e-01,1.814844566856805008e-01
6.860000000000000853e+01,7.178722907941411790e+01,1.574763196936670226e+02,-3.087588797676058538e-01,-3.087588797676058538e-01,3.928373710272918540e-02
6.865000000000000568e+01,7.158690051810722821e+01,1.574287718767256479e+02,-3.457460595775203038e-01,-3.457460595775203038e-01,2.338169654049046253e-01
6.870000000000000284e+01,7.138890868701987813e+01,1.573798034171950633e+02,-4.570324527028590267e-01,-4.570324527028590267e-01,6.347350099130624757e-02
6.875000000000000000e+01,7.119233576010434206e+01,1.573236501198691144e+02,-5.442910730275872799e-01,-5.442910730275872799e-01,1.475259345355885432e-01
6.879999999999999716e+01,7.099729875301167681e+01,1.572632524575982416e+02,-5.284697597474775632e-01,-5.284697597474775632e-01,1.743500140101053586e-01
6.885000000000000853e+01,7.080900794788318819e+01,1.572048942165165499e+02,-4.813345353613737720e-01,-4.813345353613737720e-01,1.167377357698913543e-01
6.890000000000000568e+01,7.061905727030762137e+01,1.571507043714543386e+02,-4.765669034345215160e-01,-4.765669034345215160e-01,2.717675040143210929e-01
6.895000000000000284e+01,7.042700267969885886e+01,1.570980049015795998e+02,-4.260157912010971160e-01,-4.260157912010971160e-01,1.776290653638859518e-01
6.900000000000000000e+01,7.023418465464327198e+01,1.570465121758589362e+02,-4.050832127690559559e-01,-4.050832127690559559e-01,2.305761108553044392e-01
6.904999999999999716e+01,7.003988308436328225e+01,1.569973910953955567e+02,-3.755540842652174138e-01,-3.755540842652174138e-01,2.703946740739253118e-01
6.910000000000000853e+01,6.984363724621077552e+01,1.569497630917094853e+02,-3.962096508940791129e-01,-3.962096508940791129e-01,2.351025599343094241e-01
6.915000000000000568e+01,6.964909976991000917e+01,1.569017326430411856e+02,-3.949410257270241087e-01,-3.949410257270241087e-01,3.443112402536336880e-01
6.920000000000000284e+01,6.945680549942333926e+01,1.568561782691355972e+02,-3.898046093359774922e-01,-3.898046093359774922e-01,2.818935648594724230e-01
6.925000000000000000e+01,6.926373528852226968e+01,1.568104317328670447e+02,-4.059586232908319881e-01,-4.059586232908319881e-01,3.194830394940545992e-01
6.929999999999999716e+01,6.907055412141235706e+01,1.567646629071966800e+02,-3.616612785545380016e-01,-3.616612785545380016e-01,3.562275135145682725e-01
6.935000000000000853e+01,6.887603167030738405e+01,1.567197341301260280e+02,-3.527877054575796478e-01,-3.527877054575796478e-01,3.311840856866566374e-01
6.940000000000000568e+01,6.868098601010304094e+01,1.566762665520934092e+02,-3.312370827510618954e-01,-3.312370827510618954e-01,4.138504079325343588e-01
6.945000000000000284e+01,6.848975492125876485e+01,1.566363735079623609e+02,-2.832295889115540310e-01,-2.832295889115540310e-01,3.688285541076473661e-01
6.950000000000000000e+01,6.830079406396373543e+01,1.565989604372921633e+02,-3.224555990800265781e-01,-3.224555990800265781e-01,3.894443763605868747e-01
6.954999999999999716e+01,6.811023517660194670e+01,1.565597892455413955e+02,-2.479102339094279572e-01,-2.479102339094279572e-01,4.292514900730717287e-01
6.960000000000000853e+01,6.791909620052847174e+01,1.565248284233917673e+02,-3.029900138335445137e-01,-3.029900138335445137e-01,3.941332694051237207e-01
6.965000000000000568e+01,6.773117471781614540e+01,1.564869893769278804e+02,-2.270818603638526390e-01,-2.270818603638526390e-01,4.510998374220362428e-01
6.970000000000000284e+01,6.753855794504681853e+01,1.564546027156564492e+02,-2.309261380519030127e-01,-2.309261380519030127e-01,4.259434840285628576e-01
6.975000000000000000e+01,6.734978368881533584e+01,1.564214767818233440e+02,-2.236869774083454221e-01,-2.236869774083454221e-01,4.281499952531238606e-01
6.979999999999999716e+01,6.716083635736040947e+01,1.563893866657734293e+02,-2.399409518987547785e-01,-2.399409518987547785e-01,4.803054415288421364e-01
6.985000000000000853e+01,6.697485330006821869e+01,1.563568715936063711e+02,-2.244833199810986890e-01,-2.244833199810986890e-01,4.343764760789967094e-01
6.990000000000000568e+01,6.679045258169645649e+01,1.563259434336450227e+02,-1.754666582520710838e-01,-1.754666582520710838e-01,4.649956172758412110e-01
6.995000000000000284e+01,6.660685037601224678e+01,1.562986396265263807e+02,-2.071312800538895049e-01,-2.071312800538895049e-01,4.688762100898404284e-01
7.000000000000000000e+01,6.642363650571607536e+01,1.562686991167567498e+02,-2.239586144101780862e-01,-2.239586144101780862e-01,4.468875095633688121e-01
7.004999999999999716e+01,6.624281437355574553e+01,1.562382412917974932e+02,-2.098139539194973091e-01,-2.098139539194973091e-01,4.982794617730438858e-01
7.010000000000000853e+01,6.606434978971117289e+01,1.562092617236205285e+02,-1.770981559889605039e-01,-1.770981559889605039e-01,4.689629319860573742e-01
7.015000000000000568e+01,6.588324751017208314e+01,1.561817124244608408e+02,-1.607231527320783504e-01,-1.607231527320783504e-01,4.655625850020587153e-01
7.020000000000000284e+01,6.570044711981054775e+01,1.561556004238698279e+02,-9.942453490568523011e-02,-9.942453490568523011e-02,5.182995168530020180e-01
7.025000000000000000e+01,6.551658134877510520e+01,1.561328513576088426e+02,-1.075710299438661505e-01,-1.075710299438661505e-01,4.612868546064114450e-01
7.029999999999999716e+01,6.533085186970293989e+01,1.561097356244034131e+02,-1.351939400952157644e-01,-1.351939400952157644e-01,4.755987089573752713e-01
7.035000000000000853e+01,6.514331340745202681e+01,1.560850946586778321e+02,-9.558152196025528069e-02,-9.558152196025528069e-02,4.874772153424050125e-01
7.040000000000000568e+01,6.495512711248288440e+01,1.560616021283258306e+02,-1.022574658114843715e-01,-1.022574658114843715e-01,4.533836080881946673e-01
7.045000000000000284e+01,6.476850552458110144e+01,1.560387857709721686e+02,-1.490641651015378322e-01,-1.490641651015378322e-01,4.942948968022112810e-01
7.050000000000000000e+01,6.458074234346594267e+01,1.560123490749984967e+02,-1.689177041982216909e-01,-1.689177041982216909e-01,4.635090453040026093e-01
7.054999999999999716e+01,6.439555414228068742e+01,1.559851192783783631e+02,-2.121498183827234540e-01,-2.121498183827234540e-01,4.607428209956317966e-01
7.060000000000000853e+01,6.421147891861778589e+01,1.559556373318583269e+02,-1.660794008658486587e-01,-1.660794008658486587e-01,5.122265244288118913e-01
7.065000000000000568e+01,6.403145571666530600e+01,1.559286118401419685e+02,-1.477891336168617731e-01,-1.477891336168617731e-01,4.627317693884903105e-01
7.070000000000000284e+01,6.384907255181983032e+01,1.559031125890736575e+02,-1.536464975306353897e-01,-1.536464975306353897e-01,4.806545720879910610e-01
7.075000000000000000e+01,6.367027081877427719e+01,1.558777304572171829e+02,-1.144431212751612081e-01,-1.144431212751612081e-01,4.962018228834045863e-01
7.079999999999999716e+01,6.348694353282414227e+01,1.558541448220179575e+02,-1.785697878799528127e-01,-1.785697878799528127e-01,4.605772756369141963e-01
7.085000000000000853e+01,6.330854801481350336e+01,1.558268762599006436e+02,-2.052082667665094673e-01,-2.052082667665094673e-01,4.987212541740920768e-01
7.090000000000000568e+01,6.313285286819180442e+01,1.557995941305602798e+02,-1.759450738784806290e-01,-1.759450738784806290e-01,4.863239224237371761e-01
7.095000000000000284e+01,6.295687013392713993e+01,1.557734484761845408e+02,-1.364520013199709003e-01,-1.364520013199709003e-01,4.708325388965863278e-01
7.100000000000000000e+01,6.278087693350990151e+01,1.557502160958517834e+02,-1.190256028730157511e-01,-1.190256028730157511e-01,5.169929349511656058e-01
7.104999999999999716e+01,6.260175415147623568e+01,1.557273435614001471e+02,-1.203039940832601323e-01,-1.203039940832601323e-01,4.770249345994967971e-01
7.110000000000000853e+01,6.242014216362390044e+01,1.557036875857793063e+02,-1.712717155303779548e-01,-1.712717155303779548e-01,4.733238937385016998e-01
7.115000000000000568e+01,6.224643046213838460e+01,1.556783567491706322e+02,-1.398520677874866558e-01,-1.398520677874866558e-01,5.244182018493740438e-01
7.120000000000000284e+01,6.207384740439435689e+01,1.556544362945357420e+02,-1.651588120814779515e-01,-1.651588120814779515e-01,4.720719999784224186e-01
7.125000000000000000e+01,6.189610115936035584e+01,1.556280564043542540e+02,-1.662800739475540079e-01,-1.662800739475540079e-01,4.840148013521028969e-01
7.129999999999999716e+01,6.171351814803094271e+01,1.556018882110520281e+02,-1.823613300385394653e-01,-1.823613300385394653e-01,5.109951982265704684e-01
7.135000000000000853e+01,6.152747647790193497e+01,1.555739651835137636e+02,-1.336969568106779749e-01,-1.336969568106779749e-01,4.738597911215143843e-01
7.140000000000000568e+01,6.133742543844559947e+01,1.555484843657060878e+02,-6.918058188349557325e-02,-6.918058188349557325e-02,5.072026511041212160e-01
7.145000000000000284e+01,6.114905960648972183e+01,1.555275707980421203e+02,-2.359504275146228486e-02,-2.359504275146228486e-02,4.854457311400783848e-01
7.150000000000000000e+01,6.096031624141539140e+01,1.555091627938841441e+02,5.800865902289598086e-02,5.800865902289598086e-02,4.657155930649746201e-01
7.154999999999999716e+01,6.077466483130676522e+01,1.554967802955046920e+02,4.206314070138584410e-02,4.206314070138584410e-02,5.129268776678582720e-01
7.160000000000000853e+01,6.058577170038732618e+01,1.554825954628617524e+02,9.358598332479372683e-04,9.358598332479372683e-04,4.413805290761205757e-01
7.165000000000000568e+01,6.039438579395616813e+01,1.554650450124374572e+02,3.266375630052174156e-02,3.266375630052174156e-02,4.485067661593614696e-01
7.170000000000000284e+01,6.020502986175689841e+01,1.554497427845838331e+02,4.424953617168030789e-03,4.424953617168030789e-03,4.542592097875207124e-01
7.175000000000000000e+01,6.001208546726322623e+01,1.554318205382681981e+02,-1.286659356523333492e-02,-1.286659356523333492e-02,4.104542531120453641e-01
7.179999999999999716e+01,5.982012827210412098e+01,1.554128611662875983e+02,-1.725728940184640195e-02,-1.725728940184640195e-02,4.541738933460695016e-01
7.185000000000000853e+01,5.962892449404466788e+01,1.553937223364129068e+02,2.913022364273767234e-02,2.913022364273767234e-02,4.077819341816424914e-01
7.190000000000000568e+01,5.944067052772909676e+01,1.553778368543055706e+02,1.020756471117629516e-01,1.020756471117629516e-01,3.972981015175395259e-01
7.195000000000000284e+01,5.924767573215567751e+01,1.553657576086485221e+02,6.501361929859260369e-02,6.501361929859260369e-02,4.291648297651810551e-01
7.200000000000000000e+01,5.905356578737833217e+01,1.553507932105562475e+02,2.623775338921279648e-02,2.623775338921279648e-02,3.615504954197588106e-01
7.204999999999999716e+01,5.886123013723626940e+01,1.553333551638048675e+02,2.046951673318343767e-02,2.046951673318343767e-02,3.930031203429709685e-01
7.210000000000000853e+01,5.866571906183204277e+01,1.553151449640758983e+02,-5.176228995232666497e-02,-5.176228995232666497e-02,3.670629509890708242e-01
7.215000000000000568e+01,5.847400772016020909e+01,1.552922616313952062e+02,-1.177403738636479125e-01,-1.177403738636479125e-01,3.470040143044337833e-01
7.220000000000000284e+01,5.827968540408959797e+01,1.552651144244988757e+02,-1.095249044661774362e-01,-1.095249044661774362e-01,4.156081529470233016e-01
7.225000000000000000e+01,5.808234111480977901e+01,1.552378879411884327e+02,-8.198416028677607548e-02,-8.198416028677607548e-02,3.439319984337358416e-01
7.229999999999999716e+01,5.788169704124490522e+01,1.552118390795235428e+02,-5.023131889738471217e-02,-5.023131889738471217e-02,3.783312909152595771e-01
7.235000000000000853e+01,5.768156480500288552e+01,1.551880697336476658e+02,-9.460732393361698245e-02,-9.460732393361698245e-02,3.620450911789501180e-01
7.240000000000000568e+01,5.748674960816613577e+01,1.551620261760657513e+02,-1.164730726754170387e-01,-1.164730726754170387e-01,3.428074286569967599e-01
7.245000000000000284e+01,5.729083009028354923e+01,1.551347728044751477e+02,-8.569998917813990980e-02,-8.569998917813990980e-02,4.114524461082073592e-01
7.250000000000000000e+01,5.709389155333253285e+01,1.551090223247421989e+02,-1.055299326151441092e-01,-1.055299326151441092e-01,3.382125505127139276e-01
7.254999999999999716e+01,5.689873299032830545e+01,1.550823600570197414e+02,-1.178012666690448629e-01,-1.178012666690448629e-01,3.723152872040070283e-01
7.260000000000000853e+01,5.670727605295658691e+01,1.550554346918601141e+02,-1.400843502559020737e-01,-1.400843502559020737e-01,3.669396125787051099e-01
7.265000000000000568e+01,5.651564387628793895e+01,1.550266301449388493e+02,-1.084090457750944009e-01,-1.084090457750944009e-01,3.432658683686379830e-01
7.270000000000000284e+01,5.632591500727425426e+01,1.550003293452095932e+02,-1.950385652564406713e-01,-1.950385652564406713e-01,4.165707208955111152e-01
7.275000000000000000e+01,5.613630612138850040e+01,1.549688308096095852e+02,-1.536662766242277989e-01,-1.536662766242277989e-01,3.520367289672809430e-01
7.279999999999999716e+01,5.594615914426152870e+01,1.549395134588976362e+02,-1.534563710901092615e-01,-1.534563710901092615e-01,3.715214107700052226e-01
7.285000000000000853e+01,5.575501847107710063e+01,1.549105467574836155e+02,-2.116911914649888260e-01,-2.116911914649888260e-01,3.946506792357917237e-01
7.290000000000000568e+01,5.556535881298888313e+01,1.548773772887672351e+02,-2.877324667511688694e-01,-2.877324667511688694e-01,3.597130114233422216e-01
7.295000000000000284e+01,5.537791133803675336e+01,1.548398898993599460e+02,-2.620695785622095819e-01,-2.620695785622095819e-01,4.241401795694442756e-01
7.300000000000000000e+01,5.519079633164040644e+01,1.548047395134617261e+02,-2.213983448917712094e-01,-2.213983448917712094e-01,3.945267084054966400e-01
7.304999999999999716e+01,5.500242403975902050e+01,1.547716622030458211e+02,-2.393447638304782021e-01,-2.393447638304782021e-01,3.980999427069545349e-01
7.310000000000000853e+01,5.481544707191675059e+01,1.547380105091413611e+02,-1.854657779384101257e-01,-1.854657779384101257e-01,4.533753977674997437e-01
7.315000000000000568e+01,5.462741596491111551e+01,1.547073584808206590e+02,-1.704598216020497270e-01,-1.704598216020497270e-01,4.024237694442357460e-01
7.320000000000000284e+01,5.444028011840988057e+01,1.546791376067920680e+02,-1.894604759203513678e-01,-1.894604759203513678e-01,4.343819743702028169e-01
7.325000000000000000e+01,5.425430849109639553e+01,1.546502168616383983e+02,-1.927481203465020998e-01,-1.927481203465020998e-01,4.344791388995924430e-01
7.329999999999999716e+01,5.406559798376834891e+01,1.546194092021312656e+02,-2.697061412803142821e-01,-2.697061412803142821e-01,4.146563160160085526e-01
7.335000000000000853e+01,5.387343681618848734e+01,1.545841212149622095e+02,-3.044045996635274531e-01,-3.044045996635274531e-01,4.831629611763781917e-01
7.340000000000000568e+01,5.367983653112331410e+01,1.545473736011251162e+02,-2.882787864572771142e-01,-2.882787864572771142e-01,4.369155174678057141e-01
7.345000000000000284e+01,5.348654554327736577e+01,1.545110114114298767e+02,-2.355152185487646432e-01,-2.355152185487646432e-01,4.609079504420198203e-01
7.350000000000000000e+01,5.329437938117264650e+01,1.544786552823132979e+02,-2.205053227570544505e-01,-2.205053227570544505e-01,4.800921630071631196e-01
7.354999999999999716e+01,5.309973727114855535e+01,1.544466237468641054e+02,-2.504601039362123194e-01,-2.504601039362123194e-01,4.541983900138054087e-01
7.360000000000000853e+01,5.290423677296560356e+01,1.544132616720462181e+02,-2.218322455712234409e-01,-2.218322455712234409e-01,5.113615468329070213e-01
7.365000000000000568e+01,5.270573340753718128e+01,1.543810711213309048e+02,-2.094047630902344248e-01,-2.094047630902344248e-01,4.711821206493665981e-01
7.370000000000000284e+01,5.250812082768646860e+01,1.543491479220996325e+02,-2.068502259931357390e-01,-2.068502259931357390e-01,4.868480570372871186e-01
7.375000000000000000e+01,5.231218385989659225e+01,1.543190480042912043e+02,-1.816123524744268913e-01,-1.816123524744268913e-01,5.046020925582973549e-01
7.379999999999999716e+01,5.211909852117699415e+01,1.542900379776050386e+02,-1.274837710764312737e-01,-1.274837710764312737e-01,4.768206821031704679e-01
7.385000000000000853e+01,5.192656149564301415e+01,1.542649519817762780e+02,-9.819293521259400692e-02,-9.819293521259400692e-02,5.217630612923990219e-01
7.390000000000000568e+01,5.173301854376185105e+01,1.542419720488664154e+02,-4.328964229263621011e-02,-4.328964229263621011e-02,4.799845493866055635e-01
7.395000000000000284e+01,5.154226540431284320e+01,1.542222071675616348e+02,-1.923256147122078680e-02,-1.923256147122078680e-02,4.771478782422107212e-01
7.400000000000000000e+01,5.135384261948595253e+01,1.542048347477721961e+02,4.498134477041076940e-02,4.498134477041076940e-02,5.014511792593767670e-01
7.404999999999999716e+01,5.116477479978811971e+01,1.541907286009270308e+02,4.012899842571168024e-02,4.012899842571168024e-02,4.462568739430914366e-01
7.410000000000000853e+01,5.097448483263788432e+01,1.541760589137384727e+02,7.246701334277610984e-02,7.246701334277610984e-02,4.685273210844227987e-01
7.415000000000000568e+01,5.078375667399929938e+01,1.541633240783042424e+02,1.279444893593075783e-01,1.279444893593075783e-01,4.421696665837522300e-01
7.420000000000000284e+01,5.059742682789110546e+01,1.541545084237696415e+02,1.585947950969733289e-01,1.585947950969733289e-01,4.087294944198927027e-01
7.425000000000000000e+01,5.041456405818696140e+01,1.541478280999313881e+02,1.308822586122178611e-01,1.308822586122178611e-01,4.529415981355561227e-01
7.429999999999999716e+01,5.023216835937780900e+01,1.541390507082125794e+02,1.467048242251201007e-01,1.467048242251201007e-01,3.801168304044686419e-01
7.435000000000000853e+01,5.004827704165759883e+01,1.541308157108326782e+02,1.669572157118937583e-01,1.669572157118937583e-01,3.690552656267136467e-01
7.440000000000000568e+01,4.986897916342796577e+01,1.541242300768823839e+02,1.955086401897023762e-01,1.955086401897023762e-01,4.011248401445768330e-01
7.445000000000000284e+01,4.969069173384313132e+01,1.541192336538098857e+02,1.800642520240258726e-01,1.800642520240258726e-01,3.204268874211352314e-01
7.450000000000000000e+01,4.950886324119099413e+01,1.541124622309740744e+02,2.243915155554551399e-01,2.243915155554551399e-01,3.314774198072168443e-01
7.454999999999999716e+01,4.932845347415182147e+01,1.541083577300656486e+02,2.501903620289104846e-01,2.501903620289104846e-01,3.315984413584167068e-01
7.460000000000000853e+01,4.914650746174334017e+01,1.541056082997577619e+02,2.932248045855586072e-01,2.932248045855586072e-01,2.579719231224166243e-01
7.465000000000000568e+01,4.895962342050003713e+01,1.541039998391620429e+02,2.794036683676721089e-01,2.794036683676721089e-01,3.004661763982652278e-01
7.470000000000000284e+01,4.877662996073491541e+01,1.541015873204060540e+02,3.877955017025281892e-01,3.877955017025281892e-01,2.478955563090162739e-01
7.475000000000000000e+01,4.859207374531926149e+01,1.541059534725174274e+02,4.521567519611479069e-01,4.521567519611479069e-01,1.905638363313905681e-01
7.479999999999999716e+01,4.840773623351582700e+01,1.541135168347080935e+02,4.170470464997039772e-01,4.170470464997039772e-01,2.794231889659138934e-01
7.485000000000000853e+01,4.822176587688862526e+01,1.541173240004890204e+02,4.406531923049215038e-01,4.406531923049215038e-01,1.449298390923549340e-01
7.490000000000000568e+01,4.803184961883611948e+01,1.541231326996205269e+02,3.818444066517979740e-01,3.818444066517979740e-01,1.410684764497400767e-01
7.495000000000000284e+01,4.783769184722153511e+01,1.541229186466997305e+02,3.577852758510156050e-01,3.577852758510156050e-01,2.074335644649029364e-01
7.500000000000000000e+01,4.764210785879615884e+01,1.541209664499023972e+02,3.115762310995651152e-01,3.115762310995651152e-01,3.985965526069477904e-02
7.504999999999999716e+01,4.744601166909423995e+01,1.541150129261023380e+02,3.230705893781931071e-01,3.230705893781931071e-01,1.928674029290039504e-01
7.510000000000000853e+01,4.724800074026682495e+01,1.541085371032456521e+02,3.160721300942656575e-01,3.160721300942656575e-01,1.091638614106929667e-01
7.515000000000000568e+01,4.704511290445886829e+01,1.541016458012495889e+02,3.668145235427925921e-01,3.668145235427925921e-01,9.530392019638492251e-02
7.520000000000000284e+01,4.684413132937964974e+01,1.540977207272546536e+02,3.917136267565863306e-01,3.917136267565863306e-01,2.105148544600166094e-01
7.525000000000000000e+01,4.664464260974214227e+01,1.540961341302989638e+02,4.733449613274595680e-01,4.733449613274595680e-01,7.069509592174486046e-02
7.529999999999999716e+01,4.644622695227675280e+01,1.540977231567333092e+02,5.643818712248765967e-01,5.643818712248765967e-01,2.128232370300354448e-01
7.535000000000000853e+01,4.624842035571312238e+01,1.541039647895985070e+02,5.082901078770467596e-01,5.082901078770467596e-01,1.742854317150106247e-01
7.540000000000000568e+01,4.605247828137444799e+01,1.541077073978034662e+02,4.358982401163876697e-01,4.358982401163876697e-01,1.800245145057180196e-01
7.545000000000000284e+01,4.585728926854299914e+01,1.541057793424279794e+02,3.870702558541476712e-01,3.870702558541476712e-01,2.921458722057977409e-01
7.550000000000000000e+01,4.566557300375594508e+01,1.541021123233281855e+02,4.859360967062558712e-01,4.859360967062558712e-01,2.111890892562339195e-01
7.554999999999999716e+01,4.547735649452560835e+01,1.541033100571386569e+02,4.886387590100128020e-01,4.886387590100128020e-01,2.795463152283187425e-01
7.560000000000000853e+01,4.528937102888948374e+01,1.541035268506432487e+02,4.772357345703757692e-01,4.772357345703757692e-01,3.058711771903926957e-01
7.565000000000000568e+01,4.510119395807396359e+01,1.541036239859243722e+02,4.991816375940392181e-01,4.991816375940392181e-01,2.871528968496794287e-01
7.570000000000000284e+01,4.491911208926511279e+01,1.541059907000928888e+02,5.393452061066557057e-01,5.393452061066557057e-01,3.747144707308363576e-01
7.575000000000000000e+01,4.473783563325932988e+01,1.541099775470169391e+02,5.413993014203546394e-01,5.413993014203546394e-01,3.594714274811018351e-01
7.579999999999999716e+01,4.455126922821866486e+01,1.541130381054487941e+02,5.953949779692109257e-01,5.953949779692109257e-01,3.763704389229614589e-01
7.585000000000000853e+01,4.435742975192683701e+01,1.541177923876691409e+02,5.814583285941046231e-01,5.814583285941046231e-01,4.643126026099595460e-01
7.590000000000000568e+01,4.415815445419436003e+01,1.541226349566059071e+02,6.966007422035068730e-01,6.966007422035068730e-01,4.337562698341963507e-01
7.595000000000000284e+01,4.395686611223668194e+01,1.541328526725432084e+02,7.040624919115286984e-01,7.040624919115286984e-01,4.957801721378166104e-01
7.600000000000000000e+01,4.375264309266191276e+01,1.541406458389392071e+02,6.538710880823809246e-01,6.538710880823809246e-01,5.229216075009586184e-01
7.604999999999999716e+01,4.355337362887695463e+01,1.541480080113323368e+02,6.784063395793601403e-01,6.784063395793601403e-01,5.420684632081026466e-01
7.610000000000000853e+01,4.335508434589613813e+01,1.541531098632507053e+02,6.025538495526960858e-01,6.025538495526960858e-01,6.202163655732670922e-01
7.615000000000000568e+01,4.315748218707157946e+01,1.541545435592638000e+02,5.985818853086727342e-01,5.985818853086727342e-01,6.005839753169306405e-01
7.620000000000000284e+01,4.295988167920681633e+01,1.541542027179685022e+02,5.850158752468445078e-01,5.850158752468445078e-01,6.424176052839742912e-01
7.625000000000000000e+01,4.276467091790489405e+01,1.541524234544311867e+02,4.701049768353429692e-01,4.701049768353429692e-01,6.680972992229077256e-01
7.629999999999999716e+01,4.257214324536747085e+01,1.541450545406466688e+02,4.947623498483455506e-01,4.947623498483455506e-01,6.692480132853093622e-01
7.635000000000000853e+01,4.238376973265508951e+01,1.541373476136810723e+02,4.845364650263895845e-01,4.845364650263895845e-01,7.215326642370728516e-01
7.640000000000000568e+01,4.220012045475861839e+01,1.541295238807119574e+02,4.494926353219697579e-01,4.494926353219697579e-01,7.090656805590669354e-01
7.645000000000000284e+01,4.201653595479880465e+01,1.541205671934077088e+02,4.512060810350480011e-01,4.512060810350480011e-01,7.247920973194195149e-01
7.650000000000000000e+01,4.183022833138507224e+01,1.541095437568381215e+02,4.132957696601959885e-01,4.132957696601959885e-01,7.657093412374055275e-01
7.654999999999999716e+01,4.164478067109335058e+01,1.540974526417769823e+02,4.173885505467717083e-01,4.173885505467717083e-01,7.471032072575907179e-01
7.660000000000000853e+01,4.145535180763055649e+01,1.540852806670707764e+02,4.169389498312404130e-01,4.169389498312404130e-01,7.752336793810884474e-01
7.665000000000000568e+01,4.126366187308631339e+01,1.540711812331271915e+02,3.408039859422787310e-01,3.408039859422787310e-01,7.865431330673331445e-01
7.670000000000000284e+01,4.107465352624986110e+01,1.540538880417399241e+02,3.179726012368763177e-01,3.179726012368763177e-01,7.809332353895530598e-01
7.675000000000000000e+01,4.088570731235548550e+01,1.540341833281053425e+02,2.852571484059382434e-01,2.852571484059382434e-01,8.182019207635929936e-01
7.680000000000001137e+01,4.069858270394011157e+01,1.540102481447455318e+02,1.632273046112624471e-01,1.632273046112624471e-01,7.918301080578814544e-01
7.685000000000000853e+01,4.050770943651960465e+01,1.539797295491421778e+02,1.780604260818300644e-01,1.780604260818300644e-01,7.908905708553505276e-01
7.690000000000000568e+01,4.032299238221987281e+01,1.539500810145265461e+02,1.173665273949587168e-01,1.173665273949587168e-01,8.039204256916304692e-01
7.695000000000000284e+01,4.014287918619593398e+01,1.539185726890594026e+02,8.071654924860502400e-02,8.071654924860502400e-02,7.718941369422421817e-01
7.700000000000000000e+01,3.996599380073915597e+01,1.538851152760855427e+02,1.199414129425149800e-01,1.199414129425149800e-01,7.795150263682328884e-01
7.705000000000001137e+01,3.978596243128139065e+01,1.538532361580155623e+02,1.095203930074234583e-01,1.095203930074234583e-01,7.704831619416808719e-01
7.710000000000000853e+01,3.960537391430740684e+01,1.538214145925922764e+02,1.232976030428124259e-01,1.232976030428124259e-01,7.485685722016441890e-01
7.715000000000000568e+01,3.942611592762616368e+01,1.537905760323613151e+02,2.723948979414323943e-02,2.723948979414323943e-02,7.712818876923949185e-01
7.720000000000000284e+01,3.924649350690434346e+01,1.537530513172156645e+02,4.131866696474958273e-02,4.131866696474958273e-02,7.359199211284701558e-01
7.725000000000000000e+01,3.906390943527103587e+01,1.537165965868944966e+02,1.712726520388210827e-02,1.712726520388210827e-02,7.219170241873871241e-01
7.730000000000001137e+01,3.888669510461925682e+01,1.536796574247729268e+02,-9.538729861691515322e-02,-9.538729861691515322e-02,7.426136754040941756e-01
7.735000000000000853e+01,3.871328126999598140e+01,1.536360802783678139e+02,-1.591081381077423806e-01,-1.591081381077423806e-01,6.870890525055739495e-01
7.740000000000000568e+01,3.854390165778501398e+01,1.535893100476571078e+02,-1.724572836647454699e-01,-1.724572836647454699e-01,6.714802609104232323e-01
7.745000000000000284e+01,3.837185337826538500e+01,1.535416940084389239e+02,-2.278059715104694405e-01,-2.278059715104694405e-01,6.692024744016524807e-01
7.750000000000000000e+01,3.820061571758454022e+01,1.534909481162739837e+02,-2.993797127608124886e-01,-2.993797127608124886e-01,6.107125424111893297e-01
7.755000000000001137e+01,3.803201160855614660e+01,1.534365524017581492e+02,-3.447141126974005432e-01,-3.447141126974005432e-01,5.972124836461911723e-01
7.760000000000000853e+01,3.786370726920796415e+01,1.533801346949432229e+02,-4.170291418333714195e-01,-4.170291418333714195e-01,5.737741032436756150e-01
7.765000000000000568e+01,3.769587795564984134e+01,1.533188207731459158e+02,-4.435545202041896728e-01,-4.435545202041896728e-01,5.076450144852522328e-01
7.770000000000000284e+01,3.752532695959646247e+01,1.532548214457430902e+02,-5.458144442356998027e-01,-5.458144442356998027e-01,4.989543682038595218e-01
7.775000000000000000e+01,3.735706361967700673e+01,1.531856526990502800e+02,-5.741142247044594971e-01,-5.741142247044594971e-01,4.463238204647047014e-01
7.780000000000001137e+01,3.719321099315862256e+01,1.531160842158157323e+02,-6.929604075859082668e-01,-6.929604075859082668e-01,3.754018363541243852e-01
7.785000000000000853e+01,3.702961014651673111e+01,1.530408565576783246e+02,-6.082741348736364628e-01,-6.082741348736364628e-01,3.775699088265961345e-01
7.790000000000000568e+01,3.686360818056934363e+01,1.529691623908104816e+02,-6.513137600067641086e-01,-6.513137600067641086e-01,3.015465664310547078e-01
7.795000000000000284e+01,3.670130181800885794e+01,1.528962196956582034e+02,-6.416845497209335836e-01,-6.416845497209335836e-01,2.273425615766309638e-01
7.800000000000000000e+01,3.654166078558008479e+01,1.528252380830888058e+02,-6.485447248078796134e-01,-6.485447248078796134e-01,2.740065159444272092e-01
7.805000000000001137e+01,3.638334394390330573e+01,1.527552574050562555e+02,-7.204313511023261452e-01,-7.204313511023261452e-01,1.745487309803035458e-01
7.810000000000000853e+01,3.622864268981918912e+01,1.526823815569846658e+02,-6.456087584834855342e-01,-6.456087584834855342e-01,8.631095918955315749e-02
7.815000000000000568e+01,3.607519413777174577e+01,1.526153423491706747e+02,-6.519577998644324746e-01,-6.519577998644324746e-01,2.058763079975025057e-01
7.820000000000000284e+01,3.592331876208201891e+01,1.525492980996886558e+02,-5.718447321210496925e-01,-5.718447321210496925e-01,1.358686351348992183e-01
7.825000000000000000e+01,3.577233210319339207e+01,1.524857428459856692e+02,-5.184991799519581557e-01,-5.184991799519581557e-01,6.270629002050309708e-02
7.830000000000001137e+01,3.562012898855065401e+01,1.524268072318762961e+02,-6.322433475890136823e-01,-6.322433475890136823e-01,2.058007409912862851e-01
7.835000000000000853e+01,3.547102224415124994e+01,1.523659917445146732e+02,-5.525652140282580893e-01,-5.525652140282580893e-01,2.103117156522652798e-01
7.840000000000000568e+01,3.532634923831626850e+01,1.523071019572853402e+02,-5.045063258549937757e-01,-5.045063258549937757e-01,1.753009454476797679e-01
7.845000000000000284e+01,3.518069252068575992e+01,1.522524426874495305e+02,-4.765344019196346426e-01,-4.765344019196346426e-01,2.535945297945169652e-01
7.850000000000000000e+01,3.503249068335244942e+01,1.522007430961307932e+02,-4.075620483976280517e-01,-4.075620483976280517e-01,3.140138475763832870e-01
7.855000000000001137e+01,3.488294626148984889e+01,1.521506190028843264e+02,-3.963578654240033083e-01,-3.963578654240033083e-01,2.742784702981136968e-01
7.860000000000000853e+01,3.473398228246158936e+01,1.521021598984669083e+02,-3.346382275213480861e-01,-3.346382275213480861e-01,3.170050800668496871e-01
7.865000000000000568e+01,3.458370785901158939e+01,1.520584496621492860e+02,-2.475857141035156805e-01,-2.475857141035156805e-01,3.984921231318483970e-01
7.870000000000000284e+01,3.443454170231455436e+01,1.520175125829821638e+02,-3.230933974934425135e-01,-3.230933974934425135e-01,3.514845167450306174e-01
7.875000000000000000e+01,3.428731466154855667e+01,1.519723753266861763e+02,-2.768374543194989656e-01,-2.768374543194989656e-01,3.730582763711010053e-01
7.880000000000001137e+01,3.414208127809527582e+01,1.519347015254092526e+02,-1.547539184088253805e-01,-1.547539184088253805e-01,4.420298516374198128e-01
7.885000000000000853e+01,3.399367832689663516e+01,1.519049286621113026e+02,-6.076742349427398382e-02,-6.076742349427398382e-02,4.142018684047907850e-01
7.890000000000000568e+01,3.384014818287266735e+01,1.518743622537795375e+02,-7.611846348071617252e-02,-7.611846348071617252e-02,4.042494825032065808e-01
7.895000000000000284e+01,3.368809330547718872e+01,1.518431621952916544e+02,-5.303245614856338941e-02,-5.303245614856338941e-02,4.521757723457768274e-01
7.900000000000000000e+01,3.353336326247133314e+01,1.518132384223322902e+02,3.969499165210924052e-02,3.969499165210924052e-02,4.511395548942542244e-01
7.905000000000001137e+01,3.337951563455025195e+01,1.517864091009915342e+02,-2.821376849156514641e-02,-2.821376849156514641e-02,4.282974731497187770e-01
7.910000000000000853e+01,3.322467372858402257e+01,1.517548389141968244e+02,3.012660044751864358e-02,3.012660044751864358e-02,4.654179505432590735e-01
7.915000000000000568e+01,3.307109508895257477e+01,1.517273286284680296e+02,1.231057603717252841e-01,1.231057603717252841e-01,4.828030597326903872e-01
7.920000000000000284e+01,3.291603446362795893e+01,1.517024139991529239e+02,1.202382968861809287e-01,1.202382968861809287e-01,4.499607556765082284e-01
7.925000000000000000e+01,3.275712633885960656e+01,1.516759664919803470e+02,1.921309958201987689e-01,1.921309958201987689e-01,4.723396190610203993e-01
7.930000000000001137e+01,3.259488720272749163e+01,1.516500881023422949e+02,3.247235971292919410e-01,3.247235971292919410e-01,5.003569711171995671e-01
7.935000000000000853e+01,3.242940082397672796e+01,1.516288104797447716e+02,3.319940613406519025e-01,3.319940613406519025e-01,4.576394836104739072e-01
7.940000000000000568e+01,3.226517981523829093e+01,1.516076723982779413e+02,3.491113177859570538e-01,3.491113177859570538e-01,4.731651875774242622e-01
7.945000000000000284e+01,3.210276409554332844e+01,1.515898241653613638e+02,3.552916282908472612e-01,3.552916282908472612e-01,4.952268069374023418e-01
7.950000000000000000e+01,3.194128058215651933e+01,1.515695186896137727e+02,3.463001430206516518e-01,3.463001430206516518e-01,4.511043106397799596e-01
7.955000000000001137e+01,3.177993164406500881e+01,1.515477473997544564e+02,3.301497217918478166e-01,3.301497217918478166e-01,4.648147790007976510e-01
7.960000000000000853e+01,3.161992201087245391e+01,1.515245791304253942e+02,4.148456866367256635e-01,4.148456866367256635e-01,4.993859419294788271e-01
7.965000000000000568e+01,3.146000593848551219e+01,1.515037805827457191e+02,4.651221131938860776e-01,4.651221131938860776e-01,4.526257655686939940e-01
7.970000000000000284e+01,3.129788831551590533e+01,1.514820669298090650e+02,4.560237547660355717e-01,4.560237547660355717e-01,4.619620459712240890e-01
7.975000000000000000e+01,3.113510293735184575e+01,1.514581294368388740e+02,4.565852226393236069e-01,4.565852226393236069e-01,5.036252088503959667e-01
7.980000000000001137e+01,3.097907220239930837e+01,1.514366317140265608e+02,4.532537646178188551e-01,4.532537646178188551e-01,4.559304923621118610e-01
7.985000000000000853e+01,3.082120751310563733e+01,1.514126806511267489e+02,5.032494714352986342e-01,5.032494714352986342e-01,4.626984615206214957e-01
7.990000000000000568e+01,3.066418914613404212e+01,1.513913073678305921e+02,5.722649215269515199e-01,5.722649215269515199e-01,5.164073136948382770e-01
7.995000000000000284e+01,3.050684431010299491e+01,1.513713204040666369e+02,6.618097718676635433e-01,6.618097718676635433e-01,4.605495553102247897e-01
8.000000000000000000e+01,3.034483118287365500e+01,1.513514306423998619e+02,6.220940742634640808e-01,6.220940742634640808e-01,4.559185156053409682e-01
8.005000000000001137e+01,3.018636388061483800e+01,1.513308839319813899e+02,6.919551942752643070e-01,6.919551942752643070e-01,5.062614998687344769e-01
8.010000000000000853e+01,3.002622472284376443e+01,1.513121239770721900e+02,7.525900387586389462e-01,7.525900387586389462e-01,4.573877207944906931e-01
8.015000000000000568e+01,2.986352870993626141e+01,1.512913411449263208e+02,7.101080394796808193e-01,7.101080394796808193e-01,4.485970414435302978e-01
8.020000000000000284e+01,2.970256129367917097e+01,1.512667883936530302e+02,6.150335771684006803e-01,6.150335771684006803e-01,5.000695899125097155e-01
8.025000000000000000e+01,2.954872746481766654e+01,1.512403330294238515e+02,7.526063344478632899e-01,7.526063344478632899e-01,4.632624628332277505e-01
8.030000000000001137e+01,2.938960260546670611e+01,1.512153979405097743e+02,7.328804836678713963e-01,7.328804836678713963e-01,4.453347195837771277e-01
8.035000000000000853e+01,2.923156000174202873e+01,1.511888626270147995e+02,7.478731456804303956e-01,7.478731456804303956e-01,4.849355985412276970e-01
8.040000000000000568e+01,2.907495557956179155e+01,1.511624845175004168e+02,7.948015690380605403e-01,7.948015690380605403e-01,4.588491581167713496e-01
8.045000000000000284e+01,2.891822169877335824e+01,1.511363387018021456e+02,8.222476805696479207e-01,8.222476805696479207e-01,4.275865055049542507e-01
8.050000000000000000e+01,2.876270839140140723e+01,1.511110567973133811e+02,8.309436094837390208e-01,8.309436094837390208e-01,4.523876109560661107e-01
8.055000000000001137e+01,2.860611317963538269e+01,1.510830089930380211e+02,8.459495854368908052e-01,8.459495854368908052e-01,4.431544666239436991e-01
8.060000000000000853e+01,2.845142247431045490e+01,1.510550362216148415e+02,8.552921785587926928e-01,8.552921785587926928e-01,3.959039587489349143e-01
8.065000000000000568e+01,2.829691570856089555e+01,1.510254677844894502e+02,7.962868246739800426e-01,7.962868246739800426e-01,4.096371526660665952e-01
8.070000000000000284e+01,2.814521016683035981e+01,1.509917446949271209e+02,8.755492159449381750e-01,8.755492159449381750e-01,4.297883624317277995e-01
8.075000000000000000e+01,2.799058391717571936e+01,1.509582427295229650e+02,8.426448256996446062e-01,8.426448256996446062e-01,3.656229865470689844e-01
8.080000000000001137e+01,2.783730230991757182e+01,1.509209249892777223e+02,8.350807342314530146e-01,8.350807342314530146e-01,3.681101866312183613e-01
8.085000000000000853e+01,2.768359287294434168e+01,1.508796420505938727e+02,8.933127370317227589e-01,8.933127370317227589e-01,4.205415181103777100e-01
8.090000000000000568e+01,2.752885587558368741e+01,1.508399207372680166e+02,8.631624414850733729e-01,8.631624414850733729e-01,3.404008104750919639e-01
8.095000000000000284e+01,2.737464759707794926e+01,1.507952354381571354e+02,8.622980641623025910e-01,8.622980641623025910e-01,3.304653395599666532e-01
8.100000000000000000e+01,2.722224501975707511e+01,1.507499472195282806e+02,8.664185079843896853e-01,8.664185079843896853e-01,3.925725983313878009e-01
8.105000000000001137e+01,2.707009946446426341e+01,1.507024482598004909e+02,8.729872614864278013e-01,8.729872614864278013e-01,3.193343574502969240e-01
8.110000000000000853e+01,2.691973434869328585e+01,1.506549550070576515e+02,8.515769004980937584e-01,8.515769004980937584e-01,2.909176154835874661e-01
8.115000000000000568e+01,2.676956186692670059e+01,1.506038975496779528e+02,8.914750652485022853e-01,8.914750652485022853e-01,3.454888205382299904e-01
8.120000000000000284e+01,2.661925816724367522e+01,1.505533888847805599e+02,8.517749527333492443e-01,8.517749527333492443e-01,3.015706733201211076e-01
8.125000000000000000e+01,2.647150810717020164e+01,1.504996744603113257e+02,8.080025110792034004e-01,8.080025110792034004e-01,2.518256600548883228e-01
8.130000000000001137e+01,2.633179186414886530e+01,1.504505464493170734e+02,8.811927687935662279e-01,8.811927687935662279e-01,2.862030171487620622e-01
8.135000000000000853e+01,2.618972310169395357e+01,1.504020339636417987e+02,9.024501401697881953e-01,9.024501401697881953e-01,3.009447498472804794e-01
8.140000000000000568e+01,2.604550249525466299e+01,1.503514885152978877e+02,8.597313830293820125e-01,8.597313830293820125e-01,2.082716494835187837e-01
8.145000000000000284e+01,2.590594500336916184e+01,1.503008316235904829e+02,9.266630486582536630e-01,9.266630486582536630e-01,2.071236908065032245e-01
8.150000000000000000e+01,2.576374304620379974e+01,1.502493711813661150e+02,9.658551636407668450e-01,9.658551636407668450e-01,2.961068004144814525e-01
8.155000000000001137e+01,2.561561902392694279e+01,1.501914963978072990e+02,9.147669787699418409e-01,9.147669787699418409e-01,1.817309957511243357e-01
8.160000000000000853e+01,2.546827007466040982e+01,1.501292376078045265e+02,8.849629787069279718e-01,8.849629787069279718e-01,1.356019660681158367e-01
8.165000000000000568e+01,2.532580822552014155e+01,1.500651576548759749e+02,8.342357518754629497e-01,8.342357518754629497e-01,2.332785410870081566e-01
8.170000000000000284e+01,2.518741546515610708e+01,1.499992217719076280e+02,8.014274143707220688e-01,8.014274143707220688e-01,1.874170809148370809e-01
8.175000000000000000e+01,2.505013041827468712e+01,1.499316035185157148e+02,7.561304441960572387e-01,7.561304441960572387e-01,8.480057497351879692e-02
8.180000000000001137e+01,2.491872019905038016e+01,1.498661684010850479e+02,7.986877784846072581e-01,7.986877784846072581e-01,1.565800207899308294e-01
8.185000000000000853e+01,2.478495220398595222e+01,1.497979462326949829e+02,6.667418582142036199e-01,6.667418582142036199e-01,1.982475498870352737e-01
8.190000000000000568e+01,2.465630324597405121e+01,1.497236679028946185e+02,6.332887776006469460e-01,6.332887776006469460e-01,6.315149218892356087e-02
8.195000000000000284e+01,2.453312173788239292e+01,1.496491232618066363e+02,5.995542355513585608e-01,5.995542355513585608e-01,1.102181648900768668e-01
8.200000000000000000e+01,2.440776183438727287e+01,1.495667966234455832e+02,6.085771357737508325e-01,6.085771357737508325e-01,2.305722862058922629e-01
8.205000000000001137e+01,2.428309948471155622e+01,1.494873369229651701e+02,6.116287813757750325e-01,6.116287813757750325e-01,8.516833308265261970e-02
8.210000000000000853e+01,2.415958489861601777e+01,1.494076056212071819e+02,5.890979124940728395e-01,5.890979124940728395e-01,7.062247461408605043e-02
8.215000000000000568e+01,2.403787366149498794e+01,1.493255168704262132e+02,5.621250642154606014e-01,5.621250642154606014e-01,2.144928826282356538e-01
8.220000000000000284e+01,2.391770665376832383e+01,1.492401152747684705e+02,5.413195407288049488e-01,5.413195407288049488e-01,1.197495629879829909e-01
8.225000000000000000e+01,2.379648919745529412e+01,1.491506858531060971e+02,5.502811764610137102e-01,5.502811764610137102e-01,3.181495559948734064e-02
8.230000000000001137e+01,2.367475302480535504e+01,1.490587617562520961e+02,5.382312725562102829e-01,5.382312725562102829e-01,1.838112389792758983e-01
8.235000000000000853e+01,2.355398768753333627e+01,1.489644707550353644e+02,5.309202933691891113e-01,5.309202933691891113e-01,1.440230511088061438e-01
8.240000000000000568e+01,2.342929142246602225e+01,1.488658459529061133e+02,5.544249885547485324e-01,5.544249885547485324e-01,1.661373141601825421e-02
8.245000000000000284e+01,2.330438646737778541e+01,1.487672868613948367e+02,5.773616877772490552e-01,5.773616877772490552e-01,1.743753186739959993e-01
8.250000000000000000e+01,2.317922352965704036e+01,1.486684340672486542e+02,6.344858106323276736e-01,6.344858106323276736e-01,1.503430490202885550e-01
8.255000000000001137e+01,2.305050454430101325e+01,1.485714049755116264e+02,6.434328148797120450e-01,6.434328148797120450e-01,4.040996579048217185e-02
8.260000000000000853e+01,2.292114586501782014e+01,1.484708664954202959e+02,6.559709226679260041e-01,6.559709226679260041e-01,1.827266667927387456e-01
8.265000000000000568e+01,2.279250449678703561e+01,1.483701609053026971e+02,6.460237337046851325e-01,6.460237337046851325e-01,1.611952673049234785e-01
8.270000000000000284e+01,2.266389745804717037e+01,1.482698183948808150e+02,7.234061794721191596e-01,7.234061794721191596e-01,9.001713866206975667e-02
8.275000000000000000e+01,2.253126342075321631e+01,1.481677999347061530e+02,7.011568927482907387e-01,7.011568927482907387e-01,2.127296852106196623e-01
8.280000000000001137e+01,2.240164765346191089e+01,1.480656138597422569e+02,6.824651438368121159e-01,6.824651438368121159e-01,1.927047488190771762e-01
8.285000000000000853e+01,2.227201581172356626e+01,1.479628220530496776e+02,5.932182824605090055e-01,5.932182824605090055e-01,1.591957508148644784e-01
8.290000000000000568e+01,2.214780351528411373e+01,1.478555523220176724e+02,5.868559460167986908e-01,5.868559460167986908e-01,2.561802329663651068e-01
8.295000000000000284e+01,2.202499721247642839e+01,1.477471915941139855e+02,5.046393610144399577e-01,5.046393610144399577e-01,2.394769852215869743e-01
8.300000000000000000e+01,2.190474367046798321e+01,1.476344017519278111e+02,4.580647133805410554e-01,4.580647133805410554e-01,2.142709638669272054e-01
8.305000000000001137e+01,2.178940136838503960e+01,1.475226014991314969e+02,3.983082214709794400e-01,3.983082214709794400e-01,2.931751002179323051e-01
8.310000000000000853e+01,2.168080316677109209e+01,1.474097293987189516e+02,3.328190770894682848e-01,3.328190770894682848e-01,2.817149551024911158e-01
8.315000000000000568e+01,2.157110829356277293e+01,1.472908754188048874e+02,3.239922887008288011e-01,3.239922887008288011e-01,2.514916689635307012e-01
8.320000000000000284e+01,2.146063410289948692e+01,1.471675686084835490e+02,3.579700346511461850e-01,3.579700346511461850e-01,3.157778148109008365e-01
8.325000000000000000e+01,2.134527413740860524e+01,1.470409811686203341e+02,3.407649333587440266e-01,3.407649333587440266e-01,3.106310575703077892e-01
8.330000000000001137e+01,2.122969786352848942e+01,1.469130371568367934e+02,2.983812398403365984e-01,2.983812398403365984e-01,2.947090260046414945e-01
8.335000000000000853e+01,2.112143674255453973e+01,1.467883631636444477e+02,3.055996165838389955e-01,3.055996165838389955e-01,3.626055903676586034e-01
8.340000000000000568e+01,2.101405883442172851e+01,1.466647457404976080e+02,2.890898167565475463e-01,2.890898167565475463e-01,3.491637820063407394e-01
8.345000000000000284e+01,2.090601783028755989e+01,1.465391991839468062e+02,2.691630491088577992e-01,2.691630491088577992e-01,3.333599884459955143e-01
8.350000000000000000e+01,2.079962381001622873e+01,1.464125764927244120e+02,2.256292715309623775e-01,2.256292715309623775e-01,3.921973462926007792e-01
8.355000000000001137e+01,2.069776498292317513e+01,1.462872110742836753e+02,2.140632100470376276e-01,2.140632100470376276e-01,3.798145017865299233e-01
8.360000000000000853e+01,2.059338054933119366e+01,1.461571847919419156e+02,2.334074479291414483e-01,2.334074479291414483e-01,3.584428273245931496e-01
8.365000000000000568e+01,2.048963793805443245e+01,1.460297266015270168e+02,2.554753151222567409e-01,2.554753151222567409e-01,4.100375942827637621e-01
8.370000000000000284e+01,2.038332207853656186e+01,1.458991766343415293e+02,1.503138902257812048e-01,1.503138902257812048e-01,4.007304780771501207e-01
8.375000000000000000e+01,2.028359601422539882e+01,1.457681217817128925e+02,2.129770100248998266e-01,2.129770100248998266e-01,3.773419679361654233e-01
8.380000000000001137e+01,2.018311388823599728e+01,1.456431301250288186e+02,2.030116668099374300e-01,2.030116668099374300e-01,4.242750255440392859e-01
8.385000000000000853e+01,2.008197374183865236e+01,1.455145643190357134e+02,1.581740602470619872e-01,1.581740602470619872e-01,4.176079515342680515e-01
8.390000000000000568e+01,1.998117342194253609e+01,1.453821583179639845e+02,2.379294542361206355e-01,2.379294542361206355e-01,3.918493323504297909e-01
8.395000000000000284e+01,1.987626571990904978e+01,1.452518484106435039e+02,2.732065495139695543e-01,2.732065495139695543e-01,4.381310603152021588e-01
8.400000000000000000e+01,1.977002295258914089e+01,1.451223517688668494e+02,2.686802209527364704e-01,2.686802209527364704e-01,4.338547408575068598e-01
8.405000000000001137e+01,1.966101290644964195e+01,1.449917051850247276e+02,2.995208486801326786e-01,2.995208486801326786e-01,4.186058766455122981e-01
8.410000000000000853e+01,1.954895092433796577e+01,1.448580430844085924e+02,2.531501787118463076e-01,2.531501787118463076e-01,4.715396702528640849e-01
8.415000000000000568e+01,1.944179004167770941e+01,1.447258662449006863e+02,2.107642535707735798e-01,2.107642535707735798e-01,4.564254571051433174e-01
8.420000000000000284e+01,1.933665114951331532e+01,1.445931120644189036e+02,2.244936908755122418e-01,2.244936908755122418e-01,4.446850452467323023e-01
8.425000000000000000e+01,1.923077779998552472e+01,1.444597828977661038e+02,2.529388332348374568e-01,2.529388332348374568e-01,4.950950843165580761e-01
8.430000000000001137e+01,1.912395673111409167e+01,1.443273255925092542e+02,2.418478808092809074e-01,2.418478808092809074e-01,4.721362620223840678e-01
8.435000000000000853e+01,1.901709710090046812e+01,1.441948819019434893e+02,1.666204272502597450e-01,1.666204272502597450e-01,4.672290386058105538e-01
8.440000000000000568e+01,1.891755033876394876e+01,1.440619172476706638e+02,2.416575925740657160e-01,2.416575925740657160e-01,5.138929871667951010e-01
8.445000000000000284e+01,1.881524576166690110e+01,1.439326915264300055e+02,2.192497308309310222e-01,2.192497308309310222e-01,4.855085320918647862e-01
8.450000000000000000e+01,1.871036813531434362e+01,1.438001895275717459e+02,1.843892897627239513e-01,1.843892897627239513e-01,4.805819363684405987e-01
8.455000000000001137e+01,1.861048303705980445e+01,1.436683739884439035e+02,2.264721036208752758e-01,2.264721036208752758e-01,5.275214168897439659e-01
8.460000000000000853e+01,1.850805240618095482e+01,1.435363326997936895e+02,1.373453273414193265e-01,1.373453273414193265e-01,4.966917227807464696e-01
8.465000000000000568e+01,1.840954130355278906e+01,1.434013975440005879e+02,1.803626654727195910e-01,1.803626654727195910e-01,4.867794383298195693e-01
8.470000000000000284e+01,1.831170658710598431e+01,1.432725029205323892e+02,1.524137809553238465e-01,1.524137809553238465e-01,5.325849949026985053e-01
8.475000000000000000e+01,1.821362991729408876e+01,1.431386902152178777e+02,1.438920766069529122e-01,1.438920766069529122e-01,4.986199047683431695e-01
8.480000000000001137e+01,1.811463455738561379e+01,1.430037047284327798e+02,2.005366355143000934e-01,2.005366355143000934e-01,4.883883539690423992e-01
8.485000000000000853e+01,1.801434811795810731e+01,1.428729589914904068e+02,1.964674447556376269e-01,1.964674447556376269e-01,5.354982637160679015e-01
8.490000000000000568e+01,1.791472988424610691e+01,1.427418660049146979e+02,1.620999265100324938e-01,1.620999265100324938e-01,5.040848666204356121e-01
8.495000000000000284e+01,1.781670380761769223e+01,1.426107370040797946e+02,2.485334939411940336e-01,2.485334939411940336e-01,4.950031179720549845e-01
8.500000000000000000e+01,1.771365276265482080e+01,1.424809601609230754e+02,2.394361338286568053e-01,2.394361338286568053e-01,5.433101324886342454e-01
8.505000000000001137e+01,1.761222321825564308e+01,1.423517392253651508e+02,2.147763423638133218e-01,2.147763423638133218e-01,5.169816736635868271e-01
8.510000000000000853e+01,1.751290881942050959e+01,1.422249770217979687e+02,1.353478570258261349e-01,1.353478570258261349e-01,5.104101891926142720e-01
8.515000000000000568e+01,1.741742713472599746e+01,1.420934363663642728e+02,1.421712325600049120e-01,1.421712325600049120e-01,5.479403606517888603e-01
8.520000000000000284e+01,1.732002717016851179e+01,1.419587213968964363e+02,1.494295142260922138e-01,1.494295142260922138e-01,5.210142193993735349e-01
8.525000000000000000e+01,1.722151533018588765e+01,1.418245503228347673e+02,2.308179704004190980e-01,2.308179704004190980e-01,5.076531462849646070e-01
8.530000000000001137e+01,1.711836879277705847e+01,1.416917226760169228e+02,2.482410526178422394e-01,2.482410526178422394e-01,5.519785131746735019e-01
8.535000000000000853e+01,1.701137079530570517e+01,1.415557972143706422e+02,2.642298665473458708e-01,2.642298665473458708e-01,5.281898826706437067e-01
8.540000000000000568e+01,1.690136065808201948e+01,1.414181098049887453e+02,1.936162471140669972e-01,1.936162471140669972e-01,5.265925881203145087e-01
8.545000000000000284e+01,1.679247651198145164e+01,1.412745057162249793e+02,1.180912502055645463e-01,1.180912502055645463e-01,5.788356857118681642e-01
8.550000000000000000e+01,1.668799604896040023e+01,1.411279421427701095e+02,-3.433504118535905033e-03,-3.433504118535905033e-03,5.279773178672805267e-01
8.555000000000001137e+01,1.658945256696042492e+01,1.409769518571448828e+02,-1.578106980633118758e-02,-1.578106980633118758e-02,5.234324759735611288e-01
8.560000000000000853e+01,1.649328926989451460e+01,1.408272283646136032e+02,-5.652797863966076142e-02,-5.652797863966076142e-02,5.449305867631680789e-01
8.565000000000000568e+01,1.639652944847370719e+01,1.406735041082591238e+02,-1.446618264260746654e-02,-1.446618264260746654e-02,4.892424296297619435e-01
8.570000000000000284e+01,1.629850622873195221e+01,1.405230916756150634e+02,-1.816503668698420462e-02,-1.816503668698420462e-02,5.000272203844770003e-01
8.575000000000000000e+01,1.620272005885572497e+01,1.403748530851310363e+02,-6.459344381859177808e-02,-6.459344381859177808e-02,4.985992733195847015e-01
8.580000000000001137e+01,1.611080450475549597e+01,1.402278054191733361e+02,-4.336778418042948335e-02,-4.336778418042948335e-02,4.541553285049920730e-01
8.585000000000000853e+01,1.601856545120091369e+01,1.400829997895558279e+02,-2.904961471937172329e-02,-2.904961471937172329e-02,4.742447108052317284e-01
8.590000000000000568e+01,1.592799643618801220e+01,1.399417782901317935e+02,-3.665652548842839031e-02,-3.665652548842839031e-02,4.603135544353558206e-01
8.595000000000000284e+01,1.583848295863030486e+01,1.398020903887246789e+02,-7.037738740047586039e-02,-7.037738740047586039e-02,4.212342007732119975e-01
8.600000000000000000e+01,1.575141737017255927e+01,1.396623170822998929e+02,-3.305961198848238192e-02,-3.305961198848238192e-02,4.426165788285292835e-01
8.605000000000001137e+01,1.566119372115040065e+01,1.395223904871351692e+02,-1.434773378273534149e-02,-1.434773378273534149e-02,4.292800863439980574e-01
8.610000000000000853e+01,1.557097437562712194e+01,1.393854041779746638e+02,-4.610488817336131501e-02,-4.610488817336131501e-02,3.897105573754313657e-01
8.615000000000000568e+01,1.548222596636428072e+01,1.392470135482180353e+02,-5.988349868251947872e-02,-5.988349868251947872e-02,4.145238214053784676e-01
8.620000000000000284e+01,1.539380474373150598e+01,1.391077805136865777e+02,-2.653834311559614273e-02,-2.653834311559614273e-02,4.031186515572020568e-01
8.625000000000000000e+01,1.530377228720810123e+01,1.389706772294580333e+02,3.564625979523818045e-02,3.564625979523818045e-02,3.591187585660021719e-01
8.630000000000001137e+01,1.521068321070498364e+01,1.388363458194131113e+02,6.127299750203139828e-02,6.127299750203139828e-02,3.898598006331436827e-01
8.635000000000000853e+01,1.511644446942926301e+01,1.387030654280465569e+02,5.464780442603643651e-02,5.464780442603643651e-02,3.910084125228450169e-01
8.640000000000000568e+01,1.502093700428659417e+01,1.385679001856018431e+02,9.892573926269578044e-02,9.892573926269578044e-02,3.482651708364407073e-01
8.645000000000000284e+01,1.492357881927166297e+01,1.384348487580196831e+02,1.679423376006600743e-01,1.679423376006600743e-01,3.823351880858550378e-01
8.650000000000000000e+01,1.482158240037664143e+01,1.383019327401126191e+02,1.548540394558525213e-01,1.548540394558525213e-01,3.904065129609647911e-01
8.655000000000001137e+01,1.471782960874532620e+01,1.381674485300777349e+02,9.261334874376164761e-02,9.261334874376164761e-02,3.550164417000586936e-01
8.660000000000000853e+01,1.461891003272175027e+01,1.380308627501301828e+02,7.489562558180096197e-02,7.489562558180096197e-02,3.915366398628900013e-01
8.665000000000000568e+01,1.451799451288645670e+01,1.378899441830872661e+02,1.260130246055884140e-01,1.260130246055884140e-01,3.844941208045892789e-01
8.670000000000000284e+01,1.441210129361589409e+01,1.377481947124877877e+02,1.685455839807216416e-01,1.685455839807216416e-01,3.534164790936690226e-01
8.675000000000000000e+01,1.430443832344106880e+01,1.376080763122656379e+02,1.443770372766003396e-01,1.443770372766003396e-01,4.076494625723143805e-01
8.680000000000001137e+01,1.419740384818457990e+01,1.374652982228249130e+02,1.046356860993886279e-01,1.046356860993886279e-01,3.778647499606722082e-01
8.685000000000000853e+01,1.409436395098298078e+01,1.373251989133529207e+02,1.220702485563476686e-01,1.220702485563476686e-01,3.619346352045941795e-01
8.690000000000000568e+01,1.399143753561232550e+01,1.371869116455758615e+02,7.175358440248487402e-02,7.175358440248487402e-02,4.239281225921474605e-01
8.695000000000000284e+01,1.389312227599558902e+01,1.370493767112396313e+02,8.307936348394220905e-02,8.307936348394220905e-02,3.710353551443183462e-01
8.700000000000000000e+01,1.379337177921494728e+01,1.369118624769574240e+02,8.363832601284131030e-02,8.363832601284131030e-02,3.618232616245548594e-01
8.705000000000001137e+01,1.369410856869166793e+01,1.367747977239496038e+02,6.145826824136612493e-02,6.145826824136612493e-02,4.260136988547494341e-01
8.710000000000000853e+01,1.359790341363585675e+01,1.366382869904213919e+02,8.117628503065078827e-02,8.117628503065078827e-02,3.629632701172409437e-01
8.715000000000000568e+01,1.349729899234216113e+01,1.364993685240812340e+02,1.269559958114073184e-01,1.269559958114073184e-01,3.581226665971541934e-01
8.720000000000000284e+01,1.339389120813818401e+01,1.363611302507491416e+02,1.327282454690378311e-01,1.327282454690378311e-01,4.285426670623361800e-01
8.725000000000000000e+01,1.328983631366709517e+01,1.362235470431201918e+02,1.362071811439617419e-01,1.362071811439617419e-01,3.606937586967136622e-01
8.730000000000001137e+01,1.318455459517732997e+01,1.360837325339149118e+02,1.102910170915994553e-01,1.102910170915994553e-01,3.692320884377167656e-01
8.735000000000000853e+01,1.308207854389788238e+01,1.359446964478825066e+02,7.150147811421456168e-02,7.150147811421456168e-02,4.192997919527474693e-01
8.740000000000000568e+01,1.297905083444522489e+01,1.358009500941826673e+02,7.978821750375930666e-02,7.978821750375930666e-02,3.559500403149972181e-01
8.745000000000000284e+01,1.287269194969696073e+01,1.356538187599988987e+02,6.027758224381887797e-02,6.027758224381887797e-02,3.766581815158099311e-01
8.750000000000000000e+01,1.276628033068920232e+01,1.355039399153229738e+02,3.179832583436498911e-02,3.179832583436498911e-02,3.910002360905494578e-01
8.755000000000001137e+01,1.266280734981061507e+01,1.353558614520617311e+02,1.713396655360009679e-02,1.713396655360009679e-02,3.439040620618623589e-01
8.760000000000000853e+01,1.255895373898380463e+01,1.352053549918624356e+02,4.042161740450367358e-02,4.042161740450367358e-02,3.859591312977847521e-01
8.765000000000000568e+01,1.245381120712547407e+01,1.350554935472873126e+02,2.734821507033469851e-02,2.734821507033469851e-02,3.579651462726151090e-01
8.770000000000000284e+01,1.234877386305091562e+01,1.349049439497036076e+02,-2.124191049387881905e-02,-2.124191049387881905e-02,3.341884312562306558e-01
8.775000000000000000e+01,1.224688537540533595e+01,1.347533596978867365e+02,-4.595631369812816849e-03,-4.595631369812816849e-03,4.001145265601354084e-01
8.780000000000001137e+01,1.214461628111286018e+01,1.346031707155177628e+02,5.711518183607414492e-03,5.711518183607414492e-03,3.245916174853165637e-01
8.785000000000000853e+01,1.204304098509543941e+01,1.344557747642081438e+02,4.294731400441156345e-03,4.294731400441156345e-03,3.257751347741883463e-01
8.790000000000000568e+01,1.194012071294119437e+01,1.343062221724611618e+02,-1.912703485844491694e-02,-1.912703485844491694e-02,3.718090403584639048e-01
8.795000000000000284e+01,1.183891146167824715e+01,1.341569453321895082e+02,-2.560329090640848376e-02,-2.560329090640848376e-02,2.988786796401967094e-01
8.800000000000000000e+01,1.173973884494256126e+01,1.340095311116027688e+02,-7.495549796784804764e-02,-7.495549796784804764e-02,3.230689475715950443e-01
8.805000000000001137e+01,1.164234484163601024e+01,1.338594749585791988e+02,-8.690797618754837750e-02,-8.690797618754837750e-02,3.292455116217145594e-01
8.810000000000000853e+01,1.154455582339435971e+01,1.337079845769497410e+02,-6.972824111781700251e-02,-6.972824111781700251e-02,2.679895462965454778e-01
8.815000000000000568e+01,1.144537012581549007e+01,1.335568579707102970e+02,-6.912719236812138457e-02,-6.912719236812138457e-02,3.180363054709366977e-01
8.820000000000000284e+01,1.135004422031077986e+01,1.334113190367726531e+02,-4.335601918325957677e-02,-4.335601918325957677e-02,2.843262547526663186e-01
8.825000000000000000e+01,1.125232511410756153e+01,1.332656796956385392e+02,-3.405223068190178087e-02,-3.405223068190178087e-02,2.440868989753137153e-01
8.830000000000001137e+01,1.115228069576974157e+01,1.331179852061609381e+02,-6.549632701737176377e-02,-6.549632701737176377e-02,3.184990367669203737e-01
8.835000000000000853e+01,1.105135135874551189e+01,1.329660241325231880e+02,-1.046580560972742158e-01,-1.046580560972742158e-01,2.462060064355954536e-01
8.840000000000000568e+01,1.095120672310923027e+01,1.328111596743475786e+02,-1.195328761643410787e-01,-1.195328761643410787e-01,2.306310802543664884e-01
8.845000000000000284e+01,1.085040278750159182e+01,1.326543142655341398e+02,-1.191498367088475591e-01,-1.191498367088475591e-01,3.033014882608211504e-01
8.850000000000000000e+01,1.075119130834114856e+01,1.324997691420771844e+02,-1.403254219598412400e-01,-1.403254219598412400e-01,1.955500087579364610e-01
8.855000000000001137e+01,1.065334052987817692e+01,1.323452383794680998e+02,-1.140798512041018842e-01,-1.140798512041018842e-01,2.265475024525782366e-01
8.860000000000000853e+01,1.055094537794049181e+01,1.321880939438892142e+02,-1.403013134125387640e-01,-1.403013134125387640e-01,2.384172182103258819e-01
8.865000000000000568e+01,1.044948194292381061e+01,1.320295657449069040e+02,-1.158656815459379319e-01,-1.158656815459379319e-01,1.562738049767255222e-01
8.870000000000000284e+01,1.034690136276372030e+01,1.318726660708529437e+02,-2.058738567691500709e-01,-2.058738567691500709e-01,2.512408780222745164e-01
8.875000000000000000e+01,1.024966138576463948e+01,1.317140466276233326e+02,-2.271867287193927720e-01,-2.271867287193927720e-01,1.672852569605481898e-01
8.880000000000001137e+01,1.015321922276313771e+01,1.315542217244474728e+02,-1.918043695821873285e-01,-1.918043695821873285e-01,1.374992504962697648e-01
8.885000000000000853e+01,1.005340371091905283e+01,1.313938395057222408e+02,-1.863405148573764603e-01,-1.863405148573764603e-01,2.489205883814046838e-01
8.890000000000000568e+01,9.952546541975900496e+00,1.312326838927465360e+02,-2.085298921901980462e-01,-2.085298921901980462e-01,9.207815558412570101e-02
8.895000000000000284e+01,9.852663708306920398e+00,1.310711663790111174e+02,-1.273456494507372028e-01,-1.273456494507372028e-01,1.644974662703286294e-01
8.900000000000000000e+01,9.746910691681460293e+00,1.309114779538175810e+02,-1.707581458972536048e-01,-1.707581458972536048e-01,1.664497110994572759e-01
8.905000000000001137e+01,9.642096524894647303e+00,1.307483885191774675e+02,-1.595419615240907252e-01,-1.595419615240907252e-01,5.959822811598743802e-02
8.910000000000000853e+01,9.535137849419157874e+00,1.305844674124606968e+02,-1.864790229120135978e-01,-1.864790229120135978e-01,2.356968782915324356e-01
8.915000000000000568e+01,9.429643910998306566e+00,1.304203403164198107e+02,-2.264527338104053156e-01,-2.264527338104053156e-01,7.289376979619180408e-02
8.920000000000000284e+01,9.326313699250393441e+00,1.302546773431916165e+02,-2.526886427789362122e-01,-2.526886427789362122e-01,1.257257271737076409e-01
8.925000000000000000e+01,9.224844734468025109e+00,1.300895305128086079e+02,-2.056747422697202121e-01,-2.056747422697202121e-01,1.785293547944441783e-01
8.930000000000001137e+01,9.121950518421993337e+00,1.299271282066916910e+02,-2.128263653812712264e-01,-2.128263653812712264e-01,2.541711126864909867e-02
8.935000000000000853e+01,9.020732801935320566e+00,1.297667690671157459e+02,-1.886511100474431712e-01,-1.886511100474431712e-01,2.056116940793749348e-01
8.940000000000000568e+01,8.918714892548480933e+00,1.296096935838560000e+02,-2.215281186984403572e-01,-2.215281186984403572e-01,1.168334375780594181e-01
8.945000000000000284e+01,8.819409391639673856e+00,1.294522713853110361e+02,-2.513296162557151492e-01,-2.513296162557151492e-01,9.819816571036946162e-02
8.950000000000000000e+01,8.719898607577290406e+00,1.292913234938905020e+02,-2.013483346602311375e-01,-2.013483346602311375e-01,2.418789599335676721e-01
8.955000000000001137e+01,8.618074561732314010e+00,1.291335086638042640e+02,-1.581653084912590657e-01,-1.581653084912590657e-01,9.605891006789191167e-02
8.960000000000000853e+01,8.513233590636842152e+00,1.289771025216921885e+02,-1.081353118590767659e-01,-1.081353118590767659e-01,1.733770205157336708e-01
8.965000000000000568e+01,8.407848598861386691e+00,1.288255530772622706e+02,-1.496096340471771424e-01,-1.496096340471771424e-01,1.942530284040520083e-01
8.970000000000000284e+01,8.302417596736596295e+00,1.286694520707445406e+02,-1.205688135318015441e-01,-1.205688135318015441e-01,1.089522830702977785e-01
8.975000000000000000e+01,8.195457278352435537e+00,1.285149358600327503e+02,-1.237915428011699542e-01,-1.237915428011699542e-01,2.373314688250739712e-01
8.980000000000001137e+01,8.089727462917640111e+00,1.283620858635129025e+02,-1.452138751688563101e-01,-1.452138751688563101e-01,1.558298836334247595e-01
8.985000000000000853e+01,7.986983440798748113e+00,1.282103137182986359e+02,-9.755424719573772829e-02,-9.755424719573772829e-02,1.488931281623238623e-01
8.990000000000000568e+01,7.878807196195516838e+00,1.280572413279550403e+02,-1.108738276315622689e-01,-1.108738276315622689e-01,2.621846880525118273e-01
8.995000000000000284e+01,7.770849164637552597e+00,1.279027474905024206e+02,-1.109435598756002700e-01,-1.109435598756002700e-01,1.390250807622411544e-01
9.000000000000000000e+01,7.663477352625290173e+00,1.277494043476640400e+02,-1.795756894929017022e-01,-1.795756894929017022e-01,2.013147238969291153e-01
9.005000000000001137e+01,7.560045746432765057e+00,1.275945703501433712e+02,-1.517463562208878070e-01,-1.517463562208878070e-01,2.194960628955383020e-01
9.010000000000000853e+01,7.453038072632918620e+00,1.274368209870296482e+02,-1.209565933447639685e-01,-1.209565933447639685e-01,1.555543773780149464e-01
9.015000000000000568e+01,7.344411762808740640e+00,1.272808448797538006e+02,-1.307521227917061435e-01,-1.307521227917061435e-01,2.682029438388739973e-01
9.020000000000000284e+01,7.235034154183413335e+00,1.271234651577588579e+02,-8.975374373783484572e-02,-8.975374373783484572e-02,1.859779657430505329e-01
9.025000000000000000e+01,7.122389368892252826e+00,1.269658994777604875e+02,-7.661791271686450855e-02,-7.661791271686450855e-02,1.963835392718595307e-01
9.030000000000001137e+01,7.011104682314737602e+00,1.268117180075030603e+02,-9.415045977473623928e-02,-9.415045977473623928e-02,2.625856284468365831e-01
9.035000000000000853e+01,6.902845776820194956e+00,1.266597982187895468e+02,-1.171080376519167549e-01,-1.171080376519167549e-01,1.713351746992158864e-01
9.040000000000000568e+01,6.795083617406701748e+00,1.265065737811619044e+02,-8.444362610547964665e-02,-8.444362610547964665e-02,2.450047757310702679e-01
9.045000000000000284e+01,6.687830552695595010e+00,1.263576484381899689e+02,-5.827353590904414682e-02,-5.827353590904414682e-02,2.263182357143612156e-01
9.050000000000000000e+01,6.580549958523967291e+00,1.262110130213592214e+02,-4.229583460522876731e-02,-4.229583460522876731e-02,1.815015285053308558e-01
9.055000000000001137e+01,6.472974739472162398e+00,1.260659091836771353e+02,-4.085224154272568131e-02,-4.085224154272568131e-02,2.825137906522936504e-01
9.060000000000000853e+01,6.362660475418373984e+00,1.259176521136284066e+02,-4.486497139420119601e-02,-4.486497139420119601e-02,1.978170399970439752e-01
9.065000000000000568e+01,6.249494663776091308e+00,1.257644899425926184e+02,-1.286226760108353032e-02,-1.286226760108353032e-02,2.010521967927986209e-01
9.070000000000000284e+01,6.138402525019325040e+00,1.256179460089232833e+02,-1.842530057187474410e-02,-1.842530057187474410e-02,2.749119083465365043e-01
9.075000000000000000e+01,6.026545823901247267e+00,1.254695089437560398e+02,1.353092775203483533e-02,1.353092775203483533e-02,1.726037471355357511e-01
9.080000000000001137e+01,5.915440591510487067e+00,1.253255168706852771e+02,4.639652485650802571e-02,4.639652485650802571e-02,2.262032738258488995e-01
9.085000000000000853e+01,5.804394036974690252e+00,1.251850800706657765e+02,5.708991137079998807e-02,5.708991137079998807e-02,2.294208317201714420e-01
9.090000000000000568e+01,5.693164047388462379e+00,1.250453457315039572e+02,1.189996697981056117e-01,1.189996697981056117e-01,1.537705309570042700e-01
9.095000000000000284e+01,5.577779493746652939e+00,1.249065888504385811e+02,1.314727957861516472e-01,1.314727957861516472e-01,2.407616661364207211e-01
9.100000000000000000e+01,5.459870923495143913e+00,1.247650514239799833e+02,1.991883122643769155e-01,1.991883122643769155e-01,1.772263907817277495e-01
9.105000000000001137e+01,5.337809316517716951e+00,1.246250908222450704e+02,1.088603271555804303e-01,1.088603271555804303e-01,1.334968399253449178e-01
9.110000000000000853e+01,5.221895838767539821e+00,1.244831306444004753e+02,1.084576798418408761e-01,1.084576798418408761e-01,2.698527105462985576e-01
9.115000000000000568e+01,5.105309073807078768e+00,1.243401278227185003e+02,1.191228454068864323e-01,1.191228454068864323e-01,1.164777317641963877e-01
9.120000000000000284e+01,4.989952977172333881e+00,1.241996413891267821e+02,1.136542668321106897e-01,1.136542668321106897e-01,1.471465416109239699e-01
9.125000000000000000e+01,4.874561831832866510e+00,1.240579606370556576e+02,1.862264629456550080e-01,1.862264629456550080e-01,2.117803785584090881e-01
9.130000000000001137e+01,4.754477633195194564e+00,1.239178240152075290e+02,1.453478942678834707e-01,1.453478942678834707e-01,6.649559205776120474e-02
9.135000000000000853e+01,4.634751468174387767e+00,1.237727106630558325e+02,1.588919630946346861e-01,1.588919630946346861e-01,1.837703285699766875e-01
9.140000000000000568e+01,4.512069610480381243e+00,1.236248331268724741e+02,1.488762351392521888e-01,1.488762351392521888e-01,1.369366896693306745e-01
9.145000000000000284e+01,4.388407330101676607e+00,1.234744361261782899e+02,1.012954857638969919e-01,1.012954857638969919e-01,7.270508575640105553e-02
9.150000000000000000e+01,4.267029339009763333e+00,1.233213903711225043e+02,8.991798496980080158e-02,8.991798496980080158e-02,2.385477572516862543e-01
9.155000000000001137e+01,4.144507841643533474e+00,1.231654744976368079e+02,5.608207499208608948e-02,5.608207499208608948e-02,4.370853858968719308e-02
9.160000000000000853e+01,4.024020009684378785e+00,1.230083566208090247e+02,6.936843874637281526e-02,6.936843874637281526e-02,1.598515617629755192e-01
9.165000000000000568e+01,3.903714319890161821e+00,1.228526739242873305e+02,6.347760697054435908e-02,6.347760697054435908e-02,1.416792353877821542e-01
9.170000000000000284e+01,3.783540111562187835e+00,1.226965799048646915e+02,4.720346002505097088e-02,4.720346002505097088e-02,5.617203476036526644e-02
9.175000000000000000e+01,3.665509934338917919e+00,1.225414578869416005e+02,3.221010561226562985e-02,3.221010561226562985e-02,2.463804553327010871e-01
9.180000000000001137e+01,3.547904814469743595e+00,1.223852972800780066e+02,9.189069106883098956e-03,9.189069106883098956e-03,5.089974873406181988e-02
9.185000000000000853e+01,3.430833066663832476e+00,1.222272373968005468e+02,-3.462582823506551305e-02,-3.462582823506551305e-02,1.458289373443504566e-01
9.190000000000000568e+01,3.317806201216339179e+00,1.220699767704900580e+02,-6.417473569469106520e-02,-6.417473569469106520e-02,1.575273800929916368e-01
9.195000000000000284e+01,3.205986432127813757e+00,1.219110851677134377e+02,-4.045107272553880723e-02,-4.045107272553880723e-02,3.749946342034663621e-02
9.200000000000000000e+01,3.093546498320114413e+00,1.217541449571722865e+02,1.935520258612268701e-02,1.935520258612268701e-02,2.300165521033031846e-01
9.205000000000001137e+01,2.975897594388183798e+00,1.215966107579218232e+02,1.352246192602246828e-02,1.352246192602246828e-02,7.105947683861713049e-02
9.210000000000000853e+01,2.856559190790923797e+00,1.214361982535384925e+02,-2.618229465016924315e-02,-2.618229465016924315e-02,1.295921451205967467e-01
9.215000000000000568e+01,2.739053207055851313e+00,1.212739080416968136e+02,3.314347255079895527e-02,3.314347255079895527e-02,1.674719358222818144e-01
9.220000000000000284e+01,2.618789565315390089e+00,1.211144635179165903e+02,1.224602729481113761e-01,1.224602729481113761e-01,3.313153723018252839e-02
9.225000000000000000e+01,2.493576090847562821e+00,1.209579146172011406e+02,4.096242196633859828e-02,4.096242196633859828e-02,2.327751083614489624e-01
9.230000000000001137e+01,2.371300736299387424e+00,1.207960356603368268e+02,5.518495695601571133e-02,5.518495695601571133e-02,6.147716287995938500e-02
9.235000000000000853e+01,2.248505483342481348e+00,1.206350582841748604e+02,9.962199150111440346e-03,9.962199150111440346e-03,1.412904850553051150e-01
9.240000000000000568e+01,2.128505221296413730e+00,1.204727985465598721e+02,3.329688349721045271e-02,3.329688349721045271e-02,1.542754397975842073e-01
9.245000000000000284e+01,2.008126829245995726e+00,1.203126585515833256e+02,7.875349360431967149e-02,7.875349360431967149e-02,4.734212209175195363e-02
9.250000000000000000e+01,1.885423364521542355e+00,1.201541854398084865e+02,1.840254042507304816e-02,1.840254042507304816e-02,2.470791503792038879e-01
9.255000000000001137e+01,1.765752385766940158e+00,1.199930228395376588e+02,1.034665296483177656e-02,1.034665296483177656e-02,5.207847872073635004e-02
9.260000000000000853e+01,1.646941871319907547e+00,1.198321916250213519e+02,5.022643700935509881e-02,5.022643700935509881e-02,1.512172696627833157e-01
9.265000000000000568e+01,1.525397511473561396e+00,1.196718917411762106e+02,3.937890632388154483e-02,3.937890632388154483e-02,1.467254681371998049e-01
9.270000000000000284e+01,1.403254093472412478e+00,1.195096043806382227e+02,2.950755220577209320e-02,2.950755220577209320e-02,6.144151860928971642e-02
9.275000000000000000e+01,1.280244794513534234e+00,1.193448616589113414e+02,2.573435653001759915e-02,2.573435653001759915e-02,2.348498357732892172e-01
9.280000000000001137e+01,1.158390696619273630e+00,1.191813661379065934e+02,4.247875524643692988e-03,4.247875524643692988e-03,3.829099254537194491e-02
9.285000000000000853e+01,1.038628670041648938e+00,1.190182878237813497e+02,-1.585485493818316466e-02,-1.585485493818316466e-02,1.741255016613127149e-01
9.290000000000000568e+01,9.194838712398168967e-01,1.188538825721445136e+02,-5.144320133216680191e-02,-5.144320133216680191e-02,1.234825121241412832e-01
9.295000000000000284e+01,8.021069228861598122e-01,1.186880025293529570e+02,-8.168884577756203857e-02,-8.168884577756203857e-02,8.380874450919791052e-02
9.300000000000000000e+01,6.862305077323928026e-01,1.185211285113452817e+02,-4.386783329264024034e-02,-4.386783329264024034e-02,2.125554888255164199e-01
9.305000000000001137e+01,5.682649308718271675e-01,1.183555462850653441e+02,-7.824620727938585985e-02,-7.824620727938585985e-02,1.327718641570109319e-02
9.310000000000000853e+01,4.546083100674522814e-01,1.181924917178709933e+02,-9.480927066370077594e-02,-9.480927066370077594e-02,1.898768544851269224e-01
9.315000000000000568e+01,3.396738496374395733e-01,1.180260062713010427e+02,-3.422166914084503325e-02,-3.422166914084503325e-02,1.049478622877095119e-01
9.320000000000000284e+01,2.206612891561989254e-01,1.178605752347253315e+02,-8.703133776557522849e-02,-8.703133776557522849e-02,9.890325921860423919e-02
9.325000000000000000e+01,1.020304810840353266e-01,1.176903274734511626e+02,-4.963866598837794047e-02,-4.963866598837794047e-02,1.908993188879016811e-01
9.330000000000001137e+01,-1.709255716782551171e-02,1.175233019278118576e+02,-4.751161719371865128e-02,-4.751161719371865128e-02,1.870589956403822390e-02
9.335000000000000853e+01,-1.363516147733963291e-01,1.173565275055370307e+02,1.182593311788080782e-02,1.182593311788080782e-02,2.199360671685852697e-01
9.340000000000000568e+01,-2.587553309918719791e-01,1.171919179247703084e+02,2.475306708521141097e-02,2.475306708521141097e-02,7.367021654820109233e-02
9.345000000000000284e+01,-3.830551920948999101e-01,1.170260933201288367e+02,-3.667562948217822916e-02,-3.667562948217822916e-02,1.353529628850922151e-01
9.350000000000000000e+01,-5.043034211371565378e-01,1.168578728008100285e+02,-2.645318226721430840e-02,-2.645318226721430840e-02,1.553985966590976653e-01
9.355000000000001137e+01,-6.261101550127243787e-01,1.166899442931324842e+02,1.231171521605620113e-03,1.231171521605620113e-03,5.483657451743787631e-02
9.360000000000000853e+01,-7.469115571162473488e-01,1.165264097112033852e+02,1.705886378085687966e-02,1.705886378085687966e-02,2.414471148259627054e-01
9.365000000000000568e+01,-8.677804864480473945e-01,1.163645232034696875e+02,-1.795877031961580494e-02,-1.795877031961580494e-02,4.122787283240399170e-02
9.370000000000000284e+01,-9.889021578199390650e-01,1.161984325518897805e+02,-3.488963130519099481e-02,-3.488963130519099481e-02,1.672184976523674593e-01
9.375000000000000000e+01,-1.107080540119909751e+00,1.160345619361285117e+02,-9.615447129424738171e-02,-9.615447129424738171e-02,1.293694284502247549e-01
9.380000000000001137e+01,-1.222114270487318244e+00,1.158681635721606114e+02,-5.558637653868540168e-02,-5.558637653868540168e-02,7.714420927220590196e-02
9.385000000000000853e+01,-1.336864859563953623e+00,1.157071188773779227e+02,-1.199402283238367450e-01,-1.199402283238367450e-01,2.267981012685602038e-01
9.390000000000000568e+01,-1.445872118322698130e+00,1.155465407732515359e+02,-1.543073656314387920e-01,-1.543073656314387920e-01,4.532862097704757481e-02
9.395000000000000284e+01,-1.554277406406973983e+00,1.153837067221816426e+02,-1.683390518097565569e-01,-1.683390518097565569e-01,1.692148781369460508e-01
9.400000000000000000e+01,-1.663446388839966428e+00,1.152191894647416461e+02,-2.032009293162803376e-01,-2.032009293162803376e-01,1.452062937390376229e-01
9.405000000000001137e+01,-1.770080369479373861e+00,1.150539997837318964e+02,-1.785163239509791611e-01,-1.785163239509791611e-01,8.762345698186879694e-02
9.410000000000000853e+01,-1.877252841474081002e+00,1.148913602860186529e+02,-1.365237975377234514e-01,-1.365237975377234514e-01,2.529181000901364884e-01
9.415000000000000568e+01,-1.985087429175682594e+00,1.147319218230061040e+02,-1.093440674102518911e-01,-1.093440674102518911e-01,9.513673772339240053e-02
9.420000000000000284e+01,-2.093680880344320538e+00,1.145748899227049833e+02,-7.366923599757181640e-02,-7.366923599757181640e-02,1.656869124175309460e-01
9.425000000000000000e+01,-2.205260207210294254e+00,1.144182087413686872e+02,-3.884871185638889141e-02,-3.884871185638889141e-02,1.864808661123832645e-01
9.430000000000001137e+01,-2.321015780777150539e+00,1.142596203909404977e+02,3.875328256115778691e-02,3.875328256115778691e-02,9.626787368998637739e-02
9.435000000000000853e+01,-2.438932874086697566e+00,1.141065365610290314e+02,1.280736370549185599e-01,1.280736370549185599e-01,2.419420347433340057e-01
9.440000000000000568e+01,-2.559805129036510696e+00,1.139588741360800697e+02,1.235522470697379832e-01,1.235522470697379832e-01,1.108678995565854780e-01
9.445000000000000284e+01,-2.678992079962569495e+00,1.138125999304070035e+02,1.755364884064600228e-01,1.755364884064600228e-01,1.272323162796223373e-01
9.450000000000000000e+01,-2.800152026825890150e+00,1.136685814358892515e+02,1.318332781336441772e-01,1.318332781336441772e-01,2.084035747577692166e-01
9.455000000000001137e+01,-2.916277726877616772e+00,1.135271723215185489e+02,1.246150525517570329e-01,1.246150525517570329e-01,4.871187455824182305e-02
9.460000000000000853e+01,-3.031338359259843074e+00,1.133859156959507999e+02,1.084850742378387495e-01,1.084850742378387495e-01,1.675847974018160325e-01
9.465000000000000568e+01,-3.144543682130057416e+00,1.132450008586493055e+02,1.325857703295582057e-01,1.325857703295582057e-01,1.553801840729773787e-01
9.470000000000000284e+01,-3.258277499541690325e+00,1.131062906970619224e+02,1.757227232562719454e-01,1.757227232562719454e-01,3.258069362901427207e-02
9.475000000000000000e+01,-3.372843794348780122e+00,1.129697843311589054e+02,1.272663598542194963e-01,1.272663598542194963e-01,2.043823083232114424e-01
9.480000000000001137e+01,-3.481747136346978966e+00,1.128356182051879983e+02,1.347908428048518736e-01,1.347908428048518736e-01,1.201272626777479535e-01
9.485000000000000853e+01,-3.591891289223962502e+00,1.127007132778139749e+02,8.128507630791362293e-02,8.128507630791362293e-02,5.459637874741010699e-02
9.490000000000000568e+01,-3.699160530921082213e+00,1.125633746298705375e+02,1.312658127847642422e-02,1.312658127847642422e-02,2.284488801500824395e-01
9.495000000000000284e+01,-3.801445591480958175e+00,1.124252984036475738e+02,1.694189406098721429e-02,1.694189406098721429e-02,9.824818598176050799e-02
9.500000000000000000e+01,-3.903404121408981187e+00,1.122881540808645298e+02,-9.526497027010426277e-02,-9.526497027010426277e-02,7.539629617708852594e-02
9.505000000000001137e+01,-3.996786464269083794e+00,1.121506015500021647e+02,-8.929613566446265027e-02,-8.929613566446265027e-02,2.400767859943454541e-01
9.510000000000000853e+01,-4.091876654549460035e+00,1.120118590014920414e+02,-6.406361489125508846e-02,-6.406361489125508846e-02,8.904260625683620145e-02
9.515000000000000568e+01,-4.185431752358140578e+00,1.118775492673770344e+02,-3.954446804425788831e-02,-3.954446804425788831e-02,7.466195440496009583e-02
9.520000000000000284e+01,-4.281930676475862008e+00,1.117422223966084260e+02,-4.129506540290985017e-02,-4.129506540290985017e-02,2.408695138149087034e-01
9.525000000000000000e+01,-4.379240752559731220e+00,1.116058148251153739e+02,-6.462735320951797091e-02,-6.462735320951797091e-02,8.874922932634488060e-02
9.530000000000001137e+01,-4.472803233957839630e+00,1.114717228694553341e+02,-1.222852756489041237e-01,-1.222852756489041237e-01,7.549442097860063761e-02
9.535000000000000853e+01,-4.562895572796477950e+00,1.113363215236652621e+02,-8.787730576707764030e-02,-8.787730576707764030e-02,2.379618680979078693e-01
9.540000000000000568e+01,-4.656245174446151935e+00,1.112007947238598859e+02,-5.188005185849929590e-02,-5.188005185849929590e-02,9.776488565170340928e-02
9.545000000000000284e+01,-4.751908357581537068e+00,1.110658674492666478e+02,-1.427340475352536497e-01,-1.427340475352536497e-01,7.465977107136173574e-02
9.550000000000000000e+01,-4.845072763704180829e+00,1.109251691516600857e+02,-1.090949603858050593e-01,-1.090949603858050593e-01,2.411286322432270868e-01
9.555000000000001137e+01,-4.936642046557221164e+00,1.107902673872579697e+02,-5.356035561708701043e-02,-5.356035561708701043e-02,1.033022876248884253e-01
9.560000000000000853e+01,-5.031854959744439526e+00,1.106562940319581685e+02,-3.376609006812449770e-02,-3.376609006812449770e-02,8.114917617778107106e-02
9.565000000000000568e+01,-5.130544335616396445e+00,1.105200691299759654e+02,1.271853546980811038e-02,1.271853546980811038e-02,2.412887937241640079e-01
9.570000000000000284e+01,-5.229241730530174159e+00,1.103887589095667892e+02,-3.247460597566713403e-02,-3.247460597566713403e-02,1.043547298017959701e-01
9.575000000000000000e+01,-5.323964729680075614e+00,1.102577554840919163e+02,-1.347041939639185282e-01,-1.347041939639185282e-01,7.924616978935286604e-02
9.580000000000001137e+01,-5.416293271162616385e+00,1.101194164115314322e+02,-1.295864430278251822e-01,-1.295864430278251822e-01,2.379236498563390145e-01
9.585000000000000853e+01,-5.509932182492345731e+00,1.099805125369678365e+02,-1.596023144993772569e-01,-1.596023144993772569e-01,1.132552207423970780e-01
9.590000000000000568e+01,-5.602432541077955186e+00,1.098396600605772306e+02,-1.455152075438115311e-01,-1.455152075438115311e-01,9.767659014466478773e-02
9.595000000000000284e+01,-5.697697938530008166e+00,1.096965389397158361e+02,-1.522905767328765481e-01,-1.522905767328765481e-01,2.541331511074725880e-01
9.600000000000000000e+01,-5.791860322882252277e+00,1.095546336432069268e+02,-1.134672111526262434e-01,-1.134672111526262434e-01,1.184323755812597689e-01
9.605000000000001137e+01,-5.887428567606370677e+00,1.094154421661821459e+02,-1.146633288225818170e-01,-1.146633288225818170e-01,1.227710192595078686e-01
9.610000000000000853e+01,-5.983794220305126643e+00,1.092747943830856627e+02,-1.363560803927264253e-01,-1.363560803927264253e-01,2.597718093489504443e-01
9.615000000000000568e+01,-6.082419722355115965e+00,1.091288205428286773e+02,-1.208050018579531065e-01,-1.208050018579531065e-01,1.212025001906792271e-01
9.620000000000000284e+01,-6.181015016414526109e+00,1.089849796329186518e+02,-7.068232982246126783e-02,-7.068232982246126783e-02,1.527147216609408553e-01
9.625000000000000000e+01,-6.278698574364075746e+00,1.088484701969467920e+02,-7.638682176979159910e-02,-7.638682176979159910e-02,2.465198701577978602e-01
9.630000000000001137e+01,-6.377723455678481201e+00,1.087087305761517939e+02,-9.593578144975523081e-02,-9.593578144975523081e-02,1.232222556531060581e-01
9.635000000000000853e+01,-6.472396431006895767e+00,1.085733577772756604e+02,-6.848346400675871248e-02,-6.848346400675871248e-02,1.644006159874546735e-01
9.640000000000000568e+01,-6.569580725966361889e+00,1.084379996002164148e+02,-2.935465804430813230e-02,-2.935465804430813230e-02,2.453477912086135804e-01
9.645000000000000284e+01,-6.668463576484242594e+00,1.083042387713505548e+02,5.687970229772597308e-03,5.687970229772597308e-03,1.278924724671213209e-01
9.650000000000000000e+01,-6.768606373395489761e+00,1.081726468143373268e+02,2.730675731273639328e-02,2.730675731273639328e-02,1.645728036200861943e-01
9.655000000000001137e+01,-6.866473420016382612e+00,1.080463908551668339e+02,6.516986415592219972e-02,6.516986415592219972e-02,2.469917622740738228e-01
9.660000000000000853e+01,-6.965764281417172299e+00,1.079221831007654941e+02,4.141310131363151736e-02,4.141310131363151736e-02,1.219515309554117799e-01
9.665000000000000568e+01,-7.062576543532788520e+00,1.077985538856131171e+02,2.279839985670636341e-03,2.279839985670636341e-03,1.388109839537615409e-01
9.670000000000000284e+01,-7.155376823980252432e+00,1.076760055855603895e+02,5.178811595164430071e-02,5.178811595164430071e-02,2.665794573003812395e-01
9.675000000000000000e+01,-7.248122996452428524e+00,1.075589867185207993e+02,1.128838031930758656e-01,1.128838031930758656e-01,1.355883858266621611e-01
9.680000000000001137e+01,-7.343219291302121476e+00,1.074449473178702874e+02,1.589418575317226856e-01,1.589418575317226856e-01,9.779392070397480152e-02
9.685000000000000853e+01,-7.440517815904062360e+00,1.073322379460167184e+02,1.582979715512579655e-01,1.582979715512579655e-01,2.110772727529040271e-01
9.690000000000000568e+01,-7.535844569987090402e+00,1.072217472714865920e+02,9.011038362475320973e-02,9.011038362475320973e-02,1.651043301582382217e-01
9.695000000000000284e+01,-7.627501460599993344e+00,1.071091141853240174e+02,1.412859574372778981e-01,1.412859574372778981e-01,5.488526136646941500e-02
9.700000000000000000e+01,-7.722672286252536544e+00,1.069966751676320627e+02,1.320172467091133284e-01,1.320172467091133284e-01,1.456061443366306607e-01
9.705000000000001137e+01,-7.817133085586637442e+00,1.068836293653493499e+02,4.746819779077021684e-02,4.746819779077021684e-02,2.141190961082506672e-01
9.710000000000000853e+01,-7.905122800939654581e+00,1.067705136509426609e+02,7.466531833602216284e-02,7.466531833602216284e-02,7.482956647725792776e-02
9.715000000000000568e+01,-7.996719509200723053e+00,1.066551068108063021e+02,5.792356321610826059e-02,5.792356321610826059e-02,8.342473055018977124e-02
9.720000000000000284e+01,-8.087240819648878087e+00,1.065390826466835392e+02,4.009081961694452995e-02,4.009081961694452995e-02,2.274336034761624548e-01
9.725000000000000000e+01,-8.174808398688757194e+00,1.064250593393877011e+02,2.908663089784647646e-02,2.908663089784647646e-02,1.282386039193145477e-01
9.730000000000001137e+01,-8.260164565742543985e+00,1.063129504564215750e+02,7.010592879677054242e-04,7.010592879677054242e-04,2.169991960457167898e-02
9.735000000000000853e+01,-8.343611463110864435e+00,1.062001492676076708e+02,-2.400338397006364713e-02,-2.400338397006364713e-02,1.551984284753208654e-01
9.740000000000000568e+01,-8.423207456226430523e+00,1.060899880572494141e+02,1.152172957024798564e-02,1.152172957024798564e-02,2.074425985177791587e-01
9.745000000000000284e+01,-8.505006209139706286e+00,1.059806553123789428e+02,1.348862364351927946e-02,1.348862364351927946e-02,7.203673147596333093e-02
9.750000000000000000e+01,-8.584381134363113119e+00,1.058748114268703659e+02,2.000748383037082370e-02,2.000748383037082370e-02,6.392479756222134435e-02
9.755000000000001137e+01,-8.662856583170906788e+00,1.057708763556323248e+02,8.230924980384289602e-02,8.230924980384289602e-02,1.928163745032045462e-01
9.760000000000000853e+01,-8.746878520652504818e+00,1.056658732648576375e+02,5.664260870453451807e-02,5.664260870453451807e-02,1.704414824879187107e-01
9.765000000000000568e+01,-8.831189586923699153e+00,1.055577642088466916e+02,5.315673298982047379e-02,5.315673298982047379e-02,3.347110917470467323e-02
9.770000000000000284e+01,-8.915809200463641560e+00,1.054485777804217435e+02,1.033038596715328272e-01,1.033038596715328272e-01,1.048899399857628340e-01
9.775000000000000000e+01,-9.003802512528359614e+00,1.053405072147397874e+02,1.210354354814470179e-01,1.210354354814470179e-01,2.441589310285879333e-01
9.780000000000001137e+01,-9.093793432882298688e+00,1.052309919580079196e+02,7.002449394865747911e-02,7.002449394865747911e-02,1.121771810010193660e-01
9.785000000000000853e+01,-9.181421245429829625e+00,1.051193448984430034e+02,3.967381148982445510e-02,3.967381148982445510e-02,3.546427790730465046e-02
9.790000000000000568e+01,-9.265564936098247273e+00,1.050085458934335918e+02,3.130422187351951380e-02,3.130422187351951380e-02,1.708245518171137012e-01
9.795000000000000284e+01,-9.352185658123985945e+00,1.048934935109215587e+02,1.018343444543285195e-02,1.018343444543285195e-02,1.846204231507987126e-01
9.800000000000000000e+01,-9.438843298440845686e+00,1.047761475358451975e+02,1.835629093165126388e-02,1.835629093165126388e-02,4.344427155403601110e-02
9.805000000000001137e+01,-9.528894712323987548e+00,1.046551149700250960e+02,2.554352800884903199e-02,2.554352800884903199e-02,1.156670541794911633e-01
9.810000000000000853e+01,-9.620557708090935023e+00,1.045325508407338617e+02,-9.616761613792493973e-03,-9.616761613792493973e-03,2.317734277091072770e-01
9.815000000000000568e+01,-9.712016866646603575e+00,1.044064198776167132e+02,-6.471381042636891422e-03,-6.471381042636891422e-03,7.816312151543058917e-02
9.820000000000000284e+01,-9.805118195992612584e+00,1.042784389639212321e+02,5.302171878176454439e-02,5.302171878176454439e-02,8.638859684348990098e-02
9.825000000000000000e+01,-9.900452024649496252e+00,1.041537419588411950e+02,9.808276042913133264e-02,9.808276042913133264e-02,2.417552811963060988e-01
9.830000000000001137e+01,-9.995268300774410974e+00,1.040345267651488115e+02,7.718364826146058288e-02,7.718364826146058288e-02,1.086949342575071059e-01
9.835000000000000853e+01,-1.008817447102880394e+01,1.039160076280529807e+02,6.992460358016185096e-02,6.992460358016185096e-02,5.812913662072360238e-02
9.840000000000000568e+01,-1.017794854612665034e+01,1.038002880355268189e+02,1.037716209804249029e-01,1.037716209804249029e-01,1.965480477084242950e-01
9.845000000000000284e+01,-1.027224139288700933e+01,1.036820937452855844e+02,1.134961472755374595e-01,1.134961472755374595e-01,1.596663144873536333e-01
9.850000000000000000e+01,-1.036729557370620824e+01,1.035643204941649032e+02,7.203558587246462752e-02,7.203558587246462752e-02,5.165419367935629447e-02
9.855000000000001137e+01,-1.046174355217185692e+01,1.034420963501498534e+02,7.145083180176887983e-02,7.145083180176887983e-02,1.620867124725807740e-01
9.860000000000000853e+01,-1.055533437865519630e+01,1.033207427587681906e+02,7.129977204902167298e-02,7.129977204902167298e-02,2.001796616561696551e-01
9.865000000000000568e+01,-1.065146044218518462e+01,1.031959643553232127e+02,4.289563575374161913e-02,4.289563575374161913e-02,7.082335695855965230e-02
9.870000000000000284e+01,-1.074619794222604519e+01,1.030697178460848704e+02,3.907018011498252646e-02,3.907018011498252646e-02,1.393254101061180972e-01
9.875000000000000000e+01,-1.083882556196075519e+01,1.029458841046979387e+02,-9.655328937858006014e-03,-9.655328937858006014e-03,2.278345952458779300e-01
9.880000000000001137e+01,-1.093062639762320742e+01,1.028179585494186341e+02,-2.480849233441328669e-02,-2.480849233441328669e-02,8.766467744336325918e-02
9.885000000000000853e+01,-1.102498606328350839e+01,1.026849544596398829e+02,-2.986113682029676447e-02,-2.986113682029676447e-02,1.185100210505554835e-01
9.890000000000000568e+01,-1.112088665911915975e+01,1.025494378151440884e+02,-6.349059272871403203e-02,-6.349059272871403203e-02,2.359018319835716471e-01
9.895000000000000284e+01,-1.121283335771724943e+01,1.024155241157435370e+02,-8.622485348062598753e-02,-8.622485348062598753e-02,8.431655909959669126e-02
9.900000000000000000e+01,-1.130569429314117436e+01,1.022782795613138234e+02,-1.691577534477783085e-01,-1.691577534477783085e-01,1.088939032244478633e-01
9.905000000000001137e+01,-1.139403899110904028e+01,1.021386787436641015e+02,-1.113483497381373283e-01,-1.113483497381373283e-01,2.355411661521316646e-01
9.910000000000000853e+01,-1.148808885433275861e+01,1.019971285042251310e+02,-4.511400821366057939e-02,-4.511400821366057939e-02,6.832002718652793738e-02
9.915000000000000568e+01,-1.158628438828566232e+01,1.018578342803496497e+02,3.568962996560676604e-03,3.568962996560676604e-03,1.092719848579570968e-01
9.920000000000000284e+01,-1.168748657080360154e+01,1.017199669951808971e+02,-6.309609325831140592e-02,-6.309609325831140592e-02,2.200142192101048055e-01
9.925000000000000000e+01,-1.178493864162932603e+01,1.015796997134099513e+02,-1.218173319990651510e-02,-1.218173319990651510e-02,5.117778273472496642e-02
9.930000000000001137e+01,-1.188299019299324932e+01,1.014445668432955614e+02,-6.320799268784963246e-03,-6.320799268784963246e-03,1.198529526208506335e-01
9.935000000000000853e+01,-1.198202584619565769e+01,1.013087659490329742e+02,-1.088647380431480641e-02,-1.088647380431480641e-02,2.106929686935574975e-01
9.940000000000000568e+01,-1.208214357221032564e+01,1.011709862268142501e+02,4.223756589841391740e-02,4.223756589841391740e-02,4.233634736136688420e-02
9.945000000000000284e+01,-1.218460643856234782e+01,1.010360027246716612e+02,-1.643451865897678846e-02,-1.643451865897678846e-02,1.307282518134679494e-01
9.950000000000000000e+01,-1.228397937790638039e+01,1.008986019847563540e+02,-3.942053404773335906e-02,-3.942053404773335906e-02,1.983831190576217096e-01
9.955000000000001137e+01,-1.237826093247761250e+01,1.007655689672443913e+02,-6.925591244728812601e-02,-6.925591244728812601e-02,3.696457304641959790e-02
9.960000000000000853e+01,-1.247364861000271397e+01,1.006281095777806200e+02,-3.652585405733854013e-02,-3.652585405733854013e-02,1.327425050395936723e-01
9.965000000000000568e+01,-1.257203502120808380e+01,1.004901353624829881e+02,1.574841688130747264e-02,1.574841688130747264e-02,1.951012466258782996e-01
9.970000000000000284e+01,-1.267132433679742931e+01,1.003567489045451850e+02,6.006098820866959120e-02,6.006098820866959120e-02,2.944006436151896944e-02
9.975000000000000000e+01,-1.277424370770278728e+01,1.002230296096481084e+02,9.139874598612303391e-02,9.139874598612303391e-02,1.403143394011820422e-01
9.980000000000001137e+01,-1.287785776685033667e+01,1.000914384045267269e+02,9.191555377341800726e-02,9.191555377341800726e-02,1.902445348552299353e-01
9.985000000000000853e+01,-1.298224194283737454e+01,9.995899921363465523e+01,8.057898471913421679e-02,8.057898471913421679e-02,2.979389779332149504e-02
9.990000000000000568e+01,-1.308679602094753136e+01,9.982521012136066929e+01,8.322519685150259194e-02,8.322519685150259194e-02,1.509027292820940280e-01
9.995000000000000284e+01,-1.318999305519084864e+01,9.969275327827385524e+01,1.305994712148708936e-01,1.305994712148708936e-01,1.830463939993355882e-01
1.000000000000000000e+02,-1.329559992559008741e+01,9.956239639788762474e+01,1.203847622058775019e-01,1.203847622058775019e-01,4.050296276567213333e-02
1.000500000000000114e+02,-1.340038741054762106e+01,9.943151968308866628e+01,1.192281060571898088e-01,1.192281060571898088e-01,1.611124981581211479e-01
1.001000000000000085e+02,-1.350262360518146387e+01,9.930382478726578199e+01,1.324040894072963936e-01,1.324040894072963936e-01,1.862692632430907047e-01
1.001500000000000057e+02,-1.360694367795890258e+01,9.917489756505466403e+01,1.686923839672405112e-01,1.686923839672405112e-01,6.096265962423716434e-02
1.002000000000000028e+02,-1.371099520726083121e+01,9.905009358313732548e+01,1.634249946436322765e-01,1.634249946436322765e-01,1.643212072278762981e-01
1.002500000000000000e+02,-1.381398140065781277e+01,9.892556203286265770e+01,8.397253899927456522e-02,8.397253899927456522e-02,2.024939433206485451e-01
1.003000000000000114e+02,-1.391163838161134336e+01,9.880002175630943384e+01,3.720698042897079005e-02,3.720698042897079005e-02,8.725273989726249624e-02
1.003500000000000085e+02,-1.400674450526063985e+01,9.867232577573024344e+01,5.983537219573660526e-02,5.983537219573660526e-02,1.559072369443469663e-01
1.004000000000000057e+02,-1.410167887739130244e+01,9.854673517846097752e+01,5.914338752824332968e-02,5.914338752824332968e-02,2.249606967051079598e-01
1.004500000000000028e+02,-1.419860775432409739e+01,9.841906644990126551e+01,1.050605041725454630e-01,1.050605041725454630e-01,1.002014221045456066e-01
1.005000000000000000e+02,-1.429596654514748444e+01,9.829506988543766965e+01,1.425191327539494512e-01,1.425191327539494512e-01,1.439591167485876344e-01
1.005500000000000114e+02,-1.439777270609716808e+01,9.816914896700191662e+01,5.353927552902988662e-02,5.353927552902988662e-02,2.467110854070138914e-01
1.006000000000000085e+02,-1.449695876822215013e+01,9.803705701997293431e+01,-5.545224771297247064e-03,-5.545224771297247064e-03,1.184374843600028704e-01
1.006500000000000057e+02,-1.459117317573954331e+01,9.790512461891071894e+01,-9.600736707469029185e-02,-9.600736707469029185e-02,1.425818585520475523e-01
1.007000000000000028e+02,-1.468018955188422225e+01,9.777042992204566474e+01,-1.364612074136125341e-01,-1.364612074136125341e-01,2.510909111115512959e-01
1.007500000000000000e+02,-1.476722598021530075e+01,9.763383958479748514e+01,-1.673198521981397735e-01,-1.673198521981397735e-01,1.082988009932227130e-01
1.008000000000000114e+02,-1.485378969627999801e+01,9.749519435224745223e+01,-1.959305081804946780e-01,-1.959305081804946780e-01,1.135870938179712325e-01
1.008500000000000085e+02,-1.494237447716367662e+01,9.735198129642300557e+01,-9.307025377133094912e-02,-9.307025377133094912e-02,2.445469513779512105e-01
1.009000000000000057e+02,-1.503884107556440064e+01,9.720870785505718459e+01,-1.739465611350691499e-01,-1.739465611350691499e-01,8.114682827614523586e-02
1.009500000000000028e+02,-1.512934172411124756e+01,9.706476252120467052e+01,-1.463588637403170634e-01,-1.463588637403170634e-01,1.095871753977078894e-01
1.010000000000000000e+02,-1.522152548775090963e+01,9.692226576793591164e+01,-1.304909611888674936e-01,-1.304909611888674936e-01,2.251348178537449507e-01
1.010500000000000114e+02,-1.531588291110967859e+01,9.677856562158771681e+01,-1.125622236423939049e-01,-1.125622236423939049e-01,5.441440689236268918e-02
1.011000000000000085e+02,-1.541397510813100524e+01,9.663259180092845213e+01,-1.687899685737100919e-01,-1.687899685737100919e-01,1.238974855638590444e-01
1.011500000000000057e+02,-1.550956726123521001e+01,9.648457902352436122e+01,-1.748390742306515089e-01,-1.748390742306515089e-01,1.974909740799290492e-01
1.012000000000000028e+02,-1.560502655266098060e+01,9.633585146808985655e+01,-1.371170258401315789e-01,-1.371170258401315789e-01,2.519007074679132513e-02
1.012500000000000000e+02,-1.570321473134775836e+01,9.618824299858839311e+01,-1.958341778459914140e-01,-1.958341778459914140e-01,1.575405900907408674e-01
1.013000000000000114e+02,-1.579961424404437054e+01,9.603768544550153763e+01,-1.733670263263929756e-01,-1.733670263263929756e-01,1.660561506061751513e-01
1.013500000000000085e+02,-1.589553103626495734e+01,9.588956075168623272e+01,-1.634850688578598776e-01,-1.634850688578598776e-01,4.629442400233638177e-02
1.014000000000000057e+02,-1.599271920679447767e+01,9.574156354826068593e+01,-1.554068004012016946e-01,-1.554068004012016946e-01,1.977920004741559878e-01
1.014500000000000028e+02,-1.609034871094663544e+01,9.559445409079715716e+01,-1.131087382413692999e-01,-1.131087382413692999e-01,1.443652943693798374e-01
1.015000000000000000e+02,-1.619142390651235530e+01,9.544632232968203311e+01,-1.418135512880277505e-01,-1.418135512880277505e-01,8.430549572989566587e-02
1.015500000000000114e+02,-1.629181586907240842e+01,9.529652696204045981e+01,-1.377646659602607127e-01,-1.377646659602607127e-01,2.415622866902534804e-01
1.016000000000000085e+02,-1.639285955151334306e+01,9.514690688220650827e+01,-9.828441538721822968e-02,-9.828441538721822968e-02,1.211542076440538934e-01
1.016500000000000057e+02,-1.649638707184596242e+01,9.499800803346396094e+01,-1.564972494103243350e-01,-1.564972494103243350e-01,1.291173895158484464e-01
1.017000000000000028e+02,-1.659682957678070281e+01,9.484735677324751180e+01,-1.295514850705236365e-01,-1.295514850705236365e-01,2.425496938688380955e-01
1.017500000000000000e+02,-1.669932550098515733e+01,9.469665845837558038e+01,-1.032845175403507842e-01,-1.032845175403507842e-01,1.113346211113367262e-01
1.018000000000000114e+02,-1.680542296351134013e+01,9.454474339938570893e+01,-9.303007807079792524e-02,-9.303007807079792524e-02,1.811295565873680402e-01
1.018500000000000085e+02,-1.691581173940535621e+01,9.438826247829554461e+01,-7.234241556530893180e-02,-7.234241556530893180e-02,1.957893539519927895e-01
1.019000000000000057e+02,-1.702561902907366331e+01,9.423442214774071601e+01,-1.348419110428819845e-01,-1.348419110428819845e-01,1.184820474793823464e-01
1.019500000000000028e+02,-1.713112121749353278e+01,9.408053436647517742e+01,-1.715202682725258110e-01,-1.715202682725258110e-01,2.468591290038363306e-01
1.020000000000000000e+02,-1.723443959673864967e+01,9.392625358196862351e+01,-1.179494433830361594e-01,-1.179494433830361594e-01,1.613985192879873187e-01
1.020500000000000114e+02,-1.734009309093116258e+01,9.377409540878015548e+01,-8.866433258727381139e-02,-8.866433258727381139e-02,1.611547067101975483e-01
1.021000000000000085e+02,-1.744677595214543686e+01,9.362407356373778100e+01,-1.120398207452183714e-01,-1.120398207452183714e-01,2.629659261100302237e-01
1.021500000000000057e+02,-1.755302785650727770e+01,9.347182358523878065e+01,-9.298042716731852453e-02,-9.298042716731852453e-02,1.472872206952868801e-01
1.022000000000000028e+02,-1.766254774112378456e+01,9.331720839996602024e+01,-4.951001023404359019e-02,-4.951001023404359019e-02,2.096662004678215008e-01
1.022500000000000000e+02,-1.777412693696761892e+01,9.316539945757853047e+01,-1.212081583888593696e-04,-1.212081583888593696e-04,2.146697830592141365e-01
1.023000000000000114e+02,-1.788627951178378694e+01,9.301771599174395533e+01,-1.698825119630874639e-02,-1.698825119630874639e-02,1.455391634402949108e-01
1.023500000000000085e+02,-1.799722917845540593e+01,9.286984138418887369e+01,-3.051585179535439701e-02,-3.051585179535439701e-02,2.551934857818439206e-01
1.024000000000000057e+02,-1.811068852441322008e+01,9.271701827361069093e+01,-2.877493579113724401e-02,-2.877493579113724401e-02,1.689233338710826871e-01
1.024500000000000028e+02,-1.822147466810210048e+01,9.256795215685586697e+01,2.714066181405425798e-02,2.714066181405425798e-02,1.668950800507520427e-01
1.025000000000000000e+02,-1.833310118707312242e+01,9.242377238132077366e+01,3.424130767070861225e-02,3.424130767070861225e-02,2.606637064920414582e-01
1.025500000000000114e+02,-1.844508992793745961e+01,9.227970198058314111e+01,2.158642762332546594e-03,2.158642762332546594e-03,1.363513974258005468e-01
1.026000000000000085e+02,-1.855422194273955938e+01,9.213581087129765024e+01,1.191315945525310387e-02,1.191315945525310387e-02,1.893951933131043375e-01
1.026500000000000057e+02,-1.866474595443985152e+01,9.199110244517393653e+01,7.116338046003124751e-02,7.116338046003124751e-02,2.145758443911983671e-01
1.027000000000000028e+02,-1.877999073082268211e+01,9.184631662411945285e+01,1.058833666266339318e-01,1.058833666266339318e-01,1.177095826823918862e-01
1.027500000000000000e+02,-1.889538181913195203e+01,9.170486367327497135e+01,7.106538162504713596e-02,7.106538162504713596e-02,2.206663660232932311e-01
1.028000000000000114e+02,-1.900912848928068399e+01,9.156146472144776283e+01,5.326653118623313199e-02,5.326653118623313199e-02,1.585194188482542399e-01
1.028500000000000085e+02,-1.912080181479082341e+01,9.141887479786878146e+01,2.661043974653337987e-02,2.661043974653337987e-02,1.129362866277709154e-01
1.029000000000000057e+02,-1.922839944603686035e+01,9.127869414833513417e+01,5.903846129962424943e-02,5.903846129962424943e-02,2.534784021750622340e-01
1.029500000000000028e+02,-1.933638970530867240e+01,9.114127012249895188e+01,4.983038737761535941e-02,4.983038737761535941e-02,1.225300955363010369e-01
1.030000000000000000e+02,-1.944547450198745864e+01,9.100125345112130049e+01,5.819689283151009002e-02,5.819689283151009002e-02,1.226712080025103568e-01
1.030500000000000114e+02,-1.955400681404541530e+01,9.086268382851180547e+01,2.422614985597468240e-02,2.422614985597468240e-02,2.423947276014271901e-01
1.031000000000000085e+02,-1.965985539671321192e+01,9.072398505746895125e+01,4.180893287225847382e-02,4.180893287225847382e-02,9.228548547165102423e-02
1.031500000000000057e+02,-1.976566882117332469e+01,9.058716264359708248e+01,8.524173737060103395e-02,8.524173737060103395e-02,1.365509907434968584e-01
1.032000000000000028e+02,-1.987179173214833838e+01,9.045454277929047748e+01,1.050881929388919195e-01,1.050881929388919195e-01,2.189765234628331947e-01
1.032500000000000000e+02,-1.998195592118088726e+01,9.031843958581400500e+01,1.438737759473335542e-01,1.438737759473335542e-01,6.486169567717726958e-02
1.033000000000000114e+02,-2.009289614085167841e+01,9.018516330092971600e+01,1.195552797248487786e-01,1.195552797248487786e-01,1.451517274365212717e-01
1.033500000000000085e+02,-2.020409306133109695e+01,9.004812542501977646e+01,6.428168201204527421e-02,6.428168201204527421e-02,1.859815949082581354e-01
1.034000000000000057e+02,-2.031322734888864545e+01,8.990795698834183725e+01,4.431622535520610140e-02,4.431622535520610140e-02,3.152621702382159274e-02
1.034500000000000028e+02,-2.041897890189656906e+01,8.977007281456921817e+01,2.645160317337892295e-02,2.645160317337892295e-02,1.710981125056809660e-01
1.035000000000000000e+02,-2.052079911168756965e+01,8.963538541225207723e+01,7.420121718877129707e-03,7.420121718877129707e-03,1.613253438289564412e-01
1.035500000000000114e+02,-2.061982504229063551e+01,8.950244837945768950e+01,1.619484267115706838e-02,1.619484267115706838e-02,2.536599627320302794e-02
1.036000000000000085e+02,-2.071982344049851221e+01,8.936909556277186084e+01,2.205079336453436359e-02,2.205079336453436359e-02,1.746639417450550069e-01
1.036500000000000057e+02,-2.081993518651952968e+01,8.923613513830034094e+01,2.212233852649709079e-02,2.212233852649709079e-02,1.588225613475514331e-01
1.037000000000000028e+02,-2.092162807292599425e+01,8.910110877048761324e+01,-5.009202681732247836e-02,-5.009202681732247836e-02,2.253197190151604717e-02
1.037500000000000000e+02,-2.101970029747221602e+01,8.896287554282214671e+01,-3.706155059282994352e-02,-3.706155059282994352e-02,1.824473600729630829e-01
1.038000000000000114e+02,-2.111511268962634702e+01,8.882999994145696121e+01,3.253720715216462667e-02,3.253720715216462667e-02,1.542110029624038647e-01
1.038500000000000085e+02,-2.121346716081886896e+01,8.870073706003975644e+01,7.346565821351515313e-02,7.346565821351515313e-02,2.377842783972438853e-02
1.039000000000000057e+02,-2.131233563851801449e+01,8.857524431695806300e+01,1.336598151664902256e-01,1.336598151664902256e-01,1.705476285562257666e-01
1.039500000000000028e+02,-2.141288485881955594e+01,8.845301365156467455e+01,1.173800527672779620e-01,1.173800527672779620e-01,1.693334554645512802e-01
1.040000000000000000e+02,-2.151540245271959506e+01,8.832707319372022425e+01,4.273072528281388061e-02,4.273072528281388061e-02,6.962915980790536537e-03
1.040500000000000114e+02,-2.161333422864017706e+01,8.819869470806509071e+01,8.886627626864726515e-02,8.886627626864726515e-02,1.545123058686709849e-01
1.041000000000000085e+02,-2.171479124129146143e+01,8.807020812231525042e+01,1.237019078452537141e-01,1.237019078452537141e-01,1.790718417233261861e-01
1.041500000000000057e+02,-2.181719065812462333e+01,8.794466790819561197e+01,1.473230644724067562e-01,1.473230644724067562e-01,2.383350827170513386e-02
1.042000000000000028e+02,-2.192196728487259350e+01,8.781770883977078768e+01,1.066642508690750640e-01,1.066642508690750640e-01,1.495350951201273593e-01
1.042500000000000000e+02,-2.202468408871276040e+01,8.768856782346553302e+01,9.205607921454984910e-02,9.205607921454984910e-02,1.875292868134231794e-01
1.043000000000000114e+02,-2.212470881215648433e+01,8.756201587387462837e+01,8.082824782614818349e-02,8.082824782614818349e-02,4.433019960524801906e-02
1.043500000000000085e+02,-2.221954257861816728e+01,8.744074386308126634e+01,9.106901641876626041e-02,9.106901641876626041e-02,1.369317161131780591e-01
1.044000000000000057e+02,-2.231642082212018607e+01,8.731723120064123123e+01,1.176526673806416873e-01,1.176526673806416873e-01,2.149318261001900154e-01
1.044500000000000028e+02,-2.241582560990488560e+01,8.719335054534366236e+01,1.118791837438866260e-01,1.118791837438866260e-01,7.397788531940446832e-02
1.045000000000000000e+02,-2.251563394980405164e+01,8.706856418175009082e+01,1.822847829980777934e-01,1.822847829980777934e-01,1.240533754832520985e-01
1.045500000000000114e+02,-2.261854683484876105e+01,8.694689642099723415e+01,2.137768506697543813e-01,2.137768506697543813e-01,2.400417846000877653e-01
1.046000000000000085e+02,-2.272539400722544300e+01,8.682341232433363132e+01,2.030630910352616836e-01,2.030630910352616836e-01,1.068977965087654775e-01
1.046500000000000057e+02,-2.283005392235427777e+01,8.670118380751475229e+01,2.338153007063216993e-01,2.338153007063216993e-01,1.339012440715317831e-01
1.047000000000000028e+02,-2.293519721309724702e+01,8.658103240815241008e+01,2.903465300739261901e-01,2.903465300739261901e-01,2.672181679481462346e-01
1.047500000000000000e+02,-2.304111803109467616e+01,8.646563662438988729e+01,2.412017108723867043e-01,2.412017108723867043e-01,1.537449647149609078e-01
1.048000000000000114e+02,-2.314411437123973414e+01,8.634766218077832889e+01,2.079103259045441687e-01,2.079103259045441687e-01,1.545724982081682630e-01
1.048500000000000085e+02,-2.324470008183222447e+01,8.622851652147643620e+01,2.220336117872273030e-01,2.220336117872273030e-01,2.686802736421353699e-01
1.049000000000000057e+02,-2.334414417849205492e+01,8.611202726616572534e+01,2.648926737066005233e-01,2.648926737066005233e-01,2.008034563681450058e-01
1.049500000000000028e+02,-2.344565594930063313e+01,8.599863752945240947e+01,2.989875561225719403e-01,2.989875561225719403e-01,1.776006495861895962e-01
1.050000000000000000e+02,-2.354771109405879770e+01,8.588746586811681993e+01,2.748711646310700862e-01,2.748711646310700862e-01,2.630997659960682133e-01
1.050500000000000114e+02,-2.364839427798962035e+01,8.577409512649182943e+01,2.816825578029905630e-01,2.816825578029905630e-01,2.634610160038495796e-01
1.051000000000000085e+02,-2.375247816527993194e+01,8.565674304320300791e+01,2.501772940753096419e-01,2.501772940753096419e-01,2.196229037157987063e-01
1.051500000000000057e+02,-2.385551895916350418e+01,8.553579318804665377e+01,2.447904045844065957e-01,2.447904045844065957e-01,2.748854315375569013e-01
1.052000000000000028e+02,-2.395961907838610827e+01,8.541350449665507938e+01,2.409795129907839339e-01,2.409795129907839339e-01,3.061569490986466024e-01
1.052500000000000000e+02,-2.406515081540536372e+01,8.528935385060633223e+01,2.419136838350462171e-01,2.419136838350462171e-01,2.547501722342622732e-01
1.053000000000000114e+02,-2.416878505013264089e+01,8.516750911502988686e+01,2.586638720682024606e-01,2.586638720682024606e-01,2.970957615011988184e-01
1.053500000000000085e+02,-2.427090790286427335e+01,8.504668754261338393e+01,2.101865880277577203e-01,2.101865880277577203e-01,3.430034445377265762e-01
1.054000000000000057e+02,-2.437134573443809415e+01,8.492399597745119877e+01,1.515826991903980181e-01,1.515826991903980181e-01,2.873402324371449601e-01
1.054500000000000028e+02,-2.447104505928880158e+01,8.479614091378361707e+01,1.375953191779866192e-01,1.375953191779866192e-01,3.106270565101333925e-01
1.055000000000000000e+02,-2.457030913322132193e+01,8.466654639913460301e+01,4.054351311458171542e-02,4.054351311458171542e-02,3.636874467326808857e-01
1.055500000000000114e+02,-2.466609520146672452e+01,8.453146076543580989e+01,1.240074544132039325e-01,1.240074544132039325e-01,2.930685591403944246e-01
1.056000000000000085e+02,-2.476459965294125709e+01,8.440195881837129832e+01,1.406227549790066422e-01,1.406227549790066422e-01,3.112547496029321459e-01
1.056500000000000057e+02,-2.486102159977133752e+01,8.427562270318439630e+01,1.104417264184077568e-01,1.104417264184077568e-01,3.715877929123447831e-01
1.057000000000000028e+02,-2.495942739337589344e+01,8.414490612525952429e+01,9.619798837730654528e-02,9.619798837730654528e-02,3.023908097355495483e-01
1.057500000000000000e+02,-2.505643906755918238e+01,8.401414761931521014e+01,1.224118575705159667e-01,1.224118575705159667e-01,3.122585652971018311e-01
1.058000000000000114e+02,-2.515192055270062355e+01,8.388704029775666982e+01,3.716029427252112716e-02,3.716029427252112716e-02,3.819034098230736363e-01
1.058500000000000085e+02,-2.524506922364684058e+01,8.375534855618519714e+01,1.906371798320441674e-03,1.906371798320441674e-03,3.048531825886142133e-01
1.059000000000000057e+02,-2.533955350134442597e+01,8.361740086588699228e+01,-3.113110337472232633e-02,-3.113110337472232633e-02,3.025517631300336241e-01
1.059500000000000028e+02,-2.543258903445192587e+01,8.347791298266307081e+01,9.011411929600053605e-03,9.011411929600053605e-03,3.699602251671136321e-01
1.060000000000000000e+02,-2.552904675194296047e+01,8.333912729257480123e+01,7.527058715732283523e-02,7.527058715732283523e-02,2.858219100185095396e-01
1.060500000000000114e+02,-2.562847302529638327e+01,8.320277818061508412e+01,1.012905072157433417e-01,1.012905072157433417e-01,2.927661017377279906e-01
1.061000000000000085e+02,-2.572600271394203375e+01,8.307209038966840353e+01,1.377284974181183508e-01,1.377284974181183508e-01,3.643099431102891361e-01
1.061500000000000057e+02,-2.582554237892494342e+01,8.294360230478342544e+01,1.297454675844871841e-01,1.297454675844871841e-01,2.907498725982540777e-01
1.062000000000000028e+02,-2.592625301509877644e+01,8.281154840645072568e+01,4.114704967912185402e-02,4.114704967912185402e-02,2.985999510613505659e-01
1.062500000000000000e+02,-2.602198575656817070e+01,8.267632730885375736e+01,-2.994614322507114373e-02,-2.994614322507114373e-02,3.690402929955859945e-01
1.063000000000000114e+02,-2.611335390199274542e+01,8.253985721872527392e+01,-6.661493632671958154e-02,-6.661493632671958154e-02,2.838470094868420501e-01
1.063500000000000085e+02,-2.620288774516631491e+01,8.240199449361851691e+01,-6.531188652742359046e-02,-6.531188652742359046e-02,2.787047540501171872e-01
1.064000000000000057e+02,-2.629461319089770299e+01,8.226153724766528796e+01,-4.842869365545821730e-02,-4.842869365545821730e-02,3.503613166899537390e-01
1.064500000000000028e+02,-2.638759486859459358e+01,8.212158381020562103e+01,-1.165251258759771869e-01,-1.165251258759771869e-01,2.571931176673954433e-01
1.065000000000000000e+02,-2.647701790901761143e+01,8.197939427694203118e+01,-1.269628223261872746e-01,-1.269628223261872746e-01,2.529170686175821747e-01
1.065500000000000114e+02,-2.656659495507241786e+01,8.183642062592254263e+01,-1.445983976035749852e-01,-1.445983976035749852e-01,3.223833842098992042e-01
1.066000000000000085e+02,-2.665665722458692244e+01,8.169070858527470591e+01,-1.134871561843226323e-01,-1.134871561843226323e-01,2.174289644413731071e-01
1.066500000000000057e+02,-2.675067037258923719e+01,8.154379123413754371e+01,-5.326912545950780037e-02,-5.326912545950780037e-02,2.258199842167658011e-01
1.067000000000000028e+02,-2.684503912494301403e+01,8.140332215695148932e+01,-1.115786045028164114e-01,-1.115786045028164114e-01,2.880662149730498500e-01
1.067500000000000000e+02,-2.693570059866980060e+01,8.126178525829772070e+01,-1.091246721099628225e-01,-1.091246721099628225e-01,1.852721452843054672e-01
1.068000000000000114e+02,-2.703011486621192105e+01,8.111574945006394444e+01,-1.094231630347317213e-01,-1.094231630347317213e-01,2.090771984913331327e-01
1.068500000000000085e+02,-2.712232247348051217e+01,8.097299955974702357e+01,-1.833969859705783523e-01,-1.833969859705783523e-01,2.571132279675110155e-01
1.069000000000000057e+02,-2.720935107651819962e+01,8.082962653615939530e+01,-2.064527054032084252e-01,-2.064527054032084252e-01,1.473448031189188989e-01
1.069500000000000028e+02,-2.729575721086443352e+01,8.068545767983246719e+01,-2.286178063239714675e-01,-2.286178063239714675e-01,1.827473970969967776e-01
1.070000000000000000e+02,-2.737883388653657235e+01,8.054390758247382109e+01,-1.899031334203442334e-01,-1.899031334203442334e-01,2.303490247489667908e-01
1.070500000000000114e+02,-2.746447968770885240e+01,8.040297344706208094e+01,-1.543294454917905345e-01,-1.543294454917905345e-01,1.028285060203074641e-01
1.071000000000000085e+02,-2.755328238987062761e+01,8.026251559209759989e+01,-1.001112375836180207e-01,-1.001112375836180207e-01,1.527255415592218002e-01
1.071500000000000057e+02,-2.764631927441512005e+01,8.012276116584780539e+01,-9.941901090142717112e-02,-9.941901090142717112e-02,2.154003135376802158e-01
1.072000000000000028e+02,-2.773662151694935574e+01,7.998652344193368435e+01,-5.500622195396722564e-02,-5.500622195396722564e-02,7.796984793122413437e-02
1.072500000000000000e+02,-2.783065605251307417e+01,7.985054204139107981e+01,2.125570143784508495e-02,2.125570143784508495e-02,1.417217323106864935e-01
1.073000000000000114e+02,-2.792862087406770755e+01,7.971755304073445814e+01,-1.666250464106200369e-02,-1.666250464106200369e-02,2.143738879017737797e-01
1.073500000000000085e+02,-2.802581940835285579e+01,7.958158136299131513e+01,3.150579768017736093e-02,3.150579768017736093e-02,7.159186905231548770e-02
1.074000000000000057e+02,-2.812574064668190843e+01,7.944712651064590148e+01,9.126243463342706419e-02,9.126243463342706419e-02,1.436643868068592234e-01
1.074500000000000028e+02,-2.823040911422476640e+01,7.931283911445626700e+01,6.344696052481077486e-02,6.344696052481077486e-02,2.078726528648629501e-01
1.075000000000000000e+02,-2.833427151735240912e+01,7.917673825993995251e+01,7.789424679045951760e-02,7.789424679045951760e-02,7.399183456273006332e-02
1.075500000000000114e+02,-2.843897207729062160e+01,7.904080120232784168e+01,3.193520396781870246e-02,3.193520396781870246e-02,1.630298080514242798e-01
1.076000000000000085e+02,-2.854223920425686245e+01,7.890144520000018247e+01,6.773600024357888383e-02,6.773600024357888383e-02,1.924675678979333726e-01
1.076500000000000057e+02,-2.864709919562261931e+01,7.876412821812080267e+01,1.827960930978120568e-01,1.827960930978120568e-01,7.693148319740689134e-02
1.077000000000000028e+02,-2.875895166876172127e+01,7.862928534536992231e+01,1.821674393024914629e-01,1.821674393024914629e-01,1.908045226257850391e-01
1.077500000000000000e+02,-2.886720915379240537e+01,7.849926896934502452e+01,2.465493964435215846e-01,2.465493964435215846e-01,1.856460290276631397e-01
1.078000000000000114e+02,-2.898167135264335670e+01,7.836773890106772456e+01,3.050324972084590414e-01,3.050324972084590414e-01,1.123976568899909823e-01
1.078500000000000085e+02,-2.909768413307524071e+01,7.823971846394047702e+01,3.066297379220270791e-01,3.066297379220270791e-01,2.274507230232973853e-01
1.079000000000000057e+02,-2.921168519054764445e+01,7.811397394618799694e+01,2.351073327809782565e-01,2.351073327809782565e-01,2.029057562398457470e-01
1.079500000000000028e+02,-2.932346321208207485e+01,7.798366847589939255e+01,1.747694113675260508e-01,1.747694113675260508e-01,1.618842152765784803e-01
1.080000000000000000e+02,-2.943385150373532255e+01,7.784708791731374333e+01,1.629254446164822290e-01,1.629254446164822290e-01,2.650950258251431602e-01
1.080500000000000114e+02,-2.954280182669485910e+01,7.771059989478760599e+01,1.618677339331609510e-01,1.618677339331609510e-01,2.092716188777450637e-01
1.081000000000000085e+02,-2.965197794697100520e+01,7.757430263894603684e+01,1.182979635922044720e-01,1.182979635922044720e-01,1.900197971823982257e-01
1.081500000000000057e+02,-2.975900270509442791e+01,7.743548926871052629e+01,1.369032433534900506e-01,1.369032433534900506e-01,2.975910441355407721e-01
1.082000000000000028e+02,-2.986485354902722378e+01,7.730013176560056820e+01,1.167281927829919436e-01,1.167281927829919436e-01,2.110628190778431890e-01
1.082500000000000000e+02,-2.996944714608971339e+01,7.716495090702581194e+01,8.658997097703884094e-02,8.658997097703884094e-02,2.094676162989559109e-01
1.083000000000000114e+02,-3.007389214494401841e+01,7.702590163592728345e+01,2.290668027760890679e-02,2.290668027760890679e-02,3.130209832760042499e-01
1.083500000000000085e+02,-3.017437865853133516e+01,7.688538759704218251e+01,1.143654097472132820e-02,1.143654097472132820e-02,2.062329878911385028e-01
1.084000000000000057e+02,-3.027465787144360831e+01,7.674375935351109490e+01,6.551536037236074632e-03,6.551536037236074632e-03,2.158872908805379298e-01
1.084500000000000028e+02,-3.037581003524897127e+01,7.660028623701342099e+01,5.399026739215581627e-02,5.399026739215581627e-02,2.881380927392793168e-01
1.085000000000000000e+02,-3.047877617752622115e+01,7.645905026664543414e+01,1.241562223281454137e-02,1.241562223281454137e-02,1.912317741980852082e-01
1.085500000000000114e+02,-3.057805661808946596e+01,7.631820722286829550e+01,4.899595218734631441e-02,4.899595218734631441e-02,2.226313100041607540e-01
1.086000000000000085e+02,-3.068039092071406415e+01,7.617695510513175350e+01,-1.008115694320890071e-02,-1.008115694320890071e-02,2.661101644761167950e-01
1.086500000000000057e+02,-3.077680178798771848e+01,7.603630676848088399e+01,-2.433280676771483811e-02,-2.433280676771483811e-02,1.771424265414083543e-01
1.087000000000000028e+02,-3.087377646319990632e+01,7.589327783807858907e+01,-4.979890083376366239e-02,-4.979890083376366239e-02,2.245807477488757642e-01
1.087500000000000000e+02,-3.096940519997032837e+01,7.574945237711170876e+01,-6.858793388850668860e-02,-6.858793388850668860e-02,2.384495394948407676e-01
1.088000000000000114e+02,-3.106172739853248288e+01,7.560838109743212954e+01,-8.613276241699181768e-02,-8.613276241699181768e-02,1.515211283639838757e-01
1.088500000000000085e+02,-3.115284406319378618e+01,7.546738253422796561e+01,-9.847473265477083015e-02,-9.847473265477083015e-02,2.130679312560277150e-01
1.089000000000000057e+02,-3.124272916860793359e+01,7.532712228009799560e+01,-3.846808310625020322e-02,-3.846808310625020322e-02,2.151352580061098030e-01
1.089500000000000028e+02,-3.133346983801283514e+01,7.519031040263986654e+01,-4.770301078383343968e-02,-4.770301078383343968e-02,1.226173666916661742e-01
1.090000000000000000e+02,-3.142468862823880471e+01,7.505197362427135488e+01,2.734728117046551082e-02,2.734728117046551082e-02,1.950579646620722862e-01
1.090500000000000114e+02,-3.152059054724776033e+01,7.491298296593897987e+01,1.199648249811491735e-01,1.199648249811491735e-01,2.016706512033847321e-01
1.091000000000000085e+02,-3.162073163535092490e+01,7.477592078012911259e+01,1.338846698515920863e-01,1.338846698515920863e-01,1.081887956675868095e-01
1.091500000000000057e+02,-3.172310082512502305e+01,7.463627650308427519e+01,2.281044958559485802e-01,2.281044958559485802e-01,2.039349566495383959e-01
1.092000000000000028e+02,-3.183150571627081149e+01,7.449719553617724443e+01,2.767292801116089662e-01,2.767292801116089662e-01,1.857730794819983655e-01
1.092500000000000000e+02,-3.194062666834534525e+01,7.435973412737162391e+01,3.379374936259953444e-01,3.379374936259953444e-01,1.223764011952623021e-01
1.093000000000000114e+02,-3.205205095427615447e+01,7.422466538166604266e+01,3.463383917216532604e-01,3.463383917216532604e-01,2.401069547749043465e-01
1.093500000000000085e+02,-3.216126529609295659e+01,7.409352560693281475e+01,4.004651275052190096e-01,4.004651275052190096e-01,1.863862580639367994e-01
1.094000000000000057e+02,-3.227139357270399955e+01,7.396485636730687929e+01,4.401287886144832351e-01,4.401287886144832351e-01,1.580746618125801195e-01
1.094500000000000028e+02,-3.238331483782998532e+01,7.383584652784674063e+01,4.722865904365150524e-01,4.722865904365150524e-01,2.712671482607923457e-01
1.095000000000000000e+02,-3.249540212443955056e+01,7.370983211151857972e+01,4.962495653737828971e-01,4.962495653737828971e-01,2.137440827198825721e-01
1.095500000000000114e+02,-3.260580000129586153e+01,7.358822566623187811e+01,4.876020352899889110e-01,4.876020352899889110e-01,2.037925875116099461e-01
1.096000000000000085e+02,-3.271455502162678641e+01,7.346619406639027261e+01,4.984957332049890777e-01,4.984957332049890777e-01,3.006430016955894402e-01
1.096500000000000057e+02,-3.282286127151630950e+01,7.334394056207094081e+01,5.208282682676493858e-01,5.208282682676493858e-01,2.584233191614526692e-01
1.097000000000000028e+02,-3.293239680472701281e+01,7.321786514472670149e+01,5.477018381829579230e-01,5.477018381829579230e-01,2.453002056707525858e-01
1.097500000000000000e+02,-3.304260483105326074e+01,7.308983295156842530e+01,5.983217015110143810e-01,5.983217015110143810e-01,3.314661481888477312e-01
1.098000000000000114e+02,-3.315336917954174112e+01,7.296656624999376106e+01,6.075400062859777073e-01,6.075400062859777073e-01,2.954361062259037718e-01
1.098500000000000085e+02,-3.326373432523921281e+01,7.284139055281900710e+01,5.671933747132491543e-01,5.671933747132491543e-01,2.888550088178487574e-01
1.099000000000000057e+02,-3.336983201888791939e+01,7.271745009052892783e+01,6.108724493953869850e-01,6.108724493953869850e-01,3.635741739481965773e-01
1.099500000000000028e+02,-3.347693291884351652e+01,7.259457943479010567e+01,5.620555723980400487e-01,5.620555723980400487e-01,3.346088387778285989e-01
1.100000000000000000e+02,-3.358035732645462446e+01,7.246825907202097028e+01,5.763596590261443886e-01,5.763596590261443886e-01,3.211687711187050653e-01
1.100500000000000114e+02,-3.368316635701506101e+01,7.234260175382472369e+01,5.292713590912381250e-01,5.292713590912381250e-01,3.836853041965693767e-01
1.101000000000000085e+02,-3.378256834510438011e+01,7.221371966934182751e+01,4.922966583886768110e-01,4.922966583886768110e-01,3.569658574512226679e-01
1.101500000000000057e+02,-3.387780701217427293e+01,7.208506267263656753e+01,5.273846407853062246e-01,5.273846407853062246e-01,3.323919282511852979e-01
1.102000000000000028e+02,-3.397452227588512841e+01,7.195454397020026249e+01,4.531901344288527533e-01,4.531901344288527533e-01,3.817557086711063086e-01
1.102500000000000000e+02,-3.406539438795626751e+01,7.182385662632407275e+01,5.316876040532211301e-01,5.316876040532211301e-01,3.600287800561250973e-01
1.103000000000000114e+02,-3.416037309139630906e+01,7.168868172453827015e+01,4.670628275541960917e-01,4.670628275541960917e-01,3.244215098938859621e-01
1.103500000000000085e+02,-3.425037687723138902e+01,7.155220377657001052e+01,4.470458612022277234e-01,4.470458612022277234e-01,3.629603796761133871e-01
1.104000000000000057e+02,-3.433901723369245218e+01,7.141149257447459320e+01,3.987523879586857278e-01,3.987523879586857278e-01,3.395122903237746681e-01
1.104500000000000028e+02,-3.442267973148427274e+01,7.126939180445674538e+01,4.219456631026300975e-01,4.219456631026300975e-01,2.870615235805585863e-01
1.105000000000000000e+02,-3.450711675124302502e+01,7.112591527910245759e+01,2.936221028168934377e-01,2.936221028168934377e-01,3.230718153590447783e-01
1.105500000000000114e+02,-3.458274378229009471e+01,7.098149384438127640e+01,2.890454369416203262e-01,2.890454369416203262e-01,2.916545621450620795e-01
1.106000000000000085e+02,-3.465668486123243497e+01,7.083230207926040123e+01,3.268702296743261626e-01,3.268702296743261626e-01,2.163153978233174624e-01
1.106500000000000057e+02,-3.473165555114144354e+01,7.067728817903912386e+01,2.803378430773150742e-01,2.803378430773150742e-01,2.546109356532268442e-01
1.107000000000000028e+02,-3.480345826899582562e+01,7.051966094857689882e+01,3.351531725790299898e-01,3.351531725790299898e-01,2.131436171127424339e-01
1.107500000000000000e+02,-3.487587981557152972e+01,7.036161299224627896e+01,3.377428336933359088e-01,3.377428336933359088e-01,1.152318323506716646e-01
1.108000000000000114e+02,-3.494676606477796810e+01,7.020828893696457840e+01,3.144252802048525530e-01,3.144252802048525530e-01,2.001752296861773195e-01
1.108500000000000085e+02,-3.501703563769660121e+01,7.005698475019488569e+01,4.042201481129301666e-01,4.042201481129301666e-01,1.571655468609644279e-01
1.109000000000000057e+02,-3.508865804763627949e+01,6.990225463811950135e+01,4.393874260500173490e-01,4.393874260500173490e-01,2.144938998531265018e-02
1.109500000000000028e+02,-3.516159553173161356e+01,6.974659677467798247e+01,4.392820253606011804e-01,4.392820253606011804e-01,1.868286900441214760e-01
1.110000000000000000e+02,-3.523322610198245997e+01,6.959295362802058094e+01,4.322778265245815210e-01,4.322778265245815210e-01,1.501867265949539121e-01
1.110500000000000114e+02,-3.530177610569722901e+01,6.943699022715935598e+01,3.980683975678669384e-01,3.980683975678669384e-01,8.441425509341478339e-02
1.111000000000000085e+02,-3.536891093168890166e+01,6.928307469070955449e+01,4.909740485012554778e-01,4.909740485012554778e-01,2.208877028344398974e-01
1.111500000000000057e+02,-3.543896169383823036e+01,6.912652891488266960e+01,5.832286554592741590e-01,5.832286554592741590e-01,1.884055166892471267e-01
1.112000000000000028e+02,-3.551168641202542631e+01,6.897075251632006143e+01,5.928106436427591497e-01,5.928106436427591497e-01,1.615401692467400008e-01
1.112500000000000000e+02,-3.558368225387031458e+01,6.881176900839312793e+01,5.778376425239466485e-01,5.778376425239466485e-01,2.786035720216914480e-01
1.113000000000000114e+02,-3.565348188438567689e+01,6.865093251843244104e+01,5.692179069905101141e-01,5.692179069905101141e-01,2.228135154389244699e-01
1.113500000000000085e+02,-3.571979247785350964e+01,6.848865719081148029e+01,5.924353744090494756e-01,5.924353744090494756e-01,2.328481452098454252e-01
1.114000000000000057e+02,-3.578434742327938523e+01,6.832176931758155547e+01,6.105128916194920707e-01,6.105128916194920707e-01,3.412836116849224388e-01
1.114500000000000028e+02,-3.584679473760525781e+01,6.815296774579954331e+01,7.028825015261467302e-01,7.028825015261467302e-01,2.746389769330753183e-01
1.115000000000000000e+02,-3.591279644961867490e+01,6.797844710071973395e+01,7.571555697680272257e-01,7.571555697680272257e-01,3.170653739667249060e-01
1.115500000000000114e+02,-3.598033950979138496e+01,6.780510058090028735e+01,8.857838173346213040e-01,8.857838173346213040e-01,3.504634685779217107e-01
1.116000000000000085e+02,-3.605236221766038085e+01,6.763390674579321171e+01,9.067447550489161623e-01,9.067447550489161623e-01,3.138562558776863409e-01
1.116500000000000057e+02,-3.612354549844380358e+01,6.746227464487839143e+01,8.902682044500417335e-01,8.902682044500417335e-01,3.792103633530700679e-01
1.117000000000000028e+02,-3.619132759354179285e+01,6.728742653683633534e+01,9.258006869224120194e-01,9.258006869224120194e-01,3.413230256758719716e-01
1.117500000000000000e+02,-3.625772582247330433e+01,6.711105857670840180e+01,9.591747396539983539e-01,9.591747396539983539e-01,3.478702414672890098e-01
1.118000000000000114e+02,-3.632414697543128312e+01,6.693579292141428994e+01,9.732429303541657584e-01,9.732429303541657584e-01,3.946189962206836932e-01
1.118500000000000085e+02,-3.638860880307694856e+01,6.676130727980805091e+01,9.401766520241661151e-01,9.401766520241661151e-01,3.405942396244154291e-01
1.119000000000000057e+02,-3.644908677411027753e+01,6.658661282842423645e+01,9.284037878714511693e-01,9.284037878714511693e-01,3.842998752362176695e-01
1.119500000000000028e+02,-3.650578100479335575e+01,6.640764444184414117e+01,9.997549563646959125e-01,9.997549563646959125e-01,3.707994180066651602e-01
1.120000000000000000e+02,-3.656419244137725144e+01,6.623126115549952431e+01,1.021139281641359142e+00,1.021139281641359142e+00,3.543096581553081825e-01
1.120500000000000114e+02,-3.662175606492995428e+01,6.605528426730407432e+01,9.880167270760488174e-01,9.880167270760488174e-01,4.206548925112545967e-01
1.121000000000000085e+02,-3.667448742049825228e+01,6.587893142871111252e+01,9.820967810599823267e-01,9.820967810599823267e-01,3.502034189907374251e-01
1.121500000000000057e+02,-3.672314285119675503e+01,6.569800107297174918e+01,1.090646200741626881e+00,1.090646200741626881e+00,3.749249991871440035e-01
1.122000000000000028e+02,-3.677333548062121338e+01,6.551268044287300540e+01,1.208097118930859803e+00,1.208097118930859803e+00,3.805925153422719531e-01
1.122500000000000000e+02,-3.682308756459502064e+01,6.531914944345962226e+01,1.286302963251951370e+00,1.286302963251951370e+00,3.486372872750841401e-01
1.123000000000000114e+02,-3.687173649480597248e+01,6.511944343461127005e+01,1.259456260212866274e+00,1.259456260212866274e+00,4.145908436511039907e-01
1.123500000000000085e+02,-3.691544092771516716e+01,6.491963432546462798e+01,1.310825662178921158e+00,1.310825662178921158e+00,3.423502275098730951e-01
1.124000000000000057e+02,-3.695548884419241631e+01,6.471341011654432407e+01,1.304429157240573733e+00,1.304429157240573733e+00,3.892471033289875981e-01
1.124500000000000028e+02,-3.699412329670829536e+01,6.450979859215145495e+01,1.339647369966503465e+00,1.339647369966503465e+00,3.508315935541755914e-01
1.125000000000000000e+02,-3.703210079046399983e+01,6.430717139201082944e+01,1.404039927885851080e+00,1.404039927885851080e+00,3.529945920165966644e-01
1.125500000000000114e+02,-3.706977851465892826e+01,6.410282024529492162e+01,1.282488717991172367e+00,1.282488717991172367e+00,3.621938907777308425e-01
1.126000000000000085e+02,-3.709766186471794924e+01,6.389892615901120365e+01,1.242933601729570015e+00,1.242933601729570015e+00,3.251557098548757962e-01
1.126500000000000057e+02,-3.711931172147709646e+01,6.369358753195844969e+01,1.352927456652721849e+00,1.352927456652721849e+00,3.974214103528903586e-01
1.127000000000000028e+02,-3.714229955442915809e+01,6.348311663550523321e+01,1.327859184065129705e+00,1.327859184065129705e+00,3.184999869453091215e-01
1.127500000000000000e+02,-3.716025280336232584e+01,6.327221472444020378e+01,1.299086617900412355e+00,1.299086617900412355e+00,3.711891656566116415e-01
1.128000000000000114e+02,-3.717148899722990762e+01,6.305883883651119959e+01,1.311013930058136268e+00,1.311013930058136268e+00,3.249269000811847996e-01
1.128500000000000085e+02,-3.717893345455750165e+01,6.284245193781307393e+01,1.351483363452448572e+00,1.351483363452448572e+00,3.468234500139200094e-01
1.129000000000000057e+02,-3.718174473312642903e+01,6.261942690309594184e+01,1.378594660380665360e+00,1.378594660380665360e+00,3.399252860201126270e-01
1.129500000000000028e+02,-3.718155922592365670e+01,6.239301575419626289e+01,1.370980963669724328e+00,1.370980963669724328e+00,3.359317720081492209e-01
1.130000000000000000e+02,-3.717877034297347194e+01,6.216831015007123540e+01,1.330885754611381699e+00,1.330885754611381699e+00,3.526778967586876035e-01
1.130500000000000114e+02,-3.717196262966047016e+01,6.194428545173812495e+01,1.443000925354505526e+00,1.443000925354505526e+00,3.234405545943172533e-01
1.131000000000000085e+02,-3.716425699440529939e+01,6.171221615988027764e+01,1.465470848691031280e+00,1.465470848691031280e+00,3.608734571175200023e-01
1.131500000000000057e+02,-3.715644902413793460e+01,6.147997778040839023e+01,1.516829159758567025e+00,1.516829159758567025e+00,3.050811914941801151e-01
1.132000000000000028e+02,-3.714855887374750409e+01,6.124788016136238866e+01,1.572595872618770985e+00,1.572595872618770985e+00,3.535397116287655739e-01
1.132500000000000000e+02,-3.714226228237882310e+01,6.101453976307513472e+01,1.525206243869525746e+00,1.525206243869525746e+00,2.687583858715790752e-01
1.133000000000000114e+02,-3.712900594405992649e+01,6.078173536637188334e+01,1.508037390854452431e+00,1.508037390854452431e+00,3.386986093773151629e-01
1.133500000000000085e+02,-3.711455404181782569e+01,6.054995820292182884e+01,1.554445455250438757e+00,1.554445455250438757e+00,2.295549634034035613e-01
1.134000000000000057e+02,-3.709694237597148714e+01,6.031577710208328114e+01,1.518303970503887212e+00,1.518303970503887212e+00,3.178670125043775996e-01
1.134500000000000028e+02,-3.707277624609329081e+01,6.008191155509513237e+01,1.584376597397668673e+00,1.584376597397668673e+00,1.881672106818125245e-01
1.135000000000000000e+02,-3.705023171027985285e+01,5.984569178002661971e+01,1.504460799772373791e+00,1.504460799772373791e+00,2.734257806136963231e-01
1.135500000000000114e+02,-3.701991341999028151e+01,5.960857321450130542e+01,1.380202143492518241e+00,1.380202143492518241e+00,1.413729346129889708e-01
1.136000000000000085e+02,-3.698068847268572767e+01,5.937291571540697532e+01,1.424562163495153966e+00,1.424562163495153966e+00,2.368009316710812662e-01
1.136500000000000057e+02,-3.693538157797623001e+01,5.913234641891579457e+01,1.353481242155696096e+00,1.353481242155696096e+00,1.083307370004889525e-01
1.137000000000000028e+02,-3.688781120237781153e+01,5.889538097048870924e+01,1.314564154157982001e+00,1.314564154157982001e+00,2.116423927961077200e-01
1.137500000000000000e+02,-3.683309654104534303e+01,5.865855757861321251e+01,1.337426305989829700e+00,1.337426305989829700e+00,8.149375335657627062e-02
1.138000000000000114e+02,-3.677672289796905147e+01,5.841902728770534736e+01,1.363639238650020680e+00,1.363639238650020680e+00,1.927552592251371988e-01
1.138500000000000085e+02,-3.671766488030092290e+01,5.817896421148804365e+01,1.349738636023571248e+00,1.349738636023571248e+00,6.247093489488889789e-02
1.139000000000000057e+02,-3.665780780420462293e+01,5.793612301185304858e+01,1.297246803060148501e+00,1.297246803060148501e+00,1.878035288199394748e-01
1.139500000000000028e+02,-3.659303980902764408e+01,5.769652157336181375e+01,1.245721055993746385e+00,1.245721055993746385e+00,8.142976067220818182e-02
1.140000000000000000e+02,-3.652381554599379143e+01,5.745712400584719859e+01,1.258681384370065492e+00,1.258681384370065492e+00,1.980220972168378890e-01
1.140500000000000114e+02,-3.644767564708395469e+01,5.721447983516839741e+01,1.242668961305198883e+00,1.242668961305198883e+00,1.274482406474294061e-01
1.141000000000000085e+02,-3.636874743044654679e+01,5.697080013442081992e+01,1.257399929058201860e+00,1.257399929058201860e+00,2.345847847675996134e-01
1.141500000000000057e+02,-3.628802227430840333e+01,5.672464846170220198e+01,1.170884707648099043e+00,1.170884707648099043e+00,1.891838624098416410e-01
1.142000000000000028e+02,-3.620147104017151918e+01,5.648020535076231852e+01,1.175505642825055874e+00,1.175505642825055874e+00,2.917779731797841558e-01
1.142500000000000000e+02,-3.611244541932173746e+01,5.623998899943798335e+01,1.188363978819737321e+00,1.188363978819737321e+00,2.603645824523246888e-01
1.143000000000000114e+02,-3.602433259098648932e+01,5.599943904347481549e+01,1.162362049764825045e+00,1.162362049764825045e+00,3.558800364823893614e-01
1.143500000000000085e+02,-3.593564856180977785e+01,5.576354201833177626e+01,1.116768940131381393e+00,1.116768940131381393e+00,3.500429243088380438e-01
1.144000000000000057e+02,-3.584440167666893018e+01,5.552866979495217237e+01,1.093765356818505285e+00,1.093765356818505285e+00,4.308878522823591517e-01
1.144500000000000028e+02,-3.575110142777302258e+01,5.529693686240568695e+01,1.021616994302767312e+00,1.021616994302767312e+00,4.492507363184707891e-01
1.145000000000000000e+02,-3.565340216319570033e+01,5.506672139516380327e+01,9.917364046190992877e-01,9.917364046190992877e-01,5.143235441982734191e-01
1.145500000000000114e+02,-3.555243071739258198e+01,5.483902857079795012e+01,9.173621698259589730e-01,9.173621698259589730e-01,5.518341807808566646e-01
1.146000000000000085e+02,-3.544732266704128421e+01,5.461323129388809150e+01,9.621132708671418232e-01,9.621132708671418232e-01,6.031869632683212190e-01
1.146500000000000057e+02,-3.534333355378937114e+01,5.439092462833441033e+01,8.671915254092744663e-01,8.671915254092744663e-01,6.502822583234884046e-01
1.147000000000000028e+02,-3.523380699896338086e+01,5.417070486221027181e+01,8.774016277048605206e-01,8.774016277048605206e-01,6.906618031375409972e-01
1.147500000000000000e+02,-3.512250068244262025e+01,5.395084634318592975e+01,8.850679582171103732e-01,8.850679582171103732e-01,7.347891371850449049e-01
1.148000000000000114e+02,-3.501156826454865723e+01,5.372998241790254070e+01,7.951057289129810357e-01,7.951057289129810357e-01,7.717514741292433866e-01
1.148500000000000085e+02,-3.489289028402391324e+01,5.350911101575331941e+01,7.635493999457165781e-01,7.635493999457165781e-01,8.122178284355717759e-01
1.149000000000000057e+02,-3.477337063577781606e+01,5.328933740646205308e+01,8.052750181109787908e-01,8.052750181109787908e-01,8.417447973038149067e-01
1.149500000000000028e+02,-3.465193424152079871e+01,5.306706961413986789e+01,7.690992127354440155e-01,7.690992127354440155e-01,8.798421906456334041e-01
1.150000000000000000e+02,-3.452700351684485014e+01,5.284402475716474612e+01,7.294885378984798940e-01,7.294885378984798940e-01,9.091294576053056131e-01
1.150500000000000114e+02,-3.439980092767442699e+01,5.262452405061180372e+01,6.415166596567399848e-01,6.415166596567399848e-01,9.381292468354247571e-01
1.151000000000000085e+02,-3.426983367922160539e+01,5.240895588274533168e+01,6.486148432891695181e-01,6.486148432891695181e-01,9.616278602212049442e-01
1.151500000000000057e+02,-3.413647972011067822e+01,5.219195383259153687e+01,6.320717551950999491e-01,6.320717551950999491e-01,9.821210940330284966e-01
1.152000000000000028e+02,-3.400327706361282765e+01,5.197553614597487837e+01,6.473630078212870842e-01,6.473630078212870842e-01,1.006245119797949616e+00
1.152500000000000000e+02,-3.387099133470175616e+01,5.176066854594083111e+01,5.781312144570818212e-01,5.781312144570818212e-01,1.023810223606282710e+00
1.153000000000000114e+02,-3.373293500675791989e+01,5.154556531200557146e+01,5.199503120071982121e-01,5.199503120071982121e-01,1.045779518201838565e+00
1.153500000000000085e+02,-3.359351098528041035e+01,5.133587196078259751e+01,4.449754041485657341e-01,4.449754041485657341e-01,1.052071698318633119e+00
1.154000000000000057e+02,-3.345013685789566438e+01,5.112797485048962187e+01,4.098499611378724206e-01,4.098499611378724206e-01,1.067783951325510294e+00
1.154500000000000028e+02,-3.330272168376562547e+01,5.092079336304009018e+01,3.057396862886663791e-01,3.057396862886663791e-01,1.064084268123800747e+00
1.155000000000000000e+02,-3.314978513795132642e+01,5.071633941881358965e+01,3.489433195878823835e-01,3.489433195878823835e-01,1.073263837362965045e+00
1.155500000000000114e+02,-3.300189186736574243e+01,5.051408600877983446e+01,3.560866991732486997e-01,3.560866991732486997e-01,1.063275113079667822e+00
1.156000000000000085e+02,-3.285175393888504658e+01,5.030797465081274567e+01,3.234451015421400677e-01,3.234451015421400677e-01,1.078156533832574482e+00
1.156500000000000057e+02,-3.269750458796648473e+01,5.010191134396264800e+01,3.519932492983069428e-01,3.519932492983069428e-01,1.062605312655789058e+00
1.157000000000000028e+02,-3.254374140964551998e+01,4.989053027088413472e+01,3.531616334085775355e-01,3.531616334085775355e-01,1.082992354751389774e+00
1.157500000000000000e+02,-3.238906951807130241e+01,4.967938658103951610e+01,3.035921997657441973e-01,3.035921997657441973e-01,1.064784652266599130e+00
1.158000000000000114e+02,-3.223182613831679078e+01,4.946910980046830275e+01,3.279348953551431411e-01,3.279348953551431411e-01,1.088744625067066041e+00
1.158500000000000085e+02,-3.207379153034236197e+01,4.925699691553118242e+01,2.972548662695878030e-01,2.972548662695878030e-01,1.062132526967520585e+00
1.159000000000000057e+02,-3.191576696000270985e+01,4.904657979681888946e+01,3.392360213191383811e-01,3.392360213191383811e-01,1.084310388405044234e+00
1.159500000000000028e+02,-3.176142250621149188e+01,4.883499997119049141e+01,3.426986753403801211e-01,3.426986753403801211e-01,1.062479028334347486e+00
1.160000000000000000e+02,-3.160627501778993320e+01,4.862351140508734204e+01,2.483469760584322283e-01,2.483469760584322283e-01,1.081286490599827621e+00
1.160500000000000114e+02,-3.144853094242759894e+01,4.841704206429979962e+01,2.646324207499422543e-01,2.646324207499422543e-01,1.060677001384508156e+00
1.161000000000000085e+02,-3.129089704458085208e+01,4.821009085327045796e+01,3.177905129837060305e-01,3.177905129837060305e-01,1.069388989622704900e+00
1.161500000000000057e+02,-3.113359479345252012e+01,4.799762731726242748e+01,2.738528513763179850e-01,2.738528513763179850e-01,1.058995766146786588e+00
1.162000000000000028e+02,-3.097238248021385587e+01,4.778625050906696714e+01,2.306749026177280226e-01,2.306749026177280226e-01,1.060248644187901768e+00
1.162500000000000000e+02,-3.080863942042566350e+01,4.757515604635143092e+01,1.919305943135175274e-01,1.919305943135175274e-01,1.052939501902390385e+00
1.163000000000000114e+02,-3.064202157516198000e+01,4.736362338832640262e+01,1.695799949459392275e-01,1.695799949459392275e-01,1.041433430510593450e+00
1.163500000000000085e+02,-3.047299287186215366e+01,4.715062947693143514e+01,1.644049712729586665e-01,1.644049712729586665e-01,1.042339503432343939e+00
1.164000000000000057e+02,-3.030025938847976974e+01,4.693475747251795127e+01,1.171247088606865855e-01,1.171247088606865855e-01,1.018094790127423321e+00
1.164500000000000028e+02,-3.012525878709505633e+01,4.671978565116990012e+01,8.222208120837040668e-02,8.222208120837040668e-02,1.030829255635065778e+00
1.165000000000000000e+02,-2.994772374923752523e+01,4.650429682552125854e+01,1.033974035303134309e-01,1.033974035303134309e-01,9.897968441813952412e-01
1.165500000000000114e+02,-2.977178738038105266e+01,4.628756399006427102e+01,1.015262689812644475e-01,1.015262689812644475e-01,9.973460292287238405e-01
1.166000000000000085e+02,-2.959634278270578989e+01,4.607062936293246480e+01,1.388920038927219103e-01,1.388920038927219103e-01,9.682433380859852834e-01
1.166500000000000057e+02,-2.942320466075990026e+01,4.585305793991827272e+01,2.081144213339880533e-01,2.081144213339880533e-01,9.651935108240849992e-01
1.167000000000000028e+02,-2.925473748391760154e+01,4.563461674375429311e+01,1.605672749023762669e-01,1.605672749023762669e-01,9.595402305967258849e-01
1.167500000000000000e+02,-2.908645646127218498e+01,4.542152614771156749e+01,6.374503856987595585e-02,6.374503856987595585e-02,9.450314330458720047e-01
1.168000000000000114e+02,-2.891368354386856510e+01,4.521180410437502672e+01,3.967318345429027282e-02,3.967318345429027282e-02,9.451589111126907916e-01
1.168500000000000085e+02,-2.873867587026094483e+01,4.500206576967378425e+01,8.926905692217088073e-02,8.926905692217088073e-02,9.116626524913882257e-01
1.169000000000000057e+02,-2.856801157118115242e+01,4.479149473438413764e+01,1.236538062666082682e-01,1.236538062666082682e-01,9.286951100463924913e-01
1.169500000000000028e+02,-2.839826820083609960e+01,4.457904749515471821e+01,8.995937349636928815e-02,8.995937349636928815e-02,8.888119361543718178e-01
1.170000000000000000e+02,-2.822595824988541224e+01,4.436601016053335655e+01,1.476075819388376897e-01,1.476075819388376897e-01,9.020117547013346559e-01
1.170500000000000114e+02,-2.805558581293515275e+01,4.414870290363351302e+01,7.888277521660035096e-02,7.888277521660035096e-02,8.715473219965886864e-01
1.171000000000000085e+02,-2.788138311074235887e+01,4.393411017871673607e+01,5.671456040400221082e-02,5.671456040400221082e-02,8.704794833577158553e-01
1.171500000000000057e+02,-2.770717883216893540e+01,4.372076386071147880e+01,3.974436589226800626e-02,3.974436589226800626e-02,8.521079715200383653e-01
1.172000000000000028e+02,-2.753314251726257211e+01,4.350946623016152159e+01,3.022877931144742070e-02,3.022877931144742070e-02,8.353422153756442370e-01
1.172500000000000000e+02,-2.735813772913462572e+01,4.329706186609079310e+01,8.527188553979891950e-02,8.527188553979891950e-02,8.331808318005055058e-01
1.173000000000000114e+02,-2.718470368293129624e+01,4.308135711511564381e+01,5.411493817188035155e-02,5.411493817188035155e-02,8.048932507631570976e-01
1.173500000000000085e+02,-2.701210876237897196e+01,4.286878470686106368e+01,9.888107822438270411e-02,9.888107822438270411e-02,8.237414450082516382e-01
1.174000000000000057e+02,-2.684414935326564233e+01,4.265748932478459210e+01,9.099645973621388328e-02,9.099645973621388328e-02,7.819117418173203715e-01
1.174500000000000028e+02,-2.667486175360027900e+01,4.244461439041619855e+01,1.459621522984062558e-01,1.459621522984062558e-01,8.030257949586857569e-01
1.175000000000000000e+02,-2.650964718324822300e+01,4.223018793424189710e+01,1.518497283803809661e-01,1.518497283803809661e-01,7.687481878128265000e-01
1.175500000000000114e+02,-2.634585164699592141e+01,4.201734070304445368e+01,1.333906341479197677e-01,1.333906341479197677e-01,7.819218565689574074e-01
1.176000000000000085e+02,-2.618051770087923558e+01,4.180382309968312882e+01,1.396754111324184644e-01,1.396754111324184644e-01,7.618410997623266123e-01
1.176500000000000057e+02,-2.601342331048161327e+01,4.158821829476236331e+01,9.696885633891658141e-02,9.696885633891658141e-02,7.607010442292465591e-01
1.177000000000000028e+02,-2.584601966611641188e+01,4.137568177048100182e+01,1.098680722105281615e-01,1.098680722105281615e-01,7.551770685196795840e-01
1.177500000000000000e+02,-2.567926833934635056e+01,4.116302081666967183e+01,1.457254173903811678e-01,1.457254173903811678e-01,7.386615674159706657e-01
1.178000000000000114e+02,-2.551589439674108206e+01,4.094994032545243812e+01,1.456025915809113780e-01,1.456025915809113780e-01,7.526924299074942981e-01
1.178500000000000085e+02,-2.535098572413388851e+01,4.073569093565147625e+01,7.074096030320567441e-02,7.074096030320567441e-02,7.252469839325764722e-01
1.179000000000000057e+02,-2.518195378193914280e+01,4.052328156511362778e+01,4.203443162240168979e-02,4.203443162240168979e-02,7.514393958678908803e-01
1.179500000000000028e+02,-2.501251759328512136e+01,4.031347227037007741e+01,-4.003650435036140709e-02,-4.003650435036140709e-02,7.031787576359611602e-01
1.180000000000000000e+02,-2.483964703828774034e+01,4.010702176075911751e+01,4.068864131314010716e-04,4.068864131314010716e-04,7.211772345435113474e-01
1.180500000000000114e+02,-2.466931173429536983e+01,3.989872132201347910e+01,1.791225414762677784e-02,1.791225414762677784e-02,6.756319324335192666e-01
1.181000000000000085e+02,-2.449883386935703911e+01,3.968848247846187860e+01,-1.072110973167124566e-02,-1.072110973167124566e-02,6.846845884192760412e-01
1.181500000000000057e+02,-2.432307496257151058e+01,3.947328134949195544e+01,2.057509224085131774e-02,2.057509224085131774e-02,6.564272659250666164e-01
1.182000000000000028e+02,-2.414679873473446747e+01,3.925423880665173471e+01,2.151228128573401399e-02,2.151228128573401399e-02,6.467886270668575799e-01
1.182500000000000000e+02,-2.397342115912098848e+01,3.903871840569362917e+01,2.255198104609302395e-02,2.255198104609302395e-02,6.469307213030015546e-01
1.183000000000000114e+02,-2.380036297033517911e+01,3.882357100719193710e+01,5.433992088058497462e-03,5.433992088058497462e-03,6.170069320978436300e-01
1.183500000000000085e+02,-2.362606313769883570e+01,3.860721950965391613e+01,-2.955516920745366108e-02,-2.955516920745366108e-02,6.428232169677222663e-01
1.184000000000000057e+02,-2.345022522707294499e+01,3.839253368615278816e+01,-2.647119963936369127e-02,-2.647119963936369127e-02,5.893731102926283993e-01
1.184500000000000028e+02,-2.327443624054996718e+01,3.817692172517101312e+01,-5.851581919353199268e-02,-5.851581919353199268e-02,6.141990573914689611e-01
1.185000000000000000e+02,-2.309817053059905589e+01,3.796388177967361344e+01,-5.199919332214114620e-02,-5.199919332214114620e-02,5.647840229403917611e-01
1.185500000000000114e+02,-2.292244005653332550e+01,3.775062563579550101e+01,-3.574337088749662134e-02,-3.574337088749662134e-02,5.684494753464429673e-01
1.186000000000000085e+02,-2.275036857575182125e+01,3.753968522344786862e+01,-3.888098034494141125e-02,-3.888098034494141125e-02,5.463358417323382898e-01
1.186500000000000057e+02,-2.258006650585705088e+01,3.733116886543961499e+01,-9.142897629075008581e-02,-9.142897629075008581e-02,5.323599570544288451e-01
1.187000000000000028e+02,-2.240847554651618978e+01,3.712596214510619319e+01,-8.400268007144630344e-02,-8.400268007144630344e-02,5.288353511522931871e-01
1.187500000000000000e+02,-2.223589693286528401e+01,3.691830490737405057e+01,-1.950720183151996856e-01,-1.950720183151996856e-01,4.944447848410777335e-01
1.188000000000000114e+02,-2.205727042235350410e+01,3.671385575660020351e+01,-1.818469566274229510e-01,-1.818469566274229510e-01,5.094841603284532283e-01
1.188500000000000085e+02,-2.187889186871212743e+01,3.650750320479409794e+01,-1.843358905725663299e-01,-1.843358905725663299e-01,4.474319477903627718e-01
1.189000000000000057e+02,-2.170364935649282501e+01,3.630513308299370578e+01,-1.878055919091024539e-01,-1.878055919091024539e-01,4.922468910698895583e-01
1.189500000000000028e+02,-2.152935859040465871e+01,3.610346191501100321e+01,-2.240229559755754496e-01,-2.240229559755754496e-01,4.065226063323322259e-01
1.190000000000000000e+02,-2.135316977877137390e+01,3.590241655632018336e+01,-2.327863898789676034e-01,-2.327863898789676034e-01,4.387209650415088147e-01
1.190500000000000114e+02,-2.117598620878261428e+01,3.570080835329898861e+01,-2.824873554021403166e-01,-2.824873554021403166e-01,3.657315963946953796e-01
1.191000000000000085e+02,-2.099735890631985669e+01,3.550169251072542664e+01,-2.888831778972873465e-01,-2.888831778972873465e-01,3.783604414541781868e-01
1.191500000000000057e+02,-2.081953046478287206e+01,3.530321611473203092e+01,-2.844153148817124555e-01,-2.844153148817124555e-01,3.246390238517503080e-01
1.192000000000000028e+02,-2.064318823006764703e+01,3.510515500319130666e+01,-3.338455146479348268e-01,-3.338455146479348268e-01,3.192278341662418972e-01
1.192500000000000000e+02,-2.046388467817430623e+01,3.490778169467638037e+01,-3.204552711779592999e-01,-3.204552711779592999e-01,2.895296656859459028e-01
1.193000000000000114e+02,-2.028623352537748303e+01,3.470990405410271507e+01,-2.679084032042089447e-01,-2.679084032042089447e-01,2.573932610247617325e-01
1.193500000000000085e+02,-2.011213513681959952e+01,3.451096358028029698e+01,-3.486233948420316420e-01,-3.486233948420316420e-01,2.665857799475399581e-01
1.194000000000000057e+02,-1.993533048913188210e+01,3.431581246182291522e+01,-2.936093107151604431e-01,-2.936093107151604431e-01,2.015764883701261223e-01
1.194500000000000028e+02,-1.976390655615558245e+01,3.412216985422891469e+01,-2.600387051974144548e-01,-2.600387051974144548e-01,2.470376613027799872e-01
1.195000000000000000e+02,-1.959265170113076948e+01,3.392361434078203075e+01,-2.727937340122847387e-01,-2.727937340122847387e-01,1.535926577343565136e-01
1.195500000000000114e+02,-1.942102070176656525e+01,3.372569057051745034e+01,-2.636085029344690245e-01,-2.636085029344690245e-01,2.456645937458797613e-01
1.196000000000000085e+02,-1.924843068038605765e+01,3.352404003741752092e+01,-2.453387469892599759e-01,-2.453387469892599759e-01,1.078421283091003241e-01
1.196500000000000057e+02,-1.907789744845526414e+01,3.332318008056722647e+01,-2.204108454363328251e-01,-2.204108454363328251e-01,2.595762707765508770e-01
1.197000000000000028e+02,-1.891236928945028595e+01,3.312590562485567602e+01,-2.106998660855548822e-01,-2.106998660855548822e-01,7.297933921777749466e-02
1.197500000000000000e+02,-1.874659592147442311e+01,3.292699408708566011e+01,-2.723134501184402145e-01,-2.723134501184402145e-01,2.377602534676933888e-01
1.198000000000000114e+02,-1.857794608498446820e+01,3.273090994830810274e+01,-2.356793091509645222e-01,-2.356793091509645222e-01,4.739265896683315243e-02
1.198500000000000085e+02,-1.841103349882526530e+01,3.253195070355020135e+01,-3.218736553165446046e-01,-3.218736553165446046e-01,2.098407916132397355e-01
1.199000000000000057e+02,-1.824276275020757510e+01,3.233984545375261632e+01,-3.214418199601180026e-01,-3.214418199601180026e-01,4.595517161480917184e-02
1.199500000000000028e+02,-1.807459468408003289e+01,3.214634095699953775e+01,-2.855219904129300823e-01,-2.855219904129300823e-01,1.944702644615665110e-01
1.200000000000000000e+02,-1.791016729650445072e+01,3.195446718090141047e+01,-2.520758028673180662e-01,-2.520758028673180662e-01,6.886430076747211693e-02
1.200500000000000114e+02,-1.774986347136320930e+01,3.176379764436978448e+01,-2.615121879067071053e-01,-2.615121879067071053e-01,1.950841133134424976e-01
1.201000000000000085e+02,-1.758891285704311613e+01,3.157331073834980373e+01,-3.073198197131153941e-01,-3.073198197131153941e-01,9.127765964191153492e-02
1.201500000000000057e+02,-1.742937985857260941e+01,3.138787520952216425e+01,-3.341700393032411842e-01,-3.341700393032411842e-01,2.088849639428917992e-01
1.202000000000000028e+02,-1.727039112080408856e+01,3.120678605553695206e+01,-3.836742669250550741e-01,-3.836742669250550741e-01,1.173019794622790213e-01
1.202500000000000000e+02,-1.711052817604734599e+01,3.102874739270206206e+01,-3.767216594455908840e-01,-3.767216594455908840e-01,2.439121749694314889e-01
1.203000000000000114e+02,-1.695270069909953392e+01,3.085145744718125371e+01,-3.558881396749482562e-01,-3.558881396749482562e-01,1.531581761642425987e-01
1.203500000000000085e+02,-1.679555946911206021e+01,3.067299948920943464e+01,-3.119064657706548394e-01,-3.119064657706548394e-01,2.854365828494663804e-01
1.204000000000000057e+02,-1.664247887695713857e+01,3.049421137219226807e+01,-4.288806642508424249e-01,-4.288806642508424249e-01,1.874033943056963580e-01
1.204500000000000028e+02,-1.648431192744680374e+01,3.031960259057030171e+01,-4.632444154796621083e-01,-4.632444154796621083e-01,3.195761579425347998e-01
1.205000000000000000e+02,-1.632741783365815991e+01,3.014947566665748369e+01,-4.306039959928436578e-01,-4.306039959928436578e-01,2.369120830757758533e-01
1.205500000000000114e+02,-1.617099080963202340e+01,2.997648467599453781e+01,-4.363528386865437869e-01,-4.363528386865437869e-01,3.314353301783591887e-01
1.206000000000000085e+02,-1.601571570370954944e+01,2.980413189800355767e+01,-4.441248768840173056e-01,-4.441248768840173056e-01,2.865538902901175744e-01
1.206500000000000057e+02,-1.585944188527761867e+01,2.963158363877304424e+01,-4.547004306379571204e-01,-4.547004306379571204e-01,3.506242057741836837e-01
1.207000000000000028e+02,-1.570415715442187654e+01,2.945995776176536651e+01,-4.131468120737938898e-01,-4.131468120737938898e-01,3.388451960946620156e-01
1.207500000000000000e+02,-1.554961940762013306e+01,2.928489968155635736e+01,-4.036494348161248635e-01,-4.036494348161248635e-01,3.750668766370289231e-01
1.208000000000000114e+02,-1.539652820849419790e+01,2.910914279135281646e+01,-3.701374622020866534e-01,-3.701374622020866534e-01,3.846273426495248060e-01
1.208500000000000085e+02,-1.524572484201171996e+01,2.893386872875338511e+01,-3.565320029234012589e-01,-3.565320029234012589e-01,3.980991108182728722e-01
1.209000000000000057e+02,-1.509560509775615067e+01,2.875618615536448175e+01,-3.701141930836600591e-01,-3.701141930836600591e-01,4.256945882014297466e-01
1.209500000000000028e+02,-1.494313427435906938e+01,2.857680751188020807e+01,-3.712336137685922632e-01,-3.712336137685922632e-01,4.215391639578856542e-01
1.210000000000000000e+02,-1.479109714254283858e+01,2.839646250803091121e+01,-3.293151856188872850e-01,-3.293151856188872850e-01,4.636002809718238193e-01
1.210500000000000114e+02,-1.464210973117900139e+01,2.821693886031058796e+01,-3.466705224354789672e-01,-3.466705224354789672e-01,4.449207360946552670e-01
1.211000000000000085e+02,-1.449352639679732668e+01,2.803869886243048626e+01,-3.920566605072560717e-01,-3.920566605072560717e-01,5.000798676701141421e-01
1.211500000000000057e+02,-1.434091539155951800e+01,2.785998633133874591e+01,-3.009204639635372769e-01,-3.009204639635372769e-01,4.720725622953846345e-01
1.212000000000000028e+02,-1.418994379964014385e+01,2.767301440550046010e+01,-2.817982945124423710e-01,-2.817982945124423710e-01,5.328987012346824148e-01
1.212500000000000000e+02,-1.403862343857776551e+01,2.748372336949208972e+01,-2.354376859240661368e-01,-2.354376859240661368e-01,4.908100231115017920e-01
1.213000000000000114e+02,-1.389032647200625981e+01,2.729238393331397461e+01,-2.226334357719908508e-01,-2.226334357719908508e-01,5.507318256207086593e-01
1.213500000000000085e+02,-1.374180489323006604e+01,2.709981588637795724e+01,-1.988442526923353271e-01,-1.988442526923353271e-01,5.009802513389507439e-01
1.214000000000000057e+02,-1.359490838231585386e+01,2.690594212752850112e+01,-1.824834348718592514e-01,-1.824834348718592514e-01,5.611392662719986157e-01
1.214500000000000028e+02,-1.344898815970715233e+01,2.671075706420434770e+01,-1.114607196354041041e-01,-1.114607196354041041e-01,5.050528964107748875e-01
1.215000000000000000e+02,-1.330582874063646059e+01,2.651228828895419909e+01,-1.473309086310130855e-01,-1.473309086310130855e-01,5.567140196003931285e-01
1.215500000000000114e+02,-1.316093872868326109e+01,2.631471201886077438e+01,-1.111713042863656659e-01,-1.111713042863656659e-01,5.012108109785413657e-01
1.216000000000000085e+02,-1.301689907574136207e+01,2.611498638771499969e+01,-1.441011606034819370e-01,-1.441011606034819370e-01,5.514798449967234228e-01
1.216500000000000057e+02,-1.286900290289079329e+01,2.591382402375242933e+01,-1.227028566307252350e-01,-1.227028566307252350e-01,4.975241416158299179e-01
1.217000000000000028e+02,-1.272004611476833880e+01,2.570913108370089972e+01,-1.702352443475478316e-01,-1.702352443475478316e-01,5.524394028451423688e-01
1.217500000000000000e+02,-1.256892875997824355e+01,2.550598225459714286e+01,-1.229856688282190136e-01,-1.229856688282190136e-01,4.961870325612214305e-01
1.218000000000000114e+02,-1.242086088082302631e+01,2.530273561361193302e+01,-6.420272179326332040e-02,-6.420272179326332040e-02,5.500916186918742845e-01
1.218500000000000085e+02,-1.227618617158947956e+01,2.509833313548019973e+01,-1.703907503243157553e-02,-1.703907503243157553e-02,4.892220391063176743e-01
1.219000000000000057e+02,-1.213550887325459193e+01,2.489414388959067637e+01,-2.200375086611319059e-02,-2.200375086611319059e-02,5.365728995548845193e-01
1.219500000000000028e+02,-1.199264646024125369e+01,2.468794351437032475e+01,-8.376547585793987782e-03,-8.376547585793987782e-03,4.732312830260825276e-01
1.220000000000000000e+02,-1.185130061696365367e+01,2.448231890781717013e+01,5.718550471881433950e-02,5.718550471881433950e-02,5.196724216862316226e-01
1.220500000000000114e+02,-1.171510742239014036e+01,2.427677155210221116e+01,8.143727627738771291e-02,8.143727627738771291e-02,4.518913107141541707e-01
1.221000000000000085e+02,-1.158048872785410310e+01,2.407106009891470677e+01,2.090195822751783061e-01,2.090195822751783061e-01,4.974620595134869316e-01
1.221500000000000057e+02,-1.145335812119344965e+01,2.386226900500055947e+01,2.114964624731238974e-01,2.114964624731238974e-01,4.157211111335786247e-01
1.222000000000000028e+02,-1.132717965803607463e+01,2.365531176079461773e+01,2.945765797985089862e-01,2.945765797985089862e-01,4.649460752432754140e-01
1.222500000000000000e+02,-1.120449054556143942e+01,2.344461471091784688e+01,3.299378365077931807e-01,3.299378365077931807e-01,3.674220400009298726e-01
1.223000000000000114e+02,-1.108248543042128098e+01,2.323240988952603203e+01,3.545207062794611397e-01,3.545207062794611397e-01,4.148674870396157344e-01
1.223500000000000085e+02,-1.095957885340181015e+01,2.301805759198580148e+01,3.707057784657789012e-01,3.707057784657789012e-01,3.108449959583055588e-01
1.224000000000000057e+02,-1.083615833119156058e+01,2.280091254950201574e+01,3.540601356753916851e-01,3.540601356753916851e-01,3.674299046067416308e-01
1.224500000000000028e+02,-1.071216849955713357e+01,2.258612598994634624e+01,3.836643023768199767e-01,3.836643023768199767e-01,2.529906858244374557e-01
1.225000000000000000e+02,-1.058925211172137892e+01,2.236998658823172548e+01,3.706742190063198050e-01,3.706742190063198050e-01,3.241284464394382780e-01
1.225500000000000114e+02,-1.046204889270972771e+01,2.215157419855706422e+01,4.457587298144428112e-01,4.457587298144428112e-01,1.956032149793325570e-01
1.226000000000000085e+02,-1.033710644692354030e+01,2.192889987581481748e+01,4.858342355289436143e-01,4.858342355289436143e-01,2.942464176568509449e-01
1.226500000000000057e+02,-1.021374388147363810e+01,2.170598178162737213e+01,4.304731923103389257e-01,4.304731923103389257e-01,1.300953329054717889e-01
1.227000000000000028e+02,-1.009084827261692041e+01,2.148891734163116141e+01,4.733922062308005274e-01,4.733922062308005274e-01,2.648740503181420958e-01
1.227500000000000000e+02,-9.969313537061843533e+00,2.126938733194958786e+01,4.511546031061868245e-01,4.511546031061868245e-01,6.706590804256025440e-02
1.228000000000000114e+02,-9.847220166811132103e+00,2.105302480604886384e+01,4.496315859056236874e-01,4.496315859056236874e-01,2.478244278596606898e-01
1.228500000000000085e+02,-9.725401399353010845e+00,2.083714957351213926e+01,4.617823492071872482e-01,4.617823492071872482e-01,6.116856135044719707e-03
1.229000000000000057e+02,-9.602122514255908570e+00,2.062020085641975342e+01,4.846461290918380183e-01,4.846461290918380183e-01,2.476424023997099710e-01
1.229500000000000028e+02,-9.477992780672556350e+00,2.040022232351195797e+01,5.809382612800165768e-01,5.809382612800165768e-01,5.500751505968630439e-02
1.230000000000000000e+02,-9.359561347327117531e+00,2.017920316890080201e+01,5.409472437694936575e-01,5.409472437694936575e-01,2.593106144061010365e-01
1.230500000000000114e+02,-9.237656620914409089e+00,1.995820868271885828e+01,5.869699681401553404e-01,5.869699681401553404e-01,1.246794395397561317e-01
1.231000000000000085e+02,-9.117363521140012139e+00,1.973665580342495929e+01,5.604077959499169648e-01,5.604077959499169648e-01,2.865586032740355393e-01
1.231500000000000057e+02,-8.992428544049221983e+00,1.951270467889311888e+01,5.606385110637407410e-01,5.606385110637407410e-01,1.929046379531031696e-01
1.232000000000000028e+02,-8.866094660315498643e+00,1.928926030492670307e+01,5.114778270987225817e-01,5.114778270987225817e-01,3.164800752872733436e-01
1.232500000000000000e+02,-8.736122687393740094e+00,1.906438926179587767e+01,4.919366800528282568e-01,4.919366800528282568e-01,2.550180153582371489e-01
1.233000000000000114e+02,-8.601801950610584058e+00,1.883860986068369670e+01,4.206255628302193461e-01,4.206255628302193461e-01,3.430939624360208606e-01
1.233500000000000085e+02,-8.464382110942713311e+00,1.861595894777354943e+01,3.165945077154651011e-01,3.165945077154651011e-01,3.070478842973081157e-01
1.234000000000000057e+02,-8.321242036763885963e+00,1.839830588256322841e+01,3.032848972287220946e-01,3.032848972287220946e-01,3.600627515004885537e-01
1.234500000000000028e+02,-8.179618465468568189e+00,1.818474543237103092e+01,3.640336184577708245e-01,3.640336184577708245e-01,3.384658493258674850e-01
1.235000000000000000e+02,-8.040989855629991467e+00,1.797000680476210022e+01,3.579240241410475698e-01,3.579240241410475698e-01,3.791373079253293477e-01
1.235500000000000114e+02,-7.900596563374804759e+00,1.775200282281534214e+01,3.412303291872428312e-01,3.412303291872428312e-01,3.751576032652855774e-01
1.236000000000000085e+02,-7.759012314368068708e+00,1.753557743659591495e+01,3.021529163578498545e-01,3.021529163578498545e-01,4.001399893757940363e-01
1.236500000000000057e+02,-7.614128621819968856e+00,1.731894818819603898e+01,2.600655997835486510e-01,2.600655997835486510e-01,4.079276238766601503e-01
1.237000000000000028e+02,-7.465012335976457081e+00,1.710270267757699614e+01,1.899170859092110530e-01,1.899170859092110530e-01,4.118168311110706470e-01
1.237500000000000000e+02,-7.312825658262619655e+00,1.688937924459732542e+01,1.293353861345917788e-01,1.293353861345917788e-01,4.301272547303484073e-01
1.238000000000000114e+02,-7.154975862292991096e+00,1.667598287070992313e+01,9.985652149838274150e-02,9.985652149838274150e-02,4.089073498513301486e-01
1.238500000000000085e+02,-6.995003200774268848e+00,1.646250982795633888e+01,1.155766009249127729e-01,1.155766009249127729e-01,4.431944302767256705e-01
1.239000000000000057e+02,-6.834973185754102509e+00,1.624696793363878911e+01,9.737275312203894084e-02,9.737275312203894084e-02,4.012135498891625240e-01
1.239500000000000028e+02,-6.671818120332372537e+00,1.602907477236652056e+01,1.387397844273031144e-01,1.387397844273031144e-01,4.628115444683729152e-01
1.240000000000000000e+02,-6.511494993740090997e+00,1.581091556501829309e+01,9.356029467824061863e-02,9.356029467824061863e-02,3.989953023367832086e-01
1.240500000000000114e+02,-6.352231929886838380e+00,1.559897907535922279e+01,1.876009872058208988e-02,1.876009872058208988e-02,4.528133503232182888e-01
1.241000000000000085e+02,-6.191909846482438695e+00,1.539297844924614722e+01,8.001166173277565741e-02,8.001166173277565741e-02,3.927398556674679964e-01
1.241500000000000057e+02,-6.035029741676717130e+00,1.518508749549269510e+01,4.513320734826124780e-02,4.513320734826124780e-02,4.327481502683046544e-01
1.242000000000000028e+02,-5.874252831529712893e+00,1.497553822969424075e+01,5.205410329949867326e-02,5.205410329949867326e-02,3.899805054979174068e-01
1.242500000000000000e+02,-5.715042173227065092e+00,1.476742048185791845e+01,8.588616619727901247e-02,8.588616619727901247e-02,4.117224545763235599e-01
1.243000000000000114e+02,-5.557474702748137929e+00,1.455743758550252309e+01,6.871214090542857034e-02,6.871214090542857034e-02,3.906243768156087426e-01
1.243500000000000085e+02,-5.397633331926861011e+00,1.434671778578203671e+01,2.792460581805056297e-02,2.792460581805056297e-02,3.955863668858241589e-01
1.244000000000000057e+02,-5.237238447508879347e+00,1.413905754013003246e+01,-3.620332874848296995e-02,-3.620332874848296995e-02,3.918727039846885973e-01
1.244500000000000028e+02,-5.073386968237952210e+00,1.393365287100634475e+01,-9.805807657826226542e-02,-9.805807657826226542e-02,3.723522766310627952e-01
1.245000000000000000e+02,-4.904175180436410209e+00,1.372722475995014513e+01,-1.152828148169527528e-01,-1.152828148169527528e-01,3.840130490425692766e-01
1.245500000000000114e+02,-4.737455520493348615e+00,1.352554884627183540e+01,-1.233104827693663197e-01,-1.233104827693663197e-01,3.380777668737782182e-01
1.246000000000000085e+02,-4.569811763252682901e+00,1.332303244463957270e+01,-7.875340353125800941e-02,-7.875340353125800941e-02,3.728609540015545565e-01
1.246500000000000057e+02,-4.407965023293587414e+00,1.312318156577840078e+01,-9.032979106687193116e-02,-9.032979106687193116e-02,3.087304604015302378e-01
1.247000000000000028e+02,-4.243981586882546786e+00,1.292122830891513630e+01,-1.266120113426034977e-01,-1.266120113426034977e-01,3.659613738393949212e-01
1.247500000000000000e+02,-4.079109611721182915e+00,1.272156078808331259e+01,-1.001700003352794660e-01,-1.001700003352794660e-01,2.808990297695385108e-01
1.248000000000000114e+02,-3.917988948292271179e+00,1.252367965277944251e+01,-8.404942537194241836e-02,-8.404942537194241836e-02,3.575135821642219103e-01
1.248500000000000085e+02,-3.756473550765168756e+00,1.232315976956441794e+01,-5.937944717842234127e-02,-5.937944717842234127e-02,2.577897878467672044e-01
1.249000000000000057e+02,-3.596232148529112660e+00,1.212133443265088673e+01,-2.540441083312097378e-02,-2.540441083312097378e-02,3.452672557882304760e-01
1.249500000000000028e+02,-3.438032750403730908e+00,1.191837703656552705e+01,4.535444369394680403e-02,4.535444369394680403e-02,2.431324062868463753e-01
1.250000000000000000e+02,-3.285015130359760782e+00,1.171475510660870434e+01,-2.289422860662584241e-02,-2.289422860662584241e-02,3.275641383065567291e-01
1.250500000000000114e+02,-3.127282123183797946e+00,1.151188043037554820e+01,-9.380864925325011969e-03,-9.380864925325011969e-03,2.368745874209205737e-01
1.251000000000000085e+02,-2.971518645961516381e+00,1.131009695320701347e+01,-4.333904441107997579e-02,-4.333904441107997579e-02,3.079013276535995658e-01
1.251500000000000057e+02,-2.814107247770309073e+00,1.110945176208501017e+01,-5.401274711052898164e-02,-5.401274711052898164e-02,2.272485057604068104e-01
1.252000000000000028e+02,-2.653925373496342832e+00,1.090596965937046825e+01,-5.765554238532619169e-02,-5.765554238532619169e-02,2.842711536622998247e-01
1.252500000000000000e+02,-2.491201312287539604e+00,1.069918850756176631e+01,-2.137076894579057959e-02,-2.137076894579057959e-02,2.197542060789572094e-01
1.253000000000000114e+02,-2.328228454924749613e+00,1.048803723683825773e+01,1.212066646390844160e-02,1.212066646390844160e-02,2.520638394503867397e-01
1.253500000000000085e+02,-2.164763972692009375e+00,1.027222596723020764e+01,-6.224743768870512339e-02,-6.224743768870512339e-02,2.303218426820521358e-01
1.254000000000000057e+02,-2.000968611448642243e+00,1.006395464404415208e+01,-5.063604027595089603e-03,-5.063604027595089603e-03,2.203766112826638646e-01
1.254500000000000028e+02,-1.842058641665387686e+00,9.855847593161909614e+00,-8.212743400070861635e-03,-8.212743400070861635e-03,2.386693606168000803e-01
1.255000000000000000e+02,-1.682734323875463511e+00,9.647501949534062149e+00,7.421797691016947598e-03,7.421797691016947598e-03,1.996666640653964320e-01
1.255500000000000114e+02,-1.521928564820053786e+00,9.435339247420643005e+00,-5.811674431527646262e-02,-5.811674431527646262e-02,2.557308029059507382e-01
1.256000000000000085e+02,-1.356985168311925616e+00,9.224441895966965177e+00,-7.811383018778658704e-02,-7.811383018778658704e-02,1.768894925659759143e-01
1.256500000000000057e+02,-1.190392154929689195e+00,9.013258094101994189e+00,-7.192060785052785399e-02,-7.192060785052785399e-02,2.774233047437076327e-01
1.257000000000000028e+02,-1.021816185111360742e+00,8.798368800500442788e+00,-8.628724322765801702e-02,-8.628724322765801702e-02,1.551644361866189592e-01
1.257500000000000000e+02,-8.510699747185990205e-01,8.581817268662282672e+00,-1.136211349654388525e-01,-1.136211349654388525e-01,2.618881342378445165e-01
1.258000000000000114e+02,-6.796708933879931358e-01,8.367127543164103898e+00,-1.594033962126178150e-01,-1.594033962126178150e-01,1.481322114149884739e-01
1.258500000000000085e+02,-5.066886656481922602e-01,8.154683784461528973e+00,-1.350947160213541443e-01,-1.350947160213541443e-01,2.053639062087065648e-01
1.259000000000000057e+02,-3.329303061671555763e-01,7.938597733225344122e+00,-1.785883037682276242e-01,-1.785883037682276242e-01,1.596019812830035689e-01
1.259500000000000028e+02,-1.567317600008201195e-01,7.723282372142357133e+00,-1.508514441555257879e-01,-1.508514441555257879e-01,1.435655459635157560e-01
1.260000000000000000e+02,1.975834001923917893e-02,7.504193469686451401e+00,-1.603324685305499708e-01,-1.603324685305499708e-01,1.974010505319165332e-01
1.260500000000000114e+02,1.956605710372014140e-01,7.286330363386118059e+00,-1.735590795245096352e-01,-1.735590795245096352e-01,8.459493439772568235e-02
1.261000000000000085e+02,3.722053859506928020e-01,7.068849125090316932e+00,-1.864547977836919224e-01,-1.864547977836919224e-01,2.495733447981705599e-01
1.261500000000000057e+02,5.511792422212318243e-01,6.848479118832068835e+00,-8.814237589118578686e-02,-8.814237589118578686e-02,5.829890781584089188e-02
1.262000000000000028e+02,7.261094913791531491e-01,6.622938731142139268e+00,-1.031982748252965321e-01,-1.031982748252965321e-01,1.848808929731362849e-01
1.262500000000000000e+02,9.011627728434215001e-01,6.398774615098228757e+00,-1.102217447835994180e-01,-1.102217447835994180e-01,1.106332866222249495e-01
1.263000000000000114e+02,1.076198793499848039e+00,6.174945688931383181e+00,-4.669865396174515543e-02,-4.669865396174515543e-02,1.101597755208245932e-01
1.263500000000000085e+02,1.245280575471962692e+00,5.952339638137165601e+00,-7.651399535740209534e-02,-7.651399535740209534e-02,1.748386106890430503e-01
1.264000000000000057e+02,1.413083349504386632e+00,5.734302467734440079e+00,-1.298901216260164816e-03,-1.298901216260164816e-03,5.084999327009598336e-02
1.264500000000000028e+02,1.577155995932476573e+00,5.513256065913695103e+00,3.797528137752292227e-02,3.797528137752292227e-02,2.291329390630890417e-01
1.265000000000000000e+02,1.741806409199238237e+00,5.287241228091288825e+00,3.421592256398991311e-02,3.421592256398991311e-02,2.470378316519144038e-02
1.265500000000000114e+02,1.904044916289330480e+00,5.064971133119043678e+00,3.278603541008469346e-02,3.278603541008469346e-02,2.083166154327868169e-01
1.266000000000000085e+02,2.067200257694868260e+00,4.841625432816523578e+00,-3.379736517766385867e-02,-3.379736517766385867e-02,7.370247711898056386e-02
1.266500000000000057e+02,2.234860340782196086e+00,4.619388257122730046e+00,-2.681787110711093478e-02,-2.681787110711093478e-02,1.488085483579374146e-01
1.267000000000000028e+02,2.402967443426194727e+00,4.395729022363990879e+00,-2.720908974131520247e-02,-2.720908974131520247e-02,1.340323952608077351e-01
1.267500000000000000e+02,2.574249996244850625e+00,4.167661618171913496e+00,-9.048751394327879394e-02,-9.048751394327879394e-02,7.927184738671978759e-02
1.268000000000000114e+02,2.748561861058365530e+00,3.942200864586994591e+00,-1.405745892838183853e-01,-1.405745892838183853e-01,2.079386183750496220e-01
1.268500000000000085e+02,2.922626161982178949e+00,3.722142860086047111e+00,-1.535674791992371335e-01,-1.535674791992371335e-01,7.446236297691659692e-03
1.269000000000000057e+02,3.097028322818587753e+00,3.502977029749299920e+00,-1.088477441431257159e-01,-1.088477441431257159e-01,2.223595915256002253e-01
1.269500000000000028e+02,3.268735165567647982e+00,3.282517651038660667e+00,-1.425491376093662721e-01,-1.425491376093662721e-01,5.891627196942071654e-02
1.270000000000000000e+02,3.441648500882198203e+00,3.063618106930456886e+00,-1.543092201360260207e-01,-1.543092201360260207e-01,1.608629110699694442e-01
1.270500000000000114e+02,3.614961467450051646e+00,2.845438271255199769e+00,-1.921449831400384445e-01,-1.921449831400384445e-01,1.237603338000548142e-01
1.271000000000000085e+02,3.791178627246057253e+00,2.626559188129430122e+00,-1.618271028347317841e-01,-1.618271028347317841e-01,1.048998795463644135e-01
1.271500000000000057e+02,3.967835617369467549e+00,2.403519985605761189e+00,-1.837035463941700253e-01,-1.837035463941700253e-01,1.968411959045832382e-01
1.272000000000000028e+02,4.146160372553381102e+00,2.179708537395729007e+00,-2.377766134654448471e-01,-2.377766134654448471e-01,6.708862274662343028e-02
1.272500000000000000e+02,4.328134105718416613e+00,1.957472432621835345e+00,-2.039235632015949096e-01,-2.039235632015949096e-01,2.410505970609068405e-01
1.273000000000000114e+02,4.510629476408161587e+00,1.730379528594183647e+00,-1.475201003370481823e-01,-1.475201003370481823e-01,1.098759134254441994e-01
1.273500000000000085e+02,4.688407709439390558e+00,1.502951653084500627e+00,-1.038394069318098190e-01,-1.038394069318098190e-01,1.735075228716694007e-01
1.274000000000000057e+02,4.863752460557442703e+00,1.274073829919228018e+00,-6.635238861018452616e-02,-6.635238861018452616e-02,1.774597114593585157e-01
1.274500000000000028e+02,5.037464965497616909e+00,1.042911453104383046e+00,-9.717980244976323623e-02,-9.717980244976323623e-02,1.212363002062458034e-01
1.275000000000000000e+02,5.212874539824253084e+00,8.128651565555099490e-01,-1.237156452992332900e-01,-1.237156452992332900e-01,2.528426728896102649e-01
1.275500000000000114e+02,5.391858531936001064e+00,5.801478172128773370e-01,-1.691506694772227370e-01,-1.691506694772227370e-01,1.175160101829051396e-01
1.276000000000000085e+02,5.575806932869252108e+00,3.459976379786827705e-01,-2.187611173737252224e-01,-2.187611173737252224e-01,2.106007572616670209e-01
1.276500000000000057e+02,5.759549152641259440e+00,1.170631600221806734e-01,-2.113599453050921673e-01,-2.113599453050921673e-01,1.820569099746087993e-01
1.277000000000000028e+02,5.945421875761272013e+00,-1.159836975833136996e-01,-2.750918799282702776e-01,-2.750918799282702776e-01,1.533175075198062731e-01
1.277500000000000000e+02,6.132764951688322697e+00,-3.449454059511820048e-01,-3.053540219197558025e-01,-3.053540219197558025e-01,2.726564619539019185e-01
1.278000000000000114e+02,6.320410119921122671e+00,-5.721907944766703169e-01,-2.572891880385886343e-01,-2.572891880385886343e-01,1.769061670729134839e-01
1.278500000000000085e+02,6.504574749751060203e+00,-7.995979903176706483e-01,-1.967973453599815015e-01,-1.967973453599815015e-01,2.626848232384638160e-01
1.279000000000000057e+02,6.686511977459177913e+00,-1.030632404119796730e+00,-1.535189970621101407e-01,-1.535189970621101407e-01,2.266202217698692623e-01
1.279500000000000028e+02,6.865412590857272512e+00,-1.262889209448771144e+00,-9.414936616032835992e-02,-9.414936616032835992e-02,2.226286093822726353e-01
1.280000000000000000e+02,7.041231258169480256e+00,-1.497207084942582256e+00,-9.656972649972730971e-02,-9.656972649972730971e-02,2.880280966651514452e-01
1.280500000000000114e+02,7.214416841810417758e+00,-1.727844221401507507e+00,-1.988663763129679685e-01,-1.988663763129679685e-01,2.074013117594135647e-01
1.280999999999999943e+02,7.390729205467477136e+00,-1.952098676841390601e+00,-1.682205712839238421e-01,-1.682205712839238421e-01,3.042920489237601611e-01
1.281500000000000057e+02,7.564229944354281976e+00,-2.175499749282840067e+00,-1.553122903482489769e-01,-1.553122903482489769e-01,2.326228291029207862e-01
1.282000000000000171e+02,7.737296258858703979e+00,-2.400482147386851839e+00,-1.369733461718615208e-01,-1.369733461718615208e-01,2.689834624503701921e-01
1.282500000000000000e+02,7.907510930423231166e+00,-2.623120534792742653e+00,-2.229982448702750308e-01,-2.229982448702750308e-01,2.696783239436369439e-01
1.283000000000000114e+02,8.079577365913893416e+00,-2.840425769365750419e+00,-2.023958270559178541e-01,-2.023958270559178541e-01,2.545556505322749130e-01
1.283499999999999943e+02,8.247910644657178381e+00,-3.054120974301086644e+00,-1.564540855607254033e-01,-1.564540855607254033e-01,3.142697369861049972e-01
1.284000000000000057e+02,8.414132781691527896e+00,-3.270772888522226474e+00,-1.732492191100742651e-01,-1.732492191100742651e-01,2.563114644111543772e-01
1.284500000000000171e+02,8.582011986661294500e+00,-3.487749831072466833e+00,-1.756943436666508485e-01,-1.756943436666508485e-01,3.562511079155271654e-01
1.285000000000000000e+02,8.753480202614527528e+00,-3.709688469429713642e+00,-1.809171261513224382e-01,-1.809171261513224382e-01,2.677649447579452668e-01
1.285500000000000114e+02,8.927241268105307270e+00,-3.934296629866980588e+00,-9.465852789308956683e-02,-9.465852789308956683e-02,3.280055976076035607e-01
1.285999999999999943e+02,9.098258581373961817e+00,-4.164460324667871305e+00,-9.379560804588890632e-02,-9.379560804588890632e-02,2.921598739998317318e-01
1.286500000000000057e+02,9.270128281277793647e+00,-4.395709822546105094e+00,-1.308981269650685841e-01,-1.308981269650685841e-01,2.924180943571280666e-01
1.287000000000000171e+02,9.444582285520777276e+00,-4.626237091651846711e+00,-6.799696022956329411e-02,-6.799696022956329411e-02,3.336062387605231994e-01
1.287500000000000000e+02,9.615698265608870088e+00,-4.859530567913306065e+00,1.250708835408989583e-02,1.250708835408989583e-02,2.764167467775666132e-01
1.288000000000000114e+02,9.783149206404475606e+00,-5.096321038253039504e+00,3.192631479726468213e-02,3.192631479726468213e-02,3.509903050544501135e-01
1.288499999999999943e+02,9.951328419026385319e+00,-5.335964094286148374e+00,5.982606398279922966e-02,5.982606398279922966e-02,2.708881531266010834e-01
1.289000000000000057e+02,1.011733735419542235e+01,-5.575487819106050402e+00,7.497473315392681747e-02,7.497473315392681747e-02,2.874673704036040389e-01
1.289500000000000171e+02,1.028214343810811826e+01,-5.814699069733821446e+00,4.614233308368521219e-02,4.614233308368521219e-02,2.883506608825137096e-01
1.290000000000000000e+02,1.044840172166182235e+01,-6.052485767186962740e+00,8.944160927727140553e-02,8.944160927727140553e-02,2.412020372083884256e-01
1.290500000000000114e+02,1.061134325240713672e+01,-6.290180225433807060e+00,1.553919308544827738e-01,1.553919308544827738e-01,3.273494046676354574e-01
1.290999999999999943e+02,1.077003438494547360e+01,-6.528530840048333950e+00,1.513372740251933690e-01,1.513372740251933690e-01,2.132036635513265832e-01
1.291500000000000057e+02,1.092966753708203598e+01,-6.767654151116071937e+00,1.075935739548678771e-01,1.075935739548678771e-01,2.670099644693451624e-01
1.292000000000000171e+02,1.109030227492376497e+01,-7.002888180801106977e+00,1.191961873050642051e-01,1.191961873050642051e-01,2.142096920642450331e-01
1.292500000000000000e+02,1.125451786403873200e+01,-7.243796505276030473e+00,1.472655715833471601e-01,1.472655715833471601e-01,2.014304751329194787e-01
1.293000000000000114e+02,1.141676777363615081e+01,-7.484829422123906895e+00,1.266253211890575048e-01,1.266253211890575048e-01,2.511992707806530722e-01
1.293499999999999943e+02,1.158173926801265452e+01,-7.726669042573361956e+00,5.467756341559982386e-02,5.467756341559982386e-02,1.518733387988369654e-01
1.294000000000000057e+02,1.175120662748991407e+01,-7.966646746728392792e+00,1.075844033239442554e-01,1.075844033239442554e-01,2.572732039813098726e-01
1.294500000000000171e+02,1.191816647159507703e+01,-8.208729640859134591e+00,1.799371242598147291e-01,1.799371242598147291e-01,1.578965845774473187e-01
1.295000000000000000e+02,1.208295637082520635e+01,-8.454952317906066384e+00,1.533831488099971774e-01,1.533831488099971774e-01,1.690980767649452043e-01
1.295500000000000114e+02,1.224695486290047519e+01,-8.697173845282808458e+00,1.120496935060406873e-01,1.120496935060406873e-01,2.058619531960496907e-01
1.295999999999999943e+02,1.241204528397105555e+01,-8.935925325139670861e+00,1.530383542368337069e-01,1.530383542368337069e-01,1.044829670322930115e-01
1.296500000000000057e+02,1.257548382465697578e+01,-9.176642536348731838e+00,1.888887602276972666e-01,1.888887602276972666e-01,2.508529265369611738e-01
1.297000000000000171e+02,1.273782236722304972e+01,-9.419509687330743120e+00,1.353292497525507287e-01,1.353292497525507287e-01,9.362824503469323323e-02
1.297500000000000000e+02,1.290541681242950389e+01,-9.662845957536372765e+00,9.219566640808350699e-02,9.219566640808350699e-02,1.566646614217116762e-01
1.298000000000000114e+02,1.307570632237926489e+01,-9.905038553793506395e+00,8.654286990952354819e-02,8.654286990952354819e-02,1.634934430029800767e-01
1.298499999999999943e+02,1.324446540214346868e+01,-1.014426101553793913e+01,5.717615702185941534e-02,5.717615702185941534e-02,7.067845691514516859e-02
1.299000000000000057e+02,1.341470901822093076e+01,-1.038223357042492623e+01,5.174119948468838132e-02,5.174119948468838132e-02,2.476078693870218117e-01
1.299500000000000171e+02,1.358483870143073169e+01,-1.061925012459085771e+01,-6.845495475193696076e-03,-6.845495475193696076e-03,5.785542098054817506e-02
1.300000000000000000e+02,1.375637284565631546e+01,-1.085146007638104848e+01,2.309951941084285865e-02,2.309951941084285865e-02,1.716325267990802261e-01
1.300500000000000114e+02,1.392702891914249363e+01,-1.108471222630512187e+01,5.740555855817114361e-02,5.740555855817114361e-02,1.289548575955930254e-01
1.300999999999999943e+02,1.409449036451924719e+01,-1.131812199381325890e+01,1.074179818415030990e-02,1.074179818415030990e-02,9.264018711111486615e-02
1.301500000000000057e+02,1.426276949696846152e+01,-1.154659657003320916e+01,1.030034462614977941e-01,1.030034462614977941e-01,2.015697618668324254e-01
1.302000000000000171e+02,1.442798687518991052e+01,-1.178048714329582047e+01,1.445697911468733499e-01,1.445697911468733499e-01,3.103003327307776726e-02
1.302500000000000000e+02,1.459165894202756242e+01,-1.201492435032398731e+01,1.301399716014860208e-01,1.301399716014860208e-01,2.207174132747477535e-01
1.303000000000000114e+02,1.475334895250454004e+01,-1.224314572919346134e+01,2.425111173772720730e-01,2.425111173772720730e-01,6.198427226070959972e-02
1.303499999999999943e+02,1.490741773453292041e+01,-1.247422393391270745e+01,2.669016940696532503e-01,2.669016940696532503e-01,1.577536640743059659e-01
1.304000000000000057e+02,1.506017682164352678e+01,-1.270394687786746246e+01,2.466469513527761448e-01,2.466469513527761448e-01,1.183646545726523280e-01
1.304500000000000171e+02,1.521521200374057514e+01,-1.293336524601513027e+01,2.604563249852390183e-01,2.604563249852390183e-01,1.033475594353645138e-01
1.305000000000000000e+02,1.537202519459892613e+01,-1.316346561500556867e+01,3.200386990941527232e-01,3.200386990941527232e-01,1.808332277674154220e-01
1.305500000000000114e+02,1.552462337577329698e+01,-1.339335530358490445e+01,4.679915921256381783e-01,4.679915921256381783e-01,6.386628219337374401e-02
1.305999999999999943e+02,1.567465229972260943e+01,-1.362909013197984720e+01,4.966851577041834775e-01,4.966851577041834775e-01,2.462855436859832381e-01
1.306500000000000057e+02,1.582288597894261351e+01,-1.386561969417574147e+01,5.261256981325558302e-01,5.261256981325558302e-01,9.140428680366988190e-02
1.307000000000000171e+02,1.597166202748526942e+01,-1.410179312858884337e+01,5.056166149663122722e-01,5.056166149663122722e-01,2.254111627295227460e-01
1.307500000000000000e+02,1.612144567771894899e+01,-1.433342667733771947e+01,4.965583348647387152e-01,4.965583348647387152e-01,1.496109127190798638e-01
1.308000000000000114e+02,1.627273781799951990e+01,-1.456401072904391292e+01,4.521507887096489764e-01,4.521507887096489764e-01,2.008189667042646342e-01
1.308499999999999943e+02,1.642869647839988900e+01,-1.479114905464400387e+01,4.692735040208155239e-01,4.692735040208155239e-01,2.031047009106097534e-01
1.309000000000000057e+02,1.658326544148679815e+01,-1.501689254259659023e+01,5.267125583707534808e-01,5.267125583707534808e-01,1.845263399614281985e-01
1.309500000000000171e+02,1.673660857649699452e+01,-1.524216577413777252e+01,4.849829881564226564e-01,4.849829881564226564e-01,2.532051000710970334e-01
1.310000000000000000e+02,1.689494371761850289e+01,-1.546673088408309127e+01,5.784704567246633511e-01,5.784704567246633511e-01,1.828588847882729740e-01
1.310500000000000114e+02,1.705327267217076681e+01,-1.569443038290824965e+01,5.776388119258883957e-01,5.776388119258883957e-01,3.057943740188450721e-01
1.310999999999999943e+02,1.721362908182461382e+01,-1.592193297521859208e+01,5.743882143776299909e-01,5.743882143776299909e-01,1.953945209308403652e-01
1.311500000000000057e+02,1.737721560940986620e+01,-1.614701739532350899e+01,5.611090649814655107e-01,5.611090649814655107e-01,2.745419547145231953e-01
1.312000000000000171e+02,1.754389785777942024e+01,-1.636852164859685743e+01,5.247185433868782889e-01,5.247185433868782889e-01,2.117076093081866062e-01
1.312500000000000000e+02,1.771125003462717018e+01,-1.658594894418109433e+01,5.355616860711158722e-01,5.355616860711158722e-01,2.323196859843468520e-01
1.313000000000000114e+02,1.787525232388323815e+01,-1.679990367366022497e+01,6.731189245402788845e-01,6.731189245402788845e-01,2.275153519057458440e-01
1.313499999999999943e+02,1.803752028517744677e+01,-1.701814920720419977e+01,7.392976893998770560e-01,7.392976893998770560e-01,2.038623053860869894e-01
1.314000000000000057e+02,1.820040538891557702e+01,-1.723668869442796492e+01,7.557284831628264810e-01,7.557284831628264810e-01,2.584949818280227740e-01
1.314500000000000171e+02,1.836699401309829938e+01,-1.745677564413410110e+01,8.333424769638634322e-01,8.333424769638634322e-01,1.827516174585493425e-01
1.315000000000000000e+02,1.853171652469348984e+01,-1.767595836603005921e+01,8.659181339583508219e-01,8.659181339583508219e-01,2.969685786213570045e-01
1.315500000000000114e+02,1.869916273468258794e+01,-1.789675512253070622e+01,9.663919688615529857e-01,9.663919688615529857e-01,1.749710694563595403e-01
1.315999999999999943e+02,1.886846259143839788e+01,-1.812005701203373675e+01,1.017916056029149141e+00,1.017916056029149141e+00,2.586430904645289353e-01
1.316500000000000057e+02,1.903972263704094914e+01,-1.834268876114552427e+01,1.065478062968961082e+00,1.065478062968961082e+00,1.863371300035346623e-01
1.317000000000000171e+02,1.920609535561891690e+01,-1.856325072512018437e+01,1.155077585954721320e+00,1.155077585954721320e+00,2.097273708075866605e-01
1.317500000000000000e+02,1.937386528465357216e+01,-1.878556715130452304e+01,1.112726612476003796e+00,1.112726612476003796e+00,2.164717894516249574e-01
1.318000000000000114e+02,1.954864735902582851e+01,-1.900569201891871174e+01,1.189081057182841628e+00,1.189081057182841628e+00,1.649929186525940228e-01
1.318499999999999943e+02,1.972430935551286879e+01,-1.922645624624455962e+01,1.160845846792668556e+00,1.160845846792668556e+00,2.556482142261757295e-01
1.319000000000000057e+02,1.990282887544364598e+01,-1.944387122858465489e+01,1.169293348273639843e+00,1.169293348273639843e+00,1.260313358393293781e-01
1.319500000000000171e+02,2.008391436763947979e+01,-1.965868693523633226e+01,1.225152712905992036e+00,1.225152712905992036e+00,2.407943171380395320e-01
1.320000000000000000e+02,2.026475521762975163e+01,-1.987292800922623570e+01,1.215958255998600634e+00,1.215958255998600634e+00,1.109653436447732566e-01
1.320500000000000114e+02,2.045070354341440577e+01,-2.008565102372103794e+01,1.254321833425795285e+00,1.254321833425795285e+00,1.632990281857053805e-01
1.320999999999999943e+02,2.064064442694800405e+01,-2.029786854306134103e+01,1.277808162919584323e+00,1.277808162919584323e+00,1.407272432271564344e-01
1.321500000000000057e+02,2.083646288580877481e+01,-2.051049344807184127e+01,1.369312924284506128e+00,1.369312924284506128e+00,7.361990251679259578e-02
1.322000000000000171e+02,2.103258414744081861e+01,-2.072521097806063040e+01,1.386593550530180741e+00,1.386593550530180741e+00,2.172237500234483476e-01
1.322500000000000000e+02,2.123201922694888566e+01,-2.093878002916936154e+01,1.409229984934333046e+00,1.409229984934333046e+00,5.489732875341143264e-02
1.323000000000000114e+02,2.143626476002698666e+01,-2.115202204107488981e+01,1.440306026459572619e+00,1.440306026459572619e+00,2.113686681188810257e-01
1.323499999999999943e+02,2.163893992794863053e+01,-2.136348445220869152e+01,1.486438655179492585e+00,1.486438655179492585e+00,1.625440942444388026e-01
1.324000000000000057e+02,2.184194473420945926e+01,-2.157494281448104445e+01,1.455447193685710516e+00,1.455447193685710516e+00,1.959967619707892184e-01
1.324500000000000171e+02,2.205053101064962462e+01,-2.178336611354128749e+01,1.474219516246369599e+00,1.474219516246369599e+00,2.808645356704246865e-01
1.325000000000000000e+02,2.226067576529551673e+01,-2.199000262352609525e+01,1.547714426131394649e+00,1.547714426131394649e+00,2.561742600230207390e-01
1.325500000000000114e+02,2.247046973070049347e+01,-2.219831393380525597e+01,1.481058073485593374e+00,1.481058073485593374e+00,3.749175095656969159e-01
1.325999999999999943e+02,2.268461422950248974e+01,-2.240150127824180970e+01,1.539050604466421612e+00,1.539050604466421612e+00,3.453073534647123077e-01
1.326500000000000057e+02,2.290269653040532205e+01,-2.260537269661596937e+01,1.533887309497636631e+00,1.533887309497636631e+00,3.996880737556356977e-01
1.327000000000000171e+02,2.312332912194787937e+01,-2.280729672843426314e+01,1.610799284630668016e+00,1.600000000000000089e+00,4.400636252999012288e-01
1.327500000000000000e+02,2.334669525265175949e+01,-2.301048356010665685e+01,1.574974715205313736e+00,1.574974715205313736e+00,4.358899839382954222e-01
1.328000000000000114e+02,2.357421010826601560e+01,-2.321181166028133447e+01,1.651056292944316217e+00,1.600000000000000089e+00,5.119553916417821648e-01
1.328499999999999943e+02,2.380165543561583519e+01,-2.341559183734802474e+01,1.705575760012635778e+00,1.600000000000000089e+00,4.786673012566460272e-01
1.329000000000000057e+02,2.402880904051427535e+01,-2.361887526667376136e+01,1.641807626947574095e+00,1.600000000000000089e+00,4.905113388555307763e-01
1.329500000000000171e+02,2.425953248737923573e+01,-2.381744694216728675e+01,1.658723305860767994e+00,1.600000000000000089e+00,5.219259208827643493e-01
1.330000000000000000e+02,2.448906700492904065e+01,-2.401154320879001247e+01,1.628207574749824582e+00,1.600000000000000089e+00,4.816374819223439019e-01
1.330500000000000114e+02,2.472367916491628748e+01,-2.420490240104756907e+01,1.545630790681675970e+00,1.545630790681675970e+00,5.137188719355373356e-01
1.330999999999999943e+02,2.495918084801284564e+01,-2.439049744151082422e+01,1.521232325893033588e+00,1.521232325893033588e+00,4.857888591442766635e-01
1.331500000000000057e+02,2.519694836237622226e+01,-2.457169203291954318e+01,1.503546804557394534e+00,1.503546804557394534e+00,4.714195287716022031e-01
1.332000000000000171e+02,2.543663935268539689e+01,-2.475083498837200580e+01,1.521408618980783389e+00,1.521408618980783389e+00,5.027296762009124675e-01
1.332500000000000000e+02,2.567521125784643843e+01,-2.492770296156076526e+01,1.534003451737948609e+00,1.534003451737948609e+00,4.332949332449305690e-01
1.333000000000000114e+02,2.591345553849725647e+01,-2.510420699468419414e+01,1.521346551272823033e+00,1.521346551272823033e+00,4.462924330251574756e-01
1.333499999999999943e+02,2.615577979484982407e+01,-2.527920263078772578e+01,1.491345082043630699e+00,1.491345082043630699e+00,3.958663646214353737e-01
1.334000000000000057e+02,2.640655550951496977e+01,-2.545187319750683841e+01,1.432946974949377950e+00,1.432946974949377950e+00,3.552573142325350375e-01
1.334500000000000171e+02,2.666209477274307815e+01,-2.562050984185964708e+01,1.542629177452561784e+00,1.542629177452561784e+00,3.895819169201013565e-01
1.335000000000000000e+02,2.691628022071371618e+01,-2.579205543660895472e+01,1.509874880085724014e+00,1.509874880085724014e+00,2.723791799730528318e-01
1.335500000000000114e+02,2.716853643579284494e+01,-2.596097739212690314e+01,1.496026307930866439e+00,1.496026307930866439e+00,2.805540784318408254e-01
1.335999999999999943e+02,2.742616774986233708e+01,-2.612842597526773858e+01,1.486858972923618794e+00,1.486858972923618794e+00,2.138366763668669290e-01
1.336500000000000057e+02,2.768665392836540207e+01,-2.629219538877532969e+01,1.422976296859465473e+00,1.422976296859465473e+00,1.333118190376740564e-01
1.337000000000000171e+02,2.795654932765971168e+01,-2.645416828177181756e+01,1.422439881783015725e+00,1.422439881783015725e+00,2.437711341433720647e-01
1.337500000000000000e+02,2.822731240080275583e+01,-2.661302431207076680e+01,1.439383415603730620e+00,1.439383415603730620e+00,3.577423441023956652e-02
1.338000000000000114e+02,2.850062449902531370e+01,-2.677472099871759426e+01,1.419529017534442605e+00,1.419529017534442605e+00,1.891893280702028890e-01
1.338499999999999943e+02,2.877602529827201039e+01,-2.693466389581969622e+01,1.460490448760673132e+00,1.460490448760673132e+00,2.108964511039976286e-01
1.339000000000000057e+02,2.905311016521248746e+01,-2.709383511153664514e+01,1.362489200597126970e+00,1.362489200597126970e+00,2.553059217303582651e-01
1.339500000000000171e+02,2.933437584740849147e+01,-2.724676304178823116e+01,1.316042725688883586e+00,1.316042725688883586e+00,4.028259780069708973e-01
1.340000000000000000e+02,2.961905473834093172e+01,-2.739397828026306314e+01,1.304645953865422481e+00,1.304645953865422481e+00,4.066173496285777067e-01
1.340500000000000114e+02,2.990324536472724404e+01,-2.754015131666050564e+01,1.222275974098187890e+00,1.222275974098187890e+00,4.967448195571702585e-01
1.340999999999999943e+02,3.018762968419249404e+01,-2.768111034784841351e+01,1.173124534685158649e+00,1.173124534685158649e+00,5.768529136853036698e-01
1.341500000000000057e+02,3.047627514062024545e+01,-2.781637759485584027e+01,1.110593113541324506e+00,1.110593113541324506e+00,6.128325111859012075e-01
1.342000000000000171e+02,3.076702205627443476e+01,-2.794767716006627367e+01,1.092401309318183911e+00,1.092401309318183911e+00,6.977237561777470676e-01
1.342500000000000000e+02,3.106152454742910152e+01,-2.807767809228072409e+01,1.064990044674649639e+00,1.064990044674649639e+00,7.409796474827036183e-01
1.343000000000000114e+02,3.135654393175054011e+01,-2.820353170704755996e+01,9.884366149777886745e-01,9.884366149777886745e-01,7.841376956176702162e-01
1.343499999999999943e+02,3.165712603206780074e+01,-2.832469353475523377e+01,9.627388773779611553e-01,9.627388773779611553e-01,8.592738870752890668e-01
1.344000000000000057e+02,3.195890651585685660e+01,-2.844423606933693804e+01,1.035413801538912049e+00,1.035413801538912049e+00,8.808288264904610143e-01
1.344500000000000171e+02,3.226227584213309996e+01,-2.856815166670573447e+01,9.677515217833942973e-01,9.677515217833942973e-01,9.273896604875984107e-01
1.345000000000000000e+02,3.256870021452312614e+01,-2.868786169698574895e+01,9.436295119697877265e-01,9.436295119697877265e-01,9.985862228026468612e-01
1.345500000000000114e+02,3.287394444626490753e+01,-2.880382955499464614e+01,9.422173204889008336e-01,9.422173204889008336e-01,1.013557470500258795e+00
1.345999999999999943e+02,3.318040227962595168e+01,-2.891974353910300977e+01,8.885633226263600637e-01,8.885633226263600637e-01,1.054526453910647144e+00
1.346500000000000057e+02,3.349149281050002003e+01,-2.903242481807613729e+01,8.195384070982433267e-01,8.195384070982433267e-01,1.114091645907923978e+00
1.347000000000000171e+02,3.380073138644981157e+01,-2.913664254858261771e+01,7.691814717732078366e-01,7.691814717732078366e-01,1.118584266678597672e+00
1.347500000000000000e+02,3.411073213160029383e+01,-2.924006582450870084e+01,6.873235583955799033e-01,6.873235583955799033e-01,1.148155417409663537e+00
1.348000000000000114e+02,3.442354201406796932e+01,-2.933861197864079173e+01,8.006023362531337062e-01,8.006023362531337062e-01,1.188965857973739881e+00
1.348499999999999943e+02,3.473793238916076120e+01,-2.944247602691462262e+01,7.609144699615387752e-01,7.609144699615387752e-01,1.195454593401811927e+00
1.349000000000000057e+02,3.505288065362889682e+01,-2.954410728872267811e+01,6.925396553134424149e-01,6.925396553134424149e-01,1.222612375396477713e+00
1.349500000000000171e+02,3.536821410432661850e+01,-2.964170355848041183e+01,6.923383720166945698e-01,6.923383720166945698e-01,1.260622242219169076e+00
1.350000000000000000e+02,3.568483829698094212e+01,-2.973764305079198778e+01,6.555210478053565826e-01,6.555210478053565826e-01,1.260136760066747685e+00
1.350500000000000114e+02,3.599817137626908448e+01,-2.982953947638008074e+01,6.076989811753950033e-01,6.076989811753950033e-01,1.278417188979957375e+00
1.350999999999999943e+02,3.631142994128610013e+01,-2.991883811750198774e+01,5.290706952189636603e-01,5.290706952189636603e-01,1.306615364759164954e+00
1.351500000000000057e+02,3.662832280605422142e+01,-3.000378560635162017e+01,5.277021753359798506e-01,5.277021753359798506e-01,1.296976898096784625e+00
1.352000000000000171e+02,3.694620590830198381e+01,-3.008912686471072107e+01,5.466091101180435841e-01,5.466091101180435841e-01,1.308821519316076598e+00
1.352500000000000000e+02,3.726228298951689055e+01,-3.017598181952920910e+01,4.906548905801840776e-01,4.906548905801840776e-01,1.332291006272430911e+00
1.353000000000000114e+02,3.757732794890490169e+01,-3.025621197656668571e+01,4.548176044133655505e-01,4.548176044133655505e-01,1.319376981179279706e+00
1.353499999999999943e+02,3.789254220805957374e+01,-3.033473197119726450e+01,3.944099114983479759e-01,3.944099114983479759e-01,1.326545461880067833e+00
1.354000000000000057e+02,3.820833295686992415e+01,-3.041000143739950090e+01,3.645228459812662747e-01,3.645228459812662747e-01,1.335380289812937660e+00
1.354500000000000171e+02,3.852764182836082796e+01,-3.048420369263720175e+01,1.999695935036655825e-01,1.999695935036655825e-01,1.317658440771267037e+00
1.355000000000000000e+02,3.884938667599314499e+01,-3.054863106154763486e+01,2.117335826387649611e-01,2.117335826387649611e-01,1.310955125287074141e+00
1.355500000000000114e+02,3.916469717940992012e+01,-3.061254202798606272e+01,1.992522696054764286e-01,1.992522696054764286e-01,1.306348531648407807e+00
1.355999999999999943e+02,3.948008261131633390e+01,-3.067513651227115190e+01,1.969839690580173774e-01,1.969839690580173774e-01,1.279435209522768346e+00
1.356500000000000057e+02,3.979622901014692360e+01,-3.073834347149421831e+01,1.495830409814426498e-01,1.495830409814426498e-01,1.276213079129037586e+00
1.357000000000000171e+02,4.012092566559385176e+01,-3.080128614215880134e+01,1.478120721881069910e-01,1.478120721881069910e-01,1.263652631192907938e+00
1.357500000000000000e+02,4.044632187201059281e+01,-3.086382983505409783e+01,9.820511520699765073e-02,9.820511520699765073e-02,1.236104409688308481e+00
1.358000000000000114e+02,4.077320968465231488e+01,-3.092404717443395157e+01,1.541237591148527340e-02,1.541237591148527340e-02,1.227437982848500697e+00
1.358499999999999943e+02,4.110096003681747590e+01,-3.097969106579470377e+01,-3.574706703952576503e-02,-3.574706703952576503e-02,1.208428043192200985e+00
1.359000000000000057e+02,4.142834676125507798e+01,-3.103197437897999222e+01,-8.613431310014071918e-02,-8.613431310014071918e-02,1.169206279287638539e+00
1.359500000000000171e+02,4.175181529531518976e+01,-3.108100498687340618e+01,-1.307426671484155367e-01,-1.307426671484155367e-01,1.151256053332598173e+00
1.360000000000000000e+02,4.207671572366422907e+01,-3.112809045079416492e+01,-1.280632623899176370e-01,-1.280632623899176370e-01,1.123778338847800207e+00
1.360500000000000114e+02,4.240194748312797657e+01,-3.117575073078055325e+01,-9.388032552709013601e-02,-9.388032552709013601e-02,1.080467163811513753e+00
1.360999999999999943e+02,4.272089714028125229e+01,-3.122470330082388656e+01,-7.394598074930038012e-02,-7.394598074930038012e-02,1.066532986675539751e+00
1.361500000000000057e+02,4.303916348504561995e+01,-3.127552869166032323e+01,-6.694771609558215764e-02,-6.694771609558215764e-02,1.039307622932262420e+00
1.362000000000000171e+02,4.335851297968075357e+01,-3.132719578518288728e+01,-5.890959140330283977e-02,-5.890959140330283977e-02,1.003426231822177161e+00
1.362500000000000000e+02,4.367925148591201889e+01,-3.138031335034542479e+01,-7.750675300399878509e-02,-7.750675300399878509e-02,9.978017487028788546e-01
1.363000000000000114e+02,4.400115080068447071e+01,-3.143309405283710589e+01,-3.341150213459082724e-02,-3.341150213459082724e-02,9.650099299114556217e-01
1.363499999999999943e+02,4.432254982345044425e+01,-3.148876845966486115e+01,-4.651354688347506677e-02,-4.651354688347506677e-02,9.347336126314845783e-01
1.364000000000000057e+02,4.464732475226198005e+01,-3.154533229478207446e+01,-9.472896133410112218e-02,-9.472896133410112218e-02,9.344419714180615122e-01
1.364500000000000171e+02,4.496872875330183916e+01,-3.159824649360876236e+01,-5.478736547897201936e-02,-5.478736547897201936e-02,8.977553454627196228e-01
1.365000000000000000e+02,4.528780826207211874e+01,-3.165348472597234419e+01,-6.637349268485393493e-03,-6.637349268485393493e-03,8.690142697211723499e-01
1.365500000000000114e+02,4.560725543275850669e+01,-3.171246944617837471e+01,6.236409627311785553e-02,6.236409627311785553e-02,8.773505387300278846e-01
1.365999999999999943e+02,4.592488042052566755e+01,-3.177612553333909418e+01,7.613859327207121719e-02,7.613859327207121719e-02,8.443432972036126749e-01
1.366500000000000057e+02,4.623743608213101908e+01,-3.183962600511404517e+01,1.633879797207571719e-02,1.633879797207571719e-02,8.288129452608004044e-01
1.367000000000000171e+02,4.654945989737240808e+01,-3.189957601962481704e+01,-1.875477881259615329e-02,-1.875477881259615329e-02,8.476320595367962119e-01
1.367500000000000000e+02,4.686630195579684255e+01,-3.195860386866448266e+01,2.366426870091651105e-02,2.366426870091651105e-02,7.976134080657569791e-01
1.368000000000000114e+02,4.718421937144379541e+01,-3.202060215592023695e+01,1.252149497640730330e-02,1.252149497640730330e-02,7.855951253380820676e-01
1.368499999999999943e+02,4.750090667187519244e+01,-3.208211826628446062e+01,-2.388502278975795923e-02,-2.388502278975795923e-02,7.980182463028784312e-01
1.369000000000000057e+02,4.782018804258753164e+01,-3.214179420777833940e+01,-2.530100962388257338e-02,-2.530100962388257338e-02,7.504162137656502640e-01
1.369500000000000171e+02,4.813898186633551290e+01,-3.220177464851521876e+01,2.897890458782064957e-02,2.897890458782064957e-02,7.407957547810702925e-01
1.370000000000000000e+02,4.845556625075719381e+01,-3.226531229398293021e+01,3.633341614304851780e-02,3.633341614304851780e-02,7.487375604496376846e-01
1.370500000000000114e+02,4.876973400803673542e+01,-3.232879026110095566e+01,3.323235389733251305e-02,3.323235389733251305e-02,7.081050430040300991e-01
1.370999999999999943e+02,4.908450516729655533e+01,-3.239260197913192485e+01,-5.264015362978433088e-02,-5.264015362978433088e-02,7.095669769394326032e-01
1.371500000000000057e+02,4.940005514015859944e+01,-3.245135695347359217e+01,-4.683915658734779525e-02,-4.683915658734779525e-02,7.020398184859227841e-01
1.372000000000000171e+02,4.971617566266656496e+01,-3.251073847964887165e+01,2.718720689064201348e-02,2.718720689064201348e-02,6.621721685694199611e-01
1.372500000000000000e+02,5.003198940351253299e+01,-3.257529075547560637e+01,3.832734785888059457e-03,3.832734785888059457e-03,6.717067052599631216e-01
1.373000000000000114e+02,5.034927435405071350e+01,-3.263899522901850503e+01,3.548634560975728186e-02,3.548634560975728186e-02,6.573278758125814525e-01
1.373499999999999943e+02,5.066718727692899904e+01,-3.270482610605384366e+01,9.011649681696816405e-02,9.011649681696816405e-02,6.278284195539827195e-01
1.374000000000000057e+02,5.098293593932945811e+01,-3.277412947424677725e+01,-3.588206617833724493e-02,-3.588206617833724493e-02,6.479084853715993964e-01
1.374500000000000171e+02,5.129880368738555774e+01,-3.283555848765802665e+01,-1.290872694749938820e-01,-1.290872694749938820e-01,6.217766886733985254e-01
1.375000000000000000e+02,5.161585459979091439e+01,-3.289133723287314126e+01,-1.362986517468270653e-01,-1.362986517468270653e-01,5.875816459784183321e-01
1.375500000000000114e+02,5.193074824710517134e+01,-3.294659319990683599e+01,-2.019818171150370989e-01,-2.019818171150370989e-01,6.048695588066513862e-01
1.375999999999999943e+02,5.224834416337156995e+01,-3.299857894721158402e+01,-1.721241498182533303e-01,-1.721241498182533303e-01,5.529803646188669042e-01
1.376500000000000057e+02,5.256120512701340175e+01,-3.305187460695793078e+01,-2.532115890130519076e-01,-2.532115890130519076e-01,5.253540254353954442e-01
1.377000000000000171e+02,5.287664055060696455e+01,-3.310087141493872309e+01,-2.181114470694451857e-01,-2.181114470694451857e-01,5.523970924337595623e-01
1.377500000000000000e+02,5.319018268733346844e+01,-3.315218088442211553e+01,-2.039960452962270576e-01,-2.039960452962270576e-01,4.758337692979860978e-01
1.378000000000000114e+02,5.349985898236589321e+01,-3.320412197791658571e+01,-2.673250891656057671e-01,-2.673250891656057671e-01,4.620733258925225351e-01
1.378499999999999943e+02,5.380752524767380862e+01,-3.325178229717334233e+01,-2.964877662946057146e-01,-2.964877662946057146e-01,4.670758206389897249e-01
1.379000000000000057e+02,5.411890331851534341e+01,-3.329926976742407163e+01,-3.365548353301556772e-01,-3.365548353301556772e-01,3.961168652071299090e-01
1.379500000000000171e+02,5.443376603868906471e+01,-3.334515784176257114e+01,-3.647645810899400320e-01,-3.647645810899400320e-01,3.998679654680799000e-01
1.380000000000000000e+02,5.474863694628266586e+01,-3.338958335010946854e+01,-3.800469032868934449e-01,-3.800469032868934449e-01,3.704262527982026820e-01
1.380500000000000114e+02,5.506531980750992972e+01,-3.343449585486867903e+01,-3.598978997816925651e-01,-3.598978997816925651e-01,3.057696433084954868e-01
1.380999999999999943e+02,5.538015268732169005e+01,-3.348061194242797001e+01,-4.107153966519697663e-01,-4.107153966519697663e-01,3.396864104096425918e-01
1.381500000000000057e+02,5.569537403880163851e+01,-3.352381094088774915e+01,-4.108397689403386899e-01,-4.108397689403386899e-01,2.714271300202130699e-01
1.382000000000000171e+02,5.600872944386234309e+01,-3.356816671637454164e+01,-3.885342071310613488e-01,-3.885342071310613488e-01,2.222910796778558296e-01
1.382500000000000000e+02,5.632505969754155473e+01,-3.361462721517449381e+01,-3.516286268919863733e-01,-3.516286268919863733e-01,3.008817278658290628e-01
1.383000000000000114e+02,5.664365501710544493e+01,-3.366460537384395479e+01,-3.386026017151452794e-01,-3.386026017151452794e-01,1.793281241522134695e-01
1.383499999999999943e+02,5.696106039258349796e+01,-3.371599446130213806e+01,-3.514468363003527829e-01,-3.514468363003527829e-01,1.615892372636656416e-01
1.384000000000000057e+02,5.728202243364270174e+01,-3.376791495310450841e+01,-2.853454901243818176e-01,-2.853454901243818176e-01,2.580799832682624251e-01
1.384500000000000171e+02,5.759935755365408028e+01,-3.382393353979820461e+01,-3.138421686265108757e-01,-3.138421686265108757e-01,1.078433274444817458e-01
1.385000000000000000e+02,5.792164047444515518e+01,-3.387924359554328646e+01,-3.421475490492796312e-01,-3.421475490492796312e-01,1.271517840829234081e-01
1.385500000000000114e+02,5.824239867336250853e+01,-3.393305814891974137e+01,-3.498549905332926646e-01,-3.498549905332926646e-01,2.210557362820665672e-01
1.385999999999999943e+02,5.856104422032304058e+01,-3.398661798599000861e+01,-3.374217387863784334e-01,-3.374217387863784334e-01,4.910763263046874494e-02
1.386500000000000057e+02,5.887771014825814575e+01,-3.404061209305593394e+01,-3.281071049436820597e-01,-3.281071049436820597e-01,1.302483256022063940e-01
1.387000000000000171e+02,5.919094385031188210e+01,-3.409436469063281550e+01,-3.339162377595873421e-01,-3.339162377595873421e-01,1.880719200811533653e-01
1.387500000000000000e+02,5.950670971709171653e+01,-3.414938745305735068e+01,-3.002291613616385746e-01,-3.002291613616385746e-01,4.362446532463406385e-02
1.388000000000000114e+02,5.982375471564504466e+01,-3.420721216068223214e+01,-2.945472138960399944e-01,-2.945472138960399944e-01,1.719980368686656325e-01
1.388499999999999943e+02,6.013981724040242938e+01,-3.426526280820147718e+01,-3.068865877358809002e-01,-3.068865877358809002e-01,1.776886458961479121e-01
1.389000000000000057e+02,6.045780179960426892e+01,-3.432387487413069493e+01,-2.439307415195997308e-01,-2.439307415195997308e-01,9.627293521544448562e-02
1.389500000000000171e+02,6.077415346423041598e+01,-3.438626737447824411e+01,-1.858603058940149766e-01,-1.858603058940149766e-01,2.146503858645461837e-01
1.390000000000000000e+02,6.108984722008740675e+01,-3.445241504574255487e+01,-1.191154218963004774e-01,-1.191154218963004774e-01,1.817497189344320363e-01
1.390500000000000114e+02,6.140739606166554410e+01,-3.452389402191068513e+01,-1.028843934312589498e-01,-1.028843934312589498e-01,1.278723148541941190e-01
1.390999999999999943e+02,6.172527903238921709e+01,-3.459651673072210798e+01,-9.092320472814023613e-02,-9.092320472814023613e-02,2.378606494919733305e-01
1.391500000000000057e+02,6.204212857957221416e+01,-3.466963277786255304e+01,-1.078151439939171730e-01,-1.078151439939171730e-01,1.808409144248299127e-01
1.392000000000000171e+02,6.236042591595021634e+01,-3.474229043495715530e+01,-1.292102990736986035e-01,-1.292102990736986035e-01,1.420577919619577800e-01
1.392500000000000000e+02,6.267492247662943328e+01,-3.481248844946107113e+01,-1.026917798030071577e-01,-1.026917798030071577e-01,2.581150438827369276e-01
1.393000000000000114e+02,6.298650204528705387e+01,-3.488364825139067449e+01,-1.030295589300537218e-01,-1.030295589300537218e-01,1.776515524712731497e-01
1.393499999999999943e+02,6.329945371932928566e+01,-3.495542829953140540e+01,-5.839363966156526503e-02,-5.839363966156526503e-02,1.642060175664491473e-01
1.394000000000000057e+02,6.360981243870371316e+01,-3.502944209989796320e+01,-1.061028273123825472e-01,-1.061028273123825472e-01,2.879510723997232846e-01
1.394500000000000171e+02,6.391876543923687137e+01,-3.509980394208487553e+01,-1.387162629925525192e-01,-1.387162629925525192e-01,1.686681099630380209e-01
1.395000000000000000e+02,6.422406057417317982e+01,-3.516762275322246012e+01,-9.809512345912518860e-02,-9.809512345912518860e-02,1.941982827563860925e-01
1.395500000000000114e+02,6.452574629917666016e+01,-3.523711188669441441e+01,-7.163167627900912660e-02,-7.163167627900912660e-02,2.558933364815647593e-01
1.395999999999999943e+02,6.482869138776942464e+01,-3.530892366802982707e+01,-5.427469192503627665e-02,-5.427469192503627665e-02,1.640626570239530346e-01
1.396500000000000057e+02,6.513133943454049302e+01,-3.538172956001226765e+01,-1.054475830026404271e-01,-1.054475830026404271e-01,2.352809494757588105e-01
1.397000000000000171e+02,6.543141441860711893e+01,-3.545034165200882370e+01,-1.731310541468376318e-01,-1.731310541468376318e-01,2.174002034924687465e-01
1.397500000000000000e+02,6.573102081154050325e+01,-3.551508198376701131e+01,-1.869200717785525490e-01,-1.869200717785525490e-01,1.816282129829223380e-01
1.398000000000000114e+02,6.602498528607688399e+01,-3.557722709797172200e+01,-1.763509309654373303e-01,-1.763509309654373303e-01,3.052372860817370026e-01
1.398499999999999943e+02,6.631893327090632795e+01,-3.564005001900784464e+01,-2.283917348339384590e-01,-2.283917348339384590e-01,1.993175149525618639e-01
1.399000000000000057e+02,6.661586632905512317e+01,-3.570080238127516026e+01,-2.704790314760988079e-01,-2.704790314760988079e-01,2.430650113669185486e-01
1.399500000000000171e+02,6.691608082392438916e+01,-3.575976566943337076e+01,-2.523656773615437499e-01,-2.523656773615437499e-01,2.741052533151220327e-01
1.400000000000000000e+02,6.721556060230663832e+01,-3.582038255998556053e+01,-1.906840238205519678e-01,-1.906840238205519678e-01,2.270605500302457502e-01
1.400500000000000114e+02,6.751359049399331980e+01,-3.588457613759113940e+01,-2.177447543491870807e-01,-2.177447543491870807e-01,3.138008282792547066e-01
1.400999999999999943e+02,6.781423335572222300e+01,-3.594710613812930688e+01,-2.062668308659634242e-01,-2.062668308659634242e-01,2.623299234953512249e-01
1.401500000000000057e+02,6.811564513725642200e+01,-3.601120839763827775e+01,-1.804498285319078577e-01,-1.804498285319078577e-01,2.672390429085503838e-01
1.402000000000000171e+02,6.841484645316842261e+01,-3.607687570202190130e+01,-1.985538508139671199e-01,-1.985538508139671199e-01,3.373722002914873452e-01
1.402500000000000000e+02,6.871336862320352168e+01,-3.614164747412222312e+01,-1.263693828799450081e-01,-1.263693828799450081e-01,2.667853309234058945e-01
1.403000000000000114e+02,6.901351287668441614e+01,-3.621106852131361364e+01,-1.252983620555668531e-01,-1.252983620555668531e-01,3.119243739631734069e-01
1.403499999999999943e+02,6.931379097489032404e+01,-3.628049675702356325e+01,-8.488425130334570357e-02,-8.488425130334570357e-02,3.095066666258410315e-01
1.404000000000000057e+02,6.961479001940629985e+01,-3.635312146279474632e+01,-6.715181271427013432e-02,-6.715181271427013432e-02,2.736599087042876355e-01
1.404500000000000171e+02,6.991634000106121505e+01,-3.642694510677844022e+01,-8.023018523169465899e-02,-8.023018523169465899e-02,3.487705021568026087e-01
1.405000000000000000e+02,7.021915750719736593e+01,-3.650010771297951351e+01,-1.469035574933308663e-01,-1.469035574933308663e-01,2.851130684202778376e-01
1.405500000000000114e+02,7.052372661292008615e+01,-3.656960909726156217e+01,-1.687661500727090924e-01,-1.687661500727090924e-01,2.889024116733828751e-01
1.405999999999999943e+02,7.082946179523396779e+01,-3.663790934612450911e+01,-1.469708942217547443e-01,-1.469708942217547443e-01,3.567786554730306148e-01
1.406500000000000057e+02,7.113755823604668649e+01,-3.670875347104979625e+01,-1.324944263660234600e-01,-1.324944263660234600e-01,2.861034314667411649e-01
1.407000000000000171e+02,7.144416922110717394e+01,-3.678000534923231868e+01,-1.859473571041458384e-01,-1.859473571041458384e-01,3.166149764676849943e-01
1.407500000000000000e+02,7.174978743330895270e+01,-3.684731446629630369e+01,-1.376894325865483937e-01,-1.376894325865483937e-01,3.407497695781101510e-01
1.408000000000000114e+02,7.205540185406259468e+01,-3.691825005495748968e+01,-2.164284989064304554e-01,-2.164284989064304554e-01,2.945641128918666807e-01
1.408499999999999943e+02,7.235649519366987192e+01,-3.698248401384113748e+01,-2.471632826917453674e-01,-2.471632826917453674e-01,3.585412603730370185e-01
1.409000000000000057e+02,7.265745544317600491e+01,-3.704450777793367422e+01,-3.277610209562241139e-01,-3.277610209562241139e-01,3.334892021759874314e-01
1.409500000000000171e+02,7.296006519951417602e+01,-3.710233575370201464e+01,-2.231131010441835816e-01,-2.231131010441835816e-01,3.356550980986616195e-01
1.410000000000000000e+02,7.326236983347887133e+01,-3.716708356771982125e+01,-2.087789073762681968e-01,-2.087789073762681968e-01,4.109978092161911678e-01
1.410500000000000114e+02,7.356118680268201615e+01,-3.723294509637506167e+01,-2.154675531176730163e-01,-2.154675531176730163e-01,3.452560654606746104e-01
1.410999999999999943e+02,7.385832829909918473e+01,-3.729771660769154096e+01,-2.731588248037070676e-01,-2.731588248037070676e-01,3.767074218463424273e-01
1.411500000000000057e+02,7.415407698294545469e+01,-3.735805934965377162e+01,-2.817599849529651701e-01,-2.817599849529651701e-01,3.929624153839724188e-01
1.412000000000000171e+02,7.444804457339431281e+01,-3.741796816158837657e+01,-3.022858968068558583e-01,-3.022858968068558583e-01,3.718524657318782456e-01
1.412500000000000000e+02,7.473789745036306442e+01,-3.747590181432085643e+01,-2.722811627248559740e-01,-2.722811627248559740e-01,4.485672580815654453e-01
1.413000000000000114e+02,7.502345813593358059e+01,-3.753428331218140102e+01,-2.180526835067523039e-01,-2.180526835067523039e-01,3.959899535082941346e-01
1.413499999999999943e+02,7.530852205033177427e+01,-3.759682330204016409e+01,-2.099842163640222581e-01,-2.099842163640222581e-01,4.244694763957063133e-01
1.414000000000000057e+02,7.559121279355738920e+01,-3.765896182902766753e+01,-2.217631475622042492e-01,-2.217631475622042492e-01,4.283237728117593734e-01
1.414500000000000171e+02,7.587209700463284889e+01,-3.772028653001386544e+01,-2.248790295756423196e-01,-2.248790295756423196e-01,4.154798140505154835e-01
1.415000000000000000e+02,7.615170413434134389e+01,-3.778157728114704383e+01,-2.473328076610107340e-01,-2.473328076610107340e-01,4.713545663401499386e-01
1.415500000000000114e+02,7.642967633519566562e+01,-3.784146795246792294e+01,-1.784109599799856838e-01,-1.784109599799856838e-01,4.234766421279506643e-01
1.415999999999999943e+02,7.670650637323143428e+01,-3.790532068486871253e+01,-2.081988386371855515e-01,-2.081988386371855515e-01,4.709451020850015102e-01
1.416500000000000057e+02,7.698411743652634698e+01,-3.796718560882063542e+01,-1.930841712829551859e-01,-1.930841712829551859e-01,4.393406802257179278e-01
1.417000000000000171e+02,7.725995788677319354e+01,-3.803002625931532066e+01,-2.130784015955582422e-01,-2.130784015955582422e-01,4.532550868621411655e-01
1.417500000000000000e+02,7.753488540488642400e+01,-3.809098180708489423e+01,-1.695741963705291455e-01,-1.695741963705291455e-01,4.661687007346836387e-01
1.418000000000000114e+02,7.780808536702799927e+01,-3.815482327383998040e+01,-1.791381799723025803e-01,-1.791381799723025803e-01,4.462635631949291581e-01
1.418499999999999943e+02,7.807948470391147566e+01,-3.821718419259907762e+01,-2.092067341514215195e-01,-2.092067341514215195e-01,4.956595033453036758e-01
1.419000000000000057e+02,7.835048424033395520e+01,-3.827788716923097212e+01,-1.933665672770008559e-01,-1.933665672770008559e-01,4.497643073720393736e-01
1.419500000000000171e+02,7.862100026288707966e+01,-3.833924594316910373e+01,-1.749285986038987273e-01,-1.749285986038987273e-01,5.026796540382418854e-01
1.420000000000000000e+02,7.888920847776472556e+01,-3.840160296321825228e+01,-1.575927950301867497e-01,-1.575927950301867497e-01,4.596553420855339911e-01
1.420500000000000114e+02,7.915342367718636751e+01,-3.846429667973642097e+01,-1.332359918992256365e-01,-1.332359918992256365e-01,4.856760124074312457e-01
1.420999999999999943e+02,7.941511984075563646e+01,-3.852755451781222007e+01,-1.540324476641172780e-01,-1.540324476641172780e-01,4.686793500347775088e-01
1.421500000000000057e+02,7.967737543337375428e+01,-3.858995070539489802e+01,-1.220911753931840510e-01,-1.220911753931840510e-01,4.733377931967202024e-01
1.422000000000000171e+02,7.993956480026128020e+01,-3.865418950141963705e+01,-2.004578435740266007e-01,-2.004578435740266007e-01,4.805879341204549737e-01
1.422500000000000000e+02,8.020783389172477484e+01,-3.871551986312064031e+01,-1.509008737311724191e-01,-1.509008737311724191e-01,4.654473708615332606e-01
1.423000000000000114e+02,8.047724756680554492e+01,-3.878019870923672840e+01,-1.080504150359245380e-01,-1.080504150359245380e-01,5.047503117642364590e-01
1.423499999999999943e+02,8.074807495908179078e+01,-3.884786625209703459e+01,-9.531593477672711812e-02,-9.531593477672711812e-02,4.582940973537188434e-01
1.424000000000000057e+02,8.102147974362155480e+01,-3.891686229935690022e+01,-1.500472362922249669e-01,-1.500472362922249669e-01,5.064029849071933764e-01
1.424500000000000171e+02,8.129464204840931529e+01,-3.898179266366232554e+01,-1.835756729875906157e-01,-1.835756729875906157e-01,4.600586927308537022e-01
1.425000000000000000e+02,8.157133195304493256e+01,-3.904601315766534242e+01,-1.207157284683691018e-01,-1.207157284683691018e-01,4.831819763342333762e-01
1.425500000000000114e+02,8.184745005428680997e+01,-3.911398519590463962e+01,-1.186072488671003206e-01,-1.186072488671003206e-01,4.762882190450546394e-01
1.425999999999999943e+02,8.212618300053702569e+01,-3.918261637926030261e+01,-2.638662488442194282e-02,-2.638662488442194282e-02,4.622732080315837266e-01
1.426500000000000057e+02,8.240483825147489938e+01,-3.925718366021438754e+01,7.096276105221407948e-02,7.096276105221407948e-02,4.970856203504140369e-01
1.427000000000000171e+02,8.268064716795859681e+01,-3.933746221466721238e+01,8.384630106824574047e-02,8.384630106824574047e-02,4.357244009808687868e-01
1.427500000000000000e+02,8.295675762199098813e+01,-3.941834801646182740e+01,1.107796877281783249e-01,1.107796877281783249e-01,4.677313669111652916e-01
1.428000000000000114e+02,8.322816593199114266e+01,-3.949961257160575911e+01,2.256007819445538798e-01,2.256007819445538798e-01,4.144867196928386233e-01
1.428499999999999943e+02,8.349742823649989987e+01,-3.958750152092163432e+01,1.476453332318257983e-01,1.476453332318257983e-01,4.061667984439215062e-01
1.429000000000000057e+02,8.376836037859237649e+01,-3.967032272337895193e+01,1.329929813852094578e-01,1.329929813852094578e-01,3.972251141449306688e-01
1.429500000000000171e+02,8.403787217478799221e+01,-3.975148182502156402e+01,1.526622455837904069e-01,1.526622455837904069e-01,3.571769632005756812e-01
1.430000000000000000e+02,8.430763203091687785e+01,-3.983369374565607046e+01,1.827244117645560884e-01,1.827244117645560884e-01,4.002313861563239761e-01
1.430500000000000114e+02,8.458339903458733033e+01,-3.991895102789866456e+01,2.306704784236588424e-01,2.306704784236588424e-01,3.170853068578005085e-01
1.430999999999999943e+02,8.486123863458254846e+01,-4.000749412814344197e+01,2.109028294368983925e-01,2.109028294368983925e-01,3.526410774501020917e-01
1.431500000000000057e+02,8.513647546904267926e+01,-4.009389232259243130e+01,2.278807706044828629e-01,2.278807706044828629e-01,2.927713075665905329e-01
1.432000000000000171e+02,8.540943994992463217e+01,-4.018006965799254004e+01,2.216635704562513742e-01,2.216635704562513742e-01,2.806440400844831817e-01
1.432500000000000000e+02,8.568137305791181291e+01,-4.026536518659784036e+01,2.102731140006379451e-01,2.102731140006379451e-01,2.929423874923286486e-01
1.433000000000000114e+02,8.595181595250851103e+01,-4.034905585167439312e+01,2.163904937231998227e-01,2.163904937231998227e-01,2.236085227337954728e-01
1.433499999999999943e+02,8.622026000926821609e+01,-4.043250101589229217e+01,2.681012640069979636e-01,2.681012640069979636e-01,3.130614599751829208e-01
1.434000000000000057e+02,8.648824704415171993e+01,-4.051859306340150368e+01,2.996099174254175934e-01,2.996099174254175934e-01,1.826215190314185999e-01
1.434500000000000171e+02,8.675310489750721388e+01,-4.060591888249995662e+01,2.260034795021352294e-01,2.260034795021352294e-01,2.483391961727715869e-01
1.435000000000000000e+02,8.701222305918589939e+01,-4.068663644208758967e+01,2.011816216427963488e-01,2.011816216427963488e-01,1.612848233127183173e-01
1.435500000000000114e+02,8.727438887715533156e+01,-4.076579268249084720e+01,2.651485273899197859e-01,2.651485273899197859e-01,1.892321473618838179e-01
1.435999999999999943e+02,8.754168283585201493e+01,-4.085041089546720627e+01,3.268890100697323109e-01,3.268890100697323109e-01,1.733700040572453693e-01
1.436500000000000057e+02,8.781138767634250542e+01,-4.093871557993630717e+01,3.192282671157320451e-01,3.192282671157320451e-01,1.113159023311125762e-01
1.437000000000000171e+02,8.808252150467706088e+01,-4.102660845877618101e+01,3.048867792014589573e-01,3.048867792014589573e-01,2.185869999720275181e-01
1.437500000000000000e+02,8.834988689347233048e+01,-4.111212996720018253e+01,2.761385963968147061e-01,2.761385963968147061e-01,4.095605448274228233e-02
1.438000000000000114e+02,8.862084889961144540e+01,-4.119631642070184796e+01,2.587508159505216843e-01,2.587508159505216843e-01,2.177691175889760189e-01
1.438499999999999943e+02,8.889284824897640647e+01,-4.127945320910244220e+01,2.703083471562274798e-01,2.703083471562274798e-01,6.751307292614806832e-02
1.439000000000000057e+02,8.916186164813530013e+01,-4.136212897240442032e+01,2.428855512725301979e-01,2.428855512725301979e-01,1.470888683575985734e-01
1.439500000000000171e+02,8.943334144937202268e+01,-4.144338992927396248e+01,2.134149986132538035e-01,2.134149986132538035e-01,1.390368110953235092e-01
1.440000000000000000e+02,8.970952017761545960e+01,-4.152353646340382198e+01,2.014652959513308916e-01,2.014652959513308916e-01,8.178260442727847135e-02
1.440500000000000114e+02,8.998380448930062414e+01,-4.160201191338931892e+01,2.061729296719138904e-01,2.061729296719138904e-01,2.201431300829289894e-01
1.440999999999999943e+02,9.026033598693074111e+01,-4.168118350410961881e+01,1.589318518570112526e-01,1.589318518570112526e-01,6.461407040729827411e-02
1.441500000000000057e+02,9.053895192612034748e+01,-4.175763713583912562e+01,1.228573815652514861e-01,1.228573815652514861e-01,2.126059940925464631e-01
1.442000000000000171e+02,9.081647425497094162e+01,-4.183145634397160961e+01,1.595790974489304792e-01,1.595790974489304792e-01,1.184888907765661442e-01
1.442500000000000000e+02,9.109714195548465909e+01,-4.190798612139865043e+01,1.204084589727396071e-01,1.204084589727396071e-01,1.462767192310726883e-01
1.443000000000000114e+02,9.137815224986782425e+01,-4.198201361241039109e+01,8.456687696108236563e-02,8.456687696108236563e-02,1.980066272810862837e-01
1.443499999999999943e+02,9.165982863333306341e+01,-4.205356157645728388e+01,1.320910899495515711e-01,1.320910899495515711e-01,1.024801037381090352e-01
1.444000000000000057e+02,9.194069425959634145e+01,-4.212807676002594803e+01,2.037929217256717607e-01,2.037929217256717607e-01,2.567100272236108593e-01
1.444500000000000171e+02,9.222228072223158790e+01,-4.220746190981461154e+01,1.402444424306625581e-01,1.402444424306625581e-01,1.292513448740277571e-01
1.445000000000000000e+02,9.250497941299856564e+01,-4.228245869405211721e+01,1.466581937209331665e-01,1.466581937209331665e-01,1.892473945951853587e-01
1.445500000000000114e+02,9.278907400942873096e+01,-4.235817644544815863e+01,1.520446226882690710e-01,1.520446226882690710e-01,1.974443341570645272e-01
1.445999999999999943e+02,9.307189292996358176e+01,-4.243360719504527623e+01,9.024376862902265539e-02,9.024376862902265539e-02,1.459616409330151132e-01
1.446500000000000057e+02,9.336055551279979170e+01,-4.250656854731271750e+01,1.033938860565768586e-01,1.033938860565768586e-01,2.817531339422961745e-01
1.447000000000000171e+02,9.364921451311943201e+01,-4.258014731226744942e+01,2.024683705592722135e-02,2.024683705592722135e-02,1.509072559040246786e-01
1.447500000000000000e+02,9.393870364833649944e+01,-4.264849189177409272e+01,5.417938408370408243e-02,5.417938408370408243e-02,2.058296657362990723e-01
1.448000000000000114e+02,9.422577659324517185e+01,-4.271844302498024604e+01,5.940812842146648426e-02,5.940812842146648426e-02,2.038956200932071083e-01
1.448499999999999943e+02,9.451171743881160126e+01,-4.278834012937797837e+01,-2.840669957773338944e-02,-2.840669957773338944e-02,1.530808259887840306e-01
1.449000000000000057e+02,9.479881796097804170e+01,-4.285287594800991684e+01,2.757373188727293978e-02,2.757373188727293978e-02,2.769655415957477107e-01
1.449500000000000171e+02,9.508801348233291151e+01,-4.292167079225652060e+01,4.883399295509892324e-02,4.883399295509892324e-02,1.438665725949501983e-01
1.450000000000000000e+02,9.537376196967863962e+01,-4.299098864872427583e+01,2.890201338314097104e-02,2.890201338314097104e-02,2.100222441396430162e-01
1.450500000000000114e+02,9.565990569060777204e+01,-4.305916576410812979e+01,4.431021061121068888e-02,4.431021061121068888e-02,1.928161642534163833e-01
1.450999999999999943e+02,9.594453409619059414e+01,-4.312791873786655117e+01,9.228005851877457699e-02,9.228005851877457699e-02,1.522344219083293926e-01
1.451500000000000057e+02,9.622635602897783258e+01,-4.319927551238164654e+01,5.266217544723681560e-02,5.266217544723681560e-02,2.646403443190447069e-01
1.452000000000000171e+02,9.650827418302317540e+01,-4.326786588721524396e+01,1.930396019264702528e-02,1.930396019264702528e-02,1.421933814307903554e-01
1.452500000000000000e+02,9.678705622469706782e+01,-4.333349765454181579e+01,5.366170006335738152e-02,5.366170006335738152e-02,2.344766469883103610e-01
1.453000000000000114e+02,9.706546767918999308e+01,-4.340137134238769079e+01,5.550679582262482703e-02,5.550679582262482703e-02,1.707198782685003524e-01
1.453499999999999943e+02,9.734610998114011693e+01,-4.346993003147962042e+01,5.802474213610180065e-02,5.802474213610180065e-02,1.773663589233758497e-01
1.454000000000000057e+02,9.762753614793612655e+01,-4.353889950239545215e+01,6.706813849873659306e-02,6.706813849873659306e-02,2.304324441685524638e-01
1.454500000000000171e+02,9.790878612932495173e+01,-4.360826619324890174e+01,9.233208241262498561e-02,9.233208241262498561e-02,1.450355689075708554e-01
1.455000000000000000e+02,9.819173089764767326e+01,-4.367971528278624760e+01,4.080752982496105297e-02,4.080752982496105297e-02,2.695133073160445591e-01
1.455500000000000114e+02,9.847834327179045033e+01,-4.374863119914164145e+01,1.658408103169143819e-02,1.658408103169143819e-02,1.611736570681325253e-01
1.455999999999999943e+02,9.876709876705844238e+01,-4.381637198323433324e+01,-4.020025948611705841e-02,-4.020025948611705841e-02,1.939408064802355114e-01
1.456500000000000057e+02,9.905665747636282958e+01,-4.388071300215082715e+01,-6.211196558427072023e-02,-6.211196558427072023e-02,2.168521929441729890e-01
1.457000000000000171e+02,9.934869627327861963e+01,-4.394433337564969833e+01,-1.316100637895727676e-01,-1.316100637895727676e-01,1.352006891499961672e-01
1.457500000000000000e+02,9.964194399462314777e+01,-4.400377471065733914e+01,-2.078813185019026677e-01,-2.078813185019026677e-01,2.555245736147611635e-01
1.458000000000000114e+02,9.993965415944420272e+01,-4.405947200676747144e+01,-2.707005514969104687e-01,-2.707005514969104687e-01,1.306591556833463508e-01
1.458499999999999943e+02,1.002369796669345021e+02,-4.411149401903028888e+01,-3.010629633607879163e-01,-3.010629633607879163e-01,1.445978082581770574e-01
1.459000000000000057e+02,1.005336923964867282e+02,-4.416150136014356775e+01,-3.120099655845912090e-01,-3.120099655845912090e-01,1.951527126277440849e-01
1.459500000000000171e+02,1.008320177149589369e+02,-4.421207417400209039e+01,-3.472152510994589991e-01,-3.472152510994589991e-01,4.514855746651794816e-02
1.460000000000000000e+02,1.011321022007365542e+02,-4.426106379787213285e+01,-3.427445075008726527e-01,-3.427445075008726527e-01,2.017164108404757017e-01
1.460500000000000114e+02,1.014314401239391259e+02,-4.431030345652828117e+01,-4.351642012380576019e-01,-4.351642012380576019e-01,1.019683259645928208e-01
1.460999999999999943e+02,1.017281618053653744e+02,-4.435350101300750936e+01,-4.327393003500852875e-01,-4.327393003500852875e-01,9.849026329649439304e-02
1.461500000000000057e+02,1.020227148784965578e+02,-4.439630271596294619e+01,-4.781723842677941816e-01,-4.781723842677941816e-01,2.097238596109944342e-01
1.462000000000000171e+02,1.023174628113848001e+02,-4.443729159582529320e+01,-5.139417941142739865e-01,-5.139417941142739865e-01,8.539804469805488407e-02
1.462500000000000000e+02,1.026107124035802656e+02,-4.447665965189997905e+01,-5.137986198110620073e-01,-5.137986198110620073e-01,2.286108146833931709e-01
1.463000000000000114e+02,1.029074204233465935e+02,-4.451626237457066537e+01,-5.342780107720959126e-01,-5.342780107720959126e-01,1.781311561780040409e-01
1.463499999999999943e+02,1.032029893834674539e+02,-4.455542403858364509e+01,-5.236183587099026981e-01,-5.236183587099026981e-01,2.032529848867432598e-01
1.464000000000000057e+02,1.034952079998537187e+02,-4.459543816328654486e+01,-5.314034784909722475e-01,-5.314034784909722475e-01,2.855909938584829111e-01
1.464500000000000171e+02,1.037906265274972384e+02,-4.463622448086519512e+01,-4.672714308852325416e-01,-4.672714308852325416e-01,2.375882207273104230e-01
1.465000000000000000e+02,1.040797601762320710e+02,-4.468029603764158253e+01,-4.289118252941494513e-01,-4.289118252941494513e-01,3.335407216488041060e-01
1.465500000000000114e+02,1.043684828705675756e+02,-4.472682157006110515e+01,-3.482489733663213793e-01,-3.482489733663213793e-01,2.977428298568765563e-01
1.465999999999999943e+02,1.046518514003163745e+02,-4.477796508605530335e+01,-3.398125514855463991e-01,-3.398125514855463991e-01,3.253689970369265105e-01
1.466500000000000057e+02,1.049370779839200907e+02,-4.483025220244589804e+01,-3.514168726681928812e-01,-3.514168726681928812e-01,3.596347651403044576e-01
1.467000000000000171e+02,1.052150601378717454e+02,-4.488116453593702460e+01,-3.224974481752732047e-01,-3.224974481752732047e-01,3.366322769367550150e-01
1.467500000000000000e+02,1.054922450045077369e+02,-4.493361201330734644e+01,-3.171359339277138867e-01,-3.171359339277138867e-01,4.209122404397069861e-01
1.468000000000000114e+02,1.057658132892886158e+02,-4.498601704669474088e+01,-2.878847529690561347e-01,-2.878847529690561347e-01,3.615473818314545174e-01
1.468499999999999943e+02,1.060373344195735115e+02,-4.504047149031976005e+01,-1.659090909629438726e-01,-1.659090909629438726e-01,4.209289339151550680e-01
1.469000000000000057e+02,1.063056941449817430e+02,-4.510183403960316895e+01,-1.201956016647674763e-01,-1.201956016647674763e-01,3.830215014570639842e-01
1.469500000000000171e+02,1.065774933406616896e+02,-4.516709328201204698e+01,-9.187450207206054875e-02,-9.187450207206054875e-02,3.997625653659104272e-01
1.470000000000000000e+02,1.068471583287416564e+02,-4.523341253615097912e+01,-6.827454199781067545e-02,-6.827454199781067545e-02,3.995731379424989904e-01
1.470500000000000114e+02,1.071187007628429910e+02,-4.530208011393629164e+01,-1.319478404448642950e-01,-1.319478404448642950e-01,3.785395731362227179e-01
1.470999999999999943e+02,1.073915662859959923e+02,-4.536662477663671922e+01,-1.045875945851378469e-01,-1.045875945851378469e-01,4.255116582173751882e-01
1.471500000000000057e+02,1.076655150048562035e+02,-4.543363281154619671e+01,-6.933117342295612440e-02,-6.933117342295612440e-02,3.716036631371228971e-01
1.472000000000000171e+02,1.079425427536081799e+02,-4.550361845395747906e+01,-7.404387089091538088e-02,-7.404387089091538088e-02,4.271546746219858082e-01
1.472500000000000000e+02,1.082184463785156225e+02,-4.557273203208168866e+01,-9.736660353199153364e-03,-9.736660353199153364e-03,3.723833675110200248e-01
1.473000000000000114e+02,1.084955261150462036e+02,-4.564654076786425918e+01,-4.161973032245426529e-02,-4.161973032245426529e-02,3.855303905138717790e-01
1.473499999999999943e+02,1.087780813523464332e+02,-4.571918197582473908e+01,-5.176500630636492878e-02,-5.176500630636492878e-02,3.861427130843176903e-01
1.474000000000000057e+02,1.090641534621675675e+02,-4.579225011438337845e+01,-3.033837010158127456e-02,-3.033837010158127456e-02,3.542902625478652756e-01
1.474500000000000171e+02,1.093541662930102802e+02,-4.586727104771814822e+01,-1.941078860749957322e-02,-1.941078860749957322e-02,4.229111002598147095e-01
1.475000000000000000e+02,1.096439946479455756e+02,-4.594276682584992244e+01,3.237165245801267716e-02,3.237165245801267716e-02,3.454579971484297296e-01
1.475500000000000114e+02,1.099358096154955859e+02,-4.602223691286621943e+01,4.507160582502546531e-02,4.507160582502546531e-02,3.587703626913620880e-01
1.475999999999999943e+02,1.102299160816762793e+02,-4.610289035744558106e+01,4.441321271686059918e-02,4.441321271686059918e-02,3.641348402618393987e-01
1.476500000000000057e+02,1.105224635728572622e+02,-4.618298776307148756e+01,4.522182070224862321e-02,4.522182070224862321e-02,3.142134367482161128e-01
1.477000000000000171e+02,1.108098198713565949e+02,-4.626168717497225913e+01,4.124371710228869753e-02,4.124371710228869753e-02,3.753709795539121319e-01
1.477500000000000000e+02,1.110950235809439164e+02,-4.633946872819976903e+01,-9.285180037965036492e-02,-9.285180037965036492e-02,3.051480338976931828e-01
1.478000000000000114e+02,1.113817045573542828e+02,-4.640908880641342193e+01,-2.301802453466799195e-02,-2.301802453466799195e-02,3.202083969638759853e-01
1.478499999999999943e+02,1.116613945314431646e+02,-4.648138758384875757e+01,-7.273409419512231154e-04,-7.273409419512231154e-04,3.339960888153806207e-01
1.479000000000000057e+02,1.119464034637184398e+02,-4.655652654605958674e+01,1.646432050027169317e-02,1.646432050027169317e-02,2.865451369903124212e-01
1.479500000000000171e+02,1.122309842976857652e+02,-4.663257302391926373e+01,-6.153724254059571991e-02,-6.153724254059571991e-02,3.638547810535068261e-01
1.480000000000000000e+02,1.125139934169286278e+02,-4.670360749430481917e+01,-4.010097224947356542e-02,-4.010097224947356542e-02,2.802143038901039329e-01
1.480500000000000114e+02,1.127971119744488959e+02,-4.677606185754779489e+01,-3.282190078172712855e-02,-3.282190078172712855e-02,3.076623603708154020e-01
1.480999999999999943e+02,1.130839831412880443e+02,-4.685004381555609854e+01,-1.914733332047926714e-02,-1.914733332047926714e-02,3.051703137810871103e-01
1.481500000000000057e+02,1.133706006667220407e+02,-4.692477998446668153e+01,-1.845550369993344611e-02,-1.845550369993344611e-02,2.650783570186114324e-01
1.482000000000000171e+02,1.136621510790696590e+02,-4.700092352460864475e+01,-3.092387802751273701e-02,-3.092387802751273701e-02,3.518133380970755453e-01
1.482500000000000000e+02,1.139502004223140403e+02,-4.707554212364683366e+01,2.282230126838409937e-02,2.282230126838409937e-02,2.559370241936689272e-01
1.483000000000000114e+02,1.142356253712761713e+02,-4.715222445601128243e+01,4.223692223316886235e-02,4.223692223316886235e-02,2.820885902045323634e-01
1.483499999999999943e+02,1.145219255917464949e+02,-4.723001643960893148e+01,6.686359361530742895e-02,6.686359361530742895e-02,2.790985266790014796e-01
1.484000000000000057e+02,1.148049959784300711e+02,-4.730803989825739819e+01,8.167245909290360428e-02,8.167245909290360428e-02,2.297966359632205857e-01
1.484500000000000171e+02,1.150851869846658957e+02,-4.738585223482150610e+01,1.261182176723334991e-01,1.261182176723334991e-01,3.230850189592150423e-01
1.485000000000000000e+02,1.153624424929885492e+02,-4.746475287867176007e+01,1.597503447121562947e-01,1.597503447121562947e-01,2.058910784957795059e-01
1.485500000000000114e+02,1.156446658848762041e+02,-4.754600071013783236e+01,1.017378593683897076e-01,1.017378593683897076e-01,2.528608387365978150e-01
1.485999999999999943e+02,1.159271422515774930e+02,-4.762443465217816652e+01,4.678752977864748114e-02,4.678752977864748114e-02,2.200780114488035677e-01
1.486500000000000057e+02,1.162127560945106950e+02,-4.770113478429124854e+01,-2.817611862609781942e-02,-2.817611862609781942e-02,1.873843256806955460e-01
1.487000000000000171e+02,1.164984328536072269e+02,-4.777475091815374952e+01,-1.624355421989036319e-01,-1.624355421989036319e-01,2.785857406959774130e-01
1.487500000000000000e+02,1.167831965412842834e+02,-4.784298776501325534e+01,-6.263497292729330868e-02,-6.263497292729330868e-02,1.697933982237361805e-01
1.488000000000000114e+02,1.170686485622190958e+02,-4.791558775577696849e+01,-7.827536070464795326e-02,-7.827536070464795326e-02,2.442736819262119052e-01
1.488499999999999943e+02,1.173607448485023070e+02,-4.798959934160368590e+01,-1.601146721656507566e-01,-1.601146721656507566e-01,2.019654439262544288e-01
1.489000000000000057e+02,1.176540460418286074e+02,-4.806137240007539191e+01,-1.275008207450332998e-01,-1.275008207450332998e-01,1.758878277945098711e-01
1.489500000000000171e+02,1.179500831162873027e+02,-4.813539391232139053e+01,-1.230313587805238473e-01,-1.230313587805238473e-01,2.819669755612911888e-01
1.490000000000000000e+02,1.182446618041498567e+02,-4.820948689756419725e+01,-2.406609313658583382e-01,-2.406609313658583382e-01,1.608919184530064328e-01
1.490500000000000114e+02,1.185470972668626928e+02,-4.828265811545825414e+01,-2.696781689571940976e-01,-2.696781689571940976e-01,2.097358096405249339e-01
1.490999999999999943e+02,1.188492578913480173e+02,-4.835557980248810139e+01,-4.832376304248355847e-01,-4.832376304248355847e-01,2.297701478252095197e-01
1.491500000000000057e+02,1.191537603268791088e+02,-4.842423617256670099e+01,-4.367658470123898518e-01,-4.367658470123898518e-01,1.602790546913977487e-01
1.492000000000000171e+02,1.194576539010519554e+02,-4.849517490865439129e+01,-3.668061093184120103e-01,-3.668061093184120103e-01,2.542375476813392154e-01
1.492500000000000000e+02,1.197596394756007498e+02,-4.856838726713193921e+01,-4.616405507711509593e-01,-4.616405507711509593e-01,1.983935504981336195e-01
1.493000000000000114e+02,1.200636412162600948e+02,-4.864104067129263598e+01,-7.189222277353557455e-01,-7.189222277353557455e-01,1.758825992202768251e-01
1.493499999999999943e+02,1.203691232023048201e+02,-4.870989886115541623e+01,-8.891736548328204037e-01,-8.891736548328204037e-01,2.972113103261340150e-01
1.494000000000000057e+02,1.206734998992866394e+02,-4.877689763206103635e+01,-8.970892716745108020e-01,-8.970892716745108020e-01,1.843992592123163687e-01
1.494500000000000171e+02,1.209784948434673595e+02,-4.884637044938271089e+01,-8.689427560584653820e-01,-8.689427560584653820e-01,2.139872125956475690e-01
1.495000000000000000e+02,1.212814864961877390e+02,-4.891810507897805138e+01,-1.062702906080194687e+00,-1.062702906080194687e+00,2.622912900035184736e-01
1.495500000000000114e+02,1.215839571508713988e+02,-4.898886076286582636e+01,-1.240872702777733316e+00,-1.240872702777733316e+00,1.812031419165737178e-01
1.495999999999999943e+02,1.218882752359789663e+02,-4.906050516249651849e+01,-1.448228699729798175e+00,-1.448228699729798175e+00,2.527167782904810034e-01
1.496500000000000057e+02,1.221943629655248742e+02,-4.913338436892379946e+01,-1.562402396719544839e+00,-1.562402396719544839e+00,2.310998371224492198e-01
1.497000000000000171e+02,1.225001638164288664e+02,-4.920878419117964597e+01,-2.271834796145302260e+00,-1.600000000000000089e+00,1.864911143277205030e-01
1.497500000000000000e+02,1.228098896751305773e+02,-4.928227949417186693e+01,-2.778589480704978243e+00,-1.600000000000000089e+00,2.835342086719025434e-01
1.498000000000000114e+02,1.231167247649582066e+02,-4.935614130535534372e+01,-3.263870005428561427e+00,-1.600000000000000089e+00,2.088013125424853511e-01
1.498499999999999943e+02,1.234224876742199797e+02,-4.943346692552736243e+01,-4.263241486420884740e+00,-1.600000000000000089e+00,1.971706476194532709e-01
1.499000000000000057e+02,1.237283758408595276e+02,-4.951329902147718798e+01,-5.708306489737120515e+00,-1.600000000000000089e+00,2.934538897040249172e-01
1.499500000000000171e+02,1.240327197898966887e+02,-4.959682149620435609e+01,-7.911910904244029652e+00,-1.600000000000000089e+00,1.740554007103796708e-01
1.500000000000000000e+02,1.243347415474525661e+02,-4.968708896942591480e+01,-1.432240810151067301e+01,-1.600000000000000089e+00,1.924268315129364082e-01
