t,x,y,a_cmd,a_sat,cte
0.000000000000000000e+00,0.000000000000000000e+00,1.027212654910907075e+00,-4.087381892066875189e+00,-1.600000000000000089e+00,1.027212654910907075e+00
5.000000000000000278e-02,3.207142690605628288e-01,1.016246467813496146e+00,-4.112623239010405385e+00,-1.600000000000000089e+00,1.034123704101953756e+00
1.000000000000000056e-01,6.416256490812090041e-01,1.003198151184350406e+00,-8.500376617895762932e-01,-8.500376617895762932e-01,1.009263996504275784e+00
1.500000000000000222e-01,9.633399022957920277e-01,9.924092054647936090e-01,-7.859868877474207594e-01,-7.859868877474207594e-01,1.016753847690444079e+00
2.000000000000000111e-01,1.287374048715910435e+00,9.783727182689171409e-01,-7.021949882563497392e-01,-7.021949882563497392e-01,1.002747020446750348e+00
2.500000000000000000e-01,1.607815141915438062e+00,9.612241578244112850e-01,-5.368461142522739094e-01,-5.368461142522739094e-01,9.778908443023532904e-01
3.000000000000000444e-01,1.928146708820914546e+00,9.364219627942771407e-01,-4.206142684738958804e-01,-4.206142684738958804e-01,9.770104763366865841e-01
3.500000000000000333e-01,2.247673262675039751e+00,9.069195255607309658e-01,-3.347139126304632950e-01,-3.347139126304632950e-01,9.376895495203501074e-01
4.000000000000000222e-01,2.565041752070138958e+00,8.746830567681580515e-01,-3.021723845982706158e-01,-3.021723845982706158e-01,9.031942260019572011e-01
4.500000000000000111e-01,2.881382295808193383e+00,8.423571624672565594e-01,-2.533714764010797649e-01,-2.533714764010797649e-01,9.045005700082331401e-01
5.000000000000000000e-01,3.200314980598867987e+00,8.085912427593067164e-01,-1.788165637333109514e-01,-1.788165637333109514e-01,8.456937013217565857e-01
5.500000000000000444e-01,3.522681850444131069e+00,7.720628284662782725e-01,-1.784974264434069369e-01,-1.784974264434069369e-01,8.142177318569487898e-01
6.000000000000000888e-01,3.845770212047240122e+00,7.370604276060552795e-01,-9.249120364829378771e-02,-9.249120364829378771e-02,8.104909013447394450e-01
6.500000000000000222e-01,4.168901166379037626e+00,6.992853746832614625e-01,-1.457301517572287541e-02,-1.457301517572287541e-02,7.450853764805267510e-01
7.000000000000000666e-01,4.489396823804060688e+00,6.596274544641124171e-01,8.376701082394402698e-02,8.376701082394402698e-02,5.693274069108441582e-01
7.500000000000000000e-01,4.810331158706800281e+00,6.167604285621679505e-01,1.398810992016055466e-01,1.398810992016055466e-01,3.622342967109136724e-01
8.000000000000000444e-01,5.130585788570919625e+00,5.731100658708363493e-01,1.697369990255367667e-01,1.697369990255367667e-01,1.584644059086524615e-01
8.500000000000000888e-01,5.452181797978639111e+00,5.298144201901078265e-01,2.439586628229092058e-01,2.439586628229092058e-01,1.682099659708941597e-01
9.000000000000000222e-01,5.774638121622699849e+00,4.846953967688545362e-01,2.436751741616407785e-01,2.436751741616407785e-01,4.006244285363140256e-01
9.500000000000000666e-01,6.096686554831190819e+00,4.417217701080140557e-01,3.395924271197905964e-01,3.395924271197905964e-01,5.058878876735517505e-01
1.000000000000000000e+00,6.422657248749423786e+00,3.955704991917710078e-01,2.985502302493847626e-01,2.985502302493847626e-01,4.928576869354075463e-01
1.050000000000000044e+00,6.752591650625991093e+00,3.533175353921881312e-01,3.134918748273259892e-01,3.134918748273259892e-01,4.543298751316632300e-01
1.100000000000000089e+00,7.084526271130101804e+00,3.121549682397318226e-01,2.671172467897500180e-01,2.671172467897500180e-01,3.868465652869887417e-01
1.150000000000000133e+00,7.415553689707706120e+00,2.753263868085087940e-01,1.896731166593332851e-01,1.896731166593332851e-01,3.910305713626162083e-01
1.200000000000000178e+00,7.751723578115935709e+00,2.437566061588065935e-01,1.869685351931594797e-01,1.869685351931594797e-01,3.669886667507458733e-01
1.250000000000000000e+00,8.091276319862002353e+00,2.135803193168920311e-01,2.101740639899321583e-01,2.101740639899321583e-01,2.992643137847800228e-01
1.300000000000000044e+00,8.427488736137830116e+00,1.838379474275067538e-01,2.948384490306739658e-01,2.948384490306739658e-01,3.099362215079596861e-01
1.350000000000000089e+00,8.765342301785070234e+00,1.511424961315877280e-01,2.908470195873995023e-01,2.908470195873995023e-01,3.097296734659036321e-01
1.400000000000000133e+00,9.104136563977075269e+00,1.201334217507999541e-01,3.695770992763178775e-01,3.695770992763178775e-01,2.189551599494225509e-01
1.450000000000000178e+00,9.444667057396349819e+00,8.655861565784780942e-02,4.126406459136118809e-01,4.126406459136118809e-01,2.226123774716895765e-01
1.500000000000000000e+00,9.783327504883686743e+00,5.249695482097140042e-02,3.396553463951970664e-01,3.396553463951970664e-01,2.674318395666185899e-01
1.550000000000000044e+00,1.011880147557327270e+01,2.380093550623687756e-02,3.345878907687649950e-01,3.345878907687649950e-01,1.425295739859235855e-01
1.600000000000000089e+00,1.045291229991664217e+01,-3.286001225634327394e-03,2.604402511974787116e-01,2.604402511974787116e-01,1.504006858045573714e-01
1.650000000000000133e+00,1.078630607920311668e+01,-2.542322403377488341e-02,2.304939394220595628e-01,2.304939394220595628e-01,2.448208579038798072e-01
1.700000000000000178e+00,1.112317406164119582e+01,-4.518346160047069515e-02,2.341098158237636673e-01,2.341098158237636673e-01,9.998326744026224400e-02
1.750000000000000000e+00,1.145413309540328406e+01,-6.414636229136283507e-02,1.832223931346539936e-01,1.832223931346539936e-01,1.120591022261383796e-01
1.800000000000000044e+00,1.178689470532606798e+01,-7.980525654996382945e-02,8.811476462888036265e-02,8.811476462888036265e-02,2.407095352144134615e-01
1.850000000000000089e+00,1.211798333768797420e+01,-9.005191747160275206e-02,1.219937746339966739e-01,1.219937746339966739e-01,8.085059630208643600e-02
1.900000000000000133e+00,1.244554176315693184e+01,-1.015876138254718786e-01,1.180193664245347551e-01,1.180193664245347551e-01,1.020803332884584746e-01
1.950000000000000178e+00,1.277557911507303956e+01,-1.125523383897439611e-01,1.061151976343845948e-01,1.061151976343845948e-01,2.337293225387198636e-01
2.000000000000000000e+00,1.311089492587046301e+01,-1.226140487164699699e-01,1.261216066488811682e-01,1.261216066488811682e-01,7.342921148053872804e-02
2.050000000000000266e+00,1.344444220525486777e+01,-1.333139688868002770e-01,1.949924517657301848e-01,1.949924517657301848e-01,9.161569144037806645e-02
2.100000000000000089e+00,1.377502098060690194e+01,-1.470497814764588629e-01,1.663939753532307497e-01,1.663939753532307497e-01,2.395458612768246176e-01
2.149999999999999911e+00,1.410722729012019272e+01,-1.588475862051469956e-01,2.067735453199596174e-01,2.067735453199596174e-01,7.602232507680126150e-02
2.200000000000000178e+00,1.444280535223790451e+01,-1.722676203655862381e-01,2.233689714287513950e-01,2.233689714287513950e-01,8.741281211706768139e-02
2.250000000000000000e+00,1.478276949728951983e+01,-1.860364497847085685e-01,2.477854159167066916e-01,2.477854159167066916e-01,2.433749022644370874e-01
2.300000000000000266e+00,1.512677413346551525e+01,-2.005131421389671487e-01,2.367543362133021079e-01,2.367543362133021079e-01,1.101390351177896354e-01
2.350000000000000089e+00,1.546865711840289492e+01,-2.138504885833199531e-01,2.286305925583232146e-01,2.286305925583232146e-01,7.196479173359394965e-02
2.400000000000000355e+00,1.581312693961180038e+01,-2.262736201740190856e-01,2.993711518155430240e-01,2.993711518155430240e-01,2.119718114350451210e-01
2.450000000000000178e+00,1.615587112566527850e+01,-2.417593559119615709e-01,2.739317113200643306e-01,2.739317113200643306e-01,1.560188675951801607e-01
2.500000000000000000e+00,1.649474781191147343e+01,-2.553443928565531373e-01,2.817477973245205991e-01,2.817477973245205991e-01,8.249557753919294079e-02
2.550000000000000266e+00,1.683613861018703162e+01,-2.687894754556529597e-01,2.336077242605600901e-01,2.336077242605600901e-01,1.952422023029533049e-01
2.600000000000000089e+00,1.717454721850201693e+01,-2.793185647820438655e-01,2.669143637779727851e-01,2.669143637779727851e-01,1.918262081875760638e-01
2.650000000000000355e+00,1.750945616453974552e+01,-2.911630084079074865e-01,3.830547461729179592e-01,3.830547461729179592e-01,1.055486145733937897e-01
2.700000000000000178e+00,1.784594306839572297e+01,-3.083676460370572969e-01,4.138690975455641685e-01,4.138690975455641685e-01,1.960921024996410134e-01
2.750000000000000000e+00,1.818337607235293163e+01,-3.263905776602957776e-01,4.170639798351281069e-01,4.170639798351281069e-01,2.255847937260039016e-01
2.800000000000000266e+00,1.852101704816399419e+01,-3.438142798252021293e-01,3.777317779764417516e-01,3.777317779764417516e-01,1.491716256852968769e-01
2.850000000000000089e+00,1.885911468627777410e+01,-3.585437129487806240e-01,2.961474883607806419e-01,2.961474883607806419e-01,2.081649229421814185e-01
2.900000000000000355e+00,1.919511898042544118e+01,-3.686433874012975398e-01,2.424779034624115204e-01,2.424779034624115204e-01,2.601528676809616303e-01
2.950000000000000178e+00,1.953298425540421235e+01,-3.756931161254713492e-01,1.900703605153572229e-01,1.900703605153572229e-01,1.737704291811080770e-01
3.000000000000000000e+00,1.987385045258962180e+01,-3.798956381987486086e-01,1.735235153760405491e-01,1.735235153760405491e-01,2.032638131474856502e-01
3.050000000000000266e+00,2.021683062438283685e+01,-3.832075692503457698e-01,1.662628937715232846e-01,1.662628937715232846e-01,2.853186569061793021e-01
3.100000000000000089e+00,2.055587624840849870e+01,-3.862359191863584673e-01,2.283827514138211112e-01,2.283827514138211112e-01,1.831792318973091971e-01
3.150000000000000355e+00,2.089276438159820160e+01,-3.924333117652823444e-01,2.488177023163142265e-01,2.488177023163142265e-01,1.914908735350045743e-01
3.200000000000000178e+00,2.123024058312966744e+01,-3.995059650313990685e-01,2.939171957370005361e-01,2.939171957370005361e-01,3.011186635846905824e-01
3.250000000000000000e+00,2.156488208319977673e+01,-4.086962021030922654e-01,2.670478697270897706e-01,2.670478697270897706e-01,2.006979729036919569e-01
3.300000000000000266e+00,2.190016037843104968e+01,-4.162404893163217379e-01,2.593503746670315913e-01,2.593503746670315913e-01,1.973934272813109014e-01
3.350000000000000089e+00,2.223886340600136435e+01,-4.231318169405560159e-01,1.755705388172976722e-01,1.755705388172976722e-01,2.961945036217039640e-01
3.400000000000000355e+00,2.258021179701437120e+01,-4.256140337284121111e-01,2.885108655455357329e-01,2.885108655455357329e-01,2.169277182121482073e-01
3.450000000000000178e+00,2.292446251948663516e+01,-4.337489839153046978e-01,2.624198583869685741e-01,2.624198583869685741e-01,1.946426597544916037e-01
3.500000000000000000e+00,2.327179519021832732e+01,-4.402828762577218891e-01,2.322235527902772323e-01,2.322235527902772323e-01,2.705855639982898131e-01
3.550000000000000266e+00,2.362004390378455909e+01,-4.451368993191633927e-01,2.032986510408434644e-01,2.032986510408434644e-01,2.510622999496118779e-01
3.600000000000000089e+00,2.396908899950537375e+01,-4.484675065445023479e-01,2.903431532708780627e-01,2.903431532708780627e-01,1.943510273160998780e-01
3.650000000000000355e+00,2.431695342597469178e+01,-4.561923115449307287e-01,3.227630643662582344e-01,3.227630643662582344e-01,2.407785808234280955e-01
3.700000000000000178e+00,2.466431221413564501e+01,-4.653298543915297403e-01,3.296771109888876894e-01,3.296771109888876894e-01,2.927454762415998002e-01
3.750000000000000000e+00,2.501432425461486631e+01,-4.744639038602551651e-01,3.645592605374057826e-01,3.645592605374057826e-01,2.185065191041165866e-01
3.800000000000000266e+00,2.536432059342798340e+01,-4.850469026996661048e-01,3.546163213947662318e-01,3.546163213947662318e-01,2.308555242949688058e-01
3.850000000000000089e+00,2.571272684107366757e+01,-4.947972250344179201e-01,3.254007640955863256e-01,3.254007640955863256e-01,3.195790272843006541e-01
3.900000000000000355e+00,2.605697408105609014e+01,-5.028605083107321461e-01,3.749812595470058962e-01,3.749812595470058962e-01,2.533758269463734503e-01
3.950000000000000178e+00,2.640076008558606091e+01,-5.131767058120680902e-01,3.324739745511235411e-01,3.324739745511235411e-01,2.359635313009226798e-01
4.000000000000000000e+00,2.673801102914386973e+01,-5.211814459645988107e-01,3.458831525140025343e-01,3.458831525140025343e-01,3.086440368808308077e-01
4.049999999999999822e+00,2.707436068445987587e+01,-5.296487028831612376e-01,2.348502036256595316e-01,2.348502036256595316e-01,2.791910421761255034e-01
4.100000000000000533e+00,2.740997929120066701e+01,-5.323323359369872554e-01,2.115893514276462328e-01,2.115893514276462328e-01,2.422241241049516158e-01
4.150000000000000355e+00,2.774536459277018707e+01,-5.339057110546051588e-01,1.032673572303311887e-01,1.032673572303311887e-01,3.011015116248485501e-01
4.200000000000000178e+00,2.807670423466165488e+01,-5.302739517330350427e-01,2.627233801040921093e-02,2.627233801040921093e-02,2.755081909196524514e-01
4.250000000000000000e+00,2.841041017955111769e+01,-5.230994544978109229e-01,-4.516650239970119995e-02,-4.516650239970119995e-02,2.218247566996524867e-01
4.299999999999999822e+00,2.874414772745547708e+01,-5.129072135607360972e-01,-1.005747688396046169e-01,-1.005747688396046169e-01,2.729216589802670456e-01
4.350000000000000533e+00,2.907876937268262907e+01,-5.006376450074719875e-01,-4.546787706641766680e-02,-4.546787706641766680e-02,2.480570976159305330e-01
4.400000000000000355e+00,2.941287510313642528e+01,-4.919569598319616932e-01,3.963262970511059052e-02,3.963262970511059052e-02,1.796212785412545365e-01
4.450000000000000178e+00,2.974959941855662748e+01,-4.881220457657734491e-01,3.626051281650970182e-02,3.626051281650970182e-02,2.383349333303698137e-01
4.500000000000000000e+00,3.008555085864948353e+01,-4.845191586880293610e-01,-1.045515913404014043e-02,-1.045515913404014043e-02,2.376251071471849052e-01
4.549999999999999822e+00,3.041860733277463069e+01,-4.789984649002019257e-01,-1.573103601363773840e-03,-1.573103601363773840e-03,1.560712009312096304e-01
4.600000000000000533e+00,3.075103078644724164e+01,-4.743998249214313456e-01,1.123067015278559309e-02,1.123067015278559309e-02,2.151884215602314354e-01
4.650000000000000355e+00,3.108473641254334296e+01,-4.708460556994095159e-01,-1.822251600590404225e-02,-1.822251600590404225e-02,2.262302441869355751e-01
4.700000000000000178e+00,3.142201554728773516e+01,-4.661480076004189121e-01,7.242321202520975165e-02,7.242321202520975165e-02,1.335725931328447802e-01
4.750000000000000000e+00,3.175789090557830363e+01,-4.664309226450711887e-01,5.868675612314569121e-03,5.868675612314569121e-03,1.923039560160305639e-01
4.800000000000000711e+00,3.209016692830495288e+01,-4.635918631298912573e-01,1.036654551934771372e-02,1.036654551934771372e-02,2.258875644717470710e-01
4.850000000000000533e+00,3.242221274760267846e+01,-4.613090126162123772e-01,6.922349184035150871e-02,6.922349184035150871e-02,1.195668474714758484e-01
4.900000000000000355e+00,3.275852191315131279e+01,-4.622372330458669465e-01,8.650603306271748005e-02,8.650603306271748005e-02,1.767294766810288131e-01
4.950000000000000178e+00,3.309314184692642868e+01,-4.641802159615046608e-01,1.148203215305826225e-01,1.148203215305826225e-01,2.293090665231644343e-01
5.000000000000000000e+00,3.342919759556866666e+01,-4.676131536889973628e-01,1.932928869866553934e-01,1.932928869866553934e-01,1.191629183912709111e-01
5.050000000000000711e+00,3.376349406307267742e+01,-4.749883340515453356e-01,1.465370856127041210e-01,1.465370856127041210e-01,1.689957158183467700e-01
5.100000000000000533e+00,3.409961052800764492e+01,-4.798145669919475220e-01,1.306548863521098391e-01,1.306548863521098391e-01,2.437139219773962473e-01
5.150000000000000355e+00,3.443433206061782670e+01,-4.837922636418672817e-01,1.470542861879206020e-01,1.470542861879206020e-01,1.288233869340384696e-01
5.200000000000000178e+00,3.476550829878825510e+01,-4.885954860439725711e-01,1.325984660273075433e-01,1.325984660273075433e-01,1.645101948277210013e-01
5.250000000000000000e+00,3.510025636189479314e+01,-4.925820845185318042e-01,1.665051216525766375e-01,1.665051216525766375e-01,2.516580528187470911e-01
5.300000000000000711e+00,3.544101291747989535e+01,-4.981938202079607136e-01,1.691100606551492747e-01,1.691100606551492747e-01,1.382704897777571329e-01
5.350000000000000533e+00,3.578313042493931562e+01,-5.038194190149979379e-01,1.612606745134198272e-01,1.612606745134198272e-01,1.520021705722833516e-01
5.400000000000000355e+00,3.612655690017876253e+01,-5.089359405990794283e-01,1.977428994882196867e-01,1.977428994882196867e-01,2.718947139359326748e-01
5.450000000000000178e+00,3.646829062014646183e+01,-5.158129420994362890e-01,1.950059388870371280e-01,1.950059388870371280e-01,1.628922375920899279e-01
5.500000000000000000e+00,3.681796658272541833e+01,-5.223072315086855211e-01,2.191585058038952039e-01,2.191585058038952039e-01,1.390194785694471580e-01
5.550000000000000711e+00,3.716202756674390173e+01,-5.299126684089889849e-01,2.372023877860044427e-01,2.372023877860044427e-01,2.401648123649865463e-01
5.600000000000000533e+00,3.750767481910848744e+01,-5.381926353426709220e-01,1.758532074444599524e-01,1.758532074444599524e-01,2.028049818162919737e-01
5.650000000000000355e+00,3.785670155417727045e+01,-5.431218543636870955e-01,1.887954629028877340e-01,1.887954629028877340e-01,1.408300039289034633e-01
5.700000000000000178e+00,3.820506185864112325e+01,-5.486396710729808390e-01,2.136277117554798710e-01,2.136277117554798710e-01,2.057461878842293257e-01
5.750000000000000000e+00,3.855050123246071081e+01,-5.553343868911773118e-01,1.377786471415096137e-01,1.377786471415096137e-01,2.451730471511518739e-01
5.800000000000000711e+00,3.889180624992532387e+01,-5.581252892173033109e-01,1.913414109724081158e-01,1.913414109724081158e-01,1.508140644052853863e-01
5.850000000000000533e+00,3.923714167023879895e+01,-5.635905752147530867e-01,2.723981399125534608e-01,2.723981399125534608e-01,1.826392404499735944e-01
5.900000000000000355e+00,3.957911500729769472e+01,-5.730514816367509034e-01,4.272536865932423100e-01,4.272536865932423100e-01,2.785361126545364274e-01
5.950000000000000178e+00,3.991833652190144477e+01,-5.899720476392817936e-01,3.523418084373310943e-01,3.523418084373310943e-01,1.823674538524482636e-01
6.000000000000000000e+00,4.025435903820562800e+01,-6.024999297764709327e-01,2.966506322532907469e-01,2.966506322532907469e-01,1.939081301739534746e-01
6.050000000000000711e+00,4.058932503272151138e+01,-6.117965171867865148e-01,1.895387386298587884e-01,1.895387386298587884e-01,3.047024629137474738e-01
6.100000000000000533e+00,4.092286323700353989e+01,-6.154670461998638098e-01,1.925031384628595743e-01,1.925031384628595743e-01,2.008421390083882929e-01
6.150000000000000355e+00,4.125681141744180280e+01,-6.192724016824198152e-01,1.950453539529551361e-01,1.950453539529551361e-01,1.955080622628604381e-01
6.200000000000000178e+00,4.159740411676255434e+01,-6.230758426838899355e-01,1.663234262087807114e-01,1.663234262087807114e-01,2.928418957318107974e-01
6.250000000000000000e+00,4.193456732155037514e+01,-6.254940496966077124e-01,9.216416337321266250e-02,9.216416337321266250e-02,2.091862464378847764e-01
6.300000000000000711e+00,4.227146973743096225e+01,-6.242702755766599276e-01,2.899899393334678596e-02,2.899899393334678596e-02,1.827187926879782764e-01
6.350000000000000533e+00,4.260577301045990595e+01,-6.201827725003704606e-01,4.441407729311722813e-02,4.441407729311722813e-02,2.722760260102723984e-01
6.400000000000000355e+00,4.294220883819178880e+01,-6.172305226312697624e-01,6.975763657046209210e-02,6.975763657046209210e-02,2.016014164817052923e-01
6.450000000000000178e+00,4.327892812789041699e+01,-6.158830556946560675e-01,9.189909706991442051e-02,9.189909706991442051e-02,1.604656565895804798e-01
6.500000000000000000e+00,4.362171570954083677e+01,-6.158182593236183333e-01,1.324594662203261441e-01,1.324594662203261441e-01,2.448066608397490296e-01
6.550000000000000711e+00,4.396308922303190769e+01,-6.179976148283377047e-01,1.187585662101244971e-01,1.187585662101244971e-01,2.123457898518337217e-01
6.600000000000000533e+00,4.430334586163865396e+01,-6.195834327716250867e-01,1.374066786172079557e-01,1.374066786172079557e-01,1.488097880531915329e-01
6.650000000000000355e+00,4.464545012244765587e+01,-6.221861888459238044e-01,1.988808309872384661e-01,1.988808309872384661e-01,2.183362783085674719e-01
6.700000000000000178e+00,4.498685437581990243e+01,-6.279257964898099509e-01,4.069104897465587040e-02,4.069104897465587040e-02,2.345831791308314873e-01
6.750000000000000000e+00,4.532586273782689545e+01,-6.256752837877733731e-01,6.527283266225417102e-02,6.527283266225417102e-02,1.457200171010175349e-01
6.800000000000000711e+00,4.566745503170163545e+01,-6.249323276979497077e-01,1.003710937001784376e-01,1.003710937001784376e-01,1.918540269739950899e-01
6.850000000000000533e+00,4.600529850187474068e+01,-6.262181822211208004e-01,8.454749832219553285e-02,8.454749832219553285e-02,2.475977202073203765e-01
6.900000000000000355e+00,4.634291922106979200e+01,-6.268365897984685686e-01,1.380231505446896378e-01,1.380231505446896378e-01,1.423030596879381326e-01
6.950000000000000178e+00,4.667840317680089868e+01,-6.303065462376892247e-01,1.026227257777172219e-01,1.026227257777172219e-01,1.757536427790871714e-01
7.000000000000000000e+00,4.701751627306799008e+01,-6.319749049620426717e-01,1.003555977360070239e-01,1.003555977360070239e-01,2.613867860511935870e-01
7.050000000000000711e+00,4.735545708756382766e+01,-6.336438660726928518e-01,2.421194643472017460e-01,2.421194643472017460e-01,1.464763505993150472e-01
7.100000000000000533e+00,4.769182620297635111e+01,-6.425153217538761563e-01,2.902323442132501707e-01,2.902323442132501707e-01,1.643296685846302452e-01
7.150000000000000355e+00,4.802834735112796949e+01,-6.535125354029949207e-01,3.152414929452610481e-01,3.152414929452610481e-01,2.825145544896149885e-01
7.200000000000000178e+00,4.836205000785984254e+01,-6.654038895665727038e-01,3.688535434476247210e-01,3.688535434476247210e-01,1.716377714542615396e-01
7.250000000000000000e+00,4.869755907529056316e+01,-6.795170939376595776e-01,3.249914308387920614e-01,3.249914308387920614e-01,1.803805466512420075e-01
7.300000000000000711e+00,4.902910665202094975e+01,-6.909479629532384592e-01,3.644211852547780128e-01,3.644211852547780128e-01,2.975998552433413713e-01
7.350000000000000533e+00,4.936253212871395135e+01,-7.039116021707290116e-01,3.683882507813344143e-01,3.683882507813344143e-01,2.000643204237312345e-01
7.400000000000000355e+00,4.969730309767336252e+01,-7.165628889767223786e-01,4.223068983551024891e-01,4.223068983551024891e-01,2.016820802838008020e-01
7.450000000000000178e+00,5.003270911698871970e+01,-7.314218482069116956e-01,3.464338819887368692e-01,3.464338819887368692e-01,3.069839538236973642e-01
7.500000000000000000e+00,5.037014753394750244e+01,-7.418637224280251186e-01,3.004035305952830748e-01,3.004035305952830748e-01,2.311832482185711690e-01
7.550000000000000711e+00,5.070907487003205460e+01,-7.496156052872928743e-01,2.626579693761775247e-01,2.626579693761775247e-01,2.171235204741208957e-01
7.600000000000000533e+00,5.103778154178426263e+01,-7.554889107246395286e-01,2.496229783774994992e-01,2.496229783774994992e-01,3.067585047333105108e-01
7.650000000000000355e+00,5.136630344802162540e+01,-7.605938181405694776e-01,2.247522621692013833e-01,2.247522621692013833e-01,2.400005630748888730e-01
7.700000000000000178e+00,5.169303656982458506e+01,-7.644142894905481267e-01,2.174459060007347400e-01,2.174459060007347400e-01,2.235877084213507837e-01
7.750000000000000000e+00,5.202076308036460262e+01,-7.678296025528545954e-01,1.299027664840153862e-01,1.299027664840153862e-01,3.151441118075732351e-01
7.800000000000000711e+00,5.234715121431800355e+01,-7.669023674063473184e-01,4.974534131346976945e-02,4.974534131346976945e-02,2.311054883968337026e-01
7.850000000000000533e+00,5.267051418295614695e+01,-7.622565059984822700e-01,6.695478146239312867e-02,6.695478146239312867e-02,2.165696667994605196e-01
7.900000000000000355e+00,5.299428682349442710e+01,-7.588689898105809295e-01,9.191092922696775247e-02,9.191092922696775247e-02,3.144266724449508721e-01
7.950000000000000178e+00,5.331723079555280975e+01,-7.570894940840016130e-01,5.265067738828461269e-02,5.265067738828461269e-02,2.036716656758119082e-01
8.000000000000000000e+00,5.364191551685225789e+01,-7.535755209869238191e-01,8.853852753901837735e-02,8.853852753901837735e-02,2.082677423006240314e-01
8.050000000000000711e+00,5.396506035051971395e+01,-7.522352041859757810e-01,1.827289690966421923e-02,1.827289690966421923e-02,2.865044334362245038e-01
8.099999999999999645e+00,5.428895861737942852e+01,-7.476083182320502063e-01,-2.549237889143982777e-02,-2.549237889143982777e-02,1.780165362907435433e-01
8.150000000000000355e+00,5.461250468103971656e+01,-7.412048994818409842e-01,-5.110507821880312662e-02,-5.110507821880312662e-02,2.012802202621396530e-01
8.200000000000001066e+00,5.493501172216874551e+01,-7.340308147500086422e-01,-8.803127945582914227e-02,-8.803127945582914227e-02,2.507665151232495448e-01
8.250000000000000000e+00,5.525672001204051043e+01,-7.255522566480699931e-01,-1.439172817825090933e-01,-1.439172817825090933e-01,1.404961608965439035e-01
8.300000000000000711e+00,5.557441235297685722e+01,-7.149185017750477877e-01,-1.838536960423600986e-01,-1.838536960423600986e-01,1.966899790489637923e-01
8.349999999999999645e+00,5.589152968089170059e+01,-7.029858330042556558e-01,-2.211331803602755997e-01,-2.211331803602755997e-01,1.970160573239552737e-01
8.400000000000000355e+00,5.620779257452297628e+01,-6.899503768755040900e-01,-3.037701051414974929e-01,-3.037701051414974929e-01,9.368636742784799964e-02
8.450000000000001066e+00,5.652127560362914949e+01,-6.736037605334883605e-01,-2.682587271760701886e-01,-2.682587271760701886e-01,2.119556134316102347e-01
8.500000000000000000e+00,5.683034290700090452e+01,-6.599935155032913281e-01,-3.616796499606991788e-01,-3.616796499606991788e-01,1.231154179479105604e-01
8.550000000000000711e+00,5.714018717423094529e+01,-6.425320980965629758e-01,-3.652697356383134975e-01,-3.652697356383134975e-01,8.456268992377213856e-02
8.599999999999999645e+00,5.745092178518262216e+01,-6.258963023749309906e-01,-3.688457910208667312e-01,-3.688457910208667312e-01,2.340293938812485486e-01
8.650000000000000355e+00,5.775802837991103900e+01,-6.100157148862891399e-01,-4.707135152318897009e-01,-4.707135152318897009e-01,4.424403331531865519e-02
8.700000000000001066e+00,5.806527478087382832e+01,-5.899691790423506887e-01,-4.029534941603988285e-01,-4.029534941603988285e-01,1.479148721582717874e-01
8.750000000000000000e+00,5.837436937969390982e+01,-5.744433195492922861e-01,-3.923494084287802441e-01,-3.923494084287802441e-01,1.699780274408311254e-01
8.800000000000000711e+00,5.868902152795977401e+01,-5.604492434125576406e-01,-4.764227719045184828e-01,-4.764227719045184828e-01,6.619435695399840391e-02
8.849999999999999645e+00,5.900147100468795713e+01,-5.430637348302482792e-01,-4.643883025846039514e-01,-4.643883025846039514e-01,2.193797621193233349e-01
8.900000000000000355e+00,5.931394320087464678e+01,-5.272841372539175397e-01,-5.147032205319398424e-01,-5.147032205319398424e-01,1.507960324829439314e-01
8.950000000000001066e+00,5.962715143071003610e+01,-5.099422750367842427e-01,-4.479986715770855610e-01,-4.479986715770855610e-01,1.443001711390991537e-01
9.000000000000000000e+00,5.994314382509148231e+01,-4.970156371155494690e-01,-5.025969415789610650e-01,-5.025969415789610650e-01,2.799224065835512198e-01
9.050000000000000711e+00,6.026455643299203047e+01,-4.823397024610725503e-01,-4.597925117782488691e-01,-4.597925117782488691e-01,1.720544665254029049e-01
9.099999999999999645e+00,6.058502953686891601e+01,-4.706689088508427821e-01,-4.627726249269034087e-01,-4.627726249269034087e-01,2.049860224865295011e-01
9.150000000000000355e+00,6.090300594769615827e+01,-4.595057471349336398e-01,-4.180316215318347628e-01,-4.180316215318347628e-01,2.810017820812183986e-01
9.200000000000001066e+00,6.121935880817393638e+01,-4.512290801830233233e-01,-4.339657591929719782e-01,-4.339657591929719782e-01,2.017798004115930188e-01
9.250000000000000000e+00,6.153796964431925431e+01,-4.428223282160517194e-01,-4.667330484687366998e-01,-4.667330484687366998e-01,2.589337227349159942e-01
9.300000000000000711e+00,6.185561454240799151e+01,-4.333208938116717701e-01,-4.068621620427921859e-01,-4.068621620427921859e-01,2.804619468003308747e-01
9.349999999999999645e+00,6.217697168881589675e+01,-4.276123517697785203e-01,-4.474874344505914148e-01,-4.474874344505914148e-01,2.336556361361713241e-01
9.400000000000000355e+00,6.249677379835761570e+01,-4.202569395452510070e-01,-4.543404639869277895e-01,-4.543404639869277895e-01,3.056345557293602688e-01
9.450000000000001066e+00,6.281853846037994060e+01,-4.131880330381946798e-01,-3.920700495016810061e-01,-3.920700495016810061e-01,2.897897088649649677e-01
9.500000000000000000e+00,6.314341783519893880e+01,-4.099096170271715467e-01,-3.316665848447262199e-01,-3.316665848447262199e-01,2.636861886120029919e-01
9.550000000000000711e+00,6.346437148300875464e+01,-4.097886628763619532e-01,-2.773779468467763021e-01,-2.773779468467763021e-01,3.375866494499150106e-01
9.600000000000001421e+00,6.378568085965285661e+01,-4.125772918210227624e-01,-2.105500758015663720e-01,-2.105500758015663720e-01,2.884603439906096578e-01
9.650000000000000355e+00,6.410572093537743399e+01,-4.186749305176697966e-01,-1.404787749420392529e-01,-1.404787749420392529e-01,2.707061411947799257e-01
9.700000000000001066e+00,6.442414708983113769e+01,-4.280625283931069891e-01,-1.674992097747323716e-01,-1.674992097747323716e-01,3.529909605842131981e-01
9.750000000000000000e+00,6.474359166072008520e+01,-4.358526164296627203e-01,-1.415472360644486061e-01,-1.415472360644486061e-01,2.642698624640373306e-01
9.800000000000000711e+00,6.506179357522943008e+01,-4.446616645817489388e-01,-1.548426523032555568e-01,-1.548426523032555568e-01,2.668907086324975309e-01
9.850000000000001421e+00,6.537849657139162218e+01,-4.524636771568437132e-01,-2.278574730001432236e-01,-2.278574730001432236e-01,3.250836461911401076e-01
9.900000000000000355e+00,6.569549092166310800e+01,-4.564084643236024919e-01,-2.356646251377906287e-01,-2.356646251377906287e-01,2.449895584662352410e-01
9.950000000000001066e+00,6.600963122630459168e+01,-4.597967404036051309e-01,-2.095063487679184600e-01,-2.095063487679184600e-01,2.824990356644532241e-01
1.000000000000000000e+01,6.632502661851502523e+01,-4.645521132098167083e-01,-1.256921534246695504e-01,-1.256921534246695504e-01,2.947146252360516860e-01
1.005000000000000071e+01,6.664203319775678835e+01,-4.735105637739133178e-01,-4.834870696384482164e-02,-4.834870696384482164e-02,2.353725531021315931e-01
1.010000000000000142e+01,6.696470508442426706e+01,-4.863326461222551300e-01,2.223038775859134328e-02,2.223038775859134328e-02,2.906414810550352334e-01
1.015000000000000036e+01,6.728980627907317569e+01,-5.023275597735163966e-01,5.431524737148842735e-02,5.431524737148842735e-02,2.563585778562636475e-01
1.020000000000000107e+01,6.761792594016924340e+01,-5.194265400666639998e-01,6.485167158407127708e-02,6.485167158407127708e-02,2.013300847590876186e-01
1.025000000000000000e+01,6.794640334120242642e+01,-5.363729418315468234e-01,9.169313297751321978e-02,9.169313297751321978e-02,2.686539617700186011e-01
1.030000000000000071e+01,6.827773481424796387e+01,-5.540878682815076894e-01,1.492553119998635824e-01,1.492553119998635824e-01,2.204439914333445327e-01
1.035000000000000142e+01,6.860110653702595584e+01,-5.736528784010032078e-01,1.831195516387141564e-01,1.831195516387141564e-01,1.597836903503211392e-01
1.040000000000000036e+01,6.892495499778053158e+01,-5.941163917625760238e-01,1.378479972014588217e-01,1.378479972014588217e-01,2.495828658502531883e-01
1.045000000000000107e+01,6.925083147482716583e+01,-6.115230718597904902e-01,2.234889155378352310e-01,2.234889155378352310e-01,1.723263766641242034e-01
1.050000000000000000e+01,6.957628371846391246e+01,-6.324921507257260656e-01,1.717134326697568880e-01,1.717134326697568880e-01,1.194052359579547973e-01
1.055000000000000071e+01,6.990537982402268824e+01,-6.500851490967429758e-01,6.444436246552349978e-02,6.444436246552349978e-02,2.382838829289055105e-01
1.060000000000000142e+01,7.023362053362116342e+01,-6.615704336875805058e-01,1.243462662561873600e-01,1.243462662561873600e-01,1.385380646505259827e-01
1.065000000000000036e+01,7.056088239734098977e+01,-6.756197143499297342e-01,6.820143428657102214e-02,6.820143428657102214e-02,9.583763030001477001e-02
1.070000000000000107e+01,7.088768721892655833e+01,-6.863129661805955628e-01,-3.603192316854927912e-02,-3.603192316854927912e-02,2.391750496267136816e-01
1.075000000000000000e+01,7.121196681571653642e+01,-6.913731060511474347e-01,-9.112093078333402540e-02,-9.112093078333402540e-02,1.155740232167333376e-01
1.080000000000000071e+01,7.153385398582874188e+01,-6.935471819735622434e-01,-9.009145626879172530e-02,-9.009145626879172530e-02,1.042205286904422240e-01
1.085000000000000142e+01,7.185719251148499609e+01,-6.958660763576870467e-01,-1.717036764372993282e-02,-1.717036764372993282e-02,2.531155973517900115e-01
1.090000000000000036e+01,7.218338845653489955e+01,-7.019489977149891979e-01,-1.737180509389110034e-02,-1.737180509389110034e-02,9.864260766960940285e-02
1.095000000000000107e+01,7.251314762827364291e+01,-7.079637442168061900e-01,-5.840516358997304563e-02,-5.840516358997304563e-02,1.125256419122150492e-01
1.100000000000000000e+01,7.284139605016034125e+01,-7.117669982852089516e-01,-1.035563341385466185e-01,-1.035563341385466185e-01,2.434718006025228809e-01
1.105000000000000071e+01,7.317239722166992522e+01,-7.133528749276016878e-01,-1.672821644571824418e-01,-1.672821644571824418e-01,9.527696339983135476e-02
1.110000000000000142e+01,7.350861443371408654e+01,-7.119603561829301874e-01,-1.456839294785730321e-01,-1.456839294785730321e-01,1.142759710973915155e-01
1.115000000000000036e+01,7.384809589730430446e+01,-7.119778501807991766e-01,-1.792432168292687755e-01,-1.792432168292687755e-01,2.580716350118555935e-01
1.120000000000000107e+01,7.418768721517281506e+01,-7.105097460555686029e-01,-1.990615696781449506e-01,-1.990615696781449506e-01,1.210698403641084775e-01
1.125000000000000000e+01,7.452705675498259552e+01,-7.083141982772083178e-01,-2.478193537712801431e-01,-2.478193537712801431e-01,1.064317089999511218e-01
1.130000000000000071e+01,7.486738250575875497e+01,-7.040105869701562824e-01,-2.331193319512556150e-01,-2.331193319512556150e-01,2.395639344993427400e-01
1.135000000000000142e+01,7.520725402458324993e+01,-7.008497434763673040e-01,-1.867125445719544363e-01,-1.867125445719544363e-01,1.546106905719288882e-01
1.140000000000000036e+01,7.554474743080301380e+01,-7.003051318893722677e-01,-1.832059745434441722e-01,-1.832059745434441722e-01,1.107312091395227516e-01
1.145000000000000107e+01,7.588519082088293999e+01,-7.002316787870174197e-01,-1.141693346409742987e-01,-1.141693346409742987e-01,2.234236409657057998e-01
1.150000000000000000e+01,7.622753146882152464e+01,-7.038579606351793583e-01,-5.147388387344564026e-02,-5.147388387344564026e-02,1.810661177347180628e-01
1.155000000000000071e+01,7.656452412103335803e+01,-7.104750297821036398e-01,-1.036311758682673251e-01,-1.036311758682673251e-01,1.046937739710117193e-01
1.160000000000000142e+01,7.690440255160881122e+01,-7.144019999384501052e-01,-5.794727813035966540e-02,-5.794727813035966540e-02,1.988246654080308151e-01
1.165000000000000036e+01,7.724497772572335919e+01,-7.206161305078208068e-01,-3.691269101387836815e-02,-3.691269101387836815e-02,1.984835326867416261e-01
1.170000000000000107e+01,7.758501577600678445e+01,-7.277310322583263602e-01,1.016551390730978249e-01,1.016551390730978249e-01,9.854642633691589049e-02
1.175000000000000000e+01,7.792395479114817647e+01,-7.415631773944569849e-01,1.221491845483385075e-01,1.221491845483385075e-01,1.673223589817526558e-01
1.180000000000000071e+01,7.826044801489581459e+01,-7.558215692658987184e-01,1.198595035794385727e-01,1.198595035794385727e-01,2.084193127402583501e-01
1.185000000000000142e+01,7.860081830391665392e+01,-7.694937336188155674e-01,1.455298665270590153e-01,1.455298665270590153e-01,7.656979151532763983e-02
1.190000000000000036e+01,7.894472260614651304e+01,-7.839912913647369974e-01,3.585481608673697362e-01,3.585481608673697362e-01,1.272735215907772055e-01
1.195000000000000107e+01,7.928774299857801111e+01,-8.085370225749920481e-01,3.407924826079017921e-01,3.407924826079017921e-01,2.314437810973968279e-01
1.200000000000000000e+01,7.963179156717349372e+01,-8.310964368543819480e-01,3.731271550272794446e-01,3.731271550272794446e-01,7.829829859983478135e-02
1.205000000000000071e+01,7.998030970426952990e+01,-8.543172181036515767e-01,4.168700312078507109e-01,4.168700312078507109e-01,7.109284861495893115e-02
1.210000000000000142e+01,8.032882838727707053e+01,-8.786632758100485496e-01,4.602707244384642848e-01,4.602707244384642848e-01,2.199985791231478249e-01
1.215000000000000036e+01,8.067398133484137190e+01,-9.040323601950062127e-01,3.918305486748085986e-01,3.918305486748085986e-01,1.348170021554962739e-01
1.220000000000000107e+01,8.101800819954260646e+01,-9.248167671225552278e-01,4.319198777959003532e-01,4.319198777959003532e-01,6.800596788986072727e-02
1.225000000000000000e+01,8.136184092059079376e+01,-9.466856347019778628e-01,4.178958019593208562e-01,4.178958019593208562e-01,1.955044458368485616e-01
1.230000000000000071e+01,8.170585141328434986e+01,-9.668806803839614661e-01,3.519081374859763800e-01,3.519081374859763800e-01,1.930133324177146226e-01
1.235000000000000142e+01,8.204786730977131981e+01,-9.829062523534046747e-01,3.533580082973823977e-01,3.533580082973823977e-01,1.108595448935011801e-01
1.240000000000000036e+01,8.238469225379394345e+01,-9.983792770584934972e-01,4.144693674095369929e-01,4.144693674095369929e-01,1.913093950774383545e-01
1.245000000000000107e+01,8.272314654582918081e+01,-1.016267293810348971e+00,3.369317801745206897e-01,3.369317801745206897e-01,2.349508057746352296e-01
1.250000000000000000e+01,8.306240590445048610e+01,-1.029524534331994312e+00,4.138456185934047404e-01,4.138456185934047404e-01,1.499819729667591361e-01
1.255000000000000071e+01,8.340270446673261517e+01,-1.046101017756410068e+00,3.367968558203561780e-01,3.367968558203561780e-01,2.001766684891207460e-01
1.260000000000000142e+01,8.374089503515769195e+01,-1.058175504224973196e+00,3.225764076402761749e-01,3.225764076402761749e-01,2.737991238121018633e-01
1.265000000000000036e+01,8.407971760255792049e+01,-1.069084935610131959e+00,2.687769157710627743e-01,2.687769157710627743e-01,1.844744933907077333e-01
1.270000000000000107e+01,8.441954167210542437e+01,-1.076905834441451937e+00,2.654630533948299509e-01,2.654630533948299509e-01,2.037247079620168322e-01
1.275000000000000000e+01,8.475730603622977810e+01,-1.084374665200346755e+00,2.764841384114238854e-01,2.764841384114238854e-01,3.020457980090855421e-01
1.280000000000000071e+01,8.509528640814154699e+01,-1.092187207724876208e+00,1.900240964884578054e-01,1.900240964884578054e-01,2.042417621676805850e-01
1.285000000000000142e+01,8.543274544528581771e+01,-1.095467044223159547e+00,6.647446602541598470e-02,6.647446602541598470e-02,2.019208291198500982e-01
1.290000000000000036e+01,8.576747438615426233e+01,-1.092636134448461638e+00,1.353068907206380067e-01,1.353068907206380067e-01,2.990807816705076116e-01
1.295000000000000107e+01,8.610705013431496013e+01,-1.093495182198117588e+00,9.710417650182935623e-02,9.710417650182935623e-02,2.042605428694242997e-01
1.300000000000000000e+01,8.644606642729736734e+01,-1.092598961332190255e+00,1.154020989763994282e-01,1.154020989763994282e-01,1.820410766268264202e-01
1.305000000000000071e+01,8.678288531160764308e+01,-1.092890670791793140e+00,5.743131433277585962e-02,5.743131433277585962e-02,2.747946058483415332e-01
1.310000000000000142e+01,8.711891671493536649e+01,-1.090468495010900485e+00,-5.961807580086673358e-02,-5.961807580086673358e-02,2.029717783409336618e-01
1.315000000000000036e+01,8.745344289584784292e+01,-1.082528850838379020e+00,-7.648974297149363499e-02,-7.648974297149363499e-02,1.579779462379305166e-01
1.320000000000000107e+01,8.778860600630164868e+01,-1.074335320828024853e+00,-1.299087903638214692e-01,-1.299087903638214692e-01,2.472493978563730099e-01
1.325000000000000000e+01,8.812747611634851808e+01,-1.064042255256511638e+00,-1.333472383909465320e-01,-1.333472383909465320e-01,1.852965341490044604e-01
1.330000000000000071e+01,8.846715541254083348e+01,-1.054302357895712472e+00,-1.948988256656977724e-01,-1.948988256656977724e-01,1.152874994299017269e-01
1.335000000000000142e+01,8.881146931101713449e+01,-1.042158797441752993e+00,-1.309270007911021716e-01,-1.309270007911021716e-01,1.992640859763842309e-01
1.340000000000000036e+01,8.915502522244084105e+01,-1.034062839582156057e+00,-8.525991187860403053e-02,-8.525991187860403053e-02,1.900536500543194840e-01
1.345000000000000107e+01,8.949936079536990974e+01,-1.028875783572791525e+00,-8.263735710725762795e-02,-8.263735710725762795e-02,7.880468202231619146e-02
1.350000000000000000e+01,8.983893000606498447e+01,-1.024300114173369414e+00,-1.616252563348124227e-01,-1.616252563348124227e-01,1.554140406012785025e-01
1.355000000000000071e+01,9.017907758256484385e+01,-1.016208211007908702e+00,-2.174246644894410330e-01,-2.174246644894410330e-01,2.085363091916064004e-01
1.360000000000000142e+01,9.051980191363624328e+01,-1.005948050001576055e+00,-2.295680294494266416e-01,-2.295680294494266416e-01,6.212827355426993325e-02
1.365000000000000036e+01,9.085709963337072281e+01,-9.958034270724369641e-01,-2.874728894498647658e-01,-2.874728894498647658e-01,1.181463089833189178e-01
1.370000000000000107e+01,9.119458664039933637e+01,-9.834872688235097860e-01,-3.426641734970976017e-01,-3.426641734970976017e-01,2.232888132629118338e-01
1.375000000000000000e+01,9.153224132656687573e+01,-9.692507797389490198e-01,-3.737202518395374429e-01,-3.737202518395374429e-01,6.410736727403444635e-02
1.380000000000000071e+01,9.186841920917446203e+01,-9.543830310087109137e-01,-3.187109915362727475e-01,-3.187109915362727475e-01,9.913271257389885682e-02
1.385000000000000142e+01,9.220557355756662332e+01,-9.432402697731336882e-01,-3.087696898164425385e-01,-3.087696898164425385e-01,2.434772631368044837e-01
1.390000000000000036e+01,9.254306010475841049e+01,-9.333717527775039491e-01,-3.628226957455921164e-01,-3.628226957455921164e-01,9.617576372962927111e-02
1.395000000000000107e+01,9.287536064130361524e+01,-9.214135719097886756e-01,-3.225512655853767785e-01,-3.225512655853767785e-01,1.061965730395567215e-01
1.400000000000000000e+01,9.320661609053300367e+01,-9.122451045548152226e-01,-3.317926753933855832e-01,-3.317926753933855832e-01,2.603839642486437400e-01
1.405000000000000071e+01,9.353679473239189690e+01,-9.032438967019995602e-01,-3.265079599921694165e-01,-3.265079599921694165e-01,1.230826305012161226e-01
1.410000000000000142e+01,9.387090488766902752e+01,-8.952467146904211637e-01,-4.004471287219076303e-01,-4.004471287219076303e-01,1.308979426417654635e-01
1.415000000000000036e+01,9.420615975375899609e+01,-8.841871044330585905e-01,-4.599140170475654599e-01,-4.599140170475654599e-01,2.689172389077901237e-01
1.420000000000000107e+01,9.454270832012421977e+01,-8.709581811555610065e-01,-5.024404821282680844e-01,-5.024404821282680844e-01,1.647092613701838237e-01
1.425000000000000000e+01,9.487785724007537169e+01,-8.564417368145386122e-01,-5.612147203939216178e-01,-5.612147203939216178e-01,1.667660039775848702e-01
1.430000000000000071e+01,9.521272757533482434e+01,-8.399251969842528309e-01,3.292166452496480211e+00,1.600000000000000089e+00,2.990762062880792382e-01
1.435000000000000142e+01,9.554481116775716032e+01,-8.264370139117473979e-01,3.370946384114009930e+00,1.600000000000000089e+00,1.964443865884433760e-01
1.440000000000000036e+01,9.588016271134198121e+01,-8.135785487164217678e-01,3.615250709151569986e+00,1.600000000000000089e+00,1.927795212273425152e-01
1.445000000000000107e+01,9.621443618737502845e+01,-7.999268783867030663e-01,3.493947730885252234e+00,1.600000000000000089e+00,2.935339971837052087e-01
1.450000000000000000e+01,9.654676443082709625e+01,-7.815812922502792803e-01,3.689138275258621480e+00,1.600000000000000089e+00,1.557361048120989855e-01
1.455000000000000071e+01,9.687567444780809467e+01,-7.620278501582233854e-01,3.974845039588041917e+00,1.600000000000000089e+00,1.683694994384897503e-01
1.460000000000000142e+01,9.720541636496383830e+01,-7.407396540736740365e-01,3.951239607576646939e+00,1.600000000000000089e+00,2.264083685921007283e-01
1.465000000000000036e+01,9.753291003102421541e+01,-7.194061777317791728e-01,4.292294730145618686e+00,1.600000000000000089e+00,4.998387440564031059e-02
1.470000000000000107e+01,9.786140129172639490e+01,-6.981567958377844496e-01,4.674580444602450591e+00,1.600000000000000089e+00,1.749005955642145560e-01
1.475000000000000000e+01,9.819142694401458016e+01,-6.780429287760992851e-01,4.630965743374305887e+00,1.600000000000000089e+00,1.616641321989943925e-01
1.480000000000000071e+01,9.851974160691577254e+01,-6.546956466833180333e-01,4.783196079503870379e+00,1.600000000000000089e+00,1.323022550145302456e-01
1.485000000000000142e+01,9.884446382224223271e+01,-6.263258926507013769e-01,5.096714838594479602e+00,1.600000000000000089e+00,3.167285776159178279e-01
1.490000000000000036e+01,9.916884638847741940e+01,-5.972974338252061699e-01,5.061621124822762496e+00,1.600000000000000089e+00,2.675099835146145244e-01
1.495000000000000107e+01,9.948885646065393473e+01,-5.688802438227349434e-01,5.389916918849944949e+00,1.600000000000000089e+00,3.754165009308061962e-01
1.500000000000000000e+01,9.980863982842333826e+01,-5.398621418129136984e-01,5.304434008746016005e+00,1.600000000000000089e+00,4.509824905502896053e-01
1.505000000000000071e+01,1.001243809798481976e+02,-5.076882276482524992e-01,5.747002432525533777e+00,1.600000000000000089e+00,5.227025584791283874e-01
1.510000000000000142e+01,1.004457133775426030e+02,-4.709477125568689582e-01,5.810658930622228269e+00,1.600000000000000089e+00,6.484228272377493552e-01
1.515000000000000036e+01,1.007684980496134557e+02,-4.297761244802702496e-01,6.213569591423501848e+00,1.600000000000000089e+00,7.086802711762543172e-01
1.520000000000000107e+01,1.010927054167957237e+02,-3.882707897173981459e-01,6.446695297815155712e+00,1.600000000000000089e+00,8.434442868114869762e-01
1.525000000000000000e+01,1.014150341371194770e+02,-3.421163804710413703e-01,6.474026855024990645e+00,1.600000000000000089e+00,9.258766453874540669e-01
1.530000000000000071e+01,1.017365268035649990e+02,-2.925042689783297067e-01,6.707523995995024357e+00,1.600000000000000089e+00,1.045472591015657260e+00
1.535000000000000142e+01,1.020554026220887920e+02,-2.395938991442656540e-01,6.752158240280387247e+00,1.600000000000000089e+00,1.156511997215369680e+00
1.540000000000000036e+01,1.023713289205331307e+02,-1.891090326123932575e-01,6.905020468072713413e+00,1.600000000000000089e+00,1.274592855664502977e+00
1.545000000000000107e+01,1.026831485515802029e+02,-1.333009265834044776e-01,7.007364865374650087e+00,1.600000000000000089e+00,1.400883636347553418e+00
1.550000000000000000e+01,1.029981262641389606e+02,-6.863773239873129095e-02,7.270683068453768882e+00,1.600000000000000089e+00,1.514721978373006150e+00
1.555000000000000071e+01,1.033122852653106065e+02,2.385792992149332603e-03,7.402015730246183978e+00,1.600000000000000089e+00,1.646327493541710929e+00
1.560000000000000142e+01,1.036277115687211676e+02,7.553216866905045068e-02,7.517475777865382014e+00,1.600000000000000089e+00,1.763178606228130718e+00
1.565000000000000036e+01,1.039374089728748771e+02,1.527255761095369091e-01,7.370117010036643990e+00,1.600000000000000089e+00,1.900696032406495206e+00
1.570000000000000107e+01,1.042411905720273353e+02,2.330206362669468012e-01,7.745168947779030866e+00,1.600000000000000089e+00,2.016734770709399438e+00
1.575000000000000000e+01,1.045453267587993906e+02,3.134921641702456130e-01,7.733527433389627781e+00,1.600000000000000089e+00,2.157301189947338660e+00
1.580000000000000071e+01,1.048482128882508846e+02,4.012129061721618761e-01,8.032902741392286217e+00,1.600000000000000089e+00,2.281386947163114076e+00
1.585000000000000142e+01,1.051506600275459959e+02,4.942262055735879844e-01,8.108174503550229062e+00,1.600000000000000089e+00,2.419327878790419106e+00
1.590000000000000036e+01,1.054540437553884402e+02,5.957064066004281733e-01,8.377862546931421406e+00,1.600000000000000089e+00,2.548106246973146138e+00
1.595000000000000107e+01,1.057562771565439306e+02,7.042491709810239087e-01,8.393652123720629632e+00,1.600000000000000089e+00,2.683016661479646014e+00
1.600000000000000000e+01,1.060567252157102303e+02,8.150891083123216196e-01,5.164572876648919397e+00,1.600000000000000089e+00,2.807010459070646391e+00
1.605000000000000071e+01,1.063563357761306634e+02,9.280572105039959219e-01,5.159776339342490026e+00,1.600000000000000089e+00,2.943539555125556983e+00
1.610000000000000142e+01,1.066526876177010337e+02,1.043137692823378648e+00,5.022109793702773217e+00,1.600000000000000089e+00,3.058016256355674756e+00
1.615000000000000213e+01,1.069411712543716391e+02,1.162209844796774583e+00,4.945052229688081447e+00,1.600000000000000089e+00,3.176167536673718761e+00
1.619999999999999929e+01,1.072245255593636983e+02,1.284677295369736960e+00,5.038711555125344077e+00,1.600000000000000089e+00,3.284584966679172879e+00
1.625000000000000000e+01,1.075099226061180673e+02,1.409415373672358252e+00,4.951289354042286206e+00,1.600000000000000089e+00,3.391241563988319552e+00
1.630000000000000071e+01,1.077919846153779844e+02,1.541404496170521332e+00,4.937980787908932356e+00,1.600000000000000089e+00,3.499271904742982553e+00
1.635000000000000142e+01,1.080735554180578362e+02,1.679548624127410017e+00,4.873445817159397286e+00,1.600000000000000089e+00,3.588613293236044388e+00
1.640000000000000213e+01,1.083521738441399691e+02,1.823182821801236031e+00,4.824270907420538990e+00,1.600000000000000089e+00,3.683022460229639528e+00
1.644999999999999929e+01,1.086269166884951858e+02,1.968477091444047922e+00,4.847290874068883149e+00,1.600000000000000089e+00,3.767993245099245492e+00
1.650000000000000000e+01,1.089011478802795665e+02,2.115620479803929310e+00,4.798895759834850949e+00,1.600000000000000089e+00,3.851450962185520854e+00
1.655000000000000071e+01,1.091752503346851455e+02,2.272521624820281527e+00,4.678242061389758177e+00,1.600000000000000089e+00,3.935841192971139879e+00
1.660000000000000142e+01,1.094426448756493500e+02,2.430743744106285131e+00,4.710528526432097962e+00,1.600000000000000089e+00,4.001250666534976297e+00
1.665000000000000213e+01,1.097107647305530662e+02,2.591879561361835282e+00,4.764266137572925608e+00,1.600000000000000089e+00,4.074589142955127308e+00
1.669999999999999929e+01,1.099796361281229622e+02,2.753601111275418845e+00,4.743546109652698739e+00,1.600000000000000089e+00,4.145423279580838560e+00
1.675000000000000000e+01,1.102469763771228770e+02,2.918175236234420211e+00,4.696780208393916745e+00,1.600000000000000089e+00,4.210438702024912772e+00
1.680000000000000071e+01,1.105122195376705321e+02,3.086843001342796100e+00,4.595300257338873706e+00,1.600000000000000089e+00,4.279600066012094750e+00
1.685000000000000142e+01,1.107717046213402199e+02,3.255828378428092584e+00,4.621776740044946763e+00,1.600000000000000089e+00,4.333327533340650461e+00
1.690000000000000213e+01,1.110323599901412308e+02,3.428743868734368316e+00,4.573472636663952429e+00,1.600000000000000089e+00,4.391158884041060695e+00
1.694999999999999929e+01,1.112906712512291563e+02,3.604644536106023089e+00,4.562073998861192692e+00,1.600000000000000089e+00,4.447257869083281356e+00
1.700000000000000000e+01,1.115472510971234641e+02,3.780539796568727517e+00,4.412343597800636452e+00,1.600000000000000089e+00,4.495071578903532483e+00
1.705000000000000071e+01,1.117984483775657054e+02,3.962940287664371120e+00,4.340778787435469077e+00,1.600000000000000089e+00,4.542555922997593143e+00
1.710000000000000142e+01,1.120472933839172640e+02,4.150561712717687257e+00,4.210656457841746025e+00,1.600000000000000089e+00,4.578666764897262098e+00
1.715000000000000213e+01,1.122917290169862241e+02,4.344731727405599209e+00,4.153356477672040192e+00,1.600000000000000089e+00,4.607962943786773735e+00
1.719999999999999929e+01,1.125342477228416556e+02,4.542993139932559821e+00,4.129790434270599775e+00,1.600000000000000089e+00,4.640399076065510720e+00
1.725000000000000000e+01,1.127753352244977947e+02,4.741897170518428517e+00,3.962946029111698465e+00,1.600000000000000089e+00,4.658945411203285758e+00
1.730000000000000071e+01,1.130085309348943099e+02,4.940681234043974079e+00,3.962815948948239519e+00,1.600000000000000089e+00,4.679696380358966401e+00
1.735000000000000142e+01,1.132431122910209211e+02,5.145624780426782507e+00,3.869399634647009201e+00,1.600000000000000089e+00,4.697324432537762107e+00
1.740000000000000213e+01,1.134737499908504361e+02,5.352395449317616460e+00,3.854577503801703831e+00,1.600000000000000089e+00,4.705675145935960479e+00
1.744999999999999929e+01,1.137040805073580998e+02,5.561305329169707434e+00,3.674433123066024542e+00,1.600000000000000089e+00,4.719736044228590721e+00
1.750000000000000000e+01,1.139278417974349793e+02,5.776111209509703137e+00,3.659647888711581309e+00,1.600000000000000089e+00,4.718523419249993189e+00
1.755000000000000071e+01,1.141497392283244920e+02,5.986700601281791378e+00,3.553696595269584257e+00,1.600000000000000089e+00,4.720701592831773930e+00
1.760000000000000142e+01,1.143676252530869419e+02,6.200142657123458356e+00,3.492531297972257587e+00,1.600000000000000089e+00,4.723914100411318984e+00
1.765000000000000213e+01,1.145835765833671047e+02,6.416403786461788883e+00,3.368043877848425183e+00,1.600000000000000089e+00,4.713278930818540324e+00
1.769999999999999929e+01,1.147945811817251496e+02,6.634716725094135015e+00,3.298490421778288439e+00,1.600000000000000089e+00,4.705616560849814611e+00
1.775000000000000000e+01,1.150030869349989615e+02,6.854627475945485493e+00,3.165263710374818018e+00,1.600000000000000089e+00,4.692350111344283370e+00
1.780000000000000071e+01,1.152072824064056391e+02,7.080119923165120177e+00,3.020830932599206431e+00,1.600000000000000089e+00,4.670304503539688845e+00
1.785000000000000142e+01,1.154056187128787627e+02,7.306859532676790003e+00,2.800355928198525746e+00,1.600000000000000089e+00,4.651542972641695251e+00
1.790000000000000213e+01,1.155952107600757159e+02,7.537161892634546945e+00,2.739973493795366810e+00,1.600000000000000089e+00,4.611798027175856518e+00
1.794999999999999929e+01,1.157836614682749143e+02,7.770977172557587132e+00,2.683637305474633639e+00,1.600000000000000089e+00,4.576974673058636256e+00
1.800000000000000000e+01,1.159711528791790727e+02,8.007949245168976660e+00,2.592177297406626835e+00,1.600000000000000089e+00,4.537274867778257281e+00
1.805000000000000071e+01,1.161561035916078595e+02,8.248098422472562419e+00,2.454243620258040881e+00,1.600000000000000089e+00,4.491066857497633791e+00
1.810000000000000142e+01,1.163368566831193363e+02,8.493249910274400349e+00,2.346884404426246018e+00,1.600000000000000089e+00,4.447064848621299582e+00
1.815000000000000213e+01,1.165131739628063201e+02,8.736286658054037702e+00,2.256888022605759936e+00,1.600000000000000089e+00,4.388748065818559141e+00
1.819999999999999929e+01,1.166882133467621401e+02,8.985975494838228883e+00,2.092655727784041186e+00,1.600000000000000089e+00,4.333225903577666571e+00
1.825000000000000000e+01,1.168571248757336321e+02,9.237032591395085035e+00,1.945572883404004916e+00,1.600000000000000089e+00,4.270536088899066662e+00
1.830000000000000071e+01,1.170206354913950690e+02,9.488663170695147642e+00,1.848726571666424734e+00,1.600000000000000089e+00,4.201175394355454173e+00
1.835000000000000142e+01,1.171806768791822009e+02,9.738535419795127268e+00,1.737376655306494211e+00,1.600000000000000089e+00,4.139233410652737533e+00
1.840000000000000213e+01,1.173363638562405384e+02,9.986029132778199369e+00,1.606186602765277138e+00,1.600000000000000089e+00,4.063123186063910097e+00
1.844999999999999929e+01,1.174869087561375238e+02,1.023186591083074859e+01,1.456856006098757872e+00,1.456856006098757872e+00,3.996052786186066630e+00
1.850000000000000000e+01,1.176310014897757270e+02,1.047460142273321360e+01,1.393555417839342114e+00,1.393555417839342114e+00,3.917679112755779514e+00
1.855000000000000071e+01,1.177747452887773960e+02,1.072011145838350288e+01,1.183282910870884219e+00,1.183282910870884219e+00,3.843446321703232638e+00
1.860000000000000142e+01,1.179098408760832086e+02,1.096536661495246001e+01,1.040963144795052253e+00,1.040963144795052253e+00,3.760177319460231260e+00
1.865000000000000213e+01,1.180397704825297041e+02,1.121003068943238112e+01,8.379721209524263470e-01,8.379721209524263470e-01,3.674704770998522552e+00
1.869999999999999929e+01,1.181626528007313794e+02,1.145784841677441079e+01,6.946636903985193845e-01,6.946636903985193845e-01,3.583248648466354602e+00
1.875000000000000000e+01,1.182815274188078831e+02,1.170792732306961526e+01,5.843599041980305220e-01,5.843599041980305220e-01,3.484552387262110251e+00
1.880000000000000071e+01,1.183990875986273323e+02,1.196255133214198629e+01,3.504913153215408750e-01,3.504913153215408750e-01,3.386329346297749510e+00
1.885000000000000142e+01,1.185093520732816614e+02,1.222254583193137911e+01,2.918400233944727917e-01,2.918400233944727917e-01,3.272752172714874508e+00
1.890000000000000213e+01,1.186208426990597502e+02,1.248466890294964848e+01,2.976684309608661483e-01,2.976684309608661483e-01,3.167150015847333577e+00
1.894999999999999929e+01,1.187367533461408868e+02,1.274783996746233328e+01,2.470700277777680975e-01,2.470700277777680975e-01,3.053009085883386931e+00
1.900000000000000000e+01,1.188531033622690245e+02,1.300948125730126925e+01,1.976196024827523989e-01,1.976196024827523989e-01,2.954504472795507652e+00
1.905000000000000071e+01,1.189709093625747016e+02,1.327195393971785364e+01,3.222145034621926724e-02,3.222145034621926724e-02,2.839071793437187630e+00
1.910000000000000142e+01,1.190861314968676510e+02,1.354036796769345585e+01,-8.367571313934489552e-02,-8.367571313934489552e-02,2.736108991414743841e+00
1.915000000000000213e+01,1.191994000339946069e+02,1.380901979196521623e+01,-1.749025750941251567e-01,-1.749025750941251567e-01,2.612389227401893610e+00
1.920000000000000284e+01,1.193112474046658633e+02,1.407582674286852154e+01,-2.603927290205857448e-01,-2.603927290205857448e-01,2.505752314648126422e+00
1.925000000000000000e+01,1.194238474955463403e+02,1.434471904098045414e+01,-2.808585002670097586e-01,-2.808585002670097586e-01,2.384480781895220947e+00
1.930000000000000071e+01,1.195369494942611652e+02,1.460741107139410033e+01,-3.102858461998315165e-01,-3.102858461998315165e-01,2.278880052142654655e+00
1.935000000000000142e+01,1.196524793718317028e+02,1.486925531898894093e+01,-4.647586594610573774e-01,-4.647586594610573774e-01,2.168047556814608701e+00
1.940000000000000213e+01,1.197646928674874545e+02,1.513275314069350941e+01,-4.932641213971415972e-01,-4.932641213971415972e-01,2.058229802709679479e+00
1.945000000000000284e+01,1.198785538033657900e+02,1.539348038968744348e+01,-4.235669369482955027e-01,-4.235669369482955027e-01,1.950744025713645025e+00
1.950000000000000000e+01,1.199993002106200208e+02,1.565098525899611914e+01,-5.437224838329693943e-01,-5.437224838329693943e-01,1.847603333540429160e+00
1.955000000000000071e+01,1.201158444420791938e+02,1.590542022853334991e+01,-5.420111853865753337e-01,-5.420111853865753337e-01,1.750978995522272763e+00
1.960000000000000142e+01,1.202367524439431179e+02,1.615937692283211646e+01,-6.222000121553773466e-01,-6.222000121553773466e-01,1.646445058249455862e+00
1.965000000000000213e+01,1.203573621378681224e+02,1.641313254804655486e+01,-6.923516567356603479e-01,-6.923516567356603479e-01,1.558479690825700592e+00
1.970000000000000284e+01,1.204772287155889501e+02,1.666499087728370654e+01,-8.017704388127613324e-01,-8.017704388127613324e-01,1.449577613011660659e+00
1.975000000000000000e+01,1.205963951648719217e+02,1.691864294640558697e+01,-7.836614726403859921e-01,-7.836614726403859921e-01,1.367145128086966643e+00
1.980000000000000071e+01,1.207194497605622274e+02,1.716935384391813457e+01,-8.511972725271399476e-01,-8.511972725271399476e-01,1.255126451169925383e+00
1.985000000000000142e+01,1.208444232692883560e+02,1.742200391223064315e+01,-9.352976709962328439e-01,-9.352976709962328439e-01,1.186690622988383570e+00
1.990000000000000213e+01,1.209679413509376928e+02,1.767311057189156998e+01,-9.884773348604227738e-01,-9.884773348604227738e-01,1.066021471617405458e+00
1.995000000000000284e+01,1.210902941962550869e+02,1.792055263027438272e+01,-1.004907585185920826e+00,-1.004907585185920826e+00,9.983393983896339252e-01
2.000000000000000000e+01,1.212146736401752207e+02,1.816578974858053996e+01,-1.017653448918374171e+00,-1.017653448918374171e+00,8.843369420029174588e-01
2.005000000000000071e+01,1.213426035809753074e+02,1.841067049051750004e+01,-1.027767740210016933e+00,-1.027767740210016933e+00,8.207944247421752326e-01
2.010000000000000142e+01,1.214735943569487233e+02,1.865445486893674598e+01,-1.085067425348645420e+00,-1.085067425348645420e+00,7.155640471327494589e-01
2.015000000000000213e+01,1.216049486276507423e+02,1.889764274329969851e+01,-1.092051116532492205e+00,-1.092051116532492205e+00,6.512855568294562136e-01
2.020000000000000284e+01,1.217384516985338507e+02,1.913855840919858764e+01,-1.128502585205724440e+00,-1.128502585205724440e+00,5.571257921149909142e-01
2.025000000000000000e+01,1.218753307031521302e+02,1.938102657090000491e+01,-1.209345339704320788e+00,-1.209345339704320788e+00,4.890410096646287119e-01
2.030000000000000071e+01,1.220149439304102259e+02,1.962754340495905581e+01,-1.279047754192835784e+00,-1.279047754192835784e+00,4.130768128378450310e-01
2.035000000000000142e+01,1.221552896357763984e+02,1.987484479476097121e+01,-1.327041814533741038e+00,-1.327041814533741038e+00,3.221998070019339577e-01
2.040000000000000213e+01,1.222970849247166854e+02,2.012209726613609462e+01,-1.421669812214629181e+00,-1.421669812214629181e+00,2.961191737447447792e-01
2.045000000000000284e+01,1.224393294525147411e+02,2.037156466452778147e+01,-1.478469909452999165e+00,-1.478469909452999165e+00,1.548555169727900971e-01
2.050000000000000000e+01,1.225848350754465059e+02,2.062334736367468935e+01,-1.523965118948716890e+00,-1.523965118948716890e+00,2.533878635112990496e-01
2.055000000000000071e+01,1.227298937175936828e+02,2.087286491923161691e+01,-1.548224587691368948e+00,-1.548224587691368948e+00,2.466025077684890626e-02
2.060000000000000142e+01,1.228756438275718921e+02,2.111994699426027822e+01,-1.575683829357326760e+00,-1.575683829357326760e+00,2.145417731663314675e-01
2.065000000000000213e+01,1.230227394581155096e+02,2.136561683329105321e+01,-1.576290056420490693e+00,-1.576290056420490693e+00,1.765753586766615202e-01
2.070000000000000284e+01,1.231730790639529545e+02,2.161000580076717270e+01,-1.601576948360878383e+00,-1.600000000000000089e+00,2.686401563202676646e-01
2.075000000000000000e+01,1.233253052833016454e+02,2.185364102843254841e+01,-1.525860771398790616e+00,-1.525860771398790616e+00,3.286028837883974707e-01
2.080000000000000071e+01,1.234832895921574050e+02,2.209354741133635969e+01,-1.510093286895844100e+00,-1.510093286895844100e+00,3.691251784646546463e-01
2.085000000000000142e+01,1.236447071664364472e+02,2.233188009364770821e+01,-1.474359388969396667e+00,-1.474359388969396667e+00,4.659928298745487085e-01
2.090000000000000213e+01,1.238108016852592357e+02,2.256860747287057833e+01,-1.413349819868727542e+00,-1.413349819868727542e+00,4.742329943878008103e-01
2.095000000000000284e+01,1.239802623670699404e+02,2.280121973656422441e+01,-1.349462688144155598e+00,-1.349462688144155598e+00,5.696236084908468111e-01
2.100000000000000000e+01,1.241531489100056120e+02,2.302988606561076423e+01,-1.299217118068816346e+00,-1.299217118068816346e+00,5.704160677097457333e-01
2.105000000000000071e+01,1.243307094709224572e+02,2.325677289037496465e+01,-1.229388740875943187e+00,-1.229388740875943187e+00,6.261094033748678678e-01
2.110000000000000142e+01,1.245115951796825442e+02,2.347977309378759614e+01,-1.197851642517733239e+00,-1.197851642517733239e+00,6.546406100665324024e-01
2.115000000000000213e+01,1.246977404050672646e+02,2.370310089363471207e+01,-1.228453252502746507e+00,-1.228453252502746507e+00,6.767466297611315351e-01
2.120000000000000284e+01,1.248891872264427008e+02,2.393080322822667938e+01,-1.246533650480020627e+00,-1.246533650480020627e+00,7.360142762627731594e-01
2.125000000000000000e+01,1.250834222671270624e+02,2.416009078363744678e+01,-1.231907159891497017e+00,-1.231907159891497017e+00,7.326876348768721625e-01
2.130000000000000071e+01,1.252802053249996987e+02,2.438876492092406423e+01,-1.193971321034303479e+00,-1.193971321034303479e+00,7.801809254916340919e-01
2.135000000000000142e+01,1.254807841631567129e+02,2.461645308519420539e+01,-1.119932904677924945e+00,-1.119932904677924945e+00,7.938993082415628511e-01
2.140000000000000213e+01,1.256858650208009749e+02,2.484162901151632141e+01,-1.099215779786239633e+00,-1.099215779786239633e+00,8.059483280849719655e-01
2.145000000000000284e+01,1.258937138692217843e+02,2.506652925145839816e+01,-9.632036515598167981e-01,-9.632036515598167981e-01,8.538178511693049755e-01
2.150000000000000000e+01,1.261087795597044163e+02,2.528749042288541204e+01,-9.529233586378282883e-01,-9.529233586378282883e-01,8.306570131534938284e-01
2.155000000000000071e+01,1.263214791596833066e+02,2.550551754117844538e+01,-9.107710956581540618e-01,-9.107710956581540618e-01,8.503928872648497395e-01
2.160000000000000142e+01,1.265367895307512782e+02,2.572239864133969434e+01,-9.111793509418102399e-01,-9.111793509418102399e-01,8.591902797565357242e-01
2.165000000000000213e+01,1.267546156526525891e+02,2.594083269365041033e+01,-8.308342094757097396e-01,-8.308342094757097396e-01,8.499439316001368150e-01
2.170000000000000284e+01,1.269772148802358487e+02,2.615754549892437097e+01,-7.818910328247481445e-01,-7.818910328247481445e-01,8.772006221519210722e-01
2.175000000000000000e+01,1.272006299467872594e+02,2.637179040610784497e+01,-7.342528377897951097e-01,-7.342528377897951097e-01,8.540878423778733852e-01
2.180000000000000071e+01,1.274250746571111677e+02,2.658393957041042910e+01,-7.151906217934356214e-01,-7.151906217934356214e-01,8.504794231492248668e-01
2.185000000000000142e+01,1.276472339921480312e+02,2.679342235210845047e+01,-6.724599545735824302e-01,-6.724599545735824302e-01,8.671752664738600069e-01
2.190000000000000213e+01,1.278701033495581498e+02,2.700101649847660212e+01,-6.612161564317604601e-01,-6.612161564317604601e-01,8.355139416724602919e-01
2.195000000000000284e+01,1.280940564393027898e+02,2.720905670512036068e+01,-6.122131651090483295e-01,-6.122131651090483295e-01,8.471682732013591233e-01
2.200000000000000000e+01,1.283182843465651501e+02,2.741462159856144609e+01,-5.376357385589590754e-01,-5.376357385589590754e-01,8.309596008163983027e-01
2.205000000000000071e+01,1.285455660672221256e+02,2.761830890965793373e+01,-5.110645224848842094e-01,-5.110645224848842094e-01,8.114725036865690910e-01
2.210000000000000142e+01,1.287749309965878410e+02,2.782258272142564337e+01,-4.607347200119638608e-01,-4.607347200119638608e-01,8.328124791770825652e-01
2.215000000000000213e+01,1.290068321321919029e+02,2.802637001305874520e+01,-4.485151736330717509e-01,-4.485151736330717509e-01,7.833068240557951034e-01
2.220000000000000284e+01,1.292395306934891721e+02,2.823086975639441221e+01,-3.754391731948075739e-01,-3.754391731948075739e-01,7.779891774034297658e-01
2.225000000000000000e+01,1.294739412349005363e+02,2.843297111817043188e+01,-2.825114231064387305e-01,-2.825114231064387305e-01,7.689528355912620405e-01
2.230000000000000071e+01,1.297091067851732191e+02,2.863086186794539145e+01,-1.878520954009555710e-01,-1.878520954009555710e-01,7.274112193944012317e-01
2.235000000000000142e+01,1.299427807569365143e+02,2.882289272173472483e+01,-2.199613573303340619e-01,-2.199613573303340619e-01,7.338331690267360097e-01
2.240000000000000213e+01,1.301756229061950307e+02,2.901774255289046067e+01,-2.287159887915136691e-01,-2.287159887915136691e-01,6.868326494627425838e-01
2.245000000000000284e+01,1.304078947060455675e+02,2.921399259347012389e+01,-1.597103167177173211e-01,-1.597103167177173211e-01,6.681552396917527226e-01
2.250000000000000000e+01,1.306410100453347525e+02,2.940773218060221694e+01,-9.998036177604800734e-02,-9.998036177604800734e-02,6.676965939614210033e-01
2.255000000000000071e+01,1.308784498072489839e+02,2.960244828627709879e+01,-1.612172471457520850e-01,-1.612172471457520850e-01,6.120445524839523976e-01
2.260000000000000142e+01,1.311119027124279910e+02,2.979941626810289534e+01,-1.541630933461683728e-01,-1.541630933461683728e-01,6.194289120803183613e-01
2.265000000000000213e+01,1.313431608248880309e+02,2.999541885965314236e+01,-8.581354290966715370e-02,-8.581354290966715370e-02,5.830596228166616823e-01
2.270000000000000284e+01,1.315768302886973515e+02,3.019017608675115483e+01,-4.528816662461826459e-02,-4.528816662461826459e-02,5.538702603028599070e-01
2.275000000000000000e+01,1.318140315065888331e+02,3.038656180065107648e+01,-4.488445799489423210e-02,-4.488445799489423210e-02,5.729186301232469525e-01
2.280000000000000071e+01,1.320475267432840099e+02,3.058133989488102245e+01,1.968924748158338081e-02,1.968924748158338081e-02,5.034535391995978992e-01
2.285000000000000142e+01,1.322822374783198711e+02,3.077429755926111099e+01,1.134764961761199238e-02,1.134764961761199238e-02,5.032986417906899490e-01
2.290000000000000213e+01,1.325167739010370553e+02,3.096915331315854303e+01,8.891395288218015280e-02,8.891395288218015280e-02,4.770536993592696118e-01
2.295000000000000284e+01,1.327525069494561762e+02,3.116136974250808578e+01,1.493657883768902683e-01,1.493657883768902683e-01,4.314100869653560433e-01
2.300000000000000000e+01,1.329889879614050585e+02,3.135185008912390359e+01,1.821446143009297636e-01,1.821446143009297636e-01,4.696492393940663312e-01
2.305000000000000071e+01,1.332224564941227811e+02,3.153930626177291430e+01,2.200849204002987558e-01,2.200849204002987558e-01,3.770745984952859065e-01
2.310000000000000142e+01,1.334568594069355356e+02,3.172675692517783474e+01,2.917560160325112228e-01,2.917560160325112228e-01,3.742206119231880068e-01
2.315000000000000213e+01,1.336913737930017589e+02,3.191130445091023304e+01,3.515165508081269929e-01,3.515165508081269929e-01,3.490334194735536522e-01
2.320000000000000284e+01,1.339254187086197589e+02,3.209334464325478820e+01,3.487757871247351704e-01,3.487757871247351704e-01,2.869805441294840387e-01
2.325000000000000000e+01,1.341569466838406868e+02,3.227529789891104173e+01,2.932761742322133047e-01,2.932761742322133047e-01,3.492470585384582216e-01
2.330000000000000071e+01,1.343847010731374212e+02,3.245944669788513437e+01,3.793567784120707720e-01,3.793567784120707720e-01,2.287981478599345753e-01
2.335000000000000142e+01,1.346189389407411170e+02,3.264525305054461057e+01,3.696142853716944954e-01,3.696142853716944954e-01,2.561058826004953271e-01
2.340000000000000213e+01,1.348501729363498214e+02,3.283082540340848965e+01,3.424008341354200513e-01,3.424008341354200513e-01,2.138752205778111093e-01
2.345000000000000284e+01,1.350770230645056529e+02,3.301593231652825011e+01,3.484228979033842655e-01,3.484228979033842655e-01,1.625126882415391660e-01
2.350000000000000000e+01,1.353049669572415894e+02,3.320317566152227329e+01,3.088794971935178157e-01,3.088794971935178157e-01,2.499985974150907009e-01
2.355000000000000071e+01,1.355298795068160018e+02,3.339179435958373432e+01,2.896575173022132854e-01,2.896575173022132854e-01,1.003671996915668913e-01
2.360000000000000142e+01,1.357575760419115056e+02,3.358564938214541229e+01,3.030178581137958349e-01,3.030178581137958349e-01,2.014456506741433839e-01
2.365000000000000213e+01,1.359830942878371616e+02,3.377774966753202079e+01,4.226969545911955506e-01,4.226969545911955506e-01,1.267400484823880402e-01
2.370000000000000284e+01,1.362084452766649463e+02,3.396265007625662946e+01,4.204377425751028574e-01,4.204377425751028574e-01,1.032544944862334307e-01
2.375000000000000000e+01,1.364320298095279895e+02,3.414751159170216255e+01,4.689825631253145555e-01,4.689825631253145555e-01,1.935906534364068010e-01
2.380000000000000071e+01,1.366540140930641201e+02,3.432888923788252100e+01,4.937300752498577361e-01,4.937300752498577361e-01,2.106112454094372435e-02
2.385000000000000142e+01,1.368749297772659759e+02,3.450900282580061429e+01,5.597287892914949436e-01,5.597287892914949436e-01,2.349041577857110263e-01
2.390000000000000213e+01,1.370973948415040411e+02,3.468753338800168962e+01,5.606201754125261782e-01,5.606201754125261782e-01,7.905404494639886592e-02
2.395000000000000284e+01,1.373185703461071512e+02,3.486637084953933652e+01,6.786265112362943608e-01,6.786265112362943608e-01,1.837770775082221419e-01
2.400000000000000000e+01,1.375406647235842570e+02,3.503942664588814182e+01,6.380938290453092021e-01,6.380938290453092021e-01,1.644867357932190410e-01
2.405000000000000071e+01,1.377611729276273707e+02,3.521559683846528088e+01,6.789138948767791115e-01,6.789138948767791115e-01,1.735676160099112741e-01
2.410000000000000142e+01,1.379799909720456128e+02,3.538883711616902872e+01,6.745977588155347426e-01,6.745977588155347426e-01,2.463038069208328407e-01
2.415000000000000213e+01,1.381988915346652220e+02,3.556417168896399517e+01,7.009641042897295504e-01,7.009641042897295504e-01,2.003058272703591436e-01
2.420000000000000284e+01,1.384162305534730422e+02,3.573765484932116010e+01,6.761091384634829726e-01,6.761091384634829726e-01,3.250589609406869807e-01
2.425000000000000000e+01,1.386307150810492885e+02,3.591159206042645735e+01,7.025514037447668780e-01,7.025514037447668780e-01,2.473931717072926084e-01
2.430000000000000071e+01,1.388419687308293362e+02,3.608174879166655558e+01,6.630354988922292359e-01,6.630354988922292359e-01,3.453577384235536618e-01
2.435000000000000142e+01,1.390502541773905705e+02,3.625312278942263333e+01,6.314758614819080407e-01,6.314758614819080407e-01,2.986290983880348082e-01
2.440000000000000213e+01,1.392562625786161448e+02,3.642568143764960098e+01,5.854108841458117718e-01,5.854108841458117718e-01,3.578325368580702603e-01
2.445000000000000284e+01,1.394615616483375504e+02,3.660199604741854529e+01,6.262459039264983707e-01,6.262459039264983707e-01,3.426082407550129494e-01
2.450000000000000000e+01,1.396717743353720493e+02,3.678158471422365494e+01,6.498980224414739881e-01,6.498980224414739881e-01,3.680430144036468398e-01
2.455000000000000071e+01,1.398772628635128683e+02,3.695543392023801488e+01,6.253187136536957347e-01,6.253187136536957347e-01,3.911454444498375649e-01
2.460000000000000142e+01,1.400815194175812906e+02,3.713084614203335576e+01,5.500408302216256429e-01,5.500408302216256429e-01,3.896042550409432037e-01
2.465000000000000213e+01,1.402817070796719463e+02,3.730834038368156769e+01,4.831945437731981485e-01,4.831945437731981485e-01,4.318047522837826224e-01
2.470000000000000284e+01,1.404789198152316487e+02,3.748822543838589638e+01,4.323548015231922226e-01,4.323548015231922226e-01,4.027120732799643887e-01
2.475000000000000000e+01,1.406743825581474425e+02,3.767043314166303958e+01,3.550173375568973499e-01,3.550173375568973499e-01,4.596978725596886917e-01
2.480000000000000071e+01,1.408643890948863202e+02,3.785268614809894672e+01,3.747845855688585193e-01,3.747845855688585193e-01,4.062735006936530335e-01
2.485000000000000142e+01,1.410532759993142236e+02,3.803231853446624200e+01,4.445106793849385451e-01,4.445106793849385451e-01,4.757831608443654492e-01
2.490000000000000213e+01,1.412464767132512691e+02,3.821166498500591047e+01,5.015701740336949710e-01,5.015701740336949710e-01,4.139089419533917291e-01
2.495000000000000284e+01,1.414426484214977222e+02,3.839038864873226231e+01,4.299401440421953269e-01,4.299401440421953269e-01,4.766872765336345741e-01
2.500000000000000000e+01,1.416374496338872575e+02,3.857340101691561784e+01,4.126658177068207034e-01,4.126658177068207034e-01,4.282097269226901037e-01
2.505000000000000071e+01,1.418323178916675431e+02,3.875801573873751948e+01,4.491850013444115830e-01,4.491850013444115830e-01,4.665120321989604246e-01
2.510000000000000142e+01,1.420271630921194230e+02,3.894007006403187177e+01,4.462944262346681401e-01,4.462944262346681401e-01,4.412431215119047012e-01
2.515000000000000213e+01,1.422202423067097357e+02,3.912067282157629933e+01,4.517141423183698157e-01,4.517141423183698157e-01,4.631282816982895123e-01
2.520000000000000284e+01,1.424131244413912327e+02,3.930092922172955383e+01,4.309143138312431232e-01,4.309143138312431232e-01,4.569003764208349194e-01
2.525000000000000000e+01,1.426051629987370575e+02,3.948207943732179359e+01,4.082033903785920459e-01,4.082033903785920459e-01,4.619484187748086335e-01
2.530000000000000071e+01,1.427963851304304228e+02,3.966422211043952473e+01,3.967810232577544394e-01,3.967810232577544394e-01,4.706804538762434098e-01
2.535000000000000142e+01,1.429851701166900568e+02,3.984463531928228974e+01,3.093383183637670175e-01,3.093383183637670175e-01,4.592814081896368084e-01
2.540000000000000213e+01,1.431715165594451378e+02,4.002896256701874478e+01,2.783022571805301437e-01,2.783022571805301437e-01,4.780675536953272742e-01
2.545000000000000284e+01,1.433582362971353064e+02,4.021585172394931362e+01,3.496735825673618625e-01,3.496735825673618625e-01,4.472126015346124528e-01
2.550000000000000000e+01,1.435480303362907932e+02,4.040056339966422172e+01,3.854726445294480719e-01,3.854726445294480719e-01,4.854214720919315385e-01
2.555000000000000071e+01,1.437385664400827920e+02,4.058338792360162728e+01,3.334539315560096640e-01,3.334539315560096640e-01,4.442810478846658251e-01
2.560000000000000142e+01,1.439275890131585243e+02,4.076848061053718908e+01,4.020596384388696043e-01,4.020596384388696043e-01,4.987527558996380228e-01
2.565000000000000213e+01,1.441202891082832593e+02,4.095245075163158077e+01,3.358930239755139047e-01,3.358930239755139047e-01,4.434166566026843115e-01
2.570000000000000284e+01,1.443120796512163224e+02,4.114045696299959332e+01,2.409149553421404688e-01,2.409149553421404688e-01,4.972448661583153684e-01
2.575000000000000000e+01,1.444992769706078946e+02,4.133034491092430329e+01,2.349386200394741608e-01,2.349386200394741608e-01,4.371836887298982122e-01
2.580000000000000071e+01,1.446850974175125089e+02,4.151877016722655611e+01,1.952760866529157091e-01,1.952760866529157091e-01,4.714733323238703977e-01
2.585000000000000142e+01,1.448707934439833593e+02,4.170963912095694326e+01,1.213897348440894502e-01,1.213897348440894502e-01,4.274029023286374240e-01
2.590000000000000213e+01,1.450535991329908825e+02,4.190232940701187658e+01,1.473816303841325726e-01,1.473816303841325726e-01,4.404923395190586399e-01
2.595000000000000284e+01,1.452364807703513065e+02,4.209248339206955336e+01,1.463407610536097692e-01,1.463407610536097692e-01,4.136675643900901700e-01
2.600000000000000000e+01,1.454231366668648775e+02,4.228628293581787290e+01,1.112771597601337620e-01,1.112771597601337620e-01,4.109911162171222543e-01
2.605000000000000071e+01,1.456071626948285598e+02,4.247922414816916614e+01,1.370205032022461522e-01,1.370205032022461522e-01,4.057685394836263448e-01
2.610000000000000142e+01,1.457929486805836348e+02,4.267153197627562378e+01,6.960184799966589834e-03,6.960184799966589834e-03,3.823628019710765269e-01
2.615000000000000213e+01,1.459735782293355442e+02,4.286729242521308691e+01,-8.420313880657760708e-02,-8.420313880657760708e-02,3.978128542738558204e-01
2.620000000000000284e+01,1.461540699503908058e+02,4.306870615222801746e+01,-1.009723925902222819e-01,-1.009723925902222819e-01,3.414166631888136405e-01
2.625000000000000000e+01,1.463354370921764485e+02,4.327111346655571822e+01,-5.554430185290761858e-03,-5.554430185290761858e-03,3.865589699358741860e-01
2.630000000000000071e+01,1.465244243697743798e+02,4.347349470446064856e+01,-6.893660169914257729e-02,-6.893660169914257729e-02,3.042572087733004249e-01
2.635000000000000142e+01,1.467108417809715206e+02,4.367689422946975952e+01,-1.477703051017175860e-03,-1.477703051017175860e-03,3.645190533722441062e-01
2.640000000000000213e+01,1.469003001691625911e+02,4.387757502177093016e+01,-6.856175590857954694e-02,-6.856175590857954694e-02,2.802238575743695170e-01
2.645000000000000284e+01,1.470873665621303701e+02,4.407983599087059901e+01,-1.680501152760726091e-01,-1.680501152760726091e-01,3.110681361488122354e-01
2.650000000000000000e+01,1.472660336561186227e+02,4.427954836426110319e+01,-1.333086952036396655e-01,-1.333086952036396655e-01,2.596299142031239793e-01
2.655000000000000071e+01,1.474470411382700377e+02,4.447803885363207144e+01,-2.811229240361315385e-01,-2.811229240361315385e-01,2.605635500432894602e-01
2.660000000000000142e+01,1.476239882919935553e+02,4.468195482576731337e+01,-3.326182970365134106e-01,-3.326182970365134106e-01,2.426348168504245950e-01
2.665000000000000213e+01,1.477975791722898009e+02,4.488469438201855155e+01,-3.655280465320587813e-01,-3.655280465320587813e-01,2.001720799372376514e-01
2.670000000000000284e+01,1.479706942683743307e+02,4.508782084666418655e+01,-3.904873209957528957e-01,-3.904873209957528957e-01,2.269590908766601078e-01
2.675000000000000000e+01,1.481434388638621158e+02,4.529083989129708954e+01,-3.972115200724834483e-01,-3.972115200724834483e-01,1.392771782511708911e-01
2.680000000000000071e+01,1.483170355229041490e+02,4.549368479371667462e+01,-3.142716216411144403e-01,-3.142716216411144403e-01,2.266513522855909679e-01
2.685000000000000142e+01,1.484916462349604274e+02,4.569023234469840133e+01,-2.505515718990043439e-01,-2.505515718990043439e-01,8.595185230824223255e-02
2.690000000000000213e+01,1.486682176139022715e+02,4.588310701292904525e+01,-3.867061727816391570e-01,-3.867061727816391570e-01,2.379706479432437682e-01
2.695000000000000284e+01,1.488398223024010179e+02,4.607972653840970878e+01,-4.469519813598391567e-01,-4.469519813598391567e-01,4.298279411520932597e-02
2.700000000000000000e+01,1.490089013392283732e+02,4.627683215318325693e+01,-4.549237501465624445e-01,-4.549237501465624445e-01,2.480280854419580627e-01
2.705000000000000071e+01,1.491769082818113077e+02,4.647209884234354149e+01,-4.001952655931284575e-01,-4.001952655931284575e-01,1.058259790151437445e-02
2.710000000000000142e+01,1.493472455783349062e+02,4.666452420600815998e+01,-4.013638879130351778e-01,-4.013638879130351778e-01,2.335487310152873364e-01
2.715000000000000213e+01,1.495196279754856903e+02,4.685790232850511927e+01,-3.449961615102843382e-01,-3.449961615102843382e-01,5.128535858949551801e-02
2.720000000000000284e+01,1.496961628874393853e+02,4.705030148227913855e+01,-3.700921830514383171e-01,-3.700921830514383171e-01,2.190241891143506203e-01
2.725000000000000000e+01,1.498765010723034834e+02,4.724717906102754483e+01,-3.321989735959445245e-01,-3.321989735959445245e-01,9.391205943290270586e-02
2.730000000000000071e+01,1.500620504019049690e+02,4.744546932541852868e+01,-4.220451152132043693e-01,-4.220451152132043693e-01,1.924321216721518180e-01
2.735000000000000142e+01,1.502497416228690383e+02,4.765115677050610543e+01,-3.091986053235347143e-01,-3.091986053235347143e-01,1.509927515387503860e-01
2.740000000000000213e+01,1.504443128024409475e+02,4.785455474394539976e+01,-2.931600251739124308e-01,-2.931600251739124308e-01,1.599464927630568634e-01
2.745000000000000284e+01,1.506422132894577146e+02,4.805931917664970854e+01,-2.900578132712555157e-01,-2.900578132712555157e-01,2.164212233610473268e-01
2.750000000000000000e+01,1.508411376412063873e+02,4.826425281399217226e+01,-3.023403711859841692e-01,-3.023403711859841692e-01,1.402348745397296315e-01
2.755000000000000071e+01,1.510421649548419794e+02,4.847143783015535234e+01,-3.013784981831377219e-01,-3.013784981831377219e-01,2.848992909283874497e-01
2.760000000000000142e+01,1.512445555531062098e+02,4.867926744917688353e+01,-2.570755241918222800e-01,-2.570755241918222800e-01,1.592934360590642362e-01
2.765000000000000213e+01,1.514514032488686439e+02,4.888767614409226070e+01,-2.681115386199501294e-01,-2.681115386199501294e-01,2.251931417957901416e-01
2.770000000000000284e+01,1.516603995091932404e+02,4.909845030802490129e+01,-2.497447091296265131e-01,-2.497447091296265131e-01,2.144947364355743180e-01
2.775000000000000000e+01,1.518743982851752605e+02,4.931219829124949428e+01,-2.360844400767798668e-01,-2.360844400767798668e-01,1.793000131413965692e-01
2.780000000000000071e+01,1.520900049225207340e+02,4.952619461002310430e+01,-2.828168108294340510e-01,-2.828168108294340510e-01,3.007801720544903690e-01
2.785000000000000142e+01,1.523029428943675327e+02,4.974066839336794033e+01,-2.727971013613044726e-01,-2.727971013613044726e-01,1.863549674000773149e-01
2.790000000000000213e+01,1.525137368864468215e+02,4.995212002850333022e+01,-2.378774947202238477e-01,-2.378774947202238477e-01,2.371812459163458453e-01
2.795000000000000284e+01,1.527268838548937140e+02,5.016302571642194152e+01,-1.874863654847233885e-01,-1.874863654847233885e-01,2.412088055906790041e-01
2.800000000000000000e+01,1.529418766616964263e+02,5.037200034425007544e+01,-1.398575903715307545e-01,-1.398575903715307545e-01,1.943216865930873227e-01
2.805000000000000071e+01,1.531606044393067521e+02,5.058112271333826016e+01,-1.124452131937667132e-01,-1.124452131937667132e-01,3.054070064209824520e-01
2.810000000000000142e+01,1.533829573445347023e+02,5.079182001314084971e+01,-7.633294642661217488e-02,-7.633294642661217488e-02,1.945349614684144801e-01
2.815000000000000213e+01,1.536061484522714693e+02,5.100104837994322793e+01,-9.595640366897420503e-02,-9.595640366897420503e-02,2.191533098367681731e-01
2.820000000000000284e+01,1.538297701129059476e+02,5.121231765575668504e+01,-1.413490677297040733e-02,-1.413490677297040733e-02,2.513306078837211910e-01
2.825000000000000000e+01,1.540555541817002450e+02,5.142026225128170580e+01,4.277242383173246454e-02,4.277242383173246454e-02,1.674958929564194232e-01
2.830000000000000071e+01,1.542842963901624103e+02,5.162755552858423158e+01,1.114895531338089135e-01,1.114895531338089135e-01,2.536666990791452414e-01
2.835000000000000142e+01,1.545153464516097870e+02,5.183296662577226499e+01,1.781430558947887377e-01,1.781430558947887377e-01,1.809226636980015013e-01
2.840000000000000213e+01,1.547481353835482878e+02,5.203630610316272964e+01,2.070286260113470000e-01,2.070286260113470000e-01,1.506201438506623858e-01
2.845000000000000284e+01,1.549812118131916066e+02,5.223897888948833668e+01,2.297981228073668891e-01,2.297981228073668891e-01,2.549077666699638978e-01
2.850000000000000000e+01,1.552133909935787699e+02,5.244033896686259766e+01,3.010047208951570075e-01,3.010047208951570075e-01,1.022856586877849694e-01
2.855000000000000071e+01,1.554449555061891886e+02,5.263734191483203517e+01,3.050200689473303584e-01,3.050200689473303584e-01,1.729512016104637062e-01
2.860000000000000142e+01,1.556785546755337464e+02,5.283726118374990932e+01,3.489050170327148703e-01,3.489050170327148703e-01,1.613560625496333056e-01
2.865000000000000213e+01,1.559105933716012373e+02,5.303391399590827149e+01,2.946032370195160177e-01,2.946032370195160177e-01,5.622436993469513700e-02
2.870000000000000284e+01,1.561404668279848522e+02,5.323356145357703895e+01,3.310378511533178525e-01,3.310378511533178525e-01,2.373165501809892663e-01
2.875000000000000000e+01,1.563715207746926126e+02,5.343289923986002066e+01,4.053655102433857405e-01,4.053655102433857405e-01,6.821600356304764745e-02
2.880000000000000071e+01,1.566044092412235500e+02,5.363000347885609642e+01,3.664054331626267480e-01,3.664054331626267480e-01,1.262776882145452695e-01
2.885000000000000142e+01,1.568350378579234530e+02,5.382896687432205596e+01,3.836827432358648760e-01,3.836827432358648760e-01,1.825706281693597055e-01
2.890000000000000213e+01,1.570647506093415871e+02,5.402698277100184043e+01,2.619868062656159347e-01,2.619868062656159347e-01,5.522031707199057116e-02
2.895000000000000284e+01,1.572871015494970095e+02,5.422743477719731686e+01,3.320264067981132383e-01,3.320264067981132383e-01,2.233599094693669851e-01
2.900000000000000000e+01,1.575096836826672870e+02,5.442389490811195429e+01,3.486573396975963246e-01,3.486573396975963246e-01,1.129678112547545382e-01
2.905000000000000071e+01,1.577332029053039832e+02,5.462100187337397728e+01,3.167090711518352752e-01,3.167090711518352752e-01,1.486262185233341304e-01
2.910000000000000142e+01,1.579567691976198205e+02,5.482131063307551244e+01,2.534513960934994259e-01,2.534513960934994259e-01,2.093937262606782868e-01
2.915000000000000213e+01,1.581776667761789668e+02,5.502418196416063267e+01,2.394322597830921828e-01,2.394322597830921828e-01,1.115905356988456248e-01
2.920000000000000284e+01,1.583997063350827830e+02,5.522970872632569694e+01,2.646557530627365873e-01,2.646557530627365873e-01,2.408679430191803250e-01
2.925000000000000000e+01,1.586254122171064012e+02,5.543758172691548225e+01,1.653761463512057328e-01,1.653761463512057328e-01,1.577980588822192887e-01
2.930000000000000071e+01,1.588489203472851159e+02,5.565079731509659666e+01,1.268918987038129553e-01,1.268918987038129553e-01,1.571790727903313589e-01
2.935000000000000142e+01,1.590688385225464003e+02,5.586328194461611929e+01,7.982374091369513758e-02,7.982374091369513758e-02,2.486599274901034606e-01
2.940000000000000213e+01,1.592856216638805051e+02,5.607596853584563945e+01,5.689416936537763925e-02,5.689416936537763925e-02,1.269929070028401330e-01
2.945000000000000284e+01,1.595047777142945904e+02,5.629253426884547906e+01,8.224197773611478801e-02,8.224197773611478801e-02,2.093553480581897552e-01
2.950000000000000000e+01,1.597246913825217121e+02,5.650784942415177881e+01,7.096596839187752082e-02,7.096596839187752082e-02,1.831358321792372346e-01
2.955000000000000071e+01,1.599426899158426636e+02,5.672192086839702085e+01,1.280929071178360801e-01,1.280929071178360801e-01,1.302057230841666413e-01
2.960000000000000142e+01,1.601628173461548670e+02,5.693393594704035365e+01,1.515488869127773475e-01,1.515488869127773475e-01,2.734983408113977332e-01
2.965000000000000213e+01,1.603848233039662432e+02,5.714622859456919457e+01,9.193912501428244677e-02,9.193912501428244677e-02,1.355436882446256486e-01
2.970000000000000284e+01,1.606068483890921073e+02,5.736289324287253777e+01,3.903152079336823363e-04,3.903152079336823363e-04,1.741352694043048766e-01
2.975000000000000000e+01,1.608271923277902147e+02,5.758427251803101399e+01,-3.563442178926477105e-02,-3.563442178926477105e-02,2.180876846218644804e-01
2.980000000000000071e+01,1.610434404468379910e+02,5.780369588026086802e+01,-8.064501478350594166e-02,-8.064501478350594166e-02,1.068226606304824439e-01
2.985000000000000142e+01,1.612552362870601996e+02,5.802135652928754439e+01,-1.001892552459711649e-01,-1.001892552459711649e-01,2.205191275123030148e-01
2.990000000000000213e+01,1.614684133672979272e+02,5.824117070240552607e+01,-1.116669845487808094e-01,-1.116669845487808094e-01,1.396018485770720852e-01
2.995000000000000284e+01,1.616822812877252886e+02,5.846183288059260263e+01,-1.173948711290725005e-01,-1.173948711290725005e-01,1.134035286046567587e-01
3.000000000000000000e+01,1.618929591158573373e+02,5.867907526319918787e+01,-1.673949653583342301e-01,-1.673949653583342301e-01,2.308317783209000440e-01
3.005000000000000071e+01,1.621044404613481618e+02,5.889999539468313117e+01,-1.439049205243742580e-01,-1.439049205243742580e-01,6.372663791630429897e-02
3.010000000000000142e+01,1.623150010206955756e+02,5.911758316364370103e+01,-1.837352406300120367e-01,-1.837352406300120367e-01,1.731170608536570232e-01
3.015000000000000213e+01,1.625215880888122513e+02,5.933340600507212059e+01,-1.257112767584213919e-01,-1.257112767584213919e-01,1.367449525914219699e-01
3.020000000000000284e+01,1.627325417855512057e+02,5.954870546650112573e+01,-1.466602955657386187e-01,-1.466602955657386187e-01,7.005862117662108035e-02
3.025000000000000000e+01,1.629408966402804140e+02,5.976240910349222446e+01,-1.801280918658837438e-01,-1.801280918658837438e-01,2.348334489024450633e-01
3.030000000000000071e+01,1.631481721385924857e+02,5.997683782385953322e+01,-1.763002797138269462e-01,-1.763002797138269462e-01,3.576172247060881854e-02
3.035000000000000142e+01,1.633539427889797651e+02,6.018889932296927014e+01,-2.056106062780678201e-01,-2.056106062780678201e-01,1.677182033526005978e-01
3.040000000000000213e+01,1.635595008103248347e+02,6.040220272864154794e+01,-2.047367709689789095e-01,-2.047367709689789095e-01,1.287393162412361347e-01
3.045000000000000284e+01,1.637672803038636289e+02,6.061693121029721709e+01,-1.603470828328492359e-01,-1.603470828328492359e-01,7.338417484620941844e-02
3.050000000000000000e+01,1.639741716121965567e+02,6.082709761241537905e+01,-2.019480553699716519e-01,-2.019480553699716519e-01,2.258421925337602831e-01
3.055000000000000071e+01,1.641792870494430758e+02,6.103798987590649716e+01,-2.627050058507087171e-01,-2.627050058507087171e-01,4.145749322461877995e-02
3.060000000000000142e+01,1.643812467771391539e+02,6.124950250675387053e+01,-2.649821067161270971e-01,-2.649821067161270971e-01,1.906751701380696162e-01
3.065000000000000213e+01,1.645820937374985817e+02,6.145938875419093250e+01,-2.343183774319278767e-01,-2.343183774319278767e-01,1.207426445531667725e-01
3.070000000000000284e+01,1.647864064132010071e+02,6.166976468243982623e+01,-1.481688732569947098e-01,-1.481688732569947098e-01,1.197471857059160399e-01
3.075000000000000000e+01,1.649948338393872120e+02,6.187754113785594967e+01,-1.389450205530734783e-01,-1.389450205530734783e-01,2.082150993656179672e-01
3.080000000000000071e+01,1.652066863193892914e+02,6.208765315088286485e+01,-2.415672765057443605e-01,-2.415672765057443605e-01,7.559722292582360392e-02
3.085000000000000142e+01,1.654109756670169702e+02,6.229744108442785944e+01,-2.152313834540334203e-01,-2.152313834540334203e-01,2.250349321802236346e-01
3.090000000000000213e+01,1.656198328885688511e+02,6.250918794246013022e+01,-2.206035908879138974e-01,-2.206035908879138974e-01,1.270312800924089103e-01
3.095000000000000284e+01,1.658279644417706322e+02,6.272018457997516094e+01,-2.739031343752096337e-01,-2.739031343752096337e-01,1.492190470639144229e-01
3.100000000000000000e+01,1.660331048863642138e+02,6.293159322910361908e+01,-2.985638204675203911e-01,-2.985638204675203911e-01,2.109511730492574511e-01
3.105000000000000071e+01,1.662340136742590460e+02,6.314014924979471743e+01,-2.558433057289795642e-01,-2.558433057289795642e-01,1.200965726327126171e-01
3.110000000000000142e+01,1.664384891203803534e+02,6.334849436802129929e+01,-2.613548985334214203e-01,-2.613548985334214203e-01,2.635058841553399867e-01
3.115000000000000213e+01,1.666425783266886924e+02,6.355639306510528286e+01,-1.986266620565233787e-01,-1.986266620565233787e-01,1.446583220110907453e-01
3.120000000000000284e+01,1.668545336949523232e+02,6.376686399674589012e+01,-2.852372899646549720e-01,-2.852372899646549720e-01,1.949612807593992247e-01
3.125000000000000000e+01,1.670649405373974616e+02,6.398156058767184362e+01,-3.134909460696412298e-01,-3.134909460696412298e-01,2.155890904779353412e-01
3.130000000000000071e+01,1.672756584053698816e+02,6.419796474386379259e+01,-2.943051391098630565e-01,-2.943051391098630565e-01,1.566394532840472975e-01
3.135000000000000142e+01,1.674853934427009676e+02,6.441158851763162829e+01,-2.302279890554800867e-01,-2.302279890554800867e-01,2.830703144205767297e-01
3.140000000000000213e+01,1.676978561420123981e+02,6.462289248669213748e+01,-2.856692684673606264e-01,-2.856692684673606264e-01,1.771984664315163771e-01
3.145000000000000284e+01,1.679088157270178101e+02,6.483632120200142879e+01,-2.656656018034186939e-01,-2.656656018034186939e-01,2.155254753329947648e-01
3.150000000000000000e+01,1.681172925681796357e+02,6.504569657224156742e+01,-1.621265988981680228e-01,-1.621265988981680228e-01,2.409412939159665534e-01
3.155000000000000071e+01,1.683278446459960946e+02,6.524961884445275473e+01,-1.642879116662439576e-01,-1.642879116662439576e-01,1.809867678740381958e-01
3.160000000000000142e+01,1.685369838287077471e+02,6.545238880969579043e+01,-1.589603279533302604e-01,-1.589603279533302604e-01,3.033557327004676729e-01
3.165000000000000213e+01,1.687431275618376105e+02,6.565203944493036659e+01,-1.370819013526086982e-01,-1.370819013526086982e-01,1.812782614904450695e-01
3.170000000000000284e+01,1.689516185558183565e+02,6.585235358280522178e+01,-1.819722868495600443e-01,-1.819722868495600443e-01,2.431117122143607867e-01
3.175000000000000000e+01,1.691581363269068561e+02,6.605396912703598389e+01,-6.935135340356343714e-02,-6.935135340356343714e-02,2.140123293406559768e-01
3.180000000000000071e+01,1.693692326626104432e+02,6.625207038220663947e+01,-1.333692934026052546e-01,-1.333692934026052546e-01,1.933478520746177154e-01
3.185000000000000142e+01,1.695809549780481973e+02,6.645536342398017382e+01,-1.347459847008378453e-01,-1.347459847008378453e-01,2.677567306372087286e-01
3.190000000000000213e+01,1.697947429672075828e+02,6.666071988895852485e+01,-1.024786358610010745e-01,-1.024786358610010745e-01,1.700751023720624144e-01
3.195000000000000284e+01,1.700084153649148959e+02,6.686385247032204404e+01,-7.806739554454245056e-02,-7.806739554454245056e-02,2.592585912025452410e-01
3.200000000000000000e+01,1.702255178127223019e+02,6.706864553116101035e+01,-5.247787259766383688e-02,-5.247787259766383688e-02,1.918480558415632253e-01
3.205000000000000426e+01,1.704428247265653056e+02,6.727213160452323848e+01,-1.119832243237130209e-01,-1.119832243237130209e-01,1.871796779697809110e-01
3.210000000000000142e+01,1.706558090651351165e+02,6.747599108108080657e+01,-1.247852848230513317e-01,-1.247852848230513317e-01,2.504975394554249113e-01
3.214999999999999858e+01,1.708673114695023401e+02,6.767945878040899288e+01,-1.261906112076817410e-01,-1.261906112076817410e-01,1.561922620513754856e-01
3.220000000000000284e+01,1.710809624194293121e+02,6.788506039152073868e+01,-1.817494739133294346e-01,-1.817494739133294346e-01,2.609494220168212530e-01
3.225000000000000000e+01,1.712968705211363840e+02,6.809657728294740764e+01,-1.056518083902381194e-01,-1.056518083902381194e-01,1.820357599572766660e-01
3.230000000000000426e+01,1.715162172041120527e+02,6.830597574170083419e+01,3.035010328621976949e+00,1.600000000000000089e+00,1.823473961604921700e-01
3.235000000000000142e+01,1.717337016326542312e+02,6.852143362470408761e+01,2.987283955303309035e+00,1.600000000000000089e+00,2.446886357950605606e-01
3.239999999999999858e+01,1.719491836911776659e+02,6.873703595431085489e+01,3.366307608927690875e+00,1.600000000000000089e+00,1.223735229955265347e-01
3.245000000000000284e+01,1.721685873321575286e+02,6.895781195493916016e+01,3.603634769547229943e+00,1.600000000000000089e+00,2.138835288797696632e-01
3.250000000000000000e+01,1.723866910096006677e+02,6.918010617330881473e+01,3.460274016999626667e+00,1.600000000000000089e+00,1.403480298322558051e-01
3.255000000000000426e+01,1.725989639201830244e+02,6.940110270093050815e+01,3.663005094088938041e+00,1.600000000000000089e+00,8.736483452074955691e-02
3.260000000000000142e+01,1.728085259576942008e+02,6.962341150657186972e+01,3.617390303920394068e+00,1.600000000000000089e+00,2.245729045631247867e-01
3.264999999999999858e+01,1.730152488117342955e+02,6.984760242637747751e+01,4.023799786894506347e+00,1.600000000000000089e+00,4.545971242668369466e-02
3.270000000000000284e+01,1.732255981590845977e+02,7.007461490643855484e+01,4.278591052152627583e+00,1.600000000000000089e+00,2.059023981788785373e-01
3.275000000000000000e+01,1.734343346055501343e+02,7.030329700100655543e+01,4.260160664966553767e+00,1.600000000000000089e+00,1.882761229294944716e-01
3.280000000000000426e+01,1.736400149077740593e+02,7.053697549560934021e+01,4.409058416297988892e+00,1.600000000000000089e+00,2.217739185144635972e-01
3.285000000000000142e+01,1.738403309108960002e+02,7.077205713143675325e+01,4.298979624176380021e+00,1.600000000000000089e+00,3.378699737337988451e-01
3.289999999999999858e+01,1.740349089395881492e+02,7.100913417288164453e+01,4.554262138753211175e+00,1.600000000000000089e+00,3.231451232206015711e-01
3.295000000000000284e+01,1.742268909261559600e+02,7.125042465981046291e+01,4.895201510020909197e+00,1.600000000000000089e+00,4.445058340215224391e-01
3.300000000000000000e+01,1.744190375715552648e+02,7.149522012910486524e+01,5.049172527999899351e+00,1.600000000000000089e+00,4.619825018603794797e-01
3.305000000000000426e+01,1.746123574330972019e+02,7.174594581265287729e+01,5.325351927120355988e+00,1.600000000000000089e+00,5.473530065953584600e-01
3.310000000000000142e+01,1.748032659068481678e+02,7.199931816602807544e+01,5.155393843249530761e+00,1.600000000000000089e+00,6.303870352127738386e-01
3.314999999999999858e+01,1.749857161734773854e+02,7.225516072521743638e+01,5.346765591114798433e+00,1.600000000000000089e+00,6.883409515269410806e-01
3.320000000000000284e+01,1.751648193432210405e+02,7.250810709878903992e+01,5.322691216123532243e+00,1.600000000000000089e+00,8.019801788128865239e-01
3.325000000000000000e+01,1.753393894070888166e+02,7.276518194785622029e+01,5.500562578620590948e+00,1.600000000000000089e+00,8.506995637584351400e-01
3.330000000000000426e+01,1.755072462003402620e+02,7.302720894135974561e+01,5.768614661493714380e+00,1.600000000000000089e+00,9.618360994670611674e-01
3.335000000000000142e+01,1.756729199893261182e+02,7.329007597189065848e+01,5.776411155640876594e+00,1.600000000000000089e+00,1.019963899025556175e+00
3.339999999999999858e+01,1.758347189580121892e+02,7.355654912471700868e+01,5.977135775471946744e+00,1.600000000000000089e+00,1.122859472105166567e+00
3.345000000000000284e+01,1.759891894630952436e+02,7.382976840367939531e+01,5.865442812925834914e+00,1.600000000000000089e+00,1.196754928893904113e+00
3.350000000000000000e+01,1.761379718617475874e+02,7.410218854986322867e+01,6.241577919737022029e+00,1.600000000000000089e+00,1.288352287646489902e+00
3.355000000000000426e+01,1.762864477725497068e+02,7.437790240130384234e+01,6.390359510093700735e+00,1.600000000000000089e+00,1.379150311118832795e+00
3.360000000000000142e+01,1.764348305865048872e+02,7.465751432101217233e+01,6.607735869468328360e+00,1.600000000000000089e+00,1.475139062014738212e+00
3.364999999999999858e+01,1.765805396447967723e+02,7.493478411829725871e+01,6.568180176972486350e+00,1.600000000000000089e+00,1.581884534345214144e+00
3.370000000000000284e+01,1.767212863674982657e+02,7.521360121040814306e+01,6.700564602485403753e+00,1.600000000000000089e+00,1.678964565011113130e+00
3.375000000000000000e+01,1.768582667834578217e+02,7.548793447585630645e+01,6.869186652475590904e+00,1.600000000000000089e+00,1.792239881764821297e+00
3.380000000000000426e+01,1.769942731626275076e+02,7.576781484651058918e+01,7.177143988136284847e+00,1.600000000000000089e+00,1.895293448006745596e+00
3.385000000000000142e+01,1.771303691515367120e+02,7.604584864221305907e+01,7.084497450552143860e+00,1.600000000000000089e+00,2.018820411516714319e+00
3.389999999999999858e+01,1.772637699615667941e+02,7.631906460857886998e+01,7.350677175633117955e+00,1.600000000000000089e+00,2.132047064975210571e+00
3.395000000000000284e+01,1.773977714393396639e+02,7.658795466631791271e+01,7.440221585115428304e+00,1.600000000000000089e+00,2.261260448438411785e+00
3.400000000000000000e+01,1.775289195473071118e+02,7.686073653864799837e+01,7.801171273068156609e+00,1.600000000000000089e+00,2.387358824586129025e+00
3.405000000000000426e+01,1.776595243573470952e+02,7.713514747174899355e+01,7.654071207221854856e+00,1.600000000000000089e+00,2.518698276989029594e+00
3.410000000000000142e+01,1.777823338888092053e+02,7.740993667204490691e+01,7.874844745522130651e+00,1.600000000000000089e+00,2.651976407525223234e+00
3.414999999999999858e+01,1.779004430682023781e+02,7.768629034697998748e+01,7.982720591109373487e+00,1.600000000000000089e+00,2.775970329738551623e+00
3.420000000000000284e+01,1.780171787466683497e+02,7.796491565277521829e+01,8.427968613382901708e+00,1.600000000000000089e+00,2.919165317894187872e+00
3.425000000000000000e+01,1.781355115448623962e+02,7.824573045023115014e+01,8.487191042164951682e+00,1.600000000000000089e+00,3.048446589105990423e+00
3.430000000000000426e+01,1.782487199976868908e+02,7.853122447718401133e+01,8.451006890704906738e+00,1.600000000000000089e+00,3.197343383158647079e+00
3.435000000000000142e+01,1.783570046727703016e+02,7.881771777700068071e+01,8.504838747096329143e+00,1.600000000000000089e+00,3.329070022397018214e+00
3.439999999999999858e+01,1.784616815510336778e+02,7.909831289277947519e+01,8.513845951611861196e+00,1.600000000000000089e+00,3.471838129641531712e+00
3.445000000000000284e+01,1.785629957731994466e+02,7.937985717626521875e+01,8.684218602757725947e+00,1.600000000000000089e+00,3.613801737759053001e+00
3.450000000000000000e+01,1.786596462923403976e+02,7.966113828903679916e+01,8.544018078411578898e+00,1.600000000000000089e+00,3.750859419492786895e+00
3.455000000000000426e+01,1.787487864710126928e+02,7.994269074295446842e+01,8.604668201515487169e+00,1.600000000000000089e+00,3.898587486115843603e+00
3.460000000000000142e+01,1.788378399169451711e+02,8.022376097787143578e+01,8.699501628309587176e+00,1.600000000000000089e+00,4.030443932331634116e+00
3.464999999999999858e+01,1.789213962877277027e+02,8.050314958261601817e+01,8.694880211137913761e+00,1.600000000000000089e+00,4.172979386081838271e+00
3.470000000000000284e+01,1.790062032200990529e+02,8.077882775902442347e+01,8.946241202158129013e+00,1.600000000000000089e+00,4.318966296313671904e+00
3.475000000000000000e+01,1.790891007130067294e+02,8.105465755817945706e+01,9.157944172949227024e+00,1.600000000000000089e+00,4.460319776271456149e+00
3.480000000000000426e+01,1.791729225525504035e+02,8.133375432048752884e+01,8.948823576516467426e+00,1.600000000000000089e+00,4.617195481246765709e+00
3.485000000000000142e+01,1.792522944766752460e+02,8.160845557947121165e+01,9.357593281911134042e+00,1.600000000000000089e+00,4.763795696954006509e+00
3.489999999999999858e+01,1.793312498590609323e+02,8.188669301492927843e+01,9.267148676971272536e+00,1.600000000000000089e+00,4.915211862706605039e+00
3.495000000000000284e+01,1.794030369990245219e+02,8.216647463602132007e+01,9.057888790805661117e+00,1.600000000000000089e+00,5.072386485710493886e+00
3.500000000000000000e+01,1.794684999716534435e+02,8.244368365638204921e+01,9.179177674858967961e+00,1.600000000000000089e+00,5.214260258094651768e+00
3.505000000000000426e+01,1.795255250526868451e+02,8.272281012837876801e+01,9.169796261990740049e+00,1.600000000000000089e+00,5.356639900261296106e+00
3.510000000000000142e+01,1.795791510061529834e+02,8.300260426236981459e+01,9.258820160919526643e+00,1.600000000000000089e+00,5.507190291721839159e+00
3.514999999999999858e+01,1.796325135519287528e+02,8.328345248137863166e+01,9.520969750833986112e+00,1.600000000000000089e+00,5.647729435069616777e+00
3.520000000000000284e+01,1.796832842418243956e+02,8.356548899546285725e+01,9.354780799450610473e+00,1.600000000000000089e+00,5.795876420093648562e+00
3.525000000000000000e+01,1.797270874969472345e+02,8.384655415099476272e+01,9.091431267592986032e+00,1.600000000000000089e+00,5.947394915814012251e+00
3.530000000000000426e+01,1.797635898312854579e+02,8.412429277912222858e+01,9.331290627620139944e+00,1.600000000000000089e+00,6.080923560760730595e+00
3.535000000000000142e+01,1.797957930506173909e+02,8.440386970779051978e+01,9.259059370527417343e+00,1.600000000000000089e+00,6.220562741401822748e+00
3.539999999999999858e+01,1.798294160861957778e+02,8.467950238722028189e+01,9.165452218261869177e+00,1.600000000000000089e+00,6.369095075563135033e+00
3.545000000000000284e+01,1.798594226371588434e+02,8.495384853020281923e+01,9.383459194813923432e+00,1.600000000000000089e+00,6.506093630506988745e+00
3.550000000000000000e+01,1.798867643957016753e+02,8.522858175072782672e+01,9.199918015747853062e+00,1.600000000000000089e+00,6.647538033672725888e+00
3.555000000000000426e+01,1.799110092242132168e+02,8.549951723085014521e+01,9.216131536093694621e+00,1.600000000000000089e+00,6.792736670725886938e+00
3.560000000000000142e+01,1.799322530194749277e+02,8.577155137618431979e+01,9.515802225543753323e+00,1.600000000000000089e+00,6.932728719282176932e+00
3.564999999999999858e+01,1.799480984787504667e+02,8.604747981883417651e+01,9.322731789181325723e+00,1.600000000000000089e+00,7.071619484613819395e+00
3.570000000000000284e+01,1.799593197375450586e+02,8.632026449209043051e+01,9.200508777984552466e+00,1.600000000000000089e+00,7.212849914508311144e+00
3.575000000000000000e+01,1.799673547359688257e+02,8.659086134292448378e+01,9.227065725153263287e+00,1.600000000000000089e+00,7.352658621131674899e+00
3.580000000000000426e+01,1.799678082498633671e+02,8.685983243487876848e+01,9.428684850426286346e+00,1.600000000000000089e+00,7.481620807528216233e+00
3.585000000000000142e+01,1.799685978530817465e+02,8.713249966122479861e+01,9.386942700764162595e+00,1.600000000000000089e+00,7.620104011915279862e+00
3.589999999999999858e+01,1.799639717755410686e+02,8.740584255159842542e+01,6.933381470918580369e+00,1.600000000000000089e+00,7.752881347409797286e+00
3.595000000000000284e+01,1.799558268086194346e+02,8.767813247299088175e+01,6.966176401528374917e+00,1.600000000000000089e+00,7.882782675368940950e+00
3.600000000000000000e+01,1.799471961504607975e+02,8.795081222157945433e+01,6.816084988410501033e+00,1.600000000000000089e+00,8.012387673847248593e+00
3.605000000000000426e+01,1.799351232333484347e+02,8.821908126730212985e+01,6.662313782685480135e+00,1.600000000000000089e+00,8.136319266394744787e+00
3.610000000000000142e+01,1.799162440626940054e+02,8.848520198749690735e+01,6.617874026746048521e+00,1.600000000000000089e+00,8.254384256886035942e+00
3.614999999999999858e+01,1.798944576017604220e+02,8.875062504247144091e+01,6.626531611851525838e+00,1.600000000000000089e+00,8.367955009274247402e+00
3.620000000000000284e+01,1.798710019084807072e+02,8.901654576549083231e+01,6.482252509455046940e+00,1.600000000000000089e+00,8.482435518605143443e+00
3.625000000000000000e+01,1.798374428311990130e+02,8.928268225273311032e+01,6.417075399641596789e+00,1.600000000000000089e+00,8.585836203739763306e+00
3.630000000000000426e+01,1.797974720434976916e+02,8.954951576745332886e+01,6.377116260031931105e+00,1.600000000000000089e+00,8.686549405940704460e+00
3.635000000000000142e+01,1.797548209786374969e+02,8.981568209701481464e+01,6.274558358978373107e+00,1.600000000000000089e+00,8.782185068644624337e+00
3.639999999999999858e+01,1.797071878207602822e+02,9.008019020004275035e+01,6.176481701636480359e+00,1.600000000000000089e+00,8.874909617117941352e+00
3.645000000000000284e+01,1.796511051352982236e+02,9.034513617984431733e+01,5.881996456142513985e+00,1.600000000000000089e+00,8.958593983290334961e+00
3.650000000000000000e+01,1.795907321406325536e+02,9.060067091613139212e+01,5.939538804896375979e+00,1.600000000000000089e+00,9.035462468595964580e+00
3.655000000000000426e+01,1.795298056916023484e+02,9.085812490289063703e+01,5.890067939054550727e+00,1.600000000000000089e+00,9.111478246154673499e+00
3.660000000000000142e+01,1.794631966524387678e+02,9.111617328206675381e+01,5.602535616661917572e+00,1.600000000000000089e+00,9.183937393978974129e+00
3.664999999999999858e+01,1.793913013527537998e+02,9.136550933703729527e+01,5.511526609988046665e+00,1.600000000000000089e+00,9.246721452532195684e+00
3.670000000000000284e+01,1.793152173431674328e+02,9.161302002177878023e+01,5.421257545601361194e+00,1.600000000000000089e+00,9.305469250267943693e+00
3.675000000000000000e+01,1.792362964508849927e+02,9.185805860542032519e+01,5.343377872532805384e+00,1.600000000000000089e+00,9.360195858357762688e+00
3.680000000000000426e+01,1.791550069244207464e+02,9.210087456153004837e+01,5.191617962781488238e+00,1.600000000000000089e+00,9.411938126126303317e+00
3.685000000000000142e+01,1.790700227783417517e+02,9.233924659905818544e+01,5.056067587047399670e+00,1.600000000000000089e+00,9.458167902970092911e+00
3.689999999999999858e+01,1.789812593949847042e+02,9.257380682011471151e+01,4.868475106236437533e+00,1.600000000000000089e+00,9.499290921983947200e+00
3.695000000000000284e+01,1.788886677120287629e+02,9.280252690684889672e+01,4.756164392507430172e+00,1.600000000000000089e+00,9.534004936816238285e+00
3.700000000000000000e+01,1.787916632533228380e+02,9.302853383564041678e+01,4.658106994942162515e+00,1.600000000000000089e+00,9.563903997392257494e+00
3.705000000000000426e+01,1.786925633386575214e+02,9.325139302730687518e+01,4.586515910459452172e+00,1.600000000000000089e+00,9.589796412895848832e+00
3.710000000000000142e+01,1.785900965809891545e+02,9.347264925523677448e+01,4.550880240237874297e+00,1.600000000000000089e+00,9.612892767223563339e+00
3.714999999999999858e+01,1.784869596444719093e+02,9.369263129984496175e+01,4.370893555857024992e+00,1.600000000000000089e+00,9.633538715119877693e+00
3.720000000000000284e+01,1.783763768776134384e+02,9.390826785497782225e+01,4.319625260129649647e+00,1.600000000000000089e+00,9.647141320213840743e+00
3.725000000000000000e+01,1.782649526831899891e+02,9.412210375442441546e+01,4.253148280602751186e+00,1.600000000000000089e+00,9.657189634378323007e+00
3.730000000000000426e+01,1.781526467574286983e+02,9.433355135945338077e+01,4.208691908971991857e+00,1.600000000000000089e+00,9.667633441629027047e+00
3.735000000000000142e+01,1.780354229855983590e+02,9.454497060065162373e+01,4.136502018359821342e+00,1.600000000000000089e+00,9.671027803156254876e+00
3.739999999999999858e+01,1.779120107949435408e+02,9.475566196188887602e+01,3.934710487500071796e+00,1.600000000000000089e+00,9.671832013712759135e+00
3.745000000000000284e+01,1.777860570719862210e+02,9.495904236474660820e+01,3.899577214483728849e+00,1.600000000000000089e+00,9.663336551108642425e+00
3.750000000000000000e+01,1.776566045886555685e+02,9.516221068535446648e+01,3.704348950103577565e+00,1.600000000000000089e+00,9.655588359742324656e+00
3.755000000000000426e+01,1.775232041166561316e+02,9.535869629448806961e+01,3.542546160615491324e+00,1.600000000000000089e+00,9.636742982484317821e+00
3.760000000000000142e+01,1.773867162738349350e+02,9.554953655572231241e+01,3.442725749404281999e+00,1.600000000000000089e+00,9.617429755965906324e+00
3.764999999999999858e+01,1.772446493455917960e+02,9.573804749518420465e+01,3.319846711106920534e+00,1.600000000000000089e+00,9.586410277744780828e+00
3.770000000000000284e+01,1.771025206598472153e+02,9.592155979037937641e+01,3.202262490678867479e+00,1.600000000000000089e+00,9.558452028046275473e+00
3.775000000000000000e+01,1.769596328413040851e+02,9.610049121796789962e+01,3.105118298332150140e+00,1.600000000000000089e+00,9.522131228540015258e+00
3.780000000000000426e+01,1.768143717247301936e+02,9.627617260781356379e+01,3.059602680405732134e+00,1.600000000000000089e+00,9.486457298897423840e+00
3.785000000000000142e+01,1.766710173227848486e+02,9.644958715628983725e+01,2.969887848110559059e+00,1.600000000000000089e+00,9.448303946316928048e+00
3.789999999999999858e+01,1.765229748934699501e+02,9.662071203329493585e+01,2.833950931561930009e+00,1.600000000000000089e+00,9.406705365236218697e+00
3.795000000000000284e+01,1.763723884661375507e+02,9.678689882454821714e+01,2.715144625566438652e+00,1.600000000000000089e+00,9.360260125604579429e+00
3.800000000000000000e+01,1.762176786712763885e+02,9.694929757361460076e+01,2.587001835189541410e+00,1.600000000000000089e+00,9.307156414201246619e+00
3.805000000000000426e+01,1.760609905327137881e+02,9.710688359322558938e+01,2.362835847644424891e+00,1.600000000000000089e+00,9.253018708745070597e+00
3.810000000000000142e+01,1.758988519817617089e+02,9.725617947206420411e+01,2.273559285662750451e+00,1.600000000000000089e+00,9.185377809180467423e+00
3.814999999999999858e+01,1.757353843009946388e+02,9.740220291974716815e+01,2.193757224503170900e+00,1.600000000000000089e+00,9.119720133180361898e+00
3.820000000000000284e+01,1.755760899054250785e+02,9.754397644476954099e+01,2.176013554706121234e+00,1.600000000000000089e+00,9.051304787008945141e+00
3.825000000000000000e+01,1.754178872451279574e+02,9.768512227515819291e+01,2.076919747524116566e+00,1.600000000000000089e+00,8.985692021115625039e+00
3.830000000000000426e+01,1.752579366402403593e+02,9.782261844725275068e+01,2.069041746554904027e+00,1.600000000000000089e+00,8.917677052994626763e+00
3.835000000000000142e+01,1.750953203240122491e+02,9.796094295633332649e+01,1.940925810122063444e+00,1.600000000000000089e+00,8.844642987505167753e+00
3.840000000000000568e+01,1.749272485212788411e+02,9.809521402589065531e+01,1.850703926385876885e+00,1.600000000000000089e+00,8.769425442377295710e+00
3.845000000000000284e+01,1.747614904138538066e+02,9.822523122995927736e+01,1.751723641198952963e+00,1.600000000000000089e+00,8.689161605827495194e+00
3.850000000000000000e+01,1.745928842727716130e+02,9.835188032325264373e+01,1.686551137696665981e+00,1.600000000000000089e+00,8.607264898442444689e+00
3.855000000000000426e+01,1.744244163895354518e+02,9.847602302338010816e+01,1.627465831011434050e+00,1.600000000000000089e+00,8.525539817886286897e+00
3.860000000000000142e+01,1.742554822493251834e+02,9.859811036369598014e+01,1.475525756941312716e+00,1.475525756941312716e+00,8.438532361442268481e+00
3.865000000000000568e+01,1.740878957273142760e+02,9.871318126887604194e+01,1.414616947657454382e+00,1.414616947657454382e+00,8.353314415083865185e+00
3.870000000000000284e+01,1.739181945746543647e+02,9.882654013763681178e+01,1.332213698559498782e+00,1.332213698559498782e+00,8.262772786114284784e+00
3.875000000000000000e+01,1.737487669057902622e+02,9.893653120899423925e+01,1.292848299757308528e+00,1.292848299757308528e+00,8.170511608902746303e+00
3.880000000000000426e+01,1.735801677386784831e+02,9.904512646480377214e+01,1.116475224774841291e+00,1.116475224774841291e+00,8.082217233098125675e+00
3.885000000000000142e+01,1.734083978634133985e+02,9.914660100658768727e+01,1.103346757861565886e+00,1.103346757861565886e+00,7.982263751182498979e+00
3.890000000000000568e+01,1.732327821950908060e+02,9.924930655023527493e+01,9.817793662210407835e-01,9.817793662210407835e-01,7.881726855527673159e+00
3.895000000000000284e+01,1.730536902426984511e+02,9.934776296887773128e+01,9.419134981950947338e-01,9.419134981950947338e-01,7.779885189663246159e+00
3.900000000000000000e+01,1.728735299884056360e+02,9.944548279495951704e+01,8.253408202437795271e-01,8.253408202437795271e-01,7.669616591906283531e+00
3.905000000000000426e+01,1.726882565256665316e+02,9.953974262942064399e+01,8.147373343903449028e-01,8.147373343903449028e-01,7.557130887821382537e+00
3.910000000000000142e+01,1.725058118085826209e+02,9.963377105968862679e+01,7.236278570596411663e-01,7.236278570596411663e-01,7.449215775648750260e+00
3.915000000000000568e+01,1.723240849188591142e+02,9.972403461246612721e+01,5.840234339199734670e-01,5.840234339199734670e-01,7.334311956452840953e+00
3.920000000000000284e+01,1.721466938928105321e+02,9.980695745215078318e+01,5.499804105993542080e-01,5.499804105993542080e-01,7.223209805394910532e+00
3.925000000000000000e+01,1.719715854746991681e+02,9.988855540665446142e+01,5.009722360646988726e-01,5.009722360646988726e-01,7.115714919882559109e+00
3.930000000000000426e+01,1.717977451507447029e+02,9.996834556790193460e+01,4.828708596881544080e-01,4.828708596881544080e-01,7.002140101434219055e+00
3.935000000000000142e+01,1.716241741387013917e+02,1.000482496253536340e+02,3.342057500732936171e-01,3.342057500732936171e-01,6.892292743809105282e+00
3.940000000000000568e+01,1.714472992782874883e+02,1.001226154356262867e+02,2.759350802204343367e-01,2.759350802204343367e-01,6.780303987394288079e+00
3.945000000000000284e+01,1.712706738524623518e+02,1.001951039331744795e+02,2.982927576973883332e-01,2.982927576973883332e-01,6.660841484297144177e+00
3.950000000000000000e+01,1.710943264454123494e+02,1.002699707204149320e+02,2.672118177379305681e-01,2.672118177379305681e-01,6.545182611988958676e+00
3.955000000000000426e+01,1.709163053841930662e+02,1.003450882593184588e+02,3.351616256631805291e-01,3.351616256631805291e-01,6.431862433905131127e+00
3.960000000000000142e+01,1.707392011112653449e+02,1.004248499310644860e+02,2.255661850937226709e-01,2.255661850937226709e-01,6.317398213270828400e+00
3.965000000000000568e+01,1.705582791264367302e+02,1.005015509546830970e+02,2.267591250544525872e-01,2.267591250544525872e-01,6.197894668170902399e+00
3.970000000000000284e+01,1.703760982095495820e+02,1.005802696648254511e+02,2.380335752198118049e-01,2.380335752198118049e-01,6.082385877211753389e+00
3.975000000000000000e+01,1.701917190357304150e+02,1.006619607862886312e+02,2.550104969083292206e-01,2.550104969083292206e-01,5.963661014718015352e+00
3.980000000000000426e+01,1.700115838860067186e+02,1.007445550104461489e+02,1.315809036695669010e-01,1.315809036695669010e-01,5.847242548366857307e+00
3.985000000000000142e+01,1.698325789815629605e+02,1.008216646985454616e+02,1.181791196680638881e-02,1.181791196680638881e-02,5.733383675615741026e+00
3.990000000000000568e+01,1.696540249950207055e+02,1.008937637088636876e+02,-3.601779790310170176e-02,-3.601779790310170176e-02,5.616148995825360757e+00
3.995000000000000284e+01,1.694744828638201000e+02,1.009653554746021626e+02,-4.498874362016682532e-02,-4.498874362016682532e-02,5.493860681314191474e+00
4.000000000000000000e+01,1.692941139659628504e+02,1.010385485516060839e+02,-1.715163425107817385e-01,-1.715163425107817385e-01,5.375871019618014834e+00
4.005000000000000426e+01,1.691134102549378042e+02,1.011068040305717375e+02,-3.022145373585167771e-01,-3.022145373585167771e-01,5.257583553752371408e+00
4.010000000000000142e+01,1.689299153310700490e+02,1.011710396439990376e+02,-2.928220169801235007e-01,-2.928220169801235007e-01,5.126847950791875164e+00
4.015000000000000568e+01,1.687456388399546370e+02,1.012381534983197184e+02,-3.081457378336251995e-01,-3.081457378336251995e-01,5.001063995859644784e+00
4.020000000000000284e+01,1.685627766133495697e+02,1.013058494317328666e+02,-2.647729591361340784e-01,-2.647729591361340784e-01,4.881426166875536765e+00
4.025000000000000000e+01,1.683765720968900155e+02,1.013796282479635522e+02,-1.922486272370571292e-01,-1.922486272370571292e-01,4.754056270734022149e+00
4.030000000000000426e+01,1.681903972377908758e+02,1.014596428690456804e+02,-2.828121610377222206e-01,-2.828121610377222206e-01,4.631942690881953872e+00
4.035000000000000142e+01,1.680020293493438430e+02,1.015379599351167599e+02,-3.139029988772452651e-01,-3.139029988772452651e-01,4.512861422498868791e+00
4.040000000000000568e+01,1.678206886276510943e+02,1.016133263808270186e+02,-3.592875006416063610e-01,-3.592875006416063610e-01,4.391400353987957139e+00
4.045000000000000284e+01,1.676405268455571331e+02,1.016878017852509259e+02,-3.172217262623530099e-01,-3.172217262623530099e-01,4.270950027147605077e+00
4.050000000000000000e+01,1.674582710883697700e+02,1.017681060780018925e+02,-3.412630424484512925e-01,-3.412630424484512925e-01,4.157531926533053479e+00
4.055000000000000426e+01,1.672734411019691834e+02,1.018508840181661270e+02,-4.003420680047520275e-01,-4.003420680047520275e-01,4.038354623075776750e+00
4.060000000000000142e+01,1.670916584995231631e+02,1.019311043476308498e+02,-5.730194437127986706e-01,-5.730194437127986706e-01,3.918552065399254936e+00
4.065000000000000568e+01,1.669049403475788722e+02,1.020068266397214813e+02,-6.246454856028963443e-01,-6.246454856028963443e-01,3.798775656094574238e+00
4.070000000000000284e+01,1.667162582208630113e+02,1.020835418712063785e+02,-6.634547326219011332e-01,-6.634547326219011332e-01,3.674467832451067562e+00
4.075000000000000000e+01,1.665286544489702294e+02,1.021602837241727286e+02,-6.600642779298825369e-01,-6.600642779298825369e-01,3.546876601807575913e+00
4.080000000000000426e+01,1.663409636478648963e+02,1.022402673883851918e+02,-6.578163261690035402e-01,-6.578163261690035402e-01,3.428210509674926687e+00
4.085000000000000142e+01,1.661555166833294663e+02,1.023219925531579833e+02,-6.772554549348879238e-01,-6.772554549348879238e-01,3.310343060712455099e+00
4.090000000000000568e+01,1.659686320373372155e+02,1.024065931233005671e+02,-7.411831975221315760e-01,-7.411831975221315760e-01,3.186390503165807964e+00
4.095000000000000284e+01,1.657824551377794080e+02,1.024900842371510805e+02,-7.400746958296960942e-01,-7.400746958296960942e-01,3.071139046001885919e+00
4.100000000000000000e+01,1.655949859824346504e+02,1.025778209497746332e+02,-7.403022274700360450e-01,-7.403022274700360450e-01,2.954458280533144077e+00
4.105000000000000426e+01,1.654126778210940074e+02,1.026651863723131726e+02,-8.145590283249941610e-01,-8.145590283249941610e-01,2.835564290323568049e+00
4.110000000000000142e+01,1.652250927747761011e+02,1.027552229229883523e+02,-8.477301492956286211e-01,-8.477301492956286211e-01,2.723573154626792281e+00
4.115000000000000568e+01,1.650354199016732935e+02,1.028483854982106322e+02,-8.013256101198512615e-01,-8.013256101198512615e-01,2.606111285977025016e+00
4.120000000000000284e+01,1.648451012116000811e+02,1.029487101254948840e+02,-7.958812897508055206e-01,-7.958812897508055206e-01,2.487348848149181890e+00
4.125000000000000000e+01,1.646554580339187908e+02,1.030526722109050723e+02,-9.913333483992815554e-01,-9.913333483992815554e-01,2.384782871931501180e+00
4.130000000000000426e+01,1.644629841283284293e+02,1.031504203995272491e+02,-1.011841760416688940e+00,-1.011841760416688940e+00,2.260616482406755612e+00
4.135000000000000142e+01,1.642713207323153881e+02,1.032503162677061539e+02,-1.043062549248142457e+00,-1.043062549248142457e+00,2.143984112904995243e+00
4.140000000000000568e+01,1.640820442753182249e+02,1.033502944551179326e+02,-1.187808856758662879e+00,-1.187808856758662879e+00,2.043191905580336698e+00
4.145000000000000284e+01,1.638898308558323151e+02,1.034476942162270205e+02,-1.170407947448619757e+00,-1.170407947448619757e+00,1.912780089742626366e+00
4.150000000000000000e+01,1.636996479289144872e+02,1.035488277058994413e+02,-1.254326733440322972e+00,-1.254326733440322972e+00,1.802576125572846300e+00
4.155000000000000426e+01,1.635077305963870629e+02,1.036505028962669570e+02,-1.386122874554664541e+00,-1.386122874554664541e+00,1.693896580472417090e+00
4.160000000000000142e+01,1.633145385033825221e+02,1.037492342812902848e+02,-1.372294839540389111e+00,-1.372294839540389111e+00,1.565948148389872063e+00
4.165000000000000568e+01,1.631226052777111875e+02,1.038524983040811236e+02,-1.460352253925346400e+00,-1.460352253925346400e+00,1.462933796711891166e+00
4.170000000000000284e+01,1.629308586496350415e+02,1.039543808695169531e+02,-1.438951338483144271e+00,-1.438951338483144271e+00,1.343870875940368803e+00
4.175000000000000000e+01,1.627394317926417955e+02,1.040624468657627517e+02,-1.360245459666727497e+00,-1.360245459666727497e+00,1.227293138596590394e+00
4.180000000000000426e+01,1.625545614799916052e+02,1.041738590413144294e+02,-1.481006541321451930e+00,-1.481006541321451930e+00,1.148650424835838901e+00
4.185000000000000142e+01,1.623685003273550649e+02,1.042826842312813227e+02,-1.564649520547129580e+00,-1.564649520547129580e+00,1.017952866711814286e+00
4.190000000000000568e+01,1.621793240203299149e+02,1.043940949528793141e+02,-1.559148712227242051e+00,-1.559148712227242051e+00,9.171200393942016138e-01
4.195000000000000284e+01,1.619918419153220839e+02,1.045091156733189308e+02,-1.635109114410019160e+00,-1.600000000000000089e+00,8.232215860613435465e-01
4.200000000000000000e+01,1.618048201288152370e+02,1.046230498913445075e+02,-1.709091628261703688e+00,-1.600000000000000089e+00,6.996671597936159337e-01
4.205000000000000426e+01,1.616148548061771066e+02,1.047405033983506826e+02,-1.710749935892188489e+00,-1.600000000000000089e+00,6.310843349230912391e-01
4.210000000000000142e+01,1.614240521055449733e+02,1.048646060233471076e+02,-1.729498992480772879e+00,-1.600000000000000089e+00,4.983745824919746381e-01
4.215000000000000568e+01,1.612308206956931826e+02,1.049963866723583550e+02,-1.760226068167532576e+00,-1.600000000000000089e+00,4.115143392055923277e-01
4.220000000000000284e+01,1.610373678385981009e+02,1.051319567498543677e+02,-1.765807663257505711e+00,-1.600000000000000089e+00,3.297020512083244093e-01
4.225000000000000000e+01,1.608461360119266601e+02,1.052698342748583826e+02,-1.878923963597189495e+00,-1.600000000000000089e+00,2.048643632320925889e-01
4.230000000000000426e+01,1.606512528761083445e+02,1.054096805761932529e+02,-1.847057885883800932e+00,-1.600000000000000089e+00,2.380872666956505013e-01
4.235000000000000142e+01,1.604622112037680211e+02,1.055494029252626689e+02,-1.940969729338398508e+00,-1.600000000000000089e+00,4.238430503920596719e-03
4.240000000000000568e+01,1.602701106319962321e+02,1.056918561321410834e+02,-1.996825177453264599e+00,-1.600000000000000089e+00,2.361838651987709092e-01
4.245000000000000284e+01,1.600788521603827235e+02,1.058341973857414189e+02,-2.043755818108668354e+00,-1.600000000000000089e+00,1.940523401503333190e-01
4.250000000000000000e+01,1.598876042102527038e+02,1.059786078708761181e+02,-2.053913349265267918e+00,-1.600000000000000089e+00,3.204995562539497134e-01
4.255000000000000426e+01,1.596973459742764305e+02,1.061267975849386431e+02,-1.999217691494055815e+00,-1.600000000000000089e+00,3.843655479390965524e-01
4.260000000000000142e+01,1.595111143865218821e+02,1.062793432774671345e+02,-1.925405776255386003e+00,-1.600000000000000089e+00,4.655242512139918798e-01
4.265000000000000568e+01,1.593279794628060699e+02,1.064396466953297988e+02,-1.927926691608266907e+00,-1.600000000000000089e+00,5.516556629537566758e-01
4.270000000000000284e+01,1.591499860318499486e+02,1.065954649287589717e+02,-1.965992987828230287e+00,-1.600000000000000089e+00,6.092004108867518086e-01
4.275000000000000000e+01,1.589732927172052541e+02,1.067503972524530127e+02,-1.960216491716447296e+00,-1.600000000000000089e+00,7.104169753679767663e-01
4.280000000000000426e+01,1.587970992888596982e+02,1.069106862858134264e+02,-1.956351817343679578e+00,-1.600000000000000089e+00,7.523058741930006565e-01
4.285000000000000142e+01,1.586227715423087261e+02,1.070731044170264283e+02,-1.895397107430336847e+00,-1.600000000000000089e+00,8.576209350101446915e-01
4.290000000000000568e+01,1.584543931551248761e+02,1.072347833068465093e+02,-1.856218802338238660e+00,-1.600000000000000089e+00,8.858030830478543782e-01
4.295000000000000284e+01,1.582882402326515034e+02,1.074011755953781631e+02,-1.846258069847892092e+00,-1.600000000000000089e+00,9.673815418141918920e-01
4.300000000000000000e+01,1.581246795944139762e+02,1.075676953151696722e+02,-1.792853312087201223e+00,-1.600000000000000089e+00,1.005598471201110788e+00
4.305000000000000426e+01,1.579636376015590997e+02,1.077395662531883573e+02,-1.727314598953532343e+00,-1.600000000000000089e+00,1.068671558152931134e+00
4.310000000000000142e+01,1.578061721411133647e+02,1.079154337046838634e+02,-1.664976191019899909e+00,-1.600000000000000089e+00,1.108954201672643247e+00
4.315000000000000568e+01,1.576521911268661995e+02,1.080947699047422788e+02,-1.689587792625762752e+00,-1.600000000000000089e+00,1.154295607649668209e+00
4.320000000000000284e+01,1.574976286188881147e+02,1.082763567197778372e+02,-1.680132962579891975e+00,-1.600000000000000089e+00,1.197114419174070354e+00
4.325000000000000000e+01,1.573469995886580364e+02,1.084527259375637556e+02,-1.583072606905822965e+00,-1.583072606905822965e+00,1.234761858184191707e+00
4.330000000000000426e+01,1.572012051671713380e+02,1.086330749339074089e+02,-1.600129891000597437e+00,-1.600000000000000089e+00,1.278625117432858893e+00
4.335000000000000142e+01,1.570553846670424889e+02,1.088144753197531429e+02,-1.547460468261760091e+00,-1.547460468261760091e+00,1.302805433802652013e+00
4.340000000000000568e+01,1.569119479430841864e+02,1.089999821225454184e+02,-1.487765756052133126e+00,-1.487765756052133126e+00,1.348816581469454601e+00
4.345000000000000284e+01,1.567704799765835162e+02,1.091915251160557290e+02,-1.419891512437237990e+00,-1.419891512437237990e+00,1.358828728761145799e+00
4.350000000000000000e+01,1.566330925682867417e+02,1.093838201424263303e+02,-1.378543501062902799e+00,-1.378543501062902799e+00,1.400601973702498837e+00
4.355000000000000426e+01,1.564974274264676239e+02,1.095794899454341191e+02,-1.265642508913434439e+00,-1.265642508913434439e+00,1.399763239540805726e+00
4.360000000000000142e+01,1.563666680085454175e+02,1.097796373430399797e+02,-1.203145574553233343e+00,-1.203145574553233343e+00,1.432714796470704766e+00
4.365000000000000568e+01,1.562385664826951199e+02,1.099827238563489971e+02,-1.124950556623953046e+00,-1.124950556623953046e+00,1.421120279746336479e+00
4.370000000000000284e+01,1.561132695009863482e+02,1.101904122016628236e+02,-1.099379517068950873e+00,-1.099379517068950873e+00,1.442857671005476128e+00
4.375000000000000000e+01,1.559881669770097403e+02,1.104019768563489663e+02,-1.121165563397338971e+00,-1.121165563397338971e+00,1.427155943940041860e+00
4.380000000000000426e+01,1.558609300643217068e+02,1.106168873130040993e+02,-1.042268452840649173e+00,-1.042268452840649173e+00,1.446451591426678007e+00
4.385000000000000142e+01,1.557371587800504358e+02,1.108338445248947721e+02,-1.059472097237864396e+00,-1.059472097237864396e+00,1.427211048196807663e+00
4.390000000000000568e+01,1.556104545491500915e+02,1.110569044463544799e+02,-9.464808438816054714e-01,-9.464808438816054714e-01,1.443434627101017442e+00
4.395000000000000284e+01,1.554888700638310297e+02,1.112818576588314272e+02,-8.708838179612448105e-01,-8.708838179612448105e-01,1.416672204147994218e+00
4.400000000000000000e+01,1.553711455409131474e+02,1.115060456467588068e+02,-7.515160177801476493e-01,-7.515160177801476493e-01,1.426832139243766617e+00
4.405000000000000426e+01,1.552573285236049401e+02,1.117360168922288182e+02,-6.979975253117596257e-01,-6.979975253117596257e-01,1.388705610916783684e+00
4.410000000000000142e+01,1.551428154103994643e+02,1.119746149048631167e+02,-6.371107645710418765e-01,-6.371107645710418765e-01,1.387251128032386038e+00
4.415000000000000568e+01,1.550294947853300584e+02,1.122167098139743473e+02,-6.035532642437881901e-01,-6.035532642437881901e-01,1.344686420380337921e+00
4.420000000000000284e+01,1.549162350693246708e+02,1.124610128820743711e+02,-6.116138726142542614e-01,-6.116138726142542614e-01,1.333655560782551319e+00
4.425000000000000000e+01,1.548017659184963861e+02,1.127046332744763077e+02,-5.693006296890921192e-01,-5.693006296890921192e-01,1.298135147546697121e+00
4.430000000000000426e+01,1.546888076572178079e+02,1.129475175346163809e+02,-5.005555773628336258e-01,-5.005555773628336258e-01,1.281321566715901916e+00
4.435000000000000142e+01,1.545772459065797761e+02,1.131939334364231655e+02,-5.217076596372286490e-01,-5.217076596372286490e-01,1.249420282911984481e+00
4.440000000000000568e+01,1.544642447007100827e+02,1.134380163337332732e+02,-4.682100538230627440e-01,-4.682100538230627440e-01,1.225096158529920265e+00
4.445000000000000284e+01,1.543532754654085295e+02,1.136814112354401800e+02,-4.557988198884768138e-01,-4.557988198884768138e-01,1.202383643038655636e+00
4.450000000000000000e+01,1.542414698659138139e+02,1.139259153705436205e+02,-4.188509022599145593e-01,-4.188509022599145593e-01,1.169804068039808742e+00
4.455000000000000426e+01,1.541299473884055544e+02,1.141720103490081328e+02,-3.660427788290032680e-01,-3.660427788290032680e-01,1.155144374110789407e+00
4.460000000000000142e+01,1.540200401124396876e+02,1.144182073047595196e+02,-2.927293589717054889e-01,-2.927293589717054889e-01,1.111931400749910148e+00
4.465000000000000568e+01,1.539115925742172521e+02,1.146677008587003712e+02,-1.725017058860739416e-01,-1.725017058860739416e-01,1.103503816419744599e+00
4.470000000000000284e+01,1.538081779491991199e+02,1.149172633622636539e+02,-1.943456576090554777e-01,-1.943456576090554777e-01,1.043639452214663033e+00
4.475000000000000000e+01,1.537034238718026131e+02,1.151632357243227318e+02,-2.735554690472695727e-01,-2.735554690472695727e-01,1.037263034793195926e+00
4.480000000000000426e+01,1.535940714818981974e+02,1.154064869742993551e+02,-2.669088363641843875e-01,-2.669088363641843875e-01,9.835231135217752385e-01
4.485000000000000142e+01,1.534837907163394846e+02,1.156499945463395562e+02,-2.828777024788380889e-01,-2.828777024788380889e-01,9.766781711270523525e-01
4.490000000000000568e+01,1.533698308094194545e+02,1.158976613776668927e+02,-1.577434321103365622e-01,-1.577434321103365622e-01,9.329177204054578398e-01
4.495000000000000284e+01,1.532600139834701167e+02,1.161489397958832939e+02,-1.278528128073963266e-01,-1.278528128073963266e-01,9.118793035908951961e-01
4.500000000000000000e+01,1.531500573030173769e+02,1.164010985195158270e+02,-9.373657173346769400e-02,-9.373657173346769400e-02,8.755364148092537047e-01
4.505000000000000426e+01,1.530387487445584327e+02,1.166575517477283057e+02,-1.147868534253328604e-01,-1.147868534253328604e-01,8.406689951049833853e-01
4.510000000000000142e+01,1.529253343755484309e+02,1.169127452830202998e+02,5.254706215457466412e-02,5.254706215457466412e-02,8.239605961964230341e-01
4.515000000000000568e+01,1.528167814313704582e+02,1.171746275228162375e+02,8.878476915219019050e-02,8.878476915219019050e-02,7.678642445419932017e-01
4.520000000000000284e+01,1.527089266089429884e+02,1.174353725510177924e+02,5.060082876318645895e-02,5.060082876318645895e-02,7.678849449381112136e-01
4.525000000000000000e+01,1.525952638057304682e+02,1.177005695135441243e+02,6.948008736738907343e-02,6.948008736738907343e-02,6.948485068887924054e-01
4.530000000000000426e+01,1.524832509985199067e+02,1.179606041318935183e+02,1.667404899652014660e-01,1.667404899652014660e-01,6.863160374903273242e-01
4.535000000000000142e+01,1.523743035247663329e+02,1.182221152171068752e+02,1.793277471501840969e-01,1.793277471501840969e-01,6.303458435775006752e-01
4.540000000000000568e+01,1.522650538656399704e+02,1.184819304519535592e+02,2.590182987491614353e-01,2.590182987491614353e-01,6.001257630577384594e-01
4.545000000000000284e+01,1.521583034882254424e+02,1.187421212755026545e+02,3.488542299889881293e-01,3.488542299889881293e-01,5.702322671708046631e-01
4.550000000000000000e+01,1.520532884907507878e+02,1.190052611982565054e+02,4.618962614843947767e-01,4.618962614843947767e-01,5.112533694020793273e-01
4.555000000000000426e+01,1.519517531779731030e+02,1.192700200661175955e+02,4.978349331294852353e-01,4.978349331294852353e-01,5.108520510450761387e-01
4.560000000000000142e+01,1.518519162806515794e+02,1.195308967438417938e+02,4.979340415592972136e-01,4.979340415592972136e-01,4.175193796051588913e-01
4.565000000000000568e+01,1.517491247206704088e+02,1.197934147639064406e+02,5.717912280375416767e-01,5.717912280375416767e-01,4.359246675652478364e-01
4.570000000000000284e+01,1.516479754011714931e+02,1.200566969083762388e+02,6.272396975586536083e-01,6.272396975586536083e-01,3.343176740103556699e-01
4.575000000000000000e+01,1.515488475404838198e+02,1.203178210725829160e+02,6.557950277988502386e-01,6.557950277988502386e-01,3.294469221434460637e-01
4.580000000000000426e+01,1.514508723948991644e+02,1.205755818390989447e+02,7.046820084120907213e-01,7.046820084120907213e-01,2.616932634146308390e-01
4.585000000000000142e+01,1.513525958727693137e+02,1.208350286829233653e+02,7.430506864899147912e-01,7.430506864899147912e-01,2.273001859732969865e-01
4.590000000000000568e+01,1.512519504487839868e+02,1.210987863543891621e+02,8.503924391139039418e-01,8.503924391139039418e-01,2.186550185581504213e-01
4.595000000000000284e+01,1.511536550081338817e+02,1.213651992584011339e+02,8.221603994582105113e-01,8.221603994582105113e-01,1.151286124763731128e-01
4.600000000000000000e+01,1.510539908519524772e+02,1.216268315203611934e+02,8.167057094749439194e-01,8.167057094749439194e-01,2.255874212388530309e-01
4.605000000000000426e+01,1.509515811623035120e+02,1.218888050622042272e+02,8.321678298919948924e-01,8.321678298919948924e-01,1.151201091849573567e-02
4.610000000000000142e+01,1.508474851104956542e+02,1.221515033806767576e+02,8.296734022101239781e-01,8.296734022101239781e-01,2.208062658241817244e-01
4.615000000000000568e+01,1.507427844560649248e+02,1.224113820129887245e+02,9.130434648381373641e-01,9.130434648381373641e-01,9.166687927597995389e-02
4.620000000000000284e+01,1.506395017641194158e+02,1.226735627903603500e+02,8.962845600819173697e-01,8.962845600819173697e-01,1.960611327059686160e-01
4.625000000000000000e+01,1.505331229985486061e+02,1.229357262347696746e+02,9.106001086745079132e-01,9.106001086745079132e-01,1.940180459438888283e-01
4.630000000000000426e+01,1.504259729497315163e+02,1.231972005708740454e+02,8.672424840273019742e-01,8.672424840273019742e-01,2.148339213507834133e-01
4.635000000000000142e+01,1.503173099587152990e+02,1.234538681555331578e+02,8.943947718084226395e-01,8.943947718084226395e-01,2.883688672827281474e-01
4.640000000000000568e+01,1.502111283020008159e+02,1.237062882525319907e+02,8.648251188928725020e-01,8.648251188928725020e-01,2.654906743390706425e-01
4.645000000000000284e+01,1.501013182520916018e+02,1.239589632671291923e+02,8.382507021658613944e-01,8.382507021658613944e-01,3.705411666327419473e-01
4.650000000000000000e+01,1.499906785162313838e+02,1.242080022376764958e+02,7.899514378738041742e-01,7.899514378738041742e-01,3.226920288397351899e-01
4.655000000000000426e+01,1.498769856104606504e+02,1.244551022119036503e+02,7.728189998811382244e-01,7.728189998811382244e-01,4.158161128994800060e-01
4.660000000000000142e+01,1.497608631167038311e+02,1.247024010186661798e+02,7.137463530756938956e-01,7.137463530756938956e-01,3.750921727233077485e-01
4.665000000000000568e+01,1.496404141056164008e+02,1.249491321259213237e+02,7.680572433026893187e-01,7.680572433026893187e-01,4.307632735335297225e-01
4.670000000000000284e+01,1.495228537313967081e+02,1.251948718070333371e+02,6.881200128315388964e-01,6.881200128315388964e-01,4.243067617555866256e-01
4.675000000000000000e+01,1.494017424589693519e+02,1.254371613898611741e+02,6.498740583593850539e-01,6.498740583593850539e-01,4.512510790091135426e-01
4.680000000000000426e+01,1.492796147040436381e+02,1.256763000562147283e+02,6.268759872661371357e-01,6.268759872661371357e-01,4.652391208713371751e-01
4.685000000000000142e+01,1.491596729125714091e+02,1.259091036719149628e+02,6.156470439881986945e-01,6.156470439881986945e-01,4.698406932477328657e-01
4.690000000000000568e+01,1.490430023395938406e+02,1.261351570865348606e+02,5.584951056354495735e-01,5.584951056354495735e-01,4.953800541975088012e-01
4.695000000000000284e+01,1.489251471627245280e+02,1.263570352318655665e+02,5.476130249888114809e-01,5.476130249888114809e-01,4.900466355276208996e-01
4.700000000000000000e+01,1.488084461446809712e+02,1.265756199102141437e+02,4.643382154318393407e-01,4.643382154318393407e-01,5.133239474350430598e-01
4.705000000000000426e+01,1.486877468487853378e+02,1.267921130583983569e+02,3.635656543065167723e-01,3.635656543065167723e-01,5.034805878344872365e-01
4.710000000000000142e+01,1.485650608830258363e+02,1.270023421501770287e+02,2.862891029143389554e-01,2.862891029143389554e-01,5.152385302557731528e-01
4.715000000000000568e+01,1.484427808139295450e+02,1.272052128582740238e+02,3.033476169281442147e-01,3.033476169281442147e-01,5.028721044431837539e-01
4.720000000000000284e+01,1.483229039799102225e+02,1.274063356974151588e+02,3.048882161321134210e-01,3.048882161321134210e-01,5.020393304256046685e-01
4.725000000000000000e+01,1.482048805895977921e+02,1.276050620788227690e+02,2.692371837556369885e-01,2.692371837556369885e-01,5.064726704444323380e-01
4.730000000000000426e+01,1.480841159213335914e+02,1.278047781228103901e+02,1.770967340024035552e-01,1.770967340024035552e-01,4.889225164319450645e-01
4.735000000000000142e+01,1.479612463737188932e+02,1.279996858454044713e+02,1.117889155379439697e-01,1.117889155379439697e-01,5.056040429496432287e-01
4.740000000000000568e+01,1.478376839046959503e+02,1.281903476294605753e+02,1.330186166226359767e-01,1.330186166226359767e-01,4.640261812731703572e-01
4.745000000000000284e+01,1.477137118369607265e+02,1.283841841212415602e+02,1.580166188938976479e-01,1.580166188938976479e-01,5.025873381762703263e-01
4.750000000000000000e+01,1.475919805162352532e+02,1.285775644698256599e+02,1.260241250018137582e-01,1.260241250018137582e-01,4.437397007844579022e-01
4.755000000000000426e+01,1.474695168135894221e+02,1.287696846448662882e+02,9.379382223277478448e-02,9.379382223277478448e-02,4.941683932210036989e-01
4.760000000000000142e+01,1.473451204798520280e+02,1.289623779063538223e+02,6.126958051012470347e-02,6.126958051012470347e-02,4.247766438732185623e-01
4.765000000000000568e+01,1.472201282144858396e+02,1.291537265237908230e+02,3.338907962180340131e-05,3.338907962180340131e-05,4.557055841407143260e-01
4.770000000000000284e+01,1.470957279457940388e+02,1.293394480466976688e+02,9.201893862124600754e-02,9.201893862124600754e-02,4.050373177059776175e-01
4.775000000000000000e+01,1.469764429336599676e+02,1.295266760796974381e+02,2.408842100196373001e-02,2.408842100196373001e-02,4.137292483074455074e-01
4.780000000000000426e+01,1.468533585508713486e+02,1.297140484667841349e+02,-5.204167539742391574e-02,-5.204167539742391574e-02,3.979588996998838502e-01
4.785000000000000142e+01,1.467272514020946517e+02,1.298998639091523728e+02,-7.050370951065947078e-02,-7.050370951065947078e-02,3.721325530528764580e-01
4.790000000000000568e+01,1.465988252883485643e+02,1.300885146742481311e+02,-1.758567250036242036e-01,-1.758567250036242036e-01,3.865641450393519363e-01
4.795000000000000284e+01,1.464654336325349107e+02,1.302761860271215824e+02,-2.602219865279765121e-01,-2.602219865279765121e-01,3.271722994988236488e-01
4.800000000000000000e+01,1.463279194317762801e+02,1.304638447993342254e+02,-3.249515346406304239e-01,-3.249515346406304239e-01,3.666852827244101443e-01
4.805000000000000426e+01,1.461899405467750057e+02,1.306479000312760661e+02,-2.241674890079672355e-01,-2.241674890079672355e-01,2.718214239761805873e-01
4.810000000000000142e+01,1.460562537632437170e+02,1.308363538876763243e+02,-2.387736231819335420e-01,-2.387736231819335420e-01,3.505437141613053642e-01
4.815000000000000568e+01,1.459215502736014116e+02,1.310264473023987080e+02,-2.416666393721871031e-01,-2.416666393721871031e-01,2.303837389439620520e-01
4.820000000000000284e+01,1.457869866635835194e+02,1.312174690765970411e+02,-1.820356479515402026e-01,-1.820356479515402026e-01,2.981615375256516653e-01
4.825000000000000000e+01,1.456570580231979193e+02,1.314080898062287304e+02,-1.085429491759123954e-01,-1.085429491759123954e-01,2.001777445003405376e-01
4.830000000000000426e+01,1.455324232983105617e+02,1.315982763070916235e+02,-5.704562695772927294e-02,-5.704562695772927294e-02,2.493139008703205428e-01
4.835000000000000142e+01,1.454080210728478164e+02,1.317937982487979127e+02,-9.755350215204348918e-02,-9.755350215204348918e-02,1.949563863863691959e-01
4.840000000000000568e+01,1.452848049512632826e+02,1.319841826245843492e+02,-1.201208993660703161e-01,-1.201208993660703161e-01,2.079487983935822404e-01
4.845000000000000284e+01,1.451626234187935438e+02,1.321714634844265390e+02,-2.187650200082288388e-01,-2.187650200082288388e-01,2.050369519605951540e-01
4.850000000000000000e+01,1.450364635026155611e+02,1.323565728608510312e+02,-2.333932750340005080e-01,-2.333932750340005080e-01,1.557322125176407446e-01
4.855000000000000426e+01,1.449116701108979726e+02,1.325391097902030992e+02,-3.052477142336166849e-01,-3.052477142336166849e-01,2.269335536449423041e-01
4.860000000000000142e+01,1.447836810220848633e+02,1.327210749667231369e+02,-3.038638946046521849e-01,-3.038638946046521849e-01,1.005206640773375210e-01
4.865000000000000568e+01,1.446573657361721814e+02,1.329016804401973104e+02,-4.192156731650248935e-01,-4.192156731650248935e-01,2.584896085231480067e-01
4.870000000000000284e+01,1.445282120483808228e+02,1.330770635555857382e+02,-4.285562442096255142e-01,-4.285562442096255142e-01,6.488178337283496966e-02
4.875000000000000000e+01,1.443977251902080354e+02,1.332553421394934219e+02,-3.563684272129167829e-01,-3.563684272129167829e-01,1.877157769066597481e-01
4.880000000000000426e+01,1.442706975870151780e+02,1.334364006692511282e+02,-3.531316865964984619e-01,-3.531316865964984619e-01,9.295923410257449226e-02
4.885000000000000142e+01,1.441440056039155593e+02,1.336184883958303544e+02,-3.091102660959796911e-01,-3.091102660959796911e-01,1.291124263767914893e-01
4.890000000000000568e+01,1.440215001777127668e+02,1.337989718866391797e+02,-3.313676971853985465e-01,-3.313676971853985465e-01,1.523020852149336857e-01
4.895000000000000284e+01,1.439007546472036836e+02,1.339752171777805358e+02,-3.007853462485837182e-01,-3.007853462485837182e-01,7.208072759774612759e-02
4.900000000000000000e+01,1.437826127197481583e+02,1.341510447026995223e+02,-3.215957937373065123e-01,-3.215957937373065123e-01,2.295493525069243479e-01
4.905000000000000426e+01,1.436621813296066819e+02,1.343297068187049774e+02,-3.837096790273822888e-01,-3.837096790273822888e-01,6.533547117594661058e-02
4.910000000000000142e+01,1.435396141370464704e+02,1.345068349440741429e+02,-3.281792761679395709e-01,-3.281792761679395709e-01,2.213793604125754433e-01
4.915000000000000568e+01,1.434219856164666851e+02,1.346819956345206322e+02,-3.628145197913400510e-01,-3.628145197913400510e-01,1.253050236679068841e-01
4.920000000000000284e+01,1.433034423554267391e+02,1.348561766104716924e+02,-3.604512516698288871e-01,-3.604512516698288871e-01,1.697784376769039261e-01
4.925000000000000000e+01,1.431878349485339754e+02,1.350263464496925110e+02,-2.941760181553907949e-01,-2.941760181553907949e-01,2.056159459007227408e-01
4.930000000000000426e+01,1.430763868684178988e+02,1.351967807487412472e+02,-3.160699859487728358e-01,-3.160699859487728358e-01,1.414401911869665185e-01
4.935000000000000142e+01,1.429648966389696909e+02,1.353657372856753511e+02,-2.694078278912731550e-01,-2.694078278912731550e-01,2.833519835961604283e-01
4.940000000000000568e+01,1.428538238521541643e+02,1.355395080540603487e+02,-2.668335647046766734e-01,-2.668335647046766734e-01,1.635453360524768140e-01
4.945000000000000284e+01,1.427441048599884539e+02,1.357116614551345606e+02,-2.529164548248505895e-01,-2.529164548248505895e-01,2.256524692946965949e-01
4.950000000000000000e+01,1.426342328710548770e+02,1.358860936919614915e+02,-2.389099451402761642e-01,-2.389099451402761642e-01,2.195463663084680217e-01
4.955000000000000426e+01,1.425253468477295087e+02,1.360606709838594099e+02,-1.848982467152983644e-01,-1.848982467152983644e-01,1.909821104731037056e-01
4.960000000000000142e+01,1.424188020496452225e+02,1.362370187951076161e+02,-2.665531007961955412e-01,-2.665531007961955412e-01,2.873839382604619352e-01
4.965000000000000568e+01,1.423100881226059755e+02,1.364090595125757659e+02,-1.805624106823021935e-01,-1.805624106823021935e-01,1.902441771924633374e-01
4.970000000000000284e+01,1.422034164977138175e+02,1.365868409379083062e+02,-2.054608229522254248e-01,-2.054608229522254248e-01,2.688604706853591209e-01
4.975000000000000000e+01,1.420952409765563402e+02,1.367649854082186209e+02,-8.214959479963913902e-02,-8.214959479963913902e-02,2.207500948022862730e-01
4.980000000000000426e+01,1.419913333834577713e+02,1.369484656479800435e+02,-2.971102826427377691e-02,-2.971102826427377691e-02,2.228092801789022803e-01
4.985000000000000142e+01,1.418881862660150261e+02,1.371358881795765967e+02,8.899567645773025920e-03,8.899567645773025920e-03,2.567783614276301085e-01
4.990000000000000568e+01,1.417875534217313316e+02,1.373223781424340473e+02,-9.130701248613092014e-02,-9.130701248613092014e-02,1.861796299529829002e-01
4.995000000000000284e+01,1.416820069436855931e+02,1.375069574196531619e+02,-4.940034197043376846e-02,-4.940034197043376846e-02,3.060715576061437959e-01
5.000000000000000000e+01,1.415779110295628698e+02,1.376931534536696802e+02,-8.021701288157721821e-02,-8.021701288157721821e-02,1.804560325939242316e-01
5.005000000000000426e+01,1.414729127820330348e+02,1.378775408389975610e+02,-1.842271103283052158e-01,-1.842271103283052158e-01,2.503014176858571749e-01
5.010000000000000142e+01,1.413640966664913776e+02,1.380579452833706853e+02,-2.185211749350307042e-01,-2.185211749350307042e-01,2.091523447626370269e-01
5.015000000000000568e+01,1.412554436227314056e+02,1.382347049988601952e+02,-2.280348570354852888e-01,-2.280348570354852888e-01,2.090459012886899115e-01
5.020000000000000284e+01,1.411472668513918904e+02,1.384099407819821010e+02,-1.821043944100149969e-01,-1.821043944100149969e-01,2.702036903472315732e-01
5.025000000000000000e+01,1.410385014250689153e+02,1.385914430229582024e+02,-1.751072374249736108e-01,-1.751072374249736108e-01,1.933819777690891362e-01
5.030000000000000426e+01,1.409304220880639491e+02,1.387726102809686779e+02,-2.066299656005959606e-01,-2.066299656005959606e-01,3.014483922103846081e-01
5.035000000000000142e+01,1.408224418280399561e+02,1.389504544089202795e+02,-1.091919663445036076e-01,-1.091919663445036076e-01,2.076205060838532679e-01
5.040000000000000568e+01,1.407185873521216024e+02,1.391311772194061120e+02,-1.129100434062496466e-01,-1.129100434062496466e-01,2.477048972696440921e-01
5.045000000000000284e+01,1.406138391080019687e+02,1.393130955666264015e+02,-1.193069254617231262e-01,-1.193069254617231262e-01,2.409850902902293535e-01
5.050000000000000000e+01,1.405078235868451770e+02,1.394966296783514963e+02,-1.606048546817347988e-01,-1.606048546817347988e-01,2.098081565547784966e-01
5.055000000000000426e+01,1.403987653594998903e+02,1.396814149120475292e+02,-6.538610953585542729e-02,-6.538610953585542729e-02,2.883846755273651863e-01
5.060000000000000142e+01,1.402942442055252172e+02,1.398679180772262498e+02,-5.344208178527248831e-02,-5.344208178527248831e-02,1.947847437476254995e-01
5.065000000000000568e+01,1.401886448206544742e+02,1.400574371452018170e+02,7.119269161463420703e-02,7.119269161463420703e-02,2.920487260447389710e-01
5.070000000000000284e+01,1.400886908171495975e+02,1.402493421982585744e+02,7.194590198448427842e-02,7.194590198448427842e-02,1.906490119205552780e-01
5.075000000000000000e+01,1.399893506802454226e+02,1.404394958627654262e+02,1.561436138235617332e-01,1.561436138235617332e-01,2.303291354635327581e-01
5.080000000000000426e+01,1.398914644210672975e+02,1.406350996646831106e+02,1.026123033610642638e-01,1.026123033610642638e-01,2.012611616501756573e-01
5.085000000000000142e+01,1.397884437186481534e+02,1.408335379602429214e+02,1.612575969212151628e-01,1.612575969212151628e-01,1.767831996024427643e-01
5.090000000000000568e+01,1.396860380803314854e+02,1.410361711091500467e+02,1.128635425149334404e-01,1.128635425149334404e-01,2.184125345063258616e-01
5.095000000000000284e+01,1.395834558256951254e+02,1.412331642035586583e+02,1.860666271178020581e-01,1.860666271178020581e-01,1.329465329387268802e-01
5.100000000000000000e+01,1.394862885839647220e+02,1.414272132763547347e+02,2.306759847089466797e-01,2.306759847089466797e-01,2.564945366344540956e-01
5.105000000000000426e+01,1.393912744703141016e+02,1.416210450073950540e+02,2.425893378127198241e-01,2.425893378127198241e-01,9.622713820033911014e-02
5.110000000000000142e+01,1.392961085771896705e+02,1.418153204053728302e+02,2.311543287247496969e-01,2.311543287247496969e-01,2.146982763533435701e-01
5.115000000000000568e+01,1.391993985467696291e+02,1.420101240665289311e+02,2.738731855066044996e-01,2.738731855066044996e-01,1.040664425039213442e-01
5.120000000000000284e+01,1.391033833726518196e+02,1.422070496661908976e+02,2.951927897594751049e-01,2.951927897594751049e-01,1.460626758232852762e-01
5.125000000000000000e+01,1.390075241071003234e+02,1.424047570879664875e+02,3.388050758409210106e-01,3.388050758409210106e-01,1.447264485895716490e-01
5.130000000000000426e+01,1.389149622039862209e+02,1.425999631067179507e+02,3.601688125231420345e-01,3.601688125231420345e-01,7.584118800219419310e-02
5.135000000000000142e+01,1.388222744400287638e+02,1.427963083886636753e+02,4.104490932374330048e-01,4.104490932374330048e-01,2.068327636939957526e-01
5.140000000000000568e+01,1.387319686756763986e+02,1.429923006655637607e+02,4.092703371307885862e-01,4.092703371307885862e-01,2.525427904148992014e-02
5.145000000000000284e+01,1.386414776484963909e+02,1.431871461765764764e+02,4.593235797194006320e-01,4.593235797194006320e-01,2.262025181518261263e-01
5.150000000000000000e+01,1.385537769875404877e+02,1.433808753867862151e+02,4.889292122519749428e-01,4.889292122519749428e-01,9.124195758997610817e-02
5.155000000000000426e+01,1.384673073329924478e+02,1.435740293597986863e+02,4.564460287243408132e-01,4.564460287243408132e-01,1.705440607031061262e-01
5.160000000000000142e+01,1.383802607346012508e+02,1.437635880411734206e+02,4.555391939511478361e-01,4.555391939511478361e-01,1.790738881685565720e-01
5.165000000000000568e+01,1.382926708937864930e+02,1.439527143572853731e+02,3.635531274737575647e-01,3.635531274737575647e-01,1.418926282100737291e-01
5.170000000000000284e+01,1.382004244583162347e+02,1.441394948402850673e+02,2.942924689215047351e-01,2.942924689215047351e-01,2.657536464772183860e-01
5.175000000000000000e+01,1.381062983369724577e+02,1.443218579722480115e+02,2.723646153936934433e-01,2.723646153936934433e-01,1.522399045319963173e-01
5.180000000000000426e+01,1.380083083406166224e+02,1.445078115899010811e+02,1.943836933482121498e-01,1.943836933482121498e-01,2.476990779169528645e-01
5.185000000000000142e+01,1.379070131773040657e+02,1.446911674459055632e+02,1.571156984926803668e-01,1.571156984926803668e-01,1.913995042595670326e-01
5.190000000000000568e+01,1.378015196575133814e+02,1.448775113919207058e+02,1.993972814825616668e-01,1.993972814825616668e-01,2.026163211788792329e-01
5.195000000000000284e+01,1.376980530916640078e+02,1.450644405078734849e+02,1.830084111939014324e-01,1.830084111939014324e-01,2.398885708390985638e-01
5.200000000000000000e+01,1.375944075344190480e+02,1.452498204260278385e+02,1.450961918784890170e-01,1.450961918784890170e-01,1.798613563739407117e-01
5.205000000000000426e+01,1.374896332308750857e+02,1.454332035006106878e+02,1.877988121026794022e-01,1.877988121026794022e-01,2.994258701232223596e-01
5.210000000000000142e+01,1.373862740887002190e+02,1.456182595237358726e+02,2.812340435785285475e-01,2.812340435785285475e-01,1.820642262878563178e-01
5.215000000000000568e+01,1.372850040988646185e+02,1.458085793981807115e+02,3.275183385609689024e-01,3.275183385609689024e-01,2.634963179626950702e-01
5.220000000000000284e+01,1.371852393240198467e+02,1.460003420831602909e+02,3.261771183075645730e-01,3.261771183075645730e-01,2.199250088381868584e-01
5.225000000000000000e+01,1.370877207917106944e+02,1.461877328377542824e+02,2.795307247536050754e-01,2.795307247536050754e-01,2.369543779097874336e-01
5.230000000000000426e+01,1.369897516965499733e+02,1.463708486293401165e+02,3.310175062075685348e-01,3.310175062075685348e-01,2.772667870854210737e-01
5.235000000000000142e+01,1.368954988789271283e+02,1.465524264583454226e+02,4.357591454814416787e-01,4.357591454814416787e-01,2.262928108485807721e-01
5.240000000000000568e+01,1.368054218381383862e+02,1.467365807545963037e+02,3.590627985807658962e-01,3.590627985807658962e-01,3.341107532374520961e-01
5.245000000000000284e+01,1.367132609536486996e+02,1.469160199234135860e+02,3.310716395399372347e-01,3.310716395399372347e-01,2.572530200259393052e-01
5.250000000000000000e+01,1.366175005092769652e+02,1.470979246992381206e+02,2.663434616692803014e-01,2.663434616692803014e-01,2.949422265104268970e-01
5.255000000000000426e+01,1.365202959016964144e+02,1.472755764965098706e+02,2.953304774191896076e-01,2.953304774191896076e-01,3.041597712124896602e-01
5.260000000000000142e+01,1.364219291699211283e+02,1.474574414442772365e+02,3.451598708780337366e-01,3.451598708780337366e-01,2.750176571236273571e-01
5.265000000000000568e+01,1.363272750324337608e+02,1.476377313672782918e+02,3.683080551365234823e-01,3.683080551365234823e-01,3.672987289133754496e-01
5.270000000000000284e+01,1.362328305760381397e+02,1.478193233216405247e+02,2.783116028438988865e-01,2.783116028438988865e-01,2.900209566615793433e-01
5.275000000000000000e+01,1.361338337416774209e+02,1.479991434052339798e+02,2.614809600225501685e-01,2.614809600225501685e-01,3.384006942060397982e-01
5.280000000000000426e+01,1.360331864578769228e+02,1.481796990999555135e+02,1.880149484281840866e-01,1.880149484281840866e-01,3.199726628282150709e-01
5.285000000000000142e+01,1.359306391853770322e+02,1.483562144763938591e+02,1.727748409044378708e-01,1.727748409044378708e-01,3.077768580616080940e-01
5.290000000000000568e+01,1.358284552197757193e+02,1.485307601270992848e+02,7.207526080443178718e-02,7.207526080443178718e-02,3.637306900398069587e-01
5.295000000000000284e+01,1.357225455211529948e+02,1.487018353378389861e+02,9.241023407103429732e-02,9.241023407103429732e-02,2.901776735846199884e-01
5.300000000000000000e+01,1.356156667463695271e+02,1.488766227467642977e+02,1.054303445398325628e-01,1.054303445398325628e-01,3.450784810342451547e-01
5.305000000000000426e+01,1.355079961715372292e+02,1.490541195498531124e+02,-2.780372085138532387e-02,-2.780372085138532387e-02,2.973262641705066711e-01
5.310000000000000142e+01,1.353940770025199072e+02,1.492292556620985522e+02,-1.020799906271295798e-01,-1.020799906271295798e-01,2.934372882004038785e-01
5.315000000000000568e+01,1.352766547782779583e+02,1.494036112160564187e+02,-9.292476463059333447e-02,-9.292476463059333447e-02,3.108953003851786523e-01
5.320000000000000284e+01,1.351612168508985974e+02,1.495765456200142012e+02,-1.294148337277509220e-01,-1.294148337277509220e-01,2.461825225685232987e-01
5.325000000000000000e+01,1.350424604529859209e+02,1.497520935062742922e+02,-1.627689142787906995e-01,-1.627689142787906995e-01,3.349685482734113817e-01
5.330000000000000426e+01,1.349217582235590100e+02,1.499284980627591040e+02,-1.839660620573715100e-01,-1.839660620573715100e-01,2.175525729874726033e-01
5.335000000000000142e+01,1.347994477186579445e+02,1.501064591824581100e+02,-1.836285674393580147e-01,-1.836285674393580147e-01,2.637881618871317779e-01
5.340000000000000568e+01,1.346763485089949484e+02,1.502867552095495398e+02,-9.683254019630557763e-02,-9.683254019630557763e-02,2.096268986274701929e-01
5.345000000000000284e+01,1.345551803284066636e+02,1.504731919760099856e+02,-1.283888884308579392e-01,-1.283888884308579392e-01,2.068836260837968732e-01
5.350000000000000000e+01,1.344340795800167996e+02,1.506572465481455652e+02,-1.981197206870147498e-01,-1.981197206870147498e-01,2.251662946814812494e-01
5.355000000000000426e+01,1.343102014753524713e+02,1.508399668857387041e+02,-2.019407300456531329e-01,-2.019407300456531329e-01,1.549392895845708995e-01
5.360000000000000142e+01,1.341876874647611544e+02,1.510210962600054643e+02,-1.273609794205736723e-01,-1.273609794205736723e-01,2.539284832204616871e-01
5.365000000000000568e+01,1.340695913061966849e+02,1.512031085426430934e+02,-1.819635901655497767e-01,-1.819635901655497767e-01,1.172657184032837585e-01
5.370000000000000284e+01,1.339492579040903593e+02,1.513842431538579945e+02,-2.041544800122391534e-01,-2.041544800122391534e-01,2.383882991867316559e-01
5.375000000000000000e+01,1.338276305777988000e+02,1.515662312389577835e+02,-2.135568257292646266e-01,-2.135568257292646266e-01,1.111488821298360768e-01
5.380000000000000426e+01,1.337037225266614087e+02,1.517520161557023357e+02,-2.335468614706410484e-01,-2.335468614706410484e-01,1.758410300847016161e-01
5.385000000000000142e+01,1.335793562608333787e+02,1.519375556792181783e+02,-2.084960083245547546e-01,-2.084960083245547546e-01,1.319535841132115361e-01
5.390000000000000568e+01,1.334579571232217745e+02,1.521215232308118743e+02,-1.554940115431218961e-01,-1.554940115431218961e-01,1.150412822800376822e-01
5.395000000000000284e+01,1.333370607100669929e+02,1.523106868369087294e+02,-1.228436096752474338e-01,-1.228436096752474338e-01,1.741788141520328181e-01
5.400000000000000000e+01,1.332177546792949840e+02,1.525010192083487937e+02,-1.647429942859579277e-01,-1.647429942859579277e-01,6.401240984335711259e-02
5.405000000000000426e+01,1.330976594390516823e+02,1.526890823551039773e+02,-8.310931771899487952e-02,-8.310931771899487952e-02,2.207509898252300318e-01
5.410000000000000142e+01,1.329826878125552128e+02,1.528771141878444837e+02,-6.990128925297265858e-03,-6.990128925297265858e-03,1.838099736436851761e-02
5.415000000000000568e+01,1.328731638350143669e+02,1.530637058526871783e+02,5.338265306609885075e-02,5.338265306609885075e-02,2.178783467043238220e-01
5.420000000000000284e+01,1.327672882523386590e+02,1.532501022733426055e+02,1.135170038511881252e-01,1.135170038511881252e-01,6.877372279966507962e-02
5.425000000000000000e+01,1.326627506939769887e+02,1.534400268114241612e+02,1.634851552586341905e-01,1.634851552586341905e-01,1.527573128231944910e-01
5.430000000000000426e+01,1.325595421917443844e+02,1.536322876657669951e+02,8.717643903915398007e-02,8.717643903915398007e-02,1.325115113773565334e-01
5.435000000000000142e+01,1.324522677670643418e+02,1.538234484751536399e+02,1.792666188084137968e-01,1.792666188084137968e-01,9.712160192280862303e-02
5.440000000000000568e+01,1.323505013015699205e+02,1.540141030338677979e+02,1.947922592232028682e-01,1.947922592232028682e-01,1.957291907234768591e-01
5.445000000000000284e+01,1.322495552724207641e+02,1.542043788512466449e+02,1.302234169243448036e-01,1.302234169243448036e-01,5.665674596408883795e-02
5.450000000000000000e+01,1.321468768949844446e+02,1.543907015387598847e+02,1.255104280005502337e-01,1.255104280005502337e-01,2.434823821128631327e-01
5.455000000000000426e+01,1.320410802785229691e+02,1.545815110862042445e+02,9.094655366100780347e-02,9.094655366100780347e-02,7.379352580546831575e-02
5.460000000000000142e+01,1.319349956075387240e+02,1.547691306175335626e+02,7.356348765973647064e-02,7.356348765973647064e-02,1.841857403068372923e-01
5.465000000000000568e+01,1.318264325144195368e+02,1.549590547995844645e+02,1.316727941838378470e-02,1.316727941838378470e-02,1.237389540324760062e-01
5.470000000000000284e+01,1.317153018405968794e+02,1.551472864206165241e+02,-7.310815186055324988e-02,-7.310815186055324988e-02,1.292939904720783184e-01
5.475000000000000000e+01,1.316011980765198928e+02,1.553321790835015292e+02,-3.848600776465647185e-03,-3.848600776465647185e-03,1.768363032282957714e-01
5.480000000000000426e+01,1.314915256990925911e+02,1.555167705727009491e+02,-3.479825538286598213e-02,-3.479825538286598213e-02,7.260121984150473551e-02
5.485000000000000142e+01,1.313810287248296049e+02,1.556998556154844096e+02,-7.630281797924756259e-04,-7.630281797924756259e-04,2.418675226357398234e-01
5.490000000000000568e+01,1.312724777337153910e+02,1.558832268566467292e+02,1.717873052525266050e-02,1.717873052525266050e-02,5.488475754206511431e-02
5.495000000000000284e+01,1.311647463327914807e+02,1.560670881030146973e+02,-1.075570131016609539e-02,-1.075570131016609539e-02,1.960574102473439106e-01
5.500000000000000000e+01,1.310561041319417939e+02,1.562497968384421654e+02,-1.022835984887801170e-01,-1.022835984887801170e-01,1.059666577718853947e-01
5.505000000000000426e+01,1.309429161274339037e+02,1.564313440997109410e+02,-3.700733374399711728e-02,-3.700733374399711728e-02,1.253424825201805148e-01
5.510000000000000142e+01,1.308355999625482013e+02,1.566097924077323000e+02,-2.602296431521727502e-02,-2.602296431521727502e-02,1.744929151340180729e-01
5.515000000000000568e+01,1.307283812257163618e+02,1.567893588529283306e+02,1.022042090539290460e-01,1.022042090539290460e-01,5.173286962022031338e-02
5.520000000000000284e+01,1.306244183931619034e+02,1.569761955512539657e+02,6.466221030472525666e-02,6.466221030472525666e-02,2.481196554837567514e-01
5.525000000000000000e+01,1.305194262186795697e+02,1.571608222131492312e+02,1.216401757060631278e-01,1.216401757060631278e-01,5.198852741249698761e-02
5.530000000000000426e+01,1.304172606931687426e+02,1.573461345719530868e+02,2.361310109334426866e-01,2.361310109334426866e-01,1.844192189121702241e-01
5.535000000000000142e+01,1.303203705203311245e+02,1.575334535102113591e+02,2.043236794526032407e-01,2.043236794526032407e-01,1.214442533810474456e-01
5.540000000000000568e+01,1.302215478978698684e+02,1.577202551207147394e+02,2.392816932800435059e-01,2.392816932800435059e-01,1.212853600261314252e-01
5.545000000000000284e+01,1.301236650791808813e+02,1.579083527910645728e+02,1.698208056789040077e+00,1.600000000000000089e+00,1.882911544798137604e-01
5.550000000000000000e+01,1.300225374611072766e+02,1.580912587219766579e+02,1.683057173874072499e+00,1.600000000000000089e+00,9.621112187000810390e-02
5.555000000000000426e+01,1.299165062403085074e+02,1.582753305165073812e+02,1.707610285661711469e+00,1.600000000000000089e+00,2.584713088761540489e-01
5.560000000000000142e+01,1.298090946521271292e+02,1.584536847473670775e+02,1.547443415933271504e+00,1.547443415933271504e+00,1.153528758353113692e-01
5.565000000000000568e+01,1.296989534097553474e+02,1.586257885920178410e+02,1.450554717588149467e+00,1.450554717588149467e+00,2.093836359887234766e-01
5.570000000000000284e+01,1.295866331865011887e+02,1.587942840137056351e+02,1.546862141276368785e+00,1.546862141276368785e+00,1.698281557546184040e-01
5.575000000000000000e+01,1.294712057488833636e+02,1.589610766433407889e+02,1.506221574728777046e+00,1.506221574728777046e+00,1.608671129289723500e-01
5.580000000000000426e+01,1.293545011400339888e+02,1.591263570157059348e+02,1.787495626351536693e+00,1.600000000000000089e+00,2.432853206387705913e-01
5.585000000000000142e+01,1.292393510066351041e+02,1.592961757666759581e+02,1.739588539670506862e+00,1.600000000000000089e+00,1.588891106924322505e-01
5.590000000000000568e+01,1.291244499622679314e+02,1.594634328231033180e+02,1.651169909230491895e+00,1.600000000000000089e+00,2.722145736377249436e-01
5.595000000000000284e+01,1.290094319793186344e+02,1.596265609953059368e+02,1.675234369074589447e+00,1.600000000000000089e+00,2.117313374957395244e-01
5.600000000000000000e+01,1.288900375014239330e+02,1.597850677019297052e+02,1.695369682888054452e+00,1.600000000000000089e+00,2.383605367156657606e-01
5.605000000000000426e+01,1.287692164511366855e+02,1.599444541230330117e+02,1.908791270303025200e+00,1.600000000000000089e+00,2.884278233317739693e-01
5.610000000000000142e+01,1.286520617459113964e+02,1.601048103096057105e+02,1.810812140324974617e+00,1.600000000000000089e+00,2.520027398925290263e-01
5.615000000000000568e+01,1.285344581389356620e+02,1.602606704444147567e+02,1.778670147191169892e+00,1.600000000000000089e+00,3.457717677566648495e-01
5.620000000000000284e+01,1.284147431304298550e+02,1.604152341481200779e+02,1.983367049869284138e+00,1.600000000000000089e+00,3.118324640706339745e-01
5.625000000000000000e+01,1.282923993045154987e+02,1.605719080481044045e+02,1.854020991225133308e+00,1.600000000000000089e+00,3.428744514494872497e-01
5.630000000000000426e+01,1.281655994936665195e+02,1.607237385351369880e+02,2.074589546236039972e+00,1.600000000000000089e+00,3.975840777562021922e-01
5.635000000000000142e+01,1.280375733747095239e+02,1.608778947426700370e+02,1.925316843729523164e+00,1.600000000000000089e+00,3.762885942037147435e-01
5.640000000000000568e+01,1.279025274472671470e+02,1.610266986563759133e+02,1.818461852447339044e+00,1.600000000000000089e+00,4.462466142454565854e-01
5.645000000000000284e+01,1.277687672781590464e+02,1.611705605325541342e+02,1.860267984922328699e+00,1.600000000000000089e+00,4.306131212137450648e-01
5.650000000000000000e+01,1.276383426209934981e+02,1.613090686374685276e+02,1.789613197809326817e+00,1.600000000000000089e+00,4.507831333464994983e-01
5.655000000000000426e+01,1.275086248273405545e+02,1.614441407811308693e+02,1.791868363762546545e+00,1.600000000000000089e+00,5.154005069893340396e-01
5.660000000000000142e+01,1.273780063962656754e+02,1.615732205197928124e+02,1.757403097617666443e+00,1.600000000000000089e+00,4.875522783912714098e-01
5.665000000000000568e+01,1.272410458189638263e+02,1.617010954533349434e+02,1.616461813038785333e+00,1.600000000000000089e+00,5.230157151536531934e-01
5.670000000000000284e+01,1.271006917064246267e+02,1.618232114364701602e+02,1.609721579723762730e+00,1.600000000000000089e+00,5.460175989928062190e-01
5.675000000000000000e+01,1.269554825035770307e+02,1.619392191510761734e+02,1.475249563614024817e+00,1.475249563614024817e+00,5.274438220069984640e-01
5.680000000000000426e+01,1.268120196958585808e+02,1.620494339286844649e+02,1.522189417521710109e+00,1.522189417521710109e+00,5.670320555694171594e-01
5.685000000000000142e+01,1.266653172052994591e+02,1.621615532011172718e+02,1.586854979473620419e+00,1.586854979473620419e+00,5.602261407300385132e-01
5.690000000000000568e+01,1.265157454766652307e+02,1.622702832156753914e+02,1.488922013231777974e+00,1.488922013231777974e+00,5.567281249634811191e-01
5.695000000000000284e+01,1.263654884488817487e+02,1.623748168702420003e+02,1.492226931087327291e+00,1.492226931087327291e+00,6.076529032651363238e-01
5.700000000000000000e+01,1.262118054961311202e+02,1.624793406562889686e+02,1.516558634939817463e+00,1.516558634939817463e+00,5.749060180905875006e-01
5.705000000000000426e+01,1.260574529283549765e+02,1.625787581645089404e+02,1.368657618606963666e+00,1.368657618606963666e+00,5.835591768608204832e-01
5.710000000000000142e+01,1.258979601095634848e+02,1.626716717391857401e+02,1.301900897801875789e+00,1.301900897801875789e+00,6.143721882641672849e-01
5.715000000000000568e+01,1.257344004128428310e+02,1.627555081022585739e+02,1.224374057230694257e+00,1.224374057230694257e+00,5.693706055747727035e-01
5.720000000000000284e+01,1.255727129954082812e+02,1.628363720760752074e+02,1.058763480760801068e+00,1.058763480760801068e+00,5.793655125106662584e-01
5.725000000000000000e+01,1.254112613937931116e+02,1.629103063130228293e+02,1.113453844648821134e+00,1.113453844648821134e+00,5.809364892404481617e-01
5.730000000000000426e+01,1.252474187326292565e+02,1.629806039135950471e+02,1.030928366138133212e+00,1.030928366138133212e+00,5.405517098471975812e-01
5.735000000000000142e+01,1.250827612190347793e+02,1.630474463473583171e+02,1.039187326998889382e+00,1.039187326998889382e+00,5.536667974622292432e-01
5.740000000000000568e+01,1.249138625216827307e+02,1.631143843805274116e+02,1.114675130315330609e+00,1.114675130315330609e+00,5.413711743284400635e-01
5.745000000000000284e+01,1.247460065063422832e+02,1.631787741395956743e+02,1.112728458170477941e+00,1.112728458170477941e+00,5.044870410792241522e-01
5.750000000000000000e+01,1.245800781477381491e+02,1.632436557617545816e+02,1.044710499412307980e+00,1.044710499412307980e+00,5.302931899841425434e-01
5.755000000000000426e+01,1.244170557797706067e+02,1.633062566207480302e+02,1.097776153389611764e+00,1.097776153389611764e+00,5.134000513908338892e-01
5.760000000000000142e+01,1.242524220618366542e+02,1.633649200106572437e+02,9.848583239596334638e-01,9.848583239596334638e-01,4.826464133507367138e-01
5.765000000000000568e+01,1.240894246521019397e+02,1.634190920382083050e+02,9.686611694074768186e-01,9.686611694074768186e-01,5.087353419305356006e-01
5.770000000000000284e+01,1.239233035075961027e+02,1.634721838340146292e+02,1.080747491611754318e+00,1.080747491611754318e+00,4.872063537922268206e-01
5.775000000000000000e+01,1.237579379556846817e+02,1.635244562861707323e+02,1.053466608869629395e+00,1.053466608869629395e+00,4.566554820803727655e-01
5.780000000000000426e+01,1.235897078516466792e+02,1.635750038017936561e+02,9.538465156967101954e-01,9.538465156967101954e-01,4.882194728478076451e-01
5.785000000000000142e+01,1.234233485990313994e+02,1.636217604635993155e+02,1.022780737640969440e+00,1.022780737640969440e+00,4.636898255392643553e-01
5.790000000000000568e+01,1.232557375973708531e+02,1.636652713156913705e+02,9.962603835465509983e-01,9.962603835465509983e-01,4.314738073177832312e-01
5.795000000000000284e+01,1.230916534300690870e+02,1.637087356349626930e+02,8.738519608101663616e-01,8.738519608101663616e-01,4.656539114705136040e-01
5.800000000000000000e+01,1.229235052060877393e+02,1.637457291154875634e+02,9.336197800880289277e-01,9.336197800880289277e-01,4.387506476626507612e-01
5.805000000000000426e+01,1.227566456963989054e+02,1.637798268830064217e+02,8.869064343258151739e-01,8.869064343258151739e-01,4.023145014108062689e-01
5.810000000000000142e+01,1.225907772245635385e+02,1.638123348832193358e+02,7.249196939514657156e-01,7.249196939514657156e-01,4.332488152725938457e-01
5.815000000000000568e+01,1.224271825235234843e+02,1.638382750309192204e+02,8.326578698866058392e-01,8.326578698866058392e-01,4.089676965444901668e-01
5.820000000000000284e+01,1.222617421575172898e+02,1.638627704467489821e+02,7.269402406086076240e-01,7.269402406086076240e-01,3.632935360558531834e-01
5.825000000000000000e+01,1.220965731107374665e+02,1.638826758286699032e+02,6.567687985834572695e-01,6.567687985834572695e-01,3.861789058467910429e-01
5.830000000000000426e+01,1.219296795403612776e+02,1.638990546765034253e+02,7.826236791316171226e-01,7.826236791316171226e-01,3.715343680931793013e-01
5.835000000000000142e+01,1.217626208654703248e+02,1.639154269080391373e+02,7.359481704992338891e-01,7.359481704992338891e-01,3.137019325946153181e-01
5.840000000000000568e+01,1.215945682517043736e+02,1.639295354140920153e+02,6.790997342529213610e-01,6.790997342529213610e-01,3.374602146974626238e-01
5.845000000000000284e+01,1.214207279597236067e+02,1.639390163604122677e+02,6.374140056059115489e-01,6.374140056059115489e-01,3.289525216261491303e-01
5.850000000000000000e+01,1.212516433651443322e+02,1.639422212559690024e+02,5.482933485366743298e-01,5.482933485366743298e-01,2.563851141451939375e-01
5.855000000000000426e+01,1.210859895174360616e+02,1.639430162673987184e+02,6.301612518324155587e-01,6.301612518324155587e-01,2.799948768424455059e-01
5.860000000000000142e+01,1.209149264579223768e+02,1.639461539001622157e+02,6.686921090689277314e-01,6.686921090689277314e-01,2.820422384832889651e-01
5.865000000000000568e+01,1.207471331439471527e+02,1.639464357358403106e+02,5.914439858559701335e-01,5.914439858559701335e-01,1.980440422701501280e-01
5.870000000000000284e+01,1.205814844364145699e+02,1.639442830129427193e+02,5.619785334472138238e-01,5.619785334472138238e-01,2.317393896345662230e-01
5.875000000000000000e+01,1.204158073350071874e+02,1.639411357109228220e+02,6.925937068632987970e-01,6.925937068632987970e-01,2.505267259020670934e-01
5.880000000000000426e+01,1.202493668392236827e+02,1.639379890580783297e+02,6.213799019338690499e-01,6.213799019338690499e-01,1.486442160893796660e-01
5.885000000000000142e+01,1.200838167464453505e+02,1.639320391376865871e+02,5.523363295924479388e-01,5.523363295924479388e-01,1.893074333874205650e-01
5.890000000000000568e+01,1.199189213029057441e+02,1.639233244437337476e+02,6.216481191757637914e-01,6.216481191757637914e-01,2.308853037986779155e-01
5.895000000000000284e+01,1.197542546948916709e+02,1.639119653920734550e+02,6.693446474834880977e-01,6.693446474834880977e-01,1.039142941825255267e-01
5.900000000000000000e+01,1.195897280903751323e+02,1.639035440823470537e+02,5.806044335111466559e-01,5.806044335111466559e-01,1.524718480771156126e-01
5.905000000000000426e+01,1.194233587875559408e+02,1.638898795068008098e+02,6.497770303116033874e-01,6.497770303116033874e-01,2.199892005683229124e-01
5.910000000000000142e+01,1.192611362508421990e+02,1.638756905445496841e+02,6.262197570090689558e-01,6.262197570090689558e-01,7.350933671144196935e-02
5.915000000000000568e+01,1.190970772558349182e+02,1.638595232537561515e+02,6.693373075492867752e-01,6.693373075492867752e-01,1.253416193875709073e-01
5.920000000000000284e+01,1.189305128191374763e+02,1.638445353284418218e+02,7.814208172527268292e-01,7.814208172527268292e-01,2.184426739935056427e-01
5.925000000000000000e+01,1.187657936521454900e+02,1.638298653596906718e+02,6.431150837761344663e-01,6.431150837761344663e-01,5.735718412022516866e-02
5.930000000000000426e+01,1.186016073642291246e+02,1.638083335100489535e+02,6.629403161447193771e-01,6.629403161447193771e-01,1.152355535396428071e-01
5.935000000000000142e+01,1.184342285564113979e+02,1.637861914155988359e+02,8.529949650526833516e-01,8.529949650526833516e-01,2.166413756959388037e-01
5.940000000000000568e+01,1.182598084148768294e+02,1.637624642034730016e+02,8.878914106760043001e-01,8.878914106760043001e-01,4.095536883814643314e-02
5.945000000000000284e+01,1.180827558845795551e+02,1.637389616647787136e+02,9.125554540395247605e-01,9.125554540395247605e-01,1.381693560315027380e-01
5.950000000000000000e+01,1.179053139546327600e+02,1.637167128392463269e+02,1.014292896545691436e+00,1.014292896545691436e+00,1.826324642050752012e-01
5.955000000000000426e+01,1.177289240588046084e+02,1.636931042568508019e+02,1.046336722621165061e+00,1.046336722621165061e+00,1.356612803982777497e-02
5.960000000000000142e+01,1.175501248804784780e+02,1.636693878696148374e+02,8.395538041041836763e-01,8.395538041041836763e-01,1.766072008633532975e-01
5.965000000000000568e+01,1.173778583395994843e+02,1.636392441010139578e+02,-8.514212420513882218e-02,-8.514212420513882218e-02,1.484136307593180715e-01
5.970000000000000284e+01,1.172030550280781256e+02,1.636116666936794957e+02,-1.367125488486351237e-01,-1.367125488486351237e-01,3.735818565999102919e-02
5.975000000000000000e+01,1.170297872684543563e+02,1.635817968663220938e+02,-1.514085579778556567e-01,-1.514085579778556567e-01,2.074498816221118092e-01
5.980000000000000426e+01,1.168587283833609689e+02,1.635516486339574271e+02,-2.034840813950020699e-01,-2.034840813950020699e-01,1.243635559325314138e-01
5.985000000000000142e+01,1.166860248837808598e+02,1.635188479512054300e+02,-2.083824285226180684e-01,-2.083824285226180684e-01,7.205139736913621085e-02
5.990000000000000568e+01,1.165156636744995211e+02,1.634863563691666286e+02,-1.939867784639445203e-01,-1.939867784639445203e-01,2.358641772305719864e-01
5.995000000000000284e+01,1.163481857178906864e+02,1.634552072538607490e+02,-1.185491883003576552e-01,-1.185491883003576552e-01,1.164700598248804703e-01
6.000000000000000000e+01,1.161790549125847463e+02,1.634278674377694927e+02,-1.416432039647303465e-01,-1.416432039647303465e-01,9.869904772379192726e-02
6.005000000000000426e+01,1.160074534792282037e+02,1.633991686834648362e+02,-2.139291900629693988e-01,-2.139291900629693988e-01,2.570203807698567822e-01
6.010000000000000142e+01,1.158337646419630431e+02,1.633667154910947943e+02,-2.760083142806324941e-01,-2.760083142806324941e-01,1.100002732024283753e-01
6.015000000000000568e+01,1.156617201205005472e+02,1.633315864317554542e+02,-2.227714049428063947e-01,-2.227714049428063947e-01,1.362262146295473153e-01
6.020000000000000284e+01,1.154878214950191051e+02,1.632992242957963356e+02,-2.593080220109330036e-01,-2.593080220109330036e-01,2.430216053266771592e-01
6.025000000000000000e+01,1.153161847800319890e+02,1.632655364811454319e+02,-2.536388771336590686e-01,-2.536388771336590686e-01,1.203404432651299788e-01
6.030000000000000426e+01,1.151410134007951171e+02,1.632319926037088749e+02,-2.926128191189854011e-01,-2.926128191189854011e-01,1.784564089885673499e-01
6.035000000000000142e+01,1.149615651991378371e+02,1.631962579714524395e+02,-2.932815809054745704e-01,-2.932815809054745704e-01,2.262807072432543865e-01
6.040000000000000568e+01,1.147810822061054665e+02,1.631606896573188124e+02,-2.909206260693227852e-01,-2.909206260693227852e-01,1.426579104638142081e-01
6.045000000000000284e+01,1.145991230094861066e+02,1.631253840812824194e+02,-2.580484561285923961e-01,-2.580484561285923961e-01,2.399216767822981988e-01
6.050000000000000000e+01,1.144208332441107245e+02,1.630924407078635738e+02,-2.094375402485588455e-01,-2.094375402485588455e-01,2.089050440908117590e-01
6.055000000000000426e+01,1.142461656116728221e+02,1.630625814191158156e+02,-2.644190102617475779e-01,-2.644190102617475779e-01,1.735650211484715821e-01
6.060000000000000142e+01,1.140720418277502404e+02,1.630301887935752632e+02,-2.476332890566492473e-01,-2.476332890566492473e-01,2.832416711779012219e-01
6.065000000000000568e+01,1.138942958548063871e+02,1.629984826059021543e+02,-2.837734883286472387e-01,-2.837734883286472387e-01,2.073075361147836970e-01
6.070000000000000284e+01,1.137154220956800827e+02,1.629650519696807578e+02,-2.103515908505053100e-01,-2.103515908505053100e-01,2.108996293625594320e-01
6.075000000000000000e+01,1.135375991605920518e+02,1.629356702843979576e+02,-1.930638583005879760e-01,-1.930638583005879760e-01,3.051019831821507045e-01
6.080000000000000426e+01,1.133595511784951100e+02,1.629072765249569841e+02,-2.138202020437053319e-01,-2.138202020437053319e-01,2.085222403544561287e-01
6.085000000000000142e+01,1.131800127716637121e+02,1.628778008307035634e+02,-2.787688495283718870e-01,-2.787688495283718870e-01,2.442720319636396964e-01
6.090000000000000568e+01,1.130056835724076905e+02,1.628457492160251832e+02,-2.897381314936158803e-01,-2.897381314936158803e-01,2.878507543397704760e-01
6.095000000000000284e+01,1.128308485358133169e+02,1.628133233060423493e+02,-2.214820816680278248e-01,-2.214820816680278248e-01,2.240902527105214648e-01
6.100000000000000000e+01,1.126556469377827767e+02,1.627845177198198883e+02,-2.206044097556560390e-01,-2.206044097556560390e-01,2.812391594149928897e-01
6.105000000000000426e+01,1.124830105216069711e+02,1.627561487504880517e+02,-2.534723388208622863e-01,-2.534723388208622863e-01,2.826292194065398999e-01
6.110000000000000142e+01,1.123132590936004220e+02,1.627265502953327143e+02,-1.478929285842669195e-01,-1.478929285842669195e-01,2.401502297659320606e-01
6.115000000000000568e+01,1.121443278089394227e+02,1.627024999293942926e+02,-1.195619307453565927e-01,-1.195619307453565927e-01,3.027363818336928358e-01
6.120000000000000284e+01,1.119737381115817101e+02,1.626797363940826529e+02,-1.575861545558188137e-01,-1.575861545558188137e-01,2.795044206648877871e-01
6.125000000000000000e+01,1.118070165151138440e+02,1.626554319620381364e+02,-1.612770635772348971e-01,-1.612770635772348971e-01,2.433405907442882932e-01
6.130000000000000426e+01,1.116403235617351157e+02,1.626309866905137937e+02,-1.211252688705063973e-01,-1.211252688705063973e-01,3.116831585677861671e-01
6.135000000000000142e+01,1.114705285020521330e+02,1.626082987389057735e+02,-1.610225923135559511e-02,-1.610225923135559511e-02,2.770119364634980319e-01
6.140000000000000568e+01,1.112983887847620252e+02,1.625906447751775090e+02,-1.352358138366665206e-02,-1.352358138366665206e-02,2.409379677208690340e-01
6.145000000000000284e+01,1.111262271909786534e+02,1.625729634015903002e+02,4.375518903769442212e-03,4.375518903769442212e-03,3.150811592344876511e-01
6.150000000000000000e+01,1.109541026358590869e+02,1.625560308960749012e+02,2.034103757762645640e-02,2.034103757762645640e-02,2.516150021634950273e-01
6.155000000000000426e+01,1.107813828530657787e+02,1.625396667479442954e+02,8.190278567243190408e-03,8.190278567243190408e-03,2.267498740950381619e-01
6.160000000000000142e+01,1.106070822801335112e+02,1.625223390148866827e+02,-9.721583216230168800e-02,-9.721583216230168800e-02,3.175435000870654445e-01
6.165000000000000568e+01,1.104341416490584891e+02,1.624996799640022971e+02,-8.387781456301120209e-02,-8.387781456301120209e-02,2.283521478752469636e-01
6.170000000000000284e+01,1.102590289418694169e+02,1.624774434746586849e+02,-9.742439574783395839e-02,-9.742439574783395839e-02,2.276648189862102434e-01
6.175000000000000000e+01,1.100847933811401731e+02,1.624545727793509968e+02,-1.077346584956787451e-01,-1.077346584956787451e-01,3.128313716284294999e-01
6.180000000000000426e+01,1.099108788306381399e+02,1.624311938882034951e+02,-3.900903806257283168e-02,-3.900903806257283168e-02,2.161145825948135313e-01
6.185000000000000142e+01,1.097319859846722920e+02,1.624107459878685233e+02,-8.104777587353045876e-02,-8.104777587353045876e-02,2.382189612479657381e-01
6.190000000000000568e+01,1.095538106955748248e+02,1.623881506665854033e+02,-4.420844811268461599e-02,-4.420844811268461599e-02,2.821345051753738065e-01
6.195000000000000284e+01,1.093795461358916441e+02,1.623677681407065734e+02,2.710706310328744525e-02,2.710706310328744525e-02,2.005041253440389137e-01
6.200000000000000000e+01,1.092035845161891530e+02,1.623507021382648929e+02,7.777219481918151711e-02,7.777219481918151711e-02,2.477658942692748389e-01
6.205000000000000426e+01,1.090290338435348474e+02,1.623361437939340419e+02,6.143550051291347958e-02,6.143550051291347958e-02,2.483215529094851826e-01
6.210000000000000142e+01,1.088528590852410929e+02,1.623203401823094509e+02,4.616109294459180140e-02,4.616109294459180140e-02,1.755945509203011845e-01
6.215000000000000568e+01,1.086744942609893627e+02,1.623033065460023749e+02,1.244546196464263871e-01,1.244546196464263871e-01,2.525117648587511532e-01
6.220000000000000284e+01,1.084900106163519666e+02,1.622893376506505376e+02,1.697273432142265837e-01,1.697273432142265837e-01,2.008152842726217135e-01
6.225000000000000000e+01,1.083024767942282836e+02,1.622769853678363461e+02,1.915297202059142723e-01,1.915297202059142723e-01,1.569696322652389675e-01
6.230000000000000426e+01,1.081116158982066509e+02,1.622649679334147663e+02,2.047977384778891519e-01,2.047977384778891519e-01,2.774463997893805156e-01
6.235000000000000142e+01,1.079177468136153522e+02,1.622528559225656863e+02,1.896368683919195663e-01,1.896368683919195663e-01,1.268508915805484361e-01
6.240000000000000568e+01,1.077198241692613294e+02,1.622390740991932603e+02,2.017086504272616043e-01,2.017086504272616043e-01,1.792289672898039476e-01
6.245000000000000284e+01,1.075238831082362054e+02,1.622257319281362413e+02,1.594536832720123420e-01,1.594536832720123420e-01,1.795421187196305779e-01
6.250000000000000000e+01,1.073286118799852176e+02,1.622099391243936282e+02,1.293811558270903939e-01,1.293811558270903939e-01,8.864674375833810072e-02
6.255000000000000426e+01,1.071277276688650630e+02,1.621916098349322226e+02,2.126929825355879933e-01,2.126929825355879933e-01,2.516010909716197008e-01
6.260000000000000142e+01,1.069257568863799861e+02,1.621770561713474024e+02,2.284976490135146865e-01,2.284976490135146865e-01,7.900146311550214351e-02
6.265000000000000568e+01,1.067255790347283124e+02,1.621631188694467482e+02,1.962688146139663081e-01,1.962688146139663081e-01,1.523217017661194495e-01
6.270000000000000284e+01,1.065241269478305952e+02,1.621469796132022623e+02,1.732768702138905159e-01,1.732768702138905159e-01,1.540957256458766744e-01
6.275000000000000000e+01,1.063246573361057017e+02,1.621295873455136700e+02,2.767508274616702346e-01,2.767508274616702346e-01,5.461157425459613884e-02
6.280000000000000426e+01,1.061245597230123821e+02,1.621170184805454539e+02,2.700489258403042103e-01,2.700489258403042103e-01,2.488870307673738402e-01
6.285000000000000142e+01,1.059221354939750057e+02,1.621033421505249805e+02,2.376725414246466661e-01,2.376725414246466661e-01,4.660118384132805325e-02
6.290000000000000568e+01,1.057193538211757442e+02,1.620875486793525226e+02,3.137852808772269020e-01,3.137852808772269020e-01,1.576412437585761050e-01
6.295000000000000284e+01,1.055131403659661515e+02,1.620747388830668285e+02,2.759019761158649775e-01,2.759019761158649775e-01,1.390739141187724015e-01
6.300000000000000000e+01,1.053035329995329050e+02,1.620590521497787222e+02,2.064931136120762567e-01,2.064931136120762567e-01,8.685282400903233946e-02
6.305000000000000426e+01,1.050949944418958211e+02,1.620395985346729617e+02,1.904312824312416608e-01,1.904312824312416608e-01,2.210223485377002806e-01
6.310000000000000142e+01,1.048864221949647515e+02,1.620190380606161682e+02,1.808227228899068617e-01,1.808227228899068617e-01,6.155552087702868824e-02
6.315000000000000568e+01,1.046776022084191311e+02,1.619977006104495558e+02,1.586687916592053882e-01,1.586687916592053882e-01,2.159157536600425642e-01
6.320000000000000284e+01,1.044654301077695067e+02,1.619745196646279908e+02,2.054237981770782595e-01,2.054237981770782595e-01,1.090018859592061656e-01
6.325000000000000000e+01,1.042570793404433260e+02,1.619540750553352950e+02,2.633913046911161016e-01,2.633913046911161016e-01,1.529918630252482536e-01
6.330000000000000426e+01,1.040475671921019938e+02,1.619361247455371711e+02,1.962338545529551670e-01,1.962338545529551670e-01,1.838171748717326304e-01
6.335000000000000142e+01,1.038359573993013498e+02,1.619141212318959333e+02,1.493407387982212120e-01,1.493407387982212120e-01,1.127742851113927580e-01
6.340000000000000568e+01,1.036194149115147241e+02,1.618887730428117777e+02,1.232558072325815740e-01,1.232558072325815740e-01,2.488576496387041870e-01
6.345000000000000284e+01,1.034045562711350641e+02,1.618622223979466526e+02,1.484816005751680157e-01,1.484816005751680157e-01,1.064059024084321736e-01
6.350000000000000000e+01,1.031945490408078001e+02,1.618375979107608771e+02,1.349380200691750187e-01,1.349380200691750187e-01,2.294763130034646326e-01
6.355000000000000426e+01,1.029839988287582173e+02,1.618120743030063124e+02,1.843257157956516012e-01,1.843257157956516012e-01,1.411711124699789599e-01
6.360000000000000142e+01,1.027732767967198555e+02,1.617889168521148235e+02,1.828302197750275027e-01,1.828302197750275027e-01,1.739150477825159025e-01
6.365000000000000568e+01,1.025619402506087141e+02,1.617654056416799619e+02,2.528591672136983881e-01,2.528591672136983881e-01,2.008800276948439767e-01
6.370000000000000284e+01,1.023490656021330523e+02,1.617450192815218486e+02,2.184854005340461924e-01,2.184854005340461924e-01,1.433812415724225187e-01
6.375000000000000000e+01,1.021356979691607592e+02,1.617225318998455634e+02,2.772145093022487794e-01,2.772145093022487794e-01,2.671391740551279925e-01
6.380000000000000426e+01,1.019187401470348533e+02,1.617022251826838328e+02,2.744025337595049074e-01,2.744025337595049074e-01,1.482839835085781044e-01
6.385000000000000142e+01,1.017006959763313745e+02,1.616812895981623797e+02,2.631400532293791117e-01,2.631400532293791117e-01,2.605994221671790734e-01
6.390000000000000568e+01,1.014820623434979865e+02,1.616593911227807894e+02,2.330337010955087496e-01,2.330337010955087496e-01,1.787711208283248587e-01
6.395000000000000284e+01,1.012586808522695634e+02,1.616349301234055815e+02,3.497006415468468798e-01,3.497006415468468798e-01,2.298667302570147619e-01
6.400000000000000000e+01,1.010329850447643878e+02,1.616157808726956944e+02,3.558327640315750995e-01,3.558327640315750995e-01,2.164686417090629089e-01
6.404999999999999716e+01,1.008114519751157871e+02,1.615972197008392470e+02,3.947631172742700478e-01,3.947631172742700478e-01,2.197127330106444509e-01
6.410000000000000853e+01,1.005970713784104618e+02,1.615814156946698574e+02,3.322378392552685078e-01,3.322378392552685078e-01,2.733983364153451667e-01
6.415000000000000568e+01,1.003796224139581028e+02,1.615614868596013594e+02,3.170581284053558546e-01,3.170581284053558546e-01,2.196460959164084625e-01
6.420000000000000284e+01,1.001634176167772665e+02,1.615406731676740435e+02,2.619310628903946947e-01,2.619310628903946947e-01,3.302894486460575263e-01
6.425000000000000000e+01,9.994829964425503022e+01,1.615169638884411540e+02,2.155751600579038918e-01,2.155751600579038918e-01,2.316710543253092114e-01
6.429999999999999716e+01,9.973859146840287337e+01,1.614916524195228646e+02,2.698962309669581949e-01,2.698962309669581949e-01,2.981700532803255865e-01
6.435000000000000853e+01,9.953231403469274596e+01,1.614695803562091498e+02,2.946464178191725569e-01,2.946464178191725569e-01,2.615532855362721065e-01
6.440000000000000568e+01,9.932491310420918751e+01,1.614483712818704078e+02,3.458182983040422598e-01,3.458182983040422598e-01,2.670848990610316109e-01
6.445000000000000284e+01,9.912217989731732359e+01,1.614303415724258457e+02,3.516098597900754186e-01,3.516098597900754186e-01,3.197665381150732733e-01
6.450000000000000000e+01,9.892184467399410153e+01,1.614127252895597451e+02,4.064369192469750036e-01,4.064369192469750036e-01,2.656231996759693126e-01
6.454999999999999716e+01,9.872210658526682892e+01,1.613976852010567598e+02,3.964441511371590843e-01,3.964441511371590843e-01,3.474509098834692167e-01
6.460000000000000853e+01,9.852430759838831875e+01,1.613821107124146010e+02,3.178951708683784294e-01,3.178951708683784294e-01,3.027735184443131611e-01
6.465000000000000568e+01,9.832563826096192372e+01,1.613620516531024407e+02,4.032003413697238248e-01,4.032003413697238248e-01,3.150103095251705065e-01
6.470000000000000284e+01,9.812690370922562977e+01,1.613460816153563542e+02,3.611567041419478929e-01,3.611567041419478929e-01,3.610541111554605442e-01
6.475000000000000000e+01,9.792729200607267614e+01,1.613274777436488421e+02,3.378835062679736989e-01,3.378835062679736989e-01,3.153591924307515559e-01
6.479999999999999716e+01,9.772746202223109435e+01,1.613073864534241864e+02,3.618222948694418406e-01,3.618222948694418406e-01,3.849246801209197932e-01
6.485000000000000853e+01,9.752657529131018066e+01,1.612880877361818364e+02,4.053959471966973593e-01,4.053959471966973593e-01,3.412619831674302273e-01
6.490000000000000568e+01,9.732699493302898475e+01,1.612709893627329620e+02,3.941719602097421005e-01,3.941719602097421005e-01,3.588560463729943417e-01
6.495000000000000284e+01,9.712944831868554729e+01,1.612533954070383402e+02,4.097256041188347409e-01,4.097256041188347409e-01,3.958606742948750368e-01
6.500000000000000000e+01,9.692675144955882161e+01,1.612353156399329350e+02,4.564936239266181306e-01,4.564936239266181306e-01,3.593225196857373072e-01
6.504999999999999716e+01,9.672280949096527536e+01,1.612190625548928438e+02,3.995151591596700635e-01,3.995151591596700635e-01,4.315589056853779137e-01
6.510000000000000853e+01,9.651957405477614316e+01,1.611996945575149596e+02,3.243340188239228761e-01,3.243340188239228761e-01,3.854456350390900177e-01
6.515000000000000568e+01,9.631540970368598664e+01,1.611760644921135111e+02,3.270175290042551253e-01,3.270175290042551253e-01,4.051213884874895754e-01
6.520000000000000284e+01,9.611031438930621107e+01,1.611522536609579390e+02,3.227835013515840124e-01,3.227835013515840124e-01,4.180988370954247246e-01
6.525000000000000000e+01,9.590887611198843388e+01,1.611288184217009984e+02,3.418501997538750392e-01,3.418501997538750392e-01,3.932038686116557935e-01
6.529999999999999716e+01,9.571008059911477517e+01,1.611067497958258343e+02,4.024369782582700728e-01,4.024369782582700728e-01,4.648420994485313873e-01
6.535000000000000853e+01,9.551089961586430377e+01,1.610875241214442042e+02,4.049702566712950480e-01,4.049702566712950480e-01,4.071562546535550942e-01
6.540000000000000568e+01,9.530862023195062704e+01,1.610675607692441247e+02,2.892937034560419951e-01,2.892937034560419951e-01,4.371665206724575925e-01
6.545000000000000284e+01,9.510547268807786736e+01,1.610413040174044568e+02,1.471123436870310497e-01,1.471123436870310497e-01,4.370004376032408100e-01
6.550000000000000000e+01,9.490725629660276752e+01,1.610087564813603080e+02,2.112138650740732482e-01,2.112138650740732482e-01,4.108179388187483960e-01
6.554999999999999716e+01,9.471133491938759619e+01,1.609801105574427140e+02,1.876427957055912810e-01,1.876427957055912810e-01,4.727109000647427006e-01
6.560000000000000853e+01,9.451531233127836629e+01,1.609503043853902398e+02,1.751059536871159561e-01,1.751059536871159561e-01,4.044809338940214549e-01
6.565000000000000568e+01,9.431468549861322970e+01,1.609190334121049943e+02,1.138457800749617804e-01,1.138457800749617804e-01,4.280133969616879974e-01
6.570000000000000284e+01,9.411837515850392322e+01,1.608856281208284713e+02,-1.543606836740684871e-02,-1.543606836740684871e-02,4.162348894702149749e-01
6.575000000000000000e+01,9.391989462370401043e+01,1.608454093943952330e+02,-2.687462110529348705e-02,-2.687462110529348705e-02,3.831166257212474391e-01
6.579999999999999716e+01,9.372523470750884655e+01,1.608057758668190615e+02,1.276391088015213851e-02,1.276391088015213851e-02,4.368168911642404395e-01
6.585000000000000853e+01,9.353012576841240389e+01,1.607684811380770213e+02,-1.486324341951685869e-02,-1.486324341951685869e-02,3.570686936548437274e-01
6.590000000000000568e+01,9.333395200709416883e+01,1.607299069779183753e+02,-9.757473215479081641e-02,-9.757473215479081641e-02,3.777820180835776975e-01
6.595000000000000284e+01,9.314374875020644140e+01,1.606886329794523647e+02,-1.031324454659211382e-01,-1.031324454659211382e-01,3.586235536005639157e-01
6.600000000000000000e+01,9.295457286823217657e+01,1.606477368565133759e+02,-1.164943162063072357e-01,-1.164943162063072357e-01,3.162782798336347678e-01
6.604999999999999716e+01,9.276588417652372698e+01,1.606067092116835795e+02,-1.226093053832266605e-01,-1.226093053832266605e-01,3.821428019932705533e-01
6.610000000000000853e+01,9.257393764739106246e+01,1.605652346087346416e+02,-1.657173513067389803e-01,-1.657173513067389803e-01,2.891810517355931642e-01
6.615000000000000568e+01,9.238157277547131230e+01,1.605219650332744834e+02,-2.201738242694887826e-01,-2.201738242694887826e-01,2.972828265179974228e-01
6.620000000000000284e+01,9.218720928276630389e+01,1.604761010572438238e+02,-2.007367036052986053e-01,-2.007367036052986053e-01,2.966430722085558469e-01
6.625000000000000000e+01,9.199091091153151467e+01,1.604314864864050207e+02,-1.221502129007973197e-01,-1.221502129007973197e-01,2.311602195344548139e-01
6.629999999999999716e+01,9.179492512916469593e+01,1.603914709896545219e+02,-1.640098931623072964e-01,-1.640098931623072964e-01,3.184432379255838774e-01
6.635000000000000853e+01,9.160074777792978296e+01,1.603500576696864073e+02,-1.736217559579249781e-01,-1.736217559579249781e-01,2.108857441401219557e-01
6.640000000000000568e+01,9.140532346253171170e+01,1.603084111072322742e+02,-1.751438967105760081e-01,-1.751438967105760081e-01,2.287369268827051660e-01
6.645000000000000284e+01,9.120915839735216935e+01,1.602670328074511872e+02,-2.038022185714674084e-01,-2.038022185714674084e-01,2.372598406285456318e-01
6.650000000000000000e+01,9.101832890640572771e+01,1.602255342449023772e+02,-2.708541449298904613e-01,-2.708541449298904613e-01,1.585728222668575105e-01
6.654999999999999716e+01,9.082797577680966583e+01,1.601811945795953420e+02,-2.689383866744936569e-01,-2.689383866744936569e-01,2.635052300616583243e-01
6.660000000000000853e+01,9.063375133368508330e+01,1.601368992743744570e+02,-2.573642948627656302e-01,-2.573642948627656302e-01,1.412211437407261405e-01
6.665000000000000568e+01,9.043855531070747134e+01,1.600935902441963208e+02,-2.963270320580982387e-01,-2.963270320580982387e-01,1.615897699251362396e-01
6.670000000000000284e+01,9.024709389531588499e+01,1.600494055565999076e+02,-2.401332906870787265e-01,-2.401332906870787265e-01,1.974353724579599179e-01
6.675000000000000000e+01,9.005390543371578360e+01,1.600083493438552011e+02,-2.326915122398902913e-01,-2.326915122398902913e-01,7.308308164895929715e-02
6.679999999999999716e+01,8.985966393846460676e+01,1.599679660599204283e+02,-1.315508891747466103e-01,-1.315508891747466103e-01,2.240974637668465275e-01
6.685000000000000853e+01,8.966525300860720904e+01,1.599330923149950365e+02,-1.586441443547832453e-01,-1.586441443547832453e-01,9.701129798937745130e-02
6.690000000000000568e+01,8.946649971316952588e+01,1.598964841032465927e+02,-1.001355645604854183e-01,-1.001355645604854183e-01,1.241439134675065142e-01
6.695000000000000284e+01,8.926964035081205395e+01,1.598633988588978809e+02,-2.740450869942775980e-02,-2.740450869942775980e-02,1.837260490070819763e-01
6.700000000000000000e+01,8.907021054887091793e+01,1.598338172995029538e+02,-5.846048124275765590e-02,-5.846048124275765590e-02,3.686069193074793804e-02
6.704999999999999716e+01,8.886973000795353528e+01,1.598025954891264462e+02,-3.299920388806649313e-02,-3.299920388806649313e-02,2.252533473695274568e-01
6.710000000000000853e+01,8.866779618099265292e+01,1.597725788388985961e+02,-8.049476495352485272e-02,-8.049476495352485272e-02,7.431660135272628864e-02
6.715000000000000568e+01,8.846738910422844526e+01,1.597404581636827174e+02,-1.013072524670394353e-01,-1.013072524670394353e-01,1.339781073608960760e-01
6.720000000000000284e+01,8.826775810616940987e+01,1.597075475960497783e+02,-3.400019153089635805e-03,-3.400019153089635805e-03,1.638748851893050140e-01
6.725000000000000000e+01,8.806518732156531826e+01,1.596793518933592679e+02,1.069356288451897737e-02,1.069356288451897737e-02,4.320851198673292259e-02
6.729999999999999716e+01,8.786031323945366012e+01,1.596515684889592990e+02,-2.335122013257725886e-03,-2.335122013257725886e-03,2.483070740452280600e-01
6.735000000000000853e+01,8.765264499796428765e+01,1.596227373152154883e+02,5.781298074648701969e-03,5.781298074648701969e-03,4.242407830675658242e-02
6.740000000000000568e+01,8.744554688583902191e+01,1.595944125083483982e+02,6.856474065697407139e-03,6.856474065697407139e-03,1.689609677830396228e-01
6.745000000000000284e+01,8.723606379287663515e+01,1.595658163739221607e+02,8.179022713210690188e-02,8.179022713210690188e-02,1.188610656495841800e-01
6.750000000000000000e+01,8.702786739073775379e+01,1.595411822036750493e+02,1.325300943409271348e-01,1.325300943409271348e-01,9.280033922873874574e-02
6.754999999999999716e+01,8.682214455642596818e+01,1.595193302802356925e+02,9.277829695838653301e-02,9.277829695838653301e-02,2.011782150529969615e-01
6.760000000000000853e+01,8.661844679654599588e+01,1.594955567237615242e+02,1.410451793425338829e-01,1.410451793425338829e-01,2.658850645618199629e-02
6.765000000000000568e+01,8.641421280083756074e+01,1.594740172933775284e+02,8.543215729046069185e-02,8.543215729046069185e-02,2.128293022120849032e-01
6.770000000000000284e+01,8.620850723982684372e+01,1.594492622560592281e+02,-1.321576922844217364e-02,-1.321576922844217364e-02,8.810580025998318576e-02
6.775000000000000000e+01,8.600305610208039298e+01,1.594194567381019283e+02,-7.251608017890165403e-02,-7.251608017890165403e-02,1.313814518750302807e-01
6.779999999999999716e+01,8.579589296501831086e+01,1.593864735063456237e+02,-6.259092061675071254e-03,-6.259092061675071254e-03,1.640342451379607491e-01
6.785000000000000853e+01,8.558800595026212932e+01,1.593568894132575622e+02,3.814214042870375451e-03,3.814214042870375451e-03,5.590247155331404955e-02
6.790000000000000568e+01,8.538664356519336707e+01,1.593287728014536526e+02,4.571083230796586100e-02,4.571083230796586100e-02,2.477825736272807888e-01
6.795000000000000284e+01,8.518304274028760403e+01,1.593024790246993234e+02,8.018981717643090465e-03,8.018981717643090465e-03,4.993425304916650209e-02
6.800000000000000000e+01,8.498089125558438184e+01,1.592744402362422420e+02,-2.759852426008247914e-02,-2.759852426008247914e-02,1.654555889717228279e-01
6.804999999999999716e+01,8.478139509263516516e+01,1.592449926006412397e+02,-2.441629548682648643e-02,-2.441629548682648643e-02,1.358832140553142553e-01
6.810000000000000853e+01,8.458065090000715713e+01,1.592156020810327846e+02,-5.253654465638020465e-02,-5.253654465638020465e-02,7.337720759070910648e-02
6.815000000000000568e+01,8.438202217864206034e+01,1.591851527343629016e+02,-1.550885030409847598e-01,-1.550885030409847598e-01,2.286803061838491302e-01
6.820000000000000284e+01,8.418460688708688622e+01,1.591498035018267387e+02,-1.870667574998631233e-01,-1.870667574998631233e-01,2.988337960097181903e-02
6.825000000000000000e+01,8.398821207989402637e+01,1.591132464917761240e+02,-3.202117680485999096e-01,-3.202117680485999096e-01,1.721501242630950890e-01
6.829999999999999716e+01,8.379065127541451830e+01,1.590701292056369311e+02,-4.065304696163493103e-01,-4.065304696163493103e-01,1.252041045028770005e-01
6.835000000000000853e+01,8.358945537979086282e+01,1.590226946257797636e+02,-4.632195882631526818e-01,-4.632195882631526818e-01,8.802585725820590012e-02
6.840000000000000568e+01,8.339008058939185730e+01,1.589732966904231546e+02,-4.321047825993027947e-01,-4.321047825993027947e-01,2.197916395969216619e-01
6.845000000000000284e+01,8.319159937269168381e+01,1.589262773898849161e+02,-4.817260684744666399e-01,-4.817260684744666399e-01,7.615174264676577431e-02
6.850000000000000000e+01,8.299180848423226564e+01,1.588772394505236605e+02,-4.731922718764725588e-01,-4.731922718764725588e-01,2.178575414158681334e-01
6.854999999999999716e+01,8.279535857075809702e+01,1.588297260403130622e+02,-4.351430058112586430e-01,-4.351430058112586430e-01,1.558417023862443684e-01
6.860000000000000853e+01,8.259572139623291775e+01,1.587843865528546701e+02,-3.994623365340823073e-01,-3.994623365340823073e-01,1.696833951518597616e-01
6.865000000000000568e+01,8.239442754123740542e+01,1.587412158188913622e+02,-4.389495218021200462e-01,-4.389495218021200462e-01,2.437143323546795415e-01
6.870000000000000284e+01,8.219543994698635458e+01,1.586968286918680917e+02,-5.926837780270540756e-01,-5.926837780270540756e-01,1.689054289409137044e-01
6.875000000000000000e+01,8.199784178699005111e+01,1.586454657444524230e+02,-6.921279033787047785e-01,-6.921279033787047785e-01,2.886042619322758407e-01
6.879999999999999716e+01,8.180174870807269372e+01,1.585900890138902071e+02,-6.777747509591359742e-01,-6.777747509591359742e-01,2.356571933329991986e-01
6.885000000000000853e+01,8.161237029911204388e+01,1.585370055018287871e+02,-6.013158731939259871e-01,-6.013158731939259871e-01,2.727854131984843167e-01
6.890000000000000568e+01,8.142130048482455607e+01,1.584883642255517771e+02,-5.753428212688647125e-01,-5.753428212688647125e-01,3.300217235769324353e-01
6.895000000000000284e+01,8.122809781969361609e+01,1.584414918778942649e+02,-5.566622294993595066e-01,-5.566622294993595066e-01,2.910670956698386824e-01
6.900000000000000000e+01,8.103410704647183138e+01,1.583961001190292563e+02,-5.122292407092907673e-01,-5.122292407092907673e-01,3.726091691690891494e-01
6.904999999999999716e+01,8.083860924200763520e+01,1.583533629475410294e+02,-4.831246944568546864e-01,-4.831246944568546864e-01,3.383170201028428137e-01
6.910000000000000853e+01,8.064114664276993949e+01,1.583123997421147919e+02,-4.971373720457987755e-01,-4.971373720457987755e-01,3.569008023249526373e-01
6.915000000000000568e+01,8.044537437064931851e+01,1.582713134168195097e+02,-4.543728808877618430e-01,-4.543728808877618430e-01,4.012212794891221179e-01
6.920000000000000284e+01,8.025183038988903661e+01,1.582329785257252013e+02,-4.591095342739534013e-01,-4.591095342739534013e-01,3.658865589882861480e-01
6.925000000000000000e+01,8.005750110562715349e+01,1.581947064550572577e+02,-4.616858347306151411e-01,-4.616858347306151411e-01,4.299001054399938515e-01
6.929999999999999716e+01,7.986305557462529237e+01,1.581566541399625407e+02,-4.452804094805510871e-01,-4.452804094805510871e-01,4.003137057484728589e-01
6.935000000000000853e+01,7.966726806061467414e+01,1.581196675655030504e+02,-4.170063237118190047e-01,-4.170063237118190047e-01,4.126015631850433740e-01
6.940000000000000568e+01,7.947095841014279927e+01,1.580843656591704303e+02,-3.518623436117413461e-01,-3.518623436117413461e-01,4.517123072059890387e-01
6.945000000000000284e+01,7.927846708214480032e+01,1.580528518804225655e+02,-3.048908166393416996e-01,-3.048908166393416996e-01,4.129299372965012371e-01
6.950000000000000000e+01,7.908825412421735734e+01,1.580240053723478582e+02,-3.362418818794294939e-01,-3.362418818794294939e-01,4.583735011510818302e-01
6.954999999999999716e+01,7.889645409419115651e+01,1.579935664228721919e+02,-2.508780914414344698e-01,-2.508780914414344698e-01,4.345825022462705967e-01
6.960000000000000853e+01,7.870408817424740278e+01,1.579674823066032161e+02,-3.104976081307304070e-01,-3.104976081307304070e-01,4.281236525639448010e-01
6.965000000000000568e+01,7.851495598818247856e+01,1.579386420948005423e+02,-1.946347503771659604e-01,-1.946347503771659604e-01,4.786561593191557273e-01
6.970000000000000284e+01,7.832114695462966836e+01,1.579153597513606258e+02,-2.114773471492487344e-01,-2.114773471492487344e-01,4.209607027850225114e-01
6.975000000000000000e+01,7.813120130437120281e+01,1.578914130272174816e+02,-1.883511804430444969e-01,-1.883511804430444969e-01,4.486273153827344817e-01
6.979999999999999716e+01,7.794110474200613226e+01,1.578685568849138008e+02,-1.986789783147137056e-01,-1.986789783147137056e-01,4.393329170036057163e-01
6.985000000000000853e+01,7.775399613605088689e+01,1.578453071596919131e+02,-1.678006184688435320e-01,-1.678006184688435320e-01,4.152560050431732819e-01
6.990000000000000568e+01,7.756849515851293120e+01,1.578236537791248963e+02,-9.488204362486360455e-02,-9.488204362486360455e-02,4.701098387575113891e-01
6.995000000000000284e+01,7.738381955570845605e+01,1.578056094547480939e+02,-1.449884985250263492e-01,-1.449884985250263492e-01,4.104020036645549263e-01
7.000000000000000000e+01,7.719956047233807794e+01,1.577848825009141365e+02,-1.576713628980855320e-01,-1.576713628980855320e-01,4.112620322029909015e-01
7.004999999999999716e+01,7.701772198750141740e+01,1.577635744659345107e+02,-1.313688199458410977e-01,-1.313688199458410977e-01,4.474492784626663555e-01
7.010000000000000853e+01,7.683827074913884303e+01,1.577436643470637989e+02,-9.840439078809200268e-02,-9.840439078809200268e-02,3.912044430071762724e-01
7.015000000000000568e+01,7.665621230523818497e+01,1.577250852570038830e+02,-6.602051316659797442e-02,-6.602051316659797442e-02,4.129286075986040028e-01
7.020000000000000284e+01,7.647248627523006803e+01,1.577078283042344538e+02,4.330097565875481655e-03,4.330097565875481655e-03,4.093673540085291385e-01
7.025000000000000000e+01,7.628772562298041748e+01,1.576937991742106817e+02,3.123069438341493764e-03,3.123069438341493764e-03,3.658681103439294646e-01
7.029999999999999716e+01,7.610113152640676049e+01,1.576792477822977787e+02,-2.169423844833115456e-02,-2.169423844833115456e-02,4.120502086070422787e-01
7.035000000000000853e+01,7.591275857095682511e+01,1.576629956204336906e+02,3.806874969841900821e-03,3.806874969841900821e-03,3.589675933841479649e-01
7.040000000000000568e+01,7.572376818720529457e+01,1.576476986054987037e+02,1.667159301791438716e-02,1.667159301791438716e-02,3.466622877336442698e-01
7.045000000000000284e+01,7.553637205565755153e+01,1.576328754842189710e+02,-5.175619371576454381e-02,-5.175619371576454381e-02,3.917983623964185758e-01
7.050000000000000000e+01,7.534786386351854048e+01,1.576142141438519957e+02,-7.238425476627688426e-02,-7.238425476627688426e-02,3.186435792531557842e-01
7.054999999999999716e+01,7.516195999881082912e+01,1.575945378543751758e+02,-1.204992105787427853e-01,-1.204992105787427853e-01,3.484308900632693273e-01
7.060000000000000853e+01,7.497719843930457273e+01,1.575723845956208891e+02,-8.143905577917444349e-02,-8.143905577917444349e-02,3.458019260517789517e-01
7.065000000000000568e+01,7.479651846286724037e+01,1.575524625609991460e+02,-4.874621863377361086e-02,-4.874621863377361086e-02,3.050116710716992974e-01
7.070000000000000284e+01,7.461350738186607146e+01,1.575338440411446470e+02,-5.379076706361391597e-02,-5.379076706361391597e-02,3.640057597136615031e-01
7.075000000000000000e+01,7.443410617437410792e+01,1.575151159910729177e+02,-1.134743892805899039e-02,-1.134743892805899039e-02,3.114918031450550906e-01
7.079999999999999716e+01,7.425020751785979201e+01,1.574979541790746964e+02,-9.394290127872094442e-02,-9.394290127872094442e-02,2.942485422002676931e-01
7.085000000000000853e+01,7.407126806257411999e+01,1.574768747840828382e+02,-1.019826219924804961e-01,-1.019826219924804961e-01,3.707067952192092397e-01
7.090000000000000568e+01,7.389505587138874887e+01,1.574555512271834630e+02,-8.208400682141922533e-02,-8.208400682141922533e-02,2.856551124635515193e-01
7.095000000000000284e+01,7.371858325761444064e+01,1.574351292179930226e+02,-2.679369065417867152e-02,-2.679369065417867152e-02,2.971613774630329496e-01
7.100000000000000000e+01,7.354212686969368917e+01,1.574173857993959018e+02,-1.519855184207410947e-02,-1.519855184207410947e-02,3.394289159958999158e-01
7.104999999999999716e+01,7.336256722497100213e+01,1.573997611430087886e+02,-2.721003306241296521e-02,-2.721003306241296521e-02,2.631604132498724380e-01
7.110000000000000853e+01,7.318054400229426903e+01,1.573811090342061050e+02,-7.705844953985611923e-02,-7.705844953985611923e-02,2.992410860455815280e-01
7.115000000000000568e+01,7.300644575729101859e+01,1.573605400718539613e+02,-5.428950602355284843e-02,-5.428950602355284843e-02,3.029527418159350116e-01
7.120000000000000284e+01,7.283350044029087655e+01,1.573411407435561955e+02,-9.580602750155736702e-02,-9.580602750155736702e-02,2.485136002096795527e-01
7.125000000000000000e+01,7.265541529908452389e+01,1.573190458376683978e+02,-8.555476502373574044e-02,-8.555476502373574044e-02,3.086769573540559808e-01
7.129999999999999716e+01,7.247251562525528357e+01,1.572969370708796930e+02,-1.166258888062796789e-01,-1.166258888062796789e-01,2.750371477979327572e-01
7.135000000000000853e+01,7.228617884081016598e+01,1.572728519988238247e+02,-6.368698889179168210e-02,-6.368698889179168210e-02,2.495579454773978467e-01
7.140000000000000568e+01,7.209585324734261746e+01,1.572509973024384635e+02,2.217557800409697411e-02,2.217557800409697411e-02,3.428481560246064430e-01
7.145000000000000284e+01,7.190723235220396248e+01,1.572335042477214415e+02,7.336553425243387550e-02,7.336553425243387550e-02,2.371176792058905247e-01
7.150000000000000000e+01,7.171825272805054396e+01,1.572183074331843216e+02,1.889236625392666236e-01,1.889236625392666236e-01,2.562388154041352339e-01
7.154999999999999716e+01,7.153238321913987363e+01,1.572089213600720825e+02,1.641770586848979030e-01,1.641770586848979030e-01,2.724391171756659902e-01
7.160000000000000853e+01,7.134329022166531331e+01,1.571974995150472409e+02,1.059017107908527405e-01,1.059017107908527405e-01,1.898340482938625784e-01
7.165000000000000568e+01,7.115172270217381367e+01,1.571824667283630674e+02,1.478374733773301919e-01,1.478374733773301919e-01,2.682165219329058492e-01
7.170000000000000284e+01,7.096220323037283606e+01,1.571694340846767943e+02,1.059389847225863934e-01,1.059389847225863934e-01,1.983953503023854481e-01
7.175000000000000000e+01,7.076911347071255420e+01,1.571535268003627550e+02,8.422801465625241735e-02,8.422801465625241735e-02,1.773769501839986273e-01
7.179999999999999716e+01,7.057702897359882854e+01,1.571363280081409073e+02,7.923455589607580896e-02,7.923455589607580896e-02,2.650275177943263172e-01
7.185000000000000853e+01,7.038571584308566287e+01,1.571186974203606326e+02,1.371731590792137911e-01,1.371731590792137911e-01,1.414566832306459188e-01
7.190000000000000568e+01,7.019737040648716686e+01,1.571040698002844636e+02,2.251469531422064796e-01,2.251469531422064796e-01,2.045931844231632379e-01
7.195000000000000284e+01,7.000430225835546594e+01,1.570929948634723701e+02,1.741923981846189851e-01,1.741923981846189851e-01,1.838680406879981966e-01
7.200000000000000000e+01,6.981013772867910916e+01,1.570787723313123649e+02,1.228314303665129087e-01,1.228314303665129087e-01,1.116795379427647089e-01
7.204999999999999716e+01,6.961776661188078208e+01,1.570618120895192931e+02,1.154569371764200131e-01,1.154569371764200131e-01,2.584363700047964674e-01
7.210000000000000853e+01,6.942223923656315776e+01,1.570438195256851941e+02,1.348220105442085766e-02,1.348220105442085766e-02,1.022831759913994248e-01
7.215000000000000568e+01,6.923053081303871181e+01,1.570208975753723735e+02,-6.767370896687907589e-02,-6.767370896687907589e-02,1.548498861928782611e-01
7.220000000000000284e+01,6.903622974546409807e+01,1.569934711184916125e+02,-6.685958976126095410e-02,-6.685958976126095410e-02,1.872461297811855163e-01
7.225000000000000000e+01,6.883892368678652929e+01,1.569657440667774608e+02,-3.998045872086466307e-02,-3.998045872086466307e-02,8.676507416111840787e-02
7.229999999999999716e+01,6.863833334538186648e+01,1.569389924788995927e+02,6.416258418169225363e-04,6.416258418169225363e-04,2.461808144955830724e-01
7.235000000000000853e+01,6.843826903156502794e+01,1.569143344867403584e+02,-5.948672136751839007e-02,-5.948672136751839007e-02,1.010871213878603569e-01
7.240000000000000568e+01,6.824353514516771213e+01,1.568872262101891408e+02,-8.438001230860639468e-02,-8.438001230860639468e-02,1.542284971104554425e-01
7.245000000000000284e+01,6.804770903290753381e+01,1.568587467880354041e+02,-5.611103067778815123e-02,-5.611103067778815123e-02,1.860514884286712800e-01
7.250000000000000000e+01,6.785087471965898942e+01,1.568316224604017748e+02,-8.148046511769518885e-02,-8.148046511769518885e-02,8.664733579319368328e-02
7.254999999999999716e+01,6.765583007420457307e+01,1.568034508679793078e+02,-9.919347178697229817e-02,-9.919347178697229817e-02,2.425318375846641228e-01
7.260000000000000853e+01,6.746449554958644512e+01,1.567748932635574874e+02,-1.397844875399459619e-01,-1.397844875399459619e-01,1.144343552318713014e-01
7.265000000000000568e+01,6.727299303726204016e+01,1.567443462870283213e+02,-9.917802954557672357e-02,-9.917802954557672357e-02,1.474363300775109187e-01
7.270000000000000284e+01,6.708339935973012302e+01,1.567162110694923172e+02,-2.057244317892512608e-01,-2.057244317892512608e-01,2.102991157253625010e-01
7.275000000000000000e+01,6.689393012002035732e+01,1.566827975924361169e+02,-1.668373623989055643e-01,-1.668373623989055643e-01,9.928530099963250866e-02
7.279999999999999716e+01,6.670392542536521319e+01,1.566515025844321372e+02,-1.616525909669806194e-01,-1.616525909669806194e-01,2.217118234316982073e-01
7.285000000000000853e+01,6.651292820822260410e+01,1.566205113929671029e+02,-2.524247246904531838e-01,-2.524247246904531838e-01,1.546961322310057008e-01
7.290000000000000568e+01,6.632341212776725570e+01,1.565852817722178543e+02,-3.494905383156990952e-01,-3.494905383156990952e-01,1.451605018531476887e-01
7.295000000000000284e+01,6.613610630328844309e+01,1.565457213874785793e+02,-3.116257613068644239e-01,-3.116257613068644239e-01,2.603263436228862582e-01
7.300000000000000000e+01,6.594912849690092571e+01,1.565085129058768416e+02,-2.736859698910154570e-01,-2.736859698910154570e-01,1.482967216620221240e-01
7.304999999999999716e+01,6.576088742130741593e+01,1.564734104644393824e+02,-2.928369977796226875e-01,-2.928369977796226875e-01,2.202475379986848780e-01
7.310000000000000853e+01,6.557403458728643386e+01,1.564377828131108856e+02,-2.354259736617665688e-01,-2.354259736617665688e-01,2.225549864267823696e-01
7.315000000000000568e+01,6.538611965066945686e+01,1.564052180155037206e+02,-1.915758886757136792e-01,-1.915758886757136792e-01,1.754409342578143460e-01
7.320000000000000284e+01,6.519909166851513760e+01,1.563751577901238647e+02,-2.092949681372027471e-01,-2.092949681372027471e-01,2.887551808656823593e-01
7.325000000000000000e+01,6.501322018437721795e+01,1.563444676489630751e+02,-2.427821169997836648e-01,-2.427821169997836648e-01,1.977752767471812334e-01
7.329999999999999716e+01,6.482460258530431929e+01,1.563119571285507448e+02,-3.272659805382497344e-01,-3.272659805382497344e-01,2.177743777441734918e-01
7.335000000000000853e+01,6.463252681278379441e+01,1.562750425303350426e+02,-3.581008755248738518e-01,-3.581008755248738518e-01,2.758691220120857990e-01
7.340000000000000568e+01,6.443900391953039275e+01,1.562367557785175052e+02,-3.563638686738831440e-01,-3.563638686738831440e-01,2.099839428298015953e-01
7.345000000000000284e+01,6.424578207027634846e+01,1.561989496745472081e+02,-2.834535129563963696e-01,-2.834535129563963696e-01,2.992945502093181664e-01
7.350000000000000000e+01,6.405367649962082055e+01,1.561652573135066575e+02,-2.743384650998630936e-01,-2.743384650998630936e-01,2.503838538563611937e-01
7.354999999999999716e+01,6.385908688223873497e+01,1.561319992398003649e+02,-3.010071194307554210e-01,-3.010071194307554210e-01,2.541120129422614338e-01
7.360000000000000853e+01,6.366363118368486340e+01,1.560975244558882196e+02,-2.742227909924500606e-01,-2.742227909924500606e-01,3.176543857613451927e-01
7.365000000000000568e+01,6.346516538655133388e+01,1.560643371055758166e+02,-2.720475739339732746e-01,-2.720475739339732746e-01,2.493744277169009094e-01
7.370000000000000284e+01,6.326758366550083679e+01,1.560315355230715397e+02,-2.400127499398319875e-01,-2.400127499398319875e-01,3.224130641312489276e-01
7.375000000000000000e+01,6.307167126431960469e+01,1.560006820000428718e+02,-2.238860475188703125e-01,-2.238860475188703125e-01,2.789660793603427891e-01
7.379999999999999716e+01,6.287860507327367543e+01,1.559710361735137099e+02,-1.463984780437945221e-01,-1.463984780437945221e-01,2.784568062072541039e-01
7.385000000000000853e+01,6.268608245664862011e+01,1.559454301677560579e+02,-1.000894605703517293e-01,-1.000894605703517293e-01,3.367100520440762246e-01
7.390000000000000568e+01,6.249255009287636398e+01,1.559220346068054255e+02,-3.783850553607434608e-02,-3.783850553607434608e-02,2.596335679751853309e-01
7.395000000000000284e+01,6.230180464077390212e+01,1.559019418818247686e+02,1.020949319544664849e-02,1.020949319544664849e-02,3.079612659279056253e-01
7.400000000000000000e+01,6.211338742972411353e+01,1.558843125083027701e+02,8.209292959118505428e-02,8.209292959118505428e-02,2.794740818164034302e-01
7.404999999999999716e+01,6.192432385916897886e+01,1.558699962223950308e+02,8.042739819179674232e-02,8.042739819179674232e-02,2.404564298710319681e-01
7.410000000000000853e+01,6.173403745590674419e+01,1.558551399508631334e+02,1.263748714249587068e-01,1.263748714249587068e-01,3.320058628252072763e-01
7.415000000000000568e+01,6.154331265386050376e+01,1.558422213730783028e+02,2.026791711941308971e-01,2.026791711941308971e-01,2.189093458256758939e-01
7.420000000000000284e+01,6.135698642366899236e+01,1.558332018871423088e+02,2.463758772536917274e-01,2.463758772536917274e-01,2.303416470292180829e-01
7.425000000000000000e+01,6.117412807774955041e+01,1.558262698572030729e+02,2.121817000990448288e-01,2.121817000990448288e-01,2.602742995770623846e-01
7.429999999999999716e+01,6.099173821237528159e+01,1.558171642956615131e+02,2.331833561106248232e-01,2.331833561106248232e-01,1.607876432065473704e-01
7.435000000000000853e+01,6.080785465563430137e+01,1.558085035420192241e+02,2.626179619926109488e-01,2.626179619926109488e-01,2.257564896731499016e-01
7.440000000000000568e+01,6.062856705444018957e+01,1.558013748078407446e+02,2.987614295824825295e-01,2.987614295824825295e-01,1.935052376246545747e-01
7.445000000000000284e+01,6.045029314386002284e+01,1.557956976542349992e+02,2.788466348163901043e-01,2.788466348163901043e-01,1.131788739818684747e-01
7.450000000000000000e+01,6.026848230186127608e+01,1.557880878077565967e+02,3.347237470993089659e-01,3.347237470993089659e-01,2.316279845554399808e-01
7.454999999999999716e+01,6.008809520953823835e+01,1.557829723386237220e+02,3.725796526209393944e-01,3.725796526209393944e-01,1.283969311714525940e-01
7.460000000000000853e+01,5.990617806423828995e+01,1.557790222170421259e+02,4.154065474190231644e-01,4.154065474190231644e-01,9.095933835175956661e-02
7.465000000000000568e+01,5.971933054366064653e+01,1.557760040161700203e+02,3.975942151471721919e-01,3.975942151471721919e-01,2.396596736653079096e-01
7.470000000000000284e+01,5.953638294028949929e+01,1.557719567060632926e+02,5.442961676666824289e-01,5.442961676666824289e-01,5.670978603451790057e-02
7.475000000000000000e+01,5.935188362245200011e+01,1.557744513587727226e+02,6.182503745091697533e-01,6.182503745091697533e-01,1.278094671238427515e-01
7.479999999999999716e+01,5.916761682579802795e+01,1.557798808791150691e+02,5.591082621387822860e-01,5.591082621387822860e-01,1.959794980434257095e-01
7.485000000000000853e+01,5.898173440522956668e+01,1.557812665490448012e+02,6.200692420153285367e-01,6.200692420153285367e-01,7.539978252860426999e-02
7.490000000000000568e+01,5.879192634528664030e+01,1.557843550508231658e+02,5.228547714659352863e-01,5.228547714659352863e-01,2.093889920154854978e-01
7.495000000000000284e+01,5.859790111129489532e+01,1.557810973991001617e+02,4.998518503121880396e-01,4.998518503121880396e-01,1.770973437519469673e-01
7.500000000000000000e+01,5.840247708622272427e+01,1.557757736472817101e+02,4.279881931587221078e-01,4.279881931587221078e-01,1.639380947625082297e-01
7.504999999999999716e+01,5.820657130932797685e+01,1.557661164219630336e+02,4.274972791116021242e-01,4.274972791116021242e-01,2.845580005228269260e-01
7.510000000000000853e+01,5.800878331037249325e+01,1.557556119628083593e+02,4.388564229176215581e-01,4.388564229176215581e-01,1.843251874652903355e-01
7.515000000000000568e+01,5.780615270866528022e+01,1.557443781261906111e+02,4.953436560510889319e-01,4.953436560510889319e-01,2.589017184424979856e-01
7.520000000000000284e+01,5.760546493979943961e+01,1.557357982227726154e+02,5.420364243050971309e-01,5.420364243050971309e-01,2.521975132690101318e-01
7.525000000000000000e+01,5.740630946648096256e+01,1.557292435260747254e+02,6.076215974096117467e-01,6.076215974096117467e-01,2.457492418172615434e-01
7.529999999999999716e+01,5.720827032615420649e+01,1.557255413959448447e+02,7.059387949726010358e-01,7.059387949726010358e-01,3.490194653803321834e-01
7.535000000000000853e+01,5.701088753357782934e+01,1.557261674585691367e+02,6.592214602114768729e-01,6.592214602114768729e-01,2.890606686059850605e-01
7.540000000000000568e+01,5.681542173944114182e+01,1.557239660992973711e+02,5.513254217660928935e-01,5.513254217660928935e-01,3.476086127118941937e-01
7.545000000000000284e+01,5.662076644101282596e+01,1.557157585517854557e+02,5.081203306347389370e-01,5.081203306347389370e-01,3.607702678414153596e-01
7.550000000000000000e+01,5.642964393786981958e+01,1.557054853472037905e+02,5.941516943494722369e-01,5.941516943494722369e-01,3.470758394606901498e-01
7.554999999999999716e+01,5.624208354488045813e+01,1.556997552662630540e+02,5.787159969542157167e-01,5.787159969542157167e-01,4.301533364300899609e-01
7.560000000000000853e+01,5.605481946612985666e+01,1.556927323474387777e+02,5.815558831673679485e-01,5.815558831673679485e-01,3.912377625695998007e-01
7.565000000000000568e+01,5.586743109180184774e+01,1.556852935948415393e+02,6.069712267872294786e-01,6.069712267872294786e-01,4.136397992876170160e-01
7.570000000000000284e+01,5.568620787682491624e+01,1.556798355375235019e+02,6.407106604555558027e-01,6.407106604555558027e-01,4.707203609232475383e-01
7.575000000000000000e+01,5.550586316215932925e+01,1.556757135126937044e+02,6.492601488792092423e-01,6.492601488792092423e-01,4.409854713082342892e-01
7.579999999999999716e+01,5.532030488277681712e+01,1.556703879248800604e+02,7.185554723235253460e-01,7.185554723235253460e-01,4.832828646201587364e-01
7.585000000000000853e+01,5.512755357411277402e+01,1.556664819322998028e+02,7.504193368541426379e-01,7.504193368541426379e-01,5.063497964370874405e-01
7.590000000000000568e+01,5.492945182121350456e+01,1.556623866647969123e+02,8.738169875580489299e-01,8.738169875580489299e-01,5.058162903348699668e-01
7.595000000000000284e+01,5.472943029298614448e+01,1.556633674256631821e+02,8.485007770700059293e-01,8.485007770700059293e-01,5.831054915112395820e-01
7.600000000000000000e+01,5.452657735273312056e+01,1.556616036655426853e+02,8.269676992136911764e-01,8.269676992136911764e-01,5.608668274587819136e-01
7.604999999999999716e+01,5.432878866194607781e+01,1.556590853688297216e+02,7.849576509195276275e-01,7.849576509195276275e-01,5.980732666212074111e-01
7.610000000000000853e+01,5.413209926428321950e+01,1.556539686384319339e+02,7.150086150967187582e-01,7.150086150967187582e-01,6.255696194338845606e-01
7.615000000000000568e+01,5.393621963854047152e+01,1.556448611508803594e+02,6.835965876436336242e-01,6.835965876436336242e-01,6.216239633792549624e-01
7.620000000000000284e+01,5.374046694066579022e+01,1.556336670409210967e+02,6.468831953364122533e-01,6.468831953364122533e-01,6.751388196945593556e-01
7.625000000000000000e+01,5.354722966481620716e+01,1.556207425923458061e+02,5.263120211714610308e-01,5.263120211714610308e-01,6.542511303590624605e-01
7.629999999999999716e+01,5.335679956676418101e+01,1.556019629452540016e+02,4.989093954968791822e-01,4.989093954968791822e-01,6.660871795247534921e-01
7.635000000000000853e+01,5.317064378708122518e+01,1.555826037146433691e+02,4.731754395043912265e-01,4.731754395043912265e-01,6.916859365531736747e-01
7.640000000000000568e+01,5.298932490142754403e+01,1.555629274177907746e+02,4.498190913590563444e-01,4.498190913590563444e-01,6.676721817458093344e-01
7.645000000000000284e+01,5.280817524339735058e+01,1.555419585842926153e+02,4.213574037619792212e-01,4.213574037619792212e-01,6.913183462163300375e-01
7.650000000000000000e+01,5.262440011808357099e+01,1.555187924062571483e+02,3.951674146999220039e-01,3.951674146999220039e-01,6.888703223155671074e-01
7.654999999999999716e+01,5.244157381956464548e+01,1.554944643349251976e+02,4.111376570612104153e-01,4.111376570612104153e-01,6.745808565268939239e-01
7.660000000000000853e+01,5.225484788280041215e+01,1.554699865518285549e+02,3.834089474498840189e-01,3.834089474498840189e-01,7.112372892038301142e-01
7.665000000000000568e+01,5.206593740851193530e+01,1.554435287859978985e+02,3.070364813285790806e-01,3.070364813285790806e-01,6.787062879274960991e-01
7.670000000000000284e+01,5.187977789398805584e+01,1.554138493546039967e+02,2.568379314156468141e-01,2.568379314156468141e-01,6.779337578415833843e-01
7.675000000000000000e+01,5.169374206219083590e+01,1.553817507006853020e+02,1.621673547595438858e-01,1.621673547595438858e-01,6.930973962203148542e-01
7.680000000000001137e+01,5.150957923850987186e+01,1.553454415777440261e+02,4.641755310566502563e-02,4.641755310566502563e-02,6.518350177787277655e-01
7.685000000000000853e+01,5.132170297664423941e+01,1.553026168084000744e+02,2.671833244787995623e-02,2.671833244787995623e-02,6.586791679137544708e-01
7.690000000000000568e+01,5.114000236845661362e+01,1.552607663984541659e+02,-3.736539777648191507e-02,-3.736539777648191507e-02,6.323984392907459062e-01
7.695000000000000284e+01,5.096290804581937550e+01,1.552172047710415370e+02,-9.701794892881458743e-02,-9.701794892881458743e-02,6.000839086646267972e-01
7.700000000000000000e+01,5.078902785644940820e+01,1.551718804725735765e+02,-5.947689086366076544e-02,-5.947689086366076544e-02,6.188256093578579087e-01
7.705000000000001137e+01,5.061197106650050870e+01,1.551283613875916672e+02,-6.137376029680134681e-02,-6.137376029680134681e-02,5.653815698596469375e-01
7.710000000000000853e+01,5.043431281302802205e+01,1.550851613353610787e+02,-5.270379214583471861e-02,-5.270379214583471861e-02,5.461374541553083439e-01
7.715000000000000568e+01,5.025793001097533619e+01,1.550432310596318644e+02,-1.853955680923788651e-01,-1.853955680923788651e-01,5.691350646194426322e-01
7.720000000000000284e+01,5.008111832941217756e+01,1.549949245630226926e+02,-1.584426155676438852e-01,-1.584426155676438852e-01,4.993314928009779385e-01
7.725000000000000000e+01,4.990126682289700710e+01,1.549480315068550169e+02,-1.954210268701051800e-01,-1.954210268701051800e-01,4.943935475105907251e-01
7.730000000000001137e+01,4.972669725326387891e+01,1.549010203322237089e+02,-3.461173687183576320e-01,-3.461173687183576320e-01,4.869369736751127387e-01
7.735000000000000853e+01,4.955583060900177372e+01,1.548477615812682302e+02,-4.329010381626458015e-01,-4.329010381626458015e-01,4.222000339786883272e-01
7.740000000000000568e+01,4.938888657058415532e+01,1.547917351243748953e+02,-4.474121693658415500e-01,-4.474121693658415500e-01,4.239237676886380424e-01
7.745000000000000284e+01,4.921914746499642490e+01,1.547353265068359178e+02,-5.204507460779236316e-01,-5.204507460779236316e-01,3.881743437958744547e-01
7.750000000000000000e+01,4.905008063678148034e+01,1.546762841838420286e+02,-6.116746740991348963e-01,-6.116746740991348963e-01,3.212110493688339896e-01
7.755000000000001137e+01,4.888349714747635488e+01,1.546141223977028005e+02,-6.628350475213045101e-01,-6.628350475213045101e-01,3.421619710275935478e-01
7.760000000000000853e+01,4.871705128747475300e+01,1.545505054368332765e+02,-7.726963789923104731e-01,-7.726963789923104731e-01,2.736604653876104631e-01
7.765000000000000568e+01,4.855090852818209157e+01,1.544825920313660390e+02,-8.289348256290178796e-01,-8.289348256290178796e-01,2.007868876086878474e-01
7.770000000000000284e+01,4.838186074446314677e+01,1.544126357902144377e+02,-9.534369079833607818e-01,-9.534369079833607818e-01,2.665784864680137978e-01
7.775000000000000000e+01,4.821490632497361162e+01,1.543382008004360557e+02,-9.892241470945352111e-01,-9.892241470945352111e-01,1.415469988748689345e-01
7.780000000000001137e+01,4.805215836554133801e+01,1.542641061963957441e+02,-1.118509380183453139e+00,-1.118509380183453139e+00,8.363211115534424644e-02
7.785000000000000853e+01,4.788945148351547232e+01,1.541851374338532139e+02,-1.052170380426837193e+00,-1.052170380426837193e+00,2.413978931792265803e-01
7.790000000000000568e+01,4.772412879231426075e+01,1.541105294008773967e+02,-1.098880128906299047e+00,-1.098880128906299047e+00,1.031335054606085933e-01
7.795000000000000284e+01,4.756228582352320444e+01,1.540355435959036470e+02,-1.074854918716529717e+00,-1.074854918716529717e+00,1.433477331805624588e-01
7.800000000000000000e+01,4.740289428522427784e+01,1.539634280904799368e+02,-1.064521160433741898e+00,-1.064521160433741898e+00,2.929556659968327592e-01
7.805000000000001137e+01,4.724461955066831820e+01,1.538932496396483032e+02,-1.139139479724273762e+00,-1.139139479724273762e+00,2.252106279595458282e-01
7.810000000000000853e+01,4.708976327827733144e+01,1.538211281564995545e+02,-1.026046511236659242e+00,-1.026046511236659242e+00,2.761608849777070218e-01
7.815000000000000568e+01,4.693597433606333169e+01,1.537558104841547504e+02,-1.010843587194637294e+00,-1.010843587194637294e+00,3.938360312510796324e-01
7.820000000000000284e+01,4.678358909054210812e+01,1.536924522572628575e+02,-9.621377585652700626e-01,-9.621377585652700626e-01,3.601581204573668926e-01
7.825000000000000000e+01,4.663194063235063425e+01,1.536325367732897575e+02,-8.638879908610833658e-01,-8.638879908610833658e-01,3.931904768036200148e-01
7.830000000000001137e+01,4.647893817930205529e+01,1.535781987909049917e+02,-9.046757455128709990e-01,-9.046757455128709990e-01,4.775868714428683770e-01
7.835000000000000853e+01,4.632891140436582589e+01,1.535229238883097196e+02,-8.695892083770634384e-01,-8.695892083770634384e-01,4.695832816595661430e-01
7.840000000000000568e+01,4.618321905779340852e+01,1.534704754285322679e+02,-7.778603628032390027e-01,-7.778603628032390027e-01,4.887107624631923941e-01
7.845000000000000284e+01,4.603645953345451147e+01,1.534231413503264037e+02,-7.092068222393690391e-01,-7.092068222393690391e-01,5.476037103282503926e-01
7.850000000000000000e+01,4.588708794326181106e+01,1.533796186643473050e+02,-6.698496639308025857e-01,-6.698496639308025857e-01,5.598646607376179807e-01
7.855000000000001137e+01,4.573632322492576208e+01,1.533384794888666534e+02,-6.302570507564124735e-01,-6.302570507564124735e-01,5.578911204092467102e-01
7.860000000000000853e+01,4.558610026321144915e+01,1.532997889567373875e+02,-5.257460500121859948e-01,-5.257460500121859948e-01,5.957352449155561835e-01
7.865000000000000568e+01,4.543453983471741964e+01,1.532665988289526240e+02,-4.622521830895494066e-01,-4.622521830895494066e-01,6.186883122231134902e-01
7.870000000000000284e+01,4.528407144177341337e+01,1.532368886966955017e+02,-5.395837964433084499e-01,-5.395837964433084499e-01,5.987376249341920253e-01
7.875000000000000000e+01,4.513553245691633720e+01,1.532036574967598312e+02,-3.830952210095319166e-01,-3.830952210095319166e-01,6.208702857949900400e-01
7.880000000000001137e+01,4.498898453484665794e+01,1.531785466396590323e+02,-2.122525571315029280e-01,-2.122525571315029280e-01,6.592128864341327832e-01
7.885000000000000853e+01,4.483927319722481286e+01,1.531619291547605428e+02,-2.118642615656939343e-01,-2.118642615656939343e-01,6.177106111363694918e-01
7.890000000000000568e+01,4.468444632301281416e+01,1.531450362386292454e+02,-2.138942434356275457e-01,-2.138942434356275457e-01,6.116651706875866346e-01
7.895000000000000284e+01,4.453110554983797442e+01,1.531280045102993483e+02,-1.748876248006608347e-01,-1.748876248006608347e-01,6.441808538111918336e-01
7.900000000000000000e+01,4.437510022440640967e+01,1.531127189934394721e+02,-1.020698214720073133e-01,-1.020698214720073133e-01,6.092395437467542640e-01
7.905000000000001137e+01,4.421998735051985108e+01,1.531009704139588052e+02,-1.830295847867032533e-01,-1.830295847867032533e-01,5.898472781831675116e-01
7.910000000000000853e+01,4.406388674236755065e+01,1.530849086725978339e+02,-9.207796388518785236e-02,-9.207796388518785236e-02,6.152103594057958258e-01
7.915000000000000568e+01,4.390905435692514658e+01,1.530733277943215001e+02,-2.632183667402310592e-02,-2.632183667402310592e-02,5.928249904286504446e-01
7.920000000000000284e+01,4.375274263385017548e+01,1.530647442231341131e+02,-3.924271196505119824e-02,-3.924271196505119824e-02,5.615050247629077562e-01
7.925000000000000000e+01,4.359258089969682004e+01,1.530550244702584735e+02,-1.068874991701872050e-02,-1.068874991701872050e-02,5.745708428909053200e-01
7.930000000000001137e+01,4.342908103601135394e+01,1.530462705943794504e+02,9.964801669846801158e-02,9.964801669846801158e-02,5.614796619982889148e-01
7.935000000000000853e+01,4.326232003224864542e+01,1.530425321885573169e+02,1.194796715195972081e-01,1.194796715195972081e-01,5.172794143250699639e-01
7.940000000000000568e+01,4.309680033737705429e+01,1.530393719534404511e+02,2.020421669561309752e-01,2.020421669561309752e-01,5.241282155516433505e-01
7.945000000000000284e+01,4.293305289283926385e+01,1.530399548593140366e+02,1.720107947122509195e-01,1.720107947122509195e-01,5.058221660044870394e-01
7.950000000000000000e+01,4.277019703170817166e+01,1.530385187010984112e+02,1.617335668699512730e-01,1.617335668699512730e-01,4.549842050416265660e-01
7.955000000000001137e+01,4.260742752716144111e+01,1.530360573247075990e+02,1.507457511252035254e-01,1.507457511252035254e-01,4.605678811234601988e-01
7.960000000000000853e+01,4.244594253073687184e+01,1.530326420777136320e+02,2.160924383647248037e-01,2.160924383647248037e-01,4.570443441812823138e-01
7.965000000000000568e+01,4.228449094791827889e+01,1.530320395863683416e+02,2.207383446715368847e-01,2.207383446715368847e-01,3.966581607042445889e-01
7.970000000000000284e+01,4.212076956877897516e+01,1.530309727339006258e+02,1.976126291635941779e-01,1.976126291635941779e-01,3.983146305145412458e-01
7.975000000000000000e+01,4.195630234450191409e+01,1.530281579797680536e+02,2.556110083889638895e-01,2.556110083889638895e-01,4.075388222623068102e-01
7.980000000000001137e+01,4.179850278789732698e+01,1.530282856800926652e+02,2.302658645048091257e-01,2.302658645048091257e-01,3.366599342734599154e-01
7.985000000000000853e+01,4.163877503437553429e+01,1.530264609780874707e+02,3.004661064233066226e-01,3.004661064233066226e-01,3.345722461732449360e-01
7.990000000000000568e+01,4.147979236663802993e+01,1.530277225926338076e+02,3.503407618901643317e-01,3.503407618901643317e-01,3.685261142263459577e-01
7.995000000000000284e+01,4.132037389177364872e+01,1.530308766883234171e+02,3.837205388661422134e-01,3.837205388661422134e-01,2.753176531220271062e-01
8.000000000000000000e+01,4.115616718732636770e+01,1.530346397304487596e+02,3.878761051922291481e-01,3.878761051922291481e-01,2.586292054231000836e-01
8.005000000000001137e+01,4.099537185303856290e+01,1.530382850484934636e+02,4.509861742854647804e-01,4.509861742854647804e-01,3.264679137423695532e-01
8.010000000000000853e+01,4.083275931401734482e+01,1.530442608771483322e+02,4.412550990256617900e-01,4.412550990256617900e-01,2.059984232492829137e-01
8.015000000000000568e+01,4.066743130834717590e+01,1.530487636088813304e+02,3.877223720007613728e-01,3.877223720007613728e-01,1.790018015778243321e-01
8.020000000000000284e+01,4.050365670246537064e+01,1.530500798950585875e+02,3.580630259876365629e-01,3.580630259876365629e-01,2.770114362070222880e-01
8.025000000000000000e+01,4.034682656340299900e+01,1.530501095299898395e+02,4.240256167275726074e-01,4.240256167275726074e-01,1.549199903761624142e-01
8.030000000000001137e+01,4.018450906153948665e+01,1.530522754020558978e+02,4.149234725078074226e-01,4.149234725078074226e-01,1.091351982655080488e-01
8.035000000000000853e+01,4.002306210004775266e+01,1.530534857257247836e+02,4.398862690136623455e-01,4.398862690136623455e-01,2.288012684449930445e-01
8.040000000000000568e+01,3.986282827793622374e+01,1.530555171143257382e+02,4.707984506949949854e-01,4.707984506949949854e-01,1.298930060762978900e-01
8.045000000000000284e+01,3.970222680646029545e+01,1.530584559690136928e+02,5.117211873215106177e-01,5.117211873215106177e-01,4.270725257889290000e-02
8.050000000000000000e+01,3.954259231175162626e+01,1.530629492016702784e+02,4.868010300590683292e-01,4.868010300590683292e-01,1.947671845537574109e-01
8.055000000000001137e+01,3.938160672746401048e+01,1.530653734093041862e+02,5.102100485819083264e-01,5.102100485819083264e-01,1.471450246983488641e-01
8.060000000000000853e+01,3.922224000912539310e+01,1.530685881659534573e+02,5.053690376088106895e-01,5.053690376088106895e-01,5.532538634121039745e-02
8.065000000000000568e+01,3.906275540498541687e+01,1.530709340668111906e+02,4.415714508539409500e-01,4.415714508539409500e-01,1.877084584795952471e-01
8.070000000000000284e+01,3.890575367528060013e+01,1.530698666730313846e+02,4.807099343957466075e-01,4.807099343957466075e-01,1.973772254589709618e-01
8.075000000000000000e+01,3.874550015324189900e+01,1.530697757212513750e+02,4.277973443132775944e-01,4.277973443132775944e-01,1.199064497208442298e-01
8.080000000000001137e+01,3.858624149515254231e+01,1.530666511578290567e+02,3.766031028594680752e-01,3.766031028594680752e-01,2.002934544870997313e-01
8.085000000000000853e+01,3.842618834545558570e+01,1.530603737654343490e+02,4.368657088195757043e-01,4.368657088195757043e-01,2.464378001507131211e-01
8.090000000000000568e+01,3.826472304680986980e+01,1.530565129160134177e+02,3.643899163419415110e-01,3.643899163419415110e-01,1.740627670513159031e-01
8.095000000000000284e+01,3.810338104767125600e+01,1.530485761203726724e+02,3.733942970752350821e-01,3.733942970752350821e-01,2.250103794907459542e-01
8.100000000000000000e+01,3.794341911659352462e+01,1.530409689977913956e+02,3.562658857778147059e-01,3.562658857778147059e-01,2.895196242485990612e-01
8.105000000000001137e+01,3.778326964694166179e+01,1.530321158666046983e+02,3.781879766231192042e-01,3.781879766231192042e-01,2.176964965856608980e-01
8.110000000000000853e+01,3.762443632084185907e+01,1.530242677489456753e+02,3.354626301133224464e-01,3.354626301133224464e-01,2.499393015523561357e-01
8.115000000000000568e+01,3.746531266339109578e+01,1.530138761330970567e+02,3.748053073375466338e-01,3.748053073375466338e-01,3.307435531417213803e-01
8.120000000000000284e+01,3.730555699146855630e+01,1.530050799851322267e+02,3.317168374855606339e-01,3.317168374855606339e-01,2.595203209166361824e-01
8.125000000000000000e+01,3.714783392200659762e+01,1.529941449784720930e+02,4.230648500616565055e-01,4.230648500616565055e-01,2.737859866653868934e-01
8.130000000000001137e+01,3.699760678649722934e+01,1.529888811300734801e+02,4.734205273763743005e-01,4.734205273763743005e-01,3.621361710158654823e-01
8.135000000000000853e+01,3.684448437351631611e+01,1.529852765262610319e+02,4.710864013949129236e-01,4.710864013949129236e-01,3.121525452589187233e-01
8.140000000000000568e+01,3.668865463564411300e+01,1.529806556413786609e+02,4.817783822858416887e-01,4.817783822858416887e-01,3.117177783464892826e-01
8.145000000000000284e+01,3.653691664730876454e+01,1.529769256695735180e+02,5.049337281997627880e-01,5.049337281997627880e-01,3.795647939251597935e-01
8.150000000000000000e+01,3.638195428897348904e+01,1.529733603403679467e+02,4.293897375195490085e-01,4.293897375195490085e-01,3.734330591252649212e-01
8.155000000000001137e+01,3.622047259384884654e+01,1.529643358710237919e+02,3.680672211343846145e-01,3.680672211343846145e-01,3.557203662223801244e-01
8.160000000000000853e+01,3.605914057185777466e+01,1.529519167010566889e+02,3.407708307011870774e-01,3.407708307011870774e-01,4.044301827637742375e-01
8.165000000000000568e+01,3.590204733414887528e+01,1.529386980236629086e+02,3.156401806559567258e-01,3.156401806559567258e-01,4.085008009241175575e-01
8.170000000000000284e+01,3.574835572329156719e+01,1.529246703749617211e+02,3.049232950762961747e-01,3.049232950762961747e-01,3.800962788608030496e-01
8.175000000000000000e+01,3.559509221681098268e+01,1.529100179543125932e+02,3.516077178876301779e-01,3.516077178876301779e-01,4.112053251554103617e-01
8.180000000000001137e+01,3.544701626916530302e+01,1.528986058580692031e+02,3.326243609388236377e-01,3.326243609388236377e-01,4.463242572397084218e-01
8.185000000000000853e+01,3.529589835319398361e+01,1.528854261891561919e+02,2.192457630362676657e-01,2.192457630362676657e-01,4.060597110261828235e-01
8.190000000000000568e+01,3.514920762088652140e+01,1.528672014526133296e+02,2.156047610773948464e-01,2.156047610773948464e-01,4.139383004199681526e-01
8.195000000000000284e+01,3.500729832874836944e+01,1.528497099753288637e+02,9.405934377237701316e-02,9.405934377237701316e-02,4.682788068099515422e-01
8.200000000000000000e+01,3.486253405779564218e+01,1.528254147313922999e+02,1.677556465330683755e-01,1.677556465330683755e-01,4.179240101517358585e-01
8.205000000000001137e+01,3.471779361588812662e+01,1.528049832802744561e+02,1.795656686106877065e-01,1.795656686106877065e-01,4.014043279350513194e-01
8.210000000000000853e+01,3.457353306420813510e+01,1.527852653585174494e+02,1.478237545868749392e-01,1.478237545868749392e-01,4.366221936312527085e-01
8.215000000000000568e+01,3.443041231018163728e+01,1.527641610928880027e+02,9.751846762330310114e-02,9.751846762330310114e-02,4.371006073904480926e-01
8.220000000000000284e+01,3.428817633140002386e+01,1.527407073686319166e+02,4.232876278167522349e-02,4.232876278167522349e-02,3.962123919053187060e-01
8.225000000000000000e+01,3.414423365555938972e+01,1.527141927209218863e+02,1.415580337378922679e-02,1.415580337378922679e-02,4.034298329680404138e-01
8.230000000000001137e+01,3.399911690679741127e+01,1.526861675092996506e+02,-1.736188553406286736e-02,-1.736188553406286736e-02,4.488118101553159600e-01
8.235000000000000853e+01,3.385431115825856097e+01,1.526567880930978163e+02,-6.869766649100525480e-02,-6.869766649100525480e-02,3.813111964092253947e-01
8.240000000000000568e+01,3.370490944635189123e+01,1.526241192477464210e+02,-4.845896419939774852e-02,-4.845896419939774852e-02,3.629213553367205969e-01
8.245000000000000284e+01,3.355462552588648606e+01,1.525926045462106515e+02,-3.378722276221147319e-02,-3.378722276221147319e-02,4.074097534962418665e-01
8.250000000000000000e+01,3.340339908496181920e+01,1.525619210524134814e+02,3.588118242612400172e-02,3.588118242612400172e-02,3.613017848339984961e-01
8.255000000000001137e+01,3.324791838899528784e+01,1.525342182735577410e+02,-8.119801089984505366e-03,-8.119801089984505366e-03,3.315596980313090802e-01
8.260000000000000853e+01,3.309108162525593855e+01,1.525041814354149210e+02,8.222313022526602302e-03,8.222313022526602302e-03,3.720878715210050869e-01
8.265000000000000568e+01,3.293422326956331858e+01,1.524751882696318717e+02,3.861017098642417766e-02,3.861017098642417766e-02,3.491360391695604304e-01
8.270000000000000284e+01,3.277663882777775228e+01,1.524477953983754617e+02,4.467319097814729384e-02,4.467319097814729384e-02,3.084970451039327211e-01
8.275000000000000000e+01,3.261425234540672591e+01,1.524199689058184788e+02,5.545116744149930499e-02,5.545116744149930499e-02,3.483981679132491238e-01
8.280000000000001137e+01,3.245407913714522152e+01,1.523932454692986198e+02,6.932596506337906916e-02,6.932596506337906916e-02,3.397524679866887887e-01
8.285000000000000853e+01,3.229306377319857546e+01,1.523671970474871387e+02,-1.222885572883896342e-02,-1.222885572883896342e-02,2.937936237981071952e-01
8.290000000000000568e+01,3.213662790991873663e+01,1.523379464189988539e+02,-1.456943315372880542e-02,-1.456943315372880542e-02,3.269637361549127541e-01
8.295000000000000284e+01,3.198075720534689026e+01,1.523088769965357869e+02,-8.671274775453113870e-02,-8.671274775453113870e-02,3.319511605645477648e-01
8.300000000000000000e+01,3.182659789279979279e+01,1.522766456967184467e+02,-6.215148697582356663e-02,-6.215148697582356663e-02,2.680999599532036259e-01
8.305000000000001137e+01,3.167651907125194555e+01,1.522466669972088198e+02,-8.418487587858460020e-02,-8.418487587858460020e-02,2.879186458948481131e-01
8.310000000000000853e+01,3.153237484656417777e+01,1.522168493423756956e+02,-1.766712778373595305e-01,-1.766712778373595305e-01,3.328672421590230246e-01
8.315000000000000568e+01,3.138635363072482320e+01,1.521822455816240733e+02,-2.428887768383236889e-01,-2.428887768383236889e-01,2.441400758217753542e-01
8.320000000000000284e+01,3.123880381837350129e+01,1.521443687142332237e+02,-2.736291233954146751e-01,-2.736291233954146751e-01,2.289808076517541868e-01
8.325000000000000000e+01,3.108564100724073853e+01,1.521044014893857934e+02,-2.824710772694054017e-01,-2.824710772694054017e-01,3.063795448817321354e-01
8.330000000000001137e+01,3.093154237079879820e+01,1.520643009067975981e+02,-2.238966764828543288e-01,-2.238966764828543288e-01,2.060601586911750549e-01
8.335000000000000853e+01,3.078404915347965343e+01,1.520287186138813240e+02,-1.865021331587033426e-01,-1.865021331587033426e-01,1.684742183490426926e-01
8.340000000000000568e+01,3.063675314583574760e+01,1.519954236988224352e+02,-2.028162613044534046e-01,-2.028162613044534046e-01,2.465983945163980340e-01
8.345000000000000284e+01,3.048812956268525909e+01,1.519614031152100324e+02,-2.103323373285316544e-01,-2.103323373285316544e-01,2.017966520619997872e-01
8.350000000000000000e+01,3.034050899687890279e+01,1.519274880409662671e+02,-1.809635353093569099e-01,-1.809635353093569099e-01,1.215958213917992109e-01
8.355000000000001137e+01,3.019680102064650029e+01,1.518959899686153960e+02,-2.471539766738713728e-01,-2.471539766738713728e-01,1.840654241469734109e-01
8.360000000000000853e+01,3.004997598733630682e+01,1.518609458358189670e+02,-1.816378186189050725e-01,-1.816378186189050725e-01,2.215229160164436106e-01
8.365000000000000568e+01,2.990322456898976355e+01,1.518295702798567675e+02,-2.177639271300381707e-01,-2.177639271300381707e-01,9.767043431697103317e-02
8.370000000000000284e+01,2.975335216397563798e+01,1.517961713169559914e+02,-2.305374935840536210e-01,-2.305374935840536210e-01,1.244963504813751953e-01
8.375000000000000000e+01,2.960953036834104068e+01,1.517633311470950730e+02,-9.230765044770906924e-02,-9.230765044770906924e-02,2.559654626520664888e-01
8.380000000000001137e+01,2.946444565429912288e+01,1.517375839679836247e+02,6.931554283886222079e-01,6.931554283886222079e-01,1.384777251882125249e-01
8.385000000000000853e+01,2.931821915330919026e+01,1.517092287457955990e+02,6.352173915716901043e-01,6.352173915716901043e-01,5.966018379406246019e-02
8.390000000000000568e+01,2.917193538291569865e+01,1.516776222163318550e+02,7.332037847527235197e-01,7.332037847527235197e-01,1.794542403548771980e-01
8.395000000000000284e+01,2.902122539588278016e+01,1.516483949525537298e+02,8.985708738745559199e-01,8.985708738745559199e-01,2.028719854051045102e-01
8.400000000000000000e+01,2.886891535331355030e+01,1.516199959063730489e+02,9.189713498513510936e-01,9.189713498513510936e-01,6.944404599078701779e-02
8.405000000000001137e+01,2.871362427309216869e+01,1.515901827162712152e+02,9.065553836795141596e-01,9.065553836795141596e-01,1.309466492648249658e-01
8.410000000000000853e+01,2.855511542298424743e+01,1.515568477075765088e+02,9.831997846986895162e-01,9.831997846986895162e-01,2.526181626227264609e-01
8.415000000000000568e+01,2.840137575203980802e+01,1.515243056177591541e+02,9.325316645675189031e-01,9.325316645675189031e-01,1.127492411235782865e-01
8.420000000000000284e+01,2.824957642251152024e+01,1.514902929316322684e+02,9.193123377582945732e-01,9.193123377582945732e-01,1.024436922385754817e-01
8.425000000000000000e+01,2.809701297674229892e+01,1.514546520449434013e+02,9.307003117403975789e-01,9.307003117403975789e-01,2.386787426204465545e-01
8.430000000000001137e+01,2.794351447175100844e+01,1.514187072249935113e+02,1.045566485867157169e+00,1.045566485867157169e+00,1.692077425220486209e-01
8.435000000000000853e+01,2.779002280491589261e+01,1.513815036226469033e+02,9.012832015907364935e-01,9.012832015907364935e-01,1.027562487102120364e-01
8.440000000000000568e+01,2.764393507544551554e+01,1.513423770251855842e+02,9.828851960302676938e-01,9.828851960302676938e-01,1.982012008099921230e-01
8.445000000000000284e+01,2.749522766321201672e+01,1.513055141403882544e+02,1.077461078712365294e+00,1.077461078712365294e+00,2.379527136037924429e-01
8.450000000000000000e+01,2.734411742531981560e+01,1.512638313583141496e+02,9.810230097185854703e-01,9.810230097185854703e-01,1.398407102950079972e-01
8.455000000000001137e+01,2.719821729180339531e+01,1.512211903330006635e+02,9.924353952538865764e-01,9.924353952538865764e-01,1.729947586444708085e-01
8.460000000000000853e+01,2.705003159913078647e+01,1.511766233797947336e+02,8.539959386918387629e-01,8.539959386918387629e-01,2.960223230582307297e-01
8.465000000000000568e+01,2.690605507535633123e+01,1.511274264787203379e+02,1.033697702586811928e+00,1.033697702586811928e+00,1.955511539720343195e-01
8.470000000000000284e+01,2.676307968319042629e+01,1.510825317112028188e+02,9.343342428894239049e-01,9.343342428894239049e-01,1.708522511519558196e-01
8.475000000000000000e+01,2.662023053226134195e+01,1.510309220882045054e+02,9.012793606474427399e-01,9.012793606474427399e-01,2.524116828393212497e-01
8.480000000000001137e+01,2.647686595542561250e+01,1.509763261319731669e+02,1.082944250761532556e+00,1.082944250761532556e+00,2.628519189332239603e-01
8.485000000000000853e+01,2.633264400911920333e+01,1.509241539674483192e+02,1.035721560859991675e+00,1.035721560859991675e+00,1.961230949633519516e-01
8.490000000000000568e+01,2.618956244012043300e+01,1.508697645394221638e+02,9.747469669320364405e-01,9.747469669320364405e-01,2.320374374829194675e-01
8.495000000000000284e+01,2.604857648187222452e+01,1.508134430520804585e+02,1.181350899988670156e+00,1.181350899988670156e+00,3.362771227475493951e-01
8.500000000000000000e+01,2.590309964672856324e+01,1.507565704807722113e+02,1.127418560036882011e+00,1.127418560036882011e+00,2.486745611708212067e-01
8.505000000000001137e+01,2.575981531372801214e+01,1.506982933353152987e+02,1.088932343221962418e+00,1.088932343221962418e+00,2.412474814300259174e-01
8.510000000000000853e+01,2.561924775355507222e+01,1.506404870381004741e+02,9.189712780664266445e-01,9.189712780664266445e-01,3.177467634215324077e-01
8.515000000000000568e+01,2.548314564804496030e+01,1.505759007037197534e+02,1.006041934853072917e+00,1.006041934853072917e+00,3.143663658222790591e-01
8.520000000000000284e+01,2.534578245017063480e+01,1.505061691458716098e+02,9.990801262937785143e-01,9.990801262937785143e-01,2.636721239474961176e-01
8.525000000000000000e+01,2.520800023958698688e+01,1.504350063921514220e+02,1.069790592755580860e+00,1.069790592755580860e+00,2.956187052591250919e-01
8.530000000000001137e+01,2.506630650763488077e+01,1.503632152711672916e+02,1.208738325556007354e+00,1.208738325556007354e+00,3.692179385725715135e-01
8.535000000000000853e+01,2.492150351264868391e+01,1.502863580310669533e+02,1.216255785517081467e+00,1.216255785517081467e+00,2.969219097388649531e-01
8.540000000000000568e+01,2.477447053370925545e+01,1.502057286397806593e+02,1.091654602242009720e+00,1.091654602242009720e+00,3.052667905150312500e-01
8.545000000000000284e+01,2.462938172451002927e+01,1.501171425210897610e+02,1.061041224351468193e+00,1.061041224351468193e+00,3.785689040309769271e-01
8.550000000000000000e+01,2.448954670744400275e+01,1.500235592348692819e+02,8.561601937527182349e-01,8.561601937527182349e-01,3.025465476263961562e-01
8.555000000000001137e+01,2.435654456859495554e+01,1.499235035599107562e+02,7.771203470960409421e-01,7.771203470960409421e-01,3.010846619614512831e-01
8.560000000000000853e+01,2.422685448386782525e+01,1.498227022480320159e+02,8.367958060749287608e-01,8.367958060749287608e-01,3.587962104032526578e-01
8.565000000000000568e+01,2.409751948285052592e+01,1.497159419530404421e+02,8.491876623189726914e-01,8.491876623189726914e-01,2.715699123200667753e-01
8.570000000000000284e+01,2.396791357213807316e+01,1.496105468600613904e+02,7.796799204319566634e-01,7.796799204319566634e-01,2.748426509529096617e-01
8.575000000000000000e+01,2.384156424019553810e+01,1.495053986754529660e+02,7.928242725314761374e-01,7.928242725314761374e-01,3.316668284097519237e-01
8.580000000000001137e+01,2.372011640473081684e+01,1.493995563212292268e+02,7.767985853405933172e-01,7.767985853405933172e-01,2.451075917798681281e-01
8.585000000000000853e+01,2.359940259102506488e+01,1.492940876805546395e+02,7.312787025889548875e-01,7.312787025889548875e-01,2.486472220339335792e-01
8.590000000000000568e+01,2.348143108603116858e+01,1.491903624459775131e+02,8.014474567937861504e-01,8.014474567937861504e-01,3.225411569352575336e-01
8.595000000000000284e+01,2.336558760554920511e+01,1.490863749684826871e+02,7.108776321903123030e-01,7.108776321903123030e-01,2.307838568681996050e-01
8.600000000000000000e+01,2.325328359876748507e+01,1.489805174447023148e+02,7.346381422544434603e-01,7.346381422544434603e-01,2.217334118996873993e-01
8.605000000000001137e+01,2.313892025794395124e+01,1.488727541423405683e+02,7.175853903342568341e-01,7.175853903342568341e-01,3.065120067576876384e-01
8.610000000000000853e+01,2.302566229225232064e+01,1.487662097379683246e+02,7.591278838590650446e-01,7.591278838590650446e-01,2.233578724445254293e-01
8.615000000000000568e+01,2.291497083245918276e+01,1.486565784913772745e+02,7.080145941589170988e-01,7.080145941589170988e-01,2.004689788986681043e-01
8.620000000000000284e+01,2.280571740504924350e+01,1.485444314975077020e+02,7.176605164197997766e-01,7.176605164197997766e-01,2.797326437924929077e-01
8.625000000000000000e+01,2.269597003991756523e+01,1.484327632537189743e+02,8.861578723641262423e-01,8.861578723641262423e-01,2.183099223583205573e-01
8.630000000000001137e+01,2.258428327809536285e+01,1.483222427184296635e+02,8.825762096671886381e-01,8.825762096671886381e-01,1.853279402171038315e-01
8.635000000000000853e+01,2.247258868242433394e+01,1.482111344902588428e+02,8.618581016370538972e-01,8.618581016370538972e-01,2.653744365922138804e-01
8.640000000000000568e+01,2.236078263392515808e+01,1.480965019228872279e+02,1.003926692400615162e+00,1.003926692400615162e+00,2.276092713933426104e-01
8.645000000000000284e+01,2.224829555198689590e+01,1.479823500671978422e+02,1.074011650483378766e+00,1.074011650483378766e+00,1.898190982101244095e-01
8.650000000000000000e+01,2.213237573122680857e+01,1.478666739990034671e+02,1.070221335304722077e+00,1.070221335304722077e+00,2.710907179161951563e-01
8.655000000000001137e+01,2.201593700993138469e+01,1.477477490426988993e+02,1.044646331463177535e+00,1.044646331463177535e+00,2.423473744317720113e-01
8.660000000000000853e+01,2.190560242409085134e+01,1.476250247005827418e+02,1.034471403177354087e+00,1.034471403177354087e+00,2.084486023122211762e-01
8.665000000000000568e+01,2.179458536600695950e+01,1.474962477497055602e+02,1.106138451881874873e+00,1.106138451881874873e+00,2.884765825805539752e-01
8.670000000000000284e+01,2.167994555450010807e+01,1.473649026648067775e+02,1.251909957052885325e+00,1.251909957052885325e+00,2.403143594775024594e-01
8.675000000000000000e+01,2.156493375464524576e+01,1.472334327194559194e+02,1.192164087541185413e+00,1.192164087541185413e+00,2.286617814225997136e-01
8.680000000000001137e+01,2.145201498548019359e+01,1.470975016197559171e+02,1.069447795403672741e+00,1.069447795403672741e+00,3.269336070505226011e-01
8.685000000000000853e+01,2.134460698290608249e+01,1.469624261055330123e+02,1.166884085395653914e+00,1.166884085395653914e+00,2.431309114891827272e-01
8.690000000000000568e+01,2.123885399651227601e+01,1.468273519508470315e+02,1.023498725888902339e+00,1.023498725888902339e+00,2.527058899279081561e-01
8.695000000000000284e+01,2.113930031214680128e+01,1.466912081693591290e+02,9.012564814138691871e-02,9.012564814138691871e-02,3.325497765619264134e-01
8.700000000000000000e+01,2.103991667907933305e+01,1.465532866321679819e+02,4.708290196447027787e-02,4.708290196447027787e-02,2.420071717563087310e-01
8.705000000000001137e+01,2.094237626081163128e+01,1.464143283116963801e+02,-3.159835963130600694e-02,-3.159835963130600694e-02,2.516437237283009054e-01
8.710000000000000853e+01,2.084902519994827585e+01,1.462747073877728496e+02,-1.640819564321087734e-02,-1.640819564321087734e-02,3.158842136224837005e-01
8.715000000000000568e+01,2.075219934574016278e+01,1.461317008490859735e+02,1.273543407776639956e-02,1.273543407776639956e-02,2.211423789894688685e-01
8.720000000000000284e+01,2.065331846077644329e+01,1.459885946876701155e+02,1.129364137124556564e-02,1.129364137124556564e-02,2.421924975013832193e-01
8.725000000000000000e+01,2.055438585219187431e+01,1.458455325797521027e+02,-9.516674380081397919e-03,-9.516674380081397919e-03,2.873325702686229666e-01
8.730000000000001137e+01,2.045469114424732382e+01,1.456997699452175823e+02,-5.986625254840614169e-02,-5.986625254840614169e-02,2.000469440088070705e-01
8.735000000000000853e+01,2.035815007229479079e+01,1.455544411505616438e+02,-1.155672332418505449e-01,-1.155672332418505449e-01,2.414752083958065509e-01
8.740000000000000568e+01,2.026129995570344988e+01,1.454041677565413409e+02,-1.095749509589944853e-01,-1.095749509589944853e-01,2.465833480810410983e-01
8.745000000000000284e+01,2.016126758164290678e+01,1.452503710319769255e+02,-1.479670015100149338e-01,-1.479670015100149338e-01,1.689771724264589048e-01
8.750000000000000000e+01,2.006125233725775914e+01,1.450937688137792634e+02,-1.824207668635384749e-01,-1.824207668635384749e-01,2.529560504396471399e-01
8.755000000000001137e+01,1.996417371247262196e+01,1.449389811031748536e+02,-2.098979979511254035e-01,-2.098979979511254035e-01,1.837017573479830801e-01
8.760000000000000853e+01,1.986665030964739742e+01,1.447818409221519573e+02,-1.862720201679553544e-01,-1.862720201679553544e-01,1.452625113847232641e-01
8.765000000000000568e+01,1.976771808418347121e+01,1.446254760278123968e+02,-1.986798391558120269e-01,-1.986798391558120269e-01,2.695846530077312120e-01
8.770000000000000284e+01,1.966872504590877213e+01,1.444685990222250211e+02,-2.639351184804462069e-01,-2.639351184804462069e-01,1.175618751241400139e-01
8.775000000000000000e+01,1.957267655595786948e+01,1.443109012677518592e+02,-2.438448039436510728e-01,-2.438448039436510728e-01,1.517070548354723103e-01
8.780000000000001137e+01,1.947600596635248849e+01,1.441548488187107182e+02,-2.231320352899206216e-01,-2.231320352899206216e-01,2.017538536057800480e-01
8.785000000000000853e+01,1.937975804400191038e+01,1.440018688543651706e+02,-2.256793044922717484e-01,-2.256793044922717484e-01,5.857674567124339371e-02
8.790000000000000568e+01,1.928187262708046035e+01,1.438470333893704662e+02,-2.487663691949348332e-01,-2.487663691949348332e-01,1.798977540508674977e-01
8.795000000000000284e+01,1.918538771389621189e+01,1.436927933742545633e+02,-2.583184632160910876e-01,-2.583184632160910876e-01,1.448101241000757655e-01
8.800000000000000000e+01,1.909061400820317189e+01,1.435407510387323669e+02,-3.164807720531983004e-01,-3.164807720531983004e-01,4.117704804607733721e-02
8.805000000000001137e+01,1.899728033636883850e+01,1.433864157121903418e+02,-3.262753146933184967e-01,-3.262753146933184967e-01,2.168783540367219265e-01
8.810000000000000853e+01,1.890319946258641082e+01,1.432310092189530621e+02,-2.982904890955922483e-01,-2.982904890955922483e-01,1.003030970693487706e-01
8.815000000000000568e+01,1.880735926629504107e+01,1.430763409332501510e+02,-2.913276268576980854e-01,-2.913276268576980854e-01,8.736156023068647469e-02
8.820000000000000284e+01,1.871501105820791011e+01,1.429276413939521717e+02,-2.509689423643057249e-01,-2.509689423643057249e-01,2.441230865887621115e-01
8.825000000000000000e+01,1.861989966684398468e+01,1.427792264154098518e+02,-2.340667819818121886e-01,-2.340667819818121886e-01,8.441727630117001890e-02
8.830000000000001137e+01,1.852209572326591314e+01,1.426291404439622283e+02,-2.665291866628804462e-01,-2.665291866628804462e-01,1.315816117544819086e-01
8.835000000000000853e+01,1.842304430046334573e+01,1.424751692694793235e+02,-3.103702919078226152e-01,-3.103702919078226152e-01,2.138163369992809038e-01
8.840000000000000568e+01,1.832441869829492020e+01,1.423186741525924504e+02,-3.211721927332835125e-01,-3.211721927332835125e-01,9.089244373615788797e-02
8.845000000000000284e+01,1.822477678475011231e+01,1.421605774588259123e+02,-3.162232730624581212e-01,-3.162232730624581212e-01,1.997798293691204208e-01
8.850000000000000000e+01,1.812637330328418273e+01,1.420051593762497362e+02,-3.349449866103123008e-01,-3.349449866103123008e-01,1.835391730397679111e-01
8.855000000000001137e+01,1.802898058665816805e+01,1.418501319916523471e+02,-2.920638477913893860e-01,-2.920638477913893860e-01,1.354603494130896535e-01
8.860000000000000853e+01,1.792669794585537346e+01,1.416928651204104597e+02,-3.202738677579521354e-01,-3.202738677579521354e-01,2.672621678681091906e-01
8.865000000000000568e+01,1.782501010924398699e+01,1.415345820398965770e+02,-2.798271747795784137e-01,-2.798271747795784137e-01,1.725991939850028689e-01
8.870000000000000284e+01,1.772187510690620016e+01,1.413782903476810588e+02,-3.818835342541546662e-01,-3.818835342541546662e-01,1.929310175493477719e-01
8.875000000000000000e+01,1.762376113818517709e+01,1.412206330972946944e+02,-4.084383779393219172e-01,-4.084383779393219172e-01,2.713334383502821745e-01
8.880000000000001137e+01,1.752613115503110208e+01,1.410621214646488966e+02,-3.615137738099008513e-01,-3.615137738099008513e-01,1.924876081231358671e-01
8.885000000000000853e+01,1.742481775509302011e+01,1.409034029905342607e+02,-3.528469461881517111e-01,-3.528469461881517111e-01,2.634535376976544496e-01
8.890000000000000568e+01,1.732215924912010152e+01,1.407442577463210114e+02,-3.706209104938440468e-01,-3.706209104938440468e-01,2.574834560808865747e-01
8.895000000000000284e+01,1.722017831967770363e+01,1.405850932632771162e+02,-2.538436275757012806e-01,-2.538436275757012806e-01,2.325661223802394928e-01
8.900000000000000000e+01,1.711203762750077217e+01,1.404280961784670865e+02,-3.061616820856948307e-01,-3.061616820856948307e-01,3.336017463737608879e-01
8.905000000000001137e+01,1.700456181807935963e+01,1.402680214706925597e+02,-2.797972766201263228e-01,-2.797972766201263228e-01,2.507700581486424496e-01
8.910000000000000853e+01,1.689467844344172676e+01,1.401074291246099790e+02,-3.016903068411644351e-01,-3.016903068411644351e-01,2.797240911022499943e-01
8.915000000000000568e+01,1.678601006876566260e+01,1.399469323280079038e+02,-3.520859581737043609e-01,-3.520859581737043609e-01,3.102129396947402307e-01
8.920000000000000284e+01,1.667926845504151601e+01,1.397851894373644370e+02,-3.735797113840976791e-01,-3.735797113840976791e-01,2.666841603065003286e-01
8.925000000000000000e+01,1.657415940163970447e+01,1.396242463595504830e+02,-3.161978597393784174e-01,-3.161978597393784174e-01,3.477089965278836736e-01
8.930000000000001137e+01,1.646740502520228233e+01,1.394663252338645805e+02,-3.144917536789100243e-01,-3.144917536789100243e-01,3.001461764055088355e-01
8.935000000000000853e+01,1.636211691817471703e+01,1.393107160726538893e+02,-2.585571541685371399e-01,-2.585571541685371399e-01,3.058686684408756795e-01
8.940000000000000568e+01,1.625582917784748105e+01,1.391586495145329252e+02,-3.019513421312800538e-01,-3.019513421312800538e-01,3.689191838987131433e-01
8.945000000000000284e+01,1.615207176196458860e+01,1.390064767060176507e+02,-3.415574643107374131e-01,-3.415574643107374131e-01,3.050245205551989636e-01
8.950000000000000000e+01,1.604793900894031822e+01,1.388510069348275522e+02,-2.653319558086245089e-01,-2.653319558086245089e-01,3.459917537901991968e-01
8.955000000000001137e+01,1.594133078836600426e+01,1.386988926653253316e+02,-1.981377430865504663e-01,-1.981377430865504663e-01,3.537541445222048275e-01
8.960000000000000853e+01,1.583155654356709263e+01,1.385483955004428651e+02,-1.243056851076135422e-01,-1.243056851076135422e-01,3.173440690773103312e-01
8.965000000000000568e+01,1.572110598938333403e+01,1.384029436363425702e+02,-1.757140604010953011e-01,-1.757140604010953011e-01,3.766959012552282271e-01
8.970000000000000284e+01,1.561049678402659779e+01,1.382531040910016884e+02,-1.283996136491718232e-01,-1.283996136491718232e-01,3.293682129543387127e-01
8.975000000000000000e+01,1.549825975581907578e+01,1.381049961379059710e+02,-1.220895576211173672e-01,-1.220895576211173672e-01,3.217342334767601675e-01
8.980000000000001137e+01,1.538717088767269736e+01,1.379586807039432017e+02,-1.509305836632166831e-01,-1.509305836632166831e-01,3.838777947750200426e-01
8.985000000000000853e+01,1.527900136967250866e+01,1.378135492055582745e+02,-8.031234266957985868e-02,-8.031234266957985868e-02,3.105098413015550673e-01
8.990000000000000568e+01,1.516534470400901213e+01,1.376672092697429832e+02,-9.732006823516299587e-02,-9.732006823516299587e-02,3.314923601633998351e-01
8.995000000000000284e+01,1.505186625358199670e+01,1.375195198003391113e+02,-8.855794422773841101e-02,-8.855794422773841101e-02,3.450498087925077950e-01
9.000000000000000000e+01,1.493894560218527445e+01,1.373730376404095921e+02,-1.654859074939981356e-01,-1.654859074939981356e-01,2.941103070568028000e-01
9.005000000000001137e+01,1.482994859875414839e+01,1.372251055505612385e+02,-1.459343026181325054e-01,-1.459343026181325054e-01,3.524938728148772626e-01
9.010000000000000853e+01,1.471736748373241888e+01,1.370742892758640892e+02,-9.730935628219655742e-02,-9.730935628219655742e-02,3.139179145526613257e-01
9.015000000000000568e+01,1.460316433189291452e+01,1.369252717657230107e+02,-1.010095893434019704e-01,-1.010095893434019704e-01,2.980861503172796412e-01
9.020000000000000284e+01,1.448821451555921236e+01,1.367748652363512463e+02,-5.060729205765709948e-02,-5.060729205765709948e-02,3.690333575412041989e-01
9.025000000000000000e+01,1.437001047853419600e+01,1.366242762973753315e+02,-2.626973510221946792e-02,-2.626973510221946792e-02,2.826551134137730292e-01
9.030000000000001137e+01,1.425318829955442901e+01,1.364770623895423967e+02,-4.192375020872893959e-02,-4.192375020872893959e-02,3.088308927379781466e-01
9.035000000000000853e+01,1.413942363819898596e+01,1.363320865183619617e+02,-6.382386073827432671e-02,-6.382386073827432671e-02,3.151276779282990992e-01
9.040000000000000568e+01,1.402619640812236135e+01,1.361857698036598094e+02,-1.680206404165511536e-02,-1.680206404165511536e-02,2.629608623315938254e-01
9.045000000000000284e+01,1.391352690536377246e+01,1.360437053568171564e+02,1.423043404987020533e-02,1.423043404987020533e-02,3.238516165140859493e-01
9.050000000000000000e+01,1.380088833735299758e+01,1.359038700612796333e+02,4.032180273695007422e-02,4.032180273695007422e-02,2.750668715624782767e-01
9.055000000000001137e+01,1.368802269480254985e+01,1.357654920726013472e+02,4.657952956211840884e-02,4.657952956211840884e-02,2.463425390917869384e-01
9.060000000000000853e+01,1.357249547405057122e+01,1.356238718167552122e+02,3.287894235582747293e-02,3.287894235582747293e-02,3.337488559735268256e-01
9.065000000000000568e+01,1.345420361731980385e+01,1.354772435020209116e+02,8.449061090278525699e-02,8.449061090278525699e-02,2.314731426875737130e-01
9.070000000000000284e+01,1.333807781280633264e+01,1.353371221098778676e+02,7.585449432591012675e-02,7.585449432591012675e-02,2.403011324687592543e-01
9.075000000000000000e+01,1.322128897555440297e+01,1.351949825291533784e+02,1.211878973115704528e-01,1.211878973115704528e-01,2.826780585424858994e-01
9.080000000000001137e+01,1.310536006383149932e+01,1.350571525116988028e+02,1.669678888687951002e-01,1.669678888687951002e-01,1.905214713989956121e-01
9.085000000000000853e+01,1.298960712571646958e+01,1.349227290182639081e+02,1.819473794890327234e-01,1.819473794890327234e-01,2.366220878497679869e-01
9.090000000000000568e+01,1.287379839652376745e+01,1.347888436381291513e+02,2.630360688403828306e-01,2.630360688403828306e-01,2.294398463790371656e-01
9.095000000000000284e+01,1.275397243906782307e+01,1.346557569371688032e+02,2.740813825304223017e-01,2.740813825304223017e-01,1.453319216120707025e-01
9.100000000000000000e+01,1.263177226304829759e+01,1.345196921687612530e+02,3.644794459424946509e-01,3.644794459424946509e-01,2.349359876507767508e-01
9.105000000000001137e+01,1.250557895725597746e+01,1.343849916185170343e+02,2.488867604761554886e-01,2.488867604761554886e-01,1.562518571055729888e-01
9.110000000000000853e+01,1.238570750913830310e+01,1.342480585311575680e+02,2.499454142036435234e-01,2.499454142036435234e-01,1.108938721333323912e-01
9.115000000000000568e+01,1.226534265513975619e+01,1.341098420422470099e+02,2.632285467712753291e-01,2.632285467712753291e-01,2.590952171880855359e-01
9.120000000000000284e+01,1.214639404154650926e+01,1.339738943515980054e+02,2.518554856800421793e-01,2.518554856800421793e-01,9.077488405444010533e-02
9.125000000000000000e+01,1.202760147436347715e+01,1.338364982825339666e+02,3.476957878534946422e-01,3.476957878534946422e-01,1.209337612818170149e-01
9.130000000000001137e+01,1.190431027943710163e+01,1.337003890199036107e+02,2.865342143613058834e-01,2.865342143613058834e-01,2.037125083173709494e-01
9.135000000000000853e+01,1.178158002432159890e+01,1.335590351299636893e+02,3.035295139921354579e-01,3.035295139921354579e-01,1.908033233233862036e-02
9.140000000000000568e+01,1.165609938254448785e+01,1.334146474309071664e+02,2.920624060475018879e-01,2.920624060475018879e-01,1.753031873533962004e-01
9.145000000000000284e+01,1.152984666186349649e+01,1.332674681890145223e+02,2.258326704024112008e-01,2.258326704024112008e-01,1.297031115734595952e-01
9.150000000000000000e+01,1.140608901874093206e+01,1.331173667745559044e+02,2.104294597942687750e-01,2.104294597942687750e-01,7.217178728851184055e-02
9.155000000000001137e+01,1.128139627233720077e+01,1.329641271235900604e+02,1.628316225125817085e-01,1.628316225125817085e-01,2.369806224802123717e-01
9.160000000000000853e+01,1.115894271308529007e+01,1.328094232054373833e+02,1.747957539894317569e-01,1.747957539894317569e-01,5.874813905457790947e-02
9.165000000000000568e+01,1.103687102723776725e+01,1.326559017198663071e+02,1.662900927321767086e-01,1.662900927321767086e-01,1.681182544187888317e-01
9.170000000000000284e+01,1.091512536734699879e+01,1.325017245132495702e+02,1.411100590348128847e-01,1.411100590348128847e-01,1.534149467733666450e-01
9.175000000000000000e+01,1.079571333971818170e+01,1.323482827701641895e+02,1.195993297180096976e-01,1.195993297180096976e-01,8.416290359669262311e-02
9.180000000000001137e+01,1.067690958621590624e+01,1.321935753944342196e+02,8.577635145264238259e-02,8.577635145264238259e-02,2.576649040658818279e-01
9.185000000000000853e+01,1.055881542742531742e+01,1.320367517522954870e+02,2.562441791970400742e-02,2.562441791970400742e-02,8.862597398716415276e-02
9.190000000000000568e+01,1.044493372335205272e+01,1.318805222641604473e+02,-1.829240042541463787e-02,-1.829240042541463787e-02,1.575311335788269484e-01
9.195000000000000284e+01,1.033241517603818060e+01,1.317224718788451128e+02,8.404484514652303673e-03,8.404484514652303673e-03,1.756254599500997604e-01
9.200000000000000000e+01,1.021941907098854507e+01,1.315662001946778048e+02,8.103855338157790744e-02,8.103855338157790744e-02,7.270499082809475655e-02
9.205000000000001137e+01,1.010134607378149951e+01,1.314091751457730766e+02,7.224554437772119642e-02,7.224554437772119642e-02,2.371011483494744609e-01
9.210000000000000853e+01,9.981710215610370085e+00,1.312491193336836091e+02,1.782192549292956063e-02,1.782192549292956063e-02,9.859384096754182647e-02
9.215000000000000568e+01,9.864028108942518358e+00,1.310870400816166637e+02,9.163112770624184944e-02,9.163112770624184944e-02,1.470570451075404739e-01
9.220000000000000284e+01,9.743701334883047238e+00,1.309276711077436630e+02,2.041067769797821896e-01,2.041067769797821896e-01,1.813137186819956392e-01
9.225000000000000000e+01,9.618534620530386547e+00,1.307710663045026536e+02,9.570820847245950502e-02,9.570820847245950502e-02,8.540564163489441918e-02
9.230000000000001137e+01,9.496419589462627542e+00,1.306089959407093488e+02,1.128253223046179060e-01,1.128253223046179060e-01,2.497221090709872415e-01
9.235000000000000853e+01,9.373894129354978233e+00,1.304476969064454295e+02,5.116253847423729573e-02,5.116253847423729573e-02,1.022113050782538363e-01
9.240000000000000568e+01,9.254270526333492342e+00,1.302849887415482328e+02,7.893070040684073418e-02,7.893070040684073418e-02,1.664729159885134369e-01
9.245000000000000284e+01,9.134369062524429594e+00,1.301242816788997061e+02,1.341165042162626719e-01,1.341165042162626719e-01,1.749059500811564194e-01
9.250000000000000000e+01,9.012238509208737369e+00,1.299651282383948967e+02,5.314827652315525647e-02,5.314827652315525647e-02,1.013358693707574198e-01
9.255000000000001137e+01,8.893235544572128504e+00,1.298031734980457372e+02,4.026069246118278711e-02,4.026069246118278711e-02,2.636724046489462570e-01
9.260000000000000853e+01,8.775181808846856057e+00,1.296414460517449072e+02,8.799655515607295031e-02,8.799655515607295031e-02,1.005625633154786785e-01
9.265000000000000568e+01,8.654476388646248353e+00,1.294801537962952125e+02,7.330309436075783946e-02,7.330309436075783946e-02,1.780064377087998140e-01
9.270000000000000284e+01,8.533250753352820794e+00,1.293167821121093368e+02,5.713139655838039843e-02,5.713139655838039843e-02,1.668918692622377298e-01
9.275000000000000000e+01,8.411234270870780350e+00,1.291508678202147848e+02,5.070673102587245490e-02,5.070673102587245490e-02,1.122407085035035251e-01
9.280000000000001137e+01,8.290443132440850960e+00,1.289861193904685877e+02,1.934461574355388416e-02,1.934461574355388416e-02,2.441014737750246688e-01
9.285000000000000853e+01,8.171809407892858701e+00,1.288217125863752415e+02,-9.060758907494314424e-03,-9.060758907494314424e-03,9.176728533103307994e-02
9.290000000000000568e+01,8.053851526620361412e+00,1.286559111441947323e+02,-5.854782519780002414e-02,-5.854782519780002414e-02,1.987137142837779313e-01
9.295000000000000284e+01,7.937712194398267584e+00,1.284885763533217187e+02,-9.929228584753808928e-02,-9.929228584753808928e-02,1.390042753331651448e-01
9.300000000000000000e+01,7.823113620610282481e+00,1.283202009545190663e+02,-5.587275313895331136e-02,-5.587275313895331136e-02,1.151048442109464109e-01
9.305000000000001137e+01,7.706454435013824877e+00,1.281530838875903555e+02,-1.001246801581607837e-01,-1.001246801581607837e-01,2.143615821824080558e-01
9.310000000000000853e+01,7.594124626671484357e+00,1.279884702964183276e+02,-1.242820512083012141e-01,-1.242820512083012141e-01,6.019781596337646368e-02
9.315000000000000568e+01,7.480527852591172255e+00,1.278204124148463023e+02,-5.097107456813293469e-02,-5.097107456813293469e-02,2.049542074374231526e-01
9.320000000000000284e+01,7.362853792979888290e+00,1.276534068744816608e+02,-1.162475869735550144e-01,-1.162475869735550144e-01,1.058228761110273641e-01
9.325000000000000000e+01,7.245557533397130712e+00,1.274815881085933569e+02,-7.483610573687994594e-02,-7.483610573687994594e-02,1.204310983083617531e-01
9.330000000000001137e+01,7.127757609485383838e+00,1.273130035322491409e+02,-7.242448791247731166e-02,-7.242448791247731166e-02,1.813823307632027593e-01
9.335000000000000853e+01,7.009805196464202304e+00,1.271446879373045817e+02,1.470164730448873629e-03,1.470164730448873629e-03,4.118186911590934057e-02
9.340000000000000568e+01,6.888687552552635651e+00,1.269785598696100521e+02,1.781171122592898476e-02,1.781171122592898476e-02,2.350422549625316992e-01
9.345000000000000284e+01,6.765653867555226242e+00,1.268112390064966348e+02,-5.923882031893831085e-02,-5.923882031893831085e-02,6.345909501010774112e-02
9.350000000000000000e+01,6.645653433572886293e+00,1.266415430175812133e+02,-4.867095387801204792e-02,-4.867095387801204792e-02,1.538399319605957272e-01
9.355000000000001137e+01,6.525073002351210683e+00,1.264721634549909766e+02,-1.447262338091020832e-02,-1.447262338091020832e-02,1.392202184556479705e-01
9.360000000000000853e+01,6.405473942805000043e+00,1.263072051717223161e+02,5.875340978496191788e-03,5.875340978496191788e-03,6.959092389759925779e-02
9.365000000000000568e+01,6.285783168106558350e+00,1.261439227570524935e+02,-3.920220344881471947e-02,-3.920220344881471947e-02,2.291012365769752313e-01
9.370000000000000284e+01,6.165816529112766453e+00,1.259764629552943518e+02,-6.143332662789854903e-02,-6.143332662789854903e-02,2.857949167304088892e-02
9.375000000000000000e+01,6.048768150105885866e+00,1.258112522074849409e+02,-1.435262938121138754e-01,-1.435262938121138754e-01,1.808214286325269260e-01
9.380000000000001137e+01,5.934836343406332482e+00,1.256435462705068034e+02,-8.842454189446748158e-02,-8.842454189446748158e-02,1.143172276654525199e-01
9.385000000000000853e+01,5.821151323542145484e+00,1.254812360306088834e+02,-1.771747400289533647e-01,-1.771747400289533647e-01,8.401828787291780454e-02
9.390000000000000568e+01,5.713170411270470872e+00,1.253194377749934887e+02,-2.176455627304568763e-01,-2.176455627304568763e-01,2.187668697089260594e-01
9.395000000000000284e+01,5.605743185631354208e+00,1.251554394427610077e+02,-2.301928154876111410e-01,-2.301928154876111410e-01,2.880537885438626960e-02
9.400000000000000000e+01,5.497494780269929215e+00,1.249898244409653358e+02,-2.838347008934174465e-01,-2.838347008934174465e-01,1.769494398706464855e-01
9.405000000000001137e+01,5.391716673142720850e+00,1.248236120118949657e+02,-2.505031455310687272e-01,-2.505031455310687272e-01,1.325030205480719203e-01
9.410000000000000853e+01,5.285324356391779332e+00,1.246600378326488396e+02,-2.058024095999625713e-01,-2.058024095999625713e-01,8.704770910967227215e-02
9.415000000000000568e+01,5.178187502320898972e+00,1.244997610208524890e+02,-1.673082573671595130e-01,-1.673082573671595130e-01,2.432804016249250911e-01
9.420000000000000284e+01,5.070204660785234907e+00,1.243419932608152010e+02,-1.165572675408189512e-01,-1.165572675408189512e-01,8.132421149679766592e-02
9.425000000000000000e+01,4.959148025631688661e+00,1.241846803056226918e+02,-7.248100509564162075e-02,-7.248100509564162075e-02,1.648343577719551534e-01
9.430000000000001137e+01,4.843830652181026153e+00,1.240255608263988165e+02,2.983988635532420358e-02,2.983988635532420358e-02,1.689811406004850247e-01
9.435000000000000853e+01,4.726272614455535148e+00,1.238720407006321977e+02,1.466036001723526883e-01,1.466036001723526883e-01,8.096320032311191128e-02
9.440000000000000568e+01,4.605691303882028187e+00,1.237240240425397673e+02,1.434606272512239933e-01,1.434606272512239933e-01,2.395428016775179303e-01
9.445000000000000284e+01,4.486743622360076955e+00,1.235774581744773997e+02,2.085537773885858537e-01,2.085537773885858537e-01,9.224736260178083291e-02
9.450000000000000000e+01,4.365785250785201299e+00,1.234331938346631148e+02,1.666288934475368966e-01,1.666288934475368966e-01,1.180755348877273875e-01
9.455000000000001137e+01,4.249838522797443119e+00,1.232915664879294440e+02,1.570119729820773358e-01,1.570119729820773358e-01,2.051044769537012646e-01
9.460000000000000853e+01,4.134947268090810368e+00,1.231501034697181183e+02,1.361618620459650042e-01,1.361618620459650042e-01,2.983070703130667745e-02
9.465000000000000568e+01,4.021911936379246377e+00,1.230089817088069708e+02,1.748336894761933491e-01,1.748336894761933491e-01,1.604010740918385969e-01
9.470000000000000284e+01,3.908355989988444357e+00,1.228700553102772375e+02,2.190026208703724775e-01,2.190026208703724775e-01,1.580469981654751832e-01
9.475000000000000000e+01,3.793985392604328766e+00,1.227333114149907658e+02,1.606667375829169131e-01,1.606667375829169131e-01,2.091611560143274637e-02
9.480000000000001137e+01,3.685304193346468526e+00,1.225988761996917589e+02,1.752586437190566948e-01,1.752586437190566948e-01,1.931603918915924811e-01
9.485000000000000853e+01,3.575413210445749002e+00,1.224636652582551051e+02,1.034849372155363378e-01,1.034849372155363378e-01,1.322261372804369173e-01
9.490000000000000568e+01,3.468433904666737622e+00,1.223259769681397984e+02,1.560926435222864846e-02,1.560926435222864846e-02,5.167738637288139120e-02
9.495000000000000284e+01,3.366475466187484500e+00,1.221875077423021736e+02,2.040518854966095683e-02,2.040518854966095683e-02,2.176661070985313473e-01
9.500000000000000000e+01,3.264874875697140855e+00,1.220499335638877625e+02,-1.236733298801302311e-01,-1.236733298801302311e-01,1.133496955613629009e-01
9.505000000000001137e+01,3.171877562038677656e+00,1.219119194127402324e+02,-1.141475693147604581e-01,-1.141475693147604581e-01,5.993405615705887229e-02
9.510000000000000853e+01,3.077187340262815596e+00,1.217726978188192106e+02,-8.996132489191835391e-02,-8.996132489191835391e-02,2.250120915302527003e-01
9.515000000000000568e+01,2.984037951657085852e+00,1.216379024066119285e+02,-5.692209618149273592e-02,-5.692209618149273592e-02,1.090448133103509715e-01
9.520000000000000284e+01,2.887942541611303593e+00,1.215020925608831988e+02,-5.804088887179338629e-02,-5.804088887179338629e-02,5.805359239914657105e-02
9.525000000000000000e+01,2.791029469064823854e+00,1.213652097911462562e+02,-9.231440517347709596e-02,-9.231440517347709596e-02,2.254180516317497163e-01
9.530000000000001137e+01,2.697854054152839964e+00,1.212306544406511648e+02,-1.657073631231477107e-01,-1.657073631231477107e-01,1.079852827474120369e-01
9.535000000000000853e+01,2.608133049689137284e+00,1.210948083435894063e+02,-1.181616555996611029e-01,-1.181616555996611029e-01,5.546334700927848388e-02
9.540000000000000568e+01,2.515129985509386934e+00,1.209588661409163990e+02,-7.583924636867928060e-02,-7.583924636867928060e-02,2.197643548077541087e-01
9.545000000000000284e+01,2.419784549135294505e+00,1.208235575739487473e+02,-1.855996325673575087e-01,-1.855996325673575087e-01,1.137974570700410748e-01
9.550000000000000000e+01,2.326907500184332456e+00,1.206825140733813271e+02,-1.455573257563419209e-01,-1.455573257563419209e-01,6.274841067253250637e-02
9.555000000000001137e+01,2.235588776506383546e+00,1.205473108690300421e+02,-7.807995089997814275e-02,-7.807995089997814275e-02,2.220521232111443977e-01
9.560000000000000853e+01,2.140586047769838629e+00,1.204130842281695095e+02,-4.954170642109140960e-02,-4.954170642109140960e-02,1.190621440954112292e-01
9.565000000000000568e+01,2.042066729416888826e+00,1.202766540671499769e+02,9.672511748914433896e-03,9.672511748914433896e-03,6.732282161022737355e-02
9.570000000000000284e+01,1.943501809468622943e+00,1.201451837131988185e+02,-4.868666326187525567e-02,-4.868666326187525567e-02,2.225762434091727859e-01
9.575000000000000000e+01,1.848879210486261915e+00,1.200140587806386492e+02,-1.746367672661693071e-01,-1.746367672661693071e-01,1.220984363702920517e-01
9.580000000000001137e+01,1.756620068903940401e+00,1.198756356231499467e+02,-1.632691663809714977e-01,-1.632691663809714977e-01,6.845349309679416017e-02
9.585000000000000853e+01,1.663014160174159928e+00,1.197366917038197016e+02,-2.073420153130852983e-01,-2.073420153130852983e-01,2.241752970390119282e-01
9.590000000000000568e+01,1.570507604265998003e+00,1.195958467601136448e+02,-1.936408439847389640e-01,-1.936408439847389640e-01,1.272508366358257315e-01
9.595000000000000284e+01,1.475190796505535751e+00,1.194527882559610958e+02,-1.993867154428359267e-01,-1.993867154428359267e-01,9.292157475669120259e-02
9.600000000000000000e+01,1.380926733178230448e+00,1.193110070867002435e+02,-1.467961028626147968e-01,-1.467961028626147968e-01,2.437758313631220308e-01
9.605000000000001137e+01,1.285202659613788212e+00,1.191720063198425663e+02,-1.527571047898134138e-01,-1.527571047898134138e-01,1.284617092898626689e-01
9.610000000000000853e+01,1.188627458229885470e+00,1.190316156426575844e+02,-1.822528447849807443e-01,-1.822528447849807443e-01,1.151030761176708855e-01
9.615000000000000568e+01,1.089737824204456862e+00,1.188859667129772504e+02,-1.587857843851794848e-01,-1.587857843851794848e-01,2.660327388732430798e-01
9.620000000000000284e+01,9.908210998741697750e-01,1.187425222595988146e+02,-8.561048775318111370e-02,-8.561048775318111370e-02,1.253260324101445611e-01
9.625000000000000000e+01,8.927586625998000791e-01,1.186064814090410238e+02,-1.026285956158818208e-01,-1.026285956158818208e-01,1.390453162973877554e-01
9.630000000000001137e+01,7.933033377321319080e-01,1.184672754952183027e+02,-1.187076331250064287e-01,-1.187076331250064287e-01,2.549415600521942604e-01
9.635000000000000853e+01,6.981503048779228449e-01,1.183324993588127825e+02,-7.874800978205272195e-02,-7.874800978205272195e-02,1.275885475096709132e-01
9.640000000000000568e+01,6.004388973589842582e-01,1.181977978897742503e+02,-3.162991430894550315e-02,-3.162991430894550315e-02,1.477189063716222717e-01
9.645000000000000284e+01,5.009872411195790409e-01,1.180647472987174780e+02,1.646162229916005998e-02,1.646162229916005998e-02,2.557985198625020162e-01
9.650000000000000000e+01,4.002404294328320566e-01,1.179339110289167110e+02,4.757681258476442743e-02,4.757681258476442743e-02,1.241014954593730596e-01
9.655000000000001137e+01,3.017428788045110610e-01,1.178084451631485905e+02,9.805146934647931967e-02,9.805146934647931967e-02,1.361920976167319275e-01
9.660000000000000853e+01,2.018046929351304253e-01,1.176850495606268794e+02,6.934530497811440541e-02,6.934530497811440541e-02,2.623636309869162853e-01
9.665000000000000568e+01,1.043395316453938626e-01,1.175622400879577896e+02,2.111634838822653085e-02,2.111634838822653085e-02,1.241215814544050222e-01
9.670000000000000284e+01,1.088888322095896144e-02,1.174405086931033821e+02,8.823610675477755461e-02,8.823610675477755461e-02,1.055354602186500262e-01
9.675000000000000000e+01,-8.250067714288900067e-02,1.173242982124995564e+02,1.641876664685502918e-01,1.641876664685502918e-01,2.270032152525724989e-01
9.680000000000001137e+01,-1.782251814863073103e-01,1.172110481407073905e+02,2.192823528556519519e-01,2.192823528556519519e-01,1.512644312932028001e-01
9.685000000000000853e+01,-2.761261302210130664e-01,1.170990953511643085e+02,2.189400649347623407e-01,2.189400649347623407e-01,5.611826888774620881e-02
9.690000000000000568e+01,-3.720183685285318731e-01,1.169893141352772403e+02,1.383884065376466688e-01,1.383884065376466688e-01,1.635376948020963728e-01
9.695000000000000284e+01,-4.641943711982988718e-01,1.168773313510655782e+02,1.991369624887325551e-01,1.991369624887325551e-01,1.972863048543301856e-01
9.700000000000000000e+01,-5.598331517221813991e-01,1.167654775877238080e+02,1.835781163042303765e-01,1.835781163042303765e-01,5.312199727023423496e-02
9.705000000000001137e+01,-6.547042752400518140e-01,1.166529439636523051e+02,8.109539972286847198e-02,8.109539972286847198e-02,1.004210472717777386e-01
9.710000000000000853e+01,-7.430428520118891322e-01,1.165402627671211775e+02,1.120187024659348163e-01,1.120187024659348163e-01,2.427288524970538097e-01
9.715000000000000568e+01,-8.349283347970890556e-01,1.164252148786012384e+02,8.817670377066658127e-02,8.817670377066658127e-02,1.073892478725007454e-01
9.720000000000000284e+01,-9.256785120342556628e-01,1.163094746308467080e+02,6.456669700465829387e-02,6.456669700465829387e-02,3.969507326695995847e-02
9.725000000000000000e+01,-1.013417029599501751e+00,1.161956629720674528e+02,5.134816476674544661e-02,5.134816476674544661e-02,1.833988328977999016e-01
9.730000000000001137e+01,-1.098889356952408081e+00,1.160836976585867149e+02,1.187326464467687061e-02,1.187326464467687061e-02,1.728822070665754773e-01
9.735000000000000853e+01,-1.182400841777498934e+00,1.159709761684169536e+02,-2.017372707753187916e-02,-2.017372707753187916e-02,3.316520704011353959e-02
9.740000000000000568e+01,-1.262015434933503544e+00,1.158608378784901731e+02,2.344656187049272075e-02,2.344656187049272075e-02,1.035594376000575911e-01
9.745000000000000284e+01,-1.343793401810905230e+00,1.157514795466711632e+02,2.501295790882354653e-02,2.501295790882354653e-02,2.400513554358344182e-01
9.750000000000000000e+01,-1.423111544078898394e+00,1.156455658292440063e+02,3.254583606566434362e-02,3.254583606566434362e-02,1.249292576141990269e-01
9.755000000000001137e+01,-1.501497146809148697e+00,1.155415203592108782e+02,1.090322251068871762e-01,1.090322251068871762e-01,1.073431480592591282e-02
9.760000000000000853e+01,-1.585398354140104882e+00,1.154363690394339272e+02,7.816969102931285718e-02,7.816969102931285718e-02,1.407300286710059523e-01
9.765000000000000568e+01,-1.669555866321483784e+00,1.153280716412110678e+02,7.095106361173909859e-02,7.095106361173909859e-02,2.206148735289812091e-01
9.770000000000000284e+01,-1.753988846309667116e+00,1.152186565385913752e+02,1.390189018399257959e-01,1.390189018399257959e-01,8.441189472836645169e-02
9.775000000000000000e+01,-1.841763208461532741e+00,1.151103179954616706e+02,1.559983837890638325e-01,1.559983837890638325e-01,6.388426311383481326e-02
9.780000000000001137e+01,-1.931498732750667635e+00,1.150004905668175184e+02,9.459483142073633888e-02,9.459483142073633888e-02,2.022465503307415147e-01
9.785000000000000853e+01,-2.018831419862041621e+00,1.148884833404741102e+02,4.871897704519435185e-02,4.871897704519435185e-02,1.605427151143854758e-01
9.790000000000000568e+01,-2.102640270943715972e+00,1.147772763509958622e+02,3.843226908106553430e-02,3.843226908106553430e-02,4.367438323683424384e-02
9.795000000000000284e+01,-2.188890575147952600e+00,1.146617732986308056e+02,1.158008603300320419e-02,1.158008603300320419e-02,1.341744704013413392e-01
9.800000000000000000e+01,-2.275146186206173926e+00,1.145439388517530830e+02,2.221553674968793773e-02,2.221553674968793773e-02,2.270702200799088188e-01
9.805000000000001137e+01,-2.364768810207263705e+00,1.144223859029325467e+02,2.966674702767177138e-02,2.966674702767177138e-02,8.322870601100146315e-02
9.810000000000000853e+01,-2.455979646067261157e+00,1.142992735958870583e+02,-1.592031844537994748e-02,-1.592031844537994748e-02,9.103886226377301549e-02
9.815000000000000568e+01,-2.546966027966211854e+00,1.141725700076385550e+02,-1.243310096886217180e-02,-1.243310096886217180e-02,2.402319568051926590e-01
9.820000000000000284e+01,-2.639579068012528840e+00,1.140439981250092245e+02,6.116829304467405470e-02,6.116829304467405470e-02,1.086106296744429878e-01
9.825000000000000000e+01,-2.734413262103042364e+00,1.139186967797873251e+02,1.179263414396039267e-01,1.179263414396039267e-01,6.866441566957391662e-02
9.830000000000001137e+01,-2.828718220967120445e+00,1.137988635413787790e+02,9.704349409187940090e-02,9.704349409187940090e-02,2.128018463089071388e-01
9.835000000000000853e+01,-2.921097944528430190e+00,1.136797086707398137e+02,8.037536259020938711e-02,8.037536259020938711e-02,1.468101717827329789e-01
9.840000000000000568e+01,-3.010327576943211181e+00,1.135633323222762670e+02,1.254032122034309249e-01,1.254032122034309249e-01,5.270755617561958400e-02
9.845000000000000284e+01,-3.104058101808873094e+00,1.134444604911871011e+02,1.444492890552415976e-01,1.444492890552415976e-01,1.694850038750433385e-01
9.850000000000000000e+01,-3.198529149758005730e+00,1.133259855722397305e+02,8.451540601568501010e-02,8.451540601568501010e-02,1.963479559098576521e-01
9.855000000000001137e+01,-3.292368222222683993e+00,1.132030298920073079e+02,8.134124718041782498e-02,8.134124718041782498e-02,7.277010064374740683e-02
9.860000000000000853e+01,-3.385325201423932118e+00,1.130809159922522156e+02,8.298390956076338865e-02,8.298390956076338865e-02,1.398662555108128314e-01
9.865000000000000568e+01,-3.480793858022237508e+00,1.129553502527610789e+02,4.382446364815395512e-02,4.382446364815395512e-02,2.283364957974017007e-01
9.870000000000000284e+01,-3.574851058771906676e+00,1.128282902642682473e+02,3.738011470856176383e-02,3.738011470856176383e-02,9.242860732239874255e-02
9.875000000000000000e+01,-3.666778962373777873e+00,1.127036210380423427e+02,-2.420420930137039475e-02,-2.420420930137039475e-02,1.194433534470558667e-01
9.880000000000001137e+01,-3.757864275050894154e+00,1.125748422659844721e+02,-4.371074780399123588e-02,-4.371074780399123588e-02,2.528120022365841213e-01
9.885000000000000853e+01,-3.851499149470000827e+00,1.124409748207292949e+02,-5.014561846793026689e-02,-5.014561846793026689e-02,1.027636316070293793e-01
9.890000000000000568e+01,-3.946672338339439534e+00,1.123045923674054052e+02,-9.758327904691051213e-02,-9.758327904691051213e-02,1.051189674467090523e-01
9.895000000000000284e+01,-4.037894944892477689e+00,1.121698172372932873e+02,-1.246872458769172909e-01,-1.246872458769172909e-01,2.539539417316465930e-01
9.900000000000000000e+01,-4.130043808583594434e+00,1.120317256758001747e+02,-2.289489921607202605e-01,-2.289489921607202605e-01,9.441846444266160931e-02
9.905000000000001137e+01,-4.217696911414815730e+00,1.118913020142643546e+02,-1.650050462038341603e-01,-1.650050462038341603e-01,8.925750138556480529e-02
9.910000000000000853e+01,-4.311088526554661904e+00,1.117489679250075909e+02,-7.493973134553612303e-02,-7.493973134553612303e-02,2.454903278845078363e-01
9.915000000000000568e+01,-4.408668116417853611e+00,1.116089393521419169e+02,-1.058228730522745367e-02,-1.058228730522745367e-02,7.633050642860164658e-02
9.920000000000000284e+01,-4.509297613582669229e+00,1.114703884745265441e+02,-9.884174451225435920e-02,-9.884174451225435920e-02,9.940929460544078999e-02
9.925000000000000000e+01,-4.606216790169878728e+00,1.113294844547792763e+02,-3.008100746042006654e-02,-3.008100746042006654e-02,2.288563799243617802e-01
9.930000000000001137e+01,-4.703778204270141927e+00,1.111937652817352813e+02,-2.185414426239569441e-02,-2.185414426239569441e-02,6.242117284210214195e-02
9.935000000000000853e+01,-4.802364108370528406e+00,1.110574258577796058e+02,-2.740018330780908187e-02,-2.740018330780908187e-02,1.074153356765397971e-01
9.940000000000000568e+01,-4.902069864290515611e+00,1.109191524069049848e+02,4.371222060905069484e-02,4.371222060905069484e-02,2.197518827505372530e-01
9.945000000000000284e+01,-5.004156634016192484e+00,1.107837178079995653e+02,-3.279041566789279299e-02,-3.279041566789279299e-02,5.110265694330296676e-02
9.950000000000000000e+01,-5.103182922489217788e+00,1.106459010721868310e+02,-6.335394620297507551e-02,-6.335394620297507551e-02,1.200140682859927033e-01
9.955000000000001137e+01,-5.197146727812532063e+00,1.105124865443820426e+02,-9.874103911638726361e-02,-9.874103911638726361e-02,2.141865098824155544e-01
9.960000000000000853e+01,-5.292247137260424061e+00,1.103746820332421095e+02,-5.815866353582249682e-02,-5.815866353582249682e-02,4.676462309897196079e-02
9.965000000000000568e+01,-5.390379564763930098e+00,1.102364024427951250e+02,1.027377710926308078e-02,1.027377710926308078e-02,1.228024293003660283e-01
9.970000000000000284e+01,-5.489448392480017702e+00,1.101027506660034305e+02,6.598470408381773566e-02,6.598470408381773566e-02,2.078432458698692420e-01
9.975000000000000000e+01,-5.592176616397904532e+00,1.099688012120640508e+02,1.048627520598150453e-01,1.048627520598150453e-01,3.907904007030132271e-02
9.980000000000001137e+01,-5.695622364694433948e+00,1.098370072802722461e+02,1.104251749866133475e-01,1.104251749866133475e-01,1.285640822741498102e-01
9.985000000000000853e+01,-5.799853640290645096e+00,1.097043839367174769e+02,1.002467744601139299e-01,1.002467744601139299e-01,2.003189769376476914e-01
9.990000000000000568e+01,-5.904262704738253653e+00,1.095704202602722717e+02,9.660385423457305831e-02,9.660385423457305831e-02,3.440354779892083881e-02
9.995000000000000284e+01,-6.007316037206567927e+00,1.094377905229954848e+02,1.625716517956850293e-01,1.625716517956850293e-01,1.392879029235712662e-01
1.000000000000000000e+02,-6.112776709255069996e+00,1.093072578919403384e+02,1.468204853775321173e-01,1.468204853775321173e-01,1.937216110711119932e-01
1.000500000000000114e+02,-6.217407344630758281e+00,1.091761928473525529e+02,1.459514007729489360e-01,1.459514007729489360e-01,4.252009346666382750e-02
1.001000000000000085e+02,-6.319470702923151606e+00,1.090482907266904107e+02,1.678627919468828888e-01,1.678627919468828888e-01,1.455040938974254960e-01
1.001500000000000057e+02,-6.423597408326868319e+00,1.089191320471601472e+02,2.149384517518004856e-01,2.149384517518004856e-01,1.978695218822843216e-01
1.002000000000000028e+02,-6.527428884917463314e+00,1.087940651628024966e+02,2.045874180727500768e-01,2.045874180727500768e-01,6.533521675101862380e-02
1.002500000000000000e+02,-6.630160266633779997e+00,1.086692298583561609e+02,1.093778095288683444e-01,1.093778095288683444e-01,1.480116788782041282e-01
1.003000000000000114e+02,-6.727522259378146963e+00,1.085433388030187274e+02,4.344396684285335708e-02,4.344396684285335708e-02,2.177743394918910946e-01
1.003500000000000085e+02,-6.822292941221265394e+00,1.084152448903339661e+02,6.438492028831316327e-02,6.438492028831316327e-02,8.515496521925479401e-02
1.004000000000000057e+02,-6.916856368802974941e+00,1.082892151785047474e+02,7.233182941315198511e-02,7.233182941315198511e-02,1.326999875555862074e-01
1.004500000000000028e+02,-7.013383375701638833e+00,1.081610716677466399e+02,1.222045689111251193e-01,1.222045689111251193e-01,2.375756115034795279e-01
1.005000000000000000e+02,-7.110310862416199029e+00,1.080365664996590311e+02,1.733440551045319078e-01,1.733440551045319078e-01,1.040119800512663006e-01
1.005500000000000114e+02,-7.211656415943787479e+00,1.079101034769549301e+02,6.121846131524648349e-02,6.121846131524648349e-02,1.271376094493661402e-01
1.006000000000000085e+02,-7.310348925157285294e+00,1.077774318998452259e+02,-1.823164062548636444e-02,-1.823164062548636444e-02,2.527566723419651940e-01
1.006500000000000057e+02,-7.404040128752991556e+00,1.076448862659437538e+02,-1.371483270568143176e-01,-1.371483270568143176e-01,1.122477640699076490e-01
1.007000000000000028e+02,-7.492511987928816453e+00,1.075095543856480731e+02,-1.961891413438870135e-01,-1.961891413438870135e-01,1.138158300769725739e-01
1.007500000000000000e+02,-7.578997379348089147e+00,1.073723198491140920e+02,-2.335218034562075717e-01,-2.335218034562075717e-01,2.557718441495421269e-01
1.008000000000000114e+02,-7.665020979259902667e+00,1.072330433309766988e+02,-2.603408474908668890e-01,-2.603408474908668890e-01,9.903387015035047813e-02
1.008500000000000085e+02,-7.753092881815857318e+00,1.070892305355757514e+02,-1.396318298619147746e-01,-1.396318298619147746e-01,8.938608213418028359e-02
1.009000000000000057e+02,-7.849086937283085597e+00,1.069454038731459065e+02,-2.470132043145650269e-01,-2.470132043145650269e-01,2.435527096830046589e-01
1.009500000000000028e+02,-7.939161304668656882e+00,1.068009587943161307e+02,-2.078047425278662930e-01,-2.078047425278662930e-01,7.367117180721052816e-02
1.010000000000000000e+02,-8.030977179241629571e+00,1.066580299516299277e+02,-1.907216587771747573e-01,-1.907216587771747573e-01,9.729297901714416275e-02
1.010500000000000114e+02,-8.125031966487416213e+00,1.065139735938863339e+02,-1.605733617548938397e-01,-1.605733617548938397e-01,2.280475345412365795e-01
1.011000000000000085e+02,-8.222892087364675362e+00,1.063677259761938956e+02,-2.272682199810617809e-01,-2.272682199810617809e-01,5.404131650129544162e-02
1.011500000000000057e+02,-8.318323782774607267e+00,1.062195234398650285e+02,-2.416865301778929886e-01,-2.416865301778929886e-01,1.262740989395972346e-01
1.012000000000000028e+02,-8.413697893915422554e+00,1.060706948797675722e+02,-1.882604687317290804e-01,-1.882604687317290804e-01,2.001594384718518027e-01
1.012500000000000000e+02,-8.511881379552690419e+00,1.059230808290208188e+02,-2.545277583848115088e-01,-2.545277583848115088e-01,4.900885098018222669e-02
1.013000000000000114e+02,-8.608356731329248390e+00,1.057726137387411569e+02,-2.368897912151224638e-01,-2.368897912151224638e-01,1.683512088203788226e-01
1.013500000000000085e+02,-8.704431873479439474e+00,1.056246785456273898e+02,-2.180244009412005690e-01,-2.180244009412005690e-01,1.753783278856786143e-01
1.014000000000000057e+02,-8.801863754604331902e+00,1.054769739930975021e+02,-2.026278047553883022e-01,-2.026278047553883022e-01,7.706480567514401026e-02
1.014500000000000028e+02,-8.899822230526416078e+00,1.053302609516011046e+02,-1.617863310164615598e-01,-1.617863310164615598e-01,2.082866699986997694e-01
1.015000000000000000e+02,-9.001309571490585526e+00,1.051826275832835762e+02,-1.934868999477322438e-01,-1.934868999477322438e-01,1.555304214696988097e-01
1.015500000000000114e+02,-9.102195487552103614e+00,1.050334315716149121e+02,-1.824584862746285174e-01,-1.824584862746285174e-01,1.101251388904154332e-01
1.016000000000000085e+02,-9.203814514305610928e+00,1.048845119882498835e+02,-1.352731221674678685e-01,-1.352731221674678685e-01,2.547210100215203665e-01
1.016500000000000057e+02,-9.307996533447548515e+00,1.047364127103805345e+02,-2.054972614671915776e-01,-2.054972614671915776e-01,1.353684664512258551e-01
1.017000000000000028e+02,-9.409168820672075384e+00,1.045866558664831700e+02,-1.751112937464443520e-01,-1.751112937464443520e-01,1.502124525728906757e-01
1.017500000000000000e+02,-9.512469623790115847e+00,1.044369472674004129e+02,-1.334409357166418397e-01,-1.334409357166418397e-01,2.483493495134813933e-01
1.018000000000000114e+02,-9.619445993845195275e+00,1.042861164945076666e+02,-1.204817609657842792e-01,-1.204817609657842792e-01,1.272278425198485885e-01
1.018500000000000085e+02,-9.730782805660792789e+00,1.041308088095833000e+02,-9.695204157506918941e-02,-9.695204157506918941e-02,2.019670524239801090e-01
1.019000000000000057e+02,-9.841602485598725636e+00,1.039782250896964797e+02,-1.646992549142330675e-01,-1.646992549142330675e-01,1.962262248521383368e-01
1.019500000000000028e+02,-9.948176744261042259e+00,1.038256716865281390e+02,-2.050073383661251136e-01,-2.050073383661251136e-01,1.359307379560518725e-01
1.020000000000000000e+02,-1.005262419669313800e+01,1.036728002001039357e+02,-1.439774292944291656e-01,-1.439774292944291656e-01,2.603560757242941448e-01
1.020500000000000114e+02,-1.015946235654211982e+01,1.035221251510069180e+02,-1.017441770489060232e-01,-1.017441770489060232e-01,1.677667299348479524e-01
1.021000000000000085e+02,-1.026738246638123542e+01,1.033736568298846095e+02,-1.348808841255771662e-01,-1.348808841255771662e-01,1.692520641493338862e-01
1.021500000000000057e+02,-1.037491841939208292e+01,1.032230236303146853e+02,-1.120790253395387015e-01,-1.120790253395387015e-01,2.628860089117550647e-01
1.022000000000000028e+02,-1.048576678867795664e+01,1.030700857681119089e+02,-4.461522640911892018e-02,-4.461522640911892018e-02,1.490794279875044537e-01
1.022500000000000000e+02,-1.059871601481680337e+01,1.029200111727137426e+02,1.711596392054334781e-02,1.711596392054334781e-02,2.130115973591570067e-01
1.023000000000000114e+02,-1.071227172892161938e+01,1.027741081656262736e+02,-6.458826264610363329e-04,-6.458826264610363329e-04,2.081399155491922004e-01
1.023500000000000085e+02,-1.082464763176700373e+01,1.026280468376791362e+02,-1.839904165123650362e-02,-1.839904165123650362e-02,1.380352183851916437e-01
1.024000000000000057e+02,-1.093954818254121975e+01,1.024770590576815721e+02,-1.290951041985795127e-02,-1.290951041985795127e-02,2.555486969513263706e-01
1.024500000000000028e+02,-1.105178478787515139e+01,1.023298427528363703e+02,6.186620693955680733e-02,6.186620693955680733e-02,1.587672139316422815e-01
1.025000000000000000e+02,-1.116486532700923107e+01,1.021875197137755293e+02,7.259129696859036029e-02,7.259129696859036029e-02,1.508039375098502444e-01
1.025500000000000114e+02,-1.127830226976050021e+01,1.020453003203556079e+02,3.291697090487205601e-02,3.291697090487205601e-02,2.539770602684770506e-01
1.026000000000000085e+02,-1.138886796368730003e+01,1.019032427242248957e+02,4.724853445907883226e-02,4.724853445907883226e-02,1.194741103501666124e-01
1.026500000000000057e+02,-1.150080572084928754e+01,1.017603430875843316e+02,1.237475109712365823e-01,1.237475109712365823e-01,1.706664616620518493e-01
1.027000000000000028e+02,-1.161743866214533227e+01,1.016173337766616385e+02,1.705967529313071052e-01,1.705967529313071052e-01,2.017435664611675339e-01
1.027500000000000000e+02,-1.173418339715792236e+01,1.014776129462505168e+02,1.257765038770451704e-01,1.257765038770451704e-01,8.424656908237881936e-02
1.028000000000000114e+02,-1.184923872603198802e+01,1.013358875804853199e+02,1.056976547199625360e-01,1.056976547199625360e-01,2.010059151792762122e-01
1.028500000000000085e+02,-1.196216941254603761e+01,1.011949043229421505e+02,7.189817000575512984e-02,7.189817000575512984e-02,1.469121398266012846e-01
1.029000000000000057e+02,-1.207096834986283085e+01,1.010562572453544448e+02,1.124480142450368508e-01,1.124480142450368508e-01,7.767589750212579303e-02
1.029500000000000028e+02,-1.218010162874871583e+01,1.009202909756033222e+02,1.008750200200470154e-01,1.008750200200470154e-01,2.269979111802069849e-01
1.030000000000000000e+02,-1.229026727745688596e+01,1.007816512609454662e+02,1.109271024017076113e-01,1.109271024017076113e-01,1.111079361416947714e-01
1.030500000000000114e+02,-1.239981559222970731e+01,1.006443744615180265e+02,6.797099833639623501e-02,6.797099833639623501e-02,8.645154883814958058e-02
1.031000000000000085e+02,-1.250661264935136252e+01,1.005068810573004896e+02,9.015779046346170111e-02,9.015779046346170111e-02,2.500875614687342874e-01
1.031500000000000057e+02,-1.261330699994266169e+01,1.003711768078867124e+02,1.461069175271251519e-01,1.461069175271251519e-01,8.123859982562452176e-02
1.032000000000000028e+02,-1.272024210692881852e+01,1.002395865931189434e+02,1.715617135419505446e-01,1.715617135419505446e-01,9.753273210533812410e-02
1.032500000000000000e+02,-1.283114559990147541e+01,1.001044193042037307e+02,2.203003470872290370e-01,2.203003470872290370e-01,2.282125892795988098e-01
1.033000000000000114e+02,-1.294274729252852474e+01,9.997197900401465631e+01,1.832335664609254511e-01,1.832335664609254511e-01,5.502305168407050501e-02
1.033500000000000085e+02,-1.305452114820298348e+01,9.983566880871329374e+01,1.152068916291101169e-01,1.152068916291101169e-01,1.212551573219418644e-01
1.034000000000000057e+02,-1.316414541635191426e+01,9.969611702510665907e+01,8.805009445722339345e-02,8.805009445722339345e-02,1.988482946076776114e-01
1.034500000000000028e+02,-1.327030116814476557e+01,9.955874046225109453e+01,6.199055348163370893e-02,6.199055348163370893e-02,2.954879775896684241e-02
1.035000000000000000e+02,-1.337244260025822129e+01,9.942445565830591647e+01,3.651794040752966847e-02,3.651794040752966847e-02,1.449506002289897566e-01
1.035500000000000114e+02,-1.347171122744258653e+01,9.929182225217643065e+01,4.574181138087111964e-02,4.574181138087111964e-02,1.885980371118720911e-01
1.036000000000000085e+02,-1.357187918099961266e+01,9.915868122138073204e+01,5.099518949013596286e-02,5.099518949013596286e-02,3.012722718319819915e-02
1.036500000000000057e+02,-1.367209172862390965e+01,9.902584652479627891e+01,5.119351747241566303e-02,5.119351747241566303e-02,1.473515926399159570e-01
1.037000000000000028e+02,-1.377382048345614507e+01,9.889086483611234257e+01,-4.599738114431919239e-02,-4.599738114431919239e-02,1.843002391766253023e-01
1.037500000000000000e+02,-1.387186679584761428e+01,9.875259937066182658e+01,-2.894146224346991550e-02,-2.894146224346991550e-02,2.610212803988332803e-02
1.038000000000000114e+02,-1.396720066024004048e+01,9.861962615488651807e+01,5.875760635074429167e-02,5.875760635074429167e-02,1.519639983416441187e-01
1.038500000000000085e+02,-1.406543060251565613e+01,9.849020856974996718e+01,1.113800319652111653e-01,1.113800319652111653e-01,1.853828301673126344e-01
1.039000000000000057e+02,-1.416412932281350479e+01,9.836450507314486913e+01,1.780676893120981819e-01,1.780676893120981819e-01,3.701452751467204649e-02
1.039500000000000028e+02,-1.426446111332643696e+01,9.824200470134272223e+01,1.687119909872394352e-01,1.687119909872394352e-01,1.387335605972123409e-01
1.040000000000000000e+02,-1.436670980791643082e+01,9.811573110905953854e+01,6.783502414205599962e-02,6.783502414205599962e-02,2.054468924776729488e-01
1.040500000000000114e+02,-1.446431619574687133e+01,9.798695012160082740e+01,1.231842592420630128e-01,1.231842592420630128e-01,6.043094086674022369e-02
1.041000000000000085e+02,-1.456539404282538008e+01,9.785799519681296488e+01,1.739472593589718175e-01,1.739472593589718175e-01,1.346431190204568085e-01
1.041500000000000057e+02,-1.466736030903289745e+01,9.773192080623162781e+01,1.978754126446293227e-01,1.978754126446293227e-01,2.183431086209447480e-01
1.042000000000000028e+02,-1.477164537334630090e+01,9.760435662945369018e+01,1.412735797999168375e-01,1.412735797999168375e-01,8.101798293064696455e-02
1.042500000000000000e+02,-1.487380835251506106e+01,9.747453529453623844e+01,1.286516863954285106e-01,1.286516863954285106e-01,1.394075701816048785e-01
1.043000000000000114e+02,-1.497321797790543663e+01,9.734722940023695514e+01,1.063313206793026211e-01,1.063313206793026211e-01,2.294575844526579589e-01
1.043500000000000085e+02,-1.506737566320127542e+01,9.722513050682216829e+01,1.133867453020243471e-01,1.133867453020243471e-01,1.014610836762776941e-01
1.044000000000000057e+02,-1.516352001310700359e+01,9.710072217340095335e+01,1.504006343832333392e-01,1.504006343832333392e-01,1.268576865692025157e-01
1.044500000000000028e+02,-1.526213655599656960e+01,9.697588156214528965e+01,1.474953717957044608e-01,1.474953717957044608e-01,2.587987790129074872e-01
1.045000000000000000e+02,-1.536110235812705938e+01,9.685007140819929816e+01,2.353427817650934339e-01,2.353427817650934339e-01,1.257300083187677664e-01
1.045500000000000114e+02,-1.546311767831660688e+01,9.672731549561375175e+01,2.814064487982165241e-01,2.814064487982165241e-01,1.290455176411179905e-01
1.046000000000000085e+02,-1.556900683177785538e+01,9.660267299872053570e+01,2.639142930257636910e-01,2.639142930257636910e-01,2.659352053071045718e-01
1.046500000000000057e+02,-1.567263971744240258e+01,9.647920638711902086e+01,2.988562794424113878e-01,2.988562794424113878e-01,1.584481853181906319e-01
1.047000000000000028e+02,-1.577668156063893257e+01,9.635773156989931465e+01,3.702012626671867257e-01,3.702012626671867257e-01,1.512275439886048567e-01
1.047500000000000000e+02,-1.588142070956017093e+01,9.624092116654668416e+01,2.970058033443421230e-01,2.970058033443421230e-01,2.670631260261754347e-01
1.048000000000000114e+02,-1.598314607291825773e+01,9.612143151527230600e+01,2.466342537774719457e-01,2.466342537774719457e-01,2.037497889959972996e-01
1.048500000000000085e+02,-1.608237036693216027e+01,9.600066992230986784e+01,2.598016592365272603e-01,2.598016592365272603e-01,1.755595360906845037e-01
1.049000000000000057e+02,-1.618036627803604333e+01,9.588246931590194322e+01,3.312613420608854220e-01,3.312613420608854220e-01,2.609968314473283812e-01
1.049500000000000028e+02,-1.628034632312477825e+01,9.576727761733953059e+01,3.689012358078874176e-01,3.689012358078874176e-01,2.488622364031519152e-01
1.050000000000000000e+02,-1.638078092189561730e+01,9.565420853005660717e+01,3.248577732129333540e-01,3.248577732129333540e-01,2.071878288263082624e-01
1.050500000000000114e+02,-1.647974912123406455e+01,9.553883996015636626e+01,3.386900376607601126e-01,3.386900376607601126e-01,2.623576896333502106e-01
1.051000000000000085e+02,-1.658202428614690049e+01,9.541939186212219681e+01,2.835691987504098677e-01,2.835691987504098677e-01,3.014343611225762110e-01
1.051500000000000057e+02,-1.668316115438754110e+01,9.529624756615696413e+01,2.876995982478027236e-01,2.876995982478027236e-01,2.411492507715681244e-01
1.052000000000000028e+02,-1.678526744216274125e+01,9.517167318851781488e+01,2.922374143858403883e-01,2.922374143858403883e-01,2.768136903053910469e-01
1.052500000000000000e+02,-1.688871720732765525e+01,9.504514865128679446e+01,2.883870557162862558e-01,2.883870557162862558e-01,3.296317400415845755e-01
1.053000000000000114e+02,-1.699018043720302984e+01,9.492084180758564571e+01,2.762866800451250771e-01,2.762866800451250771e-01,2.676897217559879860e-01
1.053500000000000085e+02,-1.709004375463074510e+01,9.479747146706010597e+01,2.287018904393945951e-01,2.287018904393945951e-01,2.921928575376845361e-01
1.054000000000000057e+02,-1.718814185733800315e+01,9.467215482435697993e+01,1.590756565191176475e-01,1.590756565191176475e-01,3.572846183172918022e-01
1.054500000000000028e+02,-1.728542817131329556e+01,9.454160654037730183e+01,1.312085637013444273e-01,1.312085637013444273e-01,2.838470950094345024e-01
1.055000000000000000e+02,-1.738221508406131832e+01,9.440926061719214601e+01,1.056763709109075598e-02,1.056763709109075598e-02,2.931145052164685905e-01
1.055500000000000114e+02,-1.747547146500118842e+01,9.427137785060303088e+01,1.137337593624500182e-01,1.137337593624500182e-01,3.551195974003666933e-01
1.056000000000000085e+02,-1.757141056615513364e+01,9.413905019314969991e+01,1.132936424691971117e-01,1.132936424691971117e-01,2.766128359815541726e-01
1.056500000000000057e+02,-1.766523967171915643e+01,9.400986832763035750e+01,9.640148140530400978e-02,9.640148140530400978e-02,2.823651065146904893e-01
1.057000000000000028e+02,-1.776103673164231012e+01,9.387629832518236128e+01,7.160373190757936268e-02,7.160373190757936268e-02,3.583152425601249802e-01
1.057500000000000000e+02,-1.785542986401978638e+01,9.374268479781336794e+01,8.553309162997485560e-02,8.553309162997485560e-02,2.731698148040129226e-01
1.058000000000000114e+02,-1.794829116309477257e+01,9.361272905152908663e+01,-5.225443004562104789e-03,-5.225443004562104789e-03,2.724237471326605431e-01
1.058500000000000085e+02,-1.803882821403882630e+01,9.347820613009756130e+01,-5.604409876969253940e-02,-5.604409876969253940e-02,3.515858959065822908e-01
1.059000000000000057e+02,-1.813071995757618993e+01,9.333745464408121961e+01,-1.012463715111149298e-01,-1.012463715111149298e-01,2.578934566207289891e-01
1.059500000000000028e+02,-1.822119544287462745e+01,9.319520334395068062e+01,-4.134989502801327682e-02,-4.134989502801327682e-02,2.465685035914537138e-01
1.060000000000000000e+02,-1.831514041042914087e+01,9.305370897514677608e+01,3.242240699337092108e-02,3.242240699337092108e-02,3.311831991817926757e-01
1.060500000000000114e+02,-1.841210775520659482e+01,9.291471205879877004e+01,6.448823546098907122e-02,6.448823546098907122e-02,2.319406043829536634e-01
1.061000000000000085e+02,-1.850723533859678938e+01,9.278144043934152307e+01,1.230192388870038900e-01,1.230192388870038900e-01,2.348071596691682916e-01
1.061500000000000057e+02,-1.860443040075653087e+01,9.265043334160209554e+01,1.038747276271652642e-01,1.038747276271652642e-01,3.276786702722654931e-01
1.062000000000000028e+02,-1.870284805342299705e+01,9.251591937364776186e+01,-1.283601957550117509e-02,-1.283601957550117509e-02,2.310249894771553014e-01
1.062500000000000000e+02,-1.879633777660082927e+01,9.237829558664941487e+01,-1.005264363690353130e-01,-1.005264363690353130e-01,2.288445090398893711e-01
1.063000000000000114e+02,-1.888551991343199887e+01,9.223948704614467431e+01,-1.499531954733119010e-01,-1.499531954733119010e-01,3.160550064672469905e-01
1.063500000000000085e+02,-1.897293566239658702e+01,9.209936058482651333e+01,-1.475755123481057585e-01,-1.475755123481057585e-01,2.041864015017803291e-01
1.064000000000000057e+02,-1.906262378735269891e+01,9.195672679570496655e+01,-1.249960165157019409e-01,-1.249960165157019409e-01,1.968585854293366244e-01
1.064500000000000028e+02,-1.915365927810305280e+01,9.181469412618345416e+01,-2.119552097255952838e-01,-2.119552097255952838e-01,2.912391870043526954e-01
1.065000000000000000e+02,-1.924123416097124561e+01,9.167052947974673316e+01,-2.231348216729977518e-01,-2.231348216729977518e-01,1.664252338807788723e-01
1.065500000000000114e+02,-1.932907238878377498e+01,9.152569606559703175e+01,-2.513316490042908913e-01,-2.513316490042908913e-01,1.660246641397145340e-01
1.066000000000000085e+02,-1.941751474819391987e+01,9.137824926088578081e+01,-2.055688801450178682e-01,-2.055688801450178682e-01,2.580572799952716712e-01
1.066500000000000057e+02,-1.951003781821329142e+01,9.122973345308243154e+01,-1.284610248666181453e-01,-1.284610248666181453e-01,1.186290168973967302e-01
1.067000000000000028e+02,-1.960305103657076842e+01,9.108780739945993332e+01,-2.023627485795874426e-01,-2.023627485795874426e-01,1.497260305467713326e-01
1.067500000000000000e+02,-1.969249040542704776e+01,9.094495439405140758e+01,-1.963898689751387705e-01,-1.963898689751387705e-01,2.297889884285912176e-01
1.068000000000000114e+02,-1.978581957362700550e+01,9.079774752197869248e+01,-1.964279893178592917e-01,-1.964279893178592917e-01,8.194866324610648733e-02
1.068500000000000085e+02,-1.987708096555420312e+01,9.065397411085203316e+01,-2.901292295431940338e-01,-2.901292295431940338e-01,1.427638643640510019e-01
1.069000000000000057e+02,-1.996330363755368964e+01,9.050972719781093190e+01,-3.137718660152328254e-01,-3.137718660152328254e-01,2.047138553480901124e-01
1.069500000000000028e+02,-2.004905086654609647e+01,9.036484186431633248e+01,-3.412241459407976962e-01,-3.412241459407976962e-01,4.215021186119032731e-02
1.070000000000000000e+02,-2.013162129019051960e+01,9.022273950957888644e+01,-2.967120728200546287e-01,-2.967120728200546287e-01,1.312248007741354805e-01
1.070500000000000114e+02,-2.021691948695763585e+01,9.008142480173786737e+01,-2.430558394521225296e-01,-2.430558394521225296e-01,2.017749656169325889e-01
1.071000000000000085e+02,-2.030553636172062681e+01,8.994076271166889569e+01,-1.680179390445994680e-01,-1.680179390445994680e-01,4.008862749179564755e-02
1.071500000000000057e+02,-2.039854656245127273e+01,8.980097884469276437e+01,-1.697529747252685683e-01,-1.697529747252685683e-01,1.343462580782480986e-01
1.072000000000000028e+02,-2.048897316290076631e+01,8.966487883208534981e+01,-1.064638382317554671e-01,-1.064638382317554671e-01,2.047003308592061921e-01
1.072500000000000000e+02,-2.058327699802599753e+01,8.952919669783601364e+01,-5.981489114349861601e-03,-5.981489114349861601e-03,5.293712961808708789e-02
1.073000000000000114e+02,-2.068164573056534294e+01,8.939665799254561307e+01,-5.003597976322159829e-02,-5.003597976322159829e-02,1.336625156585882768e-01
1.073500000000000085e+02,-2.077936755936624635e+01,8.926127124667405610e+01,1.416933212073001602e-02,1.416933212073001602e-02,2.054211558613093513e-01
1.074000000000000057e+02,-2.087992052962517420e+01,8.912752417198937849e+01,9.603777541309095611e-02,9.603777541309095611e-02,5.067774878347045681e-02
1.074500000000000028e+02,-2.098531571417791497e+01,8.899405248188341488e+01,6.681764244042924517e-02,6.681764244042924517e-02,1.391975600086376441e-01
1.075000000000000000e+02,-2.108998265586551923e+01,8.885885579543359825e+01,8.634904649644949137e-02,8.634904649644949137e-02,1.923892815046541471e-01
1.075500000000000114e+02,-2.119555169626233493e+01,8.872389555301323583e+01,2.678825448591293928e-02,2.678825448591293928e-02,2.936001349069770200e-02
1.076000000000000085e+02,-2.129973834600620819e+01,8.858557418497957769e+01,7.901086526374648256e-02,7.901086526374648256e-02,1.553152357830383801e-01
1.076500000000000057e+02,-2.140556185548536661e+01,8.844934159138576035e+01,2.244224559405051389e-01,2.244224559405051389e-01,1.712699669336552599e-01
1.077000000000000028e+02,-2.151841151797193774e+01,8.831562094224325676e+01,2.306373002070080669e-01,2.306373002070080669e-01,5.802799519926848081e-03
1.077500000000000000e+02,-2.162768311934432930e+01,8.818674500886284306e+01,3.191417193744376934e-01,3.191417193744376934e-01,1.727739064016292347e-01
1.078000000000000114e+02,-2.174316051810406947e+01,8.805635511951975047e+01,3.939026479364054478e-01,3.939026479364054478e-01,1.526695172525588395e-01
1.078500000000000085e+02,-2.186016980228907158e+01,8.792945159221176255e+01,3.970802833301912416e-01,3.970802833301912416e-01,4.702489002626097231e-02
1.079000000000000057e+02,-2.197512769630850116e+01,8.780477645624701211e+01,3.152582416307561641e-01,3.152582416307561641e-01,1.987891669130926187e-01
1.079500000000000028e+02,-2.208780482045297333e+01,8.767547226575986485e+01,2.246005906532881624e-01,2.246005906532881624e-01,1.560619800348801434e-01
1.080000000000000000e+02,-2.219902199348771887e+01,8.753981119886499584e+01,2.051033934431583106e-01,2.051033934431583106e-01,9.256273344732547648e-02
1.080500000000000114e+02,-2.230872879227540651e+01,8.740415907089811753e+01,2.131898146996915322e-01,2.131898146996915322e-01,2.317700346320630267e-01
1.081000000000000085e+02,-2.241858922202748161e+01,8.726861504237301403e+01,1.510849413781669703e-01,1.510849413781669703e-01,1.489383917534884694e-01
1.081500000000000057e+02,-2.252622371387774791e+01,8.713047023018646087e+01,1.725465266589108759e-01,1.725465266589108759e-01,1.236521391768862499e-01
1.082000000000000028e+02,-2.263261280907749295e+01,8.699570074851718005e+01,1.551271654449944970e-01,1.551271654449944970e-01,2.613580274849616192e-01
1.082500000000000000e+02,-2.273767495320121768e+01,8.686102993817240758e+01,1.084800717421610800e-01,1.084800717421610800e-01,1.464307715053664860e-01
1.083000000000000114e+02,-2.284251945878191137e+01,8.672241407147781445e+01,2.630096624882770004e-02,2.630096624882770004e-02,1.450241501524694721e-01
1.083500000000000085e+02,-2.294334161426358776e+01,8.658226299647023438e+01,7.464897891726754789e-03,7.464897891726754789e-03,2.668144521475107056e-01
1.084000000000000057e+02,-2.304390212942007210e+01,8.644093812342777028e+01,-2.403819154370251138e-03,-2.403819154370251138e-03,1.316477826925480377e-01
1.084500000000000028e+02,-2.314529131947982066e+01,8.629772003841532069e+01,5.032857880507961984e-02,5.032857880507961984e-02,1.548431722478083861e-01
1.085000000000000000e+02,-2.324846005026885010e+01,8.615670162532906318e+01,-6.295141431020275652e-03,-6.295141431020275652e-03,2.400987397747399166e-01
1.085500000000000114e+02,-2.334791538321795912e+01,8.601604606171746070e+01,3.649568618862183284e-02,3.649568618862183284e-02,1.142517122642215527e-01
1.086000000000000085e+02,-2.345040678048180638e+01,8.587496209368377720e+01,-5.397362265363118972e-02,-5.397362265363118972e-02,1.698052572184333975e-01
1.086500000000000057e+02,-2.354696345814156189e+01,8.573446961170471070e+01,-7.523635164752526250e-02,-7.523635164752526250e-02,2.177985621934555860e-01
1.087000000000000028e+02,-2.364408702089600212e+01,8.559159965798158964e+01,-1.093887982477944054e-01,-1.093887982477944054e-01,9.582187282373855197e-02
1.087500000000000000e+02,-2.373988170242947149e+01,8.544795126115000983e+01,-1.345231819810680796e-01,-1.345231819810680796e-01,1.740802829469552948e-01
1.088000000000000114e+02,-2.383240102612386124e+01,8.530709024688766817e+01,-1.566964641052876750e-01,-1.566964641052876750e-01,1.929192550139517681e-01
1.088500000000000085e+02,-2.392375955682150490e+01,8.516634969003463596e+01,-1.715543518192069739e-01,-1.715543518192069739e-01,6.743421134178546883e-02
1.089000000000000057e+02,-2.401394385291072808e+01,8.502640873994444348e+01,-1.206061571109404013e-01,-1.206061571109404013e-01,1.664647167559004104e-01
1.089500000000000028e+02,-2.410505218935832161e+01,8.488998957461686246e+01,-1.322518219267097839e-01,-1.322518219267097839e-01,1.831654852279662460e-01
1.090000000000000000e+02,-2.419671898166700430e+01,8.475213177668285880e+01,-6.554139395958455405e-02,-6.554139395958455405e-02,4.259304923397926046e-02
1.090500000000000114e+02,-2.429315975306911923e+01,8.461371786697942809e+01,2.637558861572352267e-02,2.637558861572352267e-02,1.617457221218788210e-01
1.091000000000000085e+02,-2.439394170784737881e+01,8.447734229312483478e+01,3.545616198416583209e-02,3.545616198416583209e-02,1.738877421654353994e-01
1.091500000000000057e+02,-2.449706338859017052e+01,8.433850468359658237e+01,1.436711453180607445e-01,1.436711453180607445e-01,3.800519965328541527e-02
1.092000000000000028e+02,-2.460634183850012491e+01,8.420036035203270330e+01,1.812844013980944302e-01,1.812844013980944302e-01,1.844266775977758954e-01
1.092500000000000000e+02,-2.471646154417020469e+01,8.406396932319012194e+01,2.548628136681941325e-01,2.548628136681941325e-01,1.518919349271610764e-01
1.093000000000000114e+02,-2.482901655779239292e+01,8.393011100748938702e+01,2.750030711410819673e-01,2.750030711410819673e-01,7.074516328415113298e-02
1.093500000000000085e+02,-2.493949603712530916e+01,8.380032291438459424e+01,3.290437304675338237e-01,3.290437304675338237e-01,2.153673739400558673e-01
1.094000000000000057e+02,-2.505102276980727538e+01,8.367314382747093759e+01,3.657498338301446439e-01,3.657498338301446439e-01,1.552154105621626479e-01
1.094500000000000028e+02,-2.516447524889662191e+01,8.354576001105840533e+01,4.156261009916811244e-01,4.156261009916811244e-01,1.141025675692480257e-01
1.095000000000000000e+02,-2.527822720041248061e+01,8.342150591227641598e+01,4.522089247283762603e-01,4.522089247283762603e-01,2.442621363487882391e-01
1.095500000000000114e+02,-2.539041903480939055e+01,8.330178707124613879e+01,4.334324953248314127e-01,4.334324953248314127e-01,1.888612357315530843e-01
1.096000000000000085e+02,-2.550109050197171001e+01,8.318176042459631958e+01,4.358578755339506117e-01,4.358578755339506117e-01,1.656412956233597189e-01
1.096500000000000057e+02,-2.561143305692179695e+01,8.306162385518889835e+01,4.244386377020243351e-01,4.244386377020243351e-01,2.689865973055892145e-01
1.097000000000000028e+02,-2.572312520719684059e+01,8.293777521051993062e+01,4.252635401458909614e-01,4.252635401458909614e-01,2.345388472879568476e-01
1.097500000000000000e+02,-2.583562056933874729e+01,8.281208768162257172e+01,5.014608745253827937e-01,5.014608745253827937e-01,2.147414119837432189e-01
1.098000000000000114e+02,-2.594881960251631625e+01,8.269129761939309731e+01,4.872000730170127358e-01,4.872000730170127358e-01,3.070422039425769190e-01
1.098500000000000085e+02,-2.606177379988517018e+01,8.256873402006306151e+01,4.438300219514237921e-01,4.438300219514237921e-01,2.806766929505349339e-01
1.099000000000000057e+02,-2.617062799985664512e+01,8.244755057464870163e+01,4.854822285134078874e-01,4.854822285134078874e-01,2.672065085119791350e-01
1.099500000000000028e+02,-2.628066487316502631e+01,8.232759037122954737e+01,3.988959956299041876e-01,3.988959956299041876e-01,3.433994687104294230e-01
1.100000000000000000e+02,-2.638721594052025665e+01,8.220434092766498679e+01,4.079892117116061256e-01,4.079892117116061256e-01,3.267569304295334098e-01
1.100500000000000114e+02,-2.649336300107658460e+01,8.208193172294066642e+01,3.274392430187642034e-01,3.274392430187642034e-01,3.091776990977498918e-01
1.101000000000000085e+02,-2.659633375967475999e+01,8.195648975781465140e+01,2.712297595729421529e-01,2.712297595729421529e-01,3.665234534091599272e-01
1.101500000000000057e+02,-2.669539829376547502e+01,8.183148667154085842e+01,2.855521371456270496e-01,2.855521371456270496e-01,3.573761172837761069e-01
1.102000000000000028e+02,-2.679622456814617237e+01,8.170485901308089183e+01,1.971389419659979880e-01,1.971389419659979880e-01,3.289604083436125093e-01
1.102500000000000000e+02,-2.689152324299967844e+01,8.157832440554068398e+01,2.261219221348358954e-01,2.261219221348358954e-01,3.702144682200905201e-01
1.103000000000000114e+02,-2.699127377011636852e+01,8.144758835261879426e+01,1.399796579918121953e-01,1.399796579918121953e-01,3.725053540995780788e-01
1.103500000000000085e+02,-2.708643552313994718e+01,8.131586862360803991e+01,8.088252879775653659e-02,8.088252879775653659e-02,3.320847562778497797e-01
1.104000000000000057e+02,-2.718066078135847974e+01,8.118026860734759964e+01,-7.595345951570995485e-03,-7.595345951570995485e-03,3.652749084353086317e-01
1.104500000000000028e+02,-2.727038144893505134e+01,8.104367057420425624e+01,-7.252024265115882950e-04,-7.252024265115882950e-04,3.624213637124852894e-01
1.105000000000000000e+02,-2.736140091908140093e+01,8.090613169697533635e+01,-1.474231442183729923e-01,-1.474231442183729923e-01,3.107886306125212661e-01
1.105500000000000114e+02,-2.744418297125537975e+01,8.076812266420392916e+01,-2.200931059491728070e-01,-2.200931059491728070e-01,3.327191234949569143e-01
1.106000000000000085e+02,-2.752589658507793047e+01,8.062585744815076794e+01,-2.598528055153701000e-01,-2.598528055153701000e-01,3.310713076780650854e-01
1.106500000000000057e+02,-2.760931573474149303e+01,8.047833617252562988e+01,-3.330296011065437267e-01,-3.330296011065437267e-01,2.571664904683242936e-01
1.107000000000000028e+02,-2.769031589412519523e+01,8.032883211118686972e+01,-3.184301361567941635e-01,-3.184301361567941635e-01,2.805103480624995815e-01
1.107500000000000000e+02,-2.777275240222062891e+01,8.017959965956188739e+01,-2.785934995837444639e-01,-2.785934995837444639e-01,2.728263413193001141e-01
1.108000000000000114e+02,-2.785454134152137939e+01,8.003584537968127677e+01,-2.511657117857340471e-01,-2.511657117857340471e-01,1.922807513483791864e-01
1.108500000000000085e+02,-2.793664858435250409e+01,7.989490611203353865e+01,-2.517752220555037335e-01,-2.517752220555037335e-01,2.329017822383993852e-01
1.109000000000000057e+02,-2.802106720133468443e+01,7.975135606055255266e+01,-2.232660976201594205e-01,-2.232660976201594205e-01,2.372401696148294936e-01
1.109500000000000028e+02,-2.810780834078446944e+01,7.960773371434511603e+01,-2.019664739162989331e-01,-2.019664739162989331e-01,1.427384399855262387e-01
1.110000000000000000e+02,-2.819429380467262547e+01,7.946701580487307126e+01,-2.580518919824542068e-01,-2.580518919824542068e-01,2.009494815587176131e-01
1.110500000000000114e+02,-2.827878033294178550e+01,7.932488926281043007e+01,-2.364642667469802062e-01,-2.364642667469802062e-01,2.105761205536475500e-01
1.111000000000000085e+02,-2.836297371338351070e+01,7.918575417450297493e+01,-1.971736486692782231e-01,-1.971736486692782231e-01,9.911323660816259706e-02
1.111500000000000057e+02,-2.845122128582355714e+01,7.904494364221056912e+01,-1.206186798354473705e-01,-1.206186798354473705e-01,1.723101176643585253e-01
1.112000000000000028e+02,-2.854331354254856734e+01,7.890587872021822591e+01,-1.429537641974344131e-01,-1.429537641974344131e-01,1.965268118807868281e-01
1.112500000000000000e+02,-2.863588271280779551e+01,7.876460138174363124e+01,-1.729860905684915406e-01,-1.729860905684915406e-01,6.907634396940211252e-02
1.113000000000000114e+02,-2.872750151946307184e+01,7.862248873712518105e+01,-2.189588253435039711e-01,-2.189588253435039711e-01,1.669267333619203209e-01
1.113500000000000085e+02,-2.881691547912726037e+01,7.847997774099971480e+01,-2.741176138125061001e-01,-2.741176138125061001e-01,1.783173234605640867e-01
1.114000000000000057e+02,-2.890590163021241210e+01,7.833392372465294784e+01,-3.031409694656582166e-01,-3.031409694656582166e-01,3.032389314904710906e-02
1.114500000000000028e+02,-2.899416931391227692e+01,7.818707048439165419e+01,-2.845047107474071302e-01,-2.845047107474071302e-01,1.690703503498972304e-01
1.115000000000000000e+02,-2.908744707205037727e+01,7.803566195147473650e+01,-2.144003955681925977e-01,-2.144003955681925977e-01,1.512716479436594930e-01
1.115500000000000114e+02,-2.918380361677277435e+01,7.788664842869683014e+01,-8.175522599303419735e-02,-8.175522599303419735e-02,2.810147940915022624e-02
1.116000000000000085e+02,-2.928624406121539536e+01,7.774104705475230048e+01,-6.052839341316244154e-02,-6.052839341316244154e-02,2.043813189621286608e-01
1.116500000000000057e+02,-2.938951097857649586e+01,7.759628889403597896e+01,-1.118628898362352408e-01,-1.118628898362352408e-01,1.166309709405827927e-01
1.117000000000000028e+02,-2.949109705428892525e+01,7.744961016690275812e+01,-1.108131523757514281e-01,-1.108131523757514281e-01,6.692287458298745717e-02
1.117500000000000000e+02,-2.959307668418444237e+01,7.730272660876515545e+01,-5.455910142561648524e-02,-5.455910142561648524e-02,2.433206783890300984e-01
1.118000000000000114e+02,-2.969691822087243338e+01,7.715828155585018067e+01,-3.149644404008059007e-02,-3.149644404008059007e-02,8.271199243514217037e-02
1.118500000000000085e+02,-2.980068792609999306e+01,7.701595807661652771e+01,-5.143761369711216669e-02,-5.143761369711216669e-02,1.033229886049238794e-01
1.119000000000000057e+02,-2.990240216284929531e+01,7.687476452250047032e+01,-1.168111781103379210e-01,-1.168111781103379210e-01,2.264018783923655020e-01
1.119500000000000028e+02,-3.000229170104699961e+01,7.673062812917571307e+01,-1.298188922045521304e-02,-1.298188922045521304e-02,6.120910284687149788e-02
1.120000000000000000e+02,-3.010590009534115907e+01,7.659041487818589644e+01,2.692154197248929071e-02,2.692154197248929071e-02,1.307051185545384797e-01
1.120500000000000114e+02,-3.021069467083374249e+01,7.645193333160405302e+01,-5.240406979685638574e-03,-5.240406979685638574e-03,2.007619284133716764e-01
1.121000000000000085e+02,-3.031271619697002606e+01,7.631437928527657277e+01,-7.624762801909192034e-02,-7.624762801909192034e-02,4.279997772128969064e-02
1.121500000000000057e+02,-3.041274190684729817e+01,7.617353132675262373e+01,-5.628335808486784747e-02,-5.628335808486784747e-02,1.506382577531815981e-01
1.122000000000000028e+02,-3.051642301441747307e+01,7.602957620370379743e+01,-1.119398192585101259e-01,-1.119398192585101259e-01,1.775878678435198199e-01
1.122500000000000000e+02,-3.062184903780502054e+01,7.587870595969121723e+01,-1.531246133206136117e-01,-1.531246133206136117e-01,4.406410816967926136e-02
1.123000000000000114e+02,-3.072847502898984473e+01,7.572300142901841014e+01,-1.814097694465949262e-01,-1.814097694465949262e-01,2.051712379244779727e-01
1.123500000000000085e+02,-3.083260146138183089e+01,7.556859410894948326e+01,-2.630434829049620449e-01,-2.630434829049620449e-01,1.253185476203153015e-01
1.124000000000000057e+02,-3.093563619188346792e+01,7.540921808699600604e+01,-1.993508379021045884e-01,-1.993508379021045884e-01,1.034681137398539563e-01
1.124500000000000028e+02,-3.103996803210885247e+01,7.525396715532617975e+01,-1.390727776483527967e-01,-1.390727776483527967e-01,2.445487365480835396e-01
1.125000000000000000e+02,-3.114645720387666827e+01,7.510124077492581307e+01,-1.024713926939043035e-01,-1.024713926939043035e-01,9.326966827760987955e-02
1.125500000000000114e+02,-3.125554610176596526e+01,7.494833523216631477e+01,-1.886384232179141862e-01,-1.886384232179141862e-01,1.645062904710322405e-01
1.126000000000000085e+02,-3.135782802879809239e+01,7.479742823853091238e+01,-2.424911765095367489e-01,-2.424911765095367489e-01,1.955840238683129728e-01
1.126500000000000057e+02,-3.145691930282052695e+01,7.464661221202288743e+01,-2.208213493729365429e-01,-2.208213493729365429e-01,1.006329933465529292e-01
1.127000000000000028e+02,-3.156044047371104710e+01,7.449219751515926191e+01,-2.417934560267172850e-01,-2.417934560267172850e-01,2.211672604548564625e-01
1.127500000000000000e+02,-3.166209792606233009e+01,7.433888913250106611e+01,-3.138495174220705675e-01,-3.138495174220705675e-01,1.683305097375076276e-01
1.128000000000000114e+02,-3.176027393931889620e+01,7.418464213093629667e+01,-3.466093968923692481e-01,-3.466093968923692481e-01,1.438460550061142762e-01
1.128500000000000085e+02,-3.185795960067478561e+01,7.402892816578123814e+01,-4.368458143096287660e-01,-4.368458143096287660e-01,2.840895173996688117e-01
1.129000000000000057e+02,-3.195438419577848066e+01,7.386813248747002092e+01,-4.616246307629857659e-01,-4.616246307629857659e-01,1.737453278297155512e-01
1.129500000000000028e+02,-3.205128645385426722e+01,7.370554391036502295e+01,-4.156388351421113070e-01,-4.156388351421113070e-01,2.176785716249178271e-01
1.130000000000000000e+02,-3.214916444503236193e+01,7.354628897646662722e+01,-4.017578595781998163e-01,-4.017578595781998163e-01,2.704154851838402873e-01
1.130500000000000114e+02,-3.224667545628965826e+01,7.338934974824908863e+01,-4.457194144866361007e-01,-4.457194144866361007e-01,2.094464995827763354e-01
1.131000000000000085e+02,-3.234698269080438138e+01,7.322598968947681897e+01,-3.788097039709970582e-01,-3.788097039709970582e-01,2.934353469285422289e-01
1.131500000000000057e+02,-3.245097531134027236e+01,7.306409542068527685e+01,-3.047618242113960263e-01,-3.047618242113960263e-01,2.649291423770867571e-01
1.132000000000000028e+02,-3.255874320128449995e+01,7.290395968623367651e+01,-2.190177837768240987e-01,-2.190177837768240987e-01,2.571485136537057237e-01
1.132500000000000000e+02,-3.267202183107396962e+01,7.274415858935989831e+01,-2.424115705348674765e-01,-2.424115705348674765e-01,3.360139532928124173e-01
1.133000000000000114e+02,-3.278230824815116051e+01,7.258640665901073419e+01,-1.703419522597518498e-01,-1.703419522597518498e-01,2.560071282430441131e-01
1.133500000000000085e+02,-3.289539811052160445e+01,7.243113328360989556e+01,-1.707270220332913480e-01,-1.707270220332913480e-01,3.004188961225666699e-01
1.134000000000000057e+02,-3.300932826143139209e+01,7.227482173311928193e+01,-1.908248246502604883e-01,-1.908248246502604883e-01,2.936564559767547711e-01
1.134500000000000028e+02,-3.312072551902040374e+01,7.212011455540277893e+01,-1.178044704916486052e-01,-1.178044704916486052e-01,2.617663697925300403e-01
1.135000000000000000e+02,-3.323777620804703758e+01,7.196427072575623640e+01,-1.719996899057172346e-01,-1.719996899057172346e-01,3.514767605934099315e-01
1.135500000000000114e+02,-3.335110181448272471e+01,7.180865854001629600e+01,-2.171098442198150513e-01,-2.171098442198150513e-01,2.643932452326391291e-01
1.136000000000000085e+02,-3.345956680975071862e+01,7.165556580459977454e+01,-3.006189702330427926e-01,-3.006189702330427926e-01,2.882087077217138638e-01
1.136500000000000057e+02,-3.356595564300480561e+01,7.149855666045505131e+01,-2.202842212997931370e-01,-2.202842212997931370e-01,3.241687465969132487e-01
1.137000000000000028e+02,-3.367409453175604739e+01,7.134611589050976477e+01,-2.587013323431838208e-01,-2.587013323431838208e-01,2.706940021798000529e-01
1.137500000000000000e+02,-3.377905806306054615e+01,7.119471907818922318e+01,-2.495256880173239711e-01,-2.495256880173239711e-01,3.337144794451067931e-01
1.138000000000000114e+02,-3.388628869593912896e+01,7.104146859955767468e+01,-2.297654301577761182e-01,-2.297654301577761182e-01,3.057830030714785430e-01
1.138500000000000085e+02,-3.399473218942878106e+01,7.088848964660263618e+01,-2.091418417000646124e-01,-2.091418417000646124e-01,2.910542765000296295e-01
1.139000000000000057e+02,-3.410625523858686137e+01,7.073348382534592815e+01,-1.774226818080705259e-01,-1.774226818080705259e-01,3.735696933448263701e-01
1.139500000000000028e+02,-3.421671899760375624e+01,7.058241045787812595e+01,-1.775737262429811225e-01,-1.775737262429811225e-01,2.912065731737301100e-01
1.140000000000000000e+02,-3.432652508015117121e+01,7.043216636650983276e+01,-2.613246664860686130e-01,-2.613246664860686130e-01,3.159738871048877740e-01
1.140500000000000114e+02,-3.443314821884693799e+01,7.027923776585319615e+01,-2.561401526866346479e-01,-2.561401526866346479e-01,3.416712768558181623e-01
1.141000000000000085e+02,-3.454068811668887662e+01,7.012580419134194187e+01,-2.543113320982149927e-01,-2.543113320982149927e-01,2.960572211127524000e-01
1.141500000000000057e+02,-3.465010448310178504e+01,6.997039525022732676e+01,-2.631319353214983670e-01,-2.631319353214983670e-01,3.600547417100476433e-01
1.142000000000000028e+02,-3.475734678238833908e+01,6.981715679691691889e+01,-1.894032666565021727e-01,-1.894032666565021727e-01,3.238469076921309253e-01
1.142500000000000000e+02,-3.486571444007138609e+01,6.966857544869129981e+01,-1.201393336812293239e-01,-1.201393336812293239e-01,3.137589871004974884e-01
1.143000000000000114e+02,-3.497853282555936971e+01,6.952003583029049594e+01,1.223893083831804063e+00,1.223893083831804063e+00,3.756606293138717301e-01
1.143500000000000085e+02,-3.509425294589741640e+01,6.937645085548763291e+01,1.246550800022552696e+00,1.246550800022552696e+00,2.889751667270475388e-01
1.144000000000000057e+02,-3.521046516529419534e+01,6.923369085514859478e+01,1.277782302500428901e+00,1.277782302500428901e+00,3.054846401569554226e-01
1.144500000000000028e+02,-3.532730480888903202e+01,6.909344132473788136e+01,1.386509501875006878e+00,1.386509501875006878e+00,2.960434214743293269e-01
1.145000000000000000e+02,-3.544209352244717337e+01,6.895371098934140264e+01,1.372274962570278367e+00,1.372274962570278367e+00,2.252619354059570422e-01
1.145500000000000114e+02,-3.555561737495467867e+01,6.881516384225983529e+01,1.327882163698307805e+00,1.327882163698307805e+00,2.806596566773137957e-01
1.146000000000000085e+02,-3.566671329511326149e+01,6.867689532979198930e+01,1.548451552356495231e+00,1.548451552356495231e+00,2.099226898846204004e-01
1.146500000000000057e+02,-3.578036253703191250e+01,6.854028868381061557e+01,1.458649784999933141e+00,1.458649784999933141e+00,1.542631128548354047e-01
1.147000000000000028e+02,-3.588963164833226926e+01,6.840369495373333564e+01,1.449639794628327261e+00,1.449639794628327261e+00,2.579475825489342400e-01
1.147500000000000000e+02,-3.599802443470457547e+01,6.826522126290937820e+01,1.631275275984103157e+00,1.600000000000000089e+00,1.204916137490205791e-01
1.148000000000000114e+02,-3.610748192254288114e+01,6.812336833475242770e+01,1.468995304132616475e+00,1.468995304132616475e+00,1.020630273721166575e-01
1.148500000000000085e+02,-3.620966017149200411e+01,6.797898162122460519e+01,1.609935369056983756e+00,1.600000000000000089e+00,2.321614263627703734e-01
1.149000000000000057e+02,-3.631126757614463685e+01,6.783309054109420799e+01,1.585335335083983832e+00,1.585335335083983832e+00,5.589621305108979227e-02
1.149500000000000028e+02,-3.641100749234642109e+01,6.768200856818049260e+01,1.516020264141817009e+00,1.516020264141817009e+00,1.274936999762944778e-01
1.150000000000000000e+02,-3.650713045106023458e+01,6.752738223315293453e+01,1.609306547553901012e+00,1.600000000000000089e+00,2.015595707105629353e-01
1.150500000000000114e+02,-3.660071326072375086e+01,6.737350318922182169e+01,1.542986829323472531e+00,1.542986829323472531e+00,8.426932545425994125e-02
1.151000000000000085e+02,-3.669109272023450075e+01,6.722072037418216439e+01,1.469284559566769399e+00,1.469284559566769399e+00,1.928071324499300299e-01
1.151500000000000057e+02,-3.677747841909764759e+01,6.706366527082019502e+01,1.617348439728429899e+00,1.600000000000000089e+00,2.077204785746591398e-01
1.152000000000000028e+02,-3.686328696093992363e+01,6.690438139558926878e+01,1.636657864002295071e+00,1.600000000000000089e+00,1.554108878826836737e-01
1.152500000000000000e+02,-3.694912878267500389e+01,6.674382768595089033e+01,1.496665732024356377e+00,1.496665732024356377e+00,2.663671633488550183e-01
1.153000000000000114e+02,-3.702818591484383148e+01,6.658021928548252788e+01,1.580080578363814769e+00,1.580080578363814769e+00,2.366149143932060883e-01
1.153500000000000085e+02,-3.710475083605733460e+01,6.641924407687584164e+01,1.470923497022623039e+00,1.470923497022623039e+00,2.292071583594571249e-01
1.154000000000000057e+02,-3.717609258136688766e+01,6.625731499956145854e+01,1.360824102103633360e+00,1.360824102103633360e+00,3.312810189742667610e-01
1.154500000000000028e+02,-3.724199598157606772e+01,6.609341733973434430e+01,1.344507920413700708e+00,1.344507920413700708e+00,2.774275087019662522e-01
1.155000000000000000e+02,-3.730089505303508446e+01,6.592965626020287573e+01,1.433467793701466153e+00,1.433467793701466153e+00,2.792664118941400320e-01
1.155500000000000114e+02,-3.736324304206870295e+01,6.576560362819876104e+01,1.387032438925092759e+00,1.387032438925092759e+00,3.768607095265337215e-01
1.156000000000000085e+02,-3.742164273205550984e+01,6.559526385390202563e+01,1.418004429425855140e+00,1.418004429425855140e+00,3.119064852383956477e-01
1.156500000000000057e+02,-3.747415086916289084e+01,6.542261267100353450e+01,1.449000613891694211e+00,1.449000613891694211e+00,3.269872106829834757e-01
1.157000000000000028e+02,-3.752527356963388883e+01,6.524234562191576003e+01,1.553772525284607520e+00,1.553772525284607520e+00,3.894303073731656406e-01
1.157500000000000000e+02,-3.757353618102163040e+01,6.506006599146328995e+01,1.466669916365086257e+00,1.466669916365086257e+00,3.331732991944881817e-01
1.158000000000000114e+02,-3.761716839618359387e+01,6.487642799244940761e+01,1.440323543809070905e+00,1.440323543809070905e+00,3.719134319273522116e-01
1.158500000000000085e+02,-3.765786718720450210e+01,6.468878261287606790e+01,1.551411581497811776e+00,1.551411581497811776e+00,3.809824460346731279e-01
1.159000000000000057e+02,-3.769637955350431469e+01,6.450071718710594837e+01,1.620056274424029219e+00,1.600000000000000089e+00,3.542477257901666676e-01
1.159500000000000028e+02,-3.773627383338532582e+01,6.430940824416990154e+01,1.574151433560820657e+00,1.574151433560820657e+00,4.262409749020916738e-01
1.160000000000000000e+02,-3.777297635702247192e+01,6.411613350269611544e+01,1.591929732257067354e+00,1.591929732257067354e+00,3.849420547611316912e-01
1.160500000000000114e+02,-3.780462424013717282e+01,6.392585509481842365e+01,1.570377030001987917e+00,1.570377030001987917e+00,3.971184351857035000e-01
1.161000000000000085e+02,-3.783381794161525136e+01,6.373311847763450544e+01,1.769599837157315614e+00,1.600000000000000089e+00,4.452302427648113792e-01
1.161500000000000057e+02,-3.786070064423212500e+01,6.353294388142209925e+01,1.643547313238707952e+00,1.600000000000000089e+00,4.022607344075865288e-01
1.162000000000000028e+02,-3.788097131101975634e+01,6.333197026619381376e+01,1.553478532942389023e+00,1.553478532942389023e+00,4.490362440509543251e-01
1.162500000000000000e+02,-3.789593838751888910e+01,6.312944220079847213e+01,1.628131101071872200e+00,1.600000000000000089e+00,4.273072293567008462e-01
1.163000000000000114e+02,-3.790519577967836540e+01,6.292470327254059015e+01,1.563219208924687020e+00,1.563219208924687020e+00,4.210092050032884781e-01
1.163500000000000085e+02,-3.790911918809332093e+01,6.271679125875068905e+01,1.658615907429143110e+00,1.600000000000000089e+00,4.630085959643149840e-01
1.164000000000000057e+02,-3.790634329222234555e+01,6.250435893795186360e+01,1.562078310008103488e+00,1.562078310008103488e+00,4.063666712147573357e-01
1.164500000000000028e+02,-3.789822690551461903e+01,6.229124786453180462e+01,1.477507412316491520e+00,1.477507412316491520e+00,4.496244236452031640e-01
1.165000000000000000e+02,-3.788443029203117618e+01,6.207611570470982087e+01,1.656367143192100766e+00,1.600000000000000089e+00,4.011217390665155480e-01
1.165500000000000114e+02,-3.786904335620749862e+01,6.185832362582101496e+01,1.624390681611240117e+00,1.600000000000000089e+00,4.054841750934632949e-01
1.166000000000000085e+02,-3.785088092813947469e+01,6.163897764746400298e+01,1.808960016963265582e+00,1.600000000000000089e+00,4.124815455589665447e-01
1.166500000000000057e+02,-3.783168923348811319e+01,6.141770690106427111e+01,1.867625297715023169e+00,1.600000000000000089e+00,3.816298627477243133e-01
1.167000000000000028e+02,-3.781378802724438515e+01,6.119433737497049464e+01,1.913396556594302522e+00,1.600000000000000089e+00,4.425565267276244108e-01
1.167500000000000000e+02,-3.779268026837064554e+01,6.097513956460311846e+01,1.734088568455116386e+00,1.600000000000000089e+00,3.833631004675071008e-01
1.168000000000000114e+02,-3.776365699768816597e+01,6.075819032682359477e+01,1.649601952598455545e+00,1.600000000000000089e+00,4.339091278742800983e-01
1.168500000000000085e+02,-3.772890978952185748e+01,6.054017809420859919e+01,1.871010563275960825e+00,1.600000000000000089e+00,3.876072179709482146e-01
1.169000000000000057e+02,-3.769495111286931888e+01,6.032036167641011559e+01,1.877143740502870362e+00,1.600000000000000089e+00,4.047484490471701113e-01
1.169500000000000028e+02,-3.765832183704819158e+01,6.009776401660433720e+01,1.982834875330129254e+00,1.600000000000000089e+00,4.108593160693816415e-01
1.170000000000000000e+02,-3.761551609312342492e+01,5.987373241486002939e+01,2.055327370006110321e+00,1.600000000000000089e+00,3.940201558301722473e-01
1.170500000000000114e+02,-3.757100838074254057e+01,5.964465349200973066e+01,2.082663305236962081e+00,1.600000000000000089e+00,4.376760672442971400e-01
1.171000000000000085e+02,-3.751902791109067437e+01,5.941756954405114044e+01,2.015096686122279657e+00,1.600000000000000089e+00,3.943155109071038722e-01
1.171500000000000057e+02,-3.746337321347527194e+01,5.919108113291479611e+01,2.115629741495730798e+00,1.600000000000000089e+00,4.636460642644095187e-01
1.172000000000000028e+02,-3.740417946834504903e+01,5.896606169362666350e+01,2.082825071195260058e+00,1.600000000000000089e+00,3.979962242234513781e-01
1.172500000000000000e+02,-3.734027459503346336e+01,5.873942829606564686e+01,2.130597099426480678e+00,1.600000000000000089e+00,4.561690106405998368e-01
1.173000000000000114e+02,-3.727416418657935537e+01,5.850905982833734242e+01,2.224003435923903815e+00,1.600000000000000089e+00,4.099234955253730495e-01
1.173500000000000085e+02,-3.720511008545582143e+01,5.828145225449851097e+01,2.218623626881464528e+00,1.600000000000000089e+00,4.521064466491354628e-01
1.174000000000000057e+02,-3.713689118211108564e+01,5.805481817112623588e+01,2.387031476463039592e+00,1.600000000000000089e+00,4.348688631308529340e-01
1.174500000000000028e+02,-3.706354698119915270e+01,5.782636179893080453e+01,2.439061252925500689e+00,1.600000000000000089e+00,4.606439721637087814e-01
1.175000000000000000e+02,-3.699047876073716878e+01,5.759617365017835766e+01,2.578362835387690843e+00,1.600000000000000089e+00,4.712764303496063678e-01
1.175500000000000114e+02,-3.691505465931931695e+01,5.736743916959182599e+01,2.541353056967483592e+00,1.600000000000000089e+00,4.863685678813884361e-01
1.176000000000000085e+02,-3.683433876214326830e+01,5.713796407105787978e+01,2.732778762268900152e+00,1.600000000000000089e+00,5.171314118492003065e-01
1.176500000000000057e+02,-3.674812073470438634e+01,5.690639089914333226e+01,2.622858297775299885e+00,1.600000000000000089e+00,5.185727037507509296e-01
1.177000000000000028e+02,-3.665786510129303366e+01,5.667793426001250623e+01,2.797228207385036747e+00,1.600000000000000089e+00,5.619041460782963071e-01
1.177500000000000000e+02,-3.656452921162925662e+01,5.644946757344928301e+01,2.816215890201984706e+00,1.600000000000000089e+00,5.545912505535858239e-01
1.178000000000000114e+02,-3.647084112983497306e+01,5.622075950240746778e+01,2.999498409989849623e+00,1.600000000000000089e+00,6.146877195527687965e-01
1.178500000000000085e+02,-3.637190685184162220e+01,5.599111902667979024e+01,2.885509963687954205e+00,1.600000000000000089e+00,6.036964463155531924e-01
1.179000000000000057e+02,-3.626515468963374644e+01,5.576361415782194797e+01,2.983661593240672705e+00,1.600000000000000089e+00,6.680422021793243070e-01
1.179500000000000028e+02,-3.615429057622801423e+01,5.553907583184155072e+01,2.838363763212758961e+00,1.600000000000000089e+00,6.481673921321304821e-01
1.180000000000000000e+02,-3.603626450716701157e+01,5.531833662415745323e+01,2.875803905294696428e+00,1.600000000000000089e+00,7.133393162591825654e-01
1.180500000000000114e+02,-3.591699999753660677e+01,5.509627219823671851e+01,3.102383371562789094e+00,1.600000000000000089e+00,6.908983767861737180e-01
1.181000000000000085e+02,-3.579379907545155959e+01,5.487286879528944894e+01,3.172850748450047220e+00,1.600000000000000089e+00,7.535819023980515619e-01
1.181500000000000057e+02,-3.566151595227604787e+01,5.464517255836514664e+01,3.465892211405993351e+00,1.600000000000000089e+00,7.429765447289624625e-01
1.182000000000000028e+02,-3.552489999108198049e+01,5.441437737335992608e+01,3.358684972807180813e+00,1.600000000000000089e+00,8.071623884476085697e-01
1.182500000000000000e+02,-3.538737037125216034e+01,5.418791320825773283e+01,1.062384688554262269e+00,1.062384688554262269e+00,7.941406680869572687e-01
1.183000000000000114e+02,-3.524635403914347620e+01,5.396269635528793884e+01,1.012224253320040068e+00,1.012224253320040068e+00,8.435977324113265174e-01
1.183500000000000085e+02,-3.510051576857089373e+01,5.373715822730340363e+01,9.178678897288200522e-01,9.178678897288200522e-01,8.329080441477663133e-01
1.184000000000000057e+02,-3.494976183370720690e+01,5.351417359148651087e+01,8.818456480653369400e-01,8.818456480653369400e-01,8.613253111533881734e-01
1.184500000000000028e+02,-3.479587328794450229e+01,5.329115010382671613e+01,7.898709047928355043e-01,7.898709047928355043e-01,8.568749871654053329e-01
1.185000000000000000e+02,-3.463850240173241701e+01,5.307158089293667302e+01,7.505772759987201503e-01,7.505772759987201503e-01,8.658517520094717312e-01
1.185500000000000114e+02,-3.447883413943023356e+01,5.285266736641091256e+01,7.219164145268733845e-01,7.219164145268733845e-01,8.688669195345969376e-01
1.186000000000000085e+02,-3.432015488157303196e+01,5.263692659542497410e+01,6.659326790732863488e-01,6.659326790732863488e-01,8.628058608604883828e-01
1.186500000000000057e+02,-3.416072851905656194e+01,5.242444822574142194e+01,5.538193241686880652e-01,5.538193241686880652e-01,8.747454976108248736e-01
1.187000000000000028e+02,-3.399764579253428565e+01,5.221609524986769912e+01,5.248272171586294554e-01,5.248272171586294554e-01,8.509135727269589999e-01
1.187500000000000000e+02,-3.383135593977620914e+01,5.200608086359579829e+01,3.449233121856840056e-01,3.449233121856840056e-01,8.674963594392086641e-01
1.188000000000000114e+02,-3.365693621351451270e+01,5.180003547563151756e+01,3.222525030807513735e-01,3.222525030807513735e-01,8.228230616245442164e-01
1.188500000000000085e+02,-3.348082400690488925e+01,5.159281389021106179e+01,2.618065905894051970e-01,2.618065905894051970e-01,8.378967482862006433e-01
1.189000000000000057e+02,-3.330603880286937368e+01,5.139026682044607242e+01,2.163525858747208097e-01,2.163525858747208097e-01,7.849601077948576977e-01
1.189500000000000028e+02,-3.313052787334112281e+01,5.118907141422861429e+01,1.316724346547182012e-01,1.316724346547182012e-01,7.878078557027884399e-01
1.190000000000000000e+02,-3.295156687694787223e+01,5.098911395524701362e+01,7.573639768862523713e-02,7.573639768862523713e-02,7.412011505877235118e-01
1.190500000000000114e+02,-3.277018184967941039e+01,5.078916300211159296e+01,-2.781766768786250385e-02,-2.781766768786250385e-02,7.278557452096120484e-01
1.191000000000000085e+02,-3.258604377827071374e+01,5.059222928156273724e+01,-7.412907337666607699e-02,-7.412907337666607699e-02,6.890985936694240532e-01
1.191500000000000057e+02,-3.240151526917689040e+01,5.039641247127353552e+01,-1.056523023758753760e-01,-1.056523023758753760e-01,6.583988127813542590e-01
1.192000000000000028e+02,-3.221739846172057042e+01,5.020144106596554678e+01,-2.047745333759877773e-01,-2.047745333759877773e-01,6.339818317192480457e-01
1.192500000000000000e+02,-3.202935488251710439e+01,5.000754122689900782e+01,-2.203439097021138160e-01,-2.203439097021138160e-01,5.852244181879493468e-01
1.193000000000000114e+02,-3.184210751301156250e+01,4.981347241006690751e+01,-1.971718050418730939e-01,-1.971718050418730939e-01,5.771261555544417998e-01
1.193500000000000085e+02,-3.165765859852853836e+01,4.961863034028190356e+01,-3.278379724420611430e-01,-3.278379724420611430e-01,5.139758328606910398e-01
1.194000000000000057e+02,-3.146984539924498492e+01,4.942782455517860285e+01,-3.079180350229773766e-01,-3.079180350229773766e-01,5.261478824684825417e-01
1.194500000000000028e+02,-3.128685354323016909e+01,4.923872862761840707e+01,-2.788212244012285845e-01,-2.788212244012285845e-01,4.403673257170875321e-01
1.195000000000000000e+02,-3.110356735947083706e+01,4.904487813720734124e+01,-3.266062181642802043e-01,-3.266062181642802043e-01,4.726074725267917498e-01
1.195500000000000114e+02,-3.091952354997853902e+01,4.885178172291633558e+01,-3.265940227331477486e-01,-3.265940227331477486e-01,3.759989190826693028e-01
1.196000000000000085e+02,-3.073422088697851606e+01,4.865504496502655485e+01,-3.358893877942857875e-01,-3.358893877942857875e-01,3.972192404742825866e-01
1.196500000000000057e+02,-3.055074688571078667e+01,4.845915408767587707e+01,-3.322802538066120803e-01,-3.322802538066120803e-01,3.190258816272434905e-01
1.197000000000000028e+02,-3.037212043163031794e+01,4.826687424653377434e+01,-3.406447107448414835e-01,-3.406447107448414835e-01,3.288637249088111059e-01
1.197500000000000000e+02,-3.019315862131532313e+01,4.807295547208019570e+01,-4.446112189850593976e-01,-4.446112189850593976e-01,2.711657662231351518e-01
1.198000000000000114e+02,-3.001129354110867808e+01,4.788183711321317304e+01,-4.067366459540355250e-01,-4.067366459540355250e-01,2.615456747552995509e-01
1.198500000000000085e+02,-2.983120770916541886e+01,4.768778811072019153e+01,-5.349629410833004473e-01,-5.349629410833004473e-01,2.288734446199812977e-01
1.199000000000000057e+02,-2.964986309178690860e+01,4.750051528321071714e+01,-5.400635162607139161e-01,-5.400635162607139161e-01,1.937769865813129821e-01
1.199500000000000028e+02,-2.946878416071736240e+01,4.731173900512178676e+01,-5.225688367585512584e-01,-5.225688367585512584e-01,1.925917681131773529e-01
1.200000000000000000e+02,-2.929166440895299672e+01,4.712446718010862412e+01,-4.900944598658886209e-01,-4.900944598658886209e-01,1.312818276153193686e-01
1.200500000000000114e+02,-2.911894073115498571e+01,4.693825371377644018e+01,-5.178511279390061173e-01,-5.178511279390061173e-01,1.729756982023984146e-01
1.201000000000000085e+02,-2.894588874847137205e+01,4.675206204245002795e+01,-5.704546568386026362e-01,-5.704546568386026362e-01,9.019367277419397533e-02
1.201500000000000057e+02,-2.877461856273227525e+01,4.657074636746525442e+01,-6.282210008385088473e-01,-6.282210008385088473e-01,1.654532998509683217e-01
1.202000000000000028e+02,-2.860429759618218526e+01,4.639358861087276864e+01,-6.932960856314537290e-01,-6.932960856314537290e-01,8.952785935062677891e-02
1.202500000000000000e+02,-2.843355367160786074e+01,4.621927807259286425e+01,-6.837596672294851130e-01,-6.837596672294851130e-01,1.661336639035438933e-01
1.203000000000000114e+02,-2.826534131643899883e+01,4.604549881260113153e+01,-6.713021554099245503e-01,-6.713021554099245503e-01,1.344476007073342194e-01
1.203500000000000085e+02,-2.809834825293522442e+01,4.587032423866089204e+01,-6.112484938168114557e-01,-6.112484938168114557e-01,1.848258923428757750e-01
1.204000000000000057e+02,-2.793598357193957682e+01,4.569458459093497993e+01,-7.507754391773188152e-01,-7.507754391773188152e-01,1.872263038709250371e-01
1.204500000000000028e+02,-2.776912356044147856e+01,4.552278726078266402e+01,-7.924400344096348414e-01,-7.924400344096348414e-01,2.151475679982963185e-01
1.205000000000000000e+02,-2.760415562526633693e+01,4.535522962526513879e+01,-7.620837705619896152e-01,-7.620837705619896152e-01,2.544437108615837939e-01
1.205500000000000114e+02,-2.744030079006175882e+01,4.518456177138820351e+01,-7.583214616142989195e-01,-7.583214616142989195e-01,2.587316146073120882e-01
1.206000000000000085e+02,-2.727826785735238246e+01,4.501428456122642530e+01,-7.796955948690704741e-01,-7.796955948690704741e-01,3.189825613310906527e-01
1.206500000000000057e+02,-2.711592289711592585e+01,4.484356598528527371e+01,-7.800167018498270766e-01,-7.800167018498270766e-01,3.064546615057563428e-01
1.207000000000000028e+02,-2.695527351857765908e+01,4.467352523984281021e+01,-7.343648088651735240e-01,-7.343648088651735240e-01,3.828103836993972942e-01
1.207500000000000000e+02,-2.679609052428340377e+01,4.449981178428885897e+01,-7.052195916698241751e-01,-7.052195916698241751e-01,3.541199544656143394e-01
1.208000000000000114e+02,-2.663908314790027632e+01,4.432516486181243920e+01,-6.732826969239832371e-01,-6.732826969239832371e-01,4.370564231011878631e-01
1.208500000000000085e+02,-2.648509327218430442e+01,4.415077481562916972e+01,-6.348764241079704052e-01,-6.348764241079704052e-01,3.948034212499247353e-01
1.209000000000000057e+02,-2.633251818286622026e+01,4.397375886710322135e+01,-6.542161756691914354e-01,-6.542161756691914354e-01,4.768080695957231940e-01
1.209500000000000028e+02,-2.617831474599707775e+01,4.379484056273679471e+01,-6.347905483974475294e-01,-6.347905483974475294e-01,4.301957984026718029e-01
1.210000000000000000e+02,-2.602526323593004065e+01,4.361475924769856505e+01,-5.894919827066903428e-01,-5.894919827066903428e-01,4.952791840604442997e-01
1.210500000000000114e+02,-2.587596787882915095e+01,4.343531390681879145e+01,-5.923791672153673193e-01,-5.923791672153673193e-01,4.613386272264369259e-01
1.211000000000000085e+02,-2.572777201749369880e+01,4.325697751851539152e+01,-6.519525234869096852e-01,-6.519525234869096852e-01,5.072434428784784455e-01
1.211500000000000057e+02,-2.557622902808265763e+01,4.307800508812015039e+01,-5.332554722118194590e-01,-5.332554722118194590e-01,4.933834733601139555e-01
1.212000000000000028e+02,-2.542699953026256665e+01,4.289061867831979669e+01,-5.079688109559327147e-01,-5.079688109559327147e-01,5.224203259811242006e-01
1.212500000000000000e+02,-2.527807887387663044e+01,4.270076928085550350e+01,-4.273585261763988008e-01,-4.273585261763988008e-01,5.109560166368388723e-01
1.213000000000000114e+02,-2.513282306020483148e+01,4.250873759769876870e+01,-4.082775757088794588e-01,-4.082775757088794588e-01,5.274838680231083154e-01
1.213500000000000085e+02,-2.498795667610522031e+01,4.231535501079989103e+01,-3.566400910927146062e-01,-3.566400910927146062e-01,5.173406826235206202e-01
1.214000000000000057e+02,-2.484530399534564893e+01,4.212055475592583065e+01,-3.147313649890631782e-01,-3.147313649890631782e-01,5.244952110221556829e-01
1.214500000000000028e+02,-2.470418367002238114e+01,4.192434220438143910e+01,-2.208130685002150928e-01,-2.208130685002150928e-01,5.156027707618290323e-01
1.215000000000000000e+02,-2.456634258879669019e+01,4.172475607404880549e+01,-2.448438229003977451e-01,-2.448438229003977451e-01,5.109635100835738797e-01
1.215500000000000114e+02,-2.442724846175929088e+01,4.152598293795819018e+01,-1.945922267059951027e-01,-1.945922267059951027e-01,5.041607784108992352e-01
1.216000000000000085e+02,-2.428944333361618746e+01,4.132499062030841941e+01,-2.305766191318749658e-01,-2.305766191318749658e-01,4.941166821680549881e-01
1.216500000000000057e+02,-2.414818201489087457e+01,4.112250038093739590e+01,-1.987351624796470373e-01,-1.987351624796470373e-01,4.903379074897862289e-01
1.217000000000000028e+02,-2.400622977265339131e+01,4.091642555484137489e+01,-2.390664371595302706e-01,-2.390664371595302706e-01,4.797725021029415338e-01
1.217500000000000000e+02,-2.386245677473637272e+01,4.071184728105760087e+01,-1.760979696678910411e-01,-1.760979696678910411e-01,4.750683013863923887e-01
1.218000000000000114e+02,-2.372204530639550413e+01,4.050713007604800708e+01,-9.449580430407618359e-02,-9.449580430407618359e-02,4.661336183122110621e-01
1.218500000000000085e+02,-2.358530935294396258e+01,4.030122178885596895e+01,-1.539653114836490172e-02,-1.539653114836490172e-02,4.545436844244064578e-01
1.219000000000000057e+02,-2.345281885726678794e+01,4.009549710756270713e+01,-1.472780491373602320e-02,-1.472780491373602320e-02,4.377637424043173131e-01
1.219500000000000028e+02,-2.331834943841787222e+01,3.988773773450238025e+01,1.933071536801036355e-02,1.933071536801036355e-02,4.257607889645693700e-01
1.220000000000000000e+02,-2.318556556289327020e+01,3.968053585079188395e+01,1.197349639296055729e-01,1.197349639296055729e-01,4.064355627664165693e-01
1.220500000000000114e+02,-2.305806383284094352e+01,3.947339836274480263e+01,1.648923449040567979e-01,1.648923449040567979e-01,3.929803437837058877e-01
1.221000000000000085e+02,-2.293221867726067131e+01,3.926608967500852287e+01,3.412342915568234436e-01,3.412342915568234436e-01,3.622526295440317567e-01
1.221500000000000057e+02,-2.281389548158583480e+01,3.905569993083870628e+01,3.586574342777611446e-01,3.586574342777611446e-01,3.504002760788059168e-01
1.222000000000000028e+02,-2.269649772965088985e+01,3.884714867027259544e+01,4.791772180228894285e-01,4.791772180228894285e-01,2.999598238537177219e-01
1.222500000000000000e+02,-2.258250600613600056e+01,3.863486828573225296e+01,5.308324244549652571e-01,5.308324244549652571e-01,3.039202972016391002e-01
1.223000000000000114e+02,-2.246905219027384604e+01,3.842109738480853309e+01,5.636863124131880065e-01,5.636863124131880065e-01,2.275229799757145510e-01
1.223500000000000085e+02,-2.235449179041130563e+01,3.820520278388141833e+01,6.102723294457764736e-01,6.102723294457764736e-01,2.571097413623186778e-01
1.224000000000000057e+02,-2.223915976102437853e+01,3.798654550867043156e+01,5.965475352938298670e-01,5.965475352938298670e-01,1.553818174899784521e-01
1.224500000000000028e+02,-2.212294453153499418e+01,3.777028475327971790e+01,6.503731782072604828e-01,6.503731782072604828e-01,2.194074920981946564e-01
1.225000000000000000e+02,-2.200744101422981203e+01,3.755271723580501231e+01,6.276607332836482422e-01,6.276607332836482422e-01,8.847856851635604869e-02
1.225500000000000114e+02,-2.188723923934808013e+01,3.733293199327502521e+01,7.337036936729451897e-01,7.337036936729451897e-01,1.979635664795784400e-01
1.226000000000000085e+02,-2.176884962501986820e+01,3.710894837335661123e+01,7.834135676279619931e-01,7.834135676279619931e-01,5.604596036681900456e-02
1.226500000000000057e+02,-2.165154767984876827e+01,3.688479428792231118e+01,7.411032829256151144e-01,7.411032829256151144e-01,1.932335534439452440e-01
1.227000000000000028e+02,-2.153418042292766899e+01,3.666657724320077705e+01,8.100999793147638517e-01,8.100999793147638517e-01,9.385222265421888643e-02
1.227500000000000000e+02,-2.141760349708171418e+01,3.644598968478164380e+01,7.799717653094079273e-01,7.799717653094079273e-01,2.228494578340581289e-01
1.228000000000000114e+02,-2.129985514568679505e+01,3.622867797271342027e+01,7.930608743744824718e-01,7.930608743744824718e-01,1.562703755728855337e-01
1.228500000000000085e+02,-2.118173707388380222e+01,3.601197442744253152e+01,7.966758630446725276e-01,7.966758630446725276e-01,2.684634464658785524e-01
1.229000000000000057e+02,-2.106148276729395974e+01,3.579433186474697237e+01,8.335390300652613105e-01,8.335390300652613105e-01,2.192258214861837196e-01
1.229500000000000028e+02,-2.093967892033711919e+01,3.557380636229895998e+01,9.497116123044483382e-01,9.497116123044483382e-01,3.160092645529825051e-01
1.230000000000000000e+02,-2.082285065471223362e+01,3.535240061591716909e+01,9.095625803866332904e-01,9.095625803866332904e-01,2.891997159165159981e-01
1.230500000000000114e+02,-2.070179881398108179e+01,3.513119505036871715e+01,9.542673080027247456e-01,9.542673080027247456e-01,3.737883401306903997e-01
1.231000000000000085e+02,-2.058158609978115905e+01,3.490962174690243103e+01,9.247992091084062949e-01,9.247992091084062949e-01,3.583040350415104269e-01
1.231500000000000057e+02,-2.045594171376261627e+01,3.468585574670068183e+01,9.064205040868947849e-01,9.064205040868947849e-01,4.284709847932205440e-01
1.232000000000000028e+02,-2.032809610863516170e+01,3.446281656149320582e+01,8.767417016053433709e-01,8.767417016053433709e-01,4.217679811418679758e-01
1.232500000000000000e+02,-2.019580786892003132e+01,3.423858309774710307e+01,8.273593091678147493e-01,8.273593091678147493e-01,4.732232060805564022e-01
1.233000000000000114e+02,-2.005835729437644943e+01,3.401368805149392927e+01,7.416713040703586390e-01,7.416713040703586390e-01,4.759720438723974434e-01
1.233500000000000085e+02,-1.991699912218201618e+01,3.379217865481165006e+01,5.874655133205880508e-01,5.874655133205880508e-01,5.032359815462387198e-01
1.234000000000000057e+02,-1.976912263776978662e+01,3.357593230013902996e+01,5.493069645385362243e-01,5.493069645385362243e-01,5.094912828275607319e-01
1.234500000000000028e+02,-1.962199341278041231e+01,3.336404448495077446e+01,6.018537002920704149e-01,6.018537002920704149e-01,5.140911141845595500e-01
1.235000000000000000e+02,-1.947712399382976756e+01,3.315124220243347253e+01,6.120126459538678398e-01,6.120126459538678398e-01,5.318343030259771176e-01
1.235500000000000114e+02,-1.932978680747989841e+01,3.293543641587744020e+01,5.671661729995673973e-01,5.671661729995673973e-01,5.291554616119142906e-01
1.236000000000000085e+02,-1.918057614284879975e+01,3.272147222415327406e+01,5.124029042578764903e-01,5.124029042578764903e-01,5.560171180941486657e-01
1.236500000000000057e+02,-1.902741198798522859e+01,3.250756479639409235e+01,4.338437327594328319e-01,4.338437327594328319e-01,5.363347117411243481e-01
1.237000000000000028e+02,-1.886939114431298492e+01,3.229429751890260292e+01,3.366409242179995154e-01,3.366409242179995154e-01,5.707835486046914930e-01
1.237500000000000000e+02,-1.870771502299388800e+01,3.208419973719618667e+01,2.368310356480967105e-01,2.368310356480967105e-01,5.282330941943960134e-01
1.238000000000000114e+02,-1.853983381758197524e+01,3.187426393263997682e+01,1.871531276523636933e-01,1.871531276523636933e-01,5.719660177931329414e-01
1.238500000000000085e+02,-1.836933844774215174e+01,3.166446898705780200e+01,1.938929444540274660e-01,1.938929444540274660e-01,5.055195799868485995e-01
1.239000000000000057e+02,-1.819834419080297394e+01,3.145280429771909070e+01,1.592729648238537521e-01,1.592729648238537521e-01,5.343294572051316971e-01
1.239500000000000028e+02,-1.802382827345391192e+01,3.123897064837231241e+01,1.869744511914238905e-01,1.869744511914238905e-01,4.856309473017257905e-01
1.240000000000000000e+02,-1.785179126775449987e+01,3.102503614325812009e+01,1.058818057772273336e-01,1.058818057772273336e-01,4.926384901130901328e-01
1.240500000000000114e+02,-1.768050311645512096e+01,3.081747375819673351e+01,-4.913184050371922906e-03,-4.913184050371922906e-03,4.703107334129798534e-01
1.241000000000000085e+02,-1.750789309731689158e+01,3.061597686724424605e+01,5.194018645377262294e-02,5.194018645377262294e-02,4.501002757091024931e-01
1.241500000000000057e+02,-1.733851575412075618e+01,3.041269540562091578e+01,-2.239280646772584451e-03,-2.239280646772584451e-03,4.475972985521928793e-01
1.242000000000000028e+02,-1.716507895991393440e+01,3.020784175814787886e+01,-1.395202716347835985e-02,-1.395202716347835985e-02,4.099918756506867878e-01
1.242500000000000000e+02,-1.699309174806412415e+01,3.000448542981080635e+01,1.922137620514696027e-02,1.922137620514696027e-02,4.305431659851510773e-01
1.243000000000000114e+02,-1.682267653450415423e+01,2.979930984588839493e+01,-1.956071497270209930e-02,-1.956071497270209930e-02,3.726935947875336108e-01
1.243500000000000085e+02,-1.664995459048018489e+01,2.959342712170769474e+01,-8.084548350704363895e-02,-8.084548350704363895e-02,4.227552261429859404e-01
1.244000000000000057e+02,-1.647668641994401995e+01,2.939061638657536335e+01,-1.775412113376109713e-01,-1.775412113376109713e-01,3.356434959321132339e-01
1.244500000000000028e+02,-1.630000990423737051e+01,2.919005501003962522e+01,-2.646842491535976172e-01,-2.646842491535976172e-01,3.866700079245573018e-01
1.245000000000000000e+02,-1.611806747445256605e+01,2.898844184943974511e+01,-3.052198500655592950e-01,-3.052198500655592950e-01,2.896819691229133298e-01
1.245500000000000114e+02,-1.593875927457743380e+01,2.879152881210658066e+01,-3.275280661235139279e-01,-3.275280661235139279e-01,3.198355439715795945e-01
1.246000000000000085e+02,-1.575871773484912275e+01,2.859369951948922761e+01,-2.875724070924143283e-01,-2.875724070924143283e-01,2.453515534450559643e-01
1.246500000000000057e+02,-1.558471005395816711e+01,2.839843805151460288e+01,-3.085356247025743959e-01,-3.085356247025743959e-01,2.601739266159640573e-01
1.247000000000000028e+02,-1.540884315752247957e+01,2.820095870452017195e+01,-3.639235514376193414e-01,-3.639235514376193414e-01,2.136676182026157056e-01
1.247500000000000000e+02,-1.523240273367567887e+01,2.800563336738356313e+01,-3.401946410863584402e-01,-3.401946410863584402e-01,2.023730506690228359e-01
1.248000000000000114e+02,-1.506006718634645480e+01,2.781194587997404710e+01,-3.248293994555962461e-01,-3.248293994555962461e-01,1.896684928279849525e-01
1.248500000000000085e+02,-1.488772402009736595e+01,2.761545764088797128e+01,-2.975909435756646793e-01,-2.975909435756646793e-01,1.526699525018826165e-01
1.249000000000000057e+02,-1.471707050068666156e+01,2.741749133957156914e+01,-2.579772485922327552e-01,-2.579772485922327552e-01,1.846355743464080101e-01
1.249500000000000028e+02,-1.454889774126293922e+01,2.721821276394897282e+01,-1.713307893175146090e-01,-1.713307893175146090e-01,1.086351185603394998e-01
1.250000000000000000e+02,-1.438636292067961797e+01,2.701808486158668643e+01,-2.553607385619116044e-01,-2.553607385619116044e-01,1.930300353849183637e-01
1.250500000000000114e+02,-1.421957769792161663e+01,2.681851933724436066e+01,-2.395306335786170360e-01,-2.395306335786170360e-01,7.390399719234710951e-02
1.251000000000000085e+02,-1.405524014676100286e+01,2.661985679768752178e+01,-2.807215491635958182e-01,-2.807215491635958182e-01,2.066589544371373044e-01
1.251500000000000057e+02,-1.388974304434655949e+01,2.642214234195803257e+01,-2.933728571040392641e-01,-2.933728571040392641e-01,4.019731674529705701e-02
1.252000000000000028e+02,-1.372197510540487464e+01,2.622139784517844419e+01,-2.970278226565401525e-01,-2.970278226565401525e-01,2.269175860068363138e-01
1.252500000000000000e+02,-1.355217485786650933e+01,2.601715864189410254e+01,-2.508411740081911145e-01,-2.508411740081911145e-01,1.010750131467549016e-02
1.253000000000000114e+02,-1.338264434633876476e+01,2.580835187037680711e+01,-2.029515488963915537e-01,-2.029515488963915537e-01,2.305108627446434688e-01
1.253500000000000085e+02,-1.321314434617011102e+01,2.559468831694165658e+01,-2.946252963841679007e-01,-2.946252963841679007e-01,5.307859287631877532e-02
1.254000000000000057e+02,-1.304383316894855405e+01,2.538837109781986356e+01,-2.179002968610892210e-01,-2.179002968610892210e-01,1.906957118085657599e-01
1.254500000000000028e+02,-1.287993165167611842e+01,2.518202420919519824e+01,-2.185631781387454842e-01,-2.185631781387454842e-01,9.451393694238151288e-02
1.255000000000000000e+02,-1.271613647975271988e+01,2.497524806286922683e+01,-1.943239321614287363e-01,-1.943239321614287363e-01,1.656704312585859928e-01
1.255500000000000114e+02,-1.255137665067946884e+01,2.476446740808270874e+01,-2.717926267857144196e-01,-2.717926267857144196e-01,1.333546313514352988e-01
1.256000000000000085e+02,-1.238298941911200934e+01,2.455476878800753582e+01,-2.937766494072502343e-01,-2.937766494072502343e-01,1.380466410546005163e-01
1.256500000000000057e+02,-1.221346195824159331e+01,2.434460197559241124e+01,-2.818674475079921971e-01,-2.818674475079921971e-01,1.819148917642383068e-01
1.257000000000000028e+02,-1.204246107981833980e+01,2.413054918901893231e+01,-2.961877460455050737e-01,-2.961877460455050737e-01,1.200521076862250403e-01
1.257500000000000000e+02,-1.186979750363663833e+01,2.391465588597241521e+01,-3.271648470475064796e-01,-3.271648470475064796e-01,2.399777795768705257e-01
1.258000000000000114e+02,-1.169698701235912530e+01,2.370044823549066848e+01,-3.786989098676914467e-01,-3.786989098676914467e-01,1.238143441502692066e-01
1.258500000000000085e+02,-1.152309954597265573e+01,2.348831198174396917e+01,-3.505539109396955677e-01,-3.505539109396955677e-01,2.669861769832281295e-01
1.259000000000000057e+02,-1.134894469712913079e+01,2.327235980367094115e+01,-3.991144864753826127e-01,-3.991144864753826127e-01,1.564235864549917143e-01
1.259500000000000028e+02,-1.117285922007599908e+01,2.305700650894782200e+01,-3.617677317924430924e-01,-3.617677317924430924e-01,2.344034421370579935e-01
1.260000000000000000e+02,-1.099699458848022715e+01,2.283770922440644924e+01,-3.654629108774620772e-01,-3.654629108774620772e-01,2.062557268000705379e-01
1.260500000000000114e+02,-1.082222895438024501e+01,2.261947018955538624e+01,-3.795008863133630395e-01,-3.795008863133630395e-01,2.113699520662974396e-01
1.261000000000000085e+02,-1.064732866506847664e+01,2.240144912572535318e+01,-3.858585057118557038e-01,-3.858585057118557038e-01,2.622884602031408385e-01
1.261500000000000057e+02,-1.047050507395374730e+01,2.218037883952769818e+01,-2.596892028993452728e-01,-2.596892028993452728e-01,2.090137008777681604e-01
1.262000000000000028e+02,-1.029822657371085270e+01,2.195398195338204061e+01,-2.710854476978942218e-01,-2.710854476978942218e-01,3.243243887499183131e-01
1.262500000000000000e+02,-1.012631188038616870e+01,2.172881208937969788e+01,-2.689887292800899887e-01,-2.689887292800899887e-01,2.169204528397442044e-01
1.263000000000000114e+02,-9.954887694123369712e+00,2.150383466414471556e+01,-1.791530976149316168e-01,-1.791530976149316168e-01,2.804817056118592000e-01
1.263500000000000085e+02,-9.789876097413253930e+00,2.127994412711244365e+01,-2.009001468536475432e-01,-2.009001468536475432e-01,2.400941164326791943e-01
1.264000000000000057e+02,-9.626578853654221390e+00,2.106049500592642332e+01,-9.780329828105781276e-02,-9.780329828105781276e-02,2.490882570316146072e-01
1.264500000000000028e+02,-9.467424757135304958e+00,2.083791748509237962e+01,-3.962570237534196460e-02,-3.962570237534196460e-02,2.633900497688366205e-01
1.265000000000000000e+02,-9.308075976720761702e+00,2.061026196632924368e+01,-2.935415923970436866e-02,-2.935415923970436866e-02,2.162410598810217133e-01
1.265500000000000114e+02,-9.151489526483096881e+00,2.038625135464628002e+01,-1.972117353417613198e-02,-1.972117353417613198e-02,2.892372532393401863e-01
1.266000000000000085e+02,-8.994303793227100385e+00,2.016107489439640332e+01,-9.433576238080060294e-02,-9.433576238080060294e-02,1.921412846927353091e-01
1.266500000000000057e+02,-8.832899007135557312e+00,1.993692585312841814e+01,-7.726342340135702869e-02,-7.726342340135702869e-02,2.971981766187068441e-01
1.267000000000000028e+02,-8.671309734139153846e+00,1.971128092223463568e+01,-7.064408838738238383e-02,-7.064408838738238383e-02,1.900903928176337909e-01
1.267500000000000000e+02,-8.506784179117818923e+00,1.948116113273884764e+01,-1.419194331989621638e-01,-1.419194331989621638e-01,2.435810863756658340e-01
1.268000000000000114e+02,-8.339446197044079412e+00,1.925358804601363616e+01,-1.950759187557077612e-01,-1.950759187557077612e-01,2.140237247738890625e-01
1.268500000000000085e+02,-8.172557520896511107e+00,1.903136320065938492e+01,-2.088912064647518163e-01,-2.088912064647518163e-01,2.062556846745969841e-01
1.269000000000000057e+02,-8.005521537724639813e+00,1.880998087687058273e+01,-1.486212571277715222e-01,-1.486212571277715222e-01,2.555007727278083562e-01
1.269500000000000028e+02,-7.841362505637198943e+00,1.858725956858112838e+01,-1.826551508110747513e-01,-1.826551508110747513e-01,1.873477986902814807e-01
1.270000000000000000e+02,-7.676164797056157063e+00,1.836605745393513089e+01,-1.955610110408546598e-01,-1.955610110408546598e-01,2.990404121124606851e-01
1.270500000000000114e+02,-7.510724031491737840e+00,1.814553884309970755e+01,-2.340961514798273746e-01,-2.340961514798273746e-01,1.867802519397578354e-01
1.271000000000000085e+02,-7.342526798143394373e+00,1.792428856622770539e+01,-1.943278958658368472e-01,-1.943278958658368472e-01,2.764485512242899068e-01
1.271500000000000057e+02,-7.174030532121141945e+00,1.769884940992385935e+01,-2.117181619399798043e-01,-2.117181619399798043e-01,2.073760211395224151e-01
1.272000000000000028e+02,-7.003997622950736357e+00,1.747261300613746826e+01,-2.893890305617785041e-01,-2.893890305617785041e-01,2.339290349380782064e-01
1.272500000000000000e+02,-6.830437087396808771e+00,1.724793091888921026e+01,-2.455841822210994285e-01,-2.455841822210994285e-01,2.507107744491446910e-01
1.273000000000000114e+02,-6.656477845578455010e+00,1.701837257350128141e+01,-1.649661296451280790e-01,-1.649661296451280790e-01,2.099409906516438440e-01
1.273500000000000085e+02,-6.487355867657166542e+00,1.678846181666053994e+01,-1.058369409792815768e-01,-1.058369409792815768e-01,3.063826375603488361e-01
1.274000000000000057e+02,-6.320775187170207587e+00,1.655708719947590879e+01,-4.812501572819924411e-02,-4.812501572819924411e-02,1.992754032732949598e-01
1.274500000000000028e+02,-6.155917896849560478e+00,1.632341804479121805e+01,-8.185550412079252436e-02,-8.185550412079252436e-02,2.691138986299870250e-01
1.275000000000000000e+02,-5.989432464724794514e+00,1.609085978731773992e+01,-1.052432438407652354e-01,-1.052432438407652354e-01,2.110994287133819980e-01
1.275500000000000114e+02,-5.819424308678176061e+00,1.585562938153726087e+01,-1.669316837442592349e-01,-1.669316837442592349e-01,2.133453122070512742e-01
1.276000000000000085e+02,-5.644487903570575504e+00,1.561896910626492030e+01,-2.226783815325544258e-01,-2.226783815325544258e-01,2.621581466830513740e-01
1.276500000000000057e+02,-5.469787630095332531e+00,1.538752985790000949e+01,-2.128685960133889221e-01,-2.128685960133889221e-01,1.878523060567637293e-01
1.277000000000000028e+02,-5.292984306580887477e+00,1.515198563070148197e+01,-2.853256727211902488e-01,-2.853256727211902488e-01,2.893651931813094880e-01
1.277500000000000000e+02,-5.114734993227997073e+00,1.492053582868785711e+01,-3.147503087905004771e-01,-3.147503087905004771e-01,2.079306773764985627e-01
1.278000000000000114e+02,-4.936209156919315610e+00,1.469081327131492642e+01,-2.615744347097875844e-01,-2.615744347097875844e-01,2.405939778865006373e-01
1.278500000000000085e+02,-4.761190213203525978e+00,1.446094178111049011e+01,-1.869821088716178137e-01,-1.869821088716178137e-01,2.591113660518548079e-01
1.279000000000000057e+02,-4.588423406946292360e+00,1.422745737941486510e+01,-1.230508465583999428e-01,-1.230508465583999428e-01,2.110213498223206807e-01
1.279500000000000028e+02,-4.418710639522487327e+00,1.399276656699013799e+01,-4.626916164442689688e-02,-4.626916164442689688e-02,3.160649607756028101e-01
1.280000000000000000e+02,-4.252082599911674698e+00,1.375603339643654799e+01,-3.935236086310134329e-02,-3.935236086310134329e-02,1.992478663303864084e-01
1.280500000000000114e+02,-4.088070913371382176e+00,1.352300267085898611e+01,-1.585342028946998827e-01,-1.585342028946998827e-01,2.565046088430824045e-01
1.280999999999999943e+02,-3.920895663339619031e+00,1.329637968242667156e+01,-1.228606711922206191e-01,-1.228606711922206191e-01,2.176042143149194419e-01
1.281500000000000057e+02,-3.756485769630584670e+00,1.307063776553532364e+01,-9.714835756592189731e-02,-9.714835756592189731e-02,2.154488630550730754e-01
1.282000000000000171e+02,-3.592453947865872355e+00,1.284334435643238770e+01,-7.580123858736440012e-02,-7.580123858736440012e-02,2.519487363557419424e-01
1.282500000000000000e+02,-3.431203750360715343e+00,1.261842753737686706e+01,-1.654419817391086234e-01,-1.654419817391086234e-01,1.850262637339597505e-01
1.283000000000000114e+02,-3.268019070926751812e+00,1.239887867279153610e+01,-1.479602908747225942e-01,-1.479602908747225942e-01,2.903887746341724529e-01
1.283499999999999943e+02,-3.108476013434039675e+00,1.218297734095131268e+01,-8.144388433545146633e-02,-8.144388433545146633e-02,1.798444709812800080e-01
1.284000000000000057e+02,-2.950946376792885850e+00,1.196415836320963422e+01,-1.043004750141417053e-01,-1.043004750141417053e-01,2.852866309697580927e-01
1.284500000000000171e+02,-2.791648251112654133e+00,1.174505589137258355e+01,-1.069232570994317066e-01,-1.069232570994317066e-01,1.802977047149238454e-01
1.285000000000000000e+02,-2.628640774186861151e+00,1.152103490286822129e+01,-1.146671904030347050e-01,-1.146671904030347050e-01,2.428298595668476334e-01
1.285500000000000114e+02,-2.463212731734647942e+00,1.129438887253570911e+01,-7.160766971601359096e-03,-7.160766971601359096e-03,2.022354667424839936e-01
1.285999999999999943e+02,-2.300395597850101392e+00,1.106223262648210337e+01,-5.283285080309359401e-03,-5.283285080309359401e-03,1.925932092511019600e-01
1.286500000000000057e+02,-2.136580018515426005e+00,1.082903728664252085e+01,-5.283938367424843158e-02,-5.283938367424843158e-02,2.401289227052674780e-01
1.287000000000000171e+02,-1.970022638963087047e+00,1.059661207630546542e+01,3.420131143250360745e-02,3.420131143250360745e-02,1.541587448936257987e-01
1.287500000000000000e+02,-1.806640614726398475e+00,1.036146904334161434e+01,1.384973381675126680e-01,1.384973381675126680e-01,2.758132481304882977e-01
1.288000000000000114e+02,-1.646746627271354901e+00,1.012287912946365331e+01,1.676529690914963511e-01,1.676529690914963511e-01,1.397729246943739956e-01
1.288499999999999943e+02,-1.485925504386978346e+00,9.881489317574223108e+00,2.102411802977675048e-01,2.102411802977675048e-01,1.927705957377927326e-01
1.289000000000000057e+02,-1.327053579614500434e+00,9.640274376661679412e+00,2.355996978036462020e-01,2.355996978036462020e-01,1.674768503133979569e-01
1.289500000000000171e+02,-1.169138888691101386e+00,9.399430934146813854e+00,2.047861516914986912e-01,2.047861516914986912e-01,1.113398456114311763e-01
1.290000000000000000e+02,-1.009501778826118912e+00,9.160074892938991908e+00,2.645463296740430126e-01,2.645463296740430126e-01,2.251941031915783986e-01
1.290500000000000114e+02,-8.528916272720288294e-01,8.920877461245263262e+00,3.497624684510492465e-01,3.497624684510492465e-01,5.370087564497383337e-02
1.290999999999999943e+02,-7.002190130466507956e-01,8.681094430484906255e+00,3.548173141292126354e-01,3.548173141292126354e-01,2.098215587898592249e-01
1.291500000000000057e+02,-5.462643813888448108e-01,8.440614177922686423e+00,3.026709733304763228e-01,3.026709733304763228e-01,7.912283633344402434e-02
1.292000000000000171e+02,-3.909419594667165043e-01,8.204104098548151924e+00,3.192766304765534691e-01,3.192766304765534691e-01,1.348018712178688239e-01
1.292500000000000000e+02,-2.316542473285814474e-01,7.962005168464143523e+00,3.591695309639498235e-01,3.591695309639498235e-01,1.555230407594974384e-01
1.293000000000000114e+02,-7.393061500732192592e-02,7.719871638651545354e+00,3.327265137595559752e-01,3.327265137595559752e-01,6.239295324288841177e-02
1.293499999999999943e+02,8.693524896598078811e-02,7.477026531455230440e+00,2.438645182789708488e-01,2.438645182789708488e-01,2.438994997433664991e-01
1.294000000000000057e+02,2.527309967382760370e-01,7.236142803907692489e+00,3.101386224383846368e-01,3.101386224383846368e-01,6.944551561433849607e-02
1.294500000000000171e+02,4.164573392189049317e-01,6.993256126009684159e+00,3.981120811722760333e-01,3.981120811722760333e-01,1.814479254238438588e-01
1.295000000000000000e+02,5.784606716342388655e-01,6.746335514365779495e+00,3.687074677156938485e-01,3.687074677156938485e-01,1.560855291153581403e-01
1.295500000000000114e+02,7.401331801747768058e-01,6.503526565392363956e+00,3.132756587479107457e-01,3.132756587479107457e-01,1.277627005783963376e-01
1.295999999999999943e+02,9.033682546591379481e-01,6.264302438182830279e+00,3.644728449961474603e-01,3.644728449961474603e-01,2.425924451449257002e-01
1.296500000000000057e+02,1.065424614873220488e+00,6.023230058100262241e+00,4.109477289135903821e-01,4.109477289135903821e-01,1.275716642277445467e-01
1.297000000000000171e+02,1.226860291047673357e+00,5.780128821249589599e+00,3.375204445638503858e-01,3.375204445638503858e-01,2.408475124387369770e-01
1.297500000000000000e+02,1.394040467872680988e+00,5.536684125358267039e+00,2.810511870825690983e-01,2.810511870825690983e-01,1.825855637618307159e-01
1.298000000000000114e+02,1.564403879833006439e+00,5.294511054056748378e+00,2.659653155168826832e-01,2.659653155168826832e-01,1.873648909354204140e-01
1.298499999999999943e+02,1.733719209140982986e+00,5.055436886452670642e+00,2.235809896590752743e-01,2.235809896590752743e-01,2.552798958032470034e-01
1.299000000000000057e+02,1.904992707917404271e+00,4.817741277430616975e+00,2.080760167492800017e-01,2.080760167492800017e-01,1.692542039257329267e-01
1.299500000000000171e+02,2.076613372981215733e+00,4.581128915572051596e+00,1.205945322091293154e-01,1.205945322091293154e-01,2.717381008999835701e-01
1.300000000000000000e+02,2.250085080413747107e+00,4.349448196721239945e+00,1.375996771964524690e-01,1.375996771964524690e-01,1.874954137372475682e-01
1.300500000000000114e+02,2.423101644180579939e+00,4.116845080922334255e+00,1.815223832061079179e-01,1.815223832061079179e-01,2.112409865387303021e-01
1.300999999999999943e+02,2.593321592820016175e+00,3.884198354729818448e+00,1.017987955346975892e-01,1.017987955346975892e-01,2.353629823211797478e-01
1.301500000000000057e+02,2.764740291021257068e+00,3.656597238970860975e+00,2.077275772361266148e-01,2.077275772361266148e-01,1.750923878639583098e-01
1.302000000000000171e+02,2.933450986658056259e+00,3.423683547487684553e+00,2.348570328089879811e-01,2.348570328089879811e-01,2.942587535030257162e-01
1.302500000000000000e+02,3.100952686251760237e+00,3.190322914862099513e+00,1.869263748800057967e-01,1.869263748800057967e-01,1.780760000386376607e-01
1.303000000000000114e+02,3.266788219897219570e+00,2.963273423140410756e+00,3.382261255610591322e-01,3.382261255610591322e-01,2.541831798576547063e-01
1.303499999999999943e+02,3.425287986919525629e+00,2.733454870805621439e+00,3.446819897620424511e-01,3.446819897620424511e-01,2.097310415119512106e-01
1.304000000000000057e+02,3.582753446003372755e+00,2.505078592334583298e+00,3.078734909936765574e-01,3.078734909936765574e-01,2.299772210724852495e-01
1.304500000000000171e+02,3.742754684279320898e+00,2.277091614893579141e+00,2.896051332599742789e-01,2.896051332599742789e-01,2.561774952289646579e-01
1.305000000000000000e+02,3.904773897626131252e+00,2.048503523925952141e+00,3.539235891347006224e-01,3.539235891347006224e-01,2.158754676960518981e-01
1.305500000000000114e+02,4.062788761186954645e+00,1.820200176374113799e+00,4.708276164330018054e-01,4.708276164330018054e-01,3.085804989803977993e-01
1.305999999999999943e+02,4.218422299549628107e+00,1.586121258595574846e+00,5.179961109217449122e-01,5.179961109217449122e-01,2.308298026579689854e-01
1.306500000000000057e+02,4.372416760832409821e+00,1.351311117833871034e+00,5.158937144594537560e-01,5.158937144594537560e-01,3.235099304194857250e-01
1.307000000000000171e+02,4.527090492516566478e+00,1.116918247532362463e+00,4.537104075632340527e-01,4.537104075632340527e-01,2.710777032134293885e-01
1.307500000000000000e+02,4.682879987966328983e+00,8.871208606554050746e-01,4.251174146290168654e-01,4.251174146290168654e-01,3.099207894623797199e-01
1.308000000000000114e+02,4.840245700779393090e+00,6.584183695456462537e-01,3.162696434218190689e-01,3.162696434218190689e-01,3.112773273797729279e-01
1.308499999999999943e+02,5.002304304434141535e+00,4.331956300273788196e-01,3.237523845124340993e-01,3.237523845124340993e-01,2.990208008986215971e-01
1.309000000000000057e+02,5.162939862268545177e+00,2.093830095388054535e-01,3.416265525606245745e-01,3.416265525606245745e-01,2.710928679808778941e-01
1.309500000000000171e+02,5.322262793928646651e+00,-1.396141632152847478e-02,2.616619005530327891e-01,2.616619005530327891e-01,2.287875821813043220e-01
1.310000000000000000e+02,5.486430791016443820e+00,-2.366196184241713962e-01,3.055665898811319448e-01,3.055665898811319448e-01,2.074407546015238080e-01
1.310500000000000114e+02,5.650380856277384289e+00,-4.624570279211459578e-01,2.790521161053346466e-01,2.790521161053346466e-01,2.990127364124391396e-01
1.310999999999999943e+02,5.816073124709155273e+00,-6.881683001674058220e-01,2.059707441518010551e-01,2.059707441518010551e-01,3.522349244065305918e-01
1.311500000000000057e+02,5.984639292789659670e+00,-9.115585252962117302e-01,1.188949139106115910e-01,1.188949139106115910e-01,3.102791419652520255e-01
1.312000000000000171e+02,6.155858833968750332e+00,-1.131498681753015489e+00,6.172502289323351932e-02,6.172502289323351932e-02,3.143185940125193256e-01
1.312500000000000000e+02,6.327205766375957552e+00,-1.347531360178956916e+00,7.462584573241315411e-02,7.462584573241315411e-02,3.185397459769302997e-01
1.313000000000000114e+02,6.494569266074111447e+00,-1.560298471143167109e+00,1.628151525565587343e-01,1.628151525565587343e-01,2.812177215518102402e-01
1.313499999999999943e+02,6.659490352189705753e+00,-1.777595703591022813e+00,1.697699899354234987e-01,1.697699899354234987e-01,3.350079485151604142e-01
1.314000000000000057e+02,6.824239404074352144e+00,-1.995461116042400285e+00,1.466599515249561725e-01,1.466599515249561725e-01,2.663528002916066839e-01
1.314500000000000171e+02,6.991812742996945218e+00,-2.215187646264813903e+00,1.804764864953203318e-01,1.804764864953203318e-01,3.550637997688897984e-01
1.315000000000000000e+02,7.156551114315262474e+00,-2.434364491733981062e+00,1.779444922557583686e-01,1.779444922557583686e-01,2.615085647665273405e-01
1.315500000000000114e+02,7.322953542586089881e+00,-2.655552935755047805e+00,2.019236464312829382e-01,2.019236464312829382e-01,3.163540497538983587e-01
1.315999999999999943e+02,7.490061818213565203e+00,-2.879688083568655799e+00,1.876880513408164253e-01,1.876880513408164253e-01,2.730872945666757978e-01
1.316500000000000057e+02,7.657880687867537617e+00,-3.103646284215605178e+00,2.646291882254826477e-01,2.646291882254826477e-01,2.811584962014442302e-01
1.317000000000000171e+02,7.819453953506775967e+00,-3.326084913556122125e+00,2.967482774742232765e-01,2.967482774742232765e-01,2.996846525012974438e-01
1.317500000000000000e+02,7.980989060745542041e+00,-3.550876200050110842e+00,1.950078072868527135e-01,1.950078072868527135e-01,2.680165593389372547e-01
1.318000000000000114e+02,8.148016815345888730e+00,-3.774128412937974186e+00,2.220143553993890462e-01,2.220143553993890462e-01,3.367095778657830385e-01
1.318499999999999943e+02,8.314313937277496791e+00,-3.998731294132892522e+00,1.715931687290566943e-01,1.715931687290566943e-01,2.587140662847873807e-01
1.319000000000000057e+02,8.481765942181350937e+00,-4.220759197853119815e+00,1.350727498195279375e-01,1.350727498195279375e-01,3.358895384288664854e-01
1.319500000000000171e+02,8.649998433636865158e+00,-4.441023070179287657e+00,1.684400502124196453e-01,1.684400502124196453e-01,2.588375289690969527e-01
1.320000000000000000e+02,8.816117131038506471e+00,-4.661610901812352381e+00,1.100508433630777994e-01,1.100508433630777994e-01,2.958984251421138967e-01
1.320500000000000114e+02,8.985399232674684100e+00,-4.881642590028747009e+00,8.127706285627908644e-02,8.127706285627908644e-02,2.713792216262229107e-01
1.320999999999999943e+02,9.156651376591236513e+00,-5.102196758200194360e+00,3.554523976156318682e-02,3.554523976156318682e-02,2.568897010368308420e-01
1.321500000000000057e+02,9.331671043420504574e+00,-5.324258939510298383e+00,9.847696835274957761e-02,9.847696835274957761e-02,2.944261310291216294e-01
1.322000000000000171e+02,9.504787667372804449e+00,-5.549592834983317680e+00,7.926398630973115200e-02,7.926398630973115200e-02,2.252919599893956071e-01
1.322500000000000000e+02,9.678926931929629163e+00,-5.775037522457551198e+00,4.838276511878268626e-02,4.838276511878268626e-02,3.213320258521223383e-01
1.323000000000000114e+02,9.855505009180564713e+00,-6.001495153761058354e+00,1.005759693703586477e-01,1.005759693703586477e-01,2.165997882480279191e-01
1.323499999999999943e+02,1.002805848399539990e+01,-6.227597438936298246e+00,1.495655493722770624e-01,1.495655493722770624e-01,2.609525194866314513e-01
1.324000000000000057e+02,1.019843233882690292e+01,-6.455196195609923748e+00,8.237960134312823091e-02,8.237960134312823091e-02,2.394975678813600350e-01
1.324500000000000171e+02,1.037184013427095053e+01,-6.681334069947292953e+00,9.245805561886925872e-02,9.245805561886925872e-02,2.173006359196003323e-01
1.325000000000000000e+02,1.054421758092054340e+01,-6.907332730037389901e+00,1.774593482581801052e-01,1.774593482581801052e-01,2.785797629816681997e-01
1.325500000000000114e+02,1.071362371113195522e+01,-7.136725296345058922e+00,1.093901148145837443e-01,1.093901148145837443e-01,1.960183962660236034e-01
1.325999999999999943e+02,1.088474631051168906e+01,-7.362783867408987604e+00,1.176279986303554737e-01,1.176279986303554737e-01,2.946455136597975755e-01
1.326500000000000057e+02,1.105716444023409117e+01,-7.591379241910362730e+00,1.166835368912070153e-01,1.166835368912070153e-01,2.001036939835640072e-01
1.327000000000000171e+02,1.122947302901753197e+01,-7.819952399005559052e+00,1.535389978389607168e-01,1.535389978389607168e-01,2.371726847871666599e-01
1.327500000000000000e+02,1.140184857403499663e+01,-8.051780945409884538e+00,1.322496027667205698e-01,1.322496027667205698e-01,2.351841771623488786e-01
1.328000000000000114e+02,1.157569931100583815e+01,-8.283818062982385655e+00,2.304615458903406244e-01,2.304615458903406244e-01,1.947836124655664969e-01
1.328499999999999943e+02,1.174680857077585472e+01,-8.520442489771593131e+00,3.003169789672804901e-01,3.003169789672804901e-01,2.970468578402393756e-01
1.329000000000000057e+02,1.191499218814183259e+01,-8.758760731683704392e+00,2.597427458413308909e-01,2.597427458413308909e-01,1.961466816953311432e-01
1.329500000000000171e+02,1.208417767796255049e+01,-8.994600662440577210e+00,2.947080705286324043e-01,2.947080705286324043e-01,2.668191945911856378e-01
1.330000000000000000e+02,1.224965315397161092e+01,-9.228248747906613758e+00,2.785730628133459286e-01,2.785730628133459286e-01,2.312190199657412071e-01
1.330500000000000114e+02,1.241774526376092602e+01,-9.463487025060056013e+00,2.397343838399423055e-01,2.397343838399423055e-01,2.310059128358652458e-01
1.330999999999999943e+02,1.258431744339849878e+01,-9.693334894440715388e+00,2.188695320798134392e-01,2.188695320798134392e-01,2.818729917350432101e-01
1.331500000000000057e+02,1.275079845278732193e+01,-9.921193030379219735e+00,2.312063310496925983e-01,2.312063310496925983e-01,2.152926558227498954e-01
1.332000000000000171e+02,1.291689622713305852e+01,-1.014944395067017702e+01,2.883901877971976613e-01,2.883901877971976613e-01,3.226530691445199661e-01
1.332500000000000000e+02,1.307962709858641936e+01,-1.037789124516406147e+01,3.585741374869870213e-01,3.585741374869870213e-01,2.244738242032520148e-01
1.333000000000000114e+02,1.323985512571973011e+01,-1.060846988215502229e+01,3.470521893944686909e-01,3.470521893944686909e-01,2.875988798186813744e-01
1.333499999999999943e+02,1.340207872928498567e+01,-1.084005306702877469e+01,2.550569401511947332e-01,2.550569401511947332e-01,2.601794291314449281e-01
1.334000000000000057e+02,1.357075164310556481e+01,-1.107184255811672458e+01,1.946464756008573216e-01,1.946464756008573216e-01,2.585637034830012837e-01
1.334500000000000171e+02,1.374223518420732937e+01,-1.130215666596209267e+01,3.134603647839827034e-01,3.134603647839827034e-01,3.026950850551430872e-01
1.335000000000000000e+02,1.391045313011138695e+01,-1.153795810006959321e+01,3.770353279666142643e-01,3.770353279666142643e-01,2.433020848117602997e-01
1.335500000000000114e+02,1.407488655745449080e+01,-1.177374991116296599e+01,3.422383548412020748e-01,3.422383548412020748e-01,3.373354819884732403e-01
1.335999999999999943e+02,1.424292755021713752e+01,-1.201069591808869497e+01,3.163995302046890834e-01,3.163995302046890834e-01,2.644628712624714217e-01
1.336500000000000057e+02,1.441212694045996301e+01,-1.224660798379820470e+01,2.098830572071615497e-01,2.098830572071615497e-01,2.959783280130741656e-01
1.337000000000000171e+02,1.458909833512565868e+01,-1.248338964943170915e+01,2.146118742826051418e-01,2.146118742826051418e-01,3.022413090015629300e-01
1.337500000000000000e+02,1.476533270112037322e+01,-1.271974002768281231e+01,2.678002146382604809e-01,2.678002146382604809e-01,2.619248543253043238e-01
1.338000000000000114e+02,1.494254719162205980e+01,-1.296163593898325139e+01,2.722711694925400439e-01,2.722711694925400439e-01,3.534624401302757790e-01
1.338499999999999943e+02,1.512033418007381513e+01,-1.320449931152436207e+01,2.947262553936219054e-01,2.947262553936219054e-01,2.679150706039637453e-01
1.339000000000000057e+02,1.529834641085361113e+01,-1.344932221658562277e+01,2.099494879797108304e-01,2.099494879797108304e-01,2.943703063966042199e-01
1.339500000000000171e+02,1.547913449763027138e+01,-1.369065527479998501e+01,1.391811940735124264e-01,1.391811940735124264e-01,3.119318441741724124e-01
1.340000000000000000e+02,1.566197339649888676e+01,-1.392903250812969418e+01,1.842709518753202769e-01,1.842709518753202769e-01,2.574547583997637279e-01
1.340500000000000114e+02,1.584298710482766026e+01,-1.416912693905543996e+01,1.679810828818838198e-01,1.679810828818838198e-01,3.350813016214782003e-01
1.340999999999999943e+02,1.602290398913341463e+01,-1.440675942670590892e+01,8.049531087602802837e-02,8.049531087602802837e-02,2.623137151313917892e-01
1.341500000000000057e+02,1.620584700808012713e+01,-1.464142205096017513e+01,4.368140522911656554e-02,4.368140522911656554e-02,2.701105621761455966e-01
1.342000000000000171e+02,1.638968489504074810e+01,-1.487481424890746240e+01,1.209330424544075543e-02,1.209330424544075543e-02,2.938293404489270011e-01
1.342500000000000000e+02,1.657609850317447098e+01,-1.510957039254570411e+01,-6.196523337817788288e-03,-6.196523337817788288e-03,2.239876849817358795e-01
1.343000000000000114e+02,1.676186695234708779e+01,-1.534281368253162903e+01,-1.112341544486847716e-01,-1.112341544486847716e-01,3.019683487639306940e-01
1.343499999999999943e+02,1.695205301513754748e+01,-1.557397103387520154e+01,-1.144935669223843128e-01,-1.144935669223843128e-01,2.145738518924188432e-01
1.344000000000000057e+02,1.714228510198114108e+01,-1.580608366068991977e+01,-4.992612876392573534e-02,-4.992612876392573534e-02,2.133245587820561950e-01
1.344500000000000171e+02,1.733295386207583633e+01,-1.604510990221590205e+01,-1.113966273899141685e-01,-1.113966273899141685e-01,2.592543944266811895e-01
1.345000000000000000e+02,1.752553958948666235e+01,-1.628245907683967530e+01,-1.030685736498975907e-01,-1.030685736498975907e-01,1.575104951861177327e-01
1.345500000000000114e+02,1.771581132489825805e+01,-1.651857181892943061e+01,-8.670358138689077121e-02,-8.670358138689077121e-02,2.366439577038609576e-01
1.345999999999999943e+02,1.790617649361725583e+01,-1.675710774416675264e+01,-1.628399501813271033e-01,-1.628399501813271033e-01,1.781898230555886420e-01
1.346500000000000057e+02,1.810007478077219645e+01,-1.699486145619573563e+01,-2.035297060670240299e-01,-2.035297060670240299e-01,1.385839746852781385e-01
1.347000000000000171e+02,1.829102190744677969e+01,-1.722657459946558234e+01,-1.935386123414950255e-01,-1.935386123414950255e-01,2.513050651877599129e-01
1.347500000000000000e+02,1.848163037428832212e+01,-1.745987500431990469e+01,-2.654596374168686213e-01,-2.654596374168686213e-01,9.547944646697312243e-02
1.348000000000000114e+02,1.867395899055565422e+01,-1.769062461247784768e+01,-1.979521470213452261e-01,-1.979521470213452261e-01,1.755580802784580674e-01
1.348499999999999943e+02,1.886677579950753625e+01,-1.792895409677405993e+01,-2.021178376740003224e-01,-2.021178376740003224e-01,1.570877361653250370e-01
1.349000000000000057e+02,1.905906496462608857e+01,-1.816729075314071551e+01,-2.253181263075619001e-01,-2.253181263075619001e-01,6.260487439301315460e-02
1.349500000000000171e+02,1.925066560282686368e+01,-1.840379973269931213e+01,-2.356873159161804732e-01,-2.356873159161804732e-01,2.363908714264420230e-01
1.350000000000000000e+02,1.944249571509366348e+01,-1.864080982438924750e+01,-2.015314091793511397e-01,-2.015314091793511397e-01,7.280964031027117866e-02
1.350500000000000114e+02,1.962998121448097066e+01,-1.887589550716076303e+01,-2.003928701749704555e-01,-2.003928701749704555e-01,1.244472902040073686e-01
1.350999999999999943e+02,1.981636415284667763e+01,-1.911044868370658634e+01,-2.804335333683377618e-01,-2.804335333683377618e-01,1.752191203962544519e-01
1.351500000000000057e+02,2.000538230318070632e+01,-1.934265247923826792e+01,-2.657109492134717699e-01,-2.657109492134717699e-01,2.662910959002284458e-02
1.352000000000000171e+02,2.019439652124003359e+01,-1.957718230669150827e+01,-1.923431086875422025e-01,-1.923431086875422025e-01,2.169201305312438155e-01
1.352500000000000000e+02,2.038062061692761162e+01,-1.981509667100917227e+01,-2.248706214240287216e-01,-2.248706214240287216e-01,9.473843361331153734e-02
1.353000000000000114e+02,2.056486258298187408e+01,-2.004819997484116811e+01,-2.209509015190863623e-01,-2.209509015190863623e-01,1.205555682928401984e-01
1.353499999999999943e+02,2.074834741419327955e+01,-2.028134282291429713e+01,-2.423573573306698203e-01,-2.423573573306698203e-01,1.936839671322309886e-01
1.354000000000000057e+02,2.093150799108452986e+01,-2.051291633436787620e+01,-2.876117674085472142e-01,-2.876117674085472142e-01,6.690909676470752077e-02
1.354500000000000171e+02,2.111730643515413774e+01,-2.074502619652735902e+01,-4.200538485052375259e-01,-4.200538485052375259e-01,2.259271574449276676e-01
1.355000000000000000e+02,2.130466393316922691e+01,-2.096889582273043828e+01,-3.056931066966258048e-01,-3.056931066966258048e-01,1.228519124406421831e-01
1.355500000000000114e+02,2.148468082386765587e+01,-2.119368312570744095e+01,-3.021191303867278299e-01,-3.021191303867278299e-01,1.660580569357285596e-01
1.355999999999999943e+02,2.166388284881867321e+01,-2.141848793313321409e+01,-2.879972360877803284e-01,-2.879972360877803284e-01,1.964908270622168218e-01
1.356500000000000057e+02,2.184297185752340908e+01,-2.164514961975652341e+01,-4.115089416419061008e-01,-4.115089416419061008e-01,1.335832244800006230e-01
1.357000000000000171e+02,2.202975542540953668e+01,-2.187271293466248423e+01,-4.139648978385955247e-01,-4.139648978385955247e-01,2.833445615901418746e-01
1.357500000000000000e+02,2.221635578036477909e+01,-2.210097955079694287e+01,-4.514026471530355744e-01,-4.514026471530355744e-01,1.606813900050270694e-01
1.358000000000000114e+02,2.240354107452589361e+01,-2.232796796422912067e+01,2.454289939410578825e+00,1.600000000000000089e+00,2.351881285859156179e-01
1.358499999999999943e+02,2.259065257533320903e+01,-2.255137149246935380e+01,2.377461154552092282e+00,1.600000000000000089e+00,2.121163437040847477e-01
1.359000000000000057e+02,2.277722817354156959e+01,-2.277197189867173677e+01,2.544281571396703967e+00,1.600000000000000089e+00,1.952776623683414592e-01
1.359500000000000171e+02,2.296035494732836213e+01,-2.298949747638558705e+01,2.484202610194200300e+00,1.600000000000000089e+00,2.539916334610199389e-01
1.360000000000000000e+02,2.314592050693587311e+01,-2.320491497835227435e+01,2.725329331693859380e+00,1.600000000000000089e+00,1.581328147192855582e-01
1.360500000000000114e+02,2.333327317552373259e+01,-2.342043534763374524e+01,2.997370570188952144e+00,1.600000000000000089e+00,2.900678062173284721e-01
1.360999999999999943e+02,2.351616906282857045e+01,-2.363651092949843147e+01,3.044081888588261897e+00,1.600000000000000089e+00,1.181826067927776308e-01
1.361500000000000057e+02,2.370050677063996503e+01,-2.385350544462913547e+01,3.289949706011505715e+00,1.600000000000000089e+00,2.147052369577776565e-01
1.362000000000000171e+02,2.388829548218573251e+01,-2.407020492253361965e+01,3.321573492491812107e+00,1.600000000000000089e+00,9.947309825023468999e-02
1.362500000000000000e+02,2.408003717179976988e+01,-2.428705810587384306e+01,3.540254980818602792e+00,1.600000000000000089e+00,1.385240881089393195e-01
1.363000000000000114e+02,2.427566056972079522e+01,-2.450213703984813307e+01,3.616813816909040913e+00,1.600000000000000089e+00,1.530411906929652621e-01
1.363499999999999943e+02,2.447363127830044860e+01,-2.471853714027497517e+01,3.883521553310266938e+00,1.600000000000000089e+00,1.122152324931990908e-01
1.364000000000000057e+02,2.467792069988518477e+01,-2.493414908213323500e+01,3.765115164728592756e+00,1.600000000000000089e+00,2.528437701327685416e-01
1.364500000000000171e+02,2.488185641948832938e+01,-2.514433086776263337e+01,4.070094936816362363e+00,1.600000000000000089e+00,1.865189132641618397e-01
1.365000000000000000e+02,2.508654530444617592e+01,-2.535494099470814788e+01,4.427473503482602268e+00,1.600000000000000089e+00,3.479243369872579428e-01
1.365500000000000114e+02,2.529471950586116691e+01,-2.556731246020069293e+01,4.577179246675532553e+00,1.600000000000000089e+00,3.137266314019766522e-01
1.365999999999999943e+02,2.550421119853060148e+01,-2.578230564810363390e+01,4.810626868375690535e+00,1.600000000000000089e+00,4.303005518226915571e-01
1.366500000000000057e+02,2.571177808143838917e+01,-2.599505852547573070e+01,4.711641698029046310e+00,1.600000000000000089e+00,4.727266559620664776e-01
1.367000000000000171e+02,2.592195350126226927e+01,-2.620214358065420157e+01,4.964616011464062950e+00,1.600000000000000089e+00,5.651429974087044394e-01
1.367500000000000000e+02,2.614008311111713567e+01,-2.640612883328327598e+01,5.085302908612661099e+00,1.600000000000000089e+00,6.355223055664896981e-01
1.368000000000000114e+02,2.636241679067210342e+01,-2.661083379730530396e+01,5.331047234332704221e+00,1.600000000000000089e+00,7.163874428393257610e-01
1.368499999999999943e+02,2.658663173219111897e+01,-2.681275363632078523e+01,5.313401139240879978e+00,1.600000000000000089e+00,8.111300606571610894e-01
1.369000000000000057e+02,2.681653155342128159e+01,-2.701047401433255146e+01,5.593616178731313227e+00,1.600000000000000089e+00,8.854867093475764506e-01
1.369500000000000171e+02,2.704901376289810955e+01,-2.720606975473116051e+01,5.718442412330902336e+00,1.600000000000000089e+00,9.920474955597020639e-01
1.370000000000000000e+02,2.728233177158798028e+01,-2.740272678709312970e+01,5.975535854306881944e+00,1.600000000000000089e+00,1.071413617039183475e+00
1.370500000000000114e+02,2.751624489477906366e+01,-2.759678670560361979e+01,6.024798014618185427e+00,1.600000000000000089e+00,1.190969830465865575e+00
1.370999999999999943e+02,2.775373686021789865e+01,-2.778860361529713074e+01,6.147842929306929882e+00,1.600000000000000089e+00,1.275477831530522410e+00
1.371500000000000057e+02,2.799494536759418395e+01,-2.797274544346297986e+01,6.206761833887155078e+00,1.600000000000000089e+00,1.394668134133349113e+00
1.372000000000000171e+02,2.823963133155371352e+01,-2.815481866764981689e+01,6.667376599695424844e+00,1.600000000000000089e+00,1.480696623805396461e+00
1.372500000000000000e+02,2.848688317711726370e+01,-2.833929855154952193e+01,6.695469412428414202e+00,1.600000000000000089e+00,1.608435955368521242e+00
1.373000000000000114e+02,2.873843495383462354e+01,-2.852013193719657025e+01,7.075181524545079981e+00,1.600000000000000089e+00,1.705246904185792722e+00
1.373499999999999943e+02,2.899340091509824902e+01,-2.870024775357611091e+01,7.204732940242278616e+00,1.600000000000000089e+00,1.836304075375028821e+00
1.374000000000000057e+02,2.924894197347457947e+01,-2.888096032645074729e+01,3.910736613620564128e+00,1.600000000000000089e+00,1.936058239652490798e+00
1.374500000000000171e+02,2.950728863183745432e+01,-2.905091175323322261e+01,3.793791502879316990e+00,1.600000000000000089e+00,2.046725127868342931e+00
1.375000000000000000e+02,2.976946487128872221e+01,-2.921225934200653640e+01,3.787378723835637118e+00,1.600000000000000089e+00,2.139492360852559560e+00
1.375500000000000114e+02,3.003209743432618239e+01,-2.937003078259790456e+01,3.713236296314530005e+00,1.600000000000000089e+00,2.228495622777634022e+00
1.375999999999999943e+02,3.030001052379865101e+01,-2.952138627482735700e+01,3.732627984243975572e+00,1.600000000000000089e+00,2.322327912457189836e+00
1.376500000000000057e+02,3.056573522793742015e+01,-2.967079627990685609e+01,3.624215489020360170e+00,1.600000000000000089e+00,2.394575499742332969e+00
1.377000000000000171e+02,3.083654280384399371e+01,-2.981256676198869826e+01,3.655671714802539718e+00,1.600000000000000089e+00,2.475061733656197305e+00
1.377500000000000000e+02,3.110793293080091004e+01,-2.995319955692347946e+01,3.641271251834133249e+00,1.600000000000000089e+00,2.544631099519309547e+00
1.378000000000000114e+02,3.137789354203662029e+01,-3.009093078452541548e+01,3.511445948439451570e+00,1.600000000000000089e+00,2.613558893254925408e+00
1.378499999999999943e+02,3.164823713422655160e+01,-3.022077921819708379e+01,3.480801897894759467e+00,1.600000000000000089e+00,2.683635692565879527e+00
1.379000000000000057e+02,3.192464681277686012e+01,-3.034676448128196924e+01,3.413232419555713104e+00,1.600000000000000089e+00,2.732806568798811675e+00
1.379500000000000171e+02,3.220685710359105514e+01,-3.046736949045568821e+01,3.335065142558153450e+00,1.600000000000000089e+00,2.789297145921862064e+00
1.380000000000000000e+02,3.249135471273726239e+01,-3.058263445226106825e+01,3.300131782214474008e+00,1.600000000000000089e+00,2.831988832130624356e+00
1.380500000000000114e+02,3.277990664795452602e+01,-3.069441220881740406e+01,3.266527073750809862e+00,1.600000000000000089e+00,2.870663667828236676e+00
1.380999999999999943e+02,3.306881296190378805e+01,-3.080332794415788200e+01,3.143797391755563719e+00,1.600000000000000089e+00,2.918570179164903244e+00
1.381500000000000057e+02,3.336026928366808875e+01,-3.090518846646451223e+01,3.098393193913463683e+00,1.600000000000000089e+00,2.939363326631698747e+00
1.382000000000000171e+02,3.365198183067431614e+01,-3.100398242419106865e+01,3.085579000915647185e+00,1.600000000000000089e+00,2.969173062284085951e+00
1.382500000000000000e+02,3.394874957317161090e+01,-3.110058257799532555e+01,3.098551745679128722e+00,1.600000000000000089e+00,2.996182495966233539e+00
1.383000000000000114e+02,3.424981631580897101e+01,-3.119634421367313237e+01,3.051808553116961420e+00,1.600000000000000089e+00,3.013098650963146330e+00
1.383499999999999943e+02,3.455167499842006862e+01,-3.128912355219489783e+01,2.999349825253628588e+00,1.600000000000000089e+00,3.037638980457847637e+00
1.384000000000000057e+02,3.485901791308705100e+01,-3.137801171868548167e+01,2.995836469404373315e+00,1.600000000000000089e+00,3.050092746498986429e+00
1.384500000000000171e+02,3.516460808710903052e+01,-3.146654224326105265e+01,2.917712817800766079e+00,1.600000000000000089e+00,3.061323734229734583e+00
1.385000000000000000e+02,3.547695852378571857e+01,-3.154990395200007569e+01,2.795298631595792838e+00,1.600000000000000089e+00,3.075798856577820040e+00
1.385500000000000114e+02,3.578953869109692221e+01,-3.162729139887084884e+01,2.693036767951568766e+00,1.600000000000000089e+00,3.072956089925147793e+00
1.385999999999999943e+02,3.610170581858091055e+01,-3.169991557473891319e+01,2.602327017176107926e+00,1.600000000000000089e+00,3.068686781401186447e+00
1.386500000000000057e+02,3.641353837534650495e+01,-3.176843466764125523e+01,2.488855557157351406e+00,1.600000000000000089e+00,3.070510821820195524e+00
1.387000000000000171e+02,3.672352697859552251e+01,-3.183214947343503809e+01,2.426068340926974543e+00,1.600000000000000089e+00,3.051890259556014673e+00
1.387500000000000000e+02,3.703757766799645168e+01,-3.189255329100515723e+01,2.387372535879909385e+00,1.600000000000000089e+00,3.037248147481002025e+00
1.388000000000000114e+02,3.735437952219719193e+01,-3.195115786673005687e+01,2.284372625178979987e+00,1.600000000000000089e+00,3.027102094466802118e+00
1.388499999999999943e+02,3.767160849872794870e+01,-3.200538165946426261e+01,2.195675751487705440e+00,1.600000000000000089e+00,2.997246222330335996e+00
1.389000000000000057e+02,3.799210620120036452e+01,-3.205555568679595524e+01,2.157294989661707074e+00,1.600000000000000089e+00,2.972613157220097779e+00
1.389500000000000171e+02,3.831225664405083364e+01,-3.210488841131694215e+01,2.121266512427741446e+00,1.600000000000000089e+00,2.950377896114363629e+00
1.390000000000000000e+02,3.863296565931467796e+01,-3.215336897438029951e+01,2.126078242759738668e+00,1.600000000000000089e+00,2.915254635533869099e+00
1.390500000000000114e+02,3.895667065951047192e+01,-3.220260685593979133e+01,2.039410924773914502e+00,1.600000000000000089e+00,2.890081387453234285e+00
1.390999999999999943e+02,3.928176836902032676e+01,-3.224846714246351809e+01,1.932810562407852428e+00,1.600000000000000089e+00,2.861767777533661850e+00
1.391500000000000057e+02,3.960680971540134720e+01,-3.229034832098615482e+01,1.812590030972961230e+00,1.600000000000000089e+00,2.819826126263127453e+00
1.392000000000000171e+02,3.993419560889698516e+01,-3.232734288034306047e+01,1.631271192098611600e+00,1.600000000000000089e+00,2.782619099121521167e+00
1.392500000000000000e+02,4.025860203438409712e+01,-3.235747868044190056e+01,1.518693300824975001e+00,1.518693300824975001e+00,2.737867292948524156e+00
1.393000000000000114e+02,4.058084204288338270e+01,-3.238419209846961877e+01,1.410825051552131892e+00,1.410825051552131892e+00,2.682428843443490862e+00
1.393499999999999943e+02,4.090512723081951663e+01,-3.240719742954546945e+01,1.322331735215172888e+00,1.322331735215172888e+00,2.634282043839338616e+00
1.394000000000000057e+02,4.122741375936400487e+01,-3.242819890077755929e+01,1.119798022999221043e+00,1.119798022999221043e+00,2.577700746626316874e+00
1.394500000000000171e+02,4.154880627369586676e+01,-3.244144067484909044e+01,9.319025738288371219e-01,9.319025738288371219e-01,2.511185843722495203e+00
1.395000000000000000e+02,4.186697734179229968e+01,-3.244820538288942657e+01,8.290712282055222593e-01,8.290712282055222593e-01,2.452460156838430549e+00
1.395500000000000114e+02,4.218190897086480362e+01,-3.245291686097164785e+01,7.539654489206963905e-01,7.539654489206963905e-01,2.375339767143878511e+00
1.395999999999999943e+02,4.249840625066426014e+01,-3.245646218058248422e+01,6.514812688285797071e-01,6.514812688285797071e-01,2.304760827389671363e+00
1.396500000000000057e+02,4.281485501549826722e+01,-3.245775060288163161e+01,4.437702503215160132e-01,4.437702503215160132e-01,2.239906318391887030e+00
1.397000000000000171e+02,4.312892784248837330e+01,-3.245184229636436868e+01,2.463761254897346709e-01,2.463761254897346709e-01,2.150475617009234064e+00
1.397500000000000000e+02,4.344269252996608088e+01,-3.243933278974324708e+01,6.716807065868285465e-02,6.716807065868285465e-02,2.071665075708495785e+00
1.398000000000000114e+02,4.375095611837201659e+01,-3.242178250363947001e+01,-3.570846306676411092e-02,-3.570846306676411092e-02,1.979126714999761116e+00
1.398499999999999943e+02,4.405933278462379832e+01,-3.240277055045356747e+01,-1.870969557332299860e-01,-1.870969557332299860e-01,1.885868118182705278e+00
1.399000000000000057e+02,4.437081721725177630e+01,-3.237985084306768613e+01,-3.333361776019815870e-01,-3.333361776019815870e-01,1.802787812127926381e+00
1.399500000000000171e+02,4.468571106546539085e+01,-3.235359955046578051e+01,-4.126599946358559534e-01,-4.126599946358559534e-01,1.689843080589536584e+00
1.400000000000000000e+02,4.500001216568799123e+01,-3.232774946063324251e+01,-4.480384931052279751e-01,-4.480384931052279751e-01,1.599575988610977939e+00
1.400500000000000114e+02,4.531301743374594793e+01,-3.230450567620358271e+01,-5.816315535066727271e-01,-5.816315535066727271e-01,1.500449164042618522e+00
1.400999999999999943e+02,4.562879291820289041e+01,-3.227890192614511733e+01,-6.490221355208869447e-01,-6.490221355208869447e-01,1.397157455786306235e+00
1.401500000000000057e+02,4.594550248883249566e+01,-3.225444749875730821e+01,-7.095809270172016570e-01,-7.095809270172016570e-01,1.319544145115331135e+00
1.402000000000000171e+02,4.626017208835333605e+01,-3.223139569765248069e+01,-8.141675801131774692e-01,-8.141675801131774692e-01,1.202272065819236957e+00
1.402500000000000000e+02,4.657433324822800103e+01,-3.220753843258817284e+01,-8.063588348795128757e-01,-8.063588348795128757e-01,1.114678793512782873e+00
1.403000000000000114e+02,4.689028876301095039e+01,-3.218866748149361001e+01,-8.824165123933630506e-01,-8.824165123933630506e-01,1.023507698339872984e+00
1.403499999999999943e+02,4.720653891306047711e+01,-3.217037153111289172e+01,-8.911870049093267854e-01,-8.911870049093267854e-01,9.209043468212863015e-01
1.404000000000000057e+02,4.752365823139248135e+01,-3.215606427504324216e+01,-9.330889938993175425e-01,-9.330889938993175425e-01,8.626955433720415733e-01
1.404500000000000171e+02,4.784145688181079237e+01,-3.214395456130399964e+01,-1.009040267251253509e+00,-1.009040267251253509e+00,7.494183446604454346e-01
1.405000000000000000e+02,4.816062836847812889e+01,-3.213237867606348175e+01,-1.143720499114377898e+00,-1.143720499114377898e+00,6.684292110482971117e-01
1.405500000000000114e+02,4.848163466670357735e+01,-3.211852640781332724e+01,-1.227308550259305964e+00,-1.227308550259305964e+00,6.041311546141253652e-01
1.405999999999999943e+02,4.880387531366573484e+01,-3.210504613608755875e+01,-1.236616813463853992e+00,-1.236616813463853992e+00,4.820161050764213417e-01
1.406500000000000057e+02,4.912852899586477662e+01,-3.209586585268095860e+01,-1.270046856878189967e+00,-1.270046856878189967e+00,4.305919449098761786e-01
1.407000000000000171e+02,4.945172492711650136e+01,-3.208901392456700563e+01,-1.386347257873659755e+00,-1.386347257873659755e+00,3.461445555996371382e-01
1.407500000000000000e+02,4.977392567621282637e+01,-3.208029598725542542e+01,-1.352609601780055293e+00,-1.352609601780055293e+00,2.333586164478962111e-01
1.408000000000000114e+02,5.009609243877112306e+01,-3.207743841240312577e+01,-1.498430549104615928e+00,-1.498430549104615928e+00,2.679344273921038244e-01
1.408499999999999943e+02,5.041366972829592896e+01,-3.207024798569823076e+01,-1.571836369992585025e+00,-1.571836369992585025e+00,1.112664199438521961e-01
1.409000000000000057e+02,5.073101179375318992e+01,-3.206335763318456600e+01,-1.690366643175784445e+00,-1.600000000000000089e+00,1.022756594700500593e-01
1.409500000000000171e+02,5.104986443744041225e+01,-3.205491701780606206e+01,-1.576632983154947709e+00,-1.576632983154947709e+00,2.266254624793728745e-01
1.410000000000000000e+02,5.136824224161305352e+01,-3.205613350035248033e+01,-1.550973091454065589e+00,-1.550973091454065589e+00,1.687191044161151232e-01
1.410500000000000114e+02,5.168291068338475469e+01,-3.206130660343190186e+01,-1.571051359009293602e+00,-1.571051359009293602e+00,2.889464301685000236e-01
1.410999999999999943e+02,5.199562683965911702e+01,-3.206831372749817888e+01,-1.654343461808406079e+00,-1.600000000000000089e+00,3.331854509068187808e-01
1.411500000000000057e+02,5.230661661885440594e+01,-3.207388741038450064e+01,-1.654828465695742157e+00,-1.600000000000000089e+00,3.739138667013516271e-01
1.412000000000000171e+02,5.261544073443833014e+01,-3.208206930740340823e+01,-1.666911328283740001e+00,-1.600000000000000089e+00,4.989157288104542620e-01
1.412500000000000000e+02,5.291971348391454200e+01,-3.209135146002823546e+01,-1.625432402796626485e+00,-1.600000000000000089e+00,4.999854703903489628e-01
1.413000000000000114e+02,5.321920649237717527e+01,-3.210417409496997720e+01,-1.528901928343826766e+00,-1.528901928343826766e+00,5.741917478754317017e-01
1.413499999999999943e+02,5.351765739662761945e+01,-3.212427099798523500e+01,-1.502312136765521888e+00,-1.502312136765521888e+00,6.231170934815761786e-01
1.414000000000000057e+02,5.381312919666407169e+01,-3.214709053880705625e+01,-1.483431585618164572e+00,-1.483431585618164572e+00,6.548676303195306581e-01
1.414500000000000171e+02,5.410613014943060506e+01,-3.217221675618203847e+01,-1.449851846425334267e+00,-1.449851846425334267e+00,7.357310574575217643e-01
1.415000000000000000e+02,5.439713623783489993e+01,-3.220041149313329498e+01,-1.437102774363515856e+00,-1.437102774363515856e+00,7.383880821552157858e-01
1.415500000000000114e+02,5.468574101583670455e+01,-3.223027599007885158e+01,-1.322436485631676595e+00,-1.322436485631676595e+00,7.962796098759913344e-01
1.415999999999999943e+02,5.497239420293177403e+01,-3.226712860763367274e+01,-1.330668792664883027e+00,-1.330668792664883027e+00,8.154045870723011236e-01
1.416500000000000057e+02,5.525897859080345853e+01,-3.230496085028580211e+01,-1.263546844576496131e+00,-1.263546844576496131e+00,8.438857526854273150e-01
1.417000000000000171e+02,5.554290693574405680e+01,-3.234667675090917527e+01,-1.254577745731763061e+00,-1.254577745731763061e+00,8.848259978813669546e-01
1.417500000000000000e+02,5.582500789602378433e+01,-3.238934260551863531e+01,-1.148475904263307479e+00,-1.148475904263307479e+00,8.893586010024708832e-01
1.418000000000000114e+02,5.610444221153304767e+01,-3.243765518140389048e+01,-1.121197819797714823e+00,-1.121197819797714823e+00,9.372057144827907749e-01
1.418499999999999943e+02,5.638111953637260854e+01,-3.248715893735512594e+01,-1.107629098824916447e+00,-1.107629098824916447e+00,9.256915701783772210e-01
1.419000000000000057e+02,5.665642836860747167e+01,-3.253758607171413786e+01,-1.050242755150239571e+00,-1.050242755150239571e+00,9.549728710880639460e-01
1.419500000000000171e+02,5.693027845767382900e+01,-3.259115641647112938e+01,-9.716275781071103124e-01,-9.716275781071103124e-01,9.586406384435265382e-01
1.420000000000000000e+02,5.720084318438643578e+01,-3.264811626421401058e+01,-8.913617677411859175e-01,-8.913617677411859175e-01,9.663705280025778332e-01
1.420500000000000114e+02,5.746644242089261923e+01,-3.270769923822128078e+01,-8.171705006052645270e-01,-8.171705006052645270e-01,9.786411801787897602e-01
1.420999999999999943e+02,5.772856295445979669e+01,-3.277002013756597876e+01,-7.925449400008570677e-01,-7.925449400008570677e-01,9.675766127478809819e-01
1.421500000000000057e+02,5.799030121386228842e+01,-3.283353948586042748e+01,-7.138505797054359725e-01,-7.138505797054359725e-01,9.875406395539945148e-01
1.422000000000000171e+02,5.825105356052787187e+01,-3.290084887765853949e+01,-7.696846743554308645e-01,-7.696846743554308645e-01,9.612139785170332740e-01
1.422500000000000000e+02,5.851699211219617069e+01,-3.296708525404802259e+01,-6.750716510772843959e-01,-6.750716510772843959e-01,9.881450643896839692e-01
1.423000000000000114e+02,5.878320634718092208e+01,-3.303840287879197746e+01,-5.874552153479558614e-01,-5.874552153479558614e-01,9.529377563707479570e-01
1.423499999999999943e+02,5.904999394646705468e+01,-3.311433922224586723e+01,-5.380459862564814788e-01,-5.380459862564814788e-01,9.580520762830146975e-01
1.424000000000000057e+02,5.931855112828012722e+01,-3.319313180127623752e+01,-5.682852805043210331e-01,-5.682852805043210331e-01,9.327054921032232881e-01
1.424500000000000171e+02,5.958609244041460329e+01,-3.326928759684832926e+01,-5.677875625807718984e-01,-5.677875625807718984e-01,9.236206103342948781e-01
1.425000000000000000e+02,5.985642036518217424e+01,-3.334607037980484279e+01,-4.554887391274031749e-01,-4.554887391274031749e-01,9.195425325413839612e-01
1.425500000000000114e+02,6.012546819904315498e+01,-3.342785173102242879e+01,-4.219688717126393596e-01,-4.219688717126393596e-01,8.899807414622561419e-01
1.425999999999999943e+02,6.039646101172465364e+01,-3.351144686513243443e+01,-2.709278148034003353e-01,-2.709278148034003353e-01,9.013145501876768106e-01
1.426500000000000057e+02,6.066674488263308263e+01,-3.360204435464920891e+01,-1.002134679083936664e-01,-1.002134679083936664e-01,8.464711693372489743e-01
1.427000000000000171e+02,6.093359831722216313e+01,-3.369932585861468510e+01,-4.350799506927824356e-02,-4.350799506927824356e-02,8.363531002127090330e-01
1.427500000000000000e+02,6.120022745036630596e+01,-3.379808489642245917e+01,4.302439620821347371e-02,4.302439620821347371e-02,7.861130303938633768e-01
1.428000000000000114e+02,6.146168795776068805e+01,-3.389799271668197633e+01,2.279743282190664910e-01,2.279743282190664910e-01,7.555793670288754038e-01
1.428499999999999943e+02,6.172060000306313299e+01,-3.400519110873204198e+01,1.710538219520269521e-01,1.710538219520269521e-01,7.176077656624639811e-01
1.429000000000000057e+02,6.198085254870342453e+01,-3.410787892024580970e+01,1.926839258334045735e-01,1.926839258334045735e-01,6.661500282643155746e-01
1.429500000000000171e+02,6.223941930199065808e+01,-3.420936265860564163e+01,2.514607527384199459e-01,2.514607527384199459e-01,6.586340944063944214e-01
1.430000000000000000e+02,6.249802980819801235e+01,-3.431226175893004182e+01,3.101296915485984851e-01,3.101296915485984851e-01,5.855548135118641140e-01
1.430500000000000114e+02,6.276250359832319958e+01,-3.441847583767567897e+01,3.995889095724500795e-01,3.995889095724500795e-01,5.884357779381692577e-01
1.430999999999999943e+02,6.302896395676120989e+01,-3.452815841708255817e+01,4.159478869216203800e-01,4.159478869216203800e-01,5.038607361948667096e-01
1.431500000000000057e+02,6.329279443614491640e+01,-3.463579246584691873e+01,4.631170719137964742e-01,4.631170719137964742e-01,4.820240813934432711e-01
1.432000000000000171e+02,6.355438151433498462e+01,-3.474321675645140317e+01,4.881031835871231794e-01,4.881031835871231794e-01,4.335218908039422669e-01
1.432500000000000000e+02,6.381501967020100352e+01,-3.484968861272612628e+01,4.991622234365861166e-01,4.991622234365861166e-01,3.825164035511502969e-01
1.433000000000000114e+02,6.407430060895974577e+01,-3.495440527787037865e+01,5.359570583589887693e-01,5.359570583589887693e-01,3.805097473468959657e-01
1.433499999999999943e+02,6.433176155817753283e+01,-3.505865103661972881e+01,6.178525753292356537e-01,6.178525753292356537e-01,2.919334378593267387e-01
1.434000000000000057e+02,6.458898845918743348e+01,-3.516524432430455249e+01,6.876425962652273904e-01,6.876425962652273904e-01,3.460903813162454212e-01
1.434500000000000171e+02,6.484335305583137199e+01,-3.527269987792235639e+01,6.180491730380528459e-01,6.180491730380528459e-01,2.030855523381223382e-01
1.435000000000000000e+02,6.509228922594479627e+01,-3.537310153428074244e+01,5.927107788066353633e-01,5.927107788066353633e-01,2.649922369033274050e-01
1.435500000000000114e+02,6.534461829873866634e+01,-3.547143091501464340e+01,6.905471489270492702e-01,6.905471489270492702e-01,1.397187023092495428e-01
1.435999999999999943e+02,6.560244684306243812e+01,-3.557465589926090388e+01,7.707152670389331162e-01,7.707152670389331162e-01,1.825047924448329195e-01
1.436500000000000057e+02,6.586308682162778894e+01,-3.568094272245674148e+01,7.771564202956851020e-01,7.771564202956851020e-01,1.257978752189659599e-01
1.437000000000000171e+02,6.612558449858022414e+01,-3.578613778237667020e+01,7.678325394264347015e-01,7.678325394264347015e-01,9.735743828578535819e-02
1.437500000000000000e+02,6.638476650048714589e+01,-3.588822903296299671e+01,7.406934312280994970e-01,7.406934312280994970e-01,1.819434065035500092e-01
1.438000000000000114e+02,6.664801646407009628e+01,-3.598820590792885810e+01,7.280574133572641493e-01,7.280574133572641493e-01,7.914971541249718467e-02
1.438499999999999943e+02,6.691278814069437431e+01,-3.608631271110279215e+01,7.423497813029245052e-01,7.423497813029245052e-01,2.645672993896887037e-01
1.439000000000000057e+02,6.717506764988938528e+01,-3.618310090223130260e+01,7.123707511940746695e-01,7.123707511940746695e-01,1.384024856788548530e-01
1.439500000000000171e+02,6.744031406918577431e+01,-3.627758388585625937e+01,6.762066820183367799e-01,6.762066820183367799e-01,2.507317193378258979e-01
1.440000000000000000e+02,6.771076254347110535e+01,-3.637003444718901335e+01,6.539950277529164024e-01,6.539950277529164024e-01,2.146598288620849004e-01
1.440500000000000114e+02,6.797981833155164111e+01,-3.645987433098543562e+01,6.590449420401239822e-01,6.590449420401239822e-01,2.452495525646133101e-01
1.440999999999999943e+02,6.825161820313057603e+01,-3.654945579785871246e+01,5.967651509914918551e-01,5.967651509914918551e-01,2.931990338416902708e-01
1.441500000000000057e+02,6.852599405010141709e+01,-3.663535153412080092e+01,5.451001939355768489e-01,5.451001939355768489e-01,2.614120949523751625e-01
1.442000000000000171e+02,6.879975853791901841e+01,-3.671763879680422349e+01,5.792733107465228848e-01,5.792733107465228848e-01,3.689489243734284663e-01
1.442500000000000000e+02,6.907713857924956358e+01,-3.680166256975018513e+01,5.225695691099518925e-01,5.225695691099518925e-01,2.938120023482296284e-01
1.443000000000000114e+02,6.935532037947211847e+01,-3.688221077036284612e+01,4.621272795597630156e-01,4.621272795597630156e-01,3.454501381258259229e-01
1.443499999999999943e+02,6.963461382543596301e+01,-3.695931288208199561e+01,5.117575535243017448e-01,5.117575535243017448e-01,3.375078512938355924e-01
1.444000000000000057e+02,6.991352552715771651e+01,-3.703843021839510641e+01,5.954013536567900333e-01,5.954013536567900333e-01,3.344680458617728669e-01
1.444500000000000171e+02,7.019357337941174535e+01,-3.712147679032548808e+01,4.982512907328539575e-01,4.982512907328539575e-01,4.005412324634716748e-01
1.445000000000000000e+02,7.047513880067953096e+01,-3.719919889530736867e+01,4.963939852403397301e-01,4.963939852403397301e-01,3.494612217258368791e-01
1.445500000000000114e+02,7.075849035346662674e+01,-3.727672208931522846e+01,4.842275212793863970e-01,4.842275212793863970e-01,4.064639018248912272e-01
1.445999999999999943e+02,7.104094181309670830e+01,-3.735305484395636455e+01,4.029642959114407841e-01,4.029642959114407841e-01,3.796753884470826512e-01
1.446500000000000057e+02,7.132959682257374823e+01,-3.742603497490443232e+01,3.999487764288074954e-01,3.999487764288074954e-01,3.818194032064288757e-01
1.447000000000000171e+02,7.161859144964890334e+01,-3.749877345911815496e+01,2.789044913985894714e-01,2.789044913985894714e-01,4.232283845612568873e-01
1.447500000000000000e+02,7.190874264241338665e+01,-3.756544498039194480e+01,2.994085327942305197e-01,2.994085327942305197e-01,3.690426309771296376e-01
1.448000000000000114e+02,7.219678437135745241e+01,-3.763292692273476092e+01,2.845732688374998376e-01,2.845732688374998376e-01,4.155157169891336988e-01
1.448499999999999943e+02,7.248398219707989654e+01,-3.769959444678254812e+01,1.572998144477363580e-01,1.572998144477363580e-01,3.779461543250862143e-01
1.449000000000000057e+02,7.277260939555179675e+01,-3.776017788183182233e+01,2.112921317343936234e-01,2.112921317343936234e-01,3.694237104715226705e-01
1.449500000000000171e+02,7.306358074739570441e+01,-3.782434452029097116e+01,2.153156092893355189e-01,2.153156092893355189e-01,4.018702906575416511e-01
1.450000000000000000e+02,7.335133662464612314e+01,-3.788839821298183352e+01,1.741315969950832099e-01,1.741315969950832099e-01,3.445078945603415321e-01
1.450500000000000114e+02,7.363970201098722157e+01,-3.795071512200637898e+01,1.729249351230093545e-01,1.729249351230093545e-01,3.932661832604100738e-01
1.450999999999999943e+02,7.392674915288104387e+01,-3.801305352421584161e+01,2.175953663826071804e-01,2.175953663826071804e-01,3.431449599779462512e-01
1.451500000000000057e+02,7.421117011413498687e+01,-3.807748257559059368e+01,1.491308803636407221e-01,1.491308803636407221e-01,3.451023597609200189e-01
1.452000000000000171e+02,7.449585259209328569e+01,-3.813866751360087903e+01,8.692196281825025073e-02,8.692196281825025073e-02,3.662842734088438412e-01
1.452500000000000000e+02,7.477754818741183840e+01,-3.819645716368282962e+01,1.153487624712540571e-01,1.153487624712540571e-01,3.106023634343528794e-01
1.453000000000000114e+02,7.505900557524039129e+01,-3.825609778596814436e+01,1.058593851921585394e-01,1.058593851921585394e-01,3.821562578856751435e-01
1.453499999999999943e+02,7.534281098903861107e+01,-3.831607277690869751e+01,9.696531606592008468e-02,9.696531606592008468e-02,2.980982575133280799e-01
1.454000000000000057e+02,7.562750326571993753e+01,-3.837614598951714839e+01,9.209416865080767567e-02,9.209416865080767567e-02,3.213009913889915969e-01
1.454500000000000171e+02,7.591210900591426025e+01,-3.843634009176042099e+01,1.139654989300963317e-01,1.139654989300963317e-01,3.105516138164627349e-01
1.455000000000000000e+02,7.619848608807200208e+01,-3.849837590644608554e+01,3.942193896830526595e-02,3.942193896830526595e-02,2.761057134481877950e-01
1.455500000000000114e+02,7.648859560312095596e+01,-3.855766877300592199e+01,-5.209294135782513435e-03,-5.209294135782513435e-03,3.502437021523810978e-01
1.455999999999999943e+02,7.678090106962778805e+01,-3.861561188749742968e+01,-8.922009534026062449e-02,-8.922009534026062449e-02,2.497950626059970980e-01
1.456500000000000057e+02,7.707405034175438630e+01,-3.867001814124417791e+01,-1.299203950555885556e-01,-1.299203950555885556e-01,2.800126755796869538e-01
1.457000000000000171e+02,7.736970751389792156e+01,-3.872360904829180583e+01,-2.338969861290549346e-01,-2.338969861290549346e-01,2.562726350875326187e-01
1.457500000000000000e+02,7.766658874620701170e+01,-3.877296912949646668e+01,-3.459315816750142547e-01,-3.459315816750142547e-01,1.991536284446757676e-01
1.458000000000000114e+02,7.796793364478003241e+01,-3.881858320375322080e+01,-4.401956012210582747e-01,-4.401956012210582747e-01,2.950854491459521389e-01
1.458499999999999943e+02,7.826888003035877261e+01,-3.886057612365217295e+01,-5.028313378137505563e-01,-5.028313378137505563e-01,1.477352072257996918e-01
1.459000000000000057e+02,7.856918392108036642e+01,-3.890066799501395423e+01,-5.248339423246081159e-01,-5.248339423246081159e-01,1.708689651271020071e-01
1.459500000000000171e+02,7.887105330093474720e+01,-3.894150134777942895e+01,-5.883833998540954902e-01,-5.883833998540954902e-01,1.829761433893354883e-01
1.460000000000000000e+02,7.917461840744830681e+01,-3.898098375977941998e+01,-6.052869958106260606e-01,-6.052869958106260606e-01,4.632621699219872241e-02
1.460500000000000114e+02,7.947735589418290658e+01,-3.902100646536693063e+01,-7.345517483618929644e-01,-7.345517483618929644e-01,2.140447313758492842e-01
1.460999999999999943e+02,7.977737749217868668e+01,-3.905533375550781017e+01,-7.580925273664660402e-01,-7.580925273664660402e-01,9.051532126441137749e-02
1.461500000000000057e+02,8.007511046986790859e+01,-3.908967350938773677e+01,-8.186494491605166290e-01,-8.186494491605166290e-01,1.292078765589823042e-01
1.462000000000000171e+02,8.037289616487998956e+01,-3.912266978551522101e+01,-8.669229740376833693e-01,-8.669229740376833693e-01,2.123777397015032264e-01
1.462500000000000000e+02,8.066901967558581532e+01,-3.915457099256206419e+01,-9.035387848541518441e-01,-9.035387848541518441e-01,1.421844430547493099e-01
1.463000000000000114e+02,8.096841636693518751e+01,-3.918728398386507195e+01,-9.286461671422905351e-01,-9.286461671422905351e-01,2.764540920695028881e-01
1.463499999999999943e+02,8.126646334460048138e+01,-3.922018936610646023e+01,-9.147296638718060979e-01,-9.147296638718060979e-01,2.348445392655335029e-01
1.464000000000000057e+02,8.156092523855056697e+01,-3.925462855476217783e+01,-9.346179907498105566e-01,-9.346179907498105566e-01,2.775104705957297524e-01
1.464500000000000171e+02,8.185833013420764814e+01,-3.929055890474951696e+01,-8.517010803153727272e-01,-8.517010803153727272e-01,3.424024650796743119e-01
1.465000000000000000e+02,8.214917049222792400e+01,-3.933052850990157623e+01,-8.117994440014635327e-01,-8.117994440014635327e-01,3.182517127632266685e-01
1.465500000000000114e+02,8.243930138820813625e+01,-3.937372685510063519e+01,-6.982751661275203858e-01,-6.982751661275203858e-01,4.085631798436032414e-01
1.465999999999999943e+02,8.272376189866901086e+01,-3.942233364070622770e+01,-6.872820078121372189e-01,-6.872820078121372189e-01,3.694684748171099820e-01
1.466500000000000057e+02,8.300975278594013673e+01,-3.947287400877485908e+01,-6.702639036265182204e-01,-6.702639036265182204e-01,4.053878198725441862e-01
1.467000000000000171e+02,8.328816113985477898e+01,-3.952282755414299942e+01,-6.337186246709055615e-01,-6.337186246709055615e-01,4.234925019377756006e-01
1.467500000000000000e+02,8.356542906750918576e+01,-3.957509101282131070e+01,-6.087427557062188299e-01,-6.087427557062188299e-01,4.179140504473048412e-01
1.468000000000000114e+02,8.383873335546900307e+01,-3.962807236472733052e+01,-5.516924475946910489e-01,-5.516924475946910489e-01,4.738330363489553498e-01
1.468499999999999943e+02,8.410964270465586878e+01,-3.968384353359863326e+01,-3.926317040389508128e-01,-3.926317040389508128e-01,4.343303567162615786e-01
1.469000000000000057e+02,8.437704653867453430e+01,-3.974723574808070481e+01,-3.247852347877037138e-01,-3.247852347877037138e-01,4.917548961706790789e-01
1.469500000000000171e+02,8.464755553750724459e+01,-3.981520073707989127e+01,-2.753881348438063648e-01,-2.753881348438063648e-01,4.356632402632615308e-01
1.470000000000000000e+02,8.491560853851264312e+01,-3.988486290821848002e+01,-2.243694938173732834e-01,-2.243694938173732834e-01,4.595970251579014620e-01
1.470500000000000114e+02,8.518523189400693241e+01,-3.995747042028352780e+01,-2.924382086655071267e-01,-2.924382086655071267e-01,4.351288580888053037e-01
1.470999999999999943e+02,8.545588904766505323e+01,-4.002650854504956612e+01,-2.371090027694671698e-01,-2.371090027694671698e-01,4.297749302219048273e-01
1.471500000000000057e+02,8.572735387744408797e+01,-4.009852882728472423e+01,-1.822469931003627974e-01,-1.822469931003627974e-01,4.470986620635450937e-01
1.472000000000000171e+02,8.600163929353874437e+01,-4.017400630170099873e+01,-1.745362999223506184e-01,-1.745362999223506184e-01,4.030686074693218268e-01
1.472500000000000000e+02,8.627456061355081829e+01,-4.024905160576269481e+01,-7.484636224896844270e-02,-7.484636224896844270e-02,4.632149455296452056e-01
1.473000000000000114e+02,8.654843601232981598e+01,-4.032919436638671584e+01,-1.090343259621081029e-01,-1.090343259621081029e-01,3.811314710031697972e-01
1.473499999999999943e+02,8.682758757704668540e+01,-4.040852796620712439e+01,-1.035758180604884199e-01,-1.035758180604884199e-01,4.029764902758311007e-01
1.474000000000000057e+02,8.711007506160969172e+01,-4.048861106212587657e+01,-7.191848869078520945e-02,-7.191848869078520945e-02,3.782006514066408309e-01
1.474500000000000171e+02,8.739634072565802114e+01,-4.057093396396478369e+01,-4.420794841419956045e-02,-4.420794841419956045e-02,3.499463070710711055e-01
1.475000000000000000e+02,8.768227712559233566e+01,-4.065398554036094936e+01,3.824620425470548479e-02,3.824620425470548479e-02,4.007058687953253262e-01
1.475500000000000114e+02,8.797007373163583566e+01,-4.074123158935088185e+01,6.823347519848961540e-02,6.823347519848961540e-02,3.138963264643446771e-01
1.475999999999999943e+02,8.826005764333402226e+01,-4.082984228860458842e+01,8.645816115672966262e-02,8.645816115672966262e-02,3.339965185915056423e-01
1.476500000000000057e+02,8.854840067234718504e+01,-4.091803969889149073e+01,1.074823527387516742e-01,1.074823527387516742e-01,3.105199578124477333e-01
1.477000000000000171e+02,8.883149305629476089e+01,-4.100494290399677055e+01,1.196146099169276833e-01,1.196146099169276833e-01,2.640143393962545715e-01
1.477500000000000000e+02,8.911239624610064425e+01,-4.109099223186578342e+01,-2.879573544461538903e-02,-2.879573544461538903e-02,3.370178045849067661e-01
1.478000000000000114e+02,8.939476235235207469e+01,-4.116890500298037381e+01,6.902246386525277833e-02,6.902246386525277833e-02,2.331697235041333693e-01
1.478499999999999943e+02,8.967013697219107371e+01,-4.124949312709523497e+01,1.067658713052686142e-01,1.067658713052686142e-01,2.778985572253834802e-01
1.479000000000000057e+02,8.995084817580672620e+01,-4.133288480467364678e+01,1.388297909809352304e-01,1.388297909809352304e-01,2.340049959682837244e-01
1.479500000000000171e+02,9.023116738823671312e+01,-4.141711413641865391e+01,6.271986642614854612e-02,6.271986642614854612e-02,2.036356900551417048e-01
1.480000000000000000e+02,9.050996957155985001e+01,-4.149622857615669602e+01,9.701241526068117571e-02,9.701241526068117571e-02,2.694771969187026994e-01
1.480500000000000114e+02,9.078895065753989968e+01,-4.157663124963357859e+01,1.150200150578449959e-01,1.150200150578449959e-01,1.613663918391956553e-01
1.480999999999999943e+02,9.107176896248743958e+01,-4.165840131409373726e+01,1.387796897962941811e-01,1.387796897962941811e-01,2.487310037976258603e-01
1.481500000000000057e+02,9.135443305167616757e+01,-4.174073770121427174e+01,1.486748117287816640e-01,1.486748117287816640e-01,1.643028830434067333e-01
1.482000000000000171e+02,9.164214392397207121e+01,-4.182426686854447695e+01,1.443282963502956762e-01,1.443282963502956762e-01,1.575836970780283564e-01
1.482500000000000000e+02,9.192648144152126122e+01,-4.190603084319298688e+01,2.033936127807806638e-01,2.033936127807806638e-01,2.224120664231089284e-01
1.483000000000000114e+02,9.220833517134769863e+01,-4.198959381650519873e+01,2.280352902283850347e-01,2.280352902283850347e-01,9.318775354726945015e-02
1.483499999999999943e+02,9.249121708206480719e+01,-4.207397961444969070e+01,2.560620787300872392e-01,2.560620787300872392e-01,2.207992457554915355e-01
1.484000000000000057e+02,9.277103338709730451e+01,-4.215828974794895601e+01,2.736770928717295326e-01,2.736770928717295326e-01,1.045663567076956790e-01
1.484500000000000171e+02,9.304814467656029819e+01,-4.224206345858882372e+01,3.162843007249748206e-01,3.162843007249748206e-01,1.287769547217678667e-01
1.485000000000000000e+02,9.332250371178433568e+01,-4.232658394432765192e+01,3.462751266747505774e-01,3.462751266747505774e-01,1.678515230245821443e-01
1.485500000000000114e+02,9.360202101663597318e+01,-4.241309728422529446e+01,2.991561172319209261e-01,2.991561172319209261e-01,3.799475429689502803e-02
1.485999999999999943e+02,9.388198684095867463e+01,-4.249643302589991123e+01,2.563910254305793446e-01,2.563910254305793446e-01,2.403012431593200549e-01
1.486500000000000057e+02,9.416529124100854631e+01,-4.257765897504545904e+01,1.989264399845996623e-01,1.989264399845996623e-01,5.768135549614034768e-02
1.487000000000000171e+02,9.444886591998260883e+01,-4.265540984741995345e+01,9.769686907421018529e-02,9.769686907421018529e-02,1.494189031596520889e-01
1.487500000000000000e+02,9.473174273826644765e+01,-4.272737093225279636e+01,1.731420702182288884e-01,1.731420702182288884e-01,1.487435551644855081e-01
1.488000000000000114e+02,9.501553505314660697e+01,-4.280325579325577223e+01,1.668928884372878618e-01,1.668928884372878618e-01,6.840490692084227886e-02
1.488499999999999943e+02,9.530620467551217700e+01,-4.288009813605359710e+01,1.136323068652171919e-01,1.136323068652171919e-01,2.489324638904521492e-01
1.489000000000000057e+02,9.559831877532627686e+01,-4.295423199103127132e+01,1.375546070306346291e-01,1.375546070306346291e-01,7.117262324734953405e-02
1.489500000000000171e+02,9.589341882914409609e+01,-4.303012035195233409e+01,1.387367979058637957e-01,1.387367979058637957e-01,1.490442536144869490e-01
1.490000000000000000e+02,9.618731783624023990e+01,-4.310556955659613010e+01,7.804872516523855830e-02,7.804872516523855830e-02,1.745103757371806730e-01
1.490500000000000114e+02,9.648933641863035859e+01,-4.317957369817987967e+01,6.340096809160673808e-02,6.340096809160673808e-02,6.251690963654699118e-02
1.490999999999999943e+02,9.679135809033169835e+01,-4.325277322108874500e+01,-4.274370052508859319e-02,-4.274370052508859319e-02,2.120235890859942240e-01
1.491500000000000057e+02,9.709601502378549753e+01,-4.332112061150427706e+01,-1.461864045983163329e-02,-1.461864045983163329e-02,1.217306880409343983e-01
1.492000000000000171e+02,9.740039006210837158e+01,-4.339109736491332825e+01,1.978221277184889770e-02,1.978221277184889770e-02,8.984772108908847810e-02
1.492500000000000000e+02,9.770320934137451729e+01,-4.346264680383306001e+01,-1.754229355758073206e-02,-1.754229355758073206e-02,2.425635307060874657e-01
1.493000000000000114e+02,9.800841201863370600e+01,-4.353290994193807961e+01,-1.182008211794699643e-01,-1.182008211794699643e-01,7.260423058259377060e-02
1.493499999999999943e+02,9.831548637530066515e+01,-4.359860758538977876e+01,-1.761854186620763207e-01,-1.761854186620763207e-01,1.308756494874462883e-01
1.494000000000000057e+02,9.862189858249593044e+01,-4.366158258311177320e+01,-1.627032145411068109e-01,-1.627032145411068109e-01,1.895248211858994447e-01
1.494500000000000171e+02,9.892943936088629187e+01,-4.372605074721722929e+01,-1.424468664769165949e-01,-1.424468664769165949e-01,1.938857789246865859e-02
1.495000000000000000e+02,9.923555009393547266e+01,-4.379169538198582501e+01,-1.925102750711935040e-01,-1.925102750711935040e-01,1.753664573214272215e-01
1.495500000000000114e+02,9.954176680681180756e+01,-4.385519311677424525e+01,-2.220876529262919286e-01,-2.220876529262919286e-01,1.374954483628087754e-01
1.495999999999999943e+02,9.985053507850331300e+01,-4.391829222548337697e+01,-2.490989114269880067e-01,-2.490989114269880067e-01,4.377970274218754426e-02
1.496500000000000057e+02,1.001618763174028004e+02,-4.398118787767445781e+01,-2.465295267473320007e-01,-2.465295267473320007e-01,2.209579545326054717e-01
1.497000000000000171e+02,1.004738600955111707e+02,-4.404497836808016586e+01,-3.539651736006478311e-01,-3.539651736006478311e-01,1.042346101850532142e-01
1.497500000000000000e+02,1.007908356356285680e+02,-4.410504482057874753e+01,-3.924530812365685795e-01,-3.924530812365685795e-01,8.947051478602280339e-02
1.498000000000000114e+02,1.011060987993662508e+02,-4.416352894543276619e+01,-3.827758038512215633e-01,-3.827758038512215633e-01,2.550997117099456091e-01
1.498499999999999943e+02,1.014215635927703829e+02,-4.422344062632149075e+01,-3.981399104332840055e-01,-3.981399104332840055e-01,1.098805805569810085e-01
1.499000000000000057e+02,1.017385182735919784e+02,-4.428375229042455885e+01,-3.836080820484610854e-01,-3.836080820484610854e-01,1.409462707791993563e-01
1.499500000000000171e+02,1.020553754823044272e+02,-4.434560138059483592e+01,-3.055842493730360765e-01,-3.055842493730360765e-01,2.490523605090568804e-01
1.500000000000000000e+02,1.023714375648111883e+02,-4.441200490568640191e+01,-2.812125546757666128e-01,-2.812125546757666128e-01,1.323667387575728216e-01
1.500500000000000114e+02,1.026851950456174052e+02,-4.447956169386375791e+01,-3.627506849022891777e-01,-3.627506849022891777e-01,1.800225455373921646e-01
1.500999999999999943e+02,1.030007563791144918e+02,-4.454379186091808407e+01,-2.962400455320320924e-01,-2.962400455320320924e-01,2.435842718853425959e-01
1.501500000000000057e+02,1.033167058543404266e+02,-4.461216010624161754e+01,-2.945304788434788268e-01,-2.945304788434788268e-01,1.520533852120872775e-01
1.502000000000000171e+02,1.036301455530793731e+02,-4.468034701717661505e+01,-2.171481053690448304e-01,-2.171481053690448304e-01,2.157370010349989597e-01
1.502500000000000000e+02,1.039417223039020399e+02,-4.475241161430557213e+01,-1.951571558634970227e-01,-1.951571558634970227e-01,2.348667761040718616e-01
1.503000000000000114e+02,1.042519597045873780e+02,-4.482541190133668607e+01,-1.360089150221377441e-01,-1.360089150221377441e-01,1.619624624757511067e-01
1.503499999999999943e+02,1.045627882569086182e+02,-4.490172505772881806e+01,-1.477270247063780517e-01,-1.477270247063780517e-01,2.405154360944742331e-01
1.504000000000000057e+02,1.048727602913762240e+02,-4.497713754493842231e+01,-1.977762820316270320e-01,-1.977762820316270320e-01,2.126641764008381230e-01
1.504500000000000171e+02,1.051841052175722808e+02,-4.505029812606006345e+01,-1.952923082541563049e-01,-1.952923082541563049e-01,1.657264109024157162e-01
1.505000000000000000e+02,1.054963785601615029e+02,-4.512393537084235362e+01,-2.067792063758960575e-01,-2.067792063758960575e-01,2.654228950448804247e-01
1.505500000000000114e+02,1.058138564717181538e+02,-4.519846220052690455e+01,-1.875739069145117288e-01,-1.875739069145117288e-01,2.029453126287989739e-01
1.505999999999999943e+02,1.061351724462319623e+02,-4.527512149337869118e+01,-1.131692163886575814e-01,-1.131692163886575814e-01,1.731735033939887369e-01
1.506500000000000057e+02,1.064589978945407864e+02,-4.535635313480151609e+01,-7.167208118189552501e-02,-7.167208118189552501e-02,2.648503676225154035e-01
1.507000000000000171e+02,1.067842462688021783e+02,-4.543995430622715759e+01,-3.473290851094087278e-02,-3.473290851094087278e-02,2.035201383166877209e-01
1.507500000000000000e+02,1.071080930401519709e+02,-4.552482439394407976e+01,1.345707210687488165e-01,1.345707210687488165e-01,1.555646868573571096e-01
1.508000000000000114e+02,1.074298075711444937e+02,-4.561753526754585408e+01,1.518640694180478090e-01,1.518640694180478090e-01,2.368829474174066752e-01
1.508499999999999943e+02,1.077562736007154740e+02,-4.571160716766190291e+01,1.307826587942416685e-01,1.307826587942416685e-01,1.910502619757695197e-01
1.509000000000000057e+02,1.080786329988620764e+02,-4.580270476137636138e+01,1.311228002956324745e-01,1.311228002956324745e-01,1.105283143617569741e-01
1.509500000000000171e+02,1.084050482282787300e+02,-4.589417712005590744e+01,2.144804753101616224e-01,2.144804753101616224e-01,1.955632993986803347e-01
1.510000000000000000e+02,1.087305399963397008e+02,-4.598904277549861064e+01,2.799156939597499116e-01,2.799156939597499116e-01,1.876774299305884464e-01
1.510500000000000114e+02,1.090567657452064196e+02,-4.608660755539518306e+01,2.822865164800480442e-01,2.822865164800480442e-01,6.478864432929937189e-02
1.510999999999999943e+02,1.093878079177955271e+02,-4.618450863922878113e+01,3.373028632223777357e-01,3.373028632223777357e-01,1.432648047529141710e-01
1.511500000000000057e+02,1.097199878502489554e+02,-4.628455737366267897e+01,3.415051938074835092e-01,3.415051938074835092e-01,2.122463945557422627e-01
1.512000000000000171e+02,1.100503642618063793e+02,-4.638330671944624584e+01,3.253474179511366970e-01,3.253474179511366970e-01,6.063144312176358547e-02
1.512500000000000000e+02,1.103776998957470141e+02,-4.647946897631175034e+01,3.304318376548824321e-01,3.304318376548824321e-01,9.434351242236865831e-02
1.513000000000000114e+02,1.107027826386362648e+02,-4.657444254682630458e+01,3.040681282473816638e-01,3.040681282473816638e-01,2.456163956590654840e-01
1.513499999999999943e+02,1.110253639289795302e+02,-4.666660112116248627e+01,3.318180705646885942e-01,3.318180705646885942e-01,9.318199099764071236e-02
1.514000000000000057e+02,1.113440809291720939e+02,-4.675853066973253647e+01,4.378451384555682724e-01,4.378451384555682724e-01,9.504190095255586612e-02
1.514500000000000171e+02,1.116625255574009827e+02,-4.685505890801894679e+01,4.490712881336431095e-01,4.490712881336431095e-01,2.519199030768666803e-01
1.515000000000000000e+02,1.119789379175044388e+02,-4.695068217858961646e+01,4.830277911619079712e-01,4.830277911619079712e-01,1.272229154071973234e-01
1.515500000000000114e+02,1.122925744375064880e+02,-4.704642891973765018e+01,5.166705394414714547e-01,5.166705394414714547e-01,1.358031281620037389e-01
1.515999999999999943e+02,1.125991886532926571e+02,-4.714131014289782939e+01,5.927930637389454693e-01,5.927930637389454693e-01,2.747997951052097987e-01
1.516500000000000057e+02,1.129035690869892079e+02,-4.723854882666378785e+01,6.269800415666608728e-01,6.269800415666608728e-01,1.674023034412490396e-01
1.517000000000000171e+02,1.132061912077278265e+02,-4.733597869216229981e+01,6.194630286805212771e-01,6.194630286805212771e-01,2.102708423407589344e-01
1.517500000000000000e+02,1.135077544080927368e+02,-4.743160954322823386e+01,5.862359721381265043e-01,5.862359721381265043e-01,2.851663818359509994e-01
1.518000000000000114e+02,1.138121394407292968e+02,-4.752503095105471687e+01,5.215884599126979770e-01,5.215884599126979770e-01,2.209537362321893073e-01
1.518499999999999943e+02,1.141163457045328897e+02,-4.761415294928423236e+01,5.465952657712611629e-01,5.465952657712611629e-01,2.795215258423217608e-01
1.519000000000000057e+02,1.144184951689029788e+02,-4.770336445931726388e+01,5.713155803625544760e-01,5.713155803625544760e-01,2.987088091250900690e-01
1.519500000000000171e+02,1.147132149517907607e+02,-4.779155348498373002e+01,5.090812539705905637e-01,5.090812539705905637e-01,2.682168386738175703e-01
1.520000000000000000e+02,1.150071474123350157e+02,-4.787562344673226988e+01,5.344293113451507038e-01,5.344293113451507038e-01,3.524153632121603819e-01
1.520500000000000114e+02,1.153004014503725756e+02,-4.796023282920506148e+01,4.778309601534612150e-01,4.778309601534612150e-01,3.069695228883185800e-01
1.520999999999999943e+02,1.156003438407905577e+02,-4.804262004008835163e+01,5.539777296683023877e-01,5.539777296683023877e-01,3.170017022540608798e-01
1.521500000000000057e+02,1.158987247142982824e+02,-4.812809517208172139e+01,4.965603872279301667e-01,4.965603872279301667e-01,3.833247563205455788e-01
1.522000000000000171e+02,1.161940962775927062e+02,-4.820944824123472472e+01,4.546053745515182820e-01,4.546053745515182820e-01,3.270776169479720497e-01
1.522500000000000000e+02,1.164900770697294092e+02,-4.828831693060661223e+01,4.698846652632804322e-01,4.698846652632804322e-01,3.696427925267101733e-01
1.523000000000000114e+02,1.167874878143826152e+02,-4.836788085073262522e+01,4.186438034097384464e-01,4.186438034097384464e-01,3.711976697408078674e-01
1.523499999999999943e+02,1.170838752946587675e+02,-4.844428923440450774e+01,4.221477706211341774e-01,4.221477706211341774e-01,3.478404737898822541e-01
1.524000000000000057e+02,1.173800491049030938e+02,-4.852060794340211203e+01,4.036643071377383762e-01,4.036643071377383762e-01,4.190334323189683907e-01
1.524500000000000171e+02,1.176759939113773044e+02,-4.859572091249684433e+01,3.533145873848413943e-01,3.533145873848413943e-01,3.615349629718433433e-01
1.525000000000000000e+02,1.179759974068422252e+02,-4.866885404764867218e+01,3.799472251550944368e-01,3.799472251550944368e-01,3.713487986549396380e-01
1.525500000000000114e+02,1.182788596856843384e+02,-4.874383023860144704e+01,3.055373399883646868e-01,3.055373399883646868e-01,4.089969677442882312e-01
1.525999999999999943e+02,1.185795393156356710e+02,-4.881453928637815665e+01,2.648010409808675969e-01,2.648010409808675969e-01,3.547096591267023258e-01
1.526500000000000057e+02,1.188818464162209665e+02,-4.888356661845929096e+01,1.636768286915940007e-01,1.636768286915940007e-01,3.894680135469542059e-01
1.527000000000000171e+02,1.191840060829979819e+02,-4.894761493918340989e+01,1.572669289960120786e-01,1.572669289960120786e-01,3.691342237107148039e-01
1.527500000000000000e+02,1.194874897098810465e+02,-4.901200304491101178e+01,1.538649186950503955e-01,1.538649186950503955e-01,3.364281006585860823e-01
1.528000000000000114e+02,1.197902295371812187e+02,-4.907649966271991104e+01,9.130385203262263161e-02,9.130385203262263161e-02,3.987233195796835439e-01
1.528499999999999943e+02,1.200956084067744314e+02,-4.913871763544413085e+01,-3.480586356910468637e-02,-3.480586356910468637e-02,3.239725246624892141e-01
1.529000000000000057e+02,1.204026929952166540e+02,-4.919539047178005831e+01,-6.762160936779341991e-02,-6.762160936779341991e-02,3.140812661158751684e-01
1.529500000000000171e+02,1.207111839971182832e+02,-4.925149950480734873e+01,-1.284717536314110009e-01,-1.284717536314110009e-01,3.495263867367878197e-01
1.530000000000000000e+02,1.210216543926849226e+02,-4.930577976534654283e+01,-7.997534447603300845e-02,-7.997534447603300845e-02,2.607160761151803841e-01
1.530500000000000114e+02,1.213277862024859104e+02,-4.936266858428901827e+01,-1.505909930071130109e-01,-1.505909930071130109e-01,2.870238813241806630e-01
1.530999999999999943e+02,1.216360352097844384e+02,-4.941719764001000925e+01,-1.427386078641984524e-01,-1.427386078641984524e-01,2.738572416272929688e-01
1.531500000000000057e+02,1.219436501720618367e+02,-4.947295502860946925e+01,-1.513618715965127925e-01,-1.513618715965127925e-01,2.065400581893329091e-01
1.532000000000000171e+02,1.222477894222643613e+02,-4.952844046130122990e+01,-2.027852496532372983e-01,-2.027852496532372983e-01,2.817165529137124480e-01
1.532500000000000000e+02,1.225528081032038870e+02,-4.958233914006646614e+01,-1.817779620116499184e-01,-1.817779620116499184e-01,1.955373435049163056e-01
1.533000000000000114e+02,1.228567545049599232e+02,-4.963802485713654988e+01,-1.971378436187325722e-01,-1.971378436187325722e-01,1.746934037541448548e-01
1.533499999999999943e+02,1.231632826764834903e+02,-4.969432791855548004e+01,-1.233257430716443448e-01,-1.233257430716443448e-01,2.611247524198478387e-01
1.534000000000000057e+02,1.234700208680226865e+02,-4.975530592710545363e+01,-1.913607171390664663e-01,-1.913607171390664663e-01,1.284579801413245626e-01
1.534500000000000171e+02,1.237753977285760953e+02,-4.981313120943384121e+01,-2.004211665814376875e-01,-2.004211665814376875e-01,1.778175176748451325e-01
1.535000000000000000e+02,1.240842185818470824e+02,-4.987202770667435203e+01,-2.153408551033963170e-01,-2.153408551033963170e-01,1.939158147335218185e-01
1.535500000000000114e+02,1.243941427474632775e+02,-4.993117112805830260e+01,-1.129812480955558196e-01,-1.129812480955558196e-01,7.611187333539569388e-02
