x,y,psi,kappa,s
0.000000000000000000e+00,0.000000000000000000e+00,0.000000000000000000e+00,-8.000000000000000167e-02,0.000000000000000000e+00
1.330575217502692476e-01,-7.081922252225036907e-04,-1.064480276922244451e-02,-8.000000000000000167e-02,1.330594063963583262e-01
6.294443998877554680e-01,-5.992332226917944892e-03,-1.064480276922244451e-02,0.000000000000000000e+00,6.294744091134771846e-01
1.125831278025241744e+00,-1.127647222861338609e-02,-1.064480276922244451e-02,0.000000000000000000e+00,1.125889411830596210e+00
1.622218156162727798e+00,-1.656061223030882643e-02,-1.064480276922244451e-02,0.000000000000000000e+00,1.622304414547715012e+00
2.118605034300214296e+00,-2.184475223200426849e-02,-1.064480276922244451e-02,0.000000000000000000e+00,2.118719417264834259e+00
2.614991912437700794e+00,-2.712889223369971056e-02,-1.064480276922244451e-02,0.000000000000000000e+00,2.615134419981953506e+00
3.111378790575186404e+00,-3.241303223539514916e-02,-1.064480276922244451e-02,0.000000000000000000e+00,3.111549422699071865e+00
3.607765668712672458e+00,-3.769717223709059123e-02,-1.064480276922244451e-02,0.000000000000000000e+00,3.607964425416190668e+00
4.104152546850158956e+00,-4.298131223878603330e-02,-1.064480276922244451e-02,0.000000000000000000e+00,4.104379428133309915e+00
4.600539424987645454e+00,-4.826545224048147537e-02,-1.064480276922244451e-02,0.000000000000000000e+00,4.600794430850428718e+00
5.096926303125131064e+00,-5.354959224217691743e-02,-1.064480276922244451e-02,0.000000000000000000e+00,5.097209433567546633e+00
5.593313181262617562e+00,-5.883373224387235950e-02,-1.064480276922244451e-02,0.000000000000000000e+00,5.593624436284665435e+00
6.089700059400103171e+00,-6.411787224556779463e-02,-1.064480276922244451e-02,0.000000000000000000e+00,6.090039439001783350e+00
6.586086937537591446e+00,-6.940201224726325058e-02,-1.064480276922244451e-02,0.000000000000000000e+00,6.586454441718903929e+00
7.082473815675076168e+00,-7.468615224895867877e-02,-1.064480276922244451e-02,0.000000000000000000e+00,7.082869444436020956e+00
7.578860693812564442e+00,-7.997029225065413471e-02,-1.064480276922244451e-02,0.000000000000000000e+00,7.579284447153141535e+00
8.075247571950049164e+00,-8.525443225234956290e-02,-1.064480276922244451e-02,0.000000000000000000e+00,8.075699449870258562e+00
8.571634450087534773e+00,-9.053857225404499109e-02,-1.064480276922244451e-02,0.000000000000000000e+00,8.572114452587376476e+00
9.068021328225022160e+00,-9.582271225574044704e-02,-1.064480276922244451e-02,0.000000000000000000e+00,9.068529455304496167e+00
9.564408206362507769e+00,-1.011068522574358752e-01,-1.064480276922244451e-02,0.000000000000000000e+00,9.564944458021614082e+00
1.006079508449999516e+01,-1.063909922591313312e-01,-1.064480276922244451e-02,0.000000000000000000e+00,1.006135946073873377e+01
1.055718196263747899e+01,-1.116751322608267594e-01,-1.064480276922244451e-02,0.000000000000000000e+00,1.055777446345584991e+01
1.105356884077496815e+01,-1.169592722625222153e-01,-1.064480276922244451e-02,0.000000000000000000e+00,1.105418946617297138e+01
1.154995571891245199e+01,-1.222434122642176435e-01,-1.064480276922244451e-02,0.000000000000000000e+00,1.155060446889008752e+01
1.204634259704993759e+01,-1.275275522659130856e-01,-1.064480276922244451e-02,0.000000000000000000e+00,1.204701947160720543e+01
1.254272947518742498e+01,-1.328116922676085276e-01,-1.064480276922244451e-02,0.000000000000000000e+00,1.254343447432432512e+01
1.303911635332491237e+01,-1.380958322693039975e-01,-1.064480276922244451e-02,0.000000000000000000e+00,1.303984947704144481e+01
1.353550323146239442e+01,-1.433799722709994118e-01,-1.064480276922244451e-02,0.000000000000000000e+00,1.353626447975855918e+01
1.403189010959988181e+01,-1.486641122726948538e-01,-1.064480276922244451e-02,0.000000000000000000e+00,1.403267948247567887e+01
1.452827698773736742e+01,-1.539482522743902959e-01,-1.064480276922244451e-02,0.000000000000000000e+00,1.452909448519279678e+01
1.502466386587485658e+01,-1.592323922760857657e-01,-1.064480276922244451e-02,0.000000000000000000e+00,1.502550948790991825e+01
1.552105074401234042e+01,-1.645165322777811800e-01,-1.064480276922244451e-02,0.000000000000000000e+00,1.552192449062703439e+01
1.601743762214982780e+01,-1.698006722794766221e-01,-1.064480276922244451e-02,0.000000000000000000e+00,1.601833949334415408e+01
1.651382450028731341e+01,-1.750848122811720642e-01,-1.064480276922244451e-02,0.000000000000000000e+00,1.651475449606127199e+01
1.701021137842479547e+01,-1.803689522828674785e-01,-1.064480276922244451e-02,0.000000000000000000e+00,1.701116949877838636e+01
1.750659825656228463e+01,-1.856530922845629483e-01,-1.064480276922244451e-02,0.000000000000000000e+00,1.750758450149550782e+01
1.800298513469977379e+01,-1.909372322862583904e-01,-1.064480276922244451e-02,0.000000000000000000e+00,1.800399950421262929e+01
1.849937201283725940e+01,-1.962213722879538325e-01,-1.064480276922244451e-02,0.000000000000000000e+00,1.850041450692974720e+01
1.899575889097474146e+01,-2.015055122896492468e-01,-1.064480276922244451e-02,0.000000000000000000e+00,1.899682950964686157e+01
1.949214576911223062e+01,-2.067896522913447444e-01,-1.064480276922244451e-02,0.000000000000000000e+00,1.949324451236398303e+01
1.998853264724971979e+01,-2.120737922930401587e-01,-1.064480276922244451e-02,0.000000000000000000e+00,1.998965951508110450e+01
2.048491952538720184e+01,-2.173579322947356007e-01,-1.064480276922244451e-02,0.000000000000000000e+00,2.048607451779821886e+01
2.098130640352468745e+01,-2.226420722964310150e-01,-1.064480276922244451e-02,0.000000000000000000e+00,2.098248952051533678e+01
2.147769328166217306e+01,-2.279262122981264849e-01,-1.064480276922244451e-02,0.000000000000000000e+00,2.147890452323245469e+01
2.197408015979966223e+01,-2.332103522998219269e-01,-1.064480276922244451e-02,0.000000000000000000e+00,2.197531952594957616e+01
2.247046703793714784e+01,-2.384944923015173690e-01,-1.064480276922244451e-02,0.000000000000000000e+00,2.247173452866669408e+01
2.296685391607463345e+01,-2.437786323032127833e-01,-1.064480276922244451e-02,0.000000000000000000e+00,2.296814953138381199e+01
2.346324079421211906e+01,-2.490627723049082531e-01,-1.064480276922244451e-02,0.000000000000000000e+00,2.346456453410092990e+01
2.395962767234960467e+01,-2.543469123066036675e-01,-1.064480276922244451e-02,0.000000000000000000e+00,2.396097953681804782e+01
2.445601455048709383e+01,-2.596310523082990818e-01,-1.064480276922244451e-02,0.000000000000000000e+00,2.445739453953516929e+01
2.495240142862457944e+01,-2.649151923099945516e-01,-1.064480276922244451e-02,0.000000000000000000e+00,2.495380954225228720e+01
2.544878830676206505e+01,-2.701993323116900214e-01,-1.064480276922244451e-02,0.000000000000000000e+00,2.545022454496940512e+01
2.594517518489955421e+01,-2.754834723133854912e-01,-1.064480276922244451e-02,0.000000000000000000e+00,2.594663954768652658e+01
2.644156206303703982e+01,-2.807676123150809055e-01,-1.064480276922244451e-02,0.000000000000000000e+00,2.644305455040364450e+01
2.693794894117452188e+01,-2.860517523167763199e-01,-1.064480276922244451e-02,0.000000000000000000e+00,2.693946955312075886e+01
2.743433581931201104e+01,-2.913358923184717897e-01,-1.064480276922244451e-02,0.000000000000000000e+00,2.743588455583788033e+01
2.793072269744949665e+01,-2.966200323201672040e-01,-1.064480276922244451e-02,0.000000000000000000e+00,2.793229955855499824e+01
2.842710957558698226e+01,-3.019041723218626738e-01,-1.064480276922244451e-02,0.000000000000000000e+00,2.842871456127211616e+01
2.892349645372446787e+01,-3.071883123235580881e-01,-1.064480276922244451e-02,0.000000000000000000e+00,2.892512956398923407e+01
2.941988333186195703e+01,-3.124724523252535024e-01,-1.064480276922244451e-02,0.000000000000000000e+00,2.942154456670635554e+01
2.991627020999944619e+01,-3.177565923269490278e-01,-1.064480276922244451e-02,0.000000000000000000e+00,2.991795956942347701e+01
3.041265708813692470e+01,-3.230407323286443866e-01,-1.064480276922244451e-02,0.000000000000000000e+00,3.041437457214058782e+01
3.090904396627441386e+01,-3.283248723303399119e-01,-1.064480276922244451e-02,0.000000000000000000e+00,3.091078957485770928e+01
3.140543084441189592e+01,-3.336090123320352707e-01,-1.064480276922244451e-02,0.000000000000000000e+00,3.140720457757482365e+01
3.190181772254938508e+01,-3.388931523337307405e-01,-1.064480276922244451e-02,0.000000000000000000e+00,3.190361958029194511e+01
3.239820460068687424e+01,-3.441772923354262104e-01,-1.064480276922244451e-02,0.000000000000000000e+00,3.240003458300906658e+01
3.289459147882435985e+01,-3.494614323371216247e-01,-1.064480276922244451e-02,0.000000000000000000e+00,3.289644958572618805e+01
3.339097835696184546e+01,-3.547455723388170945e-01,-1.064480276922244451e-02,0.000000000000000000e+00,3.339286458844330951e+01
3.388736523509932397e+01,-3.600297123405124533e-01,-1.064480276922244451e-02,0.000000000000000000e+00,3.388927959116042388e+01
3.438375211323681668e+01,-3.653138523422079231e-01,-1.064480276922244451e-02,0.000000000000000000e+00,3.438569459387755245e+01
3.488013899137430229e+01,-3.705979923439033930e-01,-1.064480276922244451e-02,0.000000000000000000e+00,3.488210959659467392e+01
3.537652586951178790e+01,-3.758821323455988073e-01,-1.064480276922244451e-02,0.000000000000000000e+00,3.537852459931179538e+01
3.587291274764928062e+01,-3.811662723472942771e-01,-1.064480276922244451e-02,0.000000000000000000e+00,3.587493960202892396e+01
3.636929962578675912e+01,-3.864504123489896914e-01,-1.064480276922244451e-02,0.000000000000000000e+00,3.637135460474603832e+01
3.686568650392425184e+01,-3.917345523506851612e-01,-1.064480276922244451e-02,0.000000000000000000e+00,3.686776960746316689e+01
3.736207338206173034e+01,-3.970186923523805755e-01,-1.064480276922244451e-02,0.000000000000000000e+00,3.736418461018028125e+01
3.785846026019921595e+01,-4.023028323540759899e-01,-1.064480276922244451e-02,0.000000000000000000e+00,3.786059961289740272e+01
3.835484713833670867e+01,-4.075869723557714597e-01,-1.064480276922244451e-02,0.000000000000000000e+00,3.835701461561453129e+01
3.885123401647419428e+01,-4.128711123574669850e-01,-1.064480276922244451e-02,0.000000000000000000e+00,3.885342961833165276e+01
3.934762089461167989e+01,-4.181552523591623993e-01,-1.064480276922244451e-02,0.000000000000000000e+00,3.934984462104877423e+01
3.984400777274916550e+01,-4.234393923608578136e-01,-1.064480276922244451e-02,0.000000000000000000e+00,3.984625962376589570e+01
4.034039465088665111e+01,-4.287235323625532279e-01,-1.064480276922244451e-02,0.000000000000000000e+00,4.034267462648301716e+01
4.083678152902413672e+01,-4.340076723642486978e-01,-1.064480276922244451e-02,0.000000000000000000e+00,4.083908962920013863e+01
4.133316840716162233e+01,-4.392918123659441121e-01,-1.064480276922244451e-02,0.000000000000000000e+00,4.133550463191726010e+01
4.182955528529910794e+01,-4.445759523676395264e-01,-1.064480276922244451e-02,0.000000000000000000e+00,4.183191963463438157e+01
4.232594216343660065e+01,-4.498600923693350517e-01,-1.064480276922244451e-02,0.000000000000000000e+00,4.232833463735151014e+01
4.282232904157407916e+01,-4.551442323710304105e-01,-1.064480276922244451e-02,0.000000000000000000e+00,4.282474964006862450e+01
4.331871591971157187e+01,-4.604283723727258248e-01,-1.064480276922244451e-02,0.000000000000000000e+00,4.332116464278575307e+01
4.381510279784905748e+01,-4.657125123744213502e-01,-1.064480276922244451e-02,0.000000000000000000e+00,4.381757964550287454e+01
4.431148967598653599e+01,-4.709966523761167645e-01,-1.064480276922244451e-02,0.000000000000000000e+00,4.431399464821998890e+01
4.480787655412402870e+01,-4.762807923778122343e-01,-1.064480276922244451e-02,0.000000000000000000e+00,4.481040965093711748e+01
4.530426343226150721e+01,-4.815649323795076486e-01,-1.064480276922244451e-02,0.000000000000000000e+00,4.530682465365423184e+01
4.580065031039899992e+01,-4.868490723812030629e-01,-1.064480276922244451e-02,0.000000000000000000e+00,4.580323965637136041e+01
4.629703718853648553e+01,-4.921332123828985883e-01,-1.064480276922244451e-02,0.000000000000000000e+00,4.629965465908848188e+01
4.679342406667397114e+01,-4.974173523845940026e-01,-1.064480276922244451e-02,0.000000000000000000e+00,4.679606966180560335e+01
4.728981094481146386e+01,-5.027014923862893614e-01,-1.064480276922244451e-02,0.000000000000000000e+00,4.729248466452273192e+01
4.778619782294894236e+01,-5.079856323879847757e-01,-1.064480276922244451e-02,0.000000000000000000e+00,4.778889966723984628e+01
4.828258470108642797e+01,-5.132697723896803010e-01,-1.064480276922244451e-02,0.000000000000000000e+00,4.828531466995696775e+01
4.877897157922392068e+01,-5.185539123913757154e-01,-1.064480276922244451e-02,0.000000000000000000e+00,4.878172967267409632e+01
4.927535845736139919e+01,-5.238380523930711297e-01,-1.064480276922244451e-02,0.000000000000000000e+00,4.927814467539121068e+01
4.977174533549889190e+01,-5.291221923947666550e-01,-1.064480276922244451e-02,0.000000000000000000e+00,4.977455967810833926e+01
5.026813221363637751e+01,-5.344063323964620693e-01,-1.064480276922244451e-02,0.000000000000000000e+00,5.027097468082546072e+01
5.076451909177386312e+01,-5.396904723981574836e-01,-1.064480276922244451e-02,0.000000000000000000e+00,5.076738968354258219e+01
5.126090596991134873e+01,-5.449746123998528979e-01,-1.064480276922244451e-02,0.000000000000000000e+00,5.126380468625970366e+01
5.175729284804884145e+01,-5.502587524015484233e-01,-1.064480276922244451e-02,0.000000000000000000e+00,5.176021968897683223e+01
5.225367972618631995e+01,-5.555428924032437266e-01,-1.064480276922244451e-02,0.000000000000000000e+00,5.225663469169394659e+01
5.275006660432380556e+01,-5.608270324049392519e-01,-1.064480276922244451e-02,0.000000000000000000e+00,5.275304969441106806e+01
5.324645348246128407e+01,-5.661111724066346662e-01,-1.064480276922244451e-02,0.000000000000000000e+00,5.324946469712818242e+01
5.374284036059877678e+01,-5.713953124083301915e-01,-1.064480276922244451e-02,0.000000000000000000e+00,5.374587969984531099e+01
5.423922723873626239e+01,-5.766794524100257169e-01,-1.064480276922244451e-02,0.000000000000000000e+00,5.424229470256243246e+01
5.473561411687375511e+01,-5.819635924117211312e-01,-1.064480276922244451e-02,0.000000000000000000e+00,5.473870970527956104e+01
5.523200099501123361e+01,-5.872477324134164345e-01,-1.064480276922244451e-02,0.000000000000000000e+00,5.523512470799667540e+01
5.572838787314871922e+01,-5.925318724151118488e-01,-1.064480276922244451e-02,0.000000000000000000e+00,5.573153971071379686e+01
5.622477475128621194e+01,-5.978160124168073741e-01,-1.064480276922244451e-02,0.000000000000000000e+00,5.622795471343092544e+01
5.672116162942369755e+01,-6.031001524185027884e-01,-1.064480276922244451e-02,0.000000000000000000e+00,5.672436971614804690e+01
5.721754850756119026e+01,-6.083842924201983138e-01,-1.064480276922244451e-02,0.000000000000000000e+00,5.722078471886517548e+01
5.771393538569866877e+01,-6.136684324218936171e-01,-1.064480276922244451e-02,0.000000000000000000e+00,5.771719972158228984e+01
5.821032226383615438e+01,-6.189525724235891424e-01,-1.064480276922244451e-02,0.000000000000000000e+00,5.821361472429941131e+01
5.870670914197364709e+01,-6.242367124252845567e-01,-1.064480276922244451e-02,0.000000000000000000e+00,5.871002972701653988e+01
5.920309602011113270e+01,-6.295208524269800821e-01,-1.064480276922244451e-02,0.000000000000000000e+00,5.920644472973366135e+01
5.969948289824862542e+01,-6.348049924286754964e-01,-1.064480276922244451e-02,0.000000000000000000e+00,5.970285973245078992e+01
6.019586977638608971e+01,-6.400891324303709107e-01,-1.064480276922244451e-02,0.000000000000000000e+00,6.019927473516789007e+01
6.069225665452358243e+01,-6.453732724320662140e-01,-1.064480276922244451e-02,0.000000000000000000e+00,6.069568973788501864e+01
6.118864353266106804e+01,-6.506574124337617393e-01,-1.064480276922244451e-02,0.000000000000000000e+00,6.119210474060214011e+01
6.168503041079856075e+01,-6.559415524354572646e-01,-1.064480276922244451e-02,0.000000000000000000e+00,6.168851974331926868e+01
6.218141728893604636e+01,-6.612256924371526789e-01,-1.064480276922244451e-02,0.000000000000000000e+00,6.218493474603639015e+01
6.267780416707352487e+01,-6.665098324388480933e-01,-1.064480276922244451e-02,0.000000000000000000e+00,6.268134974875350451e+01
6.317419104521101758e+01,-6.717939724405435076e-01,-1.064480276922244451e-02,0.000000000000000000e+00,6.317776475147063309e+01
6.367057792334850319e+01,-6.770781124422390329e-01,-1.064480276922244451e-02,0.000000000000000000e+00,6.367417975418775455e+01
6.416696480148598880e+01,-6.823622524439344472e-01,-1.064480276922244451e-02,0.000000000000000000e+00,6.417059475690487602e+01
6.466335167962348862e+01,-6.876463924456298615e-01,-1.064480276922244451e-02,0.000000000000000000e+00,6.466700975962200459e+01
6.515973855776096002e+01,-6.929305324473252758e-01,-1.064480276922244451e-02,0.000000000000000000e+00,6.516342476233910475e+01
6.565612543589844563e+01,-6.982146724490206902e-01,-1.064480276922244451e-02,0.000000000000000000e+00,6.565983976505621911e+01
6.615251231403593124e+01,-7.034988124507161045e-01,-1.064480276922244451e-02,0.000000000000000000e+00,6.615625476777333347e+01
6.664889919217343106e+01,-7.087829524524116298e-01,-1.064480276922244451e-02,0.000000000000000000e+00,6.665266977049046204e+01
6.714528607031090246e+01,-7.140670924541071551e-01,-1.064480276922244451e-02,0.000000000000000000e+00,6.714908477320756219e+01
6.764167294844838807e+01,-7.193512324558024584e-01,-1.064480276922244451e-02,0.000000000000000000e+00,6.764549977592467656e+01
6.813805982658587368e+01,-7.246353724574979838e-01,-1.064480276922244451e-02,0.000000000000000000e+00,6.814191477864179092e+01
6.863444670472335929e+01,-7.299195124591933981e-01,-1.064480276922244451e-02,0.000000000000000000e+00,6.863832978135890528e+01
6.913083358286084490e+01,-7.352036524608888124e-01,-1.064480276922244451e-02,0.000000000000000000e+00,6.913474478407601964e+01
6.962722046099834472e+01,-7.404877924625842267e-01,-1.064480276922244451e-02,0.000000000000000000e+00,6.963115978679314821e+01
7.012360733913581612e+01,-7.457719324642796410e-01,-1.064480276922244451e-02,0.000000000000000000e+00,7.012757478951024837e+01
7.061999421727330173e+01,-7.510560724659750553e-01,-1.064480276922244451e-02,0.000000000000000000e+00,7.062398979222736273e+01
7.111638109541080155e+01,-7.563402124676705807e-01,-1.064480276922244451e-02,0.000000000000000000e+00,7.112040479494449130e+01
7.161276797354828716e+01,-7.616243524693661060e-01,-1.064480276922244451e-02,0.000000000000000000e+00,7.161681979766160566e+01
7.210915485168577277e+01,-7.669084924710615203e-01,-1.064480276922244451e-02,0.000000000000000000e+00,7.211323480037872002e+01
7.260554172982325838e+01,-7.721926324727568236e-01,-1.064480276922244451e-02,0.000000000000000000e+00,7.260964980309583439e+01
7.310192860796074399e+01,-7.774767724744523489e-01,-1.064480276922244451e-02,0.000000000000000000e+00,7.310606480581294875e+01
7.359831548609822960e+01,-7.827609124761478743e-01,-1.064480276922244451e-02,0.000000000000000000e+00,7.360247980853006311e+01
7.409470236423571521e+01,-7.880450524778432886e-01,-1.064480276922244451e-02,0.000000000000000000e+00,7.409889481124717747e+01
7.459108924237320082e+01,-7.933291924795385919e-01,-1.064480276922244451e-02,0.000000000000000000e+00,7.459530981396429183e+01
7.508747612051068643e+01,-7.986133324812341172e-01,-1.064480276922244451e-02,0.000000000000000000e+00,7.509172481668140620e+01
7.558386299864817204e+01,-8.038974724829294205e-01,-1.064480276922244451e-02,0.000000000000000000e+00,7.558813981939852056e+01
7.608024987678565765e+01,-8.091816124846249458e-01,-1.064480276922244451e-02,0.000000000000000000e+00,7.608455482211563492e+01
7.657663675492314326e+01,-8.144657524863204712e-01,-1.064480276922244451e-02,0.000000000000000000e+00,7.658096982483274928e+01
7.707302363306062887e+01,-8.197498924880159965e-01,-1.064480276922244451e-02,0.000000000000000000e+00,7.707738482754986364e+01
7.756941051119812869e+01,-8.250340324897114108e-01,-1.064480276922244451e-02,0.000000000000000000e+00,7.757379983026699222e+01
7.806579738933560009e+01,-8.303181724914068251e-01,-1.064480276922244451e-02,0.000000000000000000e+00,7.807021483298409237e+01
7.856218426747308570e+01,-8.356023124931022394e-01,-1.064480276922244451e-02,0.000000000000000000e+00,7.856662983570120673e+01
7.905857114561058552e+01,-8.408864524947976538e-01,-1.064480276922244451e-02,0.000000000000000000e+00,7.906304483841833530e+01
7.955495802374807113e+01,-8.461705924964930681e-01,-1.064480276922244451e-02,0.000000000000000000e+00,7.955945984113544966e+01
8.005134490188555674e+01,-8.514547324981885934e-01,-1.064480276922244451e-02,0.000000000000000000e+00,8.005587484385256403e+01
8.054773178002304235e+01,-8.567388724998838967e-01,-1.064480276922244451e-02,0.000000000000000000e+00,8.055228984656967839e+01
8.104411865816051375e+01,-8.620230125015794220e-01,-1.064480276922244451e-02,0.000000000000000000e+00,8.104870484928677854e+01
8.154050553629799936e+01,-8.673071525032749474e-01,-1.064480276922244451e-02,0.000000000000000000e+00,8.154511985200389290e+01
8.203689241443548497e+01,-8.725912925049703617e-01,-1.064480276922244451e-02,0.000000000000000000e+00,8.204153485472100726e+01
8.253327929257298479e+01,-8.778754325066657760e-01,-1.064480276922244451e-02,0.000000000000000000e+00,8.253794985743813584e+01
8.302966617071045619e+01,-8.831595725083610793e-01,-1.064480276922244451e-02,0.000000000000000000e+00,8.303436486015523599e+01
8.352605304884794180e+01,-8.884437125100566046e-01,-1.064480276922244451e-02,0.000000000000000000e+00,8.353077986287235035e+01
8.402243992698544162e+01,-8.937278525117520189e-01,-1.064480276922244451e-02,0.000000000000000000e+00,8.402719486558947892e+01
8.451882680512292723e+01,-8.990119925134475443e-01,-1.064480276922244451e-02,0.000000000000000000e+00,8.452360986830659328e+01
8.501521368326041284e+01,-9.042961325151430696e-01,-1.064480276922244451e-02,0.000000000000000000e+00,8.502002487102370765e+01
8.551160056139789845e+01,-9.095802725168383729e-01,-1.064480276922244451e-02,0.000000000000000000e+00,8.551643987374082201e+01
8.600798743953538406e+01,-9.148644125185338982e-01,-1.064480276922244451e-02,0.000000000000000000e+00,8.601285487645793637e+01
8.650437431767286967e+01,-9.201485525202292015e-01,-1.064480276922244451e-02,0.000000000000000000e+00,8.650926987917505073e+01
8.700076119581035528e+01,-9.254326925219247268e-01,-1.064480276922244451e-02,0.000000000000000000e+00,8.700568488189216509e+01
8.749714807394785510e+01,-9.307168325236201412e-01,-1.064480276922244451e-02,0.000000000000000000e+00,8.750209988460929367e+01
8.799353495208531228e+01,-9.360009725253155555e-01,-1.064480276922244451e-02,0.000000000000000000e+00,8.799851488732637961e+01
8.848992183022281210e+01,-9.412851125270109698e-01,-1.064480276922244451e-02,0.000000000000000000e+00,8.849492989004350818e+01
8.898630870836029771e+01,-9.465692525287064951e-01,-1.064480276922244451e-02,0.000000000000000000e+00,8.899134489276062254e+01
8.948269558649778332e+01,-9.518533925304020205e-01,-1.064480276922244451e-02,0.000000000000000000e+00,8.948775989547773690e+01
8.997908246463526893e+01,-9.571375325320973237e-01,-1.064480276922244451e-02,0.000000000000000000e+00,8.998417489819485127e+01
9.047546934277275454e+01,-9.624216725337928491e-01,-1.064480276922244451e-02,0.000000000000000000e+00,9.048058990091196563e+01
9.097185622091024015e+01,-9.677058125354881524e-01,-1.064480276922244451e-02,0.000000000000000000e+00,9.097700490362907999e+01
9.146824309904772576e+01,-9.729899525371836777e-01,-1.064480276922244451e-02,0.000000000000000000e+00,9.147341990634619435e+01
9.196462997718522558e+01,-9.782740925388790920e-01,-1.064480276922244451e-02,0.000000000000000000e+00,9.196983490906332293e+01
9.246101685532271119e+01,-9.835582325405746174e-01,-1.064480276922244451e-02,0.000000000000000000e+00,9.246624991178043729e+01
9.295740373346018259e+01,-9.888423725422699206e-01,-1.064480276922244451e-02,0.000000000000000000e+00,9.296266491449753744e+01
9.345379061159768241e+01,-9.941265125439654460e-01,-1.064480276922244451e-02,0.000000000000000000e+00,9.345907991721466601e+01
9.395017748973516802e+01,-9.994106525456609713e-01,-1.064480276922244451e-02,0.000000000000000000e+00,9.395549491993178037e+01
9.444656436787265363e+01,-1.004694792547356386e+00,-1.064480276922244451e-02,0.000000000000000000e+00,9.445190992264889474e+01
9.494295124601012503e+01,-1.009978932549051578e+00,-1.064480276922244451e-02,0.000000000000000000e+00,9.494832492536599489e+01
9.546230795364310495e+01,-1.004716616454943923e+00,3.090885613620814737e-02,8.000000000000000167e-02,9.546770829219057930e+01
9.598099773190867268e+01,-9.778838816546995272e-01,7.246251504163873924e-02,8.000000000000000167e-02,9.598709165901516371e+01
9.649812508462576943e+01,-9.295270537412816392e-01,1.140161739470693381e-01,8.000000000000000167e-02,9.650647502583974813e+01
9.701279721307561488e+01,-8.597296187530454326e-01,1.555698328524999230e-01,8.000000000000000167e-02,9.702585839266431833e+01
9.752412555738133904e+01,-7.686120790385984058e-01,1.971234917579305079e-01,8.000000000000000167e-02,9.754524175948890274e+01
9.803122733056932248e+01,-6.563317452145347453e-01,2.386771506633611206e-01,8.000000000000000167e-02,9.806462512631348716e+01
9.853322704266402354e+01,-5.230824645752572000e-01,2.802308095687916500e-01,8.000000000000000167e-02,9.858400849313807157e+01
9.902925801218468393e+01,-3.690942864237142795e-01,3.217844684742222627e-01,8.000000000000000167e-02,9.910339185996265599e+01
9.951846386243468601e+01,-1.946330649009384017e-01,3.633381273796528754e-01,8.000000000000000167e-02,9.962277522678724040e+01
9.999999999999998579e+01,1.387778780781445676e-15,4.048917862850834881e-01,8.000000000000000167e-02,1.001421585936118248e+02
1.004608768880496541e+02,2.086570730530243334e-01,4.453673769776467228e-01,8.000000000000000167e-02,1.006480689414733831e+02
1.009129330939923790e+02,4.357924220017198036e-01,4.858429676702100686e-01,8.000000000000000167e-02,1.011539792893349130e+02
1.013554281272538731e+02,6.810339878348781184e-01,5.263185583627734143e-01,8.000000000000000167e-02,1.016598896371964571e+02
1.017876371589367039e+02,9.439800526564803285e-01,5.667941490553367601e-01,8.000000000000000167e-02,1.021657999850579870e+02
1.022088522091262490e+02,1.224199897719616015e+00,6.072697397478999948e-01,8.000000000000000167e-02,1.026717103329195311e+02
1.026183833065969395e+02,1.521234508965232823e+00,6.477453304404633405e-01,8.000000000000000167e-02,1.031776206807810752e+02
1.030155596190195553e+02,1.834597328910023251e+00,6.882209211330265752e-01,8.000000000000000167e-02,1.036835310286426051e+02
1.033997305518179672e+02,2.163775053651810332e+00,7.286965118255899210e-01,8.000000000000000167e-02,1.041894413765041492e+02
1.037702668138754376e+02,2.508228473686894944e+00,7.691721025181532667e-01,8.000000000000000167e-02,1.046953517243656933e+02
1.041277765758416081e+02,2.854320547379744610e+00,7.691721025181532667e-01,0.000000000000000000e+00,1.051929388558051244e+02
1.044852863378077785e+02,3.200412621072593833e+00,7.691721025181532667e-01,0.000000000000000000e+00,1.056905259872445555e+02
1.048427960997739490e+02,3.546504694765443499e+00,7.691721025181532667e-01,0.000000000000000000e+00,1.061881131186839866e+02
1.052003058617401337e+02,3.892596768458293166e+00,7.691721025181532667e-01,0.000000000000000000e+00,1.066857002501234319e+02
1.055578156237063041e+02,4.238688842151142389e+00,7.691721025181532667e-01,0.000000000000000000e+00,1.071832873815628631e+02
1.059153253856724746e+02,4.584780915843992055e+00,7.691721025181532667e-01,0.000000000000000000e+00,1.076808745130022942e+02
1.062728351476386592e+02,4.930872989536841722e+00,7.691721025181532667e-01,0.000000000000000000e+00,1.081784616444417395e+02
1.066303449096048297e+02,5.276965063229691388e+00,7.691721025181532667e-01,0.000000000000000000e+00,1.086760487758811706e+02
1.069878546715710002e+02,5.623057136922541055e+00,7.691721025181532667e-01,0.000000000000000000e+00,1.091736359073206017e+02
1.073453644335371706e+02,5.969149210615389833e+00,7.691721025181532667e-01,0.000000000000000000e+00,1.096712230387600329e+02
1.077028741955033411e+02,6.315241284308240388e+00,7.691721025181532667e-01,0.000000000000000000e+00,1.101688101701994640e+02
1.080603839574695257e+02,6.661333358001090055e+00,7.691721025181532667e-01,0.000000000000000000e+00,1.106663973016389093e+02
1.084178937194356962e+02,7.007425431693937945e+00,7.691721025181532667e-01,0.000000000000000000e+00,1.111639844330783404e+02
1.087754034814018667e+02,7.353517505386787612e+00,7.691721025181532667e-01,0.000000000000000000e+00,1.116615715645177715e+02
1.091329132433680371e+02,7.699609579079637278e+00,7.691721025181532667e-01,0.000000000000000000e+00,1.121591586959572027e+02
1.094904230053342218e+02,8.045701652772486057e+00,7.691721025181532667e-01,0.000000000000000000e+00,1.126567458273966480e+02
1.098479327673003922e+02,8.391793726465335723e+00,7.691721025181532667e-01,0.000000000000000000e+00,1.131543329588360791e+02
1.102054425292665627e+02,8.737885800158185390e+00,7.691721025181532667e-01,0.000000000000000000e+00,1.136519200902755102e+02
1.105629522912327332e+02,9.083977873851035056e+00,7.691721025181532667e-01,0.000000000000000000e+00,1.141495072217149414e+02
1.109204620531989178e+02,9.430069947543884723e+00,7.691721025181532667e-01,0.000000000000000000e+00,1.146470943531543867e+02
1.112779718151650883e+02,9.776162021236734390e+00,7.691721025181532667e-01,0.000000000000000000e+00,1.151446814845938178e+02
1.116354815771312587e+02,1.012225409492958406e+01,7.691721025181532667e-01,0.000000000000000000e+00,1.156422686160332489e+02
1.119929913390974292e+02,1.046834616862243195e+01,7.691721025181532667e-01,0.000000000000000000e+00,1.161398557474726800e+02
1.123505011010636139e+02,1.081443824231528339e+01,7.691721025181532667e-01,0.000000000000000000e+00,1.166374428789121254e+02
1.127080108630297843e+02,1.116053031600813306e+01,7.691721025181532667e-01,0.000000000000000000e+00,1.171350300103515565e+02
1.130655206249959548e+02,1.150662238970098095e+01,7.691721025181532667e-01,0.000000000000000000e+00,1.176326171417909876e+02
1.134230303869621252e+02,1.185271446339383061e+01,7.691721025181532667e-01,0.000000000000000000e+00,1.181302042732304187e+02
1.137805401489283099e+02,1.219880653708668028e+01,7.691721025181532667e-01,0.000000000000000000e+00,1.186277914046698641e+02
1.141380499108944804e+02,1.254489861077953172e+01,7.691721025181532667e-01,0.000000000000000000e+00,1.191253785361092952e+02
1.144955596728606508e+02,1.289099068447238139e+01,7.691721025181532667e-01,0.000000000000000000e+00,1.196229656675487263e+02
1.148530694348268213e+02,1.323708275816523106e+01,7.691721025181532667e-01,0.000000000000000000e+00,1.201205527989881574e+02
1.152105791967930060e+02,1.358317483185807717e+01,7.691721025181532667e-01,0.000000000000000000e+00,1.206181399304276027e+02
1.155680889587591764e+02,1.392926690555092684e+01,7.691721025181532667e-01,0.000000000000000000e+00,1.211157270618670339e+02
1.159255987207253469e+02,1.427535897924377650e+01,7.691721025181532667e-01,0.000000000000000000e+00,1.216133141933064650e+02
1.162831084826915173e+02,1.462145105293662617e+01,7.691721025181532667e-01,0.000000000000000000e+00,1.221109013247458961e+02
1.166406182446577020e+02,1.496754312662947584e+01,7.691721025181532667e-01,0.000000000000000000e+00,1.226084884561853414e+02
1.169981280066238725e+02,1.531363520032232373e+01,7.691721025181532667e-01,0.000000000000000000e+00,1.231060755876247725e+02
1.173556377685900429e+02,1.565972727401517339e+01,7.691721025181532667e-01,0.000000000000000000e+00,1.236036627190642037e+02
1.177131475305562134e+02,1.600581934770802306e+01,7.691721025181532667e-01,0.000000000000000000e+00,1.241012498505036348e+02
1.180706572925223838e+02,1.635191142140087095e+01,7.691721025181532667e-01,0.000000000000000000e+00,1.245988369819430659e+02
1.184281670544885685e+02,1.669800349509372239e+01,7.691721025181532667e-01,0.000000000000000000e+00,1.250964241133825112e+02
1.187856768164547390e+02,1.704409556878657028e+01,7.691721025181532667e-01,0.000000000000000000e+00,1.255940112448219423e+02
1.191431865784209094e+02,1.739018764247942173e+01,7.691721025181532667e-01,0.000000000000000000e+00,1.260915983762613735e+02
1.195006963403870941e+02,1.773627971617226962e+01,7.691721025181532667e-01,0.000000000000000000e+00,1.265891855077008188e+02
1.198582061023532646e+02,1.808237178986512106e+01,7.691721025181532667e-01,0.000000000000000000e+00,1.270867726391402499e+02
1.202157158643194350e+02,1.842846386355796895e+01,7.691721025181532667e-01,0.000000000000000000e+00,1.275843597705796810e+02
1.205732256262856055e+02,1.877455593725082039e+01,7.691721025181532667e-01,0.000000000000000000e+00,1.280819469020191264e+02
1.209307353882517759e+02,1.912064801094366828e+01,7.691721025181532667e-01,0.000000000000000000e+00,1.285795340334585717e+02
1.212882451502179606e+02,1.946674008463651973e+01,7.691721025181532667e-01,0.000000000000000000e+00,1.290771211648980170e+02
1.216457549121841311e+02,1.981283215832936762e+01,7.691721025181532667e-01,0.000000000000000000e+00,1.295747082963374623e+02
1.220032646741503015e+02,2.015892423202221906e+01,7.691721025181532667e-01,0.000000000000000000e+00,1.300722954277769077e+02
1.223607744361164862e+02,2.050501630571506695e+01,7.691721025181532667e-01,0.000000000000000000e+00,1.305698825592163530e+02
1.227182841980826566e+02,2.085110837940791839e+01,7.691721025181532667e-01,0.000000000000000000e+00,1.310674696906557983e+02
1.230757939600488271e+02,2.119720045310076628e+01,7.691721025181532667e-01,0.000000000000000000e+00,1.315650568220952437e+02
1.234333037220149976e+02,2.154329252679361772e+01,7.691721025181532667e-01,0.000000000000000000e+00,1.320626439535346890e+02
1.237908134839811680e+02,2.188938460048646562e+01,7.691721025181532667e-01,0.000000000000000000e+00,1.325602310849741343e+02
1.241483232459473527e+02,2.223547667417931706e+01,7.691721025181532667e-01,0.000000000000000000e+00,1.330578182164135796e+02
1.245058330079135231e+02,2.258156874787216495e+01,7.691721025181532667e-01,0.000000000000000000e+00,1.335554053478530250e+02
1.248633427698796936e+02,2.292766082156501639e+01,7.691721025181532667e-01,0.000000000000000000e+00,1.340529924792924703e+02
1.252208525318458783e+02,2.327375289525786428e+01,7.691721025181532667e-01,0.000000000000000000e+00,1.345505796107319156e+02
1.255783622938120487e+02,2.361984496895071572e+01,7.691721025181532667e-01,0.000000000000000000e+00,1.350481667421713610e+02
1.259358720557782192e+02,2.396593704264356361e+01,7.691721025181532667e-01,0.000000000000000000e+00,1.355457538736108063e+02
1.262933818177443897e+02,2.431202911633640795e+01,7.691721025181532667e-01,0.000000000000000000e+00,1.360433410050502232e+02
1.266508915797105601e+02,2.465812119002925940e+01,7.691721025181532667e-01,0.000000000000000000e+00,1.365409281364896685e+02
1.270084013416767448e+02,2.500421326372210729e+01,7.691721025181532667e-01,0.000000000000000000e+00,1.370385152679291139e+02
1.273659111036429152e+02,2.535030533741495873e+01,7.691721025181532667e-01,0.000000000000000000e+00,1.375361023993685592e+02
1.277234208656090857e+02,2.569639741110780662e+01,7.691721025181532667e-01,0.000000000000000000e+00,1.380336895308080045e+02
1.280809306275752704e+02,2.604248948480065806e+01,7.691721025181532667e-01,0.000000000000000000e+00,1.385312766622474498e+02
1.284384403895414266e+02,2.638858155849350595e+01,7.691721025181532667e-01,0.000000000000000000e+00,1.390288637936868668e+02
1.287959501515076113e+02,2.673467363218635739e+01,7.691721025181532667e-01,0.000000000000000000e+00,1.395264509251263121e+02
1.291534599134737960e+02,2.708076570587920529e+01,7.691721025181532667e-01,0.000000000000000000e+00,1.400240380565657574e+02
1.295109696754399522e+02,2.742685777957205673e+01,7.691721025181532667e-01,0.000000000000000000e+00,1.405216251880051743e+02
1.298684794374061369e+02,2.777294985326490462e+01,7.691721025181532667e-01,0.000000000000000000e+00,1.410192123194446197e+02
1.302259891993722931e+02,2.811904192695775606e+01,7.691721025181532667e-01,0.000000000000000000e+00,1.415167994508840366e+02
1.305834989613384778e+02,2.846513400065060395e+01,7.691721025181532667e-01,0.000000000000000000e+00,1.420143865823234819e+02
1.309410087233046625e+02,2.881122607434345539e+01,7.691721025181532667e-01,0.000000000000000000e+00,1.425119737137629272e+02
1.312985184852708187e+02,2.915731814803630328e+01,7.691721025181532667e-01,0.000000000000000000e+00,1.430095608452023441e+02
1.316560282472370034e+02,2.950341022172915473e+01,7.691721025181532667e-01,0.000000000000000000e+00,1.435071479766417895e+02
1.320135380092031596e+02,2.984950229542200262e+01,7.691721025181532667e-01,0.000000000000000000e+00,1.440047351080812064e+02
1.323710477711693443e+02,3.019559436911485406e+01,7.691721025181532667e-01,0.000000000000000000e+00,1.445023222395206517e+02
1.327285575331355290e+02,3.054168644280770195e+01,7.691721025181532667e-01,0.000000000000000000e+00,1.449999093709600970e+02
1.330860672951016852e+02,3.088777851650055339e+01,7.691721025181532667e-01,0.000000000000000000e+00,1.454974965023995139e+02
1.334435770570678699e+02,3.123387059019340128e+01,7.691721025181532667e-01,0.000000000000000000e+00,1.459950836338389593e+02
1.338010868190340261e+02,3.157996266388625273e+01,7.691721025181532667e-01,0.000000000000000000e+00,1.464926707652783762e+02
1.341585965810002108e+02,3.192605473757910062e+01,7.691721025181532667e-01,0.000000000000000000e+00,1.469902578967178215e+02
1.345161063429663955e+02,3.227214681127195206e+01,7.691721025181532667e-01,0.000000000000000000e+00,1.474878450281572668e+02
1.348736161049325801e+02,3.261823888496480350e+01,7.691721025181532667e-01,0.000000000000000000e+00,1.479854321595967122e+02
1.352311258668987364e+02,3.296433095865764784e+01,7.691721025181532667e-01,0.000000000000000000e+00,1.484830192910361291e+02
1.355886356288649210e+02,3.331042303235049218e+01,7.691721025181532667e-01,0.000000000000000000e+00,1.489806064224755744e+02
1.359461453908310773e+02,3.365651510604334362e+01,7.691721025181532667e-01,0.000000000000000000e+00,1.494781935539149913e+02
1.363036551527972620e+02,3.400260717973619506e+01,7.691721025181532667e-01,0.000000000000000000e+00,1.499757806853544366e+02
1.366611649147634466e+02,3.434869925342904651e+01,7.691721025181532667e-01,0.000000000000000000e+00,1.504733678167938820e+02
1.370186746767296029e+02,3.469479132712189084e+01,7.691721025181532667e-01,0.000000000000000000e+00,1.509709549482332989e+02
1.373761844386957875e+02,3.504088340081474229e+01,7.691721025181532667e-01,0.000000000000000000e+00,1.514685420796727442e+02
1.377336942006619438e+02,3.538697547450759373e+01,7.691721025181532667e-01,0.000000000000000000e+00,1.519661292111121611e+02
1.380912039626281285e+02,3.573306754820044517e+01,7.691721025181532667e-01,0.000000000000000000e+00,1.524637163425516064e+02
1.384487137245943131e+02,3.607915962189329662e+01,7.691721025181532667e-01,0.000000000000000000e+00,1.529613034739910518e+02
1.388062234865604978e+02,3.642525169558614806e+01,7.691721025181532667e-01,0.000000000000000000e+00,1.534588906054304971e+02
1.391637332485266541e+02,3.677134376927899950e+01,7.691721025181532667e-01,0.000000000000000000e+00,1.539564777368699140e+02
1.395212430104928387e+02,3.711743584297184384e+01,7.691721025181532667e-01,0.000000000000000000e+00,1.544540648683093593e+02
1.398787527724589950e+02,3.746352791666469528e+01,7.691721025181532667e-01,0.000000000000000000e+00,1.549516519997487762e+02
1.402362625344251796e+02,3.780961999035754673e+01,7.691721025181532667e-01,0.000000000000000000e+00,1.554492391311882216e+02
1.405937722963913643e+02,3.815571206405039817e+01,7.691721025181532667e-01,0.000000000000000000e+00,1.559468262626276669e+02
1.409512820583575206e+02,3.850180413774324251e+01,7.691721025181532667e-01,0.000000000000000000e+00,1.564444133940670838e+02
1.413087918203237052e+02,3.884789621143608684e+01,7.691721025181532667e-01,0.000000000000000000e+00,1.569420005255065291e+02
1.416663015822898615e+02,3.919398828512893829e+01,7.691721025181532667e-01,0.000000000000000000e+00,1.574395876569459460e+02
1.420238113442560461e+02,3.954008035882178973e+01,7.691721025181532667e-01,0.000000000000000000e+00,1.579371747883853914e+02
1.423813211062222308e+02,3.988617243251464117e+01,7.691721025181532667e-01,0.000000000000000000e+00,1.584347619198248367e+02
1.427388308681883871e+02,4.023226450620748551e+01,7.691721025181532667e-01,0.000000000000000000e+00,1.589323490512642536e+02
1.430963406301545717e+02,4.057835657990033695e+01,7.691721025181532667e-01,0.000000000000000000e+00,1.594299361827036989e+02
1.434538503921207564e+02,4.092444865359318840e+01,7.691721025181532667e-01,0.000000000000000000e+00,1.599275233141431443e+02
1.438113601540869126e+02,4.127054072728603984e+01,7.691721025181532667e-01,0.000000000000000000e+00,1.604251104455825612e+02
1.441688699160530973e+02,4.161663280097888418e+01,7.691721025181532667e-01,0.000000000000000000e+00,1.609226975770220065e+02
1.445263796780192820e+02,4.196272487467173562e+01,7.691721025181532667e-01,0.000000000000000000e+00,1.614202847084614518e+02
1.448838894399854382e+02,4.230881694836458706e+01,7.691721025181532667e-01,0.000000000000000000e+00,1.619178718399008687e+02
1.452413992019516229e+02,4.265490902205743851e+01,7.691721025181532667e-01,0.000000000000000000e+00,1.624154589713403141e+02
1.455989089639177791e+02,4.300100109575028284e+01,7.691721025181532667e-01,0.000000000000000000e+00,1.629130461027797310e+02
1.459564187258839638e+02,4.334709316944313429e+01,7.691721025181532667e-01,0.000000000000000000e+00,1.634106332342191763e+02
1.463139284878501485e+02,4.369318524313598573e+01,7.691721025181532667e-01,0.000000000000000000e+00,1.639082203656586216e+02
1.466714382498163047e+02,4.403927731682883717e+01,7.691721025181532667e-01,0.000000000000000000e+00,1.644058074970980385e+02
1.470289480117824894e+02,4.438536939052168151e+01,7.691721025181532667e-01,0.000000000000000000e+00,1.649033946285374839e+02
1.473864577737486456e+02,4.473146146421453295e+01,7.691721025181532667e-01,0.000000000000000000e+00,1.654009817599769008e+02
1.477439675357148303e+02,4.507755353790738440e+01,7.691721025181532667e-01,0.000000000000000000e+00,1.658985688914163461e+02
1.481014772976810150e+02,4.542364561160023584e+01,7.691721025181532667e-01,0.000000000000000000e+00,1.663961560228557914e+02
1.484589870596471712e+02,4.576973768529308018e+01,7.691721025181532667e-01,0.000000000000000000e+00,1.668937431542952083e+02
1.488164968216133559e+02,4.611582975898592451e+01,7.691721025181532667e-01,0.000000000000000000e+00,1.673913302857346537e+02
1.491740065835795122e+02,4.646192183267877596e+01,7.691721025181532667e-01,0.000000000000000000e+00,1.678889174171740706e+02
1.495315163455456968e+02,4.680801390637162740e+01,7.691721025181532667e-01,0.000000000000000000e+00,1.683865045486135159e+02
1.498890261075118815e+02,4.715410598006447884e+01,7.691721025181532667e-01,0.000000000000000000e+00,1.688840916800529612e+02
1.502465358694780662e+02,4.750019805375732318e+01,7.691721025181532667e-01,0.000000000000000000e+00,1.693816788114924066e+02
1.506040456314442224e+02,4.784629012745017462e+01,7.691721025181532667e-01,0.000000000000000000e+00,1.698792659429318235e+02
1.509615553934103787e+02,4.819238220114302607e+01,7.691721025181532667e-01,0.000000000000000000e+00,1.703768530743712404e+02
1.513190651553765633e+02,4.853847427483587751e+01,7.691721025181532667e-01,0.000000000000000000e+00,1.708744402058106857e+02
1.516765749173427480e+02,4.888456634852872185e+01,7.691721025181532667e-01,0.000000000000000000e+00,1.713720273372501310e+02
1.520340846793089327e+02,4.923065842222157329e+01,7.691721025181532667e-01,0.000000000000000000e+00,1.718696144686895764e+02
1.523915944412750889e+02,4.957675049591442473e+01,7.691721025181532667e-01,0.000000000000000000e+00,1.723672016001289933e+02
1.527491042032412736e+02,4.992284256960727618e+01,7.691721025181532667e-01,0.000000000000000000e+00,1.728647887315684386e+02
1.531066139652074298e+02,5.026893464330012051e+01,7.691721025181532667e-01,0.000000000000000000e+00,1.733623758630078555e+02
1.534641237271736145e+02,5.061502671699297196e+01,7.691721025181532667e-01,0.000000000000000000e+00,1.738599629944473008e+02
1.538216334891397992e+02,5.096111879068582340e+01,7.691721025181532667e-01,0.000000000000000000e+00,1.743575501258867462e+02
1.541791432511059554e+02,5.130721086437867484e+01,7.691721025181532667e-01,0.000000000000000000e+00,1.748551372573261631e+02
1.545366530130721401e+02,5.165330293807151918e+01,7.691721025181532667e-01,0.000000000000000000e+00,1.753527243887656084e+02
1.548941627750382963e+02,5.199939501176437062e+01,7.691721025181532667e-01,0.000000000000000000e+00,1.758503115202050253e+02
1.552516725370044810e+02,5.234548708545722207e+01,7.691721025181532667e-01,0.000000000000000000e+00,1.763478986516444706e+02
1.556091822989706657e+02,5.269157915915005930e+01,7.691721025181532667e-01,0.000000000000000000e+00,1.768454857830839160e+02
1.559666920609368219e+02,5.303767123284291074e+01,7.691721025181532667e-01,0.000000000000000000e+00,1.773430729145233329e+02
1.563242018229030066e+02,5.338376330653575508e+01,7.691721025181532667e-01,0.000000000000000000e+00,1.778406600459627782e+02
1.566817115848691628e+02,5.372985538022860652e+01,7.691721025181532667e-01,0.000000000000000000e+00,1.783382471774021951e+02
1.570392213468353475e+02,5.407594745392145796e+01,7.691721025181532667e-01,0.000000000000000000e+00,1.788358343088416404e+02
1.573967311088015322e+02,5.442203952761430941e+01,7.691721025181532667e-01,0.000000000000000000e+00,1.793334214402810858e+02
1.577542408707677168e+02,5.476813160130716085e+01,7.691721025181532667e-01,0.000000000000000000e+00,1.798310085717205311e+02
1.581117506327338731e+02,5.511422367500000519e+01,7.691721025181532667e-01,0.000000000000000000e+00,1.803285957031599480e+02
1.584692603947000578e+02,5.546031574869285663e+01,7.691721025181532667e-01,0.000000000000000000e+00,1.808261828345993933e+02
1.588267701566662140e+02,5.580640782238570807e+01,7.691721025181532667e-01,0.000000000000000000e+00,1.813237699660388103e+02
1.591842799186323987e+02,5.615249989607855241e+01,7.691721025181532667e-01,0.000000000000000000e+00,1.818213570974782556e+02
1.595417896805985833e+02,5.649859196977140385e+01,7.691721025181532667e-01,0.000000000000000000e+00,1.823189442289177009e+02
1.598992994425647396e+02,5.684468404346425530e+01,7.691721025181532667e-01,0.000000000000000000e+00,1.828165313603571178e+02
1.602568092045309243e+02,5.719077611715710674e+01,7.691721025181532667e-01,0.000000000000000000e+00,1.833141184917965631e+02
1.606143189664970805e+02,5.753686819084995818e+01,7.691721025181532667e-01,0.000000000000000000e+00,1.838117056232359801e+02
1.609718287284632652e+02,5.788296026454280252e+01,7.691721025181532667e-01,0.000000000000000000e+00,1.843092927546754254e+02
1.613293384904294498e+02,5.822905233823565396e+01,7.691721025181532667e-01,0.000000000000000000e+00,1.848068798861148707e+02
1.616868482523956061e+02,5.857514441192850541e+01,7.691721025181532667e-01,0.000000000000000000e+00,1.853044670175542876e+02
1.620443580143617908e+02,5.892123648562134974e+01,7.691721025181532667e-01,0.000000000000000000e+00,1.858020541489937330e+02
1.624018677763279470e+02,5.926732855931420119e+01,7.691721025181532667e-01,0.000000000000000000e+00,1.862996412804331499e+02
1.627593775382941317e+02,5.961342063300705263e+01,7.691721025181532667e-01,0.000000000000000000e+00,1.867972284118725952e+02
1.631168873002603164e+02,5.995951270669990407e+01,7.691721025181532667e-01,0.000000000000000000e+00,1.872948155433120405e+02
1.634743970622265010e+02,6.030560478039275552e+01,7.691721025181532667e-01,0.000000000000000000e+00,1.877924026747514858e+02
1.638319068241926573e+02,6.065169685408559985e+01,7.691721025181532667e-01,0.000000000000000000e+00,1.882899898061909028e+02
1.641894165861588135e+02,6.099778892777845130e+01,7.691721025181532667e-01,0.000000000000000000e+00,1.887875769376303197e+02
1.645469263481249982e+02,6.134388100147130274e+01,7.691721025181532667e-01,0.000000000000000000e+00,1.892851640690697650e+02
1.649044361100911829e+02,6.168997307516414708e+01,7.691721025181532667e-01,0.000000000000000000e+00,1.897827512005092103e+02
1.652619458720573675e+02,6.203606514885699852e+01,7.691721025181532667e-01,0.000000000000000000e+00,1.902803383319486557e+02
1.656194556340235238e+02,6.238215722254984996e+01,7.691721025181532667e-01,0.000000000000000000e+00,1.907779254633880726e+02
1.659769653959896800e+02,6.272824929624270140e+01,7.691721025181532667e-01,0.000000000000000000e+00,1.912755125948274895e+02
1.663344751579558647e+02,6.307434136993555285e+01,7.691721025181532667e-01,0.000000000000000000e+00,1.917730997262669348e+02
1.666919849199220494e+02,6.342043344362839719e+01,7.691721025181532667e-01,0.000000000000000000e+00,1.922706868577063801e+02
1.670494946818882340e+02,6.376652551732123442e+01,7.691721025181532667e-01,0.000000000000000000e+00,1.927682739891458255e+02
1.674070044438543903e+02,6.411261759101408586e+01,7.691721025181532667e-01,0.000000000000000000e+00,1.932658611205852424e+02
1.677645142058205749e+02,6.445870966470693020e+01,7.691721025181532667e-01,0.000000000000000000e+00,1.937634482520246877e+02
1.681220239677867312e+02,6.480480173839978875e+01,7.691721025181532667e-01,0.000000000000000000e+00,1.942610353834641046e+02
1.684795337297529159e+02,6.515089381209263308e+01,7.691721025181532667e-01,0.000000000000000000e+00,1.947586225149035499e+02
1.688370434917191005e+02,6.549698588578549163e+01,7.691721025181532667e-01,0.000000000000000000e+00,1.952562096463429953e+02
1.691945532536852852e+02,6.584307795947833597e+01,7.691721025181532667e-01,0.000000000000000000e+00,1.957537967777824406e+02
1.695520630156514130e+02,6.618917003317118031e+01,7.691721025181532667e-01,0.000000000000000000e+00,1.962513839092218291e+02
1.699095727776175977e+02,6.653526210686403886e+01,7.691721025181532667e-01,0.000000000000000000e+00,1.967489710406612744e+02
1.702670825395837824e+02,6.688135418055688319e+01,7.691721025181532667e-01,0.000000000000000000e+00,1.972465581721007197e+02
1.706245923015499670e+02,6.722744625424972753e+01,7.691721025181532667e-01,0.000000000000000000e+00,1.977441453035401651e+02
1.709821020635161233e+02,6.757353832794258608e+01,7.691721025181532667e-01,0.000000000000000000e+00,1.982417324349795820e+02
1.713396118254823364e+02,6.791963040163544463e+01,7.691721025181532667e-01,0.000000000000000000e+00,1.987393195664190557e+02
1.716966422241918337e+02,6.827956769338744891e+01,8.097330335107456589e-01,8.000000000000000167e-02,1.992462964491232071e+02
1.720387835830447045e+02,6.865368645816509741e+01,8.502939645033380511e-01,8.000000000000000167e-02,1.997532733318273870e+02
1.723654730919659244e+02,6.904137128422520675e+01,8.908548954959304433e-01,8.000000000000000167e-02,2.002602502145315668e+02
1.726761733586109244e+02,6.944198444414782045e+01,9.314158264885228355e-01,8.000000000000000167e-02,2.007672270972357467e+02
1.729703732923562427e+02,6.985486694387465434e+01,9.719767574811152278e-01,8.000000000000000167e-02,2.012742039799398981e+02
1.732475889450253135e+02,7.027933960673024671e+01,1.012537688473707620e+00,8.000000000000000167e-02,2.017811808626440779e+02
1.735073643069652576e+02,7.071470419064287682e+01,1.053098619466300123e+00,8.000000000000000167e-02,2.022881577453482578e+02
1.737492720571663085e+02,7.116024453672737593e+01,1.093659550458892404e+00,8.000000000000000167e-02,2.027951346280524092e+02
1.739729142661893491e+02,7.161522774734039842e+01,1.134220481451484908e+00,8.000000000000000167e-02,2.033021115107565890e+02
1.741779230507452780e+02,7.207890539167033239e+01,1.174781412444077189e+00,8.000000000000000167e-02,2.038090883934607689e+02
1.743639611788495927e+02,7.255051473687871066e+01,1.215342343436669692e+00,8.000000000000000167e-02,2.043160652761649203e+02
1.745307226245568586e+02,7.302928000276803289e+01,1.255903274429261973e+00,8.000000000000000167e-02,2.048230421588691001e+02
1.746779330713620766e+02,7.351441363791184358e+01,1.296464205421854476e+00,8.000000000000000167e-02,2.053300190415732800e+02
1.748053503634414483e+02,7.400511761514823661e+01,1.337025136414446980e+00,8.000000000000000167e-02,2.058369959242774598e+02
1.749127649039898529e+02,7.450058474430537103e+01,1.377586067407039261e+00,8.000000000000000167e-02,2.063439728069816397e+02
1.750000000000000000e+02,7.500000000000001421e+01,1.418146998399631542e+00,8.000000000000000167e-02,2.068509496896858195e+02
1.750660401135937718e+02,7.549481616288773012e+01,1.458085948626909989e+00,8.000000000000000167e-02,2.073501533872466496e+02
1.751122703786328998e+02,7.599187460437407537e+01,1.498024898854188658e+00,8.000000000000000167e-02,2.078493570848075080e+02
1.751386170621107112e+02,7.649038256211210296e+01,1.537963849081467105e+00,8.000000000000000167e-02,2.083485607823683665e+02
1.751450381434981978e+02,7.698954496191024077e+01,1.577902799308745774e+00,8.000000000000000167e-02,2.088477644799292250e+02
1.751315233817631167e+02,7.748856568580221449e+01,1.617841749536024221e+00,8.000000000000000167e-02,2.093469681774900835e+02
1.750980943317032938e+02,7.798664884178172940e+01,1.657780699763302890e+00,8.000000000000000167e-02,2.098461718750509135e+02
1.750448043095688320e+02,7.848300003317682183e+01,1.697719649990581336e+00,8.000000000000000167e-02,2.103453755726117720e+02
1.749717383080275965e+02,7.897682762563920278e+01,1.737658600217860005e+00,8.000000000000000167e-02,2.108445792701726020e+02
1.748790128606097198e+02,7.946734400972802348e+01,1.777597550445138452e+00,8.000000000000000167e-02,2.113437829677334321e+02
1.747667758558472997e+02,7.995376685707422837e+01,1.817536500672417121e+00,8.000000000000000167e-02,2.118429866652942906e+02
1.746352063014060718e+02,8.043532036812212027e+01,1.857475450899695568e+00,8.000000000000000167e-02,2.123421903628551206e+02
1.744845140385844218e+02,8.091123650945807810e+01,1.897414401126974237e+00,8.000000000000000167e-02,2.128413940604159507e+02
1.743149394076360750e+02,8.138075623875297993e+01,1.937353351354252684e+00,8.000000000000000167e-02,2.133405977579768091e+02
1.741267528644495144e+02,8.184313071536465145e+01,1.977292301581531131e+00,8.000000000000000167e-02,2.138398014555376676e+02
1.739202545491957608e+02,8.229762249466959645e+01,2.017231251808810022e+00,8.000000000000000167e-02,2.143390051530984977e+02
1.736957738076324631e+02,8.274350670421914344e+01,2.057170202036088469e+00,8.000000000000000167e-02,2.148382088506593561e+02
1.734536686658279905e+02,8.318007219984407641e+01,2.097109152263366916e+00,8.000000000000000167e-02,2.153374125482201862e+02
1.732037523437290645e+02,8.361023951377082142e+01,2.097109152263366916e+00,0.000000000000000000e+00,2.158349083633004852e+02
1.729538360216301101e+02,8.404040682769756643e+01,2.097109152263366916e+00,0.000000000000000000e+00,2.163324041783807843e+02
1.727039196995311556e+02,8.447057414162431144e+01,2.097109152263366916e+00,0.000000000000000000e+00,2.168298999934610833e+02
1.724540033774322296e+02,8.490074145555105645e+01,2.097109152263366916e+00,0.000000000000000000e+00,2.173273958085413824e+02
1.722040870553332752e+02,8.533090876947780146e+01,2.097109152263366916e+00,0.000000000000000000e+00,2.178248916236216814e+02
1.719541707332343492e+02,8.576107608340454647e+01,2.097109152263366916e+00,0.000000000000000000e+00,2.183223874387019805e+02
1.717042544111353948e+02,8.619124339733129148e+01,2.097109152263366916e+00,0.000000000000000000e+00,2.188198832537822796e+02
1.714543380890364688e+02,8.662141071125803649e+01,2.097109152263366916e+00,0.000000000000000000e+00,2.193173790688625786e+02
1.712044217669375143e+02,8.705157802518478150e+01,2.097109152263366916e+00,0.000000000000000000e+00,2.198148748839428777e+02
1.709545054448385883e+02,8.748174533911152650e+01,2.097109152263366916e+00,0.000000000000000000e+00,2.203123706990231767e+02
1.707045891227396339e+02,8.791191265303827151e+01,2.097109152263366916e+00,0.000000000000000000e+00,2.208098665141034758e+02
1.704546728006407079e+02,8.834207996696501652e+01,2.097109152263366916e+00,0.000000000000000000e+00,2.213073623291837748e+02
1.702047564785417535e+02,8.877224728089176153e+01,2.097109152263366916e+00,0.000000000000000000e+00,2.218048581442640739e+02
1.699548401564428275e+02,8.920241459481849233e+01,2.097109152263366916e+00,0.000000000000000000e+00,2.223023539593443445e+02
1.697049238343438731e+02,8.963258190874525155e+01,2.097109152263366916e+00,0.000000000000000000e+00,2.227998497744246720e+02
1.694550075122449471e+02,9.006274922267198235e+01,2.097109152263366916e+00,0.000000000000000000e+00,2.232973455895049426e+02
1.692050911901459926e+02,9.049291653659872736e+01,2.097109152263366916e+00,0.000000000000000000e+00,2.237948414045852417e+02
1.689551748680470666e+02,9.092308385052547237e+01,2.097109152263366916e+00,0.000000000000000000e+00,2.242923372196655407e+02
1.687052585459481122e+02,9.135325116445221738e+01,2.097109152263366916e+00,0.000000000000000000e+00,2.247898330347458398e+02
1.684553422238491862e+02,9.178341847837896239e+01,2.097109152263366916e+00,0.000000000000000000e+00,2.252873288498261388e+02
1.682054259017502318e+02,9.221358579230570740e+01,2.097109152263366916e+00,0.000000000000000000e+00,2.257848246649064379e+02
1.679555095796513058e+02,9.264375310623245241e+01,2.097109152263366916e+00,0.000000000000000000e+00,2.262823204799867369e+02
1.677055932575523514e+02,9.307392042015919742e+01,2.097109152263366916e+00,0.000000000000000000e+00,2.267798162950670360e+02
1.674556769354534254e+02,9.350408773408594243e+01,2.097109152263366916e+00,0.000000000000000000e+00,2.272773121101473350e+02
1.672057606133544709e+02,9.393425504801268744e+01,2.097109152263366916e+00,0.000000000000000000e+00,2.277748079252276341e+02
1.669558442912555449e+02,9.436442236193943245e+01,2.097109152263366916e+00,0.000000000000000000e+00,2.282723037403079331e+02
1.667059279691565905e+02,9.479458967586617746e+01,2.097109152263366916e+00,0.000000000000000000e+00,2.287697995553882322e+02
1.664560116470576645e+02,9.522475698979292247e+01,2.097109152263366916e+00,0.000000000000000000e+00,2.292672953704685312e+02
1.662060953249587101e+02,9.565492430371966748e+01,2.097109152263366916e+00,0.000000000000000000e+00,2.297647911855488303e+02
1.659561790028597557e+02,9.608509161764641249e+01,2.097109152263366916e+00,0.000000000000000000e+00,2.302622870006291294e+02
1.657062626807608297e+02,9.651525893157315750e+01,2.097109152263366916e+00,0.000000000000000000e+00,2.307597828157094284e+02
1.654563463586619037e+02,9.694542624549990251e+01,2.097109152263366916e+00,0.000000000000000000e+00,2.312572786307897275e+02
1.652064300365629492e+02,9.737559355942664752e+01,2.097109152263366916e+00,0.000000000000000000e+00,2.317547744458700265e+02
1.649565137144639948e+02,9.780576087335339253e+01,2.097109152263366916e+00,0.000000000000000000e+00,2.322522702609503256e+02
1.647065973923650688e+02,9.823592818728013754e+01,2.097109152263366916e+00,0.000000000000000000e+00,2.327497660760306246e+02
1.644566810702661144e+02,9.866609550120688255e+01,2.097109152263366916e+00,0.000000000000000000e+00,2.332472618911109237e+02
1.642067647481671884e+02,9.909626281513362756e+01,2.097109152263366916e+00,0.000000000000000000e+00,2.337447577061912227e+02
1.639568484260682339e+02,9.952643012906037256e+01,2.097109152263366916e+00,0.000000000000000000e+00,2.342422535212715218e+02
1.637069321039693079e+02,9.995659744298711757e+01,2.097109152263366916e+00,0.000000000000000000e+00,2.347397493363518208e+02
1.634570157818703535e+02,1.003867647569138626e+02,2.097109152263366916e+00,0.000000000000000000e+00,2.352372451514321199e+02
1.632070994597714275e+02,1.008169320708406076e+02,2.097109152263366916e+00,0.000000000000000000e+00,2.357347409665124189e+02
1.629571831376724731e+02,1.012470993847673526e+02,2.097109152263366916e+00,0.000000000000000000e+00,2.362322367815927180e+02
1.627072668155735471e+02,1.016772666986940976e+02,2.097109152263366916e+00,0.000000000000000000e+00,2.367297325966730170e+02
1.624573504934745927e+02,1.021074340126208426e+02,2.097109152263366916e+00,0.000000000000000000e+00,2.372272284117533161e+02
1.622074341713756667e+02,1.025376013265475734e+02,2.097109152263366916e+00,0.000000000000000000e+00,2.377247242268335867e+02
1.619575178492767122e+02,1.029677686404743184e+02,2.097109152263366916e+00,0.000000000000000000e+00,2.382222200419138858e+02
1.617076015271777862e+02,1.033979359544010634e+02,2.097109152263366916e+00,0.000000000000000000e+00,2.387197158569941848e+02
1.614576852050788318e+02,1.038281032683278227e+02,2.097109152263366916e+00,0.000000000000000000e+00,2.392172116720745123e+02
1.612077688829799058e+02,1.042582705822545535e+02,2.097109152263366916e+00,0.000000000000000000e+00,2.397147074871547829e+02
1.609578525608809514e+02,1.046884378961812985e+02,2.097109152263366916e+00,0.000000000000000000e+00,2.402122033022350820e+02
1.607079362387820254e+02,1.051186052101080435e+02,2.097109152263366916e+00,0.000000000000000000e+00,2.407096991173153810e+02
1.604580199166830710e+02,1.055487725240348027e+02,2.097109152263366916e+00,0.000000000000000000e+00,2.412071949323957085e+02
1.602081035945841450e+02,1.059789398379615477e+02,2.097109152263366916e+00,0.000000000000000000e+00,2.417046907474760076e+02
1.599581872724851905e+02,1.064091071518882785e+02,2.097109152263366916e+00,0.000000000000000000e+00,2.422021865625563066e+02
1.597082709503862645e+02,1.068392744658150235e+02,2.097109152263366916e+00,0.000000000000000000e+00,2.426996823776366057e+02
1.594583546282873101e+02,1.072694417797417685e+02,2.097109152263366916e+00,0.000000000000000000e+00,2.431971781927169047e+02
1.592084383061883841e+02,1.076996090936685135e+02,2.097109152263366916e+00,0.000000000000000000e+00,2.436946740077972038e+02
1.589585219840894297e+02,1.081297764075952585e+02,2.097109152263366916e+00,0.000000000000000000e+00,2.441921698228775028e+02
1.587086056619905037e+02,1.085599437215220036e+02,2.097109152263366916e+00,0.000000000000000000e+00,2.446896656379578019e+02
1.584586893398915493e+02,1.089901110354487344e+02,2.097109152263366916e+00,0.000000000000000000e+00,2.451871614530381009e+02
1.582087730177926232e+02,1.094202783493754794e+02,2.097109152263366916e+00,0.000000000000000000e+00,2.456846572681184000e+02
1.579588566956936688e+02,1.098504456633022244e+02,2.097109152263366916e+00,0.000000000000000000e+00,2.461821530831986991e+02
1.577089403735947144e+02,1.102806129772289694e+02,2.097109152263366916e+00,0.000000000000000000e+00,2.466796488982789981e+02
1.574590240514957884e+02,1.107107802911557144e+02,2.097109152263366916e+00,0.000000000000000000e+00,2.471771447133592972e+02
1.572091077293968624e+02,1.111409476050824736e+02,2.097109152263366916e+00,0.000000000000000000e+00,2.476746405284395962e+02
1.569591914072979080e+02,1.115711149190092186e+02,2.097109152263366916e+00,0.000000000000000000e+00,2.481721363435198953e+02
1.567092750851989535e+02,1.120012822329359636e+02,2.097109152263366916e+00,0.000000000000000000e+00,2.486696321586001943e+02
1.564593587631000275e+02,1.124314495468627086e+02,2.097109152263366916e+00,0.000000000000000000e+00,2.491671279736804934e+02
1.562094424410010731e+02,1.128616168607894394e+02,2.097109152263366916e+00,0.000000000000000000e+00,2.496646237887607924e+02
1.559595261189021471e+02,1.132917841747161845e+02,2.097109152263366916e+00,0.000000000000000000e+00,2.501621196038410915e+02
1.557096097968031927e+02,1.137219514886429295e+02,2.097109152263366916e+00,0.000000000000000000e+00,2.506596154189213905e+02
1.554596934747042667e+02,1.141521188025696745e+02,2.097109152263366916e+00,0.000000000000000000e+00,2.511571112340016896e+02
1.552097771526053123e+02,1.145822861164964195e+02,2.097109152263366916e+00,0.000000000000000000e+00,2.516546070490819886e+02
1.549598608305063863e+02,1.150124534304231645e+02,2.097109152263366916e+00,0.000000000000000000e+00,2.521521028641622877e+02
1.547099445084074318e+02,1.154426207443499095e+02,2.097109152263366916e+00,0.000000000000000000e+00,2.526495986792425867e+02
1.544600281863085058e+02,1.158727880582766545e+02,2.097109152263366916e+00,0.000000000000000000e+00,2.531470944943228858e+02
1.542101118642095514e+02,1.163029553722033995e+02,2.097109152263366916e+00,0.000000000000000000e+00,2.536445903094031848e+02
1.539601955421106254e+02,1.167331226861301445e+02,2.097109152263366916e+00,0.000000000000000000e+00,2.541420861244834839e+02
1.537102792200116710e+02,1.171632900000568895e+02,2.097109152263366916e+00,0.000000000000000000e+00,2.546395819395637830e+02
1.534603628979127450e+02,1.175934573139836345e+02,2.097109152263366916e+00,0.000000000000000000e+00,2.551370777546440820e+02
1.532104465758137906e+02,1.180236246279103796e+02,2.097109152263366916e+00,0.000000000000000000e+00,2.556345735697243811e+02
1.529605302537148646e+02,1.184537919418371246e+02,2.097109152263366916e+00,0.000000000000000000e+00,2.561320693848046517e+02
1.527106139316159101e+02,1.188839592557638696e+02,2.097109152263366916e+00,0.000000000000000000e+00,2.566295651998849507e+02
1.524606976095169841e+02,1.193141265696906146e+02,2.097109152263366916e+00,0.000000000000000000e+00,2.571270610149652498e+02
1.522107812874180297e+02,1.197442938836173596e+02,2.097109152263366916e+00,0.000000000000000000e+00,2.576245568300455488e+02
1.519608649653191037e+02,1.201744611975441046e+02,2.097109152263366916e+00,0.000000000000000000e+00,2.581220526451258479e+02
1.517109486432201493e+02,1.206046285114708496e+02,2.097109152263366916e+00,0.000000000000000000e+00,2.586195484602061470e+02
1.514610323211212233e+02,1.210347958253975946e+02,2.097109152263366916e+00,0.000000000000000000e+00,2.591170442752864460e+02
1.512111159990222689e+02,1.214649631393243396e+02,2.097109152263366916e+00,0.000000000000000000e+00,2.596145400903667451e+02
1.509611996769233428e+02,1.218951304532510846e+02,2.097109152263366916e+00,0.000000000000000000e+00,2.601120359054470441e+02
1.507112833548243884e+02,1.223252977671778297e+02,2.097109152263366916e+00,0.000000000000000000e+00,2.606095317205273432e+02
1.504613670327254624e+02,1.227554650811045747e+02,2.097109152263366916e+00,0.000000000000000000e+00,2.611070275356076422e+02
1.502114507106265080e+02,1.231856323950313197e+02,2.097109152263366916e+00,0.000000000000000000e+00,2.616045233506879413e+02
1.499615343885275820e+02,1.236157997089580647e+02,2.097109152263366916e+00,0.000000000000000000e+00,2.621020191657682403e+02
1.497116180664286276e+02,1.240459670228848097e+02,2.097109152263366916e+00,0.000000000000000000e+00,2.625995149808485394e+02
1.494617017443296731e+02,1.244761343368115547e+02,2.097109152263366916e+00,0.000000000000000000e+00,2.630970107959288384e+02
1.492117854222307471e+02,1.249063016507382997e+02,2.097109152263366916e+00,0.000000000000000000e+00,2.635945066110091375e+02
1.489618691001318211e+02,1.253364689646650447e+02,2.097109152263366916e+00,0.000000000000000000e+00,2.640920024260894365e+02
1.487119527780328667e+02,1.257666362785917897e+02,2.097109152263366916e+00,0.000000000000000000e+00,2.645894982411697356e+02
1.484620364559339123e+02,1.261968035925185347e+02,2.097109152263366916e+00,0.000000000000000000e+00,2.650869940562500346e+02
1.482121201338349863e+02,1.266269709064452655e+02,2.097109152263366916e+00,0.000000000000000000e+00,2.655844898713303337e+02
1.479622038117360319e+02,1.270571382203720106e+02,2.097109152263366916e+00,0.000000000000000000e+00,2.660819856864106328e+02
1.477122874896371059e+02,1.274873055342987556e+02,2.097109152263366916e+00,0.000000000000000000e+00,2.665794815014909318e+02
1.474623711675381514e+02,1.279174728482255148e+02,2.097109152263366916e+00,0.000000000000000000e+00,2.670769773165712309e+02
1.472124548454392254e+02,1.283476401621522314e+02,2.097109152263366916e+00,0.000000000000000000e+00,2.675744731316514731e+02
1.469625385233402710e+02,1.287778074760790048e+02,2.097109152263366916e+00,0.000000000000000000e+00,2.680719689467318290e+02
1.467126222012413450e+02,1.292079747900057498e+02,2.097109152263366916e+00,0.000000000000000000e+00,2.685694647618121280e+02
1.464627058791423906e+02,1.296381421039324664e+02,2.097109152263366916e+00,0.000000000000000000e+00,2.690669605768924271e+02
1.462127895570434646e+02,1.300683094178592114e+02,2.097109152263366916e+00,0.000000000000000000e+00,2.695644563919727261e+02
1.459628732349445102e+02,1.304984767317859564e+02,2.097109152263366916e+00,0.000000000000000000e+00,2.700619522070530252e+02
1.457129569128455842e+02,1.309286440457127014e+02,2.097109152263366916e+00,0.000000000000000000e+00,2.705594480221333242e+02
1.454630405907466297e+02,1.313588113596394464e+02,2.097109152263366916e+00,0.000000000000000000e+00,2.710569438372136233e+02
1.452131242686477037e+02,1.317889786735661914e+02,2.097109152263366916e+00,0.000000000000000000e+00,2.715544396522939223e+02
1.449632079465487493e+02,1.322191459874929365e+02,2.097109152263366916e+00,0.000000000000000000e+00,2.720519354673742214e+02
1.447132916244498233e+02,1.326493133014196815e+02,2.097109152263366916e+00,0.000000000000000000e+00,2.725494312824545204e+02
1.444633753023508689e+02,1.330794806153464265e+02,2.097109152263366916e+00,0.000000000000000000e+00,2.730469270975348195e+02
1.442134589802519429e+02,1.335096479292731999e+02,2.097109152263366916e+00,0.000000000000000000e+00,2.735444229126151185e+02
1.439635426581529885e+02,1.339398152431999165e+02,2.097109152263366916e+00,0.000000000000000000e+00,2.740419187276954176e+02
1.437136263360540624e+02,1.343699825571266615e+02,2.097109152263366916e+00,0.000000000000000000e+00,2.745394145427757167e+02
1.434637100139551080e+02,1.348001498710534065e+02,2.097109152263366916e+00,0.000000000000000000e+00,2.750369103578560157e+02
1.432137936918561820e+02,1.352303171849801515e+02,2.097109152263366916e+00,0.000000000000000000e+00,2.755344061729363148e+02
1.429638773697572276e+02,1.356604844989068965e+02,2.097109152263366916e+00,0.000000000000000000e+00,2.760319019880166138e+02
1.427139610476583016e+02,1.360906518128336415e+02,2.097109152263366916e+00,0.000000000000000000e+00,2.765293978030969129e+02
1.424640447255593472e+02,1.365208191267603866e+02,2.097109152263366916e+00,0.000000000000000000e+00,2.770268936181772119e+02
1.422141284034603927e+02,1.369509864406871316e+02,2.097109152263366916e+00,0.000000000000000000e+00,2.775243894332575110e+02
1.419642120813614667e+02,1.373811537546138766e+02,2.097109152263366916e+00,0.000000000000000000e+00,2.780218852483378100e+02
1.417142957592625407e+02,1.378113210685406216e+02,2.097109152263366916e+00,0.000000000000000000e+00,2.785193810634181091e+02
1.414643794371635863e+02,1.382414883824673666e+02,2.097109152263366916e+00,0.000000000000000000e+00,2.790168768784984081e+02
1.412144631150646319e+02,1.386716556963941116e+02,2.097109152263366916e+00,0.000000000000000000e+00,2.795143726935787072e+02
1.409645467929657059e+02,1.391018230103208566e+02,2.097109152263366916e+00,0.000000000000000000e+00,2.800118685086590062e+02
1.407146304708667799e+02,1.395319903242476016e+02,2.097109152263366916e+00,0.000000000000000000e+00,2.805093643237393053e+02
1.404647141487678255e+02,1.399621576381743466e+02,2.097109152263366916e+00,0.000000000000000000e+00,2.810068601388196043e+02
1.402147978266688710e+02,1.403923249521010916e+02,2.097109152263366916e+00,0.000000000000000000e+00,2.815043559538999034e+02
1.399648815045699450e+02,1.408224922660278366e+02,2.097109152263366916e+00,0.000000000000000000e+00,2.820018517689802025e+02
1.397149651824710190e+02,1.412526595799545817e+02,2.097109152263366916e+00,0.000000000000000000e+00,2.824993475840605015e+02
1.394650488603720646e+02,1.416828268938813267e+02,2.097109152263366916e+00,0.000000000000000000e+00,2.829968433991408006e+02
1.392151325382731102e+02,1.421129942078080717e+02,2.097109152263366916e+00,0.000000000000000000e+00,2.834943392142210996e+02
1.389652162161741842e+02,1.425431615217348167e+02,2.097109152263366916e+00,0.000000000000000000e+00,2.839918350293013987e+02
1.387152998940752298e+02,1.429733288356615617e+02,2.097109152263366916e+00,0.000000000000000000e+00,2.844893308443816977e+02
1.384653835719763038e+02,1.434034961495883067e+02,2.097109152263366916e+00,0.000000000000000000e+00,2.849868266594619968e+02
1.382154672498773493e+02,1.438336634635150517e+02,2.097109152263366916e+00,0.000000000000000000e+00,2.854843224745422958e+02
1.379655509277784233e+02,1.442638307774417967e+02,2.097109152263366916e+00,0.000000000000000000e+00,2.859818182896225949e+02
1.377156346056794689e+02,1.446939980913685417e+02,2.097109152263366916e+00,0.000000000000000000e+00,2.864793141047028939e+02
1.374657182835805429e+02,1.451241654052952867e+02,2.097109152263366916e+00,0.000000000000000000e+00,2.869768099197831930e+02
1.372158019614815885e+02,1.455543327192220318e+02,2.097109152263366916e+00,0.000000000000000000e+00,2.874743057348634920e+02
1.369658856393826625e+02,1.459845000331487768e+02,2.097109152263366916e+00,0.000000000000000000e+00,2.879718015499437911e+02
1.367159693172837081e+02,1.464146673470755218e+02,2.097109152263366916e+00,0.000000000000000000e+00,2.884692973650240901e+02
1.364660529951847820e+02,1.468448346610022668e+02,2.097109152263366916e+00,0.000000000000000000e+00,2.889667931801043892e+02
1.362161366730858276e+02,1.472750019749290118e+02,2.097109152263366916e+00,0.000000000000000000e+00,2.894642889951846882e+02
1.359662203509869016e+02,1.477051692888557568e+02,2.097109152263366916e+00,0.000000000000000000e+00,2.899617848102649873e+02
1.357163040288879472e+02,1.481353366027825018e+02,2.097109152263366916e+00,0.000000000000000000e+00,2.904592806253452864e+02
1.354663877067890212e+02,1.485655039167092468e+02,2.097109152263366916e+00,0.000000000000000000e+00,2.909567764404255854e+02
1.352164713846900668e+02,1.489956712306359918e+02,2.097109152263366916e+00,0.000000000000000000e+00,2.914542722555058845e+02
1.349665550625911123e+02,1.494258385445627368e+02,2.097109152263366916e+00,0.000000000000000000e+00,2.919517680705861835e+02
1.347166387404921863e+02,1.498560058584894819e+02,2.097109152263366916e+00,0.000000000000000000e+00,2.924492638856664826e+02
1.344667224183932603e+02,1.502861731724162269e+02,2.097109152263366916e+00,0.000000000000000000e+00,2.929467597007467816e+02
1.342168060962943059e+02,1.507163404863429719e+02,2.097109152263366916e+00,0.000000000000000000e+00,2.934442555158270807e+02
1.339668897741953515e+02,1.511465078002697169e+02,2.097109152263366916e+00,0.000000000000000000e+00,2.939417513309073797e+02
1.337169734520964255e+02,1.515766751141964619e+02,2.097109152263366916e+00,0.000000000000000000e+00,2.944392471459876788e+02
1.334670571299974995e+02,1.520068424281232069e+02,2.097109152263366916e+00,0.000000000000000000e+00,2.949367429610679778e+02
1.332171408078985451e+02,1.524370097420499519e+02,2.097109152263366916e+00,0.000000000000000000e+00,2.954342387761482769e+02
1.329672244857995906e+02,1.528671770559766969e+02,2.097109152263366916e+00,0.000000000000000000e+00,2.959317345912285759e+02
1.327173081637006646e+02,1.532973443699034419e+02,2.097109152263366916e+00,0.000000000000000000e+00,2.964292304063088750e+02
1.324673918416017386e+02,1.537275116838301869e+02,2.097109152263366916e+00,0.000000000000000000e+00,2.969267262213891740e+02
1.322174755195027842e+02,1.541576789977569319e+02,2.097109152263366916e+00,0.000000000000000000e+00,2.974242220364694731e+02
1.319675591974038298e+02,1.545878463116836770e+02,2.097109152263366916e+00,0.000000000000000000e+00,2.979217178515497721e+02
1.317176428753049038e+02,1.550180136256104220e+02,2.097109152263366916e+00,0.000000000000000000e+00,2.984192136666300712e+02
1.314677265532059778e+02,1.554481809395371670e+02,2.097109152263366916e+00,0.000000000000000000e+00,2.989167094817103703e+02
1.312178102311070234e+02,1.558783482534639120e+02,2.097109152263366916e+00,0.000000000000000000e+00,2.994142052967906693e+02
1.309678939090080689e+02,1.563085155673906570e+02,2.097109152263366916e+00,0.000000000000000000e+00,2.999117011118709684e+02
1.307179775869091429e+02,1.567386828813174020e+02,2.097109152263366916e+00,0.000000000000000000e+00,3.004091969269512674e+02
1.304680612648101885e+02,1.571688501952441470e+02,2.097109152263366916e+00,0.000000000000000000e+00,3.009066927420315665e+02
1.302181449427112625e+02,1.575990175091708920e+02,2.097109152263366916e+00,0.000000000000000000e+00,3.014041885571118655e+02
1.299669518496255307e+02,1.580127296205703260e+02,2.135831545085074890e+00,8.000000000000000167e-02,3.018881882277032105e+02
1.296999311356981934e+02,1.584164072388083468e+02,2.174553937906782863e+00,8.000000000000000167e-02,3.023721878982946123e+02
1.294174831280921865e+02,1.588094451557221873e+02,2.213276330728490837e+00,8.000000000000000167e-02,3.028561875688860141e+02
1.291200312831301176e+02,1.591912541145762816e+02,2.251998723550198811e+00,8.000000000000000167e-02,3.033401872394774159e+02
1.288080215514331144e+02,1.595612616934972152e+02,2.290721116371906785e+00,8.000000000000000167e-02,3.038241869100688177e+02
1.284819217093353529e+02,1.599189131636694583e+02,2.329443509193614759e+00,8.000000000000000167e-02,3.043081865806601627e+02
1.281422206575768428e+02,1.602636723210050604e+02,2.368165902015322732e+00,8.000000000000000167e-02,3.047921862512515645e+02
1.277894276883256595e+02,1.605950222900400775e+02,2.406888294837030706e+00,8.000000000000000167e-02,3.052761859218429663e+02
1.274240717216285930e+02,1.609124662988533316e+02,2.445610687658738680e+00,8.000000000000000167e-02,3.057601855924343681e+02
1.270467005124350095e+02,1.612155284238447734e+02,2.484333080480446654e+00,8.000000000000000167e-02,3.062441852630257131e+02
1.266578798293826367e+02,1.615037543032575513e+02,2.523055473302154628e+00,8.000000000000000167e-02,3.067281849336171149e+02
1.262581926065767277e+02,1.617767118183735136e+02,2.561777866123862601e+00,8.000000000000000167e-02,3.072121846042085167e+02
1.258482380696340641e+02,1.620339917413614899e+02,2.600500258945570575e+00,8.000000000000000167e-02,3.076961842747999185e+02
1.254286308373020660e+02,1.622752083488064159e+02,2.639222651767278549e+00,8.000000000000000167e-02,3.081801839453913203e+02
1.250000000000000284e+02,1.625000000000000000e+02,2.677945044588986523e+00,8.000000000000000167e-02,3.086641836159827221e+02
1.245491907170271446e+02,1.627142628698797182e+02,2.717878645303483331e+00,8.000000000000000167e-02,3.091633204579645735e+02
1.240901868234055172e+02,1.629103572672086386e+02,2.757812246017980140e+00,8.000000000000000167e-02,3.096624572999464249e+02
1.236237201919190767e+02,1.630879705232828485e+02,2.797745846732476505e+00,8.000000000000000167e-02,3.101615941419282763e+02
1.231505345945421936e+02,1.632468194372189032e+02,2.837679447446972869e+00,8.000000000000000167e-02,3.106607309839100708e+02
1.226713845165096899e+02,1.633866507275120625e+02,2.877613048161469234e+00,8.000000000000000167e-02,3.111598678258919222e+02
1.221870339533048622e+02,1.635072414358886590e+02,2.917546648875966042e+00,8.000000000000000167e-02,3.116590046678737735e+02
1.216982551924835150e+02,1.636083992828088469e+02,2.957480249590462407e+00,8.000000000000000167e-02,3.121581415098555681e+02
1.212058275822763846e+02,1.636899629740525484e+02,2.997413850304958771e+00,8.000000000000000167e-02,3.126572783518374195e+02
1.207105362889336817e+02,1.637518024578999132e+02,3.037347451019455136e+00,8.000000000000000167e-02,3.131564151938192708e+02
1.202131710447926594e+02,1.637938191324962816e+02,3.077281051733951944e+00,8.000000000000000167e-02,3.136555520358011222e+02
1.197145248890648048e+02,1.638159460030709624e+02,3.117214652448448309e+00,8.000000000000000167e-02,3.141546888777829736e+02
1.192153929033502351e+02,1.638181477887590063e+02,3.157148253162944673e+00,8.000000000000000167e-02,3.146538257197647681e+02
1.187165709438955048e+02,1.638004209788559820e+02,3.197081853877441482e+00,8.000000000000000167e-02,3.151529625617466195e+02
1.182188543726163488e+02,1.637627938384156039e+02,3.237015454591937846e+00,8.000000000000000167e-02,3.156520994037284709e+02
1.177230367889085585e+02,1.637053263631817117e+02,3.276949055306434211e+00,8.000000000000000167e-02,3.161512362457103222e+02
1.172294490797206521e+02,1.636381050762642531e+02,3.276949055306434211e+00,0.000000000000000000e+00,3.166493803293610085e+02
1.167358613705327457e+02,1.635708837893467944e+02,3.276949055306434211e+00,0.000000000000000000e+00,3.171475244130116948e+02
1.162422736613448535e+02,1.635036625024293357e+02,3.276949055306434211e+00,0.000000000000000000e+00,3.176456684966623811e+02
1.157486859521569471e+02,1.634364412155118771e+02,3.276949055306434211e+00,0.000000000000000000e+00,3.181438125803130674e+02
1.152550982429690549e+02,1.633692199285944184e+02,3.276949055306434211e+00,0.000000000000000000e+00,3.186419566639637537e+02
1.147615105337811485e+02,1.633019986416769598e+02,3.276949055306434211e+00,0.000000000000000000e+00,3.191401007476144400e+02
1.142679228245932563e+02,1.632347773547595011e+02,3.276949055306434211e+00,0.000000000000000000e+00,3.196382448312651263e+02
1.137743351154053499e+02,1.631675560678420425e+02,3.276949055306434211e+00,0.000000000000000000e+00,3.201363889149158126e+02
1.132807474062174435e+02,1.631003347809245838e+02,3.276949055306434211e+00,0.000000000000000000e+00,3.206345329985664989e+02
1.127871596970295514e+02,1.630331134940071252e+02,3.276949055306434211e+00,0.000000000000000000e+00,3.211326770822171852e+02
1.122935719878416450e+02,1.629658922070896665e+02,3.276949055306434211e+00,0.000000000000000000e+00,3.216308211658678715e+02
1.117999842786537528e+02,1.628986709201722078e+02,3.276949055306434211e+00,0.000000000000000000e+00,3.221289652495185578e+02
1.113063965694658464e+02,1.628314496332547492e+02,3.276949055306434211e+00,0.000000000000000000e+00,3.226271093331692441e+02
1.108128088602779400e+02,1.627642283463372905e+02,3.276949055306434211e+00,0.000000000000000000e+00,3.231252534168199304e+02
1.103192211510900336e+02,1.626970070594198319e+02,3.276949055306434211e+00,0.000000000000000000e+00,3.236233975004706167e+02
1.098256334419021414e+02,1.626297857725023732e+02,3.276949055306434211e+00,0.000000000000000000e+00,3.241215415841213030e+02
1.093320457327142350e+02,1.625625644855849146e+02,3.276949055306434211e+00,0.000000000000000000e+00,3.246196856677719893e+02
1.088384580235263428e+02,1.624953431986674275e+02,3.276949055306434211e+00,0.000000000000000000e+00,3.251178297514226756e+02
1.083448703143384364e+02,1.624281219117499688e+02,3.276949055306434211e+00,0.000000000000000000e+00,3.256159738350733619e+02
1.078512826051505442e+02,1.623609006248325102e+02,3.276949055306434211e+00,0.000000000000000000e+00,3.261141179187240482e+02
1.073576948959626378e+02,1.622936793379150515e+02,3.276949055306434211e+00,0.000000000000000000e+00,3.266122620023747345e+02
1.068641071867747314e+02,1.622264580509975929e+02,3.276949055306434211e+00,0.000000000000000000e+00,3.271104060860254208e+02
1.063705194775868392e+02,1.621592367640801342e+02,3.276949055306434211e+00,0.000000000000000000e+00,3.276085501696761071e+02
1.058769317683989328e+02,1.620920154771626756e+02,3.276949055306434211e+00,0.000000000000000000e+00,3.281066942533267934e+02
1.053833440592110264e+02,1.620247941902452169e+02,3.276949055306434211e+00,0.000000000000000000e+00,3.286048383369774797e+02
1.048897563500231342e+02,1.619575729033277582e+02,3.276949055306434211e+00,0.000000000000000000e+00,3.291029824206281660e+02
1.043961686408352278e+02,1.618903516164102996e+02,3.276949055306434211e+00,0.000000000000000000e+00,3.296011265042788523e+02
1.039025809316473357e+02,1.618231303294928409e+02,3.276949055306434211e+00,0.000000000000000000e+00,3.300992705879295386e+02
1.034089932224594293e+02,1.617559090425753823e+02,3.276949055306434211e+00,0.000000000000000000e+00,3.305974146715802249e+02
1.029154055132715371e+02,1.616886877556579236e+02,3.276949055306434211e+00,0.000000000000000000e+00,3.310955587552309112e+02
1.024218178040836307e+02,1.616214664687404650e+02,3.276949055306434211e+00,0.000000000000000000e+00,3.315937028388815975e+02
1.019282300948957243e+02,1.615542451818230063e+02,3.276949055306434211e+00,0.000000000000000000e+00,3.320918469225322838e+02
1.014346423857078321e+02,1.614870238949055476e+02,3.276949055306434211e+00,0.000000000000000000e+00,3.325899910061829701e+02
1.009410546765199257e+02,1.614198026079880890e+02,3.276949055306434211e+00,0.000000000000000000e+00,3.330881350898336564e+02
1.004474669673320193e+02,1.613525813210706303e+02,3.276949055306434211e+00,0.000000000000000000e+00,3.335862791734843427e+02
9.995387925814412711e+01,1.612853600341531717e+02,3.276949055306434211e+00,0.000000000000000000e+00,3.340844232571350290e+02
9.946029154895622071e+01,1.612181387472357130e+02,3.276949055306434211e+00,0.000000000000000000e+00,3.345825673407857153e+02
9.896670383976831431e+01,1.611509174603182544e+02,3.276949055306434211e+00,0.000000000000000000e+00,3.350807114244364016e+02
9.847311613058042212e+01,1.610836961734007957e+02,3.276949055306434211e+00,0.000000000000000000e+00,3.355788555080870879e+02
9.797952842139252994e+01,1.610164748864833371e+02,3.276949055306434211e+00,0.000000000000000000e+00,3.360769995917377742e+02
9.748594071220462354e+01,1.609492535995658784e+02,3.276949055306434211e+00,0.000000000000000000e+00,3.365751436753884605e+02
9.699235300301671714e+01,1.608820323126484197e+02,3.276949055306434211e+00,0.000000000000000000e+00,3.370732877590391467e+02
9.649876529382881074e+01,1.608148110257309611e+02,3.276949055306434211e+00,0.000000000000000000e+00,3.375714318426898330e+02
9.600517758464091855e+01,1.607475897388135024e+02,3.276949055306434211e+00,0.000000000000000000e+00,3.380695759263405193e+02
9.551158987545301216e+01,1.606803684518960438e+02,3.276949055306434211e+00,0.000000000000000000e+00,3.385677200099912056e+02
9.501800216626511997e+01,1.606131471649785851e+02,3.276949055306434211e+00,0.000000000000000000e+00,3.390658640936418919e+02
9.452441445707721357e+01,1.605459258780611265e+02,3.276949055306434211e+00,0.000000000000000000e+00,3.395640081772925782e+02
9.403082674788932138e+01,1.604787045911436678e+02,3.276949055306434211e+00,0.000000000000000000e+00,3.400621522609432645e+02
9.353723903870141498e+01,1.604114833042262092e+02,3.276949055306434211e+00,0.000000000000000000e+00,3.405602963445939508e+02
9.304365132951350859e+01,1.603442620173087505e+02,3.276949055306434211e+00,0.000000000000000000e+00,3.410584404282446371e+02
9.255006362032560219e+01,1.602770407303912918e+02,3.276949055306434211e+00,0.000000000000000000e+00,3.415565845118953234e+02
9.205647591113771000e+01,1.602098194434738332e+02,3.276949055306434211e+00,0.000000000000000000e+00,3.420547285955460097e+02
9.156288820194981781e+01,1.601425981565563745e+02,3.276949055306434211e+00,0.000000000000000000e+00,3.425528726791966960e+02
9.106930049276189720e+01,1.600753768696389159e+02,3.276949055306434211e+00,0.000000000000000000e+00,3.430510167628474392e+02
9.057571278357400502e+01,1.600081555827214572e+02,3.276949055306434211e+00,0.000000000000000000e+00,3.435491608464981255e+02
9.008212507438611283e+01,1.599409342958039986e+02,3.276949055306434211e+00,0.000000000000000000e+00,3.440473049301488118e+02
8.958853736519820643e+01,1.598737130088865399e+02,3.276949055306434211e+00,0.000000000000000000e+00,3.445454490137994981e+02
8.909494965601030003e+01,1.598064917219690813e+02,3.276949055306434211e+00,0.000000000000000000e+00,3.450435930974501844e+02
8.860136194682240784e+01,1.597392704350516226e+02,3.276949055306434211e+00,0.000000000000000000e+00,3.455417371811008707e+02
8.810777423763451566e+01,1.596720491481341639e+02,3.276949055306434211e+00,0.000000000000000000e+00,3.460398812647515570e+02
8.761418652844659505e+01,1.596048278612167053e+02,3.276949055306434211e+00,0.000000000000000000e+00,3.465380253484023001e+02
8.712059881925870286e+01,1.595376065742992466e+02,3.276949055306434211e+00,0.000000000000000000e+00,3.470361694320529864e+02
8.662701111007081067e+01,1.594703852873817880e+02,3.276949055306434211e+00,0.000000000000000000e+00,3.475343135157036727e+02
8.613342340088290428e+01,1.594031640004643293e+02,3.276949055306434211e+00,0.000000000000000000e+00,3.480324575993543590e+02
8.563983569169499788e+01,1.593359427135468422e+02,3.276949055306434211e+00,0.000000000000000000e+00,3.485306016830050453e+02
8.514624798250709148e+01,1.592687214266293836e+02,3.276949055306434211e+00,0.000000000000000000e+00,3.490287457666557316e+02
8.465266027331919929e+01,1.592015001397119249e+02,3.276949055306434211e+00,0.000000000000000000e+00,3.495268898503064179e+02
8.415907256413129289e+01,1.591342788527944663e+02,3.276949055306434211e+00,0.000000000000000000e+00,3.500250339339571042e+02
8.366548485494340071e+01,1.590670575658770076e+02,3.276949055306434211e+00,0.000000000000000000e+00,3.505231780176077905e+02
8.317189714575549431e+01,1.589998362789595490e+02,3.276949055306434211e+00,0.000000000000000000e+00,3.510213221012584768e+02
8.267830943656760212e+01,1.589326149920420903e+02,3.276949055306434211e+00,0.000000000000000000e+00,3.515194661849091631e+02
8.218472172737969572e+01,1.588653937051246317e+02,3.276949055306434211e+00,0.000000000000000000e+00,3.520176102685598494e+02
8.169113401819178932e+01,1.587981724182071730e+02,3.276949055306434211e+00,0.000000000000000000e+00,3.525157543522105357e+02
8.119754630900389714e+01,1.587309511312897143e+02,3.276949055306434211e+00,0.000000000000000000e+00,3.530138984358612220e+02
8.070395859981599074e+01,1.586637298443722557e+02,3.276949055306434211e+00,0.000000000000000000e+00,3.535120425195119083e+02
8.021037089062809855e+01,1.585965085574547970e+02,3.276949055306434211e+00,0.000000000000000000e+00,3.540101866031625946e+02
7.971678318144017794e+01,1.585292872705373384e+02,3.276949055306434211e+00,0.000000000000000000e+00,3.545083306868133377e+02
7.922319547225228575e+01,1.584620659836198797e+02,3.276949055306434211e+00,0.000000000000000000e+00,3.550064747704640240e+02
7.872960776306439357e+01,1.583948446967024211e+02,3.276949055306434211e+00,0.000000000000000000e+00,3.555046188541147103e+02
7.823602005387648717e+01,1.583276234097849624e+02,3.276949055306434211e+00,0.000000000000000000e+00,3.560027629377653966e+02
7.774243234468858077e+01,1.582604021228675037e+02,3.276949055306434211e+00,0.000000000000000000e+00,3.565009070214160829e+02
7.724884463550068858e+01,1.581931808359500451e+02,3.276949055306434211e+00,0.000000000000000000e+00,3.569990511050667692e+02
7.675525692631276797e+01,1.581259595490325864e+02,3.276949055306434211e+00,0.000000000000000000e+00,3.574971951887175123e+02
7.626166921712487579e+01,1.580587382621151278e+02,3.276949055306434211e+00,0.000000000000000000e+00,3.579953392723681986e+02
7.576808150793698360e+01,1.579915169751976691e+02,3.276949055306434211e+00,0.000000000000000000e+00,3.584934833560188849e+02
7.527449379874907720e+01,1.579242956882802105e+02,3.276949055306434211e+00,0.000000000000000000e+00,3.589916274396695712e+02
7.478090608956118501e+01,1.578570744013627518e+02,3.276949055306434211e+00,0.000000000000000000e+00,3.594897715233202575e+02
7.428731838037327861e+01,1.577898531144452932e+02,3.276949055306434211e+00,0.000000000000000000e+00,3.599879156069709438e+02
7.379373067118537222e+01,1.577226318275278345e+02,3.276949055306434211e+00,0.000000000000000000e+00,3.604860596906216301e+02
7.330014296199746582e+01,1.576554105406103758e+02,3.276949055306434211e+00,0.000000000000000000e+00,3.609842037742723164e+02
7.280655525280957363e+01,1.575881892536929172e+02,3.276949055306434211e+00,0.000000000000000000e+00,3.614823478579230027e+02
7.231296754362168144e+01,1.575209679667754585e+02,3.276949055306434211e+00,0.000000000000000000e+00,3.619804919415736890e+02
7.181937983443377504e+01,1.574537466798579999e+02,3.276949055306434211e+00,0.000000000000000000e+00,3.624786360252243753e+02
7.132579212524588286e+01,1.573865253929405412e+02,3.276949055306434211e+00,0.000000000000000000e+00,3.629767801088750616e+02
7.083220441605797646e+01,1.573193041060230826e+02,3.276949055306434211e+00,0.000000000000000000e+00,3.634749241925257479e+02
7.033861670687007006e+01,1.572520828191056239e+02,3.276949055306434211e+00,0.000000000000000000e+00,3.639730682761764342e+02
6.984502899768216366e+01,1.571848615321881653e+02,3.276949055306434211e+00,0.000000000000000000e+00,3.644712123598271205e+02
6.935144128849427148e+01,1.571176402452707066e+02,3.276949055306434211e+00,0.000000000000000000e+00,3.649693564434778068e+02
6.885785357930637929e+01,1.570504189583532479e+02,3.276949055306434211e+00,0.000000000000000000e+00,3.654675005271284931e+02
6.836426587011845868e+01,1.569831976714357893e+02,3.276949055306434211e+00,0.000000000000000000e+00,3.659656446107792362e+02
6.787067816093056649e+01,1.569159763845183306e+02,3.276949055306434211e+00,0.000000000000000000e+00,3.664637886944299225e+02
6.737709045174266009e+01,1.568487550976008720e+02,3.276949055306434211e+00,0.000000000000000000e+00,3.669619327780806088e+02
6.688350274255476791e+01,1.567815338106834133e+02,3.276949055306434211e+00,0.000000000000000000e+00,3.674600768617312951e+02
6.638991503336686151e+01,1.567143125237659547e+02,3.276949055306434211e+00,0.000000000000000000e+00,3.679582209453819814e+02
6.589632732417896932e+01,1.566470912368484960e+02,3.276949055306434211e+00,0.000000000000000000e+00,3.684563650290326677e+02
6.540273961499104871e+01,1.565798699499310374e+02,3.276949055306434211e+00,0.000000000000000000e+00,3.689545091126834109e+02
6.490915190580315652e+01,1.565126486630135787e+02,3.276949055306434211e+00,0.000000000000000000e+00,3.694526531963340972e+02
6.441556419661526434e+01,1.564454273760961200e+02,3.276949055306434211e+00,0.000000000000000000e+00,3.699507972799847835e+02
6.392197648742735794e+01,1.563782060891786614e+02,3.276949055306434211e+00,0.000000000000000000e+00,3.704489413636354698e+02
6.342838877823945154e+01,1.563109848022612027e+02,3.276949055306434211e+00,0.000000000000000000e+00,3.709470854472861561e+02
6.293480106905155935e+01,1.562437635153437441e+02,3.276949055306434211e+00,0.000000000000000000e+00,3.714452295309368424e+02
6.244121335986365295e+01,1.561765422284262854e+02,3.276949055306434211e+00,0.000000000000000000e+00,3.719433736145875287e+02
6.194762565067575366e+01,1.561093209415088268e+02,3.276949055306434211e+00,0.000000000000000000e+00,3.724415176982382150e+02
6.145403794148784726e+01,1.560420996545913397e+02,3.276949055306434211e+00,0.000000000000000000e+00,3.729396617818889013e+02
6.096045023229996218e+01,1.559748783676738810e+02,3.276949055306434211e+00,0.000000000000000000e+00,3.734378058655395876e+02
6.046686252311205578e+01,1.559076570807564224e+02,3.276949055306434211e+00,0.000000000000000000e+00,3.739359499491902739e+02
5.997327481392416360e+01,1.558404357938389637e+02,3.276949055306434211e+00,0.000000000000000000e+00,3.744340940328409602e+02
5.947968710473624299e+01,1.557732145069215051e+02,3.276949055306434211e+00,0.000000000000000000e+00,3.749322381164917033e+02
5.898609939554835080e+01,1.557059932200040464e+02,3.276949055306434211e+00,0.000000000000000000e+00,3.754303822001423896e+02
5.849251168636044440e+01,1.556387719330865878e+02,3.276949055306434211e+00,0.000000000000000000e+00,3.759285262837930759e+02
5.799892397717255221e+01,1.555715506461691291e+02,3.276949055306434211e+00,0.000000000000000000e+00,3.764266703674437622e+02
5.750533626798464581e+01,1.555043293592516704e+02,3.276949055306434211e+00,0.000000000000000000e+00,3.769248144510944485e+02
5.701174855879675363e+01,1.554371080723342118e+02,3.276949055306434211e+00,0.000000000000000000e+00,3.774229585347451348e+02
5.651816084960884723e+01,1.553698867854167531e+02,3.276949055306434211e+00,0.000000000000000000e+00,3.779211026183958211e+02
5.602457314042095504e+01,1.553026654984992945e+02,3.276949055306434211e+00,0.000000000000000000e+00,3.784192467020465074e+02
5.553098543123304864e+01,1.552354442115818358e+02,3.276949055306434211e+00,0.000000000000000000e+00,3.789173907856971937e+02
5.503739772204514225e+01,1.551682229246643772e+02,3.276949055306434211e+00,0.000000000000000000e+00,3.794155348693478800e+02
5.454381001285723585e+01,1.551010016377469185e+02,3.276949055306434211e+00,0.000000000000000000e+00,3.799136789529985663e+02
5.405022230366934366e+01,1.550337803508294598e+02,3.276949055306434211e+00,0.000000000000000000e+00,3.804118230366492526e+02
5.355663459448145147e+01,1.549665590639120012e+02,3.276949055306434211e+00,0.000000000000000000e+00,3.809099671202999389e+02
5.306304688529353086e+01,1.548993377769945425e+02,3.276949055306434211e+00,0.000000000000000000e+00,3.814081112039506820e+02
5.256945917610563868e+01,1.548321164900770839e+02,3.276949055306434211e+00,0.000000000000000000e+00,3.819062552876013683e+02
5.207587146691773228e+01,1.547648952031596252e+02,3.276949055306434211e+00,0.000000000000000000e+00,3.824043993712520546e+02
5.158228375772984009e+01,1.546976739162421666e+02,3.276949055306434211e+00,0.000000000000000000e+00,3.829025434549027409e+02
5.108869604854193369e+01,1.546304526293247079e+02,3.276949055306434211e+00,0.000000000000000000e+00,3.834006875385534272e+02
5.059510833935402729e+01,1.545632313424072493e+02,3.276949055306434211e+00,0.000000000000000000e+00,3.838988316222041135e+02
5.010152063016613511e+01,1.544960100554897906e+02,3.276949055306434211e+00,0.000000000000000000e+00,3.843969757058547998e+02
4.960793292097824292e+01,1.544287887685723319e+02,3.276949055306434211e+00,0.000000000000000000e+00,3.848951197895054861e+02
4.911434521179033652e+01,1.543615674816548733e+02,3.276949055306434211e+00,0.000000000000000000e+00,3.853932638731561724e+02
4.862075750260243012e+01,1.542943461947374146e+02,3.276949055306434211e+00,0.000000000000000000e+00,3.858914079568068587e+02
4.812716979341452372e+01,1.542271249078199560e+02,3.276949055306434211e+00,0.000000000000000000e+00,3.863895520404575450e+02
4.763358208422663154e+01,1.541599036209024973e+02,3.276949055306434211e+00,0.000000000000000000e+00,3.868876961241082313e+02
4.713999437503872514e+01,1.540926823339850387e+02,3.276949055306434211e+00,0.000000000000000000e+00,3.873858402077589176e+02
4.664640666585083295e+01,1.540254610470675800e+02,3.276949055306434211e+00,0.000000000000000000e+00,3.878839842914096039e+02
4.615281895666292655e+01,1.539582397601501214e+02,3.276949055306434211e+00,0.000000000000000000e+00,3.883821283750602902e+02
4.565923124747503437e+01,1.538910184732326627e+02,3.276949055306434211e+00,0.000000000000000000e+00,3.888802724587109765e+02
4.516564353828712797e+01,1.538237971863152040e+02,3.276949055306434211e+00,0.000000000000000000e+00,3.893784165423616628e+02
4.467205582909923578e+01,1.537565758993977454e+02,3.276949055306434211e+00,0.000000000000000000e+00,3.898765606260123491e+02
4.417846811991131517e+01,1.536893546124802867e+02,3.276949055306434211e+00,0.000000000000000000e+00,3.903747047096630922e+02
4.368488041072342298e+01,1.536221333255628281e+02,3.276949055306434211e+00,0.000000000000000000e+00,3.908728487933137785e+02
4.319129270153551658e+01,1.535549120386453694e+02,3.276949055306434211e+00,0.000000000000000000e+00,3.913709928769644648e+02
4.269770499234762440e+01,1.534876907517279108e+02,3.276949055306434211e+00,0.000000000000000000e+00,3.918691369606151511e+02
4.220411728315971800e+01,1.534204694648104521e+02,3.276949055306434211e+00,0.000000000000000000e+00,3.923672810442658374e+02
4.171052957397182581e+01,1.533532481778929935e+02,3.276949055306434211e+00,0.000000000000000000e+00,3.928654251279165237e+02
4.121694186478391941e+01,1.532860268909755348e+02,3.276949055306434211e+00,0.000000000000000000e+00,3.933635692115672100e+02
4.072335415559602723e+01,1.532188056040580761e+02,3.276949055306434211e+00,0.000000000000000000e+00,3.938617132952178963e+02
4.022976644640812083e+01,1.531515843171406175e+02,3.276949055306434211e+00,0.000000000000000000e+00,3.943598573788685826e+02
3.973617873722021443e+01,1.530843630302231588e+02,3.276949055306434211e+00,0.000000000000000000e+00,3.948580014625192689e+02
3.924259102803230803e+01,1.530171417433056718e+02,3.276949055306434211e+00,0.000000000000000000e+00,3.953561455461699552e+02
3.874900331884441584e+01,1.529499204563882131e+02,3.276949055306434211e+00,0.000000000000000000e+00,3.958542896298206415e+02
3.825541560965652366e+01,1.528826991694707544e+02,3.276949055306434211e+00,0.000000000000000000e+00,3.963524337134713278e+02
3.776182790046860305e+01,1.528154778825532958e+02,3.276949055306434211e+00,0.000000000000000000e+00,3.968505777971220709e+02
3.726824019128071086e+01,1.527482565956358371e+02,3.276949055306434211e+00,0.000000000000000000e+00,3.973487218807727572e+02
3.677465248209280446e+01,1.526810353087183785e+02,3.276949055306434211e+00,0.000000000000000000e+00,3.978468659644234435e+02
3.628106477290491227e+01,1.526138140218009198e+02,3.276949055306434211e+00,0.000000000000000000e+00,3.983450100480741298e+02
3.578747706371700588e+01,1.525465927348834612e+02,3.276949055306434211e+00,0.000000000000000000e+00,3.988431541317248161e+02
3.529388935452911369e+01,1.524793714479660025e+02,3.276949055306434211e+00,0.000000000000000000e+00,3.993412982153755024e+02
3.480030164534120729e+01,1.524121501610485439e+02,3.276949055306434211e+00,0.000000000000000000e+00,3.998394422990261887e+02
3.430671393615331510e+01,1.523449288741310852e+02,3.276949055306434211e+00,0.000000000000000000e+00,4.003375863826768750e+02
3.381312622696540870e+01,1.522777075872136265e+02,3.276949055306434211e+00,0.000000000000000000e+00,4.008357304663275613e+02
3.331953851777750231e+01,1.522104863002961679e+02,3.276949055306434211e+00,0.000000000000000000e+00,4.013338745499782476e+02
3.282595080858959591e+01,1.521432650133787092e+02,3.276949055306434211e+00,0.000000000000000000e+00,4.018320186336289339e+02
3.233236309940170372e+01,1.520760437264612506e+02,3.276949055306434211e+00,0.000000000000000000e+00,4.023301627172796202e+02
3.183877539021379732e+01,1.520088224395437919e+02,3.276949055306434211e+00,0.000000000000000000e+00,4.028283068009303065e+02
3.134518768102590514e+01,1.519416011526263333e+02,3.276949055306434211e+00,0.000000000000000000e+00,4.033264508845809928e+02
3.085159997183799874e+01,1.518743798657088746e+02,3.276949055306434211e+00,0.000000000000000000e+00,4.038245949682316791e+02
3.035801226265010655e+01,1.518071585787914159e+02,3.276949055306434211e+00,0.000000000000000000e+00,4.043227390518823654e+02
2.986442455346220015e+01,1.517399372918739573e+02,3.276949055306434211e+00,0.000000000000000000e+00,4.048208831355330517e+02
2.935042137585976718e+01,1.516590056993612734e+02,3.318578913387624674e+00,8.000000000000000167e-02,4.053412187861010807e+02
2.884023172691767911e+01,1.515567525264795563e+02,3.360208771468815137e+00,8.000000000000000167e-02,4.058615544366691097e+02
2.833473966061234250e+01,1.514333549569962258e+02,3.401838629550005599e+00,8.000000000000000167e-02,4.063818900872371387e+02
2.783482109097336377e+01,1.512890268135793974e+02,3.443468487631196062e+00,8.000000000000000167e-02,4.069022257378051677e+02
2.734134227430425312e+01,1.511240181872870494e+02,3.485098345712386525e+00,8.000000000000000167e-02,4.074225613883731967e+02
2.685515830813795901e+01,1.509386150042106749e+02,3.526728203793576544e+00,8.000000000000000167e-02,4.079428970389412257e+02
2.637711164952837350e+01,1.507331385300238935e+02,3.568358061874767007e+00,8.000000000000000167e-02,4.084632326895091978e+02
2.590803065524501392e+01,1.505079448132949551e+02,3.609987919955957469e+00,8.000000000000000167e-02,4.089835683400772268e+02
2.544872814640088166e+01,1.502634240685277973e+02,3.651617778037147932e+00,8.000000000000000167e-02,4.095039039906451990e+02
2.500000000000001421e+01,1.500000000000001137e+02,3.693247636118338395e+00,8.000000000000000167e-02,4.100242396412132280e+02
2.459532926699655420e+01,1.497401082451459047e+02,3.731725113434115837e+00,8.000000000000000167e-02,4.105051784381414564e+02
2.420095556959907768e+01,1.494648419864222149e+02,3.770202590749891947e+00,8.000000000000000167e-02,4.109861172350696279e+02
2.381746271244628943e+01,1.491746087097231452e+02,3.808680068065668056e+00,8.000000000000000167e-02,4.114670560319977426e+02
2.344541839290340945e+01,1.488698380571225925e+02,3.847157545381444166e+00,8.000000000000000167e-02,4.119479948289259141e+02
2.308537336068065926e+01,1.485509811908606252e+02,3.885635022697220275e+00,8.000000000000000167e-02,4.124289336258540288e+02
2.273786060253994989e+01,1.482185101254727897e+02,3.924112500012996385e+00,8.000000000000000167e-02,4.129098724227821435e+02
2.240339455329668183e+01,1.478729170290511661e+02,3.962589977328772495e+00,8.000000000000000167e-02,4.133908112197102582e+02
2.208247033428459005e+01,1.475147134946713834e+02,4.001067454644548604e+00,8.000000000000000167e-02,4.138717500166383729e+02
2.177556302041098135e+01,1.471444297830642256e+02,4.039544931960325158e+00,8.000000000000000167e-02,4.143526888135664876e+02
2.148312693688740183e+01,1.467626140376527815e+02,4.078022409276100824e+00,8.000000000000000167e-02,4.148336276104946592e+02
2.118858934407071359e+01,1.463623313759799203e+02,4.078022409276100824e+00,0.000000000000000000e+00,4.153305970288879507e+02
2.089405175125402536e+01,1.459620487143070307e+02,4.078022409276100824e+00,0.000000000000000000e+00,4.158275664472812423e+02
2.059951415843733713e+01,1.455617660526341410e+02,4.078022409276100824e+00,0.000000000000000000e+00,4.163245358656745339e+02
2.030497656562064890e+01,1.451614833909612798e+02,4.078022409276100824e+00,0.000000000000000000e+00,4.168215052840678254e+02
2.001043897280396067e+01,1.447612007292883902e+02,4.078022409276100824e+00,0.000000000000000000e+00,4.173184747024611170e+02
1.971590137998727243e+01,1.443609180676155006e+02,4.078022409276100824e+00,0.000000000000000000e+00,4.178154441208544085e+02
1.942136378717058420e+01,1.439606354059426110e+02,4.078022409276100824e+00,0.000000000000000000e+00,4.183124135392477001e+02
1.912682619435389597e+01,1.435603527442697498e+02,4.078022409276100824e+00,0.000000000000000000e+00,4.188093829576409917e+02
1.883228860153720774e+01,1.431600700825968602e+02,4.078022409276100824e+00,0.000000000000000000e+00,4.193063523760342832e+02
1.853775100872051951e+01,1.427597874209239706e+02,4.078022409276100824e+00,0.000000000000000000e+00,4.198033217944275748e+02
1.824321341590383128e+01,1.423595047592511094e+02,4.078022409276100824e+00,0.000000000000000000e+00,4.203002912128208663e+02
1.794867582308714304e+01,1.419592220975782197e+02,4.078022409276100824e+00,0.000000000000000000e+00,4.207972606312141579e+02
1.765413823027045481e+01,1.415589394359053301e+02,4.078022409276100824e+00,0.000000000000000000e+00,4.212942300496074495e+02
1.735960063745376658e+01,1.411586567742324405e+02,4.078022409276100824e+00,0.000000000000000000e+00,4.217911994680007410e+02
1.706506304463707835e+01,1.407583741125595793e+02,4.078022409276100824e+00,0.000000000000000000e+00,4.222881688863940326e+02
1.677052545182039012e+01,1.403580914508866897e+02,4.078022409276100824e+00,0.000000000000000000e+00,4.227851383047873242e+02
1.647598785900370189e+01,1.399578087892138001e+02,4.078022409276100824e+00,0.000000000000000000e+00,4.232821077231806157e+02
1.618145026618701365e+01,1.395575261275409389e+02,4.078022409276100824e+00,0.000000000000000000e+00,4.237790771415739073e+02
1.588691267337032365e+01,1.391572434658680493e+02,4.078022409276100824e+00,0.000000000000000000e+00,4.242760465599671988e+02
1.559237508055363541e+01,1.387569608041951597e+02,4.078022409276100824e+00,0.000000000000000000e+00,4.247730159783604904e+02
1.529783748773694541e+01,1.383566781425222985e+02,4.078022409276100824e+00,0.000000000000000000e+00,4.252699853967537820e+02
1.500329989492025717e+01,1.379563954808494088e+02,4.078022409276100824e+00,0.000000000000000000e+00,4.257669548151470735e+02
1.470876230210356894e+01,1.375561128191765192e+02,4.078022409276100824e+00,0.000000000000000000e+00,4.262639242335403651e+02
1.441422470928688071e+01,1.371558301575036296e+02,4.078022409276100824e+00,0.000000000000000000e+00,4.267608936519336567e+02
1.411968711647019248e+01,1.367555474958307684e+02,4.078022409276100824e+00,0.000000000000000000e+00,4.272578630703269482e+02
1.382514952365350425e+01,1.363552648341578788e+02,4.078022409276100824e+00,0.000000000000000000e+00,4.277548324887202398e+02
1.353061193083681601e+01,1.359549821724849892e+02,4.078022409276100824e+00,0.000000000000000000e+00,4.282518019071135313e+02
1.323607433802012601e+01,1.355546995108121280e+02,4.078022409276100824e+00,0.000000000000000000e+00,4.287487713255068229e+02
1.294153674520343777e+01,1.351544168491392384e+02,4.078022409276100824e+00,0.000000000000000000e+00,4.292457407439001145e+02
1.264699915238674954e+01,1.347541341874663487e+02,4.078022409276100824e+00,0.000000000000000000e+00,4.297427101622934060e+02
1.235246155957005953e+01,1.343538515257934591e+02,4.078022409276100824e+00,0.000000000000000000e+00,4.302396795806866976e+02
1.205792396675337486e+01,1.339535688641205979e+02,4.078022409276100824e+00,0.000000000000000000e+00,4.307366489990799892e+02
1.176338637393668485e+01,1.335532862024477083e+02,4.078022409276100824e+00,0.000000000000000000e+00,4.312336184174732807e+02
1.146884878111999662e+01,1.331530035407748187e+02,4.078022409276100824e+00,0.000000000000000000e+00,4.317305878358665723e+02
1.117431118830331016e+01,1.327527208791019575e+02,4.078022409276100824e+00,0.000000000000000000e+00,4.322275572542598638e+02
1.087977359548661838e+01,1.323524382174290679e+02,4.078022409276100824e+00,0.000000000000000000e+00,4.327245266726531554e+02
1.058523600266992837e+01,1.319521555557561783e+02,4.078022409276100824e+00,0.000000000000000000e+00,4.332214960910464470e+02
1.029069840985324369e+01,1.315518728940833171e+02,4.078022409276100824e+00,0.000000000000000000e+00,4.337184655094397385e+02
9.996160817036553681e+00,1.311515902324104275e+02,4.078022409276100824e+00,0.000000000000000000e+00,4.342154349278330301e+02
9.701623224219865449e+00,1.307513075707375378e+02,4.078022409276100824e+00,0.000000000000000000e+00,4.347124043462263216e+02
9.407085631403177217e+00,1.303510249090646766e+02,4.078022409276100824e+00,0.000000000000000000e+00,4.352093737646196132e+02
9.112548038586487209e+00,1.299507422473917870e+02,4.078022409276100824e+00,0.000000000000000000e+00,4.357063431830129048e+02
8.818010445769800754e+00,1.295504595857188974e+02,4.078022409276100824e+00,0.000000000000000000e+00,4.362033126014061963e+02
8.523472852953112522e+00,1.291501769240460078e+02,4.078022409276100824e+00,0.000000000000000000e+00,4.367002820197994879e+02
8.228935260136420737e+00,1.287498942623731182e+02,4.078022409276100824e+00,0.000000000000000000e+00,4.371972514381927795e+02
7.934397667319732506e+00,1.283496116007002570e+02,4.078022409276100824e+00,0.000000000000000000e+00,4.376942208565860710e+02
7.639860074503047827e+00,1.279493289390273674e+02,4.078022409276100824e+00,0.000000000000000000e+00,4.381911902749793626e+02
7.345322481686359595e+00,1.275490462773544920e+02,4.078022409276100824e+00,0.000000000000000000e+00,4.386881596933726541e+02
7.050784888869671363e+00,1.271487636156816166e+02,4.078022409276100824e+00,0.000000000000000000e+00,4.391851291117659457e+02
6.756247296052979578e+00,1.267484809540087269e+02,4.078022409276100824e+00,0.000000000000000000e+00,4.396820985301592373e+02
6.461709703236291347e+00,1.263481982923358515e+02,4.078022409276100824e+00,0.000000000000000000e+00,4.401790679485525288e+02
6.167172110419606668e+00,1.259479156306629619e+02,4.078022409276100824e+00,0.000000000000000000e+00,4.406760373669458204e+02
5.872634517602918436e+00,1.255476329689900865e+02,4.078022409276100824e+00,0.000000000000000000e+00,4.411730067853391120e+02
5.578096924786230204e+00,1.251473503073172111e+02,4.078022409276100824e+00,0.000000000000000000e+00,4.416699762037324035e+02
5.283559331969538420e+00,1.247470676456443357e+02,4.078022409276100824e+00,0.000000000000000000e+00,4.421669456221256951e+02
4.989021739152850188e+00,1.243467849839714319e+02,4.078022409276100824e+00,0.000000000000000000e+00,4.426639150405189866e+02
4.694484146336161956e+00,1.239465023222985565e+02,4.078022409276100824e+00,0.000000000000000000e+00,4.431608844589122782e+02
4.399946553519473724e+00,1.235462196606256811e+02,4.078022409276100824e+00,0.000000000000000000e+00,4.436578538773055698e+02
4.105408960702785492e+00,1.231459369989528057e+02,4.078022409276100824e+00,0.000000000000000000e+00,4.441548232956988613e+02
3.810871367886097261e+00,1.227456543372799160e+02,4.078022409276100824e+00,0.000000000000000000e+00,4.446517927140921529e+02
3.516333775069409029e+00,1.223453716756070264e+02,4.078022409276100824e+00,0.000000000000000000e+00,4.451487621324854445e+02
3.221796182252720797e+00,1.219450890139341510e+02,4.078022409276100824e+00,0.000000000000000000e+00,4.456457315508787360e+02
2.927258589436032565e+00,1.215448063522612756e+02,4.078022409276100824e+00,0.000000000000000000e+00,4.461427009692720276e+02
2.632720996619344334e+00,1.211445236905883860e+02,4.078022409276100824e+00,0.000000000000000000e+00,4.466396703876653191e+02
2.338183403802656102e+00,1.207442410289155106e+02,4.078022409276100824e+00,0.000000000000000000e+00,4.471366398060586107e+02
2.043645810985967870e+00,1.203439583672426210e+02,4.078022409276100824e+00,0.000000000000000000e+00,4.476336092244519023e+02
1.749108218169279638e+00,1.199436757055697456e+02,4.078022409276100824e+00,0.000000000000000000e+00,4.481305786428451938e+02
1.454570625352591406e+00,1.195433930438968702e+02,4.078022409276100824e+00,0.000000000000000000e+00,4.486275480612384854e+02
1.160033032535903175e+00,1.191431103822239947e+02,4.078022409276100824e+00,0.000000000000000000e+00,4.491245174796317770e+02
8.654954397192149429e-01,1.187428277205511051e+02,4.078022409276100824e+00,0.000000000000000000e+00,4.496214868980250685e+02
5.709578469025267111e-01,1.183425450588782155e+02,4.078022409276100824e+00,0.000000000000000000e+00,4.501184563164183601e+02
2.764202540858384793e-01,1.179422623972053543e+02,4.078022409276100824e+00,0.000000000000000000e+00,4.506154257348116516e+02
-1.811733873084975244e-02,1.175419797355324647e+02,4.078022409276100824e+00,0.000000000000000000e+00,4.511123951532049432e+02
-3.126549315475415369e-01,1.171416970738595751e+02,4.078022409276100824e+00,0.000000000000000000e+00,4.516093645715982348e+02
-6.071925243642297687e-01,1.167414144121866855e+02,4.078022409276100824e+00,0.000000000000000000e+00,4.521063339899915263e+02
-9.017301171809215532e-01,1.163411317505138243e+02,4.078022409276100824e+00,0.000000000000000000e+00,4.526033034083848179e+02
-1.196267709997606232e+00,1.159408490888409347e+02,4.078022409276100824e+00,0.000000000000000000e+00,4.531002728267781094e+02
-1.490805302814290911e+00,1.155405664271680450e+02,4.078022409276100824e+00,0.000000000000000000e+00,4.535972422451714010e+02
-1.785342895630982696e+00,1.151402837654951696e+02,4.078022409276100824e+00,0.000000000000000000e+00,4.540942116635646926e+02
-2.079880488447670928e+00,1.147400011038222942e+02,4.078022409276100824e+00,0.000000000000000000e+00,4.545911810819579841e+02
-2.374418081264362712e+00,1.143397184421494046e+02,4.078022409276100824e+00,0.000000000000000000e+00,4.550881505003512757e+02
-2.668955674081047391e+00,1.139394357804765292e+02,4.078022409276100824e+00,0.000000000000000000e+00,4.555851199187445673e+02
-2.963493266897732070e+00,1.135391531188036538e+02,4.078022409276100824e+00,0.000000000000000000e+00,4.560820893371378588e+02
-3.258030859714423855e+00,1.131388704571307642e+02,4.078022409276100824e+00,0.000000000000000000e+00,4.565790587555311504e+02
-3.552568452531112086e+00,1.127385877954578746e+02,4.078022409276100824e+00,0.000000000000000000e+00,4.570760281739244419e+02
-3.847106045347803871e+00,1.123383051337850134e+02,4.078022409276100824e+00,0.000000000000000000e+00,4.575729975923177335e+02
-4.141643638164488550e+00,1.119380224721121238e+02,4.078022409276100824e+00,0.000000000000000000e+00,4.580699670107110251e+02
-4.436181230981180335e+00,1.115377398104392341e+02,4.078022409276100824e+00,0.000000000000000000e+00,4.585669364291043166e+02
-4.730718823797868566e+00,1.111374571487663587e+02,4.078022409276100824e+00,0.000000000000000000e+00,4.590639058474976082e+02
-5.025256416614560351e+00,1.107371744870934833e+02,4.078022409276100824e+00,0.000000000000000000e+00,4.595608752658908998e+02
-5.319794009431245030e+00,1.103368918254205937e+02,4.078022409276100824e+00,0.000000000000000000e+00,4.600578446842841913e+02
-5.614331602247936814e+00,1.099366091637477183e+02,4.078022409276100824e+00,0.000000000000000000e+00,4.605548141026774829e+02
-5.908869195064621493e+00,1.095363265020748287e+02,4.078022409276100824e+00,0.000000000000000000e+00,4.610517835210707744e+02
-6.203406787881309725e+00,1.091360438404019533e+02,4.078022409276100824e+00,0.000000000000000000e+00,4.615487529394640660e+02
-6.497944380698001510e+00,1.087357611787290637e+02,4.078022409276100824e+00,0.000000000000000000e+00,4.620457223578573576e+02
-6.792481973514686189e+00,1.083354785170561883e+02,4.078022409276100824e+00,0.000000000000000000e+00,4.625426917762506491e+02
-7.087019566331377973e+00,1.079351958553833128e+02,4.078022409276100824e+00,0.000000000000000000e+00,4.630396611946439407e+02
-7.381557159148059100e+00,1.075349131937104232e+02,4.078022409276100824e+00,0.000000000000000000e+00,4.635366306130372323e+02
-7.676094751964754437e+00,1.071346305320375478e+02,4.078022409276100824e+00,0.000000000000000000e+00,4.640336000314305238e+02
-7.970632344781442669e+00,1.067343478703646724e+02,4.078022409276100824e+00,0.000000000000000000e+00,4.645305694498238154e+02
-8.265169937598123795e+00,1.063340652086917828e+02,4.078022409276100824e+00,0.000000000000000000e+00,4.650275388682171069e+02
-8.559707530414819132e+00,1.059337825470189074e+02,4.078022409276100824e+00,0.000000000000000000e+00,4.655245082866103985e+02
-8.854245123231500258e+00,1.055334998853460320e+02,4.078022409276100824e+00,0.000000000000000000e+00,4.660214777050036901e+02
-9.148782716048195596e+00,1.051332172236731424e+02,4.078022409276100824e+00,0.000000000000000000e+00,4.665184471233969816e+02
-9.443320308864883827e+00,1.047329345620002528e+02,4.078022409276100824e+00,0.000000000000000000e+00,4.670154165417902732e+02
-9.737857901681564954e+00,1.043326519003273916e+02,4.078022409276100824e+00,0.000000000000000000e+00,4.675123859601835647e+02
-1.003239549449826029e+01,1.039323692386545019e+02,4.078022409276100824e+00,0.000000000000000000e+00,4.680093553785768563e+02
-1.032693308731494142e+01,1.035320865769816123e+02,4.078022409276100824e+00,0.000000000000000000e+00,4.685063247969701479e+02
-1.062147068013163675e+01,1.031318039153087369e+02,4.078022409276100824e+00,0.000000000000000000e+00,4.690032942153634394e+02
-1.091600827294832499e+01,1.027315212536358615e+02,4.078022409276100824e+00,0.000000000000000000e+00,4.695002636337567310e+02
-1.121054586576500611e+01,1.023312385919629719e+02,4.078022409276100824e+00,0.000000000000000000e+00,4.699972330521500226e+02
-1.150508345858170856e+01,1.019309559302900823e+02,4.078022409276100824e+00,0.000000000000000000e+00,4.704942024705433141e+02
-1.179962105139838968e+01,1.015306732686172069e+02,4.078022409276100824e+00,0.000000000000000000e+00,4.709911718889366057e+02
-1.209415864421507791e+01,1.011303906069443315e+02,4.078022409276100824e+00,0.000000000000000000e+00,4.714881413073298972e+02
-1.238869623703177325e+01,1.007301079452714418e+02,4.078022409276100824e+00,0.000000000000000000e+00,4.719851107257231888e+02
-1.268323382984845438e+01,1.003298252835985522e+02,4.078022409276100824e+00,0.000000000000000000e+00,4.724820801441164804e+02
-1.297777142266514971e+01,9.992954262192569104e+01,4.078022409276100824e+00,0.000000000000000000e+00,4.729790495625097719e+02
-1.327230901548183084e+01,9.952925996025280142e+01,4.078022409276100824e+00,0.000000000000000000e+00,4.734760189809030635e+02
-1.356684660829851907e+01,9.912897729857992601e+01,4.078022409276100824e+00,0.000000000000000000e+00,4.739729883992963551e+02
-1.386138420111521441e+01,9.872869463690705061e+01,4.078022409276100824e+00,0.000000000000000000e+00,4.744699578176896466e+02
-1.415592179393189554e+01,9.832841197523416099e+01,4.078022409276100824e+00,0.000000000000000000e+00,4.749669272360829382e+02
-1.445045938674859087e+01,9.792812931356128558e+01,4.078022409276100824e+00,0.000000000000000000e+00,4.754638966544762297e+02
-1.474499697956527200e+01,9.752784665188839597e+01,4.078022409276100824e+00,0.000000000000000000e+00,4.759608660728695213e+02
-1.503953457238196023e+01,9.712756399021552056e+01,4.078022409276100824e+00,0.000000000000000000e+00,4.764578354912628129e+02
-1.533407216519865557e+01,9.672728132854263094e+01,4.078022409276100824e+00,0.000000000000000000e+00,4.769548049096561044e+02
-1.562860975801533669e+01,9.632699866686975554e+01,4.078022409276100824e+00,0.000000000000000000e+00,4.774517743280493960e+02
-1.592314735083203203e+01,9.592671600519688013e+01,4.078022409276100824e+00,0.000000000000000000e+00,4.779487437464426876e+02
-1.621768494364871316e+01,9.552643334352399052e+01,4.078022409276100824e+00,0.000000000000000000e+00,4.784457131648359791e+02
-1.651222253646540139e+01,9.512615068185111511e+01,4.078022409276100824e+00,0.000000000000000000e+00,4.789426825832292707e+02
-1.680676012928209673e+01,9.472586802017823970e+01,4.078022409276100824e+00,0.000000000000000000e+00,4.794396520016225622e+02
-1.710129772209877785e+01,9.432558535850535009e+01,4.078022409276100824e+00,0.000000000000000000e+00,4.799366214200158538e+02
-1.739583531491547319e+01,9.392530269683246047e+01,4.078022409276100824e+00,0.000000000000000000e+00,4.804335908384091454e+02
-1.769037290773215432e+01,9.352502003515959927e+01,4.078022409276100824e+00,0.000000000000000000e+00,4.809305602568024369e+02
-1.798491050054884255e+01,9.312473737348670966e+01,4.078022409276100824e+00,0.000000000000000000e+00,4.814275296751957285e+02
-1.827944809336553789e+01,9.272445471181383425e+01,4.078022409276100824e+00,0.000000000000000000e+00,4.819244990935890200e+02
-1.857398568618221901e+01,9.232417205014095885e+01,4.078022409276100824e+00,0.000000000000000000e+00,4.824214685119823116e+02
-1.886852327899891435e+01,9.192388938846806923e+01,4.078022409276100824e+00,0.000000000000000000e+00,4.829184379303756032e+02
-1.916306087181559548e+01,9.152360672679519382e+01,4.078022409276100824e+00,0.000000000000000000e+00,4.834154073487688947e+02
-1.945759846463228371e+01,9.112332406512230421e+01,4.078022409276100824e+00,0.000000000000000000e+00,4.839123767671621863e+02
-1.975213605744897905e+01,9.072304140344942880e+01,4.078022409276100824e+00,0.000000000000000000e+00,4.844093461855554779e+02
-2.004667365026566017e+01,9.032275874177653918e+01,4.078022409276100824e+00,0.000000000000000000e+00,4.849063156039487694e+02
-2.034121124308235551e+01,8.992247608010366378e+01,4.078022409276100824e+00,0.000000000000000000e+00,4.854032850223420610e+02
-2.063574883589903664e+01,8.952219341843078837e+01,4.078022409276100824e+00,0.000000000000000000e+00,4.859002544407353525e+02
-2.093028642871572487e+01,8.912191075675789875e+01,4.078022409276100824e+00,0.000000000000000000e+00,4.863972238591286441e+02
-2.122482402153242020e+01,8.872162809508500914e+01,4.078022409276100824e+00,0.000000000000000000e+00,4.868941932775219357e+02
-2.151936161434910844e+01,8.832134543341213373e+01,4.078022409276100824e+00,0.000000000000000000e+00,4.873911626959152272e+02
-2.181389920716579667e+01,8.792106277173925832e+01,4.078022409276100824e+00,0.000000000000000000e+00,4.878881321143085188e+02
-2.210843679998249200e+01,8.752078011006636871e+01,4.078022409276100824e+00,0.000000000000000000e+00,4.883851015327018104e+02
-2.240297439279917313e+01,8.712049744839347909e+01,4.078022409276100824e+00,0.000000000000000000e+00,4.888820709510951019e+02
-2.269751198561586136e+01,8.672021478672060368e+01,4.078022409276100824e+00,0.000000000000000000e+00,4.893790403694883935e+02
-2.299204957843254959e+01,8.631993212504772828e+01,4.078022409276100824e+00,0.000000000000000000e+00,4.898760097878816850e+02
-2.328658717124923783e+01,8.591964946337485287e+01,4.078022409276100824e+00,0.000000000000000000e+00,4.903729792062749766e+02
-2.358112476406593316e+01,8.551936680170196325e+01,4.078022409276100824e+00,0.000000000000000000e+00,4.908699486246682682e+02
-2.387566235688261429e+01,8.511908414002908785e+01,4.078022409276100824e+00,0.000000000000000000e+00,4.913669180430615597e+02
-2.417019994969930252e+01,8.471880147835619823e+01,4.078022409276100824e+00,0.000000000000000000e+00,4.918638874614548513e+02
-2.446473754251599075e+01,8.431851881668332283e+01,4.078022409276100824e+00,0.000000000000000000e+00,4.923608568798481429e+02
-2.475927513533267899e+01,8.391823615501043321e+01,4.078022409276100824e+00,0.000000000000000000e+00,4.928578262982414344e+02
-2.505381272814937432e+01,8.351795349333755780e+01,4.078022409276100824e+00,0.000000000000000000e+00,4.933547957166347260e+02
-2.534835032096604834e+01,8.311767083166468240e+01,4.078022409276100824e+00,0.000000000000000000e+00,4.938517651350280175e+02
-2.564288791378275079e+01,8.271738816999180699e+01,4.078022409276100824e+00,0.000000000000000000e+00,4.943487345534213091e+02
-2.593742550659943191e+01,8.231710550831891737e+01,4.078022409276100824e+00,0.000000000000000000e+00,4.948457039718146007e+02
-2.623196309941612014e+01,8.191682284664602776e+01,4.078022409276100824e+00,0.000000000000000000e+00,4.953426733902078922e+02
-2.652650069223281548e+01,8.151654018497315235e+01,4.078022409276100824e+00,0.000000000000000000e+00,4.958396428086011838e+02
-2.682103828504948950e+01,8.111625752330027694e+01,4.078022409276100824e+00,0.000000000000000000e+00,4.963366122269944753e+02
-2.711557587786619195e+01,8.071597486162738733e+01,4.078022409276100824e+00,0.000000000000000000e+00,4.968335816453877669e+02
-2.741011347068287307e+01,8.031569219995451192e+01,4.078022409276100824e+00,0.000000000000000000e+00,4.973305510637810585e+02
-2.770465106349956130e+01,7.991540953828163651e+01,4.078022409276100824e+00,0.000000000000000000e+00,4.978275204821743500e+02
-2.799918865631625664e+01,7.951512687660876111e+01,4.078022409276100824e+00,0.000000000000000000e+00,4.983244899005676416e+02
-2.829372624913293066e+01,7.911484421493585728e+01,4.078022409276100824e+00,0.000000000000000000e+00,4.988214593189609332e+02
-2.858826384194963310e+01,7.871456155326298187e+01,4.078022409276100824e+00,0.000000000000000000e+00,4.993184287373542247e+02
-2.888280143476631423e+01,7.831427889159010647e+01,4.078022409276100824e+00,0.000000000000000000e+00,4.998153981557475163e+02
-2.917733902758301667e+01,7.791399622991723106e+01,4.078022409276100824e+00,0.000000000000000000e+00,5.003123675741408078e+02
-2.947187662039969780e+01,7.751371356824434145e+01,4.078022409276100824e+00,0.000000000000000000e+00,5.008093369925340994e+02
-2.976641421321637182e+01,7.711343090657146604e+01,4.078022409276100824e+00,0.000000000000000000e+00,5.013063064109273910e+02
-3.006095180603307426e+01,7.671314824489859063e+01,4.078022409276100824e+00,0.000000000000000000e+00,5.018032758293206825e+02
-3.035548939884975539e+01,7.631286558322570102e+01,4.078022409276100824e+00,0.000000000000000000e+00,5.023002452477139741e+02
-3.065002699166645783e+01,7.591258292155281140e+01,4.078022409276100824e+00,0.000000000000000000e+00,5.027972146661072657e+02
-3.094456458448313896e+01,7.551230025987992178e+01,4.078022409276100824e+00,0.000000000000000000e+00,5.032941840845005572e+02
-3.123910217729984140e+01,7.511201759820704638e+01,4.078022409276100824e+00,0.000000000000000000e+00,5.037911535028938488e+02
-3.153363977011651542e+01,7.471173493653417097e+01,4.078022409276100824e+00,0.000000000000000000e+00,5.042881229212871403e+02
-3.182817736293319655e+01,7.431145227486129556e+01,4.078022409276100824e+00,0.000000000000000000e+00,5.047850923396804319e+02
-3.212271495574989899e+01,7.391116961318840595e+01,4.078022409276100824e+00,0.000000000000000000e+00,5.052820617580737235e+02
-3.241725254856658012e+01,7.351088695151553054e+01,4.078022409276100824e+00,0.000000000000000000e+00,5.057790311764670150e+02
-3.271179014138327545e+01,7.311060428984265513e+01,4.078022409276100824e+00,0.000000000000000000e+00,5.062760005948603066e+02
-3.300632773419995658e+01,7.271032162816976552e+01,4.078022409276100824e+00,0.000000000000000000e+00,5.067729700132535982e+02
-3.330086532701663771e+01,7.231003896649687590e+01,4.078022409276100824e+00,0.000000000000000000e+00,5.072699394316468897e+02
-3.359540291983334015e+01,7.190975630482400049e+01,4.078022409276100824e+00,0.000000000000000000e+00,5.077669088500401813e+02
-3.388994051265002128e+01,7.150947364315112509e+01,4.078022409276100824e+00,0.000000000000000000e+00,5.082638782684334728e+02
-3.418447810546672372e+01,7.110919098147824968e+01,4.078022409276100824e+00,0.000000000000000000e+00,5.087608476868267644e+02
-3.447901569828339774e+01,7.070890831980536007e+01,4.078022409276100824e+00,0.000000000000000000e+00,5.092578171052200560e+02
-3.477355329110007887e+01,7.030862565813248466e+01,4.078022409276100824e+00,0.000000000000000000e+00,5.097547865236133475e+02
-3.506809088391678131e+01,6.990834299645959504e+01,4.078022409276100824e+00,0.000000000000000000e+00,5.102517559420066391e+02
-3.535382699204363632e+01,6.950344676704467872e+01,4.117670319970387460e+00,8.000000000000000167e-02,5.107473223654877756e+02
-3.562328946314764266e+01,6.908754286378284348e+01,4.157318230664674985e+00,8.000000000000000167e-02,5.112428887889689122e+02
-3.587605476934393778e+01,6.866128498401357660e+01,4.196966141358961622e+00,8.000000000000000167e-02,5.117384552124500487e+02
-3.611172562653184315e+01,6.822534309894835758e+01,4.236614052053248258e+00,8.000000000000000167e-02,5.122340216359311853e+02
-3.632993161882652799e+01,6.778040240064285626e+01,4.276261962747534895e+00,8.000000000000000167e-02,5.127295880594123219e+02
-3.653032978076049631e+01,6.732716222504564030e+01,4.315909873441821532e+00,8.000000000000000167e-02,5.132251544828934584e+02
-3.671260513633984601e+01,6.686633495281631667e+01,4.355557784136108168e+00,8.000000000000000167e-02,5.137207209063745950e+02
-3.687647119410812024e+01,6.639864488964052214e+01,4.395205694830394805e+00,8.000000000000000167e-02,5.142162873298557315e+02
-3.702167039743948607e+01,6.592482712780181942e+01,4.434853605524681441e+00,8.000000000000000167e-02,5.147118537533368681e+02
-3.714797452935361122e+01,6.544562639079975952e+01,4.474501516218968966e+00,8.000000000000000167e-02,5.152074201768180046e+02
-3.725518507121590517e+01,6.496179586283000162e+01,4.514149426913255603e+00,8.000000000000000167e-02,5.157029866002991412e+02
-3.734313351475936571e+01,6.447409600496639825e+01,4.553797337607542239e+00,8.000000000000000167e-02,5.161985530237802777e+02
-3.741168162693758603e+01,6.398329335990557354e+01,4.593445248301829764e+00,8.000000000000000167e-02,5.166941194472614143e+02
-3.746072166719272190e+01,6.349015934715276899e+01,4.633093158996116401e+00,8.000000000000000167e-02,5.171896858707425508e+02
-3.749017655679672600e+01,6.299546905054253898e+01,4.672741069690403037e+00,8.000000000000000167e-02,5.176852522942236874e+02
-3.750000000000000000e+01,6.250000000000000000e+01,4.712388980384689674e+00,8.000000000000000167e-02,5.181808187177048239e+02
-3.749010035343636815e+01,6.200261367018314473e+01,4.752190394523108097e+00,8.000000000000000167e-02,5.186783035557559742e+02
-3.746041709422581079e+01,6.150601517218561298e+01,4.791991808661526520e+00,8.000000000000000167e-02,5.191757883938071245e+02
-3.741099723897233531e+01,6.101099108994568354e+01,4.831793222799944942e+00,8.000000000000000167e-02,5.196732732318582748e+02
-3.734191906593196819e+01,6.051832551361609092e+01,4.871594636938364253e+00,8.000000000000000167e-02,5.201707580699094251e+02
-3.725329199102446154e+01,6.002879879760958914e+01,4.911396051076782676e+00,8.000000000000000167e-02,5.206682429079605754e+02
-3.714525639452461547e+01,5.954318632456170235e+01,4.951197465215201099e+00,8.000000000000000167e-02,5.211657277460117257e+02
-3.701798339870789789e+01,5.906225727716842755e+01,4.990998879353619522e+00,8.000000000000000167e-02,5.216632125840628760e+02
-3.687167459680240711e+01,5.858677341984439124e+01,5.030800293492038833e+00,8.000000000000000167e-02,5.221606974221140263e+02
-3.670656173367663655e+01,5.811748789213106647e+01,5.070601707630457256e+00,8.000000000000000167e-02,5.226581822601651766e+02
-3.652290633876867076e+01,5.765514401576633929e+01,5.110403121768875678e+00,8.000000000000000167e-02,5.231556670982163268e+02
-3.632099931183836361e+01,5.720047411730490694e+01,5.150204535907294101e+00,8.000000000000000167e-02,5.236531519362674771e+02
-3.610116046219857111e+01,5.675419836815443375e+01,5.190005950045712524e+00,8.000000000000000167e-02,5.241506367743186274e+02
-3.586373800215527297e+01,5.631702364386475779e+01,5.229807364184130947e+00,8.000000000000000167e-02,5.246481216123697777e+02
-3.560910799545897021e+01,5.588964240447700860e+01,5.269608778322549369e+00,8.000000000000000167e-02,5.251456064504209280e+02
-3.533767376164100682e+01,5.547273159770604423e+01,5.309410192460968680e+00,8.000000000000000167e-02,5.256430912884720783e+02
-3.504986523717818159e+01,5.506695158669355550e+01,5.349211606599387103e+00,8.000000000000000167e-02,5.261405761265232286e+02
-3.475545737771746957e+01,5.466889695986647979e+01,5.349211606599387103e+00,0.000000000000000000e+00,5.266356755848653393e+02
-3.446104951825675045e+01,5.427084233303939698e+01,5.349211606599387103e+00,0.000000000000000000e+00,5.271307750432074499e+02
-3.416664165879603843e+01,5.387278770621232837e+01,5.349211606599387103e+00,0.000000000000000000e+00,5.276258745015495606e+02
-3.387223379933531930e+01,5.347473307938525267e+01,5.349211606599387103e+00,0.000000000000000000e+00,5.281209739598916713e+02
-3.357782593987460018e+01,5.307667845255816985e+01,5.349211606599387103e+00,0.000000000000000000e+00,5.286160734182337819e+02
-3.328341808041388816e+01,5.267862382573109414e+01,5.349211606599387103e+00,0.000000000000000000e+00,5.291111728765758926e+02
-3.298901022095316904e+01,5.228056919890401844e+01,5.349211606599387103e+00,0.000000000000000000e+00,5.296062723349180033e+02
-3.269460236149245702e+01,5.188251457207694273e+01,5.349211606599387103e+00,0.000000000000000000e+00,5.301013717932601139e+02
-3.240019450203173790e+01,5.148445994524986702e+01,5.349211606599387103e+00,0.000000000000000000e+00,5.305964712516022246e+02
-3.210578664257102588e+01,5.108640531842279131e+01,5.349211606599387103e+00,0.000000000000000000e+00,5.310915707099443352e+02
-3.181137878311030676e+01,5.068835069159571560e+01,5.349211606599387103e+00,0.000000000000000000e+00,5.315866701682864459e+02
-3.151697092364959474e+01,5.029029606476863989e+01,5.349211606599387103e+00,0.000000000000000000e+00,5.320817696266285566e+02
-3.122256306418887561e+01,4.989224143794156419e+01,5.349211606599387103e+00,0.000000000000000000e+00,5.325768690849706672e+02
-3.092815520472816004e+01,4.949418681111448848e+01,5.349211606599387103e+00,0.000000000000000000e+00,5.330719685433127779e+02
-3.063374734526744447e+01,4.909613218428741277e+01,5.349211606599387103e+00,0.000000000000000000e+00,5.335670680016548886e+02
-3.033933948580672890e+01,4.869807755746033706e+01,5.349211606599387103e+00,0.000000000000000000e+00,5.340621674599969992e+02
-3.004493162634601333e+01,4.830002293063326135e+01,5.349211606599387103e+00,0.000000000000000000e+00,5.345572669183391099e+02
-2.975052376688529776e+01,4.790196830380618565e+01,5.349211606599387103e+00,0.000000000000000000e+00,5.350523663766812206e+02
-2.945611590742458219e+01,4.750391367697910994e+01,5.349211606599387103e+00,0.000000000000000000e+00,5.355474658350233312e+02
-2.916170804796386662e+01,4.710585905015203423e+01,5.349211606599387103e+00,0.000000000000000000e+00,5.360425652933654419e+02
-2.886730018850315105e+01,4.670780442332495852e+01,5.349211606599387103e+00,0.000000000000000000e+00,5.365376647517075526e+02
-2.857289232904243548e+01,4.630974979649788281e+01,5.349211606599387103e+00,0.000000000000000000e+00,5.370327642100496632e+02
-2.827848446958171991e+01,4.591169516967080710e+01,5.349211606599387103e+00,0.000000000000000000e+00,5.375278636683917739e+02
-2.798407661012100078e+01,4.551364054284373140e+01,5.349211606599387103e+00,0.000000000000000000e+00,5.380229631267338846e+02
-2.768966875066028877e+01,4.511558591601665569e+01,5.349211606599387103e+00,0.000000000000000000e+00,5.385180625850759952e+02
-2.739526089119956964e+01,4.471753128918957998e+01,5.349211606599387103e+00,0.000000000000000000e+00,5.390131620434181059e+02
-2.710085303173885762e+01,4.431947666236250427e+01,5.349211606599387103e+00,0.000000000000000000e+00,5.395082615017602166e+02
-2.680644517227813850e+01,4.392142203553542856e+01,5.349211606599387103e+00,0.000000000000000000e+00,5.400033609601023272e+02
-2.651203731281742648e+01,4.352336740870835285e+01,5.349211606599387103e+00,0.000000000000000000e+00,5.404984604184444379e+02
-2.621762945335670736e+01,4.312531278188127715e+01,5.349211606599387103e+00,0.000000000000000000e+00,5.409935598767865486e+02
-2.592322159389599179e+01,4.272725815505420144e+01,5.349211606599387103e+00,0.000000000000000000e+00,5.414886593351286592e+02
-2.562881373443527622e+01,4.232920352822712573e+01,5.349211606599387103e+00,0.000000000000000000e+00,5.419837587934707699e+02
-2.533440587497456065e+01,4.193114890140005002e+01,5.349211606599387103e+00,0.000000000000000000e+00,5.424788582518128806e+02
-2.503999801551384508e+01,4.153309427457296721e+01,5.349211606599387103e+00,0.000000000000000000e+00,5.429739577101549912e+02
-2.474559015605312950e+01,4.113503964774589861e+01,5.349211606599387103e+00,0.000000000000000000e+00,5.434690571684971019e+02
-2.445118229659241393e+01,4.073698502091882290e+01,5.349211606599387103e+00,0.000000000000000000e+00,5.439641566268392125e+02
-2.415677443713169836e+01,4.033893039409174719e+01,5.349211606599387103e+00,0.000000000000000000e+00,5.444592560851813232e+02
-2.386236657767098279e+01,3.994087576726467148e+01,5.349211606599387103e+00,0.000000000000000000e+00,5.449543555435234339e+02
-2.356795871821026367e+01,3.954282114043758867e+01,5.349211606599387103e+00,0.000000000000000000e+00,5.454494550018655445e+02
-2.327355085874955165e+01,3.914476651361051296e+01,5.349211606599387103e+00,0.000000000000000000e+00,5.459445544602076552e+02
-2.297914299928883253e+01,3.874671188678343725e+01,5.349211606599387103e+00,0.000000000000000000e+00,5.464396539185497659e+02
-2.268473513982811696e+01,3.834865725995635444e+01,5.349211606599387103e+00,0.000000000000000000e+00,5.469347533768918765e+02
-2.239032728036740139e+01,3.795060263312929294e+01,5.349211606599387103e+00,0.000000000000000000e+00,5.474298528352339872e+02
-2.209591942090668937e+01,3.755254800630221013e+01,5.349211606599387103e+00,0.000000000000000000e+00,5.479249522935760979e+02
-2.180151156144597024e+01,3.715449337947513442e+01,5.349211606599387103e+00,0.000000000000000000e+00,5.484200517519182085e+02
-2.150710370198525823e+01,3.675643875264805871e+01,5.349211606599387103e+00,0.000000000000000000e+00,5.489151512102603192e+02
-2.121269584252453910e+01,3.635838412582097590e+01,5.349211606599387103e+00,0.000000000000000000e+00,5.494102506686024299e+02
-2.091828798306382353e+01,3.596032949899390019e+01,5.349211606599387103e+00,0.000000000000000000e+00,5.499053501269445405e+02
-2.062388012360310796e+01,3.556227487216682448e+01,5.349211606599387103e+00,0.000000000000000000e+00,5.504004495852866512e+02
-2.032947226414239239e+01,3.516422024533974877e+01,5.349211606599387103e+00,0.000000000000000000e+00,5.508955490436287619e+02
-2.003506440468167682e+01,3.476616561851268017e+01,5.349211606599387103e+00,0.000000000000000000e+00,5.513906485019708725e+02
-1.974065654522095770e+01,3.436811099168559736e+01,5.349211606599387103e+00,0.000000000000000000e+00,5.518857479603129832e+02
-1.944624868576024568e+01,3.397005636485852165e+01,5.349211606599387103e+00,0.000000000000000000e+00,5.523808474186550939e+02
-1.915184082629953011e+01,3.357200173803144594e+01,5.349211606599387103e+00,0.000000000000000000e+00,5.528759468769972045e+02
-1.885743296683881454e+01,3.317394711120437023e+01,5.349211606599387103e+00,0.000000000000000000e+00,5.533710463353393152e+02
-1.856302510737809897e+01,3.277589248437730163e+01,5.349211606599387103e+00,0.000000000000000000e+00,5.538661457936814259e+02
-1.826861724791738339e+01,3.237783785755021881e+01,5.349211606599387103e+00,0.000000000000000000e+00,5.543612452520235365e+02
-1.797420938845666782e+01,3.197978323072314666e+01,5.349211606599387103e+00,0.000000000000000000e+00,5.548563447103656472e+02
-1.767980152899594870e+01,3.158172860389607095e+01,5.349211606599387103e+00,0.000000000000000000e+00,5.553514441687077579e+02
-1.738539366953523668e+01,3.118367397706899879e+01,5.349211606599387103e+00,0.000000000000000000e+00,5.558465436270498685e+02
-1.709098581007451756e+01,3.078561935024191598e+01,5.349211606599387103e+00,0.000000000000000000e+00,5.563416430853919792e+02
-1.679657795061380199e+01,3.038756472341484738e+01,5.349211606599387103e+00,0.000000000000000000e+00,5.568367425437340898e+02
-1.650217009115308642e+01,2.998951009658776456e+01,5.349211606599387103e+00,0.000000000000000000e+00,5.573318420020762005e+02
-1.620776223169237085e+01,2.959145546976068886e+01,5.349211606599387103e+00,0.000000000000000000e+00,5.578269414604183112e+02
-1.591335437223165528e+01,2.919340084293361315e+01,5.349211606599387103e+00,0.000000000000000000e+00,5.583220409187604218e+02
-1.561894651277093971e+01,2.879534621610653744e+01,5.349211606599387103e+00,0.000000000000000000e+00,5.588171403771025325e+02
-1.532453865331022413e+01,2.839729158927946173e+01,5.349211606599387103e+00,0.000000000000000000e+00,5.593122398354446432e+02
-1.503013079384950501e+01,2.799923696245238602e+01,5.349211606599387103e+00,0.000000000000000000e+00,5.598073392937867538e+02
-1.473572293438879299e+01,2.760118233562531032e+01,5.349211606599387103e+00,0.000000000000000000e+00,5.603024387521288645e+02
-1.444131507492807742e+01,2.720312770879823461e+01,5.349211606599387103e+00,0.000000000000000000e+00,5.607975382104709752e+02
-1.414690721546736185e+01,2.680507308197115179e+01,5.349211606599387103e+00,0.000000000000000000e+00,5.612926376688130858e+02
-1.385249935600664628e+01,2.640701845514408319e+01,5.349211606599387103e+00,0.000000000000000000e+00,5.617877371271551965e+02
-1.355809149654593071e+01,2.600896382831700748e+01,5.349211606599387103e+00,0.000000000000000000e+00,5.622828365854973072e+02
-1.326368363708521514e+01,2.561090920148993177e+01,5.349211606599387103e+00,0.000000000000000000e+00,5.627779360438394178e+02
-1.296927577762449602e+01,2.521285457466284896e+01,5.349211606599387103e+00,0.000000000000000000e+00,5.632730355021815285e+02
-1.267486791816378400e+01,2.481479994783578036e+01,5.349211606599387103e+00,0.000000000000000000e+00,5.637681349605236392e+02
-1.238046005870306843e+01,2.441674532100869754e+01,5.349211606599387103e+00,0.000000000000000000e+00,5.642632344188657498e+02
-1.208605219924234575e+01,2.401869069418162894e+01,5.349211606599387103e+00,0.000000000000000000e+00,5.647583338772078605e+02
-1.179164433978163729e+01,2.362063606735454613e+01,5.349211606599387103e+00,0.000000000000000000e+00,5.652534333355499712e+02
-1.149723648032091461e+01,2.322258144052747042e+01,5.349211606599387103e+00,0.000000000000000000e+00,5.657485327938920818e+02
-1.120282862086020614e+01,2.282452681370039471e+01,5.349211606599387103e+00,0.000000000000000000e+00,5.662436322522341925e+02
-1.090842076139948347e+01,2.242647218687331900e+01,5.349211606599387103e+00,0.000000000000000000e+00,5.667387317105763032e+02
-1.061401290193877500e+01,2.202841756004624330e+01,5.349211606599387103e+00,0.000000000000000000e+00,5.672338311689184138e+02
-1.031960504247805233e+01,2.163036293321916759e+01,5.349211606599387103e+00,0.000000000000000000e+00,5.677289306272605245e+02
-1.002519718301734386e+01,2.123230830639209188e+01,5.349211606599387103e+00,0.000000000000000000e+00,5.682240300856026352e+02
-9.730789323556621184e+00,2.083425367956501617e+01,5.349211606599387103e+00,0.000000000000000000e+00,5.687191295439447458e+02
-9.436381464095909166e+00,2.043619905273794046e+01,5.349211606599387103e+00,0.000000000000000000e+00,5.692142290022868565e+02
-9.141973604635190043e+00,2.003814442591086475e+01,5.349211606599387103e+00,0.000000000000000000e+00,5.697093284606289672e+02
-8.847565745174478025e+00,1.964008979908379615e+01,5.349211606599387103e+00,0.000000000000000000e+00,5.702044279189710778e+02
-8.553157885713758901e+00,1.924203517225671334e+01,5.349211606599387103e+00,0.000000000000000000e+00,5.706995273773131885e+02
-8.258750026253046883e+00,1.884398054542963763e+01,5.349211606599387103e+00,0.000000000000000000e+00,5.711946268356552991e+02
-7.964342166792327760e+00,1.844592591860256192e+01,5.349211606599387103e+00,0.000000000000000000e+00,5.716897262939974098e+02
-7.669934307331615742e+00,1.804787129177548621e+01,5.349211606599387103e+00,0.000000000000000000e+00,5.721848257523395205e+02
-7.375526447870896618e+00,1.764981666494841051e+01,5.349211606599387103e+00,0.000000000000000000e+00,5.726799252106816311e+02
-7.081118588410184600e+00,1.725176203812133480e+01,5.349211606599387103e+00,0.000000000000000000e+00,5.731750246690237418e+02
-6.786710728949461924e+00,1.685370741129425198e+01,5.349211606599387103e+00,0.000000000000000000e+00,5.736701241273658525e+02
-6.492302869488753458e+00,1.645565278446718338e+01,5.349211606599387103e+00,0.000000000000000000e+00,5.741652235857079631e+02
-6.197895010028030782e+00,1.605759815764010057e+01,5.349211606599387103e+00,0.000000000000000000e+00,5.746603230440500738e+02
-5.903487150567322317e+00,1.565954353081303196e+01,5.349211606599387103e+00,0.000000000000000000e+00,5.751554225023921845e+02
-5.609079291106599641e+00,1.526148890398594915e+01,5.349211606599387103e+00,0.000000000000000000e+00,5.756505219607342951e+02
-5.314671431645891175e+00,1.486343427715887344e+01,5.349211606599387103e+00,0.000000000000000000e+00,5.761456214190764058e+02
-5.020263572185172052e+00,1.446537965033179773e+01,5.349211606599387103e+00,0.000000000000000000e+00,5.766407208774185165e+02
-4.725855712724460034e+00,1.406732502350472913e+01,5.349211606599387103e+00,0.000000000000000000e+00,5.771358203357606271e+02
-4.431447853263733805e+00,1.366927039667764632e+01,5.349211606599387103e+00,0.000000000000000000e+00,5.776309197941027378e+02
-4.137039993803028892e+00,1.327121576985057061e+01,5.349211606599387103e+00,0.000000000000000000e+00,5.781260192524448485e+02
-3.842632134342302663e+00,1.287316114302349490e+01,5.349211606599387103e+00,0.000000000000000000e+00,5.786211187107869591e+02
-3.548224274881597751e+00,1.247510651619641919e+01,5.349211606599387103e+00,0.000000000000000000e+00,5.791162181691290698e+02
-3.253816415420871522e+00,1.207705188936935059e+01,5.349211606599387103e+00,0.000000000000000000e+00,5.796113176274711805e+02
-2.959408555960166609e+00,1.167899726254228199e+01,5.349211606599387103e+00,0.000000000000000000e+00,5.801064170858132911e+02
-2.665000696499440380e+00,1.128094263571519917e+01,5.349211606599387103e+00,0.000000000000000000e+00,5.806015165441554018e+02
-2.370592837038728362e+00,1.088288800888811636e+01,5.349211606599387103e+00,0.000000000000000000e+00,5.810966160024975125e+02
-2.076184977578009239e+00,1.048483338206104065e+01,5.349211606599387103e+00,0.000000000000000000e+00,5.815917154608396231e+02
-1.781777118117297221e+00,1.008677875523397205e+01,5.349211606599387103e+00,0.000000000000000000e+00,5.820868149191817338e+02
-1.487369258656578097e+00,9.688724128406903446e+00,5.349211606599387103e+00,0.000000000000000000e+00,5.825819143775238445e+02
-1.192961399195866079e+00,9.290669501579806422e+00,5.349211606599387103e+00,0.000000000000000000e+00,5.830770138358659551e+02
-8.985535397351469555e-01,8.892614874752737819e+00,5.349211606599387103e+00,0.000000000000000000e+00,5.835721132942080658e+02
-6.041456802744349375e-01,8.494560247925662111e+00,5.349211606599387103e+00,0.000000000000000000e+00,5.840672127525501764e+02
-3.097378208137158140e-01,8.096505621098593508e+00,5.349211606599387103e+00,0.000000000000000000e+00,5.845623122108922871e+02
-1.532996135300379592e-02,7.698450994271510694e+00,5.349211606599387103e+00,0.000000000000000000e+00,5.850574116692343978e+02
2.790778981077011167e-01,7.300396367444442092e+00,5.349211606599387103e+00,0.000000000000000000e+00,5.855525111275765084e+02
5.734857575684273456e-01,6.902341740617359278e+00,5.349211606599387103e+00,0.000000000000000000e+00,5.860476105859186191e+02
8.678936170291464691e-01,6.504287113790283570e+00,5.349211606599387103e+00,0.000000000000000000e+00,5.865427100442607298e+02
1.162301476489858487e+00,6.106232486963200756e+00,5.349211606599387103e+00,0.000000000000000000e+00,5.870378095026028404e+02
1.456709335950577611e+00,5.708177860136132153e+00,5.349211606599387103e+00,0.000000000000000000e+00,5.875329089609449511e+02
1.751117195411289629e+00,5.310123233309063551e+00,5.349211606599387103e+00,0.000000000000000000e+00,5.880280084192870618e+02
2.045525054872008752e+00,4.912068606481980737e+00,5.349211606599387103e+00,0.000000000000000000e+00,5.885231078776291724e+02
2.339932914332720770e+00,4.514013979654905029e+00,5.349211606599387103e+00,0.000000000000000000e+00,5.890182073359712831e+02
2.634340773793439894e+00,4.115959352827836426e+00,5.349211606599387103e+00,0.000000000000000000e+00,5.895133067943133938e+02
2.928748633254151912e+00,3.717904726000753612e+00,5.349211606599387103e+00,0.000000000000000000e+00,5.900084062526555044e+02
3.223156492714871035e+00,3.319850099173685010e+00,5.349211606599387103e+00,0.000000000000000000e+00,5.905035057109976151e+02
3.517564352175583053e+00,2.921795472346602196e+00,5.349211606599387103e+00,0.000000000000000000e+00,5.909986051693397258e+02
3.811972211636302177e+00,2.523740845519526488e+00,5.349211606599387103e+00,0.000000000000000000e+00,5.914937046276818364e+02
4.106380071097014195e+00,2.125686218692443674e+00,5.349211606599387103e+00,0.000000000000000000e+00,5.919888040860239471e+02
4.400787930557740424e+00,1.727631591865375071e+00,5.349211606599387103e+00,0.000000000000000000e+00,5.924839035443660578e+02
4.695195790018445337e+00,1.329576965038306469e+00,5.349211606599387103e+00,0.000000000000000000e+00,5.929790030027081684e+02
4.989603649479171565e+00,9.315223382112236550e-01,5.349211606599387103e+00,0.000000000000000000e+00,5.934741024610502791e+02
5.284011508939876478e+00,5.334677113841408413e-01,5.349211606599387103e+00,0.000000000000000000e+00,5.939692019193923898e+02
5.578419368400602707e+00,1.354130845570651331e-01,5.349211606599387103e+00,0.000000000000000000e+00,5.944643013777345004e+02
5.872827227861307620e+00,-2.626415422700034696e-01,5.349211606599387103e+00,0.000000000000000000e+00,5.949594008360766111e+02
6.167235087322033849e+00,-6.606961690970720724e-01,5.349211606599387103e+00,0.000000000000000000e+00,5.954545002944187218e+02
6.461642946782738761e+00,-1.058750795924154886e+00,5.349211606599387103e+00,0.000000000000000000e+00,5.959495997527608324e+02
6.756050806243464990e+00,-1.456805422751237700e+00,5.349211606599387103e+00,0.000000000000000000e+00,5.964446992111029431e+02
7.050458665704169903e+00,-1.854860049578306302e+00,5.349211606599387103e+00,0.000000000000000000e+00,5.969397986694450537e+02
7.344866525164896132e+00,-2.252914676405382011e+00,5.349211606599387103e+00,0.000000000000000000e+00,5.974348981277871644e+02
7.639274384625608150e+00,-2.650969303232457719e+00,5.349211606599387103e+00,0.000000000000000000e+00,5.979299975861292751e+02
7.933682244086327273e+00,-3.049023930059533427e+00,5.349211606599387103e+00,0.000000000000000000e+00,5.984250970444713857e+02
8.228090103547039291e+00,-3.447078556886623346e+00,5.349211606599387103e+00,0.000000000000000000e+00,5.989201965028134964e+02
8.522497963007758415e+00,-3.845133183713684843e+00,5.349211606599387103e+00,0.000000000000000000e+00,5.994152959611556071e+02
8.816905822468470433e+00,-4.243187810540760552e+00,5.349211606599387103e+00,0.000000000000000000e+00,5.999103954194977177e+02
9.111313681929189556e+00,-4.641242437367836260e+00,5.349211606599387103e+00,0.000000000000000000e+00,6.004054948778398284e+02
9.405721541389901574e+00,-5.039297064194911968e+00,5.349211606599387103e+00,0.000000000000000000e+00,6.009005943361819391e+02
9.700129400850613592e+00,-5.437351691021987676e+00,5.349211606599387103e+00,0.000000000000000000e+00,6.013956937945240497e+02
9.994537260311332716e+00,-5.835406317849063385e+00,5.349211606599387103e+00,0.000000000000000000e+00,6.018907932528661604e+02
1.028894511977205184e+01,-6.233460944676153304e+00,5.349211606599387103e+00,0.000000000000000000e+00,6.023858927112082711e+02
1.058335297923276386e+01,-6.631515571503214801e+00,5.349211606599387103e+00,0.000000000000000000e+00,6.028809921695503817e+02
1.087776083869348298e+01,-7.029570198330290509e+00,5.349211606599387103e+00,0.000000000000000000e+00,6.033760916278924924e+02
1.117216869815419500e+01,-7.427624825157366217e+00,5.349211606599387103e+00,0.000000000000000000e+00,6.038711910862346031e+02
1.146657655761491412e+01,-7.825679451984456136e+00,5.349211606599387103e+00,0.000000000000000000e+00,6.043662905445767137e+02
1.176098441707562614e+01,-8.223734078811531845e+00,5.349211606599387103e+00,0.000000000000000000e+00,6.048613900029188244e+02
1.205539227653634526e+01,-8.621788705638593342e+00,5.349211606599387103e+00,0.000000000000000000e+00,6.053564894612609351e+02
1.234980013599705728e+01,-9.019843332465669050e+00,5.349211606599387103e+00,0.000000000000000000e+00,6.058515889196030457e+02
1.264420799545776930e+01,-9.417897959292758969e+00,5.349211606599387103e+00,0.000000000000000000e+00,6.063466883779451564e+02
1.293861585491848842e+01,-9.815952586119834677e+00,5.349211606599387103e+00,0.000000000000000000e+00,6.068417878362872671e+02
1.323302371437920755e+01,-1.021400721294691039e+01,5.349211606599387103e+00,0.000000000000000000e+00,6.073368872946293777e+02
1.352743157383991957e+01,-1.061206183977397188e+01,5.349211606599387103e+00,0.000000000000000000e+00,6.078319867529714884e+02
1.382183943330063869e+01,-1.101011646660106180e+01,5.349211606599387103e+00,0.000000000000000000e+00,6.083270862113135991e+02
1.411624729276135071e+01,-1.140817109342813751e+01,5.349211606599387103e+00,0.000000000000000000e+00,6.088221856696557097e+02
1.441065515222207694e+01,-1.180622572025521322e+01,5.349211606599387103e+00,0.000000000000000000e+00,6.093172851279978204e+02
1.470506301168278185e+01,-1.220428034708228893e+01,5.349211606599387103e+00,0.000000000000000000e+00,6.098123845863399310e+02
1.499947087114350808e+01,-1.260233497390935042e+01,5.349211606599387103e+00,0.000000000000000000e+00,6.103074840446820417e+02
1.529387873060421299e+01,-1.300038960073644034e+01,5.349211606599387103e+00,0.000000000000000000e+00,6.108025835030241524e+02
1.558828659006493922e+01,-1.339844422756351605e+01,5.349211606599387103e+00,0.000000000000000000e+00,6.112976829613662630e+02
1.588269444952564413e+01,-1.379649885439057755e+01,5.349211606599387103e+00,0.000000000000000000e+00,6.117927824197083737e+02
1.617710230898637036e+01,-1.419455348121766747e+01,5.349211606599387103e+00,0.000000000000000000e+00,6.122878818780504844e+02
1.647151016844708948e+01,-1.459260810804474318e+01,5.349211606599387103e+00,0.000000000000000000e+00,6.127829813363925950e+02
1.676591802790780150e+01,-1.499066273487181888e+01,5.349211606599387103e+00,0.000000000000000000e+00,6.132780807947347057e+02
1.706032588736851352e+01,-1.538871736169889459e+01,5.349211606599387103e+00,0.000000000000000000e+00,6.137731802530768164e+02
1.735473374682923264e+01,-1.578677198852595609e+01,5.349211606599387103e+00,0.000000000000000000e+00,6.142682797114189270e+02
1.764914160628995177e+01,-1.618482661535306022e+01,5.349211606599387103e+00,0.000000000000000000e+00,6.147633791697610377e+02
1.794354946575066379e+01,-1.658288124218012172e+01,5.349211606599387103e+00,0.000000000000000000e+00,6.152584786281031484e+02
1.823795732521138291e+01,-1.698093586900719743e+01,5.349211606599387103e+00,0.000000000000000000e+00,6.157535780864452590e+02
1.853236518467209493e+01,-1.737899049583427313e+01,5.349211606599387103e+00,0.000000000000000000e+00,6.162486775447873697e+02
1.882677304413280694e+01,-1.777704512266134884e+01,5.349211606599387103e+00,0.000000000000000000e+00,6.167437770031294804e+02
1.912118090359352607e+01,-1.817509974948842455e+01,5.349211606599387103e+00,0.000000000000000000e+00,6.172388764614715910e+02
1.941558876305424519e+01,-1.857315437631550026e+01,5.349211606599387103e+00,0.000000000000000000e+00,6.177339759198137017e+02
1.970999662251495721e+01,-1.897120900314257597e+01,5.349211606599387103e+00,0.000000000000000000e+00,6.182290753781558124e+02
2.000440448197566923e+01,-1.936926362996965167e+01,5.349211606599387103e+00,0.000000000000000000e+00,6.187241748364979230e+02
2.029881234143638835e+01,-1.976731825679672738e+01,5.349211606599387103e+00,0.000000000000000000e+00,6.192192742948400337e+02
2.059322020089710037e+01,-2.016537288362380309e+01,5.349211606599387103e+00,0.000000000000000000e+00,6.197143737531821444e+02
2.088762806035781949e+01,-2.056342751045087880e+01,5.349211606599387103e+00,0.000000000000000000e+00,6.202094732115242550e+02
2.118203591981854572e+01,-2.096148213727795451e+01,5.349211606599387103e+00,0.000000000000000000e+00,6.207045726698663657e+02
2.147644377927925063e+01,-2.135953676410503022e+01,5.349211606599387103e+00,0.000000000000000000e+00,6.211996721282084764e+02
2.177085163873996265e+01,-2.175759139093210592e+01,5.349211606599387103e+00,0.000000000000000000e+00,6.216947715865505870e+02
2.206525949820068178e+01,-2.215564601775919584e+01,5.349211606599387103e+00,0.000000000000000000e+00,6.221898710448926977e+02
2.237879523883449195e+01,-2.256185062592869883e+01,5.390265236221290834e+00,8.000000000000000167e-02,6.227030053785256314e+02
2.270873828951831541e+01,-2.295484480865712840e+01,5.431318865843194565e+00,8.000000000000000167e-02,6.232161397121585651e+02
2.305453264216581744e+01,-2.333396630637261637e+01,5.472372495465098297e+00,8.000000000000000167e-02,6.237292740457914988e+02
2.341559557665031832e+01,-2.369857623724993800e+01,5.513426125087002028e+00,8.000000000000000167e-02,6.242424083794244325e+02
2.379131864278372888e+01,-2.404806017383107530e+01,5.554479754708905759e+00,8.000000000000000167e-02,6.247555427130573662e+02
2.418106868565472922e+01,-2.438182917843603548e+01,5.595533384330808602e+00,8.000000000000000167e-02,6.252686770466902999e+02
2.458418891259850625e+01,-2.469932079561945670e+01,5.636587013952712333e+00,8.000000000000000167e-02,6.257818113803232336e+02
2.500000000000001421e+01,-2.499999999999997158e+01,5.677640643574616064e+00,8.000000000000000167e-02,6.262949457139561673e+02
2.542690707065766631e+01,-2.528279383697190852e+01,5.718609602096224265e+00,8.000000000000000167e-02,6.268070218813442125e+02
2.586503844736685309e+01,-2.554786533289275852e+01,5.759578560617832466e+00,8.000000000000000167e-02,6.273190980487322577e+02
2.631365884893464724e+01,-2.579476963926256516e+01,5.800547519139440666e+00,8.000000000000000167e-02,6.278311742161203028e+02
2.677201539126836849e+01,-2.602309239613685676e+01,5.841516477661049755e+00,8.000000000000000167e-02,6.283432503835083480e+02
2.723933885088132456e+01,-2.623245042751417344e+01,5.882485436182657956e+00,8.000000000000000167e-02,6.288553265508963932e+02
2.771484495581964325e+01,-2.642249238438999370e+01,5.923454394704266157e+00,8.000000000000000167e-02,6.293674027182844384e+02
2.819773570184382550e+01,-2.659289933439794495e+01,5.964423353225874358e+00,8.000000000000000167e-02,6.298794788856724836e+02
2.868720069165603448e+01,-2.674338529704874645e+01,6.005392311747482559e+00,8.000000000000000167e-02,6.303915550530605287e+02
2.918241849492571305e+01,-2.687369772366860587e+01,6.046361270269090760e+00,8.000000000000000167e-02,6.309036312204485739e+02
2.966341644684819201e+01,-2.698978809255771338e+01,6.046361270269090760e+00,0.000000000000000000e+00,6.313984402780681648e+02
3.014441439877067097e+01,-2.710587846144682089e+01,6.046361270269090760e+00,0.000000000000000000e+00,6.318932493356877558e+02
3.062541235069314993e+01,-2.722196883033592840e+01,6.046361270269090760e+00,0.000000000000000000e+00,6.323880583933073467e+02
3.110641030261562889e+01,-2.733805919922503236e+01,6.046361270269090760e+00,0.000000000000000000e+00,6.328828674509269376e+02
3.158740825453810785e+01,-2.745414956811413987e+01,6.046361270269090760e+00,0.000000000000000000e+00,6.333776765085465286e+02
3.206840620646058682e+01,-2.757023993700324738e+01,6.046361270269090760e+00,0.000000000000000000e+00,6.338724855661661195e+02
3.254940415838306933e+01,-2.768633030589235489e+01,6.046361270269090760e+00,0.000000000000000000e+00,6.343672946237857104e+02
3.303040211030554474e+01,-2.780242067478145884e+01,6.046361270269090760e+00,0.000000000000000000e+00,6.348621036814053014e+02
3.351140006222802015e+01,-2.791851104367056635e+01,6.046361270269090760e+00,0.000000000000000000e+00,6.353569127390248923e+02
3.399239801415050266e+01,-2.803460141255967386e+01,6.046361270269090760e+00,0.000000000000000000e+00,6.358517217966444832e+02
3.447339596607298517e+01,-2.815069178144877782e+01,6.046361270269090760e+00,0.000000000000000000e+00,6.363465308542640742e+02
3.495439391799546058e+01,-2.826678215033788533e+01,6.046361270269090760e+00,0.000000000000000000e+00,6.368413399118836651e+02
3.543539186991793599e+01,-2.838287251922699284e+01,6.046361270269090760e+00,0.000000000000000000e+00,6.373361489695032560e+02
3.591638982184041851e+01,-2.849896288811609679e+01,6.046361270269090760e+00,0.000000000000000000e+00,6.378309580271228469e+02
3.639738777376289391e+01,-2.861505325700520430e+01,6.046361270269090760e+00,0.000000000000000000e+00,6.383257670847424379e+02
3.687838572568537643e+01,-2.873114362589431181e+01,6.046361270269090760e+00,0.000000000000000000e+00,6.388205761423620288e+02
3.735938367760785184e+01,-2.884723399478341932e+01,6.046361270269090760e+00,0.000000000000000000e+00,6.393153851999816197e+02
3.784038162953032725e+01,-2.896332436367252328e+01,6.046361270269090760e+00,0.000000000000000000e+00,6.398101942576012107e+02
3.832137958145280976e+01,-2.907941473256163079e+01,6.046361270269090760e+00,0.000000000000000000e+00,6.403050033152208016e+02
3.880237753337528517e+01,-2.919550510145073829e+01,6.046361270269090760e+00,0.000000000000000000e+00,6.407998123728403925e+02
3.928337548529776768e+01,-2.931159547033984580e+01,6.046361270269090760e+00,0.000000000000000000e+00,6.412946214304599835e+02
3.976437343722024309e+01,-2.942768583922894976e+01,6.046361270269090760e+00,0.000000000000000000e+00,6.417894304880795744e+02
4.024537138914272560e+01,-2.954377620811805727e+01,6.046361270269090760e+00,0.000000000000000000e+00,6.422842395456991653e+02
4.072636934106520812e+01,-2.965986657700716478e+01,6.046361270269090760e+00,0.000000000000000000e+00,6.427790486033187562e+02
4.120736729298768353e+01,-2.977595694589626873e+01,6.046361270269090760e+00,0.000000000000000000e+00,6.432738576609383472e+02
4.168836524491015894e+01,-2.989204731478537624e+01,6.046361270269090760e+00,0.000000000000000000e+00,6.437686667185579381e+02
4.216936319683263434e+01,-3.000813768367448375e+01,6.046361270269090760e+00,0.000000000000000000e+00,6.442634757761775290e+02
4.265036114875512396e+01,-3.012422805256358771e+01,6.046361270269090760e+00,0.000000000000000000e+00,6.447582848337971200e+02
4.313135910067759937e+01,-3.024031842145269522e+01,6.046361270269090760e+00,0.000000000000000000e+00,6.452530938914167109e+02
4.361235705260007478e+01,-3.035640879034180273e+01,6.046361270269090760e+00,0.000000000000000000e+00,6.457479029490363018e+02
4.409335500452255019e+01,-3.047249915923091024e+01,6.046361270269090760e+00,0.000000000000000000e+00,6.462427120066558928e+02
4.457435295644503270e+01,-3.058858952812001775e+01,6.046361270269090760e+00,0.000000000000000000e+00,6.467375210642754837e+02
4.505535090836751522e+01,-3.070467989700912170e+01,6.046361270269090760e+00,0.000000000000000000e+00,6.472323301218950746e+02
4.553634886028999063e+01,-3.082077026589822921e+01,6.046361270269090760e+00,0.000000000000000000e+00,6.477271391795146656e+02
4.601734681221246603e+01,-3.093686063478733672e+01,6.046361270269090760e+00,0.000000000000000000e+00,6.482219482371342565e+02
4.649834476413494855e+01,-3.105295100367644068e+01,6.046361270269090760e+00,0.000000000000000000e+00,6.487167572947538474e+02
4.697934271605743106e+01,-3.116904137256554819e+01,6.046361270269090760e+00,0.000000000000000000e+00,6.492115663523734383e+02
4.746034066797990647e+01,-3.128513174145465570e+01,6.046361270269090760e+00,0.000000000000000000e+00,6.497063754099930293e+02
4.794133861990238188e+01,-3.140122211034375965e+01,6.046361270269090760e+00,0.000000000000000000e+00,6.502011844676126202e+02
4.842233657182485729e+01,-3.151731247923286716e+01,6.046361270269090760e+00,0.000000000000000000e+00,6.506959935252322111e+02
4.890333452374733980e+01,-3.163340284812197467e+01,6.046361270269090760e+00,0.000000000000000000e+00,6.511908025828518021e+02
4.938433247566982232e+01,-3.174949321701107863e+01,6.046361270269090760e+00,0.000000000000000000e+00,6.516856116404713930e+02
4.986533042759229772e+01,-3.186558358590018614e+01,6.046361270269090760e+00,0.000000000000000000e+00,6.521804206980909839e+02
5.034632837951478024e+01,-3.198167395478929365e+01,6.046361270269090760e+00,0.000000000000000000e+00,6.526752297557105749e+02
5.082732633143725565e+01,-3.209776432367839760e+01,6.046361270269090760e+00,0.000000000000000000e+00,6.531700388133301658e+02
5.130832428335973816e+01,-3.221385469256750866e+01,6.046361270269090760e+00,0.000000000000000000e+00,6.536648478709497567e+02
5.178932223528221357e+01,-3.232994506145661262e+01,6.046361270269090760e+00,0.000000000000000000e+00,6.541596569285693477e+02
5.227032018720468898e+01,-3.244603543034571658e+01,6.046361270269090760e+00,0.000000000000000000e+00,6.546544659861889386e+02
5.275131813912717860e+01,-3.256212579923482764e+01,6.046361270269090760e+00,0.000000000000000000e+00,6.551492750438085295e+02
5.323231609104965401e+01,-3.267821616812393160e+01,6.046361270269090760e+00,0.000000000000000000e+00,6.556440841014281204e+02
5.371331404297212941e+01,-3.279430653701304266e+01,6.046361270269090760e+00,0.000000000000000000e+00,6.561388931590477114e+02
5.419431199489461193e+01,-3.291039690590214661e+01,6.046361270269090760e+00,0.000000000000000000e+00,6.566337022166673023e+02
5.467530994681708734e+01,-3.302648727479125057e+01,6.046361270269090760e+00,0.000000000000000000e+00,6.571285112742868932e+02
5.515630789873956985e+01,-3.314257764368035453e+01,6.046361270269090760e+00,0.000000000000000000e+00,6.576233203319064842e+02
5.563730585066204526e+01,-3.325866801256946559e+01,6.046361270269090760e+00,0.000000000000000000e+00,6.581181293895260751e+02
5.611830380258452777e+01,-3.337475838145856954e+01,6.046361270269090760e+00,0.000000000000000000e+00,6.586129384471456660e+02
5.659930175450701029e+01,-3.349084875034768061e+01,6.046361270269090760e+00,0.000000000000000000e+00,6.591077475047652570e+02
5.708029970642948570e+01,-3.360693911923678456e+01,6.046361270269090760e+00,0.000000000000000000e+00,6.596025565623848479e+02
5.756129765835196110e+01,-3.372302948812588852e+01,6.046361270269090760e+00,0.000000000000000000e+00,6.600973656200044388e+02
5.804229561027444362e+01,-3.383911985701499958e+01,6.046361270269090760e+00,0.000000000000000000e+00,6.605921746776240298e+02
5.852329356219691903e+01,-3.395521022590410354e+01,6.046361270269090760e+00,0.000000000000000000e+00,6.610869837352436207e+02
5.900429151411939444e+01,-3.407130059479321460e+01,6.046361270269090760e+00,0.000000000000000000e+00,6.615817927928632116e+02
5.948528946604187695e+01,-3.418739096368231856e+01,6.046361270269090760e+00,0.000000000000000000e+00,6.620766018504828025e+02
5.996628741796435236e+01,-3.430348133257142251e+01,6.046361270269090760e+00,0.000000000000000000e+00,6.625714109081023935e+02
6.044728536988684198e+01,-3.441957170146052647e+01,6.046361270269090760e+00,0.000000000000000000e+00,6.630662199657219844e+02
6.092828332180931739e+01,-3.453566207034963753e+01,6.046361270269090760e+00,0.000000000000000000e+00,6.635610290233415753e+02
6.140928127373179279e+01,-3.465175243923874149e+01,6.046361270269090760e+00,0.000000000000000000e+00,6.640558380809611663e+02
6.189027922565426820e+01,-3.476784280812785255e+01,6.046361270269090760e+00,0.000000000000000000e+00,6.645506471385807572e+02
6.237127717757675072e+01,-3.488393317701695651e+01,6.046361270269090760e+00,0.000000000000000000e+00,6.650454561962003481e+02
6.285227512949923323e+01,-3.500002354590606046e+01,6.046361270269090760e+00,0.000000000000000000e+00,6.655402652538199391e+02
6.333327308142170153e+01,-3.511611391479517152e+01,6.046361270269090760e+00,0.000000000000000000e+00,6.660350743114395300e+02
6.381427103334418405e+01,-3.523220428368427548e+01,6.046361270269090760e+00,0.000000000000000000e+00,6.665298833690591209e+02
6.429526898526665946e+01,-3.534829465257338654e+01,6.046361270269090760e+00,0.000000000000000000e+00,6.670246924266787119e+02
6.477626693718914908e+01,-3.546438502146249050e+01,6.046361270269090760e+00,0.000000000000000000e+00,6.675195014842983028e+02
6.525726488911162448e+01,-3.558047539035159446e+01,6.046361270269090760e+00,0.000000000000000000e+00,6.680143105419178937e+02
6.573826284103409989e+01,-3.569656575924069841e+01,6.046361270269090760e+00,0.000000000000000000e+00,6.685091195995374846e+02
6.621926079295658951e+01,-3.581265612812980947e+01,6.046361270269090760e+00,0.000000000000000000e+00,6.690039286571570756e+02
6.670025874487905071e+01,-3.592874649701891343e+01,6.046361270269090760e+00,0.000000000000000000e+00,6.694987377147766665e+02
6.718125669680154033e+01,-3.604483686590802449e+01,6.046361270269090760e+00,0.000000000000000000e+00,6.699935467723962574e+02
6.766225464872401574e+01,-3.616092723479712845e+01,6.046361270269090760e+00,0.000000000000000000e+00,6.704883558300158484e+02
6.814325260064649115e+01,-3.627701760368623241e+01,6.046361270269090760e+00,0.000000000000000000e+00,6.709831648876354393e+02
6.862425055256898077e+01,-3.639310797257533636e+01,6.046361270269090760e+00,0.000000000000000000e+00,6.714779739452550302e+02
6.910524850449144196e+01,-3.650919834146444742e+01,6.046361270269090760e+00,0.000000000000000000e+00,6.719727830028746212e+02
6.958624645641393158e+01,-3.662528871035355849e+01,6.046361270269090760e+00,0.000000000000000000e+00,6.724675920604942121e+02
7.006724440833640699e+01,-3.674137907924266244e+01,6.046361270269090760e+00,0.000000000000000000e+00,6.729624011181138030e+02
7.054824236025888240e+01,-3.685746944813176640e+01,6.046361270269090760e+00,0.000000000000000000e+00,6.734572101757333940e+02
7.102924031218137202e+01,-3.697355981702087036e+01,6.046361270269090760e+00,0.000000000000000000e+00,6.739520192333529849e+02
7.151023826410384743e+01,-3.708965018590998142e+01,6.046361270269090760e+00,0.000000000000000000e+00,6.744468282909725758e+02
7.199123621602632284e+01,-3.720574055479908537e+01,6.046361270269090760e+00,0.000000000000000000e+00,6.749416373485921667e+02
7.247223416794879824e+01,-3.732183092368819644e+01,6.046361270269090760e+00,0.000000000000000000e+00,6.754364464062117577e+02
7.295323211987127365e+01,-3.743792129257730039e+01,6.046361270269090760e+00,0.000000000000000000e+00,6.759312554638313486e+02
7.343423007179376327e+01,-3.755401166146640435e+01,6.046361270269090760e+00,0.000000000000000000e+00,6.764260645214509395e+02
7.391522802371623868e+01,-3.767010203035550830e+01,6.046361270269090760e+00,0.000000000000000000e+00,6.769208735790705305e+02
7.439622597563871409e+01,-3.778619239924461937e+01,6.046361270269090760e+00,0.000000000000000000e+00,6.774156826366901214e+02
7.487722392756120371e+01,-3.790228276813372332e+01,6.046361270269090760e+00,0.000000000000000000e+00,6.779104916943097123e+02
7.535822187948367912e+01,-3.801837313702283438e+01,6.046361270269090760e+00,0.000000000000000000e+00,6.784053007519293033e+02
7.583921983140615453e+01,-3.813446350591193834e+01,6.046361270269090760e+00,0.000000000000000000e+00,6.789001098095488942e+02
7.632021778332864415e+01,-3.825055387480104230e+01,6.046361270269090760e+00,0.000000000000000000e+00,6.793949188671684851e+02
7.680121573525110534e+01,-3.836664424369015336e+01,6.046361270269090760e+00,0.000000000000000000e+00,6.798897279247880761e+02
7.728221368717358075e+01,-3.848273461257925732e+01,6.046361270269090760e+00,0.000000000000000000e+00,6.803845369824076670e+02
7.776321163909605616e+01,-3.859882498146836838e+01,6.046361270269090760e+00,0.000000000000000000e+00,6.808793460400272579e+02
7.824420959101854578e+01,-3.871491535035747233e+01,6.046361270269090760e+00,0.000000000000000000e+00,6.813741550976468488e+02
7.872520754294102119e+01,-3.883100571924657629e+01,6.046361270269090760e+00,0.000000000000000000e+00,6.818689641552664398e+02
7.920620549486349660e+01,-3.894709608813568735e+01,6.046361270269090760e+00,0.000000000000000000e+00,6.823637732128860307e+02
7.968720344678598622e+01,-3.906318645702479131e+01,6.046361270269090760e+00,0.000000000000000000e+00,6.828585822705056216e+02
8.016820139870844741e+01,-3.917927682591389527e+01,6.046361270269090760e+00,0.000000000000000000e+00,6.833533913281252126e+02
8.064919935063093703e+01,-3.929536719480300633e+01,6.046361270269090760e+00,0.000000000000000000e+00,6.838482003857448035e+02
8.113019730255339823e+01,-3.941145756369211028e+01,6.046361270269090760e+00,0.000000000000000000e+00,6.843430094433643944e+02
8.161119525447590206e+01,-3.952754793258121424e+01,6.046361270269090760e+00,0.000000000000000000e+00,6.848378185009840990e+02
8.209219320639837747e+01,-3.964363830147032530e+01,6.046361270269090760e+00,0.000000000000000000e+00,6.853326275586036900e+02
8.257319115832083867e+01,-3.975972867035942926e+01,6.046361270269090760e+00,0.000000000000000000e+00,6.858274366162232809e+02
8.305418911024332829e+01,-3.987581903924854032e+01,6.046361270269090760e+00,0.000000000000000000e+00,6.863222456738428718e+02
8.353518706216580370e+01,-3.999190940813764428e+01,6.046361270269090760e+00,0.000000000000000000e+00,6.868170547314624628e+02
8.401618501408829331e+01,-4.010799977702674823e+01,6.046361270269090760e+00,0.000000000000000000e+00,6.873118637890820537e+02
8.449718296601076872e+01,-4.022409014591585219e+01,6.046361270269090760e+00,0.000000000000000000e+00,6.878066728467016446e+02
8.497818091793324413e+01,-4.034018051480495615e+01,6.046361270269090760e+00,0.000000000000000000e+00,6.883014819043212356e+02
8.545917886985571954e+01,-4.045627088369407431e+01,6.046361270269090760e+00,0.000000000000000000e+00,6.887962909619408265e+02
8.594017682177820916e+01,-4.057236125258317827e+01,6.046361270269090760e+00,0.000000000000000000e+00,6.892911000195604174e+02
8.642117477370067036e+01,-4.068845162147228223e+01,6.046361270269090760e+00,0.000000000000000000e+00,6.897859090771800084e+02
8.690217272562315998e+01,-4.080454199036138618e+01,6.046361270269090760e+00,0.000000000000000000e+00,6.902807181347995993e+02
8.738317067754564960e+01,-4.092063235925049014e+01,6.046361270269090760e+00,0.000000000000000000e+00,6.907755271924191902e+02
8.786416862946811079e+01,-4.103672272813960120e+01,6.046361270269090760e+00,0.000000000000000000e+00,6.912703362500387811e+02
8.834516658139060041e+01,-4.115281309702870516e+01,6.046361270269090760e+00,0.000000000000000000e+00,6.917651453076583721e+02
8.882616453331306161e+01,-4.126890346591781622e+01,6.046361270269090760e+00,0.000000000000000000e+00,6.922599543652779630e+02
8.930716248523555123e+01,-4.138499383480692018e+01,6.046361270269090760e+00,0.000000000000000000e+00,6.927547634228975539e+02
8.978816043715802664e+01,-4.150108420369602413e+01,6.046361270269090760e+00,0.000000000000000000e+00,6.932495724805171449e+02
9.026915838908051626e+01,-4.161717457258512809e+01,6.046361270269090760e+00,0.000000000000000000e+00,6.937443815381367358e+02
9.075015634100299167e+01,-4.173326494147423915e+01,6.046361270269090760e+00,0.000000000000000000e+00,6.942391905957563267e+02
9.123115429292546708e+01,-4.184935531036335021e+01,6.046361270269090760e+00,0.000000000000000000e+00,6.947339996533759177e+02
9.171215224484795669e+01,-4.196544567925245417e+01,6.046361270269090760e+00,0.000000000000000000e+00,6.952288087109955086e+02
9.219315019677041789e+01,-4.208153604814155813e+01,6.046361270269090760e+00,0.000000000000000000e+00,6.957236177686150995e+02
9.267414814869290751e+01,-4.219762641703066919e+01,6.046361270269090760e+00,0.000000000000000000e+00,6.962184268262346905e+02
9.315514610061538292e+01,-4.231371678591977314e+01,6.046361270269090760e+00,0.000000000000000000e+00,6.967132358838542814e+02
9.363614405253785833e+01,-4.242980715480887710e+01,6.046361270269090760e+00,0.000000000000000000e+00,6.972080449414738723e+02
9.411714200446034795e+01,-4.254589752369798816e+01,6.046361270269090760e+00,0.000000000000000000e+00,6.977028539990934632e+02
9.459813995638282336e+01,-4.266198789258709212e+01,6.046361270269090760e+00,0.000000000000000000e+00,6.981976630567130542e+02
9.507913790830529877e+01,-4.277807826147619608e+01,6.046361270269090760e+00,0.000000000000000000e+00,6.986924721143326451e+02
9.556013586022777417e+01,-4.289416863036530714e+01,6.046361270269090760e+00,0.000000000000000000e+00,6.991872811719522360e+02
9.604113381215024958e+01,-4.301025899925441109e+01,6.046361270269090760e+00,0.000000000000000000e+00,6.996820902295718270e+02
9.652213176407273920e+01,-4.312634936814352216e+01,6.046361270269090760e+00,0.000000000000000000e+00,7.001768992871914179e+02
9.700312971599521461e+01,-4.324243973703262611e+01,6.046361270269090760e+00,0.000000000000000000e+00,7.006717083448110088e+02
9.748412766791769002e+01,-4.335853010592173007e+01,6.046361270269090760e+00,0.000000000000000000e+00,7.011665174024305998e+02
9.796512561984017964e+01,-4.347462047481083403e+01,6.046361270269090760e+00,0.000000000000000000e+00,7.016613264600501907e+02
9.844612357176264084e+01,-4.359071084369993798e+01,6.046361270269090760e+00,0.000000000000000000e+00,7.021561355176697816e+02
9.892712152368513046e+01,-4.370680121258905615e+01,6.046361270269090760e+00,0.000000000000000000e+00,7.026509445752893726e+02
9.940811947560760586e+01,-4.382289158147816011e+01,6.046361270269090760e+00,0.000000000000000000e+00,7.031457536329089635e+02
9.988911742753008127e+01,-4.393898195036726406e+01,6.046361270269090760e+00,0.000000000000000000e+00,7.036405626905285544e+02
1.003701153794525567e+02,-4.405507231925636802e+01,6.046361270269090760e+00,0.000000000000000000e+00,7.041353717481481453e+02
1.008511133313750463e+02,-4.417116268814547198e+01,6.046361270269090760e+00,0.000000000000000000e+00,7.046301808057677363e+02
1.013321112832975359e+02,-4.428725305703458304e+01,6.046361270269090760e+00,0.000000000000000000e+00,7.051249898633873272e+02
1.018131092352199971e+02,-4.440334342592368699e+01,6.046361270269090760e+00,0.000000000000000000e+00,7.056197989210069181e+02
1.022941071871424867e+02,-4.451943379481279806e+01,6.046361270269090760e+00,0.000000000000000000e+00,7.061146079786265091e+02
1.027751051390649621e+02,-4.463552416370190201e+01,6.046361270269090760e+00,0.000000000000000000e+00,7.066094170362461000e+02
1.032561030909874376e+02,-4.475161453259100597e+01,6.046361270269090760e+00,0.000000000000000000e+00,7.071042260938656909e+02
1.037371010429099130e+02,-4.486770490148011703e+01,6.046361270269090760e+00,0.000000000000000000e+00,7.075990351514852819e+02
1.042180989948324026e+02,-4.498379527036922809e+01,6.046361270269090760e+00,0.000000000000000000e+00,7.080938442091048728e+02
1.046990969467548638e+02,-4.509988563925833205e+01,6.046361270269090760e+00,0.000000000000000000e+00,7.085886532667244637e+02
1.051800948986773534e+02,-4.521597600814743600e+01,6.046361270269090760e+00,0.000000000000000000e+00,7.090834623243440547e+02
1.056610928505998288e+02,-4.533206637703653996e+01,6.046361270269090760e+00,0.000000000000000000e+00,7.095782713819636456e+02
1.061420908025223042e+02,-4.544815674592564392e+01,6.046361270269090760e+00,0.000000000000000000e+00,7.100730804395832365e+02
1.066230887544447938e+02,-4.556424711481475498e+01,6.046361270269090760e+00,0.000000000000000000e+00,7.105678894972028274e+02
1.071040867063672692e+02,-4.568033748370385894e+01,6.046361270269090760e+00,0.000000000000000000e+00,7.110626985548224184e+02
1.075850846582897589e+02,-4.579642785259297000e+01,6.046361270269090760e+00,0.000000000000000000e+00,7.115575076124420093e+02
1.080660826102122201e+02,-4.591251822148207395e+01,6.046361270269090760e+00,0.000000000000000000e+00,7.120523166700616002e+02
1.085470805621346955e+02,-4.602860859037117791e+01,6.046361270269090760e+00,0.000000000000000000e+00,7.125471257276811912e+02
1.090280785140571851e+02,-4.614469895926028897e+01,6.046361270269090760e+00,0.000000000000000000e+00,7.130419347853007821e+02
1.095090764659796605e+02,-4.626078932814939293e+01,6.046361270269090760e+00,0.000000000000000000e+00,7.135367438429203730e+02
1.099900744179021359e+02,-4.637687969703850399e+01,6.046361270269090760e+00,0.000000000000000000e+00,7.140315529005399640e+02
1.104710723698246255e+02,-4.649297006592760795e+01,6.046361270269090760e+00,0.000000000000000000e+00,7.145263619581595549e+02
1.109520703217471009e+02,-4.660906043481671190e+01,6.046361270269090760e+00,0.000000000000000000e+00,7.150211710157791458e+02
1.114330682736695763e+02,-4.672515080370581586e+01,6.046361270269090760e+00,0.000000000000000000e+00,7.155159800733987367e+02
1.119140662255920518e+02,-4.684124117259491982e+01,6.046361270269090760e+00,0.000000000000000000e+00,7.160107891310183277e+02
1.123950641775145414e+02,-4.695733154148403798e+01,6.046361270269090760e+00,0.000000000000000000e+00,7.165055981886379186e+02
1.128760621294370168e+02,-4.707342191037314194e+01,6.046361270269090760e+00,0.000000000000000000e+00,7.170004072462575095e+02
1.133570600813594780e+02,-4.718951227926224590e+01,6.046361270269090760e+00,0.000000000000000000e+00,7.174952163038771005e+02
1.138380580332819818e+02,-4.730560264815134985e+01,6.046361270269090760e+00,0.000000000000000000e+00,7.179900253614968051e+02
1.143190559852044430e+02,-4.742169301704045381e+01,6.046361270269090760e+00,0.000000000000000000e+00,7.184848344191163960e+02
1.148000539371269326e+02,-4.753778338592956487e+01,6.046361270269090760e+00,0.000000000000000000e+00,7.189796434767359870e+02
1.152810518890494080e+02,-4.765387375481867593e+01,6.046361270269090760e+00,0.000000000000000000e+00,7.194744525343555779e+02
1.157620498409718834e+02,-4.776996412370777989e+01,6.046361270269090760e+00,0.000000000000000000e+00,7.199692615919751688e+02
1.162430477928943731e+02,-4.788605449259688385e+01,6.046361270269090760e+00,0.000000000000000000e+00,7.204640706495947597e+02
1.167240457448168343e+02,-4.800214486148598780e+01,6.046361270269090760e+00,0.000000000000000000e+00,7.209588797072143507e+02
1.172050436967393239e+02,-4.811823523037509176e+01,6.046361270269090760e+00,0.000000000000000000e+00,7.214536887648339416e+02
1.176860416486617993e+02,-4.823432559926420993e+01,6.046361270269090760e+00,0.000000000000000000e+00,7.219484978224535325e+02
1.181670396005842747e+02,-4.835041596815331388e+01,6.046361270269090760e+00,0.000000000000000000e+00,7.224433068800731235e+02
1.186480375525067643e+02,-4.846650633704241784e+01,6.046361270269090760e+00,0.000000000000000000e+00,7.229381159376927144e+02
1.191290355044292397e+02,-4.858259670593152180e+01,6.046361270269090760e+00,0.000000000000000000e+00,7.234329249953123053e+02
1.196100334563517009e+02,-4.869868707482062575e+01,6.046361270269090760e+00,0.000000000000000000e+00,7.239277340529318963e+02
1.200910314082741905e+02,-4.881477744370973681e+01,6.046361270269090760e+00,0.000000000000000000e+00,7.244225431105514872e+02
1.205720293601966802e+02,-4.893086781259884077e+01,6.046361270269090760e+00,0.000000000000000000e+00,7.249173521681710781e+02
1.210530273121191556e+02,-4.904695818148795183e+01,6.046361270269090760e+00,0.000000000000000000e+00,7.254121612257906691e+02
1.215340252640416310e+02,-4.916304855037705579e+01,6.046361270269090760e+00,0.000000000000000000e+00,7.259069702834102600e+02
1.220150232159641064e+02,-4.927913891926615975e+01,6.046361270269090760e+00,0.000000000000000000e+00,7.264017793410298509e+02
1.224960211678865960e+02,-4.939522928815527081e+01,6.046361270269090760e+00,0.000000000000000000e+00,7.268965883986494418e+02
1.229770191198090572e+02,-4.951131965704437476e+01,6.046361270269090760e+00,0.000000000000000000e+00,7.273913974562690328e+02
1.234580170717315468e+02,-4.962741002593348583e+01,6.046361270269090760e+00,0.000000000000000000e+00,7.278862065138886237e+02
1.239390150236540222e+02,-4.974350039482258978e+01,6.046361270269090760e+00,0.000000000000000000e+00,7.283810155715082146e+02
1.244200129755764976e+02,-4.985959076371169374e+01,6.046361270269090760e+00,0.000000000000000000e+00,7.288758246291278056e+02
1.249010109274989730e+02,-4.997568113260079770e+01,6.046361270269090760e+00,0.000000000000000000e+00,7.293706336867473965e+02
1.250000000000000000e+02,-4.999999999999999289e+01,6.038206644052722005e+00,-8.000000000000000167e-02,7.294725662320221318e+02
