vehicle,law,param,value,group,route,score
fixed_wing,lead_vf,lead_time,0.0,planned at limit,2000,0.08316524540197198
fixed_wing,lead_vf,lead_time,0.0,planned at limit,2000,0.1992297124619673
fixed_wing,lead_vf,lead_time,0.0,limit respected,2000,0.020972216959711527
fixed_wing,lead_vf,lead_time,0.0,vehicle 20% weaker,2000,0.028077150836539673
fixed_wing,lead_vf,lead_time,0.0,limit respected,2000,0.015952237622838115
fixed_wing,lead_vf,lead_time,0.0,vehicle 20% weaker,2000,0.01595380553044609
fixed_wing,lead_vf,lead_time,0.0,planned at limit,2000,0.1731277359217112
fixed_wing,lead_vf,lead_time,0.0,planned at limit,2000,0.18270832846121757
fixed_wing,lead_vf,lead_time,0.0,limit respected,2000,0.02903440412037068
fixed_wing,lead_vf,lead_time,0.0,vehicle 20% weaker,2000,0.04352906920234234
fixed_wing,lead_vf,lead_time,0.0,limit respected,2000,0.026105990018804676
fixed_wing,lead_vf,lead_time,0.0,vehicle 20% weaker,2000,0.020112698161033525
fixed_wing,lead_vf,lead_time,0.0,planned at limit,2000,0.17111173079236422
fixed_wing,lead_vf,lead_time,0.0,planned at limit,2000,0.03808016777518765
fixed_wing,lead_vf,lead_time,0.0,limit respected,2000,0.03474385081722109
fixed_wing,lead_vf,lead_time,0.0,vehicle 20% weaker,2000,0.1560415272006056
fixed_wing,lead_vf,lead_time,0.0,limit respected,2000,0.042749274721690864
fixed_wing,lead_vf,lead_time,0.0,vehicle 20% weaker,2000,0.033872021068524105
fixed_wing,lead_vf,lead_time,0.0,planned at limit,2001,0.08533386523058657
fixed_wing,lead_vf,lead_time,0.0,planned at limit,2001,0.21332153413780863
fixed_wing,lead_vf,lead_time,0.0,limit respected,2001,0.02212031079580519
fixed_wing,lead_vf,lead_time,0.0,vehicle 20% weaker,2001,0.030652591414074205
fixed_wing,lead_vf,lead_time,0.0,limit respected,2001,0.0171256884834584
fixed_wing,lead_vf,lead_time,0.0,vehicle 20% weaker,2001,0.017374563939271562
fixed_wing,lead_vf,lead_time,0.0,planned at limit,2001,0.03475294586302944
fixed_wing,lead_vf,lead_time,0.0,planned at limit,2001,0.46115511584378477
fixed_wing,lead_vf,lead_time,0.0,limit respected,2001,0.026484830270855443
fixed_wing,lead_vf,lead_time,0.0,vehicle 20% weaker,2001,0.03864909747471046
fixed_wing,lead_vf,lead_time,0.0,limit respected,2001,0.020326596752270318
fixed_wing,lead_vf,lead_time,0.0,vehicle 20% weaker,2001,0.023373657711417452
fixed_wing,lead_vf,lead_time,0.0,planned at limit,2001,0.42844209476908324
fixed_wing,lead_vf,lead_time,0.0,planned at limit,2001,0.061811879764062605
fixed_wing,lead_vf,lead_time,0.0,limit respected,2001,0.036342340189861405
fixed_wing,lead_vf,lead_time,0.0,vehicle 20% weaker,2001,0.06137752698084675
fixed_wing,lead_vf,lead_time,0.0,limit respected,2001,0.055955478996596225
fixed_wing,lead_vf,lead_time,0.0,vehicle 20% weaker,2001,0.036062827612233526
fixed_wing,lead_vf,lead_time,0.0,planned at limit,2002,0.1051930492917131
fixed_wing,lead_vf,lead_time,0.0,planned at limit,2002,0.2509435057370967
fixed_wing,lead_vf,lead_time,0.0,limit respected,2002,0.021670644300959323
fixed_wing,lead_vf,lead_time,0.0,vehicle 20% weaker,2002,0.0334675369248073
fixed_wing,lead_vf,lead_time,0.0,limit respected,2002,0.01679688344164508
fixed_wing,lead_vf,lead_time,0.0,vehicle 20% weaker,2002,0.016865292020315545
fixed_wing,lead_vf,lead_time,0.0,planned at limit,2002,0.27505640797938175
fixed_wing,lead_vf,lead_time,0.0,planned at limit,2002,0.4146118357052255
fixed_wing,lead_vf,lead_time,0.0,limit respected,2002,0.028982643184545864
fixed_wing,lead_vf,lead_time,0.0,vehicle 20% weaker,2002,0.09756784474818886
fixed_wing,lead_vf,lead_time,0.0,limit respected,2002,0.024816146268251217
fixed_wing,lead_vf,lead_time,0.0,vehicle 20% weaker,2002,0.03822473402402361
fixed_wing,lead_vf,lead_time,0.0,planned at limit,2002,0.45601555109308933
fixed_wing,lead_vf,lead_time,0.0,planned at limit,2002,0.34178430877469057
fixed_wing,lead_vf,lead_time,0.0,limit respected,2002,0.04212940787040043
fixed_wing,lead_vf,lead_time,0.0,vehicle 20% weaker,2002,0.3202829734284687
fixed_wing,lead_vf,lead_time,0.0,limit respected,2002,0.02822334884720798
fixed_wing,lead_vf,lead_time,0.0,vehicle 20% weaker,2002,0.0315260261594626
fixed_wing,lead_vf,lead_time,0.0,planned at limit,2003,0.1043740522454685
fixed_wing,lead_vf,lead_time,0.0,planned at limit,2003,0.26140580316038553
fixed_wing,lead_vf,lead_time,0.0,limit respected,2003,0.02496678134890829
fixed_wing,lead_vf,lead_time,0.0,vehicle 20% weaker,2003,0.035913873199744796
fixed_wing,lead_vf,lead_time,0.0,limit respected,2003,0.01758001206043873
fixed_wing,lead_vf,lead_time,0.0,vehicle 20% weaker,2003,0.017552313685112512
fixed_wing,lead_vf,lead_time,0.0,planned at limit,2003,0.2059410591532582
fixed_wing,lead_vf,lead_time,0.0,planned at limit,2003,0.13876243372904104
fixed_wing,lead_vf,lead_time,0.0,limit respected,2003,0.023252894845004916
fixed_wing,lead_vf,lead_time,0.0,vehicle 20% weaker,2003,0.12697156268392218
fixed_wing,lead_vf,lead_time,0.0,limit respected,2003,0.02739400019388529
fixed_wing,lead_vf,lead_time,0.0,vehicle 20% weaker,2003,0.041114079376077785
fixed_wing,lead_vf,lead_time,0.0,planned at limit,2003,0.07175186103038114
fixed_wing,lead_vf,lead_time,0.0,planned at limit,2003,0.08989445482890307
fixed_wing,lead_vf,lead_time,0.0,limit respected,2003,0.050890855252111095
fixed_wing,lead_vf,lead_time,0.0,vehicle 20% weaker,2003,0.034724482804677395
fixed_wing,lead_vf,lead_time,0.0,limit respected,2003,0.06215476485976139
fixed_wing,lead_vf,lead_time,0.0,vehicle 20% weaker,2003,0.2974647679826239
fixed_wing,lead_vf,lead_time,0.0,planned at limit,2004,0.08219250137215797
fixed_wing,lead_vf,lead_time,0.0,planned at limit,2004,0.20340830433183027
fixed_wing,lead_vf,lead_time,0.0,limit respected,2004,0.02274667077893279
fixed_wing,lead_vf,lead_time,0.0,vehicle 20% weaker,2004,0.03003210119296074
fixed_wing,lead_vf,lead_time,0.0,limit respected,2004,0.017729724689202565
fixed_wing,lead_vf,lead_time,0.0,vehicle 20% weaker,2004,0.017538086483135516
fixed_wing,lead_vf,lead_time,0.0,planned at limit,2004,0.21458458414117126
fixed_wing,lead_vf,lead_time,0.0,planned at limit,2004,0.40294410920334706
fixed_wing,lead_vf,lead_time,0.0,limit respected,2004,0.07348199630263616
fixed_wing,lead_vf,lead_time,0.0,vehicle 20% weaker,2004,0.10027347639932344
fixed_wing,lead_vf,lead_time,0.0,limit respected,2004,0.019751907010306293
fixed_wing,lead_vf,lead_time,0.0,vehicle 20% weaker,2004,0.02578716257871984
fixed_wing,lead_vf,lead_time,0.0,planned at limit,2004,0.040652949488876475
fixed_wing,lead_vf,lead_time,0.0,planned at limit,2004,0.2370841407260301
fixed_wing,lead_vf,lead_time,0.0,limit respected,2004,0.041228457183803184
fixed_wing,lead_vf,lead_time,0.0,vehicle 20% weaker,2004,0.6614609980752308
fixed_wing,lead_vf,lead_time,0.0,limit respected,2004,0.03655392914691935
fixed_wing,lead_vf,lead_time,0.0,vehicle 20% weaker,2004,0.03898139439235949
fixed_wing,lead_vf,lead_time,0.0,planned at limit,2005,0.07888701696229045
fixed_wing,lead_vf,lead_time,0.0,planned at limit,2005,0.176527822588811
fixed_wing,lead_vf,lead_time,0.0,limit respected,2005,0.021889849962661155
fixed_wing,lead_vf,lead_time,0.0,vehicle 20% weaker,2005,0.028986851416340716
fixed_wing,lead_vf,lead_time,0.0,limit respected,2005,0.017385564019103388
fixed_wing,lead_vf,lead_time,0.0,vehicle 20% weaker,2005,0.01738320437161133
fixed_wing,lead_vf,lead_time,0.0,planned at limit,2005,0.03773775213058907
fixed_wing,lead_vf,lead_time,0.0,planned at limit,2005,0.2124593115396915
fixed_wing,lead_vf,lead_time,0.0,limit respected,2005,0.03516522878569726
fixed_wing,lead_vf,lead_time,0.0,vehicle 20% weaker,2005,0.11222624248137592
fixed_wing,lead_vf,lead_time,0.0,limit respected,2005,0.025403378383220872
fixed_wing,lead_vf,lead_time,0.0,vehicle 20% weaker,2005,0.054515818574699754
fixed_wing,lead_vf,lead_time,0.0,planned at limit,2005,0.23256401664882492
fixed_wing,lead_vf,lead_time,0.0,planned at limit,2005,0.04030331426600915
fixed_wing,lead_vf,lead_time,0.0,limit respected,2005,0.03435136268442392
fixed_wing,lead_vf,lead_time,0.0,vehicle 20% weaker,2005,0.43043523458954436
fixed_wing,lead_vf,lead_time,0.0,limit respected,2005,0.03788615715800126
fixed_wing,lead_vf,lead_time,0.0,vehicle 20% weaker,2005,0.028309632938700126
fixed_wing,lead_vf,lead_time,0.2,planned at limit,2000,0.043653091946442846
fixed_wing,lead_vf,lead_time,0.2,planned at limit,2000,0.15974718297883714
fixed_wing,lead_vf,lead_time,0.2,limit respected,2000,0.01242896512928381
fixed_wing,lead_vf,lead_time,0.2,vehicle 20% weaker,2000,0.01302194279520049
fixed_wing,lead_vf,lead_time,0.2,limit respected,2000,0.010014823432968965
fixed_wing,lead_vf,lead_time,0.2,vehicle 20% weaker,2000,0.00966543780586136
fixed_wing,lead_vf,lead_time,0.2,planned at limit,2000,0.1383495584409838
fixed_wing,lead_vf,lead_time,0.2,planned at limit,2000,0.1414696067004976
fixed_wing,lead_vf,lead_time,0.2,limit respected,2000,0.02037331970498991
fixed_wing,lead_vf,lead_time,0.2,vehicle 20% weaker,2000,0.02816013363734546
fixed_wing,lead_vf,lead_time,0.2,limit respected,2000,0.02203342961740374
fixed_wing,lead_vf,lead_time,0.2,vehicle 20% weaker,2000,0.01614518842797376
fixed_wing,lead_vf,lead_time,0.2,planned at limit,2000,0.15148030262182344
fixed_wing,lead_vf,lead_time,0.2,planned at limit,2000,0.03553416490547093
fixed_wing,lead_vf,lead_time,0.2,limit respected,2000,0.034404368740481174
fixed_wing,lead_vf,lead_time,0.2,vehicle 20% weaker,2000,0.11807269160793818
fixed_wing,lead_vf,lead_time,0.2,limit respected,2000,0.03157982364245918
fixed_wing,lead_vf,lead_time,0.2,vehicle 20% weaker,2000,0.03229367947493318
fixed_wing,lead_vf,lead_time,0.2,planned at limit,2001,0.05102754468142996
fixed_wing,lead_vf,lead_time,0.2,planned at limit,2001,0.1743309976064975
fixed_wing,lead_vf,lead_time,0.2,limit respected,2001,0.013082491787454083
fixed_wing,lead_vf,lead_time,0.2,vehicle 20% weaker,2001,0.01420787928090135
fixed_wing,lead_vf,lead_time,0.2,limit respected,2001,0.010551907169595923
fixed_wing,lead_vf,lead_time,0.2,vehicle 20% weaker,2001,0.010307639023761937
fixed_wing,lead_vf,lead_time,0.2,planned at limit,2001,0.022485862806261837
fixed_wing,lead_vf,lead_time,0.2,planned at limit,2001,0.41772071528228893
fixed_wing,lead_vf,lead_time,0.2,limit respected,2001,0.021786423692397996
fixed_wing,lead_vf,lead_time,0.2,vehicle 20% weaker,2001,0.018850416956461395
fixed_wing,lead_vf,lead_time,0.2,limit respected,2001,0.0164661685124005
fixed_wing,lead_vf,lead_time,0.2,vehicle 20% weaker,2001,0.01898612637927735
fixed_wing,lead_vf,lead_time,0.2,planned at limit,2001,0.3944045259818222
fixed_wing,lead_vf,lead_time,0.2,planned at limit,2001,0.04196095668303788
fixed_wing,lead_vf,lead_time,0.2,limit respected,2001,0.03587149165596705
fixed_wing,lead_vf,lead_time,0.2,vehicle 20% weaker,2001,0.04506973177889793
fixed_wing,lead_vf,lead_time,0.2,limit respected,2001,0.04089926390580116
fixed_wing,lead_vf,lead_time,0.2,vehicle 20% weaker,2001,0.03496581856780355
fixed_wing,lead_vf,lead_time,0.2,planned at limit,2002,0.05402871067527942
fixed_wing,lead_vf,lead_time,0.2,planned at limit,2002,0.19944241763008913
fixed_wing,lead_vf,lead_time,0.2,limit respected,2002,0.013366799651776853
fixed_wing,lead_vf,lead_time,0.2,vehicle 20% weaker,2002,0.01490566177778031
fixed_wing,lead_vf,lead_time,0.2,limit respected,2002,0.01072539114498739
fixed_wing,lead_vf,lead_time,0.2,vehicle 20% weaker,2002,0.010535463797995605
fixed_wing,lead_vf,lead_time,0.2,planned at limit,2002,0.21875330157049888
fixed_wing,lead_vf,lead_time,0.2,planned at limit,2002,0.3411219093059159
fixed_wing,lead_vf,lead_time,0.2,limit respected,2002,0.023081751496405553
fixed_wing,lead_vf,lead_time,0.2,vehicle 20% weaker,2002,0.05970512640077959
fixed_wing,lead_vf,lead_time,0.2,limit respected,2002,0.019303745240829374
fixed_wing,lead_vf,lead_time,0.2,vehicle 20% weaker,2002,0.023159812757691908
fixed_wing,lead_vf,lead_time,0.2,planned at limit,2002,0.41571787256993686
fixed_wing,lead_vf,lead_time,0.2,planned at limit,2002,0.30244167398263544
fixed_wing,lead_vf,lead_time,0.2,limit respected,2002,0.03847245143078963
fixed_wing,lead_vf,lead_time,0.2,vehicle 20% weaker,2002,0.2726053200156352
fixed_wing,lead_vf,lead_time,0.2,limit respected,2002,0.027535774030477224
fixed_wing,lead_vf,lead_time,0.2,vehicle 20% weaker,2002,0.03158387469351756
fixed_wing,lead_vf,lead_time,0.2,planned at limit,2003,0.058771120256651176
fixed_wing,lead_vf,lead_time,0.2,planned at limit,2003,0.2145248878443029
fixed_wing,lead_vf,lead_time,0.2,limit respected,2003,0.015080097231682842
fixed_wing,lead_vf,lead_time,0.2,vehicle 20% weaker,2003,0.015342314000696286
fixed_wing,lead_vf,lead_time,0.2,limit respected,2003,0.01087938588016842
fixed_wing,lead_vf,lead_time,0.2,vehicle 20% weaker,2003,0.011023681809047921
fixed_wing,lead_vf,lead_time,0.2,planned at limit,2003,0.16166250021064082
fixed_wing,lead_vf,lead_time,0.2,planned at limit,2003,0.10499067879466778
fixed_wing,lead_vf,lead_time,0.2,limit respected,2003,0.01831399260430666
fixed_wing,lead_vf,lead_time,0.2,vehicle 20% weaker,2003,0.08927196941919548
fixed_wing,lead_vf,lead_time,0.2,limit respected,2003,0.02081098445572943
fixed_wing,lead_vf,lead_time,0.2,vehicle 20% weaker,2003,0.022034224668038678
fixed_wing,lead_vf,lead_time,0.2,planned at limit,2003,0.05788284740687471
fixed_wing,lead_vf,lead_time,0.2,planned at limit,2003,0.0643873595763789
fixed_wing,lead_vf,lead_time,0.2,limit respected,2003,0.03275512732229782
fixed_wing,lead_vf,lead_time,0.2,vehicle 20% weaker,2003,0.03325660776731336
fixed_wing,lead_vf,lead_time,0.2,limit respected,2003,0.03741209628452472
fixed_wing,lead_vf,lead_time,0.2,vehicle 20% weaker,2003,0.221694559260967
fixed_wing,lead_vf,lead_time,0.2,planned at limit,2004,0.04423172937840669
fixed_wing,lead_vf,lead_time,0.2,planned at limit,2004,0.16012489186659756
fixed_wing,lead_vf,lead_time,0.2,limit respected,2004,0.013363925209416885
fixed_wing,lead_vf,lead_time,0.2,vehicle 20% weaker,2004,0.014138798150789528
fixed_wing,lead_vf,lead_time,0.2,limit respected,2004,0.010661548019635165
fixed_wing,lead_vf,lead_time,0.2,vehicle 20% weaker,2004,0.01046137360794484
fixed_wing,lead_vf,lead_time,0.2,planned at limit,2004,0.17838633600835313
fixed_wing,lead_vf,lead_time,0.2,planned at limit,2004,0.35901074389296406
fixed_wing,lead_vf,lead_time,0.2,limit respected,2004,0.037807850874192944
fixed_wing,lead_vf,lead_time,0.2,vehicle 20% weaker,2004,0.07193670380357398
fixed_wing,lead_vf,lead_time,0.2,limit respected,2004,0.01628787412270543
fixed_wing,lead_vf,lead_time,0.2,vehicle 20% weaker,2004,0.01836094474441685
fixed_wing,lead_vf,lead_time,0.2,planned at limit,2004,0.038463633132265904
fixed_wing,lead_vf,lead_time,0.2,planned at limit,2004,0.20829336712702673
fixed_wing,lead_vf,lead_time,0.2,limit respected,2004,0.037245316330890454
fixed_wing,lead_vf,lead_time,0.2,vehicle 20% weaker,2004,0.6096970004222064
fixed_wing,lead_vf,lead_time,0.2,limit respected,2004,0.03442993966906982
fixed_wing,lead_vf,lead_time,0.2,vehicle 20% weaker,2004,0.03524351402876737
fixed_wing,lead_vf,lead_time,0.2,planned at limit,2005,0.04635082816002592
fixed_wing,lead_vf,lead_time,0.2,planned at limit,2005,0.14141647665728493
fixed_wing,lead_vf,lead_time,0.2,limit respected,2005,0.013244498092754593
fixed_wing,lead_vf,lead_time,0.2,vehicle 20% weaker,2005,0.01426175981335313
fixed_wing,lead_vf,lead_time,0.2,limit respected,2005,0.010622600423675216
fixed_wing,lead_vf,lead_time,0.2,vehicle 20% weaker,2005,0.010891267182707765
fixed_wing,lead_vf,lead_time,0.2,planned at limit,2005,0.02270170145610932
fixed_wing,lead_vf,lead_time,0.2,planned at limit,2005,0.18082027760585018
fixed_wing,lead_vf,lead_time,0.2,limit respected,2005,0.026082227917555163
fixed_wing,lead_vf,lead_time,0.2,vehicle 20% weaker,2005,0.08116421176166314
fixed_wing,lead_vf,lead_time,0.2,limit respected,2005,0.018968229587292322
fixed_wing,lead_vf,lead_time,0.2,vehicle 20% weaker,2005,0.040450355233429255
fixed_wing,lead_vf,lead_time,0.2,planned at limit,2005,0.18954547155911464
fixed_wing,lead_vf,lead_time,0.2,planned at limit,2005,0.03434001119303241
fixed_wing,lead_vf,lead_time,0.2,limit respected,2005,0.03049408937129431
fixed_wing,lead_vf,lead_time,0.2,vehicle 20% weaker,2005,0.37201402955550406
fixed_wing,lead_vf,lead_time,0.2,limit respected,2005,0.03463182409281808
fixed_wing,lead_vf,lead_time,0.2,vehicle 20% weaker,2005,0.02814746562456453
fixed_wing,lead_vf,lead_time,0.4,planned at limit,2000,0.02297617492427116
fixed_wing,lead_vf,lead_time,0.4,planned at limit,2000,0.12445051126449544
fixed_wing,lead_vf,lead_time,0.4,limit respected,2000,0.007114034059252551
fixed_wing,lead_vf,lead_time,0.4,vehicle 20% weaker,2000,0.0071870050457110875
fixed_wing,lead_vf,lead_time,0.4,limit respected,2000,0.006366333129027567
fixed_wing,lead_vf,lead_time,0.4,vehicle 20% weaker,2000,0.0064438440310188696
fixed_wing,lead_vf,lead_time,0.4,planned at limit,2000,0.10852025905453397
fixed_wing,lead_vf,lead_time,0.4,planned at limit,2000,0.10799961405441469
fixed_wing,lead_vf,lead_time,0.4,limit respected,2000,0.016517347704747123
fixed_wing,lead_vf,lead_time,0.4,vehicle 20% weaker,2000,0.020976026756428234
fixed_wing,lead_vf,lead_time,0.4,limit respected,2000,0.019248820195750485
fixed_wing,lead_vf,lead_time,0.4,vehicle 20% weaker,2000,0.01524569972695182
fixed_wing,lead_vf,lead_time,0.4,planned at limit,2000,0.1338612335409175
fixed_wing,lead_vf,lead_time,0.4,planned at limit,2000,0.03488905572122587
fixed_wing,lead_vf,lead_time,0.4,limit respected,2000,0.03440468852936615
fixed_wing,lead_vf,lead_time,0.4,vehicle 20% weaker,2000,0.09968618848042678
fixed_wing,lead_vf,lead_time,0.4,limit respected,2000,0.028297816507096955
fixed_wing,lead_vf,lead_time,0.4,vehicle 20% weaker,2000,0.0319530940953873
fixed_wing,lead_vf,lead_time,0.4,planned at limit,2001,0.0259507702848399
fixed_wing,lead_vf,lead_time,0.4,planned at limit,2001,0.13759881382559566
fixed_wing,lead_vf,lead_time,0.4,limit respected,2001,0.0077213868091392
fixed_wing,lead_vf,lead_time,0.4,vehicle 20% weaker,2001,0.007738289932155219
fixed_wing,lead_vf,lead_time,0.4,limit respected,2001,0.006666240089795659
fixed_wing,lead_vf,lead_time,0.4,vehicle 20% weaker,2001,0.006329973561388638
fixed_wing,lead_vf,lead_time,0.4,planned at limit,2001,0.016758541390386995
fixed_wing,lead_vf,lead_time,0.4,planned at limit,2001,0.37525994159123677
fixed_wing,lead_vf,lead_time,0.4,limit respected,2001,0.01925827910967499
fixed_wing,lead_vf,lead_time,0.4,vehicle 20% weaker,2001,0.017457997915156544
fixed_wing,lead_vf,lead_time,0.4,limit respected,2001,0.014320283233973698
fixed_wing,lead_vf,lead_time,0.4,vehicle 20% weaker,2001,0.016247898089207943
fixed_wing,lead_vf,lead_time,0.4,planned at limit,2001,0.3640292007640607
fixed_wing,lead_vf,lead_time,0.4,planned at limit,2001,0.03637300150833589
fixed_wing,lead_vf,lead_time,0.4,limit respected,2001,0.03553989778388357
fixed_wing,lead_vf,lead_time,0.4,vehicle 20% weaker,2001,0.04319140000044536
fixed_wing,lead_vf,lead_time,0.4,limit respected,2001,0.03883235364169074
fixed_wing,lead_vf,lead_time,0.4,vehicle 20% weaker,2001,0.034418565002629624
fixed_wing,lead_vf,lead_time,0.4,planned at limit,2002,0.028821577454515426
fixed_wing,lead_vf,lead_time,0.4,planned at limit,2002,0.15430684415167242
fixed_wing,lead_vf,lead_time,0.4,limit respected,2002,0.007260713392060797
fixed_wing,lead_vf,lead_time,0.4,vehicle 20% weaker,2002,0.007507903312314528
fixed_wing,lead_vf,lead_time,0.4,limit respected,2002,0.006387222954096092
fixed_wing,lead_vf,lead_time,0.4,vehicle 20% weaker,2002,0.006241163247497449
fixed_wing,lead_vf,lead_time,0.4,planned at limit,2002,0.16499787050052214
fixed_wing,lead_vf,lead_time,0.4,planned at limit,2002,0.2850787565126855
fixed_wing,lead_vf,lead_time,0.4,limit respected,2002,0.01888920156015382
fixed_wing,lead_vf,lead_time,0.4,vehicle 20% weaker,2002,0.038777194203794135
fixed_wing,lead_vf,lead_time,0.4,limit respected,2002,0.015493247241428176
fixed_wing,lead_vf,lead_time,0.4,vehicle 20% weaker,2002,0.018233718563649914
fixed_wing,lead_vf,lead_time,0.4,planned at limit,2002,0.3742118342450901
fixed_wing,lead_vf,lead_time,0.4,planned at limit,2002,0.2550535515170784
fixed_wing,lead_vf,lead_time,0.4,limit respected,2002,0.03825620915120673
fixed_wing,lead_vf,lead_time,0.4,vehicle 20% weaker,2002,0.23719634241951282
fixed_wing,lead_vf,lead_time,0.4,limit respected,2002,0.027478423877897833
fixed_wing,lead_vf,lead_time,0.4,vehicle 20% weaker,2002,0.03609695740243095
fixed_wing,lead_vf,lead_time,0.4,planned at limit,2003,0.02734740667532232
fixed_wing,lead_vf,lead_time,0.4,planned at limit,2003,0.16951087695760236
fixed_wing,lead_vf,lead_time,0.4,limit respected,2003,0.007763267161292093
fixed_wing,lead_vf,lead_time,0.4,vehicle 20% weaker,2003,0.007644294477865639
fixed_wing,lead_vf,lead_time,0.4,limit respected,2003,0.006354115710803333
fixed_wing,lead_vf,lead_time,0.4,vehicle 20% weaker,2003,0.006436113983879572
fixed_wing,lead_vf,lead_time,0.4,planned at limit,2003,0.1311210087541327
fixed_wing,lead_vf,lead_time,0.4,planned at limit,2003,0.07900438463038363
fixed_wing,lead_vf,lead_time,0.4,limit respected,2003,0.015462603556313398
fixed_wing,lead_vf,lead_time,0.4,vehicle 20% weaker,2003,0.07237544702770723
fixed_wing,lead_vf,lead_time,0.4,limit respected,2003,0.015296137908206359
fixed_wing,lead_vf,lead_time,0.4,vehicle 20% weaker,2003,0.016398334546906458
fixed_wing,lead_vf,lead_time,0.4,planned at limit,2003,0.04365890175185212
fixed_wing,lead_vf,lead_time,0.4,planned at limit,2003,0.0429608606911097
fixed_wing,lead_vf,lead_time,0.4,limit respected,2003,0.031165913012987052
fixed_wing,lead_vf,lead_time,0.4,vehicle 20% weaker,2003,0.03294842740449237
fixed_wing,lead_vf,lead_time,0.4,limit respected,2003,0.029914191265985577
fixed_wing,lead_vf,lead_time,0.4,vehicle 20% weaker,2003,0.14903134377877836
fixed_wing,lead_vf,lead_time,0.4,planned at limit,2004,0.024417398959515335
fixed_wing,lead_vf,lead_time,0.4,planned at limit,2004,0.1257197523468057
fixed_wing,lead_vf,lead_time,0.4,limit respected,2004,0.007649539225084579
fixed_wing,lead_vf,lead_time,0.4,vehicle 20% weaker,2004,0.007599242765499517
fixed_wing,lead_vf,lead_time,0.4,limit respected,2004,0.0065916926910638855
fixed_wing,lead_vf,lead_time,0.4,vehicle 20% weaker,2004,0.006207119499318167
fixed_wing,lead_vf,lead_time,0.4,planned at limit,2004,0.13909884162191677
fixed_wing,lead_vf,lead_time,0.4,planned at limit,2004,0.3289162566110267
fixed_wing,lead_vf,lead_time,0.4,limit respected,2004,0.022444137679516623
fixed_wing,lead_vf,lead_time,0.4,vehicle 20% weaker,2004,0.048333174521118336
fixed_wing,lead_vf,lead_time,0.4,limit respected,2004,0.014244966773321927
fixed_wing,lead_vf,lead_time,0.4,vehicle 20% weaker,2004,0.015706405235460498
fixed_wing,lead_vf,lead_time,0.4,planned at limit,2004,0.036895861040523406
fixed_wing,lead_vf,lead_time,0.4,planned at limit,2004,0.18216160901335543
fixed_wing,lead_vf,lead_time,0.4,limit respected,2004,0.03624755105535595
fixed_wing,lead_vf,lead_time,0.4,vehicle 20% weaker,2004,0.5699043957049794
fixed_wing,lead_vf,lead_time,0.4,limit respected,2004,0.03397489480297651
fixed_wing,lead_vf,lead_time,0.4,vehicle 20% weaker,2004,0.03434624340771755
fixed_wing,lead_vf,lead_time,0.4,planned at limit,2005,0.02246280043363265
fixed_wing,lead_vf,lead_time,0.4,planned at limit,2005,0.10762532056935907
fixed_wing,lead_vf,lead_time,0.4,limit respected,2005,0.007814130056558769
fixed_wing,lead_vf,lead_time,0.4,vehicle 20% weaker,2005,0.008025539137117003
fixed_wing,lead_vf,lead_time,0.4,limit respected,2005,0.006293650101090186
fixed_wing,lead_vf,lead_time,0.4,vehicle 20% weaker,2005,0.006336225457940531
fixed_wing,lead_vf,lead_time,0.4,planned at limit,2005,0.01930914135974275
fixed_wing,lead_vf,lead_time,0.4,planned at limit,2005,0.1483278349171256
fixed_wing,lead_vf,lead_time,0.4,limit respected,2005,0.021456770595054533
fixed_wing,lead_vf,lead_time,0.4,vehicle 20% weaker,2005,0.05296292552420702
fixed_wing,lead_vf,lead_time,0.4,limit respected,2005,0.017366539537702952
fixed_wing,lead_vf,lead_time,0.4,vehicle 20% weaker,2005,0.029855523335930525
fixed_wing,lead_vf,lead_time,0.4,planned at limit,2005,0.14911375242601654
fixed_wing,lead_vf,lead_time,0.4,planned at limit,2005,0.029849104011534032
fixed_wing,lead_vf,lead_time,0.4,limit respected,2005,0.029342638617495025
fixed_wing,lead_vf,lead_time,0.4,vehicle 20% weaker,2005,0.3130469521669068
fixed_wing,lead_vf,lead_time,0.4,limit respected,2005,0.03429799063514447
fixed_wing,lead_vf,lead_time,0.4,vehicle 20% weaker,2005,0.028406317041035807
fixed_wing,lead_vf,lead_time,0.6,planned at limit,2000,0.023328494058099565
fixed_wing,lead_vf,lead_time,0.6,planned at limit,2000,0.09389358610263407
fixed_wing,lead_vf,lead_time,0.6,limit respected,2000,0.009445172735388
fixed_wing,lead_vf,lead_time,0.6,vehicle 20% weaker,2000,0.009459609555610479
fixed_wing,lead_vf,lead_time,0.6,limit respected,2000,0.007335227161131989
fixed_wing,lead_vf,lead_time,0.6,vehicle 20% weaker,2000,0.0073256352086508835
fixed_wing,lead_vf,lead_time,0.6,planned at limit,2000,0.09841647232900672
fixed_wing,lead_vf,lead_time,0.6,planned at limit,2000,0.07044300482929966
fixed_wing,lead_vf,lead_time,0.6,limit respected,2000,0.017653138600839252
fixed_wing,lead_vf,lead_time,0.6,vehicle 20% weaker,2000,0.021450554831346544
fixed_wing,lead_vf,lead_time,0.6,limit respected,2000,0.016918435692383167
fixed_wing,lead_vf,lead_time,0.6,vehicle 20% weaker,2000,0.01613853069770507
fixed_wing,lead_vf,lead_time,0.6,planned at limit,2000,0.10862325868382622
fixed_wing,lead_vf,lead_time,0.6,planned at limit,2000,0.03780267704100552
fixed_wing,lead_vf,lead_time,0.6,limit respected,2000,0.03479090514130177
fixed_wing,lead_vf,lead_time,0.6,vehicle 20% weaker,2000,0.09576116802240428
fixed_wing,lead_vf,lead_time,0.6,limit respected,2000,0.02643815318720625
fixed_wing,lead_vf,lead_time,0.6,vehicle 20% weaker,2000,0.032223834576730434
fixed_wing,lead_vf,lead_time,0.6,planned at limit,2001,0.024105124237427715
fixed_wing,lead_vf,lead_time,0.6,planned at limit,2001,0.10382066818456878
fixed_wing,lead_vf,lead_time,0.6,limit respected,2001,0.010399287481588124
fixed_wing,lead_vf,lead_time,0.6,vehicle 20% weaker,2001,0.01065581132415414
fixed_wing,lead_vf,lead_time,0.6,limit respected,2001,0.007910006701874889
fixed_wing,lead_vf,lead_time,0.6,vehicle 20% weaker,2001,0.008009701558398565
fixed_wing,lead_vf,lead_time,0.6,planned at limit,2001,0.019131458443624995
fixed_wing,lead_vf,lead_time,0.6,planned at limit,2001,0.33627999888685556
fixed_wing,lead_vf,lead_time,0.6,limit respected,2001,0.019993543532967537
fixed_wing,lead_vf,lead_time,0.6,vehicle 20% weaker,2001,0.018717915482111862
fixed_wing,lead_vf,lead_time,0.6,limit respected,2001,0.014618073095229403
fixed_wing,lead_vf,lead_time,0.6,vehicle 20% weaker,2001,0.015175466357183358
fixed_wing,lead_vf,lead_time,0.6,planned at limit,2001,0.3307534694015264
fixed_wing,lead_vf,lead_time,0.6,planned at limit,2001,0.03929961717372848
fixed_wing,lead_vf,lead_time,0.6,limit respected,2001,0.03538823574437033
fixed_wing,lead_vf,lead_time,0.6,vehicle 20% weaker,2001,0.04289303441715247
fixed_wing,lead_vf,lead_time,0.6,limit respected,2001,0.039149345800041785
fixed_wing,lead_vf,lead_time,0.6,vehicle 20% weaker,2001,0.03423318584929984
fixed_wing,lead_vf,lead_time,0.6,planned at limit,2002,0.026902736119932043
fixed_wing,lead_vf,lead_time,0.6,planned at limit,2002,0.11142297546740049
fixed_wing,lead_vf,lead_time,0.6,limit respected,2002,0.009376644141910577
fixed_wing,lead_vf,lead_time,0.6,vehicle 20% weaker,2002,0.00932507325189996
fixed_wing,lead_vf,lead_time,0.6,limit respected,2002,0.007283252695980243
fixed_wing,lead_vf,lead_time,0.6,vehicle 20% weaker,2002,0.00753371239127329
fixed_wing,lead_vf,lead_time,0.6,planned at limit,2002,0.1368714884250712
fixed_wing,lead_vf,lead_time,0.6,planned at limit,2002,0.2353368197500889
fixed_wing,lead_vf,lead_time,0.6,limit respected,2002,0.017267121945531417
fixed_wing,lead_vf,lead_time,0.6,vehicle 20% weaker,2002,0.040159235815929104
fixed_wing,lead_vf,lead_time,0.6,limit respected,2002,0.015228308055007175
fixed_wing,lead_vf,lead_time,0.6,vehicle 20% weaker,2002,0.019983688303542066
fixed_wing,lead_vf,lead_time,0.6,planned at limit,2002,0.30156556136485574
fixed_wing,lead_vf,lead_time,0.6,planned at limit,2002,0.20741336468096377
fixed_wing,lead_vf,lead_time,0.6,limit respected,2002,0.03950085052842495
fixed_wing,lead_vf,lead_time,0.6,vehicle 20% weaker,2002,0.19424850505055885
fixed_wing,lead_vf,lead_time,0.6,limit respected,2002,0.027878700109749605
fixed_wing,lead_vf,lead_time,0.6,vehicle 20% weaker,2002,0.0435902715610084
fixed_wing,lead_vf,lead_time,0.6,planned at limit,2003,0.028465968954289843
fixed_wing,lead_vf,lead_time,0.6,planned at limit,2003,0.12937473930952909
fixed_wing,lead_vf,lead_time,0.6,limit respected,2003,0.01065889073868917
fixed_wing,lead_vf,lead_time,0.6,vehicle 20% weaker,2003,0.01047014773551714
fixed_wing,lead_vf,lead_time,0.6,limit respected,2003,0.007830408709487657
fixed_wing,lead_vf,lead_time,0.6,vehicle 20% weaker,2003,0.0074913219188907625
fixed_wing,lead_vf,lead_time,0.6,planned at limit,2003,0.10852923394282732
fixed_wing,lead_vf,lead_time,0.6,planned at limit,2003,0.05120220315884965
fixed_wing,lead_vf,lead_time,0.6,limit respected,2003,0.016768001582913975
fixed_wing,lead_vf,lead_time,0.6,vehicle 20% weaker,2003,0.0662722021076569
fixed_wing,lead_vf,lead_time,0.6,limit respected,2003,0.016241459161300424
fixed_wing,lead_vf,lead_time,0.6,vehicle 20% weaker,2003,0.01899856222193854
fixed_wing,lead_vf,lead_time,0.6,planned at limit,2003,0.03277521418644064
fixed_wing,lead_vf,lead_time,0.6,planned at limit,2003,0.03277812737838737
fixed_wing,lead_vf,lead_time,0.6,limit respected,2003,0.03196549523150294
fixed_wing,lead_vf,lead_time,0.6,vehicle 20% weaker,2003,0.03275512502831879
fixed_wing,lead_vf,lead_time,0.6,limit respected,2003,0.028595755960238126
fixed_wing,lead_vf,lead_time,0.6,vehicle 20% weaker,2003,0.09915152941214957
fixed_wing,lead_vf,lead_time,0.6,planned at limit,2004,0.02323880071409435
fixed_wing,lead_vf,lead_time,0.6,planned at limit,2004,0.09941757785970212
fixed_wing,lead_vf,lead_time,0.6,limit respected,2004,0.010487751048283572
fixed_wing,lead_vf,lead_time,0.6,vehicle 20% weaker,2004,0.010284841036609631
fixed_wing,lead_vf,lead_time,0.6,limit respected,2004,0.007892327689711088
fixed_wing,lead_vf,lead_time,0.6,vehicle 20% weaker,2004,0.008014139183060879
fixed_wing,lead_vf,lead_time,0.6,planned at limit,2004,0.103946276644962
fixed_wing,lead_vf,lead_time,0.6,planned at limit,2004,0.30166047408871277
fixed_wing,lead_vf,lead_time,0.6,limit respected,2004,0.021982140121579258
fixed_wing,lead_vf,lead_time,0.6,vehicle 20% weaker,2004,0.031019239717985425
fixed_wing,lead_vf,lead_time,0.6,limit respected,2004,0.017843408515226027
fixed_wing,lead_vf,lead_time,0.6,vehicle 20% weaker,2004,0.017200611681896766
fixed_wing,lead_vf,lead_time,0.6,planned at limit,2004,0.03623298240130355
fixed_wing,lead_vf,lead_time,0.6,planned at limit,2004,0.16046656808973392
fixed_wing,lead_vf,lead_time,0.6,limit respected,2004,0.03572621214854278
fixed_wing,lead_vf,lead_time,0.6,vehicle 20% weaker,2004,0.5123656695125671
fixed_wing,lead_vf,lead_time,0.6,limit respected,2004,0.03425461692607097
fixed_wing,lead_vf,lead_time,0.6,vehicle 20% weaker,2004,0.034137712452421975
fixed_wing,lead_vf,lead_time,0.6,planned at limit,2005,0.021638732350775555
fixed_wing,lead_vf,lead_time,0.6,planned at limit,2005,0.07611168940873801
fixed_wing,lead_vf,lead_time,0.6,limit respected,2005,0.010295040191900556
fixed_wing,lead_vf,lead_time,0.6,vehicle 20% weaker,2005,0.010413026597855615
fixed_wing,lead_vf,lead_time,0.6,limit respected,2005,0.008054358699592621
fixed_wing,lead_vf,lead_time,0.6,vehicle 20% weaker,2005,0.008432171100678287
fixed_wing,lead_vf,lead_time,0.6,planned at limit,2005,0.018482095160406817
fixed_wing,lead_vf,lead_time,0.6,planned at limit,2005,0.11835506671532403
fixed_wing,lead_vf,lead_time,0.6,limit respected,2005,0.021360237980781
fixed_wing,lead_vf,lead_time,0.6,vehicle 20% weaker,2005,0.0269791557644481
fixed_wing,lead_vf,lead_time,0.6,limit respected,2005,0.018041656208131616
fixed_wing,lead_vf,lead_time,0.6,vehicle 20% weaker,2005,0.024385482536182747
fixed_wing,lead_vf,lead_time,0.6,planned at limit,2005,0.11257022450818437
fixed_wing,lead_vf,lead_time,0.6,planned at limit,2005,0.02875726605515465
fixed_wing,lead_vf,lead_time,0.6,limit respected,2005,0.0322772958033567
fixed_wing,lead_vf,lead_time,0.6,vehicle 20% weaker,2005,0.25543438870866186
fixed_wing,lead_vf,lead_time,0.6,limit respected,2005,0.03558229848362036
fixed_wing,lead_vf,lead_time,0.6,vehicle 20% weaker,2005,0.03015339303060631
fixed_wing,lead_vf,lead_time,0.8,planned at limit,2000,0.03502306586832473
fixed_wing,lead_vf,lead_time,0.8,planned at limit,2000,0.08020873354241306
fixed_wing,lead_vf,lead_time,0.8,limit respected,2000,0.017321894190067695
fixed_wing,lead_vf,lead_time,0.8,vehicle 20% weaker,2000,0.016989453493669135
fixed_wing,lead_vf,lead_time,0.8,limit respected,2000,0.012180217061705892
fixed_wing,lead_vf,lead_time,0.8,vehicle 20% weaker,2000,0.012074845037953641
fixed_wing,lead_vf,lead_time,0.8,planned at limit,2000,0.10358745245819839
fixed_wing,lead_vf,lead_time,0.8,planned at limit,2000,0.04975414079553386
fixed_wing,lead_vf,lead_time,0.8,limit respected,2000,0.022927428423569617
fixed_wing,lead_vf,lead_time,0.8,vehicle 20% weaker,2000,0.026164658616906172
fixed_wing,lead_vf,lead_time,0.8,limit respected,2000,0.016575953387631306
fixed_wing,lead_vf,lead_time,0.8,vehicle 20% weaker,2000,0.022291574478895564
fixed_wing,lead_vf,lead_time,0.8,planned at limit,2000,0.08134220952822327
fixed_wing,lead_vf,lead_time,0.8,planned at limit,2000,0.04356136241828866
fixed_wing,lead_vf,lead_time,0.8,limit respected,2000,0.0355597449709038
fixed_wing,lead_vf,lead_time,0.8,vehicle 20% weaker,2000,0.10007580790277577
fixed_wing,lead_vf,lead_time,0.8,limit respected,2000,0.028393547220143974
fixed_wing,lead_vf,lead_time,0.8,vehicle 20% weaker,2000,0.032706546764146624
fixed_wing,lead_vf,lead_time,0.8,planned at limit,2001,0.037933042307095835
fixed_wing,lead_vf,lead_time,0.8,planned at limit,2001,0.09151943614832017
fixed_wing,lead_vf,lead_time,0.8,limit respected,2001,0.017307882929643244
fixed_wing,lead_vf,lead_time,0.8,vehicle 20% weaker,2001,0.018014103776822516
fixed_wing,lead_vf,lead_time,0.8,limit respected,2001,0.013210786766613592
fixed_wing,lead_vf,lead_time,0.8,vehicle 20% weaker,2001,0.01339593196117075
fixed_wing,lead_vf,lead_time,0.8,planned at limit,2001,0.027273732235931027
fixed_wing,lead_vf,lead_time,0.8,planned at limit,2001,0.30042645431087156
fixed_wing,lead_vf,lead_time,0.8,limit respected,2001,0.025003624394184312
fixed_wing,lead_vf,lead_time,0.8,vehicle 20% weaker,2001,0.023339365534297815
fixed_wing,lead_vf,lead_time,0.8,limit respected,2001,0.016110420297923055
fixed_wing,lead_vf,lead_time,0.8,vehicle 20% weaker,2001,0.016821258214097003
fixed_wing,lead_vf,lead_time,0.8,planned at limit,2001,0.3097879665127869
fixed_wing,lead_vf,lead_time,0.8,planned at limit,2001,0.04278574815143127
fixed_wing,lead_vf,lead_time,0.8,limit respected,2001,0.035580311836643924
fixed_wing,lead_vf,lead_time,0.8,vehicle 20% weaker,2001,0.04414875724871509
fixed_wing,lead_vf,lead_time,0.8,limit respected,2001,0.04161252276802875
fixed_wing,lead_vf,lead_time,0.8,vehicle 20% weaker,2001,0.034413029460090255
fixed_wing,lead_vf,lead_time,0.8,planned at limit,2002,0.041901151070910574
fixed_wing,lead_vf,lead_time,0.8,planned at limit,2002,0.09535918561381315
fixed_wing,lead_vf,lead_time,0.8,limit respected,2002,0.01662809550410433
fixed_wing,lead_vf,lead_time,0.8,vehicle 20% weaker,2002,0.01621931111117472
fixed_wing,lead_vf,lead_time,0.8,limit respected,2002,0.012167327438186035
fixed_wing,lead_vf,lead_time,0.8,vehicle 20% weaker,2002,0.012320195601927967
fixed_wing,lead_vf,lead_time,0.8,planned at limit,2002,0.12989253076980017
fixed_wing,lead_vf,lead_time,0.8,planned at limit,2002,0.20311537082422554
fixed_wing,lead_vf,lead_time,0.8,limit respected,2002,0.019443400621244493
fixed_wing,lead_vf,lead_time,0.8,vehicle 20% weaker,2002,0.048153645232563616
fixed_wing,lead_vf,lead_time,0.8,limit respected,2002,0.018081893591550477
fixed_wing,lead_vf,lead_time,0.8,vehicle 20% weaker,2002,0.024422120550252138
fixed_wing,lead_vf,lead_time,0.8,planned at limit,2002,0.24346468731647575
fixed_wing,lead_vf,lead_time,0.8,planned at limit,2002,0.16513448472080064
fixed_wing,lead_vf,lead_time,0.8,limit respected,2002,0.04106665802697483
fixed_wing,lead_vf,lead_time,0.8,vehicle 20% weaker,2002,0.1760418826944794
fixed_wing,lead_vf,lead_time,0.8,limit respected,2002,0.029810788034786158
fixed_wing,lead_vf,lead_time,0.8,vehicle 20% weaker,2002,0.05228777750068091
fixed_wing,lead_vf,lead_time,0.8,planned at limit,2003,0.04368117436376154
fixed_wing,lead_vf,lead_time,0.8,planned at limit,2003,0.11596868201837372
fixed_wing,lead_vf,lead_time,0.8,limit respected,2003,0.019242406226062318
fixed_wing,lead_vf,lead_time,0.8,vehicle 20% weaker,2003,0.018583268968920603
fixed_wing,lead_vf,lead_time,0.8,limit respected,2003,0.013044209130152876
fixed_wing,lead_vf,lead_time,0.8,vehicle 20% weaker,2003,0.013122796246712615
fixed_wing,lead_vf,lead_time,0.8,planned at limit,2003,0.10861334365677823
fixed_wing,lead_vf,lead_time,0.8,planned at limit,2003,0.036852988240797566
fixed_wing,lead_vf,lead_time,0.8,limit respected,2003,0.021841038709685935
fixed_wing,lead_vf,lead_time,0.8,vehicle 20% weaker,2003,0.07157687267652016
fixed_wing,lead_vf,lead_time,0.8,limit respected,2003,0.02082288111041356
fixed_wing,lead_vf,lead_time,0.8,vehicle 20% weaker,2003,0.025079359180599593
fixed_wing,lead_vf,lead_time,0.8,planned at limit,2003,0.03700299761521186
fixed_wing,lead_vf,lead_time,0.8,planned at limit,2003,0.03262627089193492
fixed_wing,lead_vf,lead_time,0.8,limit respected,2003,0.03399210513104073
fixed_wing,lead_vf,lead_time,0.8,vehicle 20% weaker,2003,0.03359300094141699
fixed_wing,lead_vf,lead_time,0.8,limit respected,2003,0.03158870003978293
fixed_wing,lead_vf,lead_time,0.8,vehicle 20% weaker,2003,0.08231340826148208
fixed_wing,lead_vf,lead_time,0.8,planned at limit,2004,0.036287884731797664
fixed_wing,lead_vf,lead_time,0.8,planned at limit,2004,0.08321708825743795
fixed_wing,lead_vf,lead_time,0.8,limit respected,2004,0.017920131513422408
fixed_wing,lead_vf,lead_time,0.8,vehicle 20% weaker,2004,0.017834932181503865
fixed_wing,lead_vf,lead_time,0.8,limit respected,2004,0.013332354356728238
fixed_wing,lead_vf,lead_time,0.8,vehicle 20% weaker,2004,0.013462453238689845
fixed_wing,lead_vf,lead_time,0.8,planned at limit,2004,0.09585262733984701
fixed_wing,lead_vf,lead_time,0.8,planned at limit,2004,0.2747985643756771
fixed_wing,lead_vf,lead_time,0.8,limit respected,2004,0.02967715725254816
fixed_wing,lead_vf,lead_time,0.8,vehicle 20% weaker,2004,0.029042417676223738
fixed_wing,lead_vf,lead_time,0.8,limit respected,2004,0.02353964572894983
fixed_wing,lead_vf,lead_time,0.8,vehicle 20% weaker,2004,0.02219424762516676
fixed_wing,lead_vf,lead_time,0.8,planned at limit,2004,0.036259138383684955
fixed_wing,lead_vf,lead_time,0.8,planned at limit,2004,0.14163772812849024
fixed_wing,lead_vf,lead_time,0.8,limit respected,2004,0.03570340510001442
fixed_wing,lead_vf,lead_time,0.8,vehicle 20% weaker,2004,0.4705770438638931
fixed_wing,lead_vf,lead_time,0.8,limit respected,2004,0.03526751571078991
fixed_wing,lead_vf,lead_time,0.8,vehicle 20% weaker,2004,0.034353574193895786
fixed_wing,lead_vf,lead_time,0.8,planned at limit,2005,0.03248767814758047
fixed_wing,lead_vf,lead_time,0.8,planned at limit,2005,0.06279100942535965
fixed_wing,lead_vf,lead_time,0.8,limit respected,2005,0.017839215299728317
fixed_wing,lead_vf,lead_time,0.8,vehicle 20% weaker,2005,0.017323627081176067
fixed_wing,lead_vf,lead_time,0.8,limit respected,2005,0.013612260804465277
fixed_wing,lead_vf,lead_time,0.8,vehicle 20% weaker,2005,0.013877008929712782
fixed_wing,lead_vf,lead_time,0.8,planned at limit,2005,0.022921098911550426
fixed_wing,lead_vf,lead_time,0.8,planned at limit,2005,0.09507627536484575
fixed_wing,lead_vf,lead_time,0.8,limit respected,2005,0.02535904700348987
fixed_wing,lead_vf,lead_time,0.8,vehicle 20% weaker,2005,0.022948095803464835
fixed_wing,lead_vf,lead_time,0.8,limit respected,2005,0.021642670597150686
fixed_wing,lead_vf,lead_time,0.8,vehicle 20% weaker,2005,0.02646622233076608
fixed_wing,lead_vf,lead_time,0.8,planned at limit,2005,0.08309398084104283
fixed_wing,lead_vf,lead_time,0.8,planned at limit,2005,0.03187497835291352
fixed_wing,lead_vf,lead_time,0.8,limit respected,2005,0.03570903562113771
fixed_wing,lead_vf,lead_time,0.8,vehicle 20% weaker,2005,0.20211252013446795
fixed_wing,lead_vf,lead_time,0.8,limit respected,2005,0.038447300780274196
fixed_wing,lead_vf,lead_time,0.8,vehicle 20% weaker,2005,0.033913154047068135
fixed_wing,lead_vf,lead_time,1.0,planned at limit,2000,0.047961763917088354
fixed_wing,lead_vf,lead_time,1.0,planned at limit,2000,0.08876629134014938
fixed_wing,lead_vf,lead_time,1.0,limit respected,2000,0.025098007121491177
fixed_wing,lead_vf,lead_time,1.0,vehicle 20% weaker,2000,0.02500046304008431
fixed_wing,lead_vf,lead_time,1.0,limit respected,2000,0.018859896321359905
fixed_wing,lead_vf,lead_time,1.0,vehicle 20% weaker,2000,0.018861028696545233
fixed_wing,lead_vf,lead_time,1.0,planned at limit,2000,0.11598283227383964
fixed_wing,lead_vf,lead_time,1.0,planned at limit,2000,0.054307581691902196
fixed_wing,lead_vf,lead_time,1.0,limit respected,2000,0.0290589681164753
fixed_wing,lead_vf,lead_time,1.0,vehicle 20% weaker,2000,0.032239285597381415
fixed_wing,lead_vf,lead_time,1.0,limit respected,2000,0.02012415014603355
fixed_wing,lead_vf,lead_time,1.0,vehicle 20% weaker,2000,0.029601265929114003
fixed_wing,lead_vf,lead_time,1.0,planned at limit,2000,0.06800665579036586
fixed_wing,lead_vf,lead_time,1.0,planned at limit,2000,0.04908073277653561
fixed_wing,lead_vf,lead_time,1.0,limit respected,2000,0.0364105399490177
fixed_wing,lead_vf,lead_time,1.0,vehicle 20% weaker,2000,0.10846915910242447
fixed_wing,lead_vf,lead_time,1.0,limit respected,2000,0.03202241103074177
fixed_wing,lead_vf,lead_time,1.0,vehicle 20% weaker,2000,0.03368656241909776
fixed_wing,lead_vf,lead_time,1.0,planned at limit,2001,0.052497962952942984
fixed_wing,lead_vf,lead_time,1.0,planned at limit,2001,0.09990598512510562
fixed_wing,lead_vf,lead_time,1.0,limit respected,2001,0.02681953362412594
fixed_wing,lead_vf,lead_time,1.0,vehicle 20% weaker,2001,0.026499942905532946
fixed_wing,lead_vf,lead_time,1.0,limit respected,2001,0.01981651434563271
fixed_wing,lead_vf,lead_time,1.0,vehicle 20% weaker,2001,0.02000092086882068
fixed_wing,lead_vf,lead_time,1.0,planned at limit,2001,0.034721781167802904
fixed_wing,lead_vf,lead_time,1.0,planned at limit,2001,0.2682738885025914
fixed_wing,lead_vf,lead_time,1.0,limit respected,2001,0.029742991505005277
fixed_wing,lead_vf,lead_time,1.0,vehicle 20% weaker,2001,0.029759824421550424
fixed_wing,lead_vf,lead_time,1.0,limit respected,2001,0.018811558549299327
fixed_wing,lead_vf,lead_time,1.0,vehicle 20% weaker,2001,0.020365297747478736
fixed_wing,lead_vf,lead_time,1.0,planned at limit,2001,0.29001466577078894
fixed_wing,lead_vf,lead_time,1.0,planned at limit,2001,0.04722686895919434
fixed_wing,lead_vf,lead_time,1.0,limit respected,2001,0.03597812074113499
fixed_wing,lead_vf,lead_time,1.0,vehicle 20% weaker,2001,0.04768890051743711
fixed_wing,lead_vf,lead_time,1.0,limit respected,2001,0.045601320207772994
fixed_wing,lead_vf,lead_time,1.0,vehicle 20% weaker,2001,0.03488706132107313
fixed_wing,lead_vf,lead_time,1.0,planned at limit,2002,0.05896354767383363
fixed_wing,lead_vf,lead_time,1.0,planned at limit,2002,0.10494194343448562
fixed_wing,lead_vf,lead_time,1.0,limit respected,2002,0.024899785959422105
fixed_wing,lead_vf,lead_time,1.0,vehicle 20% weaker,2002,0.02544389352788918
fixed_wing,lead_vf,lead_time,1.0,limit respected,2002,0.018965395848348422
fixed_wing,lead_vf,lead_time,1.0,vehicle 20% weaker,2002,0.019095792339699658
fixed_wing,lead_vf,lead_time,1.0,planned at limit,2002,0.13978935830735184
fixed_wing,lead_vf,lead_time,1.0,planned at limit,2002,0.17460729878867504
fixed_wing,lead_vf,lead_time,1.0,limit respected,2002,0.024424108735322247
fixed_wing,lead_vf,lead_time,1.0,vehicle 20% weaker,2002,0.05959151957776454
fixed_wing,lead_vf,lead_time,1.0,limit respected,2002,0.02231654356930247
fixed_wing,lead_vf,lead_time,1.0,vehicle 20% weaker,2002,0.030583535645189758
fixed_wing,lead_vf,lead_time,1.0,planned at limit,2002,0.22379643519743203
fixed_wing,lead_vf,lead_time,1.0,planned at limit,2002,0.1391331934145818
fixed_wing,lead_vf,lead_time,1.0,limit respected,2002,0.042814939830486315
fixed_wing,lead_vf,lead_time,1.0,vehicle 20% weaker,2002,0.18103654136554165
fixed_wing,lead_vf,lead_time,1.0,limit respected,2002,0.03290942420705377
fixed_wing,lead_vf,lead_time,1.0,vehicle 20% weaker,2002,0.06163794847875243
fixed_wing,lead_vf,lead_time,1.0,planned at limit,2003,0.0631690444262687
fixed_wing,lead_vf,lead_time,1.0,planned at limit,2003,0.1269133570431038
fixed_wing,lead_vf,lead_time,1.0,limit respected,2003,0.02986465106006847
fixed_wing,lead_vf,lead_time,1.0,vehicle 20% weaker,2003,0.02893623750566713
fixed_wing,lead_vf,lead_time,1.0,limit respected,2003,0.019905928112937912
fixed_wing,lead_vf,lead_time,1.0,vehicle 20% weaker,2003,0.019703889686064912
fixed_wing,lead_vf,lead_time,1.0,planned at limit,2003,0.11978388755933092
fixed_wing,lead_vf,lead_time,1.0,planned at limit,2003,0.04570678329080054
fixed_wing,lead_vf,lead_time,1.0,limit respected,2003,0.027155595536225118
fixed_wing,lead_vf,lead_time,1.0,vehicle 20% weaker,2003,0.08059621892939804
fixed_wing,lead_vf,lead_time,1.0,limit respected,2003,0.027285545043229165
fixed_wing,lead_vf,lead_time,1.0,vehicle 20% weaker,2003,0.032184313691885826
fixed_wing,lead_vf,lead_time,1.0,planned at limit,2003,0.043417165085660306
fixed_wing,lead_vf,lead_time,1.0,planned at limit,2003,0.036817464928227045
fixed_wing,lead_vf,lead_time,1.0,limit respected,2003,0.03639052135287079
fixed_wing,lead_vf,lead_time,1.0,vehicle 20% weaker,2003,0.03562711143199638
fixed_wing,lead_vf,lead_time,1.0,limit respected,2003,0.042544196792046185
fixed_wing,lead_vf,lead_time,1.0,vehicle 20% weaker,2003,0.08657070766557012
fixed_wing,lead_vf,lead_time,1.0,planned at limit,2004,0.04996812522459147
fixed_wing,lead_vf,lead_time,1.0,planned at limit,2004,0.0907833194887683
fixed_wing,lead_vf,lead_time,1.0,limit respected,2004,0.026438031659984835
fixed_wing,lead_vf,lead_time,1.0,vehicle 20% weaker,2004,0.02717140663462185
fixed_wing,lead_vf,lead_time,1.0,limit respected,2004,0.02052734161973448
fixed_wing,lead_vf,lead_time,1.0,vehicle 20% weaker,2004,0.020932402381006347
fixed_wing,lead_vf,lead_time,1.0,planned at limit,2004,0.1068519987944424
fixed_wing,lead_vf,lead_time,1.0,planned at limit,2004,0.2470839275442103
fixed_wing,lead_vf,lead_time,1.0,limit respected,2004,0.0396841977259374
fixed_wing,lead_vf,lead_time,1.0,vehicle 20% weaker,2004,0.0361829250960262
fixed_wing,lead_vf,lead_time,1.0,limit respected,2004,0.030211012933519688
fixed_wing,lead_vf,lead_time,1.0,vehicle 20% weaker,2004,0.029787470196494692
fixed_wing,lead_vf,lead_time,1.0,planned at limit,2004,0.03693873039432044
fixed_wing,lead_vf,lead_time,1.0,planned at limit,2004,0.1260421257469927
fixed_wing,lead_vf,lead_time,1.0,limit respected,2004,0.036176312418358045
fixed_wing,lead_vf,lead_time,1.0,vehicle 20% weaker,2004,0.4618061790290892
fixed_wing,lead_vf,lead_time,1.0,limit respected,2004,0.03748761746137458
fixed_wing,lead_vf,lead_time,1.0,vehicle 20% weaker,2004,0.03573940131185578
fixed_wing,lead_vf,lead_time,1.0,planned at limit,2005,0.04522256678972018
fixed_wing,lead_vf,lead_time,1.0,planned at limit,2005,0.06791486314488152
fixed_wing,lead_vf,lead_time,1.0,limit respected,2005,0.025769777065078547
fixed_wing,lead_vf,lead_time,1.0,vehicle 20% weaker,2005,0.02550910887473055
fixed_wing,lead_vf,lead_time,1.0,limit respected,2005,0.020725921724581264
fixed_wing,lead_vf,lead_time,1.0,vehicle 20% weaker,2005,0.020983354379310454
fixed_wing,lead_vf,lead_time,1.0,planned at limit,2005,0.031583585319969396
fixed_wing,lead_vf,lead_time,1.0,planned at limit,2005,0.091241275091576
fixed_wing,lead_vf,lead_time,1.0,limit respected,2005,0.033162085915272456
fixed_wing,lead_vf,lead_time,1.0,vehicle 20% weaker,2005,0.03865418452812877
fixed_wing,lead_vf,lead_time,1.0,limit respected,2005,0.028056753927101823
fixed_wing,lead_vf,lead_time,1.0,vehicle 20% weaker,2005,0.031422885367978035
fixed_wing,lead_vf,lead_time,1.0,planned at limit,2005,0.0608459668281253
fixed_wing,lead_vf,lead_time,1.0,planned at limit,2005,0.03465258338809681
fixed_wing,lead_vf,lead_time,1.0,limit respected,2005,0.04211209801469211
fixed_wing,lead_vf,lead_time,1.0,vehicle 20% weaker,2005,0.19081453174163515
fixed_wing,lead_vf,lead_time,1.0,limit respected,2005,0.04489947537976319
fixed_wing,lead_vf,lead_time,1.0,vehicle 20% weaker,2005,0.03828237638364058
fixed_wing,lead_vf,lead_time,1.2,planned at limit,2000,0.060339203497589436
fixed_wing,lead_vf,lead_time,1.2,planned at limit,2000,0.10117884946916242
fixed_wing,lead_vf,lead_time,1.2,limit respected,2000,0.03301015330100286
fixed_wing,lead_vf,lead_time,1.2,vehicle 20% weaker,2000,0.03287509123651802
fixed_wing,lead_vf,lead_time,1.2,limit respected,2000,0.024382110939286526
fixed_wing,lead_vf,lead_time,1.2,vehicle 20% weaker,2000,0.024337565276723698
fixed_wing,lead_vf,lead_time,1.2,planned at limit,2000,0.12795097557247703
fixed_wing,lead_vf,lead_time,1.2,planned at limit,2000,0.07018730485494996
fixed_wing,lead_vf,lead_time,1.2,limit respected,2000,0.035543097041036115
fixed_wing,lead_vf,lead_time,1.2,vehicle 20% weaker,2000,0.03840885179562395
fixed_wing,lead_vf,lead_time,1.2,limit respected,2000,0.02400270680744783
fixed_wing,lead_vf,lead_time,1.2,vehicle 20% weaker,2000,0.03792352022536927
fixed_wing,lead_vf,lead_time,1.2,planned at limit,2000,0.07328999389249177
fixed_wing,lead_vf,lead_time,1.2,planned at limit,2000,0.055320122480684165
fixed_wing,lead_vf,lead_time,1.2,limit respected,2000,0.0377270895206488
fixed_wing,lead_vf,lead_time,1.2,vehicle 20% weaker,2000,0.12197646468871445
fixed_wing,lead_vf,lead_time,1.2,limit respected,2000,0.03644971397461003
fixed_wing,lead_vf,lead_time,1.2,vehicle 20% weaker,2000,0.0356894364636664
fixed_wing,lead_vf,lead_time,1.2,planned at limit,2001,0.06513143435134253
fixed_wing,lead_vf,lead_time,1.2,planned at limit,2001,0.1154733506698783
fixed_wing,lead_vf,lead_time,1.2,limit respected,2001,0.0351750084074048
fixed_wing,lead_vf,lead_time,1.2,vehicle 20% weaker,2001,0.03568407598636627
fixed_wing,lead_vf,lead_time,1.2,limit respected,2001,0.026773384572669014
fixed_wing,lead_vf,lead_time,1.2,vehicle 20% weaker,2001,0.026140750396594106
fixed_wing,lead_vf,lead_time,1.2,planned at limit,2001,0.04380044301304311
fixed_wing,lead_vf,lead_time,1.2,planned at limit,2001,0.24326404771572652
fixed_wing,lead_vf,lead_time,1.2,limit respected,2001,0.035844431122946746
fixed_wing,lead_vf,lead_time,1.2,vehicle 20% weaker,2001,0.035464532165699454
fixed_wing,lead_vf,lead_time,1.2,limit respected,2001,0.02339231839540229
fixed_wing,lead_vf,lead_time,1.2,vehicle 20% weaker,2001,0.024464702403595245
fixed_wing,lead_vf,lead_time,1.2,planned at limit,2001,0.2811692266218613
fixed_wing,lead_vf,lead_time,1.2,planned at limit,2001,0.05291949384516167
fixed_wing,lead_vf,lead_time,1.2,limit respected,2001,0.03671258870164518
fixed_wing,lead_vf,lead_time,1.2,vehicle 20% weaker,2001,0.05689319142168525
fixed_wing,lead_vf,lead_time,1.2,limit respected,2001,0.0537531435248802
fixed_wing,lead_vf,lead_time,1.2,vehicle 20% weaker,2001,0.03562929980326515
fixed_wing,lead_vf,lead_time,1.2,planned at limit,2002,0.07166669926390654
fixed_wing,lead_vf,lead_time,1.2,planned at limit,2002,0.11912724940998332
fixed_wing,lead_vf,lead_time,1.2,limit respected,2002,0.03386830112377777
fixed_wing,lead_vf,lead_time,1.2,vehicle 20% weaker,2002,0.036889808718819125
fixed_wing,lead_vf,lead_time,1.2,limit respected,2002,0.025008093486328375
fixed_wing,lead_vf,lead_time,1.2,vehicle 20% weaker,2002,0.024992186503958937
fixed_wing,lead_vf,lead_time,1.2,planned at limit,2002,0.15757730344225263
fixed_wing,lead_vf,lead_time,1.2,planned at limit,2002,0.176777472284337
fixed_wing,lead_vf,lead_time,1.2,limit respected,2002,0.030159840255881337
fixed_wing,lead_vf,lead_time,1.2,vehicle 20% weaker,2002,0.072631222268949
fixed_wing,lead_vf,lead_time,1.2,limit respected,2002,0.027422160968545915
fixed_wing,lead_vf,lead_time,1.2,vehicle 20% weaker,2002,0.0354459127492494
fixed_wing,lead_vf,lead_time,1.2,planned at limit,2002,0.23380108096774602
fixed_wing,lead_vf,lead_time,1.2,planned at limit,2002,0.11608281020783659
fixed_wing,lead_vf,lead_time,1.2,limit respected,2002,0.04506290749447052
fixed_wing,lead_vf,lead_time,1.2,vehicle 20% weaker,2002,0.2032875873675996
fixed_wing,lead_vf,lead_time,1.2,limit respected,2002,0.03569559325104017
fixed_wing,lead_vf,lead_time,1.2,vehicle 20% weaker,2002,0.07389207650718085
fixed_wing,lead_vf,lead_time,1.2,planned at limit,2003,0.07863673927957207
fixed_wing,lead_vf,lead_time,1.2,planned at limit,2003,0.14627429836166522
fixed_wing,lead_vf,lead_time,1.2,limit respected,2003,0.03886947707432932
fixed_wing,lead_vf,lead_time,1.2,vehicle 20% weaker,2003,0.040050439998482096
fixed_wing,lead_vf,lead_time,1.2,limit respected,2003,0.026210256891340065
fixed_wing,lead_vf,lead_time,1.2,vehicle 20% weaker,2003,0.026025319162121176
fixed_wing,lead_vf,lead_time,1.2,planned at limit,2003,0.13650615330778026
fixed_wing,lead_vf,lead_time,1.2,planned at limit,2003,0.05647692862092016
fixed_wing,lead_vf,lead_time,1.2,limit respected,2003,0.033177459552338466
fixed_wing,lead_vf,lead_time,1.2,vehicle 20% weaker,2003,0.09168961915211946
fixed_wing,lead_vf,lead_time,1.2,limit respected,2003,0.03507616603558823
fixed_wing,lead_vf,lead_time,1.2,vehicle 20% weaker,2003,0.04026785598701269
fixed_wing,lead_vf,lead_time,1.2,planned at limit,2003,0.049920430787206524
fixed_wing,lead_vf,lead_time,1.2,planned at limit,2003,0.04282262272977644
fixed_wing,lead_vf,lead_time,1.2,limit respected,2003,0.04080762924944832
fixed_wing,lead_vf,lead_time,1.2,vehicle 20% weaker,2003,0.04048911835147415
fixed_wing,lead_vf,lead_time,1.2,limit respected,2003,0.055542884647766556
fixed_wing,lead_vf,lead_time,1.2,vehicle 20% weaker,2003,0.10024634196336138
fixed_wing,lead_vf,lead_time,1.2,planned at limit,2004,0.062265614375270784
fixed_wing,lead_vf,lead_time,1.2,planned at limit,2004,0.10495297658457414
fixed_wing,lead_vf,lead_time,1.2,limit respected,2004,0.03517794558525592
fixed_wing,lead_vf,lead_time,1.2,vehicle 20% weaker,2004,0.03528008382991067
fixed_wing,lead_vf,lead_time,1.2,limit respected,2004,0.02708593216151526
fixed_wing,lead_vf,lead_time,1.2,vehicle 20% weaker,2004,0.027472927574967512
fixed_wing,lead_vf,lead_time,1.2,planned at limit,2004,0.1254422340793749
fixed_wing,lead_vf,lead_time,1.2,planned at limit,2004,0.2172303660146158
fixed_wing,lead_vf,lead_time,1.2,limit respected,2004,0.05266465769811707
fixed_wing,lead_vf,lead_time,1.2,vehicle 20% weaker,2004,0.04575583401185686
fixed_wing,lead_vf,lead_time,1.2,limit respected,2004,0.03681938742550925
fixed_wing,lead_vf,lead_time,1.2,vehicle 20% weaker,2004,0.03729344612646153
fixed_wing,lead_vf,lead_time,1.2,planned at limit,2004,0.04022613798755867
fixed_wing,lead_vf,lead_time,1.2,planned at limit,2004,0.10496581597298069
fixed_wing,lead_vf,lead_time,1.2,limit respected,2004,0.039501366205858285
fixed_wing,lead_vf,lead_time,1.2,vehicle 20% weaker,2004,0.47453692807382764
fixed_wing,lead_vf,lead_time,1.2,limit respected,2004,0.042911740357188456
fixed_wing,lead_vf,lead_time,1.2,vehicle 20% weaker,2004,0.037926707760247674
fixed_wing,lead_vf,lead_time,1.2,planned at limit,2005,0.057276325071566145
fixed_wing,lead_vf,lead_time,1.2,planned at limit,2005,0.07974167085582456
fixed_wing,lead_vf,lead_time,1.2,limit respected,2005,0.03476039334250356
fixed_wing,lead_vf,lead_time,1.2,vehicle 20% weaker,2005,0.034974955479055714
fixed_wing,lead_vf,lead_time,1.2,limit respected,2005,0.0268626688627929
fixed_wing,lead_vf,lead_time,1.2,vehicle 20% weaker,2005,0.027032783859627978
fixed_wing,lead_vf,lead_time,1.2,planned at limit,2005,0.042311408625868026
fixed_wing,lead_vf,lead_time,1.2,planned at limit,2005,0.10160119452432206
fixed_wing,lead_vf,lead_time,1.2,limit respected,2005,0.04271777196531534
fixed_wing,lead_vf,lead_time,1.2,vehicle 20% weaker,2005,0.05516315460105484
fixed_wing,lead_vf,lead_time,1.2,limit respected,2005,0.03618261774859904
fixed_wing,lead_vf,lead_time,1.2,vehicle 20% weaker,2005,0.0381603715637653
fixed_wing,lead_vf,lead_time,1.2,planned at limit,2005,0.052991801846114926
fixed_wing,lead_vf,lead_time,1.2,planned at limit,2005,0.03854707274706664
fixed_wing,lead_vf,lead_time,1.2,limit respected,2005,0.046933257575901485
fixed_wing,lead_vf,lead_time,1.2,vehicle 20% weaker,2005,0.20820065280275485
fixed_wing,lead_vf,lead_time,1.2,limit respected,2005,0.05311367042304362
fixed_wing,lead_vf,lead_time,1.2,vehicle 20% weaker,2005,0.04295288729805771
fixed_wing,vector_field,feedforward,True,planned at limit,2000,0.08316524540197198
fixed_wing,vector_field,feedforward,True,planned at limit,2000,0.1992297124619673
fixed_wing,vector_field,feedforward,True,limit respected,2000,0.020972216959711527
fixed_wing,vector_field,feedforward,True,vehicle 20% weaker,2000,0.028077150836539673
fixed_wing,vector_field,feedforward,True,limit respected,2000,0.015952237622838115
fixed_wing,vector_field,feedforward,True,vehicle 20% weaker,2000,0.01595380553044609
fixed_wing,vector_field,feedforward,True,planned at limit,2000,0.1731277359217112
fixed_wing,vector_field,feedforward,True,planned at limit,2000,0.18270832846121757
fixed_wing,vector_field,feedforward,True,limit respected,2000,0.02903440412037068
fixed_wing,vector_field,feedforward,True,vehicle 20% weaker,2000,0.04352906920234234
fixed_wing,vector_field,feedforward,True,limit respected,2000,0.026105990018804676
fixed_wing,vector_field,feedforward,True,vehicle 20% weaker,2000,0.020112698161033525
fixed_wing,vector_field,feedforward,True,planned at limit,2000,0.17111173079236422
fixed_wing,vector_field,feedforward,True,planned at limit,2000,0.03808016777518765
fixed_wing,vector_field,feedforward,True,limit respected,2000,0.03474385081722109
fixed_wing,vector_field,feedforward,True,vehicle 20% weaker,2000,0.1560415272006056
fixed_wing,vector_field,feedforward,True,limit respected,2000,0.042749274721690864
fixed_wing,vector_field,feedforward,True,vehicle 20% weaker,2000,0.033872021068524105
fixed_wing,vector_field,feedforward,True,planned at limit,2001,0.08533386523058657
fixed_wing,vector_field,feedforward,True,planned at limit,2001,0.21332153413780863
fixed_wing,vector_field,feedforward,True,limit respected,2001,0.02212031079580519
fixed_wing,vector_field,feedforward,True,vehicle 20% weaker,2001,0.030652591414074205
fixed_wing,vector_field,feedforward,True,limit respected,2001,0.0171256884834584
fixed_wing,vector_field,feedforward,True,vehicle 20% weaker,2001,0.017374563939271562
fixed_wing,vector_field,feedforward,True,planned at limit,2001,0.03475294586302944
fixed_wing,vector_field,feedforward,True,planned at limit,2001,0.46115511584378477
fixed_wing,vector_field,feedforward,True,limit respected,2001,0.026484830270855443
fixed_wing,vector_field,feedforward,True,vehicle 20% weaker,2001,0.03864909747471046
fixed_wing,vector_field,feedforward,True,limit respected,2001,0.020326596752270318
fixed_wing,vector_field,feedforward,True,vehicle 20% weaker,2001,0.023373657711417452
fixed_wing,vector_field,feedforward,True,planned at limit,2001,0.42844209476908324
fixed_wing,vector_field,feedforward,True,planned at limit,2001,0.061811879764062605
fixed_wing,vector_field,feedforward,True,limit respected,2001,0.036342340189861405
fixed_wing,vector_field,feedforward,True,vehicle 20% weaker,2001,0.06137752698084675
fixed_wing,vector_field,feedforward,True,limit respected,2001,0.055955478996596225
fixed_wing,vector_field,feedforward,True,vehicle 20% weaker,2001,0.036062827612233526
fixed_wing,vector_field,feedforward,True,planned at limit,2002,0.1051930492917131
fixed_wing,vector_field,feedforward,True,planned at limit,2002,0.2509435057370967
fixed_wing,vector_field,feedforward,True,limit respected,2002,0.021670644300959323
fixed_wing,vector_field,feedforward,True,vehicle 20% weaker,2002,0.0334675369248073
fixed_wing,vector_field,feedforward,True,limit respected,2002,0.01679688344164508
fixed_wing,vector_field,feedforward,True,vehicle 20% weaker,2002,0.016865292020315545
fixed_wing,vector_field,feedforward,True,planned at limit,2002,0.27505640797938175
fixed_wing,vector_field,feedforward,True,planned at limit,2002,0.4146118357052255
fixed_wing,vector_field,feedforward,True,limit respected,2002,0.028982643184545864
fixed_wing,vector_field,feedforward,True,vehicle 20% weaker,2002,0.09756784474818886
fixed_wing,vector_field,feedforward,True,limit respected,2002,0.024816146268251217
fixed_wing,vector_field,feedforward,True,vehicle 20% weaker,2002,0.03822473402402361
fixed_wing,vector_field,feedforward,True,planned at limit,2002,0.45601555109308933
fixed_wing,vector_field,feedforward,True,planned at limit,2002,0.34178430877469057
fixed_wing,vector_field,feedforward,True,limit respected,2002,0.04212940787040043
fixed_wing,vector_field,feedforward,True,vehicle 20% weaker,2002,0.3202829734284687
fixed_wing,vector_field,feedforward,True,limit respected,2002,0.02822334884720798
fixed_wing,vector_field,feedforward,True,vehicle 20% weaker,2002,0.0315260261594626
fixed_wing,vector_field,feedforward,True,planned at limit,2003,0.1043740522454685
fixed_wing,vector_field,feedforward,True,planned at limit,2003,0.26140580316038553
fixed_wing,vector_field,feedforward,True,limit respected,2003,0.02496678134890829
fixed_wing,vector_field,feedforward,True,vehicle 20% weaker,2003,0.035913873199744796
fixed_wing,vector_field,feedforward,True,limit respected,2003,0.01758001206043873
fixed_wing,vector_field,feedforward,True,vehicle 20% weaker,2003,0.017552313685112512
fixed_wing,vector_field,feedforward,True,planned at limit,2003,0.2059410591532582
fixed_wing,vector_field,feedforward,True,planned at limit,2003,0.13876243372904104
fixed_wing,vector_field,feedforward,True,limit respected,2003,0.023252894845004916
fixed_wing,vector_field,feedforward,True,vehicle 20% weaker,2003,0.12697156268392218
fixed_wing,vector_field,feedforward,True,limit respected,2003,0.02739400019388529
fixed_wing,vector_field,feedforward,True,vehicle 20% weaker,2003,0.041114079376077785
fixed_wing,vector_field,feedforward,True,planned at limit,2003,0.07175186103038114
fixed_wing,vector_field,feedforward,True,planned at limit,2003,0.08989445482890307
fixed_wing,vector_field,feedforward,True,limit respected,2003,0.050890855252111095
fixed_wing,vector_field,feedforward,True,vehicle 20% weaker,2003,0.034724482804677395
fixed_wing,vector_field,feedforward,True,limit respected,2003,0.06215476485976139
fixed_wing,vector_field,feedforward,True,vehicle 20% weaker,2003,0.2974647679826239
fixed_wing,vector_field,feedforward,True,planned at limit,2004,0.08219250137215797
fixed_wing,vector_field,feedforward,True,planned at limit,2004,0.20340830433183027
fixed_wing,vector_field,feedforward,True,limit respected,2004,0.02274667077893279
fixed_wing,vector_field,feedforward,True,vehicle 20% weaker,2004,0.03003210119296074
fixed_wing,vector_field,feedforward,True,limit respected,2004,0.017729724689202565
fixed_wing,vector_field,feedforward,True,vehicle 20% weaker,2004,0.017538086483135516
fixed_wing,vector_field,feedforward,True,planned at limit,2004,0.21458458414117126
fixed_wing,vector_field,feedforward,True,planned at limit,2004,0.40294410920334706
fixed_wing,vector_field,feedforward,True,limit respected,2004,0.07348199630263616
fixed_wing,vector_field,feedforward,True,vehicle 20% weaker,2004,0.10027347639932344
fixed_wing,vector_field,feedforward,True,limit respected,2004,0.019751907010306293
fixed_wing,vector_field,feedforward,True,vehicle 20% weaker,2004,0.02578716257871984
fixed_wing,vector_field,feedforward,True,planned at limit,2004,0.040652949488876475
fixed_wing,vector_field,feedforward,True,planned at limit,2004,0.2370841407260301
fixed_wing,vector_field,feedforward,True,limit respected,2004,0.041228457183803184
fixed_wing,vector_field,feedforward,True,vehicle 20% weaker,2004,0.6614609980752308
fixed_wing,vector_field,feedforward,True,limit respected,2004,0.03655392914691935
fixed_wing,vector_field,feedforward,True,vehicle 20% weaker,2004,0.03898139439235949
fixed_wing,vector_field,feedforward,True,planned at limit,2005,0.07888701696229045
fixed_wing,vector_field,feedforward,True,planned at limit,2005,0.176527822588811
fixed_wing,vector_field,feedforward,True,limit respected,2005,0.021889849962661155
fixed_wing,vector_field,feedforward,True,vehicle 20% weaker,2005,0.028986851416340716
fixed_wing,vector_field,feedforward,True,limit respected,2005,0.017385564019103388
fixed_wing,vector_field,feedforward,True,vehicle 20% weaker,2005,0.01738320437161133
fixed_wing,vector_field,feedforward,True,planned at limit,2005,0.03773775213058907
fixed_wing,vector_field,feedforward,True,planned at limit,2005,0.2124593115396915
fixed_wing,vector_field,feedforward,True,limit respected,2005,0.03516522878569726
fixed_wing,vector_field,feedforward,True,vehicle 20% weaker,2005,0.11222624248137592
fixed_wing,vector_field,feedforward,True,limit respected,2005,0.025403378383220872
fixed_wing,vector_field,feedforward,True,vehicle 20% weaker,2005,0.054515818574699754
fixed_wing,vector_field,feedforward,True,planned at limit,2005,0.23256401664882492
fixed_wing,vector_field,feedforward,True,planned at limit,2005,0.04030331426600915
fixed_wing,vector_field,feedforward,True,limit respected,2005,0.03435136268442392
fixed_wing,vector_field,feedforward,True,vehicle 20% weaker,2005,0.43043523458954436
fixed_wing,vector_field,feedforward,True,limit respected,2005,0.03788615715800126
fixed_wing,vector_field,feedforward,True,vehicle 20% weaker,2005,0.028309632938700126
fixed_wing,vector_field,feedforward,False,planned at limit,2000,0.16132863535676267
fixed_wing,vector_field,feedforward,False,planned at limit,2000,0.2671799559803864
fixed_wing,vector_field,feedforward,False,limit respected,2000,0.07957117030318864
fixed_wing,vector_field,feedforward,False,vehicle 20% weaker,2000,0.10089250524053789
fixed_wing,vector_field,feedforward,False,limit respected,2000,0.06654496865204304
fixed_wing,vector_field,feedforward,False,vehicle 20% weaker,2000,0.06654530525817173
fixed_wing,vector_field,feedforward,False,planned at limit,2000,0.28062742361402504
fixed_wing,vector_field,feedforward,False,planned at limit,2000,0.2324732969757363
fixed_wing,vector_field,feedforward,False,limit respected,2000,0.09544301419038176
fixed_wing,vector_field,feedforward,False,vehicle 20% weaker,2000,0.12202263980737277
fixed_wing,vector_field,feedforward,False,limit respected,2000,0.06189421133433348
fixed_wing,vector_field,feedforward,False,vehicle 20% weaker,2000,0.09851125198050631
fixed_wing,vector_field,feedforward,False,planned at limit,2000,0.19180092697108203
fixed_wing,vector_field,feedforward,False,planned at limit,2000,0.0879937501732556
fixed_wing,vector_field,feedforward,False,limit respected,2000,0.06659497055516451
fixed_wing,vector_field,feedforward,False,vehicle 20% weaker,2000,0.2507892090742172
fixed_wing,vector_field,feedforward,False,limit respected,2000,0.0994339627694219
fixed_wing,vector_field,feedforward,False,vehicle 20% weaker,2000,0.06623410185098635
fixed_wing,vector_field,feedforward,False,planned at limit,2001,0.16981333585869474
fixed_wing,vector_field,feedforward,False,planned at limit,2001,0.2858310403594061
fixed_wing,vector_field,feedforward,False,limit respected,2001,0.08502746244134501
fixed_wing,vector_field,feedforward,False,vehicle 20% weaker,2001,0.10770705654689693
fixed_wing,vector_field,feedforward,False,limit respected,2001,0.07112876919413844
fixed_wing,vector_field,feedforward,False,vehicle 20% weaker,2001,0.07109505928306195
fixed_wing,vector_field,feedforward,False,planned at limit,2001,0.09496842095390318
fixed_wing,vector_field,feedforward,False,planned at limit,2001,0.5115204214708744
fixed_wing,vector_field,feedforward,False,limit respected,2001,0.07904554693765126
fixed_wing,vector_field,feedforward,False,vehicle 20% weaker,2001,0.12862374511646377
fixed_wing,vector_field,feedforward,False,limit respected,2001,0.06258324577146436
fixed_wing,vector_field,feedforward,False,vehicle 20% weaker,2001,0.07825450699012343
fixed_wing,vector_field,feedforward,False,planned at limit,2001,0.48520674593528623
fixed_wing,vector_field,feedforward,False,planned at limit,2001,0.11494450065515784
fixed_wing,vector_field,feedforward,False,limit respected,2001,0.07539136781208186
fixed_wing,vector_field,feedforward,False,vehicle 20% weaker,2001,0.13569681753052187
fixed_wing,vector_field,feedforward,False,limit respected,2001,0.1216385739992588
fixed_wing,vector_field,feedforward,False,vehicle 20% weaker,2001,0.06343191588832561
fixed_wing,vector_field,feedforward,False,planned at limit,2002,0.2013298683725302
fixed_wing,vector_field,feedforward,False,planned at limit,2002,0.3360661718752076
fixed_wing,vector_field,feedforward,False,limit respected,2002,0.09702993378136426
fixed_wing,vector_field,feedforward,False,vehicle 20% weaker,2002,0.12537079711980398
fixed_wing,vector_field,feedforward,False,limit respected,2002,0.08071611166477612
fixed_wing,vector_field,feedforward,False,vehicle 20% weaker,2002,0.08077320810263883
fixed_wing,vector_field,feedforward,False,planned at limit,2002,0.36779986664999753
fixed_wing,vector_field,feedforward,False,planned at limit,2002,0.510532706253759
fixed_wing,vector_field,feedforward,False,limit respected,2002,0.08768090236399678
fixed_wing,vector_field,feedforward,False,vehicle 20% weaker,2002,0.20576790693676084
fixed_wing,vector_field,feedforward,False,limit respected,2002,0.09250078152755115
fixed_wing,vector_field,feedforward,False,vehicle 20% weaker,2002,0.11802585225481663
fixed_wing,vector_field,feedforward,False,planned at limit,2002,0.5040737969777522
fixed_wing,vector_field,feedforward,False,planned at limit,2002,0.3734460698461963
fixed_wing,vector_field,feedforward,False,limit respected,2002,0.08747532203146954
fixed_wing,vector_field,feedforward,False,vehicle 20% weaker,2002,0.553990868784134
fixed_wing,vector_field,feedforward,False,limit respected,2002,0.07906389486269016
fixed_wing,vector_field,feedforward,False,vehicle 20% weaker,2002,0.17846534693115199
fixed_wing,vector_field,feedforward,False,planned at limit,2003,0.20374054855221432
fixed_wing,vector_field,feedforward,False,planned at limit,2003,0.34980635782030595
fixed_wing,vector_field,feedforward,False,limit respected,2003,0.10099358517200682
fixed_wing,vector_field,feedforward,False,vehicle 20% weaker,2003,0.12908137845528098
fixed_wing,vector_field,feedforward,False,limit respected,2003,0.08474736266338082
fixed_wing,vector_field,feedforward,False,vehicle 20% weaker,2003,0.08475310726330591
fixed_wing,vector_field,feedforward,False,planned at limit,2003,0.2929898931754672
fixed_wing,vector_field,feedforward,False,planned at limit,2003,0.20504479701745065
fixed_wing,vector_field,feedforward,False,limit respected,2003,0.08723334922492212
fixed_wing,vector_field,feedforward,False,vehicle 20% weaker,2003,0.17686328762753234
fixed_wing,vector_field,feedforward,False,limit respected,2003,0.10145978328058079
fixed_wing,vector_field,feedforward,False,vehicle 20% weaker,2003,0.12533131989542315
fixed_wing,vector_field,feedforward,False,planned at limit,2003,0.10809522018928572
fixed_wing,vector_field,feedforward,False,planned at limit,2003,0.1352247811670962
fixed_wing,vector_field,feedforward,False,limit respected,2003,0.11879327711928517
fixed_wing,vector_field,feedforward,False,vehicle 20% weaker,2003,0.09350272392317988
fixed_wing,vector_field,feedforward,False,limit respected,2003,0.15837886020430092
fixed_wing,vector_field,feedforward,False,vehicle 20% weaker,2003,0.42283897044831953
fixed_wing,vector_field,feedforward,False,planned at limit,2004,0.16169319922821673
fixed_wing,vector_field,feedforward,False,planned at limit,2004,0.2686510667147474
fixed_wing,vector_field,feedforward,False,limit respected,2004,0.08185863373311353
fixed_wing,vector_field,feedforward,False,vehicle 20% weaker,2004,0.10267627027696602
fixed_wing,vector_field,feedforward,False,limit respected,2004,0.06887668977460554
fixed_wing,vector_field,feedforward,False,vehicle 20% weaker,2004,0.06890240976686468
fixed_wing,vector_field,feedforward,False,planned at limit,2004,0.29256235770136585
fixed_wing,vector_field,feedforward,False,planned at limit,2004,0.4803289211835112
fixed_wing,vector_field,feedforward,False,limit respected,2004,0.16506181830056804
fixed_wing,vector_field,feedforward,False,vehicle 20% weaker,2004,0.1370582982494658
fixed_wing,vector_field,feedforward,False,limit respected,2004,0.07638755971830208
fixed_wing,vector_field,feedforward,False,vehicle 20% weaker,2004,0.09231139445666427
fixed_wing,vector_field,feedforward,False,planned at limit,2004,0.08444352765907173
fixed_wing,vector_field,feedforward,False,planned at limit,2004,0.2873275272042627
fixed_wing,vector_field,feedforward,False,limit respected,2004,0.07275160658503771
fixed_wing,vector_field,feedforward,False,vehicle 20% weaker,2004,0.7160400093849335
fixed_wing,vector_field,feedforward,False,limit respected,2004,0.0841261254865678
fixed_wing,vector_field,feedforward,False,vehicle 20% weaker,2004,0.06910806873783298
fixed_wing,vector_field,feedforward,False,planned at limit,2005,0.1556891527117944
fixed_wing,vector_field,feedforward,False,planned at limit,2005,0.24305708301715354
fixed_wing,vector_field,feedforward,False,limit respected,2005,0.07962482846801941
fixed_wing,vector_field,feedforward,False,vehicle 20% weaker,2005,0.10033336379134636
fixed_wing,vector_field,feedforward,False,limit respected,2005,0.06634010936916941
fixed_wing,vector_field,feedforward,False,vehicle 20% weaker,2005,0.0663576908371414
fixed_wing,vector_field,feedforward,False,planned at limit,2005,0.1073887988042465
fixed_wing,vector_field,feedforward,False,planned at limit,2005,0.26276994159603395
fixed_wing,vector_field,feedforward,False,limit respected,2005,0.09139623602461099
fixed_wing,vector_field,feedforward,False,vehicle 20% weaker,2005,0.1805648240950743
fixed_wing,vector_field,feedforward,False,limit respected,2005,0.07633432706757379
fixed_wing,vector_field,feedforward,False,vehicle 20% weaker,2005,0.10897245624965798
fixed_wing,vector_field,feedforward,False,planned at limit,2005,0.27790134862182325
fixed_wing,vector_field,feedforward,False,planned at limit,2005,0.07728002175837743
fixed_wing,vector_field,feedforward,False,limit respected,2005,0.07755002546558187
fixed_wing,vector_field,feedforward,False,vehicle 20% weaker,2005,0.5136335148784857
fixed_wing,vector_field,feedforward,False,limit respected,2005,0.09997834102869704
fixed_wing,vector_field,feedforward,False,vehicle 20% weaker,2005,0.09314085917847792
fixed_wing,l1,lookahead_time,1.0,planned at limit,2000,0.036769334486597416
fixed_wing,l1,lookahead_time,1.0,planned at limit,2000,0.13597193140132197
fixed_wing,l1,lookahead_time,1.0,limit respected,2000,0.00697394252974643
fixed_wing,l1,lookahead_time,1.0,vehicle 20% weaker,2000,0.00795695116090806
fixed_wing,l1,lookahead_time,1.0,limit respected,2000,0.00622920186947056
fixed_wing,l1,lookahead_time,1.0,vehicle 20% weaker,2000,0.006269858407462399
fixed_wing,l1,lookahead_time,1.0,planned at limit,2000,0.13242827256583606
fixed_wing,l1,lookahead_time,1.0,planned at limit,2000,0.11135118380077282
fixed_wing,l1,lookahead_time,1.0,limit respected,2000,0.011931049908299195
fixed_wing,l1,lookahead_time,1.0,vehicle 20% weaker,2000,0.02125046400220077
fixed_wing,l1,lookahead_time,1.0,limit respected,2000,0.012168915062250615
fixed_wing,l1,lookahead_time,1.0,vehicle 20% weaker,2000,0.01978649172951115
fixed_wing,l1,lookahead_time,1.0,planned at limit,2000,0.09796002531671485
fixed_wing,l1,lookahead_time,1.0,planned at limit,2000,0.01856878676411539
fixed_wing,l1,lookahead_time,1.0,limit respected,2000,0.019488843402951407
fixed_wing,l1,lookahead_time,1.0,vehicle 20% weaker,2000,0.12642317441530843
fixed_wing,l1,lookahead_time,1.0,limit respected,2000,0.025126232848959366
fixed_wing,l1,lookahead_time,1.0,vehicle 20% weaker,2000,0.02396584206648054
fixed_wing,l1,lookahead_time,1.0,planned at limit,2001,0.038806996845546594
fixed_wing,l1,lookahead_time,1.0,planned at limit,2001,0.1487185301280409
fixed_wing,l1,lookahead_time,1.0,limit respected,2001,0.007426933238402866
fixed_wing,l1,lookahead_time,1.0,vehicle 20% weaker,2001,0.008133594719982798
fixed_wing,l1,lookahead_time,1.0,limit respected,2001,0.006379022937793818
fixed_wing,l1,lookahead_time,1.0,vehicle 20% weaker,2001,0.006303886794781681
fixed_wing,l1,lookahead_time,1.0,planned at limit,2001,0.01232626463850786
fixed_wing,l1,lookahead_time,1.0,planned at limit,2001,0.4373534769017976
fixed_wing,l1,lookahead_time,1.0,limit respected,2001,0.012111325149581444
fixed_wing,l1,lookahead_time,1.0,vehicle 20% weaker,2001,0.018439653464940683
fixed_wing,l1,lookahead_time,1.0,limit respected,2001,0.01078896170367554
fixed_wing,l1,lookahead_time,1.0,vehicle 20% weaker,2001,0.011057612321404262
fixed_wing,l1,lookahead_time,1.0,planned at limit,2001,0.3809180898252641
fixed_wing,l1,lookahead_time,1.0,planned at limit,2001,0.04245353691034937
fixed_wing,l1,lookahead_time,1.0,limit respected,2001,0.016023926596268626
fixed_wing,l1,lookahead_time,1.0,vehicle 20% weaker,2001,0.043946068724736206
fixed_wing,l1,lookahead_time,1.0,limit respected,2001,0.034083611174919176
fixed_wing,l1,lookahead_time,1.0,vehicle 20% weaker,2001,0.018697168814012642
fixed_wing,l1,lookahead_time,1.0,planned at limit,2002,0.04522156668715753
fixed_wing,l1,lookahead_time,1.0,planned at limit,2002,0.17021016999582012
fixed_wing,l1,lookahead_time,1.0,limit respected,2002,0.0069993598915640415
fixed_wing,l1,lookahead_time,1.0,vehicle 20% weaker,2002,0.008422669701058573
fixed_wing,l1,lookahead_time,1.0,limit respected,2002,0.00592632331887326
fixed_wing,l1,lookahead_time,1.0,vehicle 20% weaker,2002,0.005904174415713382
fixed_wing,l1,lookahead_time,1.0,planned at limit,2002,0.20922633925135742
fixed_wing,l1,lookahead_time,1.0,planned at limit,2002,0.31396708285204816
fixed_wing,l1,lookahead_time,1.0,limit respected,2002,0.011467814793692025
fixed_wing,l1,lookahead_time,1.0,vehicle 20% weaker,2002,0.0552295598263778
fixed_wing,l1,lookahead_time,1.0,limit respected,2002,0.01034765345150897
fixed_wing,l1,lookahead_time,1.0,vehicle 20% weaker,2002,0.017579314788225532
fixed_wing,l1,lookahead_time,1.0,planned at limit,2002,0.42967513929009404
fixed_wing,l1,lookahead_time,1.0,planned at limit,2002,0.27959119207369
fixed_wing,l1,lookahead_time,1.0,limit respected,2002,0.021289132934989297
fixed_wing,l1,lookahead_time,1.0,vehicle 20% weaker,2002,0.2989590583858367
fixed_wing,l1,lookahead_time,1.0,limit respected,2002,0.016998403537928353
fixed_wing,l1,lookahead_time,1.0,vehicle 20% weaker,2002,0.061821187702278624
fixed_wing,l1,lookahead_time,1.0,planned at limit,2003,0.0455103449013104
fixed_wing,l1,lookahead_time,1.0,planned at limit,2003,0.18529131751808292
fixed_wing,l1,lookahead_time,1.0,limit respected,2003,0.007060922471834149
fixed_wing,l1,lookahead_time,1.0,vehicle 20% weaker,2003,0.008683124420104323
fixed_wing,l1,lookahead_time,1.0,limit respected,2003,0.0059867790806069935
fixed_wing,l1,lookahead_time,1.0,vehicle 20% weaker,2003,0.006039867808017156
fixed_wing,l1,lookahead_time,1.0,planned at limit,2003,0.12610914147060576
fixed_wing,l1,lookahead_time,1.0,planned at limit,2003,0.05309618640382938
fixed_wing,l1,lookahead_time,1.0,limit respected,2003,0.008922214407555244
fixed_wing,l1,lookahead_time,1.0,vehicle 20% weaker,2003,0.06366416191398856
fixed_wing,l1,lookahead_time,1.0,limit respected,2003,0.010245099691628748
fixed_wing,l1,lookahead_time,1.0,vehicle 20% weaker,2003,0.012788840371615248
fixed_wing,l1,lookahead_time,1.0,planned at limit,2003,0.020196899854826155
fixed_wing,l1,lookahead_time,1.0,planned at limit,2003,0.090756744156089
fixed_wing,l1,lookahead_time,1.0,limit respected,2003,0.025057838325062795
fixed_wing,l1,lookahead_time,1.0,vehicle 20% weaker,2003,0.024862610135454807
fixed_wing,l1,lookahead_time,1.0,limit respected,2003,0.038226350959894656
fixed_wing,l1,lookahead_time,1.0,vehicle 20% weaker,2003,0.21913813456623785
fixed_wing,l1,lookahead_time,1.0,planned at limit,2004,0.03689777895068614
fixed_wing,l1,lookahead_time,1.0,planned at limit,2004,0.13809859457313053
fixed_wing,l1,lookahead_time,1.0,limit respected,2004,0.006937242077868921
fixed_wing,l1,lookahead_time,1.0,vehicle 20% weaker,2004,0.00820252939786621
fixed_wing,l1,lookahead_time,1.0,limit respected,2004,0.00619396510472046
fixed_wing,l1,lookahead_time,1.0,vehicle 20% weaker,2004,0.006137144349757441
fixed_wing,l1,lookahead_time,1.0,planned at limit,2004,0.13341552246149305
fixed_wing,l1,lookahead_time,1.0,planned at limit,2004,0.322600209017602
fixed_wing,l1,lookahead_time,1.0,limit respected,2004,0.027096104351840646
fixed_wing,l1,lookahead_time,1.0,vehicle 20% weaker,2004,0.02958994925287295
fixed_wing,l1,lookahead_time,1.0,limit respected,2004,0.011035997829937923
fixed_wing,l1,lookahead_time,1.0,vehicle 20% weaker,2004,0.012837360421109782
fixed_wing,l1,lookahead_time,1.0,planned at limit,2004,0.01878356294736124
fixed_wing,l1,lookahead_time,1.0,planned at limit,2004,0.15589061467730844
fixed_wing,l1,lookahead_time,1.0,limit respected,2004,0.018397428550194106
fixed_wing,l1,lookahead_time,1.0,vehicle 20% weaker,2004,0.6880132452609051
fixed_wing,l1,lookahead_time,1.0,limit respected,2004,0.019423903226234444
fixed_wing,l1,lookahead_time,1.0,vehicle 20% weaker,2004,0.02141875080956357
fixed_wing,l1,lookahead_time,1.0,planned at limit,2005,0.03451979254668663
fixed_wing,l1,lookahead_time,1.0,planned at limit,2005,0.11511662554173305
fixed_wing,l1,lookahead_time,1.0,limit respected,2005,0.007097565521206046
fixed_wing,l1,lookahead_time,1.0,vehicle 20% weaker,2005,0.008310516515104642
fixed_wing,l1,lookahead_time,1.0,limit respected,2005,0.005797182572602335
fixed_wing,l1,lookahead_time,1.0,vehicle 20% weaker,2005,0.005785998953111004
fixed_wing,l1,lookahead_time,1.0,planned at limit,2005,0.012381031561625854
fixed_wing,l1,lookahead_time,1.0,planned at limit,2005,0.1377052120852013
fixed_wing,l1,lookahead_time,1.0,limit respected,2005,0.016538851252257805
fixed_wing,l1,lookahead_time,1.0,vehicle 20% weaker,2005,0.02983182498107026
fixed_wing,l1,lookahead_time,1.0,limit respected,2005,0.01092235309436957
fixed_wing,l1,lookahead_time,1.0,vehicle 20% weaker,2005,0.0336612730364752
fixed_wing,l1,lookahead_time,1.0,planned at limit,2005,0.1379272718315399
fixed_wing,l1,lookahead_time,1.0,planned at limit,2005,0.017412372871674502
fixed_wing,l1,lookahead_time,1.0,limit respected,2005,0.024309045748097766
fixed_wing,l1,lookahead_time,1.0,vehicle 20% weaker,2005,0.40133428051161235
fixed_wing,l1,lookahead_time,1.0,limit respected,2005,0.01915554763746692
fixed_wing,l1,lookahead_time,1.0,vehicle 20% weaker,2005,0.05119731122431345
fixed_wing,l1,lookahead_time,1.75,planned at limit,2000,0.024600992597418093
fixed_wing,l1,lookahead_time,1.75,planned at limit,2000,0.09816667574091023
fixed_wing,l1,lookahead_time,1.75,limit respected,2000,0.010694852852200579
fixed_wing,l1,lookahead_time,1.75,vehicle 20% weaker,2000,0.010632741612119499
fixed_wing,l1,lookahead_time,1.75,limit respected,2000,0.008244934913232409
fixed_wing,l1,lookahead_time,1.75,vehicle 20% weaker,2000,0.008232468710733834
fixed_wing,l1,lookahead_time,1.75,planned at limit,2000,0.10308416723477862
fixed_wing,l1,lookahead_time,1.75,planned at limit,2000,0.056115052649383976
fixed_wing,l1,lookahead_time,1.75,limit respected,2000,0.017168809384020753
fixed_wing,l1,lookahead_time,1.75,vehicle 20% weaker,2000,0.01985257849030328
fixed_wing,l1,lookahead_time,1.75,limit respected,2000,0.016474046713294173
fixed_wing,l1,lookahead_time,1.75,vehicle 20% weaker,2000,0.01452864721640514
fixed_wing,l1,lookahead_time,1.75,planned at limit,2000,0.07693607318905807
fixed_wing,l1,lookahead_time,1.75,planned at limit,2000,0.03360185155283166
fixed_wing,l1,lookahead_time,1.75,limit respected,2000,0.0316096621513736
fixed_wing,l1,lookahead_time,1.75,vehicle 20% weaker,2000,0.10475716136734431
fixed_wing,l1,lookahead_time,1.75,limit respected,2000,0.024360756804580268
fixed_wing,l1,lookahead_time,1.75,vehicle 20% weaker,2000,0.030142892782294217
fixed_wing,l1,lookahead_time,1.75,planned at limit,2001,0.026337035041639582
fixed_wing,l1,lookahead_time,1.75,planned at limit,2001,0.10984150864301997
fixed_wing,l1,lookahead_time,1.75,limit respected,2001,0.011322149607638804
fixed_wing,l1,lookahead_time,1.75,vehicle 20% weaker,2001,0.011325108848694723
fixed_wing,l1,lookahead_time,1.75,limit respected,2001,0.008538627367732013
fixed_wing,l1,lookahead_time,1.75,vehicle 20% weaker,2001,0.008581584937545182
fixed_wing,l1,lookahead_time,1.75,planned at limit,2001,0.018546476288253632
fixed_wing,l1,lookahead_time,1.75,planned at limit,2001,0.3023288630580496
fixed_wing,l1,lookahead_time,1.75,limit respected,2001,0.01923436687290149
fixed_wing,l1,lookahead_time,1.75,vehicle 20% weaker,2001,0.017939288213160078
fixed_wing,l1,lookahead_time,1.75,limit respected,2001,0.013533805739783345
fixed_wing,l1,lookahead_time,1.75,vehicle 20% weaker,2001,0.014735229666423315
fixed_wing,l1,lookahead_time,1.75,planned at limit,2001,0.3252894219449647
fixed_wing,l1,lookahead_time,1.75,planned at limit,2001,0.033818475382456956
fixed_wing,l1,lookahead_time,1.75,limit respected,2001,0.030242494823706893
fixed_wing,l1,lookahead_time,1.75,vehicle 20% weaker,2001,0.03463999181257535
fixed_wing,l1,lookahead_time,1.75,limit respected,2001,0.034072348817709215
fixed_wing,l1,lookahead_time,1.75,vehicle 20% weaker,2001,0.030888870233527987
fixed_wing,l1,lookahead_time,1.75,planned at limit,2002,0.02902595794871764
fixed_wing,l1,lookahead_time,1.75,planned at limit,2002,0.11826180161616928
fixed_wing,l1,lookahead_time,1.75,limit respected,2002,0.010554796327338597
fixed_wing,l1,lookahead_time,1.75,vehicle 20% weaker,2002,0.010438466586035899
fixed_wing,l1,lookahead_time,1.75,limit respected,2002,0.008252364759687247
fixed_wing,l1,lookahead_time,1.75,vehicle 20% weaker,2002,0.008287630716336461
fixed_wing,l1,lookahead_time,1.75,planned at limit,2002,0.14160753459309466
fixed_wing,l1,lookahead_time,1.75,planned at limit,2002,0.21418850422104935
fixed_wing,l1,lookahead_time,1.75,limit respected,2002,0.01669593159485288
fixed_wing,l1,lookahead_time,1.75,vehicle 20% weaker,2002,0.04208489770476896
fixed_wing,l1,lookahead_time,1.75,limit respected,2002,0.01551691143797315
fixed_wing,l1,lookahead_time,1.75,vehicle 20% weaker,2002,0.019286797244620586
fixed_wing,l1,lookahead_time,1.75,planned at limit,2002,0.27875269193157076
fixed_wing,l1,lookahead_time,1.75,planned at limit,2002,0.17114644852094163
fixed_wing,l1,lookahead_time,1.75,limit respected,2002,0.03386412051117635
fixed_wing,l1,lookahead_time,1.75,vehicle 20% weaker,2002,0.1859735936711595
fixed_wing,l1,lookahead_time,1.75,limit respected,2002,0.026356099456844514
fixed_wing,l1,lookahead_time,1.75,vehicle 20% weaker,2002,0.044413985439287276
fixed_wing,l1,lookahead_time,1.75,planned at limit,2003,0.031036006305102334
fixed_wing,l1,lookahead_time,1.75,planned at limit,2003,0.13769470199486267
fixed_wing,l1,lookahead_time,1.75,limit respected,2003,0.011745025276221312
fixed_wing,l1,lookahead_time,1.75,vehicle 20% weaker,2003,0.011680491502329604
fixed_wing,l1,lookahead_time,1.75,limit respected,2003,0.008513839477117481
fixed_wing,l1,lookahead_time,1.75,vehicle 20% weaker,2003,0.008578222538298128
fixed_wing,l1,lookahead_time,1.75,planned at limit,2003,0.11441619219098301
fixed_wing,l1,lookahead_time,1.75,planned at limit,2003,0.04366881229578966
fixed_wing,l1,lookahead_time,1.75,limit respected,2003,0.015539275655088818
fixed_wing,l1,lookahead_time,1.75,vehicle 20% weaker,2003,0.0730423479534133
fixed_wing,l1,lookahead_time,1.75,limit respected,2003,0.01620261821915127
fixed_wing,l1,lookahead_time,1.75,vehicle 20% weaker,2003,0.01916574910295909
fixed_wing,l1,lookahead_time,1.75,planned at limit,2003,0.03102359415095299
fixed_wing,l1,lookahead_time,1.75,planned at limit,2003,0.03646422670630757
fixed_wing,l1,lookahead_time,1.75,limit respected,2003,0.02693590524326859
fixed_wing,l1,lookahead_time,1.75,vehicle 20% weaker,2003,0.02887393014028647
fixed_wing,l1,lookahead_time,1.75,limit respected,2003,0.02661752819490824
fixed_wing,l1,lookahead_time,1.75,vehicle 20% weaker,2003,0.10008057595367303
fixed_wing,l1,lookahead_time,1.75,planned at limit,2004,0.02522962806259211
fixed_wing,l1,lookahead_time,1.75,planned at limit,2004,0.10097320467800425
fixed_wing,l1,lookahead_time,1.75,limit respected,2004,0.011248549364542032
fixed_wing,l1,lookahead_time,1.75,vehicle 20% weaker,2004,0.011299136890475237
fixed_wing,l1,lookahead_time,1.75,limit respected,2004,0.00872085805969446
fixed_wing,l1,lookahead_time,1.75,vehicle 20% weaker,2004,0.008769916066225176
fixed_wing,l1,lookahead_time,1.75,planned at limit,2004,0.10777114648015726
fixed_wing,l1,lookahead_time,1.75,planned at limit,2004,0.2644163454380544
fixed_wing,l1,lookahead_time,1.75,limit respected,2004,0.021879382446902497
fixed_wing,l1,lookahead_time,1.75,vehicle 20% weaker,2004,0.03153156544559375
fixed_wing,l1,lookahead_time,1.75,limit respected,2004,0.017292234925720962
fixed_wing,l1,lookahead_time,1.75,vehicle 20% weaker,2004,0.01662815924137691
fixed_wing,l1,lookahead_time,1.75,planned at limit,2004,0.03235190442695843
fixed_wing,l1,lookahead_time,1.75,planned at limit,2004,0.1225834715581761
fixed_wing,l1,lookahead_time,1.75,limit respected,2004,0.031273143465254324
fixed_wing,l1,lookahead_time,1.75,vehicle 20% weaker,2004,0.5313465566945335
fixed_wing,l1,lookahead_time,1.75,limit respected,2004,0.03131625053945105
fixed_wing,l1,lookahead_time,1.75,vehicle 20% weaker,2004,0.031152920500939377
fixed_wing,l1,lookahead_time,1.75,planned at limit,2005,0.02273823461890312
fixed_wing,l1,lookahead_time,1.75,planned at limit,2005,0.0792516059341138
fixed_wing,l1,lookahead_time,1.75,limit respected,2005,0.011188340882052606
fixed_wing,l1,lookahead_time,1.75,vehicle 20% weaker,2005,0.011222017404012411
fixed_wing,l1,lookahead_time,1.75,limit respected,2005,0.008916709161789728
fixed_wing,l1,lookahead_time,1.75,vehicle 20% weaker,2005,0.008973622043726105
fixed_wing,l1,lookahead_time,1.75,planned at limit,2005,0.0181700698211164
fixed_wing,l1,lookahead_time,1.75,planned at limit,2005,0.11679995757127468
fixed_wing,l1,lookahead_time,1.75,limit respected,2005,0.019810461756496166
fixed_wing,l1,lookahead_time,1.75,vehicle 20% weaker,2005,0.02367145623783267
fixed_wing,l1,lookahead_time,1.75,limit respected,2005,0.016795702519948972
fixed_wing,l1,lookahead_time,1.75,vehicle 20% weaker,2005,0.025310278896768398
fixed_wing,l1,lookahead_time,1.75,planned at limit,2005,0.08327003344568225
fixed_wing,l1,lookahead_time,1.75,planned at limit,2005,0.024707234937357207
fixed_wing,l1,lookahead_time,1.75,limit respected,2005,0.030277918939632848
fixed_wing,l1,lookahead_time,1.75,vehicle 20% weaker,2005,0.23969995046450143
fixed_wing,l1,lookahead_time,1.75,limit respected,2005,0.03242668555648938
fixed_wing,l1,lookahead_time,1.75,vehicle 20% weaker,2005,0.027441190483223063
fixed_wing,l1,lookahead_time,2.5,planned at limit,2000,0.03252559421663838
fixed_wing,l1,lookahead_time,2.5,planned at limit,2000,0.07112419134571793
fixed_wing,l1,lookahead_time,2.5,limit respected,2000,0.022138666802387696
fixed_wing,l1,lookahead_time,2.5,vehicle 20% weaker,2000,0.0221254998600054
fixed_wing,l1,lookahead_time,2.5,limit respected,2000,0.017619777257399848
fixed_wing,l1,lookahead_time,2.5,vehicle 20% weaker,2000,0.01763377672889649
fixed_wing,l1,lookahead_time,2.5,planned at limit,2000,0.0777729814758733
fixed_wing,l1,lookahead_time,2.5,planned at limit,2000,0.03887092239911619
fixed_wing,l1,lookahead_time,2.5,limit respected,2000,0.030535948382789172
fixed_wing,l1,lookahead_time,2.5,vehicle 20% weaker,2000,0.03208225297758556
fixed_wing,l1,lookahead_time,2.5,limit respected,2000,0.021996809853479876
fixed_wing,l1,lookahead_time,2.5,vehicle 20% weaker,2000,0.02329255419613609
fixed_wing,l1,lookahead_time,2.5,planned at limit,2000,0.05378584059721547
fixed_wing,l1,lookahead_time,2.5,planned at limit,2000,0.04930529207295716
fixed_wing,l1,lookahead_time,2.5,limit respected,2000,0.043814943341112376
fixed_wing,l1,lookahead_time,2.5,vehicle 20% weaker,2000,0.08686999258794492
fixed_wing,l1,lookahead_time,2.5,limit respected,2000,0.03791884313072671
fixed_wing,l1,lookahead_time,2.5,vehicle 20% weaker,2000,0.042040141669172006
fixed_wing,l1,lookahead_time,2.5,planned at limit,2001,0.035391482851775596
fixed_wing,l1,lookahead_time,2.5,planned at limit,2001,0.0826501044944381
fixed_wing,l1,lookahead_time,2.5,limit respected,2001,0.023820793504364828
fixed_wing,l1,lookahead_time,2.5,vehicle 20% weaker,2001,0.023840533390130526
fixed_wing,l1,lookahead_time,2.5,limit respected,2001,0.018668677434367748
fixed_wing,l1,lookahead_time,2.5,vehicle 20% weaker,2001,0.018710571663833442
fixed_wing,l1,lookahead_time,2.5,planned at limit,2001,0.036627012494889324
fixed_wing,l1,lookahead_time,2.5,planned at limit,2001,0.2617520905359393
fixed_wing,l1,lookahead_time,2.5,limit respected,2001,0.03222486936452398
fixed_wing,l1,lookahead_time,2.5,vehicle 20% weaker,2001,0.032890099166102985
fixed_wing,l1,lookahead_time,2.5,limit respected,2001,0.022769057477367752
fixed_wing,l1,lookahead_time,2.5,vehicle 20% weaker,2001,0.023599859769610456
fixed_wing,l1,lookahead_time,2.5,planned at limit,2001,0.27463422941499394
fixed_wing,l1,lookahead_time,2.5,planned at limit,2001,0.05077701703680182
fixed_wing,l1,lookahead_time,2.5,limit respected,2001,0.049771928189166856
fixed_wing,l1,lookahead_time,2.5,vehicle 20% weaker,2001,0.05548036928810966
fixed_wing,l1,lookahead_time,2.5,limit respected,2001,0.056642266643414374
fixed_wing,l1,lookahead_time,2.5,vehicle 20% weaker,2001,0.04234500988735075
fixed_wing,l1,lookahead_time,2.5,planned at limit,2002,0.04023230098343192
fixed_wing,l1,lookahead_time,2.5,planned at limit,2002,0.08502457977618513
fixed_wing,l1,lookahead_time,2.5,limit respected,2002,0.026704154978360435
fixed_wing,l1,lookahead_time,2.5,vehicle 20% weaker,2002,0.026720561539178372
fixed_wing,l1,lookahead_time,2.5,limit respected,2002,0.01975333578619378
fixed_wing,l1,lookahead_time,2.5,vehicle 20% weaker,2002,0.019745173333501016
fixed_wing,l1,lookahead_time,2.5,planned at limit,2002,0.10842836914166074
fixed_wing,l1,lookahead_time,2.5,planned at limit,2002,0.15000036278689352
fixed_wing,l1,lookahead_time,2.5,limit respected,2002,0.029730562455221245
fixed_wing,l1,lookahead_time,2.5,vehicle 20% weaker,2002,0.04173968368518422
fixed_wing,l1,lookahead_time,2.5,limit respected,2002,0.027516235864505093
fixed_wing,l1,lookahead_time,2.5,vehicle 20% weaker,2002,0.03161871522020372
fixed_wing,l1,lookahead_time,2.5,planned at limit,2002,0.22424464357662827
fixed_wing,l1,lookahead_time,2.5,planned at limit,2002,0.12558301624690615
fixed_wing,l1,lookahead_time,2.5,limit respected,2002,0.05203647562635587
fixed_wing,l1,lookahead_time,2.5,vehicle 20% weaker,2002,0.18672652007286464
fixed_wing,l1,lookahead_time,2.5,limit respected,2002,0.03929976093167556
fixed_wing,l1,lookahead_time,2.5,vehicle 20% weaker,2002,0.05701352437305519
fixed_wing,l1,lookahead_time,2.5,planned at limit,2003,0.042980196290633356
fixed_wing,l1,lookahead_time,2.5,planned at limit,2003,0.10668098459593504
fixed_wing,l1,lookahead_time,2.5,limit respected,2003,0.027739250832427995
fixed_wing,l1,lookahead_time,2.5,vehicle 20% weaker,2003,0.027777261154379077
fixed_wing,l1,lookahead_time,2.5,limit respected,2003,0.020915386445187735
fixed_wing,l1,lookahead_time,2.5,vehicle 20% weaker,2003,0.020963096574637324
fixed_wing,l1,lookahead_time,2.5,planned at limit,2003,0.10651328464441182
fixed_wing,l1,lookahead_time,2.5,planned at limit,2003,0.03766804034915255
fixed_wing,l1,lookahead_time,2.5,limit respected,2003,0.03112926411919341
fixed_wing,l1,lookahead_time,2.5,vehicle 20% weaker,2003,0.07465150240176596
fixed_wing,l1,lookahead_time,2.5,limit respected,2003,0.03299692731611938
fixed_wing,l1,lookahead_time,2.5,vehicle 20% weaker,2003,0.040340412077105946
fixed_wing,l1,lookahead_time,2.5,planned at limit,2003,0.054737220345128415
fixed_wing,l1,lookahead_time,2.5,planned at limit,2003,0.0400694144749464
fixed_wing,l1,lookahead_time,2.5,limit respected,2003,0.040193714500680405
fixed_wing,l1,lookahead_time,2.5,vehicle 20% weaker,2003,0.04389971403591096
fixed_wing,l1,lookahead_time,2.5,limit respected,2003,0.04190944212094865
fixed_wing,l1,lookahead_time,2.5,vehicle 20% weaker,2003,0.08120617032623674
fixed_wing,l1,lookahead_time,2.5,planned at limit,2004,0.03341927529566248
fixed_wing,l1,lookahead_time,2.5,planned at limit,2004,0.07455429326342744
fixed_wing,l1,lookahead_time,2.5,limit respected,2004,0.022920181217691744
fixed_wing,l1,lookahead_time,2.5,vehicle 20% weaker,2004,0.022932818546888938
fixed_wing,l1,lookahead_time,2.5,limit respected,2004,0.01827247283399263
fixed_wing,l1,lookahead_time,2.5,vehicle 20% weaker,2004,0.01832547417832615
fixed_wing,l1,lookahead_time,2.5,planned at limit,2004,0.07431562878695719
fixed_wing,l1,lookahead_time,2.5,planned at limit,2004,0.22949510433514614
fixed_wing,l1,lookahead_time,2.5,limit respected,2004,0.033431909507973055
fixed_wing,l1,lookahead_time,2.5,vehicle 20% weaker,2004,0.03340746941805468
fixed_wing,l1,lookahead_time,2.5,limit respected,2004,0.03157252349660034
fixed_wing,l1,lookahead_time,2.5,vehicle 20% weaker,2004,0.02942548480356554
fixed_wing,l1,lookahead_time,2.5,planned at limit,2004,0.04403735410098887
fixed_wing,l1,lookahead_time,2.5,planned at limit,2004,0.10861068237007113
fixed_wing,l1,lookahead_time,2.5,limit respected,2004,0.049213796611011516
fixed_wing,l1,lookahead_time,2.5,vehicle 20% weaker,2004,0.4678035122357176
fixed_wing,l1,lookahead_time,2.5,limit respected,2004,0.048951787097270875
fixed_wing,l1,lookahead_time,2.5,vehicle 20% weaker,2004,0.04740644256579635
fixed_wing,l1,lookahead_time,2.5,planned at limit,2005,0.031597115308255916
fixed_wing,l1,lookahead_time,2.5,planned at limit,2005,0.05472263024657642
fixed_wing,l1,lookahead_time,2.5,limit respected,2005,0.022926228590596332
fixed_wing,l1,lookahead_time,2.5,vehicle 20% weaker,2005,0.022901808206720383
fixed_wing,l1,lookahead_time,2.5,limit respected,2005,0.017654832597687464
fixed_wing,l1,lookahead_time,2.5,vehicle 20% weaker,2005,0.017638869842387227
fixed_wing,l1,lookahead_time,2.5,planned at limit,2005,0.030084401703616627
fixed_wing,l1,lookahead_time,2.5,planned at limit,2005,0.09877506961113457
fixed_wing,l1,lookahead_time,2.5,limit respected,2005,0.036710020050373535
fixed_wing,l1,lookahead_time,2.5,vehicle 20% weaker,2005,0.031218079567986633
fixed_wing,l1,lookahead_time,2.5,limit respected,2005,0.029510181033427275
fixed_wing,l1,lookahead_time,2.5,vehicle 20% weaker,2005,0.028754246386302917
fixed_wing,l1,lookahead_time,2.5,planned at limit,2005,0.047364952527152865
fixed_wing,l1,lookahead_time,2.5,planned at limit,2005,0.04161259097908368
fixed_wing,l1,lookahead_time,2.5,limit respected,2005,0.0460283481975486
fixed_wing,l1,lookahead_time,2.5,vehicle 20% weaker,2005,0.18166298174122975
fixed_wing,l1,lookahead_time,2.5,limit respected,2005,0.05072937571431847
fixed_wing,l1,lookahead_time,2.5,vehicle 20% weaker,2005,0.04138279923509692
fixed_wing,l1,lookahead_time,3.5,planned at limit,2000,0.06748205198731844
fixed_wing,l1,lookahead_time,3.5,planned at limit,2000,0.06787208147853134
fixed_wing,l1,lookahead_time,3.5,limit respected,2000,0.05072604786580516
fixed_wing,l1,lookahead_time,3.5,vehicle 20% weaker,2000,0.050750721940692745
fixed_wing,l1,lookahead_time,3.5,limit respected,2000,0.04010813232952053
fixed_wing,l1,lookahead_time,3.5,vehicle 20% weaker,2000,0.040128963873273
fixed_wing,l1,lookahead_time,3.5,planned at limit,2000,0.0869075725089215
fixed_wing,l1,lookahead_time,3.5,planned at limit,2000,0.07479689935861117
fixed_wing,l1,lookahead_time,3.5,limit respected,2000,0.06741976276951181
fixed_wing,l1,lookahead_time,3.5,vehicle 20% weaker,2000,0.056202317562772136
fixed_wing,l1,lookahead_time,3.5,limit respected,2000,0.03648862874358296
fixed_wing,l1,lookahead_time,3.5,vehicle 20% weaker,2000,0.04488622099560921
fixed_wing,l1,lookahead_time,3.5,planned at limit,2000,0.09497032600985375
fixed_wing,l1,lookahead_time,3.5,planned at limit,2000,0.07277250321102399
fixed_wing,l1,lookahead_time,3.5,limit respected,2000,0.0715201374835062
fixed_wing,l1,lookahead_time,3.5,vehicle 20% weaker,2000,0.09582062071068509
fixed_wing,l1,lookahead_time,3.5,limit respected,2000,0.05631419023807285
fixed_wing,l1,lookahead_time,3.5,vehicle 20% weaker,2000,0.0707175786766931
fixed_wing,l1,lookahead_time,3.5,planned at limit,2001,0.07177869613382709
fixed_wing,l1,lookahead_time,3.5,planned at limit,2001,0.07441968525597312
fixed_wing,l1,lookahead_time,3.5,limit respected,2001,0.054791936734659125
fixed_wing,l1,lookahead_time,3.5,vehicle 20% weaker,2001,0.05474679069848737
fixed_wing,l1,lookahead_time,3.5,limit respected,2001,0.04313609982972534
fixed_wing,l1,lookahead_time,3.5,vehicle 20% weaker,2001,0.04315770730990409
fixed_wing,l1,lookahead_time,3.5,planned at limit,2001,0.07015291534973213
fixed_wing,l1,lookahead_time,3.5,planned at limit,2001,0.1910228392130362
fixed_wing,l1,lookahead_time,3.5,limit respected,2001,0.05743586987128091
fixed_wing,l1,lookahead_time,3.5,vehicle 20% weaker,2001,0.06073419053774689
fixed_wing,l1,lookahead_time,3.5,limit respected,2001,0.04340260782031025
fixed_wing,l1,lookahead_time,3.5,vehicle 20% weaker,2001,0.042984826822936875
fixed_wing,l1,lookahead_time,3.5,planned at limit,2001,0.22370050058628108
fixed_wing,l1,lookahead_time,3.5,planned at limit,2001,0.07956582687054209
fixed_wing,l1,lookahead_time,3.5,limit respected,2001,0.08026450345307856
fixed_wing,l1,lookahead_time,3.5,vehicle 20% weaker,2001,0.08499205682380544
fixed_wing,l1,lookahead_time,3.5,limit respected,2001,0.09478178723892065
fixed_wing,l1,lookahead_time,3.5,vehicle 20% weaker,2001,0.06010651947205023
fixed_wing,l1,lookahead_time,3.5,planned at limit,2002,0.08599723155198799
fixed_wing,l1,lookahead_time,3.5,planned at limit,2002,0.0864270222652966
fixed_wing,l1,lookahead_time,3.5,limit respected,2002,0.06447526050980933
fixed_wing,l1,lookahead_time,3.5,vehicle 20% weaker,2002,0.06447930182748815
fixed_wing,l1,lookahead_time,3.5,limit respected,2002,0.04981976206608324
fixed_wing,l1,lookahead_time,3.5,vehicle 20% weaker,2002,0.04983235722417696
fixed_wing,l1,lookahead_time,3.5,planned at limit,2002,0.11341224025858479
fixed_wing,l1,lookahead_time,3.5,planned at limit,2002,0.11385441013678335
fixed_wing,l1,lookahead_time,3.5,limit respected,2002,0.05878161407267685
fixed_wing,l1,lookahead_time,3.5,vehicle 20% weaker,2002,0.07352496463013053
fixed_wing,l1,lookahead_time,3.5,limit respected,2002,0.06013565131200689
fixed_wing,l1,lookahead_time,3.5,vehicle 20% weaker,2002,0.058707226091577455
fixed_wing,l1,lookahead_time,3.5,planned at limit,2002,0.1664996450544866
fixed_wing,l1,lookahead_time,3.5,planned at limit,2002,0.10974072755257797
fixed_wing,l1,lookahead_time,3.5,limit respected,2002,0.07038932057871194
fixed_wing,l1,lookahead_time,3.5,vehicle 20% weaker,2002,0.20352481286401475
fixed_wing,l1,lookahead_time,3.5,limit respected,2002,0.07443322384379761
fixed_wing,l1,lookahead_time,3.5,vehicle 20% weaker,2002,0.08036417703173099
fixed_wing,l1,lookahead_time,3.5,planned at limit,2003,0.08724234584793761
fixed_wing,l1,lookahead_time,3.5,planned at limit,2003,0.09881166363635191
fixed_wing,l1,lookahead_time,3.5,limit respected,2003,0.0663594077611649
fixed_wing,l1,lookahead_time,3.5,vehicle 20% weaker,2003,0.06632884417933413
fixed_wing,l1,lookahead_time,3.5,limit respected,2003,0.05137083888939662
fixed_wing,l1,lookahead_time,3.5,vehicle 20% weaker,2003,0.05134819094261031
fixed_wing,l1,lookahead_time,3.5,planned at limit,2003,0.1146276588383826
fixed_wing,l1,lookahead_time,3.5,planned at limit,2003,0.07682400946675322
fixed_wing,l1,lookahead_time,3.5,limit respected,2003,0.06713798318338297
fixed_wing,l1,lookahead_time,3.5,vehicle 20% weaker,2003,0.0872050302523859
fixed_wing,l1,lookahead_time,3.5,limit respected,2003,0.07185619998581672
fixed_wing,l1,lookahead_time,3.5,vehicle 20% weaker,2003,0.08472914553630068
fixed_wing,l1,lookahead_time,3.5,planned at limit,2003,0.09680524577867408
fixed_wing,l1,lookahead_time,3.5,planned at limit,2003,0.0720909225492102
fixed_wing,l1,lookahead_time,3.5,limit respected,2003,0.07828718549449613
fixed_wing,l1,lookahead_time,3.5,vehicle 20% weaker,2003,0.07011710328236143
fixed_wing,l1,lookahead_time,3.5,limit respected,2003,0.08662504594779855
fixed_wing,l1,lookahead_time,3.5,vehicle 20% weaker,2003,0.13744812865695996
fixed_wing,l1,lookahead_time,3.5,planned at limit,2004,0.06852183198087253
fixed_wing,l1,lookahead_time,3.5,planned at limit,2004,0.06901285310492022
fixed_wing,l1,lookahead_time,3.5,limit respected,2004,0.05219847955244582
fixed_wing,l1,lookahead_time,3.5,vehicle 20% weaker,2004,0.05219090482052162
fixed_wing,l1,lookahead_time,3.5,limit respected,2004,0.04176139065808765
fixed_wing,l1,lookahead_time,3.5,vehicle 20% weaker,2004,0.041781276619154
fixed_wing,l1,lookahead_time,3.5,planned at limit,2004,0.08582940327935751
fixed_wing,l1,lookahead_time,3.5,planned at limit,2004,0.16164370876409312
fixed_wing,l1,lookahead_time,3.5,limit respected,2004,0.07256047787674055
fixed_wing,l1,lookahead_time,3.5,vehicle 20% weaker,2004,0.057448624711547575
fixed_wing,l1,lookahead_time,3.5,limit respected,2004,0.05745552326703613
fixed_wing,l1,lookahead_time,3.5,vehicle 20% weaker,2004,0.05632901089968553
fixed_wing,l1,lookahead_time,3.5,planned at limit,2004,0.06981262693013707
fixed_wing,l1,lookahead_time,3.5,planned at limit,2004,0.09843548155219017
fixed_wing,l1,lookahead_time,3.5,limit respected,2004,0.07451622349311551
fixed_wing,l1,lookahead_time,3.5,vehicle 20% weaker,2004,0.3791282361486107
fixed_wing,l1,lookahead_time,3.5,limit respected,2004,0.07190355669659562
fixed_wing,l1,lookahead_time,3.5,vehicle 20% weaker,2004,0.07015219503971723
fixed_wing,l1,lookahead_time,3.5,planned at limit,2005,0.065954709871764
fixed_wing,l1,lookahead_time,3.5,planned at limit,2005,0.06597132929145283
fixed_wing,l1,lookahead_time,3.5,limit respected,2005,0.05013767500690083
fixed_wing,l1,lookahead_time,3.5,vehicle 20% weaker,2005,0.050118985346050596
fixed_wing,l1,lookahead_time,3.5,limit respected,2005,0.04074290335349795
fixed_wing,l1,lookahead_time,3.5,vehicle 20% weaker,2005,0.04077516875738832
fixed_wing,l1,lookahead_time,3.5,planned at limit,2005,0.061294368285856285
fixed_wing,l1,lookahead_time,3.5,planned at limit,2005,0.0877112773496258
fixed_wing,l1,lookahead_time,3.5,limit respected,2005,0.07218237209101555
fixed_wing,l1,lookahead_time,3.5,vehicle 20% weaker,2005,0.06385756229115222
fixed_wing,l1,lookahead_time,3.5,limit respected,2005,0.054456876651739684
fixed_wing,l1,lookahead_time,3.5,vehicle 20% weaker,2005,0.05020006261738509
fixed_wing,l1,lookahead_time,3.5,planned at limit,2005,0.0988212655037317
fixed_wing,l1,lookahead_time,3.5,planned at limit,2005,0.06770840527369629
fixed_wing,l1,lookahead_time,3.5,limit respected,2005,0.07029128323344368
fixed_wing,l1,lookahead_time,3.5,vehicle 20% weaker,2005,0.1323381329846224
fixed_wing,l1,lookahead_time,3.5,limit respected,2005,0.0891644735025666
fixed_wing,l1,lookahead_time,3.5,vehicle 20% weaker,2005,0.06555244948115818
fixed_wing,l1,lookahead_time,5.0,planned at limit,2000,0.14932744212676125
fixed_wing,l1,lookahead_time,5.0,planned at limit,2000,0.1493775294513216
fixed_wing,l1,lookahead_time,5.0,limit respected,2000,0.1152203980550509
fixed_wing,l1,lookahead_time,5.0,vehicle 20% weaker,2000,0.11522815834153674
fixed_wing,l1,lookahead_time,5.0,limit respected,2000,0.09342930383899858
fixed_wing,l1,lookahead_time,5.0,vehicle 20% weaker,2000,0.09347548962521238
fixed_wing,l1,lookahead_time,5.0,planned at limit,2000,0.16383786710261425
fixed_wing,l1,lookahead_time,5.0,planned at limit,2000,0.15181378110019894
fixed_wing,l1,lookahead_time,5.0,limit respected,2000,0.14002110664894776
fixed_wing,l1,lookahead_time,5.0,vehicle 20% weaker,2000,0.10406243054106554
fixed_wing,l1,lookahead_time,5.0,limit respected,2000,0.07266044562474282
fixed_wing,l1,lookahead_time,5.0,vehicle 20% weaker,2000,0.10340797174507564
fixed_wing,l1,lookahead_time,5.0,planned at limit,2000,0.1973586165004798
fixed_wing,l1,lookahead_time,5.0,planned at limit,2000,0.10942629824313463
fixed_wing,l1,lookahead_time,5.0,limit respected,2000,0.12362707689843383
fixed_wing,l1,lookahead_time,5.0,vehicle 20% weaker,2000,0.1648124727885218
fixed_wing,l1,lookahead_time,5.0,limit respected,2000,0.09622034474967071
fixed_wing,l1,lookahead_time,5.0,vehicle 20% weaker,2000,0.1319079547527334
fixed_wing,l1,lookahead_time,5.0,planned at limit,2001,0.1614893442942869
fixed_wing,l1,lookahead_time,5.0,planned at limit,2001,0.15696868391924787
fixed_wing,l1,lookahead_time,5.0,limit respected,2001,0.11875054013241174
fixed_wing,l1,lookahead_time,5.0,vehicle 20% weaker,2001,0.12254462876793351
fixed_wing,l1,lookahead_time,5.0,limit respected,2001,0.099507394225329
fixed_wing,l1,lookahead_time,5.0,vehicle 20% weaker,2001,0.09942133174416731
fixed_wing,l1,lookahead_time,5.0,planned at limit,2001,0.14489952484613888
fixed_wing,l1,lookahead_time,5.0,planned at limit,2001,0.1903968370751704
fixed_wing,l1,lookahead_time,5.0,limit respected,2001,0.11500056439692327
fixed_wing,l1,lookahead_time,5.0,vehicle 20% weaker,2001,0.12934703180771628
fixed_wing,l1,lookahead_time,5.0,limit respected,2001,0.09124045899338672
fixed_wing,l1,lookahead_time,5.0,vehicle 20% weaker,2001,0.09551957036956821
fixed_wing,l1,lookahead_time,5.0,planned at limit,2001,0.25716229322963496
fixed_wing,l1,lookahead_time,5.0,planned at limit,2001,0.14247761556007887
fixed_wing,l1,lookahead_time,5.0,limit respected,2001,0.1349423945523902
fixed_wing,l1,lookahead_time,5.0,vehicle 20% weaker,2001,0.13698892229158607
fixed_wing,l1,lookahead_time,5.0,limit respected,2001,0.18990933332962723
fixed_wing,l1,lookahead_time,5.0,vehicle 20% weaker,2001,0.09547624461448936
fixed_wing,l1,lookahead_time,5.0,planned at limit,2002,0.18636282975561907
fixed_wing,l1,lookahead_time,5.0,planned at limit,2002,0.18641004434397307
fixed_wing,l1,lookahead_time,5.0,limit respected,2002,0.14498568423493813
fixed_wing,l1,lookahead_time,5.0,vehicle 20% weaker,2002,0.14492695577468745
fixed_wing,l1,lookahead_time,5.0,limit respected,2002,0.11694296822933985
fixed_wing,l1,lookahead_time,5.0,vehicle 20% weaker,2002,0.11683694112803195
fixed_wing,l1,lookahead_time,5.0,planned at limit,2002,0.22137286684433616
fixed_wing,l1,lookahead_time,5.0,planned at limit,2002,0.212121495881849
fixed_wing,l1,lookahead_time,5.0,limit respected,2002,0.12043411561472332
fixed_wing,l1,lookahead_time,5.0,vehicle 20% weaker,2002,0.15697789495301262
fixed_wing,l1,lookahead_time,5.0,limit respected,2002,0.12926421456436427
fixed_wing,l1,lookahead_time,5.0,vehicle 20% weaker,2002,0.12949861266877388
fixed_wing,l1,lookahead_time,5.0,planned at limit,2002,0.24373644977852893
fixed_wing,l1,lookahead_time,5.0,planned at limit,2002,0.2178272685903911
fixed_wing,l1,lookahead_time,5.0,limit respected,2002,0.11696117248459709
fixed_wing,l1,lookahead_time,5.0,vehicle 20% weaker,2002,0.2254212541531769
fixed_wing,l1,lookahead_time,5.0,limit respected,2002,0.13661963422450712
fixed_wing,l1,lookahead_time,5.0,vehicle 20% weaker,2002,0.1524525518648695
fixed_wing,l1,lookahead_time,5.0,planned at limit,2003,0.1987055473736924
fixed_wing,l1,lookahead_time,5.0,planned at limit,2003,0.19629115994474206
fixed_wing,l1,lookahead_time,5.0,limit respected,2003,0.15191692812371302
fixed_wing,l1,lookahead_time,5.0,vehicle 20% weaker,2003,0.1534484953740914
fixed_wing,l1,lookahead_time,5.0,limit respected,2003,0.126904285523446
fixed_wing,l1,lookahead_time,5.0,vehicle 20% weaker,2003,0.12719894789894365
fixed_wing,l1,lookahead_time,5.0,planned at limit,2003,0.2171495040873819
fixed_wing,l1,lookahead_time,5.0,planned at limit,2003,0.16409339189007202
fixed_wing,l1,lookahead_time,5.0,limit respected,2003,0.13951355207417332
fixed_wing,l1,lookahead_time,5.0,vehicle 20% weaker,2003,0.170930804996609
fixed_wing,l1,lookahead_time,5.0,limit respected,2003,0.17583247692990134
fixed_wing,l1,lookahead_time,5.0,vehicle 20% weaker,2003,0.17327212385958385
fixed_wing,l1,lookahead_time,5.0,planned at limit,2003,0.18135867967091768
fixed_wing,l1,lookahead_time,5.0,planned at limit,2003,0.16013012308322963
fixed_wing,l1,lookahead_time,5.0,limit respected,2003,0.1757128593898706
fixed_wing,l1,lookahead_time,5.0,vehicle 20% weaker,2003,0.12778841595525164
fixed_wing,l1,lookahead_time,5.0,limit respected,2003,0.2170624945758951
fixed_wing,l1,lookahead_time,5.0,vehicle 20% weaker,2003,0.26488393392845416
fixed_wing,l1,lookahead_time,5.0,planned at limit,2004,0.1495927482206652
fixed_wing,l1,lookahead_time,5.0,planned at limit,2004,0.1493621947557115
fixed_wing,l1,lookahead_time,5.0,limit respected,2004,0.11502592133029851
fixed_wing,l1,lookahead_time,5.0,vehicle 20% weaker,2004,0.11502610346309669
fixed_wing,l1,lookahead_time,5.0,limit respected,2004,0.09509175042037706
fixed_wing,l1,lookahead_time,5.0,vehicle 20% weaker,2004,0.09524808542644353
fixed_wing,l1,lookahead_time,5.0,planned at limit,2004,0.1869864058444095
fixed_wing,l1,lookahead_time,5.0,planned at limit,2004,0.18900297342437977
fixed_wing,l1,lookahead_time,5.0,limit respected,2004,0.16458028147638065
fixed_wing,l1,lookahead_time,5.0,vehicle 20% weaker,2004,0.10944188277161128
fixed_wing,l1,lookahead_time,5.0,limit respected,2004,0.12060743014176731
fixed_wing,l1,lookahead_time,5.0,vehicle 20% weaker,2004,0.1123461878861681
fixed_wing,l1,lookahead_time,5.0,planned at limit,2004,0.10804245199245151
fixed_wing,l1,lookahead_time,5.0,planned at limit,2004,0.16991770914417847
fixed_wing,l1,lookahead_time,5.0,limit respected,2004,0.10522734172901488
fixed_wing,l1,lookahead_time,5.0,vehicle 20% weaker,2004,0.26604653984792676
fixed_wing,l1,lookahead_time,5.0,limit respected,2004,0.12371911237902163
fixed_wing,l1,lookahead_time,5.0,vehicle 20% weaker,2004,0.11499456837048105
fixed_wing,l1,lookahead_time,5.0,planned at limit,2005,0.14004860739249453
fixed_wing,l1,lookahead_time,5.0,planned at limit,2005,0.14071845007967176
fixed_wing,l1,lookahead_time,5.0,limit respected,2005,0.11167218225617966
fixed_wing,l1,lookahead_time,5.0,vehicle 20% weaker,2005,0.11214650576264347
fixed_wing,l1,lookahead_time,5.0,limit respected,2005,0.09085092719382472
fixed_wing,l1,lookahead_time,5.0,vehicle 20% weaker,2005,0.09072488684303417
fixed_wing,l1,lookahead_time,5.0,planned at limit,2005,0.12836837337826718
fixed_wing,l1,lookahead_time,5.0,planned at limit,2005,0.1432021245673976
fixed_wing,l1,lookahead_time,5.0,limit respected,2005,0.13404619376609658
fixed_wing,l1,lookahead_time,5.0,vehicle 20% weaker,2005,0.14870349648989797
fixed_wing,l1,lookahead_time,5.0,limit respected,2005,0.11043405341177748
fixed_wing,l1,lookahead_time,5.0,vehicle 20% weaker,2005,0.11065084300290864
fixed_wing,l1,lookahead_time,5.0,planned at limit,2005,0.20428964765542304
fixed_wing,l1,lookahead_time,5.0,planned at limit,2005,0.11572044377253957
fixed_wing,l1,lookahead_time,5.0,limit respected,2005,0.11254184449071503
fixed_wing,l1,lookahead_time,5.0,vehicle 20% weaker,2005,0.2054265069243481
fixed_wing,l1,lookahead_time,5.0,limit respected,2005,0.17207267291632686
fixed_wing,l1,lookahead_time,5.0,vehicle 20% weaker,2005,0.11763037873007044
quadcopter,lead_vf,lead_time,0.0,planned at limit,2000,0.06532561539386217
quadcopter,lead_vf,lead_time,0.0,planned at limit,2000,0.1807509813917923
quadcopter,lead_vf,lead_time,0.0,limit respected,2000,0.022528909184985207
quadcopter,lead_vf,lead_time,0.0,vehicle 20% weaker,2000,0.02573225989706147
quadcopter,lead_vf,lead_time,0.0,limit respected,2000,0.020234368011777883
quadcopter,lead_vf,lead_time,0.0,vehicle 20% weaker,2000,0.020411866670765562
quadcopter,lead_vf,lead_time,0.0,planned at limit,2000,0.1705682764307496
quadcopter,lead_vf,lead_time,0.0,planned at limit,2000,0.16208957144871894
quadcopter,lead_vf,lead_time,0.0,limit respected,2000,0.02439905420099194
quadcopter,lead_vf,lead_time,0.0,vehicle 20% weaker,2000,0.03633646509010049
quadcopter,lead_vf,lead_time,0.0,limit respected,2000,0.02228215039627672
quadcopter,lead_vf,lead_time,0.0,vehicle 20% weaker,2000,0.043886652269454485
quadcopter,lead_vf,lead_time,0.0,planned at limit,2000,0.12176419319093455
quadcopter,lead_vf,lead_time,0.0,planned at limit,2000,0.04929901912595462
quadcopter,lead_vf,lead_time,0.0,limit respected,2000,0.04068033176217693
quadcopter,lead_vf,lead_time,0.0,vehicle 20% weaker,2000,0.320536519505058
quadcopter,lead_vf,lead_time,0.0,limit respected,2000,0.03306905250073081
quadcopter,lead_vf,lead_time,0.0,vehicle 20% weaker,2000,0.03292876044082309
quadcopter,lead_vf,lead_time,0.0,planned at limit,2001,0.07142393706590272
quadcopter,lead_vf,lead_time,0.0,planned at limit,2001,0.19634470484526123
quadcopter,lead_vf,lead_time,0.0,limit respected,2001,0.023558035879927622
quadcopter,lead_vf,lead_time,0.0,vehicle 20% weaker,2001,0.024787476186008954
quadcopter,lead_vf,lead_time,0.0,limit respected,2001,0.020479952004321584
quadcopter,lead_vf,lead_time,0.0,vehicle 20% weaker,2001,0.019988393257329616
quadcopter,lead_vf,lead_time,0.0,planned at limit,2001,0.0269814613449006
quadcopter,lead_vf,lead_time,0.0,planned at limit,2001,0.45196361969823096
quadcopter,lead_vf,lead_time,0.0,limit respected,2001,0.02688506856090403
quadcopter,lead_vf,lead_time,0.0,vehicle 20% weaker,2001,0.045241237129575645
quadcopter,lead_vf,lead_time,0.0,limit respected,2001,0.02432746641204396
quadcopter,lead_vf,lead_time,0.0,vehicle 20% weaker,2001,0.020962808885306574
quadcopter,lead_vf,lead_time,0.0,planned at limit,2001,0.3561915159398352
quadcopter,lead_vf,lead_time,0.0,planned at limit,2001,0.04827776051909166
quadcopter,lead_vf,lead_time,0.0,limit respected,2001,0.03943838598361195
quadcopter,lead_vf,lead_time,0.0,vehicle 20% weaker,2001,0.04751649120517312
quadcopter,lead_vf,lead_time,0.0,limit respected,2001,0.04318358824356
quadcopter,lead_vf,lead_time,0.0,vehicle 20% weaker,2001,0.03647157660642186
quadcopter,lead_vf,lead_time,0.0,planned at limit,2002,0.08251744866644142
quadcopter,lead_vf,lead_time,0.0,planned at limit,2002,0.2276103508107561
quadcopter,lead_vf,lead_time,0.0,limit respected,2002,0.0231878930323215
quadcopter,lead_vf,lead_time,0.0,vehicle 20% weaker,2002,0.027315057598530194
quadcopter,lead_vf,lead_time,0.0,limit respected,2002,0.019601864080457384
quadcopter,lead_vf,lead_time,0.0,vehicle 20% weaker,2002,0.020187072852405286
quadcopter,lead_vf,lead_time,0.0,planned at limit,2002,0.20836788797563705
quadcopter,lead_vf,lead_time,0.0,planned at limit,2002,0.5146385628017167
quadcopter,lead_vf,lead_time,0.0,limit respected,2002,0.02649905069330532
quadcopter,lead_vf,lead_time,0.0,vehicle 20% weaker,2002,0.08689687845410696
quadcopter,lead_vf,lead_time,0.0,limit respected,2002,0.025592824812818164
quadcopter,lead_vf,lead_time,0.0,vehicle 20% weaker,2002,0.025015117512445405
quadcopter,lead_vf,lead_time,0.0,planned at limit,2002,0.33610701176173885
quadcopter,lead_vf,lead_time,0.0,planned at limit,2002,0.24535471609824303
quadcopter,lead_vf,lead_time,0.0,limit respected,2002,0.03450949223189788
quadcopter,lead_vf,lead_time,0.0,vehicle 20% weaker,2002,0.2080782549202324
quadcopter,lead_vf,lead_time,0.0,limit respected,2002,0.03461462397703458
quadcopter,lead_vf,lead_time,0.0,vehicle 20% weaker,2002,0.07695214573600709
quadcopter,lead_vf,lead_time,0.0,planned at limit,2003,0.08074176660774218
quadcopter,lead_vf,lead_time,0.0,planned at limit,2003,0.24042317455805923
quadcopter,lead_vf,lead_time,0.0,limit respected,2003,0.024030361773775176
quadcopter,lead_vf,lead_time,0.0,vehicle 20% weaker,2003,0.02776485631437227
quadcopter,lead_vf,lead_time,0.0,limit respected,2003,0.020272694254965508
quadcopter,lead_vf,lead_time,0.0,vehicle 20% weaker,2003,0.020472945838130648
quadcopter,lead_vf,lead_time,0.0,planned at limit,2003,0.16602551404201357
quadcopter,lead_vf,lead_time,0.0,planned at limit,2003,0.09729123387022334
quadcopter,lead_vf,lead_time,0.0,limit respected,2003,0.024769619298497057
quadcopter,lead_vf,lead_time,0.0,vehicle 20% weaker,2003,0.07739756044705684
quadcopter,lead_vf,lead_time,0.0,limit respected,2003,0.026330900030357048
quadcopter,lead_vf,lead_time,0.0,vehicle 20% weaker,2003,0.04820590326156507
quadcopter,lead_vf,lead_time,0.0,planned at limit,2003,0.06105909393607478
quadcopter,lead_vf,lead_time,0.0,planned at limit,2003,0.08193295462232003
quadcopter,lead_vf,lead_time,0.0,limit respected,2003,0.049151606993056735
quadcopter,lead_vf,lead_time,0.0,vehicle 20% weaker,2003,0.03946100176768608
quadcopter,lead_vf,lead_time,0.0,limit respected,2003,0.04909473955852019
quadcopter,lead_vf,lead_time,0.0,vehicle 20% weaker,2003,0.18606456182947784
quadcopter,lead_vf,lead_time,0.0,planned at limit,2004,0.0635978692191117
quadcopter,lead_vf,lead_time,0.0,planned at limit,2004,0.1776090812223554
quadcopter,lead_vf,lead_time,0.0,limit respected,2004,0.022367030807556733
quadcopter,lead_vf,lead_time,0.0,vehicle 20% weaker,2004,0.026048711231749268
quadcopter,lead_vf,lead_time,0.0,limit respected,2004,0.020491972996813625
quadcopter,lead_vf,lead_time,0.0,vehicle 20% weaker,2004,0.019786681163883824
quadcopter,lead_vf,lead_time,0.0,planned at limit,2004,0.19258899609279806
quadcopter,lead_vf,lead_time,0.0,planned at limit,2004,0.45834796809156386
quadcopter,lead_vf,lead_time,0.0,limit respected,2004,0.051756223109960364
quadcopter,lead_vf,lead_time,0.0,vehicle 20% weaker,2004,0.04180946786535279
quadcopter,lead_vf,lead_time,0.0,limit respected,2004,0.02371889878859816
quadcopter,lead_vf,lead_time,0.0,vehicle 20% weaker,2004,0.02745025540056547
quadcopter,lead_vf,lead_time,0.0,planned at limit,2004,0.048465506169641195
quadcopter,lead_vf,lead_time,0.0,planned at limit,2004,0.17114717219651626
quadcopter,lead_vf,lead_time,0.0,limit respected,2004,0.036301707589154616
quadcopter,lead_vf,lead_time,0.0,vehicle 20% weaker,2004,0.6072149657231076
quadcopter,lead_vf,lead_time,0.0,limit respected,2004,0.03391134961448334
quadcopter,lead_vf,lead_time,0.0,vehicle 20% weaker,2004,0.034463356615542194
quadcopter,lead_vf,lead_time,0.0,planned at limit,2005,0.066558434618177
quadcopter,lead_vf,lead_time,0.0,planned at limit,2005,0.1563720015675781
quadcopter,lead_vf,lead_time,0.0,limit respected,2005,0.022460584942370607
quadcopter,lead_vf,lead_time,0.0,vehicle 20% weaker,2005,0.024208112516113853
quadcopter,lead_vf,lead_time,0.0,limit respected,2005,0.020785072760273318
quadcopter,lead_vf,lead_time,0.0,vehicle 20% weaker,2005,0.02071248936814095
quadcopter,lead_vf,lead_time,0.0,planned at limit,2005,0.03190890136892178
quadcopter,lead_vf,lead_time,0.0,planned at limit,2005,0.22886890259479464
quadcopter,lead_vf,lead_time,0.0,limit respected,2005,0.037110983300525646
quadcopter,lead_vf,lead_time,0.0,vehicle 20% weaker,2005,0.1286738409608544
quadcopter,lead_vf,lead_time,0.0,limit respected,2005,0.0264191961644667
quadcopter,lead_vf,lead_time,0.0,vehicle 20% weaker,2005,0.02591085727289552
quadcopter,lead_vf,lead_time,0.0,planned at limit,2005,0.26358914940872125
quadcopter,lead_vf,lead_time,0.0,planned at limit,2005,0.06626147870609939
quadcopter,lead_vf,lead_time,0.0,limit respected,2005,0.033422309206381146
quadcopter,lead_vf,lead_time,0.0,vehicle 20% weaker,2005,0.38593644381373293
quadcopter,lead_vf,lead_time,0.0,limit respected,2005,0.06077867714495036
quadcopter,lead_vf,lead_time,0.0,vehicle 20% weaker,2005,0.036649836751045856
quadcopter,lead_vf,lead_time,0.2,planned at limit,2000,0.023237502794869823
quadcopter,lead_vf,lead_time,0.2,planned at limit,2000,0.12165084123892808
quadcopter,lead_vf,lead_time,0.2,limit respected,2000,0.015718727680022186
quadcopter,lead_vf,lead_time,0.2,vehicle 20% weaker,2000,0.015387035168770404
quadcopter,lead_vf,lead_time,0.2,limit respected,2000,0.017664232219573167
quadcopter,lead_vf,lead_time,0.2,vehicle 20% weaker,2000,0.016083285598324948
quadcopter,lead_vf,lead_time,0.2,planned at limit,2000,0.11980766292572825
quadcopter,lead_vf,lead_time,0.2,planned at limit,2000,0.11125908810224364
quadcopter,lead_vf,lead_time,0.2,limit respected,2000,0.020246769735807732
quadcopter,lead_vf,lead_time,0.2,vehicle 20% weaker,2000,0.023720146694186022
quadcopter,lead_vf,lead_time,0.2,limit respected,2000,0.021327035241431647
quadcopter,lead_vf,lead_time,0.2,vehicle 20% weaker,2000,0.02617983204218203
quadcopter,lead_vf,lead_time,0.2,planned at limit,2000,0.0740525830342478
quadcopter,lead_vf,lead_time,0.2,planned at limit,2000,0.0517537746893401
quadcopter,lead_vf,lead_time,0.2,limit respected,2000,0.03960932989608247
quadcopter,lead_vf,lead_time,0.2,vehicle 20% weaker,2000,0.2804966751407848
quadcopter,lead_vf,lead_time,0.2,limit respected,2000,0.03208023234293356
quadcopter,lead_vf,lead_time,0.2,vehicle 20% weaker,2000,0.03256980542962773
quadcopter,lead_vf,lead_time,0.2,planned at limit,2001,0.0242184590752245
quadcopter,lead_vf,lead_time,0.2,planned at limit,2001,0.1351775755279836
quadcopter,lead_vf,lead_time,0.2,limit respected,2001,0.01666036096701496
quadcopter,lead_vf,lead_time,0.2,vehicle 20% weaker,2001,0.01727197775635824
quadcopter,lead_vf,lead_time,0.2,limit respected,2001,0.01705495495947186
quadcopter,lead_vf,lead_time,0.2,vehicle 20% weaker,2001,0.016822624762832684
quadcopter,lead_vf,lead_time,0.2,planned at limit,2001,0.022167384736915062
quadcopter,lead_vf,lead_time,0.2,planned at limit,2001,0.39573923901078434
quadcopter,lead_vf,lead_time,0.2,limit respected,2001,0.022312810586695042
quadcopter,lead_vf,lead_time,0.2,vehicle 20% weaker,2001,0.022173483436598883
quadcopter,lead_vf,lead_time,0.2,limit respected,2001,0.021131426559360886
quadcopter,lead_vf,lead_time,0.2,vehicle 20% weaker,2001,0.02028768052971744
quadcopter,lead_vf,lead_time,0.2,planned at limit,2001,0.30324642590878803
quadcopter,lead_vf,lead_time,0.2,planned at limit,2001,0.03474710742455048
quadcopter,lead_vf,lead_time,0.2,limit respected,2001,0.03846991072750089
quadcopter,lead_vf,lead_time,0.2,vehicle 20% weaker,2001,0.045435988463475394
quadcopter,lead_vf,lead_time,0.2,limit respected,2001,0.03443251944909585
quadcopter,lead_vf,lead_time,0.2,vehicle 20% weaker,2001,0.0367688336111518
quadcopter,lead_vf,lead_time,0.2,planned at limit,2002,0.025400516824878268
quadcopter,lead_vf,lead_time,0.2,planned at limit,2002,0.14738559400131682
quadcopter,lead_vf,lead_time,0.2,limit respected,2002,0.016806089977314018
quadcopter,lead_vf,lead_time,0.2,vehicle 20% weaker,2002,0.017617071765084365
quadcopter,lead_vf,lead_time,0.2,limit respected,2002,0.015574409960758363
quadcopter,lead_vf,lead_time,0.2,vehicle 20% weaker,2002,0.015999671278421692
quadcopter,lead_vf,lead_time,0.2,planned at limit,2002,0.13821436810613497
quadcopter,lead_vf,lead_time,0.2,planned at limit,2002,0.4383615812981687
quadcopter,lead_vf,lead_time,0.2,limit respected,2002,0.021572576763783206
quadcopter,lead_vf,lead_time,0.2,vehicle 20% weaker,2002,0.04449938592786083
quadcopter,lead_vf,lead_time,0.2,limit respected,2002,0.02129220322205199
quadcopter,lead_vf,lead_time,0.2,vehicle 20% weaker,2002,0.022639230431423345
quadcopter,lead_vf,lead_time,0.2,planned at limit,2002,0.26064287884410775
quadcopter,lead_vf,lead_time,0.2,planned at limit,2002,0.1953625001107881
quadcopter,lead_vf,lead_time,0.2,limit respected,2002,0.03419677276709471
quadcopter,lead_vf,lead_time,0.2,vehicle 20% weaker,2002,0.1391956044900236
quadcopter,lead_vf,lead_time,0.2,limit respected,2002,0.03209296560622764
quadcopter,lead_vf,lead_time,0.2,vehicle 20% weaker,2002,0.07546095460746004
quadcopter,lead_vf,lead_time,0.2,planned at limit,2003,0.022651859861505842
quadcopter,lead_vf,lead_time,0.2,planned at limit,2003,0.16694799528005622
quadcopter,lead_vf,lead_time,0.2,limit respected,2003,0.016710732916057486
quadcopter,lead_vf,lead_time,0.2,vehicle 20% weaker,2003,0.01687784204230299
quadcopter,lead_vf,lead_time,0.2,limit respected,2003,0.017083581872641005
quadcopter,lead_vf,lead_time,0.2,vehicle 20% weaker,2003,0.017386885742535094
quadcopter,lead_vf,lead_time,0.2,planned at limit,2003,0.12849475183437933
quadcopter,lead_vf,lead_time,0.2,planned at limit,2003,0.045611469815849105
quadcopter,lead_vf,lead_time,0.2,limit respected,2003,0.021702632490871523
quadcopter,lead_vf,lead_time,0.2,vehicle 20% weaker,2003,0.03822633742159615
quadcopter,lead_vf,lead_time,0.2,limit respected,2003,0.022203889177099
quadcopter,lead_vf,lead_time,0.2,vehicle 20% weaker,2003,0.024717700158588797
quadcopter,lead_vf,lead_time,0.2,planned at limit,2003,0.03515342173435849
quadcopter,lead_vf,lead_time,0.2,planned at limit,2003,0.0440647369687682
quadcopter,lead_vf,lead_time,0.2,limit respected,2003,0.033660614297498316
quadcopter,lead_vf,lead_time,0.2,vehicle 20% weaker,2003,0.03389769917722903
quadcopter,lead_vf,lead_time,0.2,limit respected,2003,0.03382104774065012
quadcopter,lead_vf,lead_time,0.2,vehicle 20% weaker,2003,0.18483882886150405
quadcopter,lead_vf,lead_time,0.2,planned at limit,2004,0.021312319258319924
quadcopter,lead_vf,lead_time,0.2,planned at limit,2004,0.12343362417185808
quadcopter,lead_vf,lead_time,0.2,limit respected,2004,0.01742490601072716
quadcopter,lead_vf,lead_time,0.2,vehicle 20% weaker,2004,0.016990305129939626
quadcopter,lead_vf,lead_time,0.2,limit respected,2004,0.01694778415440946
quadcopter,lead_vf,lead_time,0.2,vehicle 20% weaker,2004,0.017090737901798964
quadcopter,lead_vf,lead_time,0.2,planned at limit,2004,0.1456623831340501
quadcopter,lead_vf,lead_time,0.2,planned at limit,2004,0.3854422909235514
quadcopter,lead_vf,lead_time,0.2,limit respected,2004,0.021767147461887362
quadcopter,lead_vf,lead_time,0.2,vehicle 20% weaker,2004,0.023233968658030915
quadcopter,lead_vf,lead_time,0.2,limit respected,2004,0.020557759514823106
quadcopter,lead_vf,lead_time,0.2,vehicle 20% weaker,2004,0.021194667457749772
quadcopter,lead_vf,lead_time,0.2,planned at limit,2004,0.042235529677250645
quadcopter,lead_vf,lead_time,0.2,planned at limit,2004,0.10725347377875838
quadcopter,lead_vf,lead_time,0.2,limit respected,2004,0.03568786397213789
quadcopter,lead_vf,lead_time,0.2,vehicle 20% weaker,2004,0.5483315711863415
quadcopter,lead_vf,lead_time,0.2,limit respected,2004,0.03397608098665689
quadcopter,lead_vf,lead_time,0.2,vehicle 20% weaker,2004,0.03271371356703513
quadcopter,lead_vf,lead_time,0.2,planned at limit,2005,0.021782645241576762
quadcopter,lead_vf,lead_time,0.2,planned at limit,2005,0.10152448827016941
quadcopter,lead_vf,lead_time,0.2,limit respected,2005,0.01667524372764384
quadcopter,lead_vf,lead_time,0.2,vehicle 20% weaker,2005,0.01699274436667502
quadcopter,lead_vf,lead_time,0.2,limit respected,2005,0.016561320313998186
quadcopter,lead_vf,lead_time,0.2,vehicle 20% weaker,2005,0.016476756938743946
quadcopter,lead_vf,lead_time,0.2,planned at limit,2005,0.02391565367110007
quadcopter,lead_vf,lead_time,0.2,planned at limit,2005,0.17644010164584323
quadcopter,lead_vf,lead_time,0.2,limit respected,2005,0.025148302871226484
quadcopter,lead_vf,lead_time,0.2,vehicle 20% weaker,2005,0.0737643356746638
quadcopter,lead_vf,lead_time,0.2,limit respected,2005,0.02276227773900118
quadcopter,lead_vf,lead_time,0.2,vehicle 20% weaker,2005,0.022063870528900235
quadcopter,lead_vf,lead_time,0.2,planned at limit,2005,0.21396507897007455
quadcopter,lead_vf,lead_time,0.2,planned at limit,2005,0.040997814291045334
quadcopter,lead_vf,lead_time,0.2,limit respected,2005,0.032747554577492274
quadcopter,lead_vf,lead_time,0.2,vehicle 20% weaker,2005,0.3271325420997766
quadcopter,lead_vf,lead_time,0.2,limit respected,2005,0.043081354656745466
quadcopter,lead_vf,lead_time,0.2,vehicle 20% weaker,2005,0.03316703998295295
quadcopter,lead_vf,lead_time,0.4,planned at limit,2000,0.024690017208354287
quadcopter,lead_vf,lead_time,0.4,planned at limit,2000,0.08168404288490977
quadcopter,lead_vf,lead_time,0.4,limit respected,2000,0.017078853711990673
quadcopter,lead_vf,lead_time,0.4,vehicle 20% weaker,2000,0.017439206292648328
quadcopter,lead_vf,lead_time,0.4,limit respected,2000,0.01782165999273532
quadcopter,lead_vf,lead_time,0.4,vehicle 20% weaker,2000,0.0175010578938853
quadcopter,lead_vf,lead_time,0.4,planned at limit,2000,0.08788225341611144
quadcopter,lead_vf,lead_time,0.4,planned at limit,2000,0.07690880907478884
quadcopter,lead_vf,lead_time,0.4,limit respected,2000,0.020925415833139546
quadcopter,lead_vf,lead_time,0.4,vehicle 20% weaker,2000,0.02063963212468927
quadcopter,lead_vf,lead_time,0.4,limit respected,2000,0.0217032911507694
quadcopter,lead_vf,lead_time,0.4,vehicle 20% weaker,2000,0.023903291062458525
quadcopter,lead_vf,lead_time,0.4,planned at limit,2000,0.05642874717970443
quadcopter,lead_vf,lead_time,0.4,planned at limit,2000,0.05541460966419276
quadcopter,lead_vf,lead_time,0.4,limit respected,2000,0.040962889364968405
quadcopter,lead_vf,lead_time,0.4,vehicle 20% weaker,2000,0.2497902335927385
quadcopter,lead_vf,lead_time,0.4,limit respected,2000,0.03209488323222004
quadcopter,lead_vf,lead_time,0.4,vehicle 20% weaker,2000,0.03300449856862013
quadcopter,lead_vf,lead_time,0.4,planned at limit,2001,0.02331745684837586
quadcopter,lead_vf,lead_time,0.4,planned at limit,2001,0.09744683732386372
quadcopter,lead_vf,lead_time,0.4,limit respected,2001,0.01725397783495364
quadcopter,lead_vf,lead_time,0.4,vehicle 20% weaker,2001,0.01730749744879486
quadcopter,lead_vf,lead_time,0.4,limit respected,2001,0.01628568904588957
quadcopter,lead_vf,lead_time,0.4,vehicle 20% weaker,2001,0.017546868667804645
quadcopter,lead_vf,lead_time,0.4,planned at limit,2001,0.023432959378982286
quadcopter,lead_vf,lead_time,0.4,planned at limit,2001,0.3519216622672898
quadcopter,lead_vf,lead_time,0.4,limit respected,2001,0.022193742002962327
quadcopter,lead_vf,lead_time,0.4,vehicle 20% weaker,2001,0.02164380719732787
quadcopter,lead_vf,lead_time,0.4,limit respected,2001,0.020815667245910406
quadcopter,lead_vf,lead_time,0.4,vehicle 20% weaker,2001,0.02089892375781567
quadcopter,lead_vf,lead_time,0.4,planned at limit,2001,0.27629851059289345
quadcopter,lead_vf,lead_time,0.4,planned at limit,2001,0.030818223334243416
quadcopter,lead_vf,lead_time,0.4,limit respected,2001,0.03866669238391856
quadcopter,lead_vf,lead_time,0.4,vehicle 20% weaker,2001,0.045543496249177515
quadcopter,lead_vf,lead_time,0.4,limit respected,2001,0.03536863101870657
quadcopter,lead_vf,lead_time,0.4,vehicle 20% weaker,2001,0.036795558019659044
quadcopter,lead_vf,lead_time,0.4,planned at limit,2002,0.025780264072719043
quadcopter,lead_vf,lead_time,0.4,planned at limit,2002,0.09853222457710074
quadcopter,lead_vf,lead_time,0.4,limit respected,2002,0.01845794895806796
quadcopter,lead_vf,lead_time,0.4,vehicle 20% weaker,2002,0.016828941337364914
quadcopter,lead_vf,lead_time,0.4,limit respected,2002,0.01608202471975396
quadcopter,lead_vf,lead_time,0.4,vehicle 20% weaker,2002,0.017497701078722647
quadcopter,lead_vf,lead_time,0.4,planned at limit,2002,0.09608820367059834
quadcopter,lead_vf,lead_time,0.4,planned at limit,2002,0.3821177463959428
quadcopter,lead_vf,lead_time,0.4,limit respected,2002,0.023171944639296456
quadcopter,lead_vf,lead_time,0.4,vehicle 20% weaker,2002,0.030962700091918878
quadcopter,lead_vf,lead_time,0.4,limit respected,2002,0.020645538181370097
quadcopter,lead_vf,lead_time,0.4,vehicle 20% weaker,2002,0.02322005604229744
quadcopter,lead_vf,lead_time,0.4,planned at limit,2002,0.20908301577986566
quadcopter,lead_vf,lead_time,0.4,planned at limit,2002,0.13867543647517055
quadcopter,lead_vf,lead_time,0.4,limit respected,2002,0.03474255464322089
quadcopter,lead_vf,lead_time,0.4,vehicle 20% weaker,2002,0.090059230796699
quadcopter,lead_vf,lead_time,0.4,limit respected,2002,0.03122152848986471
quadcopter,lead_vf,lead_time,0.4,vehicle 20% weaker,2002,0.08048874645895832
quadcopter,lead_vf,lead_time,0.4,planned at limit,2003,0.025942543503078987
quadcopter,lead_vf,lead_time,0.4,planned at limit,2003,0.12209642543487093
quadcopter,lead_vf,lead_time,0.4,limit respected,2003,0.018060651549158535
quadcopter,lead_vf,lead_time,0.4,vehicle 20% weaker,2003,0.01801242884075105
quadcopter,lead_vf,lead_time,0.4,limit respected,2003,0.017751764850296288
quadcopter,lead_vf,lead_time,0.4,vehicle 20% weaker,2003,0.017023195828470682
quadcopter,lead_vf,lead_time,0.4,planned at limit,2003,0.10182989978021462
quadcopter,lead_vf,lead_time,0.4,planned at limit,2003,0.03688403147045094
quadcopter,lead_vf,lead_time,0.4,limit respected,2003,0.02291475295611205
quadcopter,lead_vf,lead_time,0.4,vehicle 20% weaker,2003,0.0338193991794084
quadcopter,lead_vf,lead_time,0.4,limit respected,2003,0.021626098997541542
quadcopter,lead_vf,lead_time,0.4,vehicle 20% weaker,2003,0.021290625688692166
quadcopter,lead_vf,lead_time,0.4,planned at limit,2003,0.03375896456031123
quadcopter,lead_vf,lead_time,0.4,planned at limit,2003,0.03896414516487814
quadcopter,lead_vf,lead_time,0.4,limit respected,2003,0.034020694025072476
quadcopter,lead_vf,lead_time,0.4,vehicle 20% weaker,2003,0.031612119978470264
quadcopter,lead_vf,lead_time,0.4,limit respected,2003,0.032910209692001896
quadcopter,lead_vf,lead_time,0.4,vehicle 20% weaker,2003,0.17203404831446678
quadcopter,lead_vf,lead_time,0.4,planned at limit,2004,0.023470862623413444
quadcopter,lead_vf,lead_time,0.4,planned at limit,2004,0.08628146006815987
quadcopter,lead_vf,lead_time,0.4,limit respected,2004,0.018180645787265835
quadcopter,lead_vf,lead_time,0.4,vehicle 20% weaker,2004,0.017461120134013495
quadcopter,lead_vf,lead_time,0.4,limit respected,2004,0.0169580228519995
quadcopter,lead_vf,lead_time,0.4,vehicle 20% weaker,2004,0.017448192193951564
quadcopter,lead_vf,lead_time,0.4,planned at limit,2004,0.118203088030357
quadcopter,lead_vf,lead_time,0.4,planned at limit,2004,0.32628257173963093
quadcopter,lead_vf,lead_time,0.4,limit respected,2004,0.022568640043783877
quadcopter,lead_vf,lead_time,0.4,vehicle 20% weaker,2004,0.02326465212136266
quadcopter,lead_vf,lead_time,0.4,limit respected,2004,0.020678759088242335
quadcopter,lead_vf,lead_time,0.4,vehicle 20% weaker,2004,0.022142494619217298
quadcopter,lead_vf,lead_time,0.4,planned at limit,2004,0.037670765252812405
quadcopter,lead_vf,lead_time,0.4,planned at limit,2004,0.07291326051600953
quadcopter,lead_vf,lead_time,0.4,limit respected,2004,0.03602551996317856
quadcopter,lead_vf,lead_time,0.4,vehicle 20% weaker,2004,0.5088486625799734
quadcopter,lead_vf,lead_time,0.4,limit respected,2004,0.03518568980505669
quadcopter,lead_vf,lead_time,0.4,vehicle 20% weaker,2004,0.03322613435665761
quadcopter,lead_vf,lead_time,0.4,planned at limit,2005,0.019304529064317053
quadcopter,lead_vf,lead_time,0.4,planned at limit,2005,0.06675104065008478
quadcopter,lead_vf,lead_time,0.4,limit respected,2005,0.018143623463625413
quadcopter,lead_vf,lead_time,0.4,vehicle 20% weaker,2005,0.01791913996287709
quadcopter,lead_vf,lead_time,0.4,limit respected,2005,0.01812124131955411
quadcopter,lead_vf,lead_time,0.4,vehicle 20% weaker,2005,0.016537957972817284
quadcopter,lead_vf,lead_time,0.4,planned at limit,2005,0.02388337617645472
quadcopter,lead_vf,lead_time,0.4,planned at limit,2005,0.13816832437637888
quadcopter,lead_vf,lead_time,0.4,limit respected,2005,0.02435866625106734
quadcopter,lead_vf,lead_time,0.4,vehicle 20% weaker,2005,0.04191010687826639
quadcopter,lead_vf,lead_time,0.4,limit respected,2005,0.023088185750925097
quadcopter,lead_vf,lead_time,0.4,vehicle 20% weaker,2005,0.021260658758308626
quadcopter,lead_vf,lead_time,0.4,planned at limit,2005,0.17029490081989299
quadcopter,lead_vf,lead_time,0.4,planned at limit,2005,0.029896563233281007
quadcopter,lead_vf,lead_time,0.4,limit respected,2005,0.033301142697107926
quadcopter,lead_vf,lead_time,0.4,vehicle 20% weaker,2005,0.2577671644711362
quadcopter,lead_vf,lead_time,0.4,limit respected,2005,0.04163093632833692
quadcopter,lead_vf,lead_time,0.4,vehicle 20% weaker,2005,0.03315612615283521
quadcopter,lead_vf,lead_time,0.6,planned at limit,2000,0.035733978872922456
quadcopter,lead_vf,lead_time,0.6,planned at limit,2000,0.07098160029490205
quadcopter,lead_vf,lead_time,0.6,limit respected,2000,0.02408871446044751
quadcopter,lead_vf,lead_time,0.6,vehicle 20% weaker,2000,0.02420812170194776
quadcopter,lead_vf,lead_time,0.6,limit respected,2000,0.021416609312846883
quadcopter,lead_vf,lead_time,0.6,vehicle 20% weaker,2000,0.020635493801515623
quadcopter,lead_vf,lead_time,0.6,planned at limit,2000,0.07929406046880885
quadcopter,lead_vf,lead_time,0.6,planned at limit,2000,0.04563636011561302
quadcopter,lead_vf,lead_time,0.6,limit respected,2000,0.02525716318874521
quadcopter,lead_vf,lead_time,0.6,vehicle 20% weaker,2000,0.023351972171156428
quadcopter,lead_vf,lead_time,0.6,limit respected,2000,0.02379265005481566
quadcopter,lead_vf,lead_time,0.6,vehicle 20% weaker,2000,0.026831927390103608
quadcopter,lead_vf,lead_time,0.6,planned at limit,2000,0.05302793207981482
quadcopter,lead_vf,lead_time,0.6,planned at limit,2000,0.061325296319833494
quadcopter,lead_vf,lead_time,0.6,limit respected,2000,0.04441617017523609
quadcopter,lead_vf,lead_time,0.6,vehicle 20% weaker,2000,0.23028086806285092
quadcopter,lead_vf,lead_time,0.6,limit respected,2000,0.03287218396114255
quadcopter,lead_vf,lead_time,0.6,vehicle 20% weaker,2000,0.03352810023444232
quadcopter,lead_vf,lead_time,0.6,planned at limit,2001,0.03850408654081282
quadcopter,lead_vf,lead_time,0.6,planned at limit,2001,0.08394044843183979
quadcopter,lead_vf,lead_time,0.6,limit respected,2001,0.024878783467255923
quadcopter,lead_vf,lead_time,0.6,vehicle 20% weaker,2001,0.02442584368643122
quadcopter,lead_vf,lead_time,0.6,limit respected,2001,0.018927157079174847
quadcopter,lead_vf,lead_time,0.6,vehicle 20% weaker,2001,0.021263302502079057
quadcopter,lead_vf,lead_time,0.6,planned at limit,2001,0.030138626993326565
quadcopter,lead_vf,lead_time,0.6,planned at limit,2001,0.3078345271859615
quadcopter,lead_vf,lead_time,0.6,limit respected,2001,0.023798608964676102
quadcopter,lead_vf,lead_time,0.6,vehicle 20% weaker,2001,0.025138703926434462
quadcopter,lead_vf,lead_time,0.6,limit respected,2001,0.023026424007780738
quadcopter,lead_vf,lead_time,0.6,vehicle 20% weaker,2001,0.023235540432533966
quadcopter,lead_vf,lead_time,0.6,planned at limit,2001,0.2654683814618841
quadcopter,lead_vf,lead_time,0.6,planned at limit,2001,0.032486878204830594
quadcopter,lead_vf,lead_time,0.6,limit respected,2001,0.03932631558494175
quadcopter,lead_vf,lead_time,0.6,vehicle 20% weaker,2001,0.04702351469981714
quadcopter,lead_vf,lead_time,0.6,limit respected,2001,0.03931305112770504
quadcopter,lead_vf,lead_time,0.6,vehicle 20% weaker,2001,0.03708332597836912
quadcopter,lead_vf,lead_time,0.6,planned at limit,2002,0.0416204239996846
quadcopter,lead_vf,lead_time,0.6,planned at limit,2002,0.08227322241402704
quadcopter,lead_vf,lead_time,0.6,limit respected,2002,0.02458468424634676
quadcopter,lead_vf,lead_time,0.6,vehicle 20% weaker,2002,0.022957995936446967
quadcopter,lead_vf,lead_time,0.6,limit respected,2002,0.02010045701221423
quadcopter,lead_vf,lead_time,0.6,vehicle 20% weaker,2002,0.021025323605727002
quadcopter,lead_vf,lead_time,0.6,planned at limit,2002,0.07293934912153516
quadcopter,lead_vf,lead_time,0.6,planned at limit,2002,0.31521255310098073
quadcopter,lead_vf,lead_time,0.6,limit respected,2002,0.027291216597949308
quadcopter,lead_vf,lead_time,0.6,vehicle 20% weaker,2002,0.037826093154206084
quadcopter,lead_vf,lead_time,0.6,limit respected,2002,0.023513769639616572
quadcopter,lead_vf,lead_time,0.6,vehicle 20% weaker,2002,0.027590712859318436
quadcopter,lead_vf,lead_time,0.6,planned at limit,2002,0.16659263878736752
quadcopter,lead_vf,lead_time,0.6,planned at limit,2002,0.11388359969828016
quadcopter,lead_vf,lead_time,0.6,limit respected,2002,0.03551532568178613
quadcopter,lead_vf,lead_time,0.6,vehicle 20% weaker,2002,0.08939643566235149
quadcopter,lead_vf,lead_time,0.6,limit respected,2002,0.03422424814153341
quadcopter,lead_vf,lead_time,0.6,vehicle 20% weaker,2002,0.08393317539064366
quadcopter,lead_vf,lead_time,0.6,planned at limit,2003,0.043449012419966904
quadcopter,lead_vf,lead_time,0.6,planned at limit,2003,0.10540828273003237
quadcopter,lead_vf,lead_time,0.6,limit respected,2003,0.025932202515048495
quadcopter,lead_vf,lead_time,0.6,vehicle 20% weaker,2003,0.02524640690100443
quadcopter,lead_vf,lead_time,0.6,limit respected,2003,0.02194612570738335
quadcopter,lead_vf,lead_time,0.6,vehicle 20% weaker,2003,0.021000334089674458
quadcopter,lead_vf,lead_time,0.6,planned at limit,2003,0.10243249436832312
quadcopter,lead_vf,lead_time,0.6,planned at limit,2003,0.04325455056819626
quadcopter,lead_vf,lead_time,0.6,limit respected,2003,0.027726218253356995
quadcopter,lead_vf,lead_time,0.6,vehicle 20% weaker,2003,0.04165378997825079
quadcopter,lead_vf,lead_time,0.6,limit respected,2003,0.025729871505639334
quadcopter,lead_vf,lead_time,0.6,vehicle 20% weaker,2003,0.026818612754570547
quadcopter,lead_vf,lead_time,0.6,planned at limit,2003,0.036772296984211014
quadcopter,lead_vf,lead_time,0.6,planned at limit,2003,0.044528672395035156
quadcopter,lead_vf,lead_time,0.6,limit respected,2003,0.037267996783130114
quadcopter,lead_vf,lead_time,0.6,vehicle 20% weaker,2003,0.03204873584335997
quadcopter,lead_vf,lead_time,0.6,limit respected,2003,0.03474861275734558
quadcopter,lead_vf,lead_time,0.6,vehicle 20% weaker,2003,0.16084622928263054
quadcopter,lead_vf,lead_time,0.6,planned at limit,2004,0.03735652965457646
quadcopter,lead_vf,lead_time,0.6,planned at limit,2004,0.07484096899223663
quadcopter,lead_vf,lead_time,0.6,limit respected,2004,0.0226528690766038
quadcopter,lead_vf,lead_time,0.6,vehicle 20% weaker,2004,0.022248326018050872
quadcopter,lead_vf,lead_time,0.6,limit respected,2004,0.021982434907027747
quadcopter,lead_vf,lead_time,0.6,vehicle 20% weaker,2004,0.021199739525062072
quadcopter,lead_vf,lead_time,0.6,planned at limit,2004,0.08972433105187655
quadcopter,lead_vf,lead_time,0.6,planned at limit,2004,0.28153430523587447
quadcopter,lead_vf,lead_time,0.6,limit respected,2004,0.02921274752120428
quadcopter,lead_vf,lead_time,0.6,vehicle 20% weaker,2004,0.026334205335114796
quadcopter,lead_vf,lead_time,0.6,limit respected,2004,0.023191187273189005
quadcopter,lead_vf,lead_time,0.6,vehicle 20% weaker,2004,0.026513239152165947
quadcopter,lead_vf,lead_time,0.6,planned at limit,2004,0.03805168978434216
quadcopter,lead_vf,lead_time,0.6,planned at limit,2004,0.0649179088015113
quadcopter,lead_vf,lead_time,0.6,limit respected,2004,0.03772364134513534
quadcopter,lead_vf,lead_time,0.6,vehicle 20% weaker,2004,0.4413778497736434
quadcopter,lead_vf,lead_time,0.6,limit respected,2004,0.0382266281686475
quadcopter,lead_vf,lead_time,0.6,vehicle 20% weaker,2004,0.033596459075869056
quadcopter,lead_vf,lead_time,0.6,planned at limit,2005,0.031757525514250436
quadcopter,lead_vf,lead_time,0.6,planned at limit,2005,0.055486263413554934
quadcopter,lead_vf,lead_time,0.6,limit respected,2005,0.022815249818382104
quadcopter,lead_vf,lead_time,0.6,vehicle 20% weaker,2005,0.024039462730974057
quadcopter,lead_vf,lead_time,0.6,limit respected,2005,0.020480375598720735
quadcopter,lead_vf,lead_time,0.6,vehicle 20% weaker,2005,0.021955313426355257
quadcopter,lead_vf,lead_time,0.6,planned at limit,2005,0.027354655479900035
quadcopter,lead_vf,lead_time,0.6,planned at limit,2005,0.11352829124774974
quadcopter,lead_vf,lead_time,0.6,limit respected,2005,0.029357306919577025
quadcopter,lead_vf,lead_time,0.6,vehicle 20% weaker,2005,0.03814542006761276
quadcopter,lead_vf,lead_time,0.6,limit respected,2005,0.027722535261464044
quadcopter,lead_vf,lead_time,0.6,vehicle 20% weaker,2005,0.02552457848794677
quadcopter,lead_vf,lead_time,0.6,planned at limit,2005,0.1102256786565556
quadcopter,lead_vf,lead_time,0.6,planned at limit,2005,0.029787411993285176
quadcopter,lead_vf,lead_time,0.6,limit respected,2005,0.03623596749629014
quadcopter,lead_vf,lead_time,0.6,vehicle 20% weaker,2005,0.20451831289631953
quadcopter,lead_vf,lead_time,0.6,limit respected,2005,0.04182467322768551
quadcopter,lead_vf,lead_time,0.6,vehicle 20% weaker,2005,0.032926183239606846
quadcopter,lead_vf,lead_time,0.8,planned at limit,2000,0.04934428896172262
quadcopter,lead_vf,lead_time,0.8,planned at limit,2000,0.07825446375394492
quadcopter,lead_vf,lead_time,0.8,limit respected,2000,0.030940144534406213
quadcopter,lead_vf,lead_time,0.8,vehicle 20% weaker,2000,0.030884322601037274
quadcopter,lead_vf,lead_time,0.8,limit respected,2000,0.025998676737666634
quadcopter,lead_vf,lead_time,0.8,vehicle 20% weaker,2000,0.025584488579849594
quadcopter,lead_vf,lead_time,0.8,planned at limit,2000,0.08443624300627503
quadcopter,lead_vf,lead_time,0.8,planned at limit,2000,0.045181304496816746
quadcopter,lead_vf,lead_time,0.8,limit respected,2000,0.03288363532863442
quadcopter,lead_vf,lead_time,0.8,vehicle 20% weaker,2000,0.02758182012797085
quadcopter,lead_vf,lead_time,0.8,limit respected,2000,0.025880410281509315
quadcopter,lead_vf,lead_time,0.8,vehicle 20% weaker,2000,0.032380808984322565
quadcopter,lead_vf,lead_time,0.8,planned at limit,2000,0.06413746097578452
quadcopter,lead_vf,lead_time,0.8,planned at limit,2000,0.06732976223833662
quadcopter,lead_vf,lead_time,0.8,limit respected,2000,0.04615894750912565
quadcopter,lead_vf,lead_time,0.8,vehicle 20% weaker,2000,0.23289051434572772
quadcopter,lead_vf,lead_time,0.8,limit respected,2000,0.03479679804911852
quadcopter,lead_vf,lead_time,0.8,vehicle 20% weaker,2000,0.03456204243541409
quadcopter,lead_vf,lead_time,0.8,planned at limit,2001,0.0521298859982513
quadcopter,lead_vf,lead_time,0.8,planned at limit,2001,0.08961106219829944
quadcopter,lead_vf,lead_time,0.8,limit respected,2001,0.03209769986615975
quadcopter,lead_vf,lead_time,0.8,vehicle 20% weaker,2001,0.0322361300307486
quadcopter,lead_vf,lead_time,0.8,limit respected,2001,0.024635122742411922
quadcopter,lead_vf,lead_time,0.8,vehicle 20% weaker,2001,0.025853541371603166
quadcopter,lead_vf,lead_time,0.8,planned at limit,2001,0.03820616033905022
quadcopter,lead_vf,lead_time,0.8,planned at limit,2001,0.2738199978665382
quadcopter,lead_vf,lead_time,0.8,limit respected,2001,0.029684719348677984
quadcopter,lead_vf,lead_time,0.8,vehicle 20% weaker,2001,0.031148241298991047
quadcopter,lead_vf,lead_time,0.8,limit respected,2001,0.025793595552869038
quadcopter,lead_vf,lead_time,0.8,vehicle 20% weaker,2001,0.024994797607091224
quadcopter,lead_vf,lead_time,0.8,planned at limit,2001,0.2696824349410877
quadcopter,lead_vf,lead_time,0.8,planned at limit,2001,0.035920073949369004
quadcopter,lead_vf,lead_time,0.8,limit respected,2001,0.0396545132810927
quadcopter,lead_vf,lead_time,0.8,vehicle 20% weaker,2001,0.049212164272554634
quadcopter,lead_vf,lead_time,0.8,limit respected,2001,0.04553249875709106
quadcopter,lead_vf,lead_time,0.8,vehicle 20% weaker,2001,0.0377773941229554
quadcopter,lead_vf,lead_time,0.8,planned at limit,2002,0.057808493187102114
quadcopter,lead_vf,lead_time,0.8,planned at limit,2002,0.09265822638698798
quadcopter,lead_vf,lead_time,0.8,limit respected,2002,0.03239444102186188
quadcopter,lead_vf,lead_time,0.8,vehicle 20% weaker,2002,0.03058093100201247
quadcopter,lead_vf,lead_time,0.8,limit respected,2002,0.025156631648038892
quadcopter,lead_vf,lead_time,0.8,vehicle 20% weaker,2002,0.025460536980634826
quadcopter,lead_vf,lead_time,0.8,planned at limit,2002,0.08025219328158156
quadcopter,lead_vf,lead_time,0.8,planned at limit,2002,0.2762854544526826
quadcopter,lead_vf,lead_time,0.8,limit respected,2002,0.03274016873604331
quadcopter,lead_vf,lead_time,0.8,vehicle 20% weaker,2002,0.0489214242342515
quadcopter,lead_vf,lead_time,0.8,limit respected,2002,0.028249962169674025
quadcopter,lead_vf,lead_time,0.8,vehicle 20% weaker,2002,0.034212501267256654
quadcopter,lead_vf,lead_time,0.8,planned at limit,2002,0.13575637035690769
quadcopter,lead_vf,lead_time,0.8,planned at limit,2002,0.08360166913945188
quadcopter,lead_vf,lead_time,0.8,limit respected,2002,0.03918341941193491
quadcopter,lead_vf,lead_time,0.8,vehicle 20% weaker,2002,0.1027643881463132
quadcopter,lead_vf,lead_time,0.8,limit respected,2002,0.03784973207215929
quadcopter,lead_vf,lead_time,0.8,vehicle 20% weaker,2002,0.08965788950671394
quadcopter,lead_vf,lead_time,0.8,planned at limit,2003,0.05996793189588374
quadcopter,lead_vf,lead_time,0.8,planned at limit,2003,0.11430284985014183
quadcopter,lead_vf,lead_time,0.8,limit respected,2003,0.03448781439966847
quadcopter,lead_vf,lead_time,0.8,vehicle 20% weaker,2003,0.0348608485958194
quadcopter,lead_vf,lead_time,0.8,limit respected,2003,0.026947700980897965
quadcopter,lead_vf,lead_time,0.8,vehicle 20% weaker,2003,0.026280434654111073
quadcopter,lead_vf,lead_time,0.8,planned at limit,2003,0.10933654273054873
quadcopter,lead_vf,lead_time,0.8,planned at limit,2003,0.05477750783093847
quadcopter,lead_vf,lead_time,0.8,limit respected,2003,0.03292747318342379
quadcopter,lead_vf,lead_time,0.8,vehicle 20% weaker,2003,0.052865030843757266
quadcopter,lead_vf,lead_time,0.8,limit respected,2003,0.03248889701919374
quadcopter,lead_vf,lead_time,0.8,vehicle 20% weaker,2003,0.033731920760014876
quadcopter,lead_vf,lead_time,0.8,planned at limit,2003,0.04506950664168599
quadcopter,lead_vf,lead_time,0.8,planned at limit,2003,0.05117480408471797
quadcopter,lead_vf,lead_time,0.8,limit respected,2003,0.04055521843548328
quadcopter,lead_vf,lead_time,0.8,vehicle 20% weaker,2003,0.03268903026244485
quadcopter,lead_vf,lead_time,0.8,limit respected,2003,0.04351824149091266
quadcopter,lead_vf,lead_time,0.8,vehicle 20% weaker,2003,0.16649403922044892
quadcopter,lead_vf,lead_time,0.8,planned at limit,2004,0.050414860872521255
quadcopter,lead_vf,lead_time,0.8,planned at limit,2004,0.08079240292309829
quadcopter,lead_vf,lead_time,0.8,limit respected,2004,0.02998842452100875
quadcopter,lead_vf,lead_time,0.8,vehicle 20% weaker,2004,0.03146281014442038
quadcopter,lead_vf,lead_time,0.8,limit respected,2004,0.026693941500809816
quadcopter,lead_vf,lead_time,0.8,vehicle 20% weaker,2004,0.027316671820405758
quadcopter,lead_vf,lead_time,0.8,planned at limit,2004,0.0715663141321389
quadcopter,lead_vf,lead_time,0.8,planned at limit,2004,0.24711428060481283
quadcopter,lead_vf,lead_time,0.8,limit respected,2004,0.039140197699516335
quadcopter,lead_vf,lead_time,0.8,vehicle 20% weaker,2004,0.03383406231835878
quadcopter,lead_vf,lead_time,0.8,limit respected,2004,0.0294739259906142
quadcopter,lead_vf,lead_time,0.8,vehicle 20% weaker,2004,0.03424055092959245
quadcopter,lead_vf,lead_time,0.8,planned at limit,2004,0.04185407690490661
quadcopter,lead_vf,lead_time,0.8,planned at limit,2004,0.07047928292409102
quadcopter,lead_vf,lead_time,0.8,limit respected,2004,0.04214699249793681
quadcopter,lead_vf,lead_time,0.8,vehicle 20% weaker,2004,0.4252748741634915
quadcopter,lead_vf,lead_time,0.8,limit respected,2004,0.04356082790978897
quadcopter,lead_vf,lead_time,0.8,vehicle 20% weaker,2004,0.03462007348499367
quadcopter,lead_vf,lead_time,0.8,planned at limit,2005,0.04485276872713393
quadcopter,lead_vf,lead_time,0.8,planned at limit,2005,0.06284714774463199
quadcopter,lead_vf,lead_time,0.8,limit respected,2005,0.030366694627441047
quadcopter,lead_vf,lead_time,0.8,vehicle 20% weaker,2005,0.030405501444710256
quadcopter,lead_vf,lead_time,0.8,limit respected,2005,0.025453815701297178
quadcopter,lead_vf,lead_time,0.8,vehicle 20% weaker,2005,0.02626935819639544
quadcopter,lead_vf,lead_time,0.8,planned at limit,2005,0.035214199737099994
quadcopter,lead_vf,lead_time,0.8,planned at limit,2005,0.1121475735547179
quadcopter,lead_vf,lead_time,0.8,limit respected,2005,0.03611284667960511
quadcopter,lead_vf,lead_time,0.8,vehicle 20% weaker,2005,0.047069891393475574
quadcopter,lead_vf,lead_time,0.8,limit respected,2005,0.03497460075572288
quadcopter,lead_vf,lead_time,0.8,vehicle 20% weaker,2005,0.03144727835618501
quadcopter,lead_vf,lead_time,0.8,planned at limit,2005,0.07821330532798552
quadcopter,lead_vf,lead_time,0.8,planned at limit,2005,0.03171476870848067
quadcopter,lead_vf,lead_time,0.8,limit respected,2005,0.040580249183645306
quadcopter,lead_vf,lead_time,0.8,vehicle 20% weaker,2005,0.16605863019965733
quadcopter,lead_vf,lead_time,0.8,limit respected,2005,0.0436709932413052
quadcopter,lead_vf,lead_time,0.8,vehicle 20% weaker,2005,0.03340750358251098
quadcopter,lead_vf,lead_time,1.0,planned at limit,2000,0.06157933696561337
quadcopter,lead_vf,lead_time,1.0,planned at limit,2000,0.09122070236211985
quadcopter,lead_vf,lead_time,1.0,limit respected,2000,0.038587804098148486
quadcopter,lead_vf,lead_time,1.0,vehicle 20% weaker,2000,0.037727550857396
quadcopter,lead_vf,lead_time,1.0,limit respected,2000,0.030810548758794774
quadcopter,lead_vf,lead_time,1.0,vehicle 20% weaker,2000,0.031075756118583858
quadcopter,lead_vf,lead_time,1.0,planned at limit,2000,0.09608756926510374
quadcopter,lead_vf,lead_time,1.0,planned at limit,2000,0.05197790364615286
quadcopter,lead_vf,lead_time,1.0,limit respected,2000,0.03921537094185759
quadcopter,lead_vf,lead_time,1.0,vehicle 20% weaker,2000,0.03305487749824167
quadcopter,lead_vf,lead_time,1.0,limit respected,2000,0.029520531294023412
quadcopter,lead_vf,lead_time,1.0,vehicle 20% weaker,2000,0.04156139461586349
quadcopter,lead_vf,lead_time,1.0,planned at limit,2000,0.0859134276705981
quadcopter,lead_vf,lead_time,1.0,planned at limit,2000,0.0731458096404867
quadcopter,lead_vf,lead_time,1.0,limit respected,2000,0.050944192540350625
quadcopter,lead_vf,lead_time,1.0,vehicle 20% weaker,2000,0.24624349535194986
quadcopter,lead_vf,lead_time,1.0,limit respected,2000,0.038665674623856096
quadcopter,lead_vf,lead_time,1.0,vehicle 20% weaker,2000,0.038503038350268096
quadcopter,lead_vf,lead_time,1.0,planned at limit,2001,0.06618913536745817
quadcopter,lead_vf,lead_time,1.0,planned at limit,2001,0.10484974270824252
quadcopter,lead_vf,lead_time,1.0,limit respected,2001,0.0404769312194352
quadcopter,lead_vf,lead_time,1.0,vehicle 20% weaker,2001,0.04025653090087985
quadcopter,lead_vf,lead_time,1.0,limit respected,2001,0.031064252905985246
quadcopter,lead_vf,lead_time,1.0,vehicle 20% weaker,2001,0.03172214615316555
quadcopter,lead_vf,lead_time,1.0,planned at limit,2001,0.0473643385647278
quadcopter,lead_vf,lead_time,1.0,planned at limit,2001,0.24943497055887515
quadcopter,lead_vf,lead_time,1.0,limit respected,2001,0.036473797620860074
quadcopter,lead_vf,lead_time,1.0,vehicle 20% weaker,2001,0.034788016201822744
quadcopter,lead_vf,lead_time,1.0,limit respected,2001,0.02918473523406368
quadcopter,lead_vf,lead_time,1.0,vehicle 20% weaker,2001,0.02861006264812791
quadcopter,lead_vf,lead_time,1.0,planned at limit,2001,0.2826875450231079
quadcopter,lead_vf,lead_time,1.0,planned at limit,2001,0.041869526696773046
quadcopter,lead_vf,lead_time,1.0,limit respected,2001,0.040809379063757034
quadcopter,lead_vf,lead_time,1.0,vehicle 20% weaker,2001,0.05495030597309297
quadcopter,lead_vf,lead_time,1.0,limit respected,2001,0.051821521340816794
quadcopter,lead_vf,lead_time,1.0,vehicle 20% weaker,2001,0.038809888520360956
quadcopter,lead_vf,lead_time,1.0,planned at limit,2002,0.07203693771256234
quadcopter,lead_vf,lead_time,1.0,planned at limit,2002,0.10915096211922617
quadcopter,lead_vf,lead_time,1.0,limit respected,2002,0.040432052908537484
quadcopter,lead_vf,lead_time,1.0,vehicle 20% weaker,2002,0.04033671777349128
quadcopter,lead_vf,lead_time,1.0,limit respected,2002,0.03076657614558871
quadcopter,lead_vf,lead_time,1.0,vehicle 20% weaker,2002,0.03095196149378563
quadcopter,lead_vf,lead_time,1.0,planned at limit,2002,0.09759383229050542
quadcopter,lead_vf,lead_time,1.0,planned at limit,2002,0.27816837201193234
quadcopter,lead_vf,lead_time,1.0,limit respected,2002,0.038780173939807934
quadcopter,lead_vf,lead_time,1.0,vehicle 20% weaker,2002,0.06127705968047335
quadcopter,lead_vf,lead_time,1.0,limit respected,2002,0.033961769687344566
quadcopter,lead_vf,lead_time,1.0,vehicle 20% weaker,2002,0.04091610673095958
quadcopter,lead_vf,lead_time,1.0,planned at limit,2002,0.14572597969838347
quadcopter,lead_vf,lead_time,1.0,planned at limit,2002,0.08095421550354076
quadcopter,lead_vf,lead_time,1.0,limit respected,2002,0.045865672308465145
quadcopter,lead_vf,lead_time,1.0,vehicle 20% weaker,2002,0.13235024986400112
quadcopter,lead_vf,lead_time,1.0,limit respected,2002,0.040836711186304
quadcopter,lead_vf,lead_time,1.0,vehicle 20% weaker,2002,0.09641838183498769
quadcopter,lead_vf,lead_time,1.0,planned at limit,2003,0.07665742843254321
quadcopter,lead_vf,lead_time,1.0,planned at limit,2003,0.13153758995771897
quadcopter,lead_vf,lead_time,1.0,limit respected,2003,0.04384000890613306
quadcopter,lead_vf,lead_time,1.0,vehicle 20% weaker,2003,0.04400215898120464
quadcopter,lead_vf,lead_time,1.0,limit respected,2003,0.03294803946961739
quadcopter,lead_vf,lead_time,1.0,vehicle 20% weaker,2003,0.03295175274946271
quadcopter,lead_vf,lead_time,1.0,planned at limit,2003,0.12330706682464834
quadcopter,lead_vf,lead_time,1.0,planned at limit,2003,0.06624192139013041
quadcopter,lead_vf,lead_time,1.0,limit respected,2003,0.03936260872878181
quadcopter,lead_vf,lead_time,1.0,vehicle 20% weaker,2003,0.063509211937795
quadcopter,lead_vf,lead_time,1.0,limit respected,2003,0.04167131266885338
quadcopter,lead_vf,lead_time,1.0,vehicle 20% weaker,2003,0.04092935447189562
quadcopter,lead_vf,lead_time,1.0,planned at limit,2003,0.053582792727142683
quadcopter,lead_vf,lead_time,1.0,planned at limit,2003,0.0596823574368545
quadcopter,lead_vf,lead_time,1.0,limit respected,2003,0.04666785173317019
quadcopter,lead_vf,lead_time,1.0,vehicle 20% weaker,2003,0.03691933565565876
quadcopter,lead_vf,lead_time,1.0,limit respected,2003,0.055643657416328485
quadcopter,lead_vf,lead_time,1.0,vehicle 20% weaker,2003,0.17941291296001832
quadcopter,lead_vf,lead_time,1.0,planned at limit,2004,0.06253626722410448
quadcopter,lead_vf,lead_time,1.0,planned at limit,2004,0.09304652452178395
quadcopter,lead_vf,lead_time,1.0,limit respected,2004,0.03900212847554653
quadcopter,lead_vf,lead_time,1.0,vehicle 20% weaker,2004,0.039688869492690904
quadcopter,lead_vf,lead_time,1.0,limit respected,2004,0.0326433775654984
quadcopter,lead_vf,lead_time,1.0,vehicle 20% weaker,2004,0.03306829352275884
quadcopter,lead_vf,lead_time,1.0,planned at limit,2004,0.08083240543142226
quadcopter,lead_vf,lead_time,1.0,planned at limit,2004,0.2378018603426591
quadcopter,lead_vf,lead_time,1.0,limit respected,2004,0.04825434152007087
quadcopter,lead_vf,lead_time,1.0,vehicle 20% weaker,2004,0.04029688152664687
quadcopter,lead_vf,lead_time,1.0,limit respected,2004,0.037030656494152644
quadcopter,lead_vf,lead_time,1.0,vehicle 20% weaker,2004,0.03989336370454466
quadcopter,lead_vf,lead_time,1.0,planned at limit,2004,0.044618265828288345
quadcopter,lead_vf,lead_time,1.0,planned at limit,2004,0.08176107368647362
quadcopter,lead_vf,lead_time,1.0,limit respected,2004,0.04625288563050865
quadcopter,lead_vf,lead_time,1.0,vehicle 20% weaker,2004,0.4399005596602452
quadcopter,lead_vf,lead_time,1.0,limit respected,2004,0.048847612916964114
quadcopter,lead_vf,lead_time,1.0,vehicle 20% weaker,2004,0.036542333857556626
quadcopter,lead_vf,lead_time,1.0,planned at limit,2005,0.057519072757428596
quadcopter,lead_vf,lead_time,1.0,planned at limit,2005,0.07444178795117129
quadcopter,lead_vf,lead_time,1.0,limit respected,2005,0.038057056350694556
quadcopter,lead_vf,lead_time,1.0,vehicle 20% weaker,2005,0.03772575182658244
quadcopter,lead_vf,lead_time,1.0,limit respected,2005,0.03125949104771978
quadcopter,lead_vf,lead_time,1.0,vehicle 20% weaker,2005,0.03181391153998127
quadcopter,lead_vf,lead_time,1.0,planned at limit,2005,0.04276715860478976
quadcopter,lead_vf,lead_time,1.0,planned at limit,2005,0.12344193375077084
quadcopter,lead_vf,lead_time,1.0,limit respected,2005,0.043229472518485454
quadcopter,lead_vf,lead_time,1.0,vehicle 20% weaker,2005,0.058690790942161876
quadcopter,lead_vf,lead_time,1.0,limit respected,2005,0.04260966632882825
quadcopter,lead_vf,lead_time,1.0,vehicle 20% weaker,2005,0.040085845533138625
quadcopter,lead_vf,lead_time,1.0,planned at limit,2005,0.06571944325409354
quadcopter,lead_vf,lead_time,1.0,planned at limit,2005,0.03730685190662965
quadcopter,lead_vf,lead_time,1.0,limit respected,2005,0.04624142966487433
quadcopter,lead_vf,lead_time,1.0,vehicle 20% weaker,2005,0.17060498734305612
quadcopter,lead_vf,lead_time,1.0,limit respected,2005,0.04659697516436373
quadcopter,lead_vf,lead_time,1.0,vehicle 20% weaker,2005,0.03378882762225135
quadcopter,lead_vf,lead_time,1.2,planned at limit,2000,0.07284277921155463
quadcopter,lead_vf,lead_time,1.2,planned at limit,2000,0.10516613967094468
quadcopter,lead_vf,lead_time,1.2,limit respected,2000,0.04560704775218253
quadcopter,lead_vf,lead_time,1.2,vehicle 20% weaker,2000,0.045269375401316314
quadcopter,lead_vf,lead_time,1.2,limit respected,2000,0.03712648580320864
quadcopter,lead_vf,lead_time,1.2,vehicle 20% weaker,2000,0.03682269128107131
quadcopter,lead_vf,lead_time,1.2,planned at limit,2000,0.1127608169447782
quadcopter,lead_vf,lead_time,1.2,planned at limit,2000,0.07267653837186624
quadcopter,lead_vf,lead_time,1.2,limit respected,2000,0.04725092592313531
quadcopter,lead_vf,lead_time,1.2,vehicle 20% weaker,2000,0.03968604039714767
quadcopter,lead_vf,lead_time,1.2,limit respected,2000,0.033328602442540066
quadcopter,lead_vf,lead_time,1.2,vehicle 20% weaker,2000,0.04892807557164711
quadcopter,lead_vf,lead_time,1.2,planned at limit,2000,0.11543355056899285
quadcopter,lead_vf,lead_time,1.2,planned at limit,2000,0.08153361750692112
quadcopter,lead_vf,lead_time,1.2,limit respected,2000,0.05367211285711808
quadcopter,lead_vf,lead_time,1.2,vehicle 20% weaker,2000,0.25883670218155413
quadcopter,lead_vf,lead_time,1.2,limit respected,2000,0.043615134689719275
quadcopter,lead_vf,lead_time,1.2,vehicle 20% weaker,2000,0.042014588939161324
quadcopter,lead_vf,lead_time,1.2,planned at limit,2001,0.07816889794887562
quadcopter,lead_vf,lead_time,1.2,planned at limit,2001,0.12059322160307803
quadcopter,lead_vf,lead_time,1.2,limit respected,2001,0.04864244140430994
quadcopter,lead_vf,lead_time,1.2,vehicle 20% weaker,2001,0.049093458323729466
quadcopter,lead_vf,lead_time,1.2,limit respected,2001,0.03718164712193393
quadcopter,lead_vf,lead_time,1.2,vehicle 20% weaker,2001,0.038027939492813884
quadcopter,lead_vf,lead_time,1.2,planned at limit,2001,0.05546640258645786
quadcopter,lead_vf,lead_time,1.2,planned at limit,2001,0.2654953040537861
quadcopter,lead_vf,lead_time,1.2,limit respected,2001,0.04429311781839911
quadcopter,lead_vf,lead_time,1.2,vehicle 20% weaker,2001,0.041717667052127656
quadcopter,lead_vf,lead_time,1.2,limit respected,2001,0.03291328885023618
quadcopter,lead_vf,lead_time,1.2,vehicle 20% weaker,2001,0.033437006699646166
quadcopter,lead_vf,lead_time,1.2,planned at limit,2001,0.3058597809226021
quadcopter,lead_vf,lead_time,1.2,planned at limit,2001,0.05045863737525959
quadcopter,lead_vf,lead_time,1.2,limit respected,2001,0.044797595459118086
quadcopter,lead_vf,lead_time,1.2,vehicle 20% weaker,2001,0.06496723496074452
quadcopter,lead_vf,lead_time,1.2,limit respected,2001,0.058394037609247745
quadcopter,lead_vf,lead_time,1.2,vehicle 20% weaker,2001,0.039927863762576586
quadcopter,lead_vf,lead_time,1.2,planned at limit,2002,0.08620398553687314
quadcopter,lead_vf,lead_time,1.2,planned at limit,2002,0.12772273099658946
quadcopter,lead_vf,lead_time,1.2,limit respected,2002,0.04931598561562782
quadcopter,lead_vf,lead_time,1.2,vehicle 20% weaker,2002,0.050731495407469636
quadcopter,lead_vf,lead_time,1.2,limit respected,2002,0.03688043850217959
quadcopter,lead_vf,lead_time,1.2,vehicle 20% weaker,2002,0.03665617657002513
quadcopter,lead_vf,lead_time,1.2,planned at limit,2002,0.12071073333398089
quadcopter,lead_vf,lead_time,1.2,planned at limit,2002,0.29882459636191017
quadcopter,lead_vf,lead_time,1.2,limit respected,2002,0.043680735321946204
quadcopter,lead_vf,lead_time,1.2,vehicle 20% weaker,2002,0.07737913584524711
quadcopter,lead_vf,lead_time,1.2,limit respected,2002,0.04050386636946692
quadcopter,lead_vf,lead_time,1.2,vehicle 20% weaker,2002,0.048737368289475454
quadcopter,lead_vf,lead_time,1.2,planned at limit,2002,0.1867443313489647
quadcopter,lead_vf,lead_time,1.2,planned at limit,2002,0.09633766819172598
quadcopter,lead_vf,lead_time,1.2,limit respected,2002,0.05158334748793954
quadcopter,lead_vf,lead_time,1.2,vehicle 20% weaker,2002,0.1640638471267032
quadcopter,lead_vf,lead_time,1.2,limit respected,2002,0.04374274878920055
quadcopter,lead_vf,lead_time,1.2,vehicle 20% weaker,2002,0.10228927663310491
quadcopter,lead_vf,lead_time,1.2,planned at limit,2003,0.09160810775960537
quadcopter,lead_vf,lead_time,1.2,planned at limit,2003,0.15252409616868906
quadcopter,lead_vf,lead_time,1.2,limit respected,2003,0.053568795094178
quadcopter,lead_vf,lead_time,1.2,vehicle 20% weaker,2003,0.053946001011271665
quadcopter,lead_vf,lead_time,1.2,limit respected,2003,0.039848950531677765
quadcopter,lead_vf,lead_time,1.2,vehicle 20% weaker,2003,0.03987447272008231
quadcopter,lead_vf,lead_time,1.2,planned at limit,2003,0.14058917579987987
quadcopter,lead_vf,lead_time,1.2,planned at limit,2003,0.0760513377955056
quadcopter,lead_vf,lead_time,1.2,limit respected,2003,0.046697349402320315
quadcopter,lead_vf,lead_time,1.2,vehicle 20% weaker,2003,0.07413973466626989
quadcopter,lead_vf,lead_time,1.2,limit respected,2003,0.04899260434672814
quadcopter,lead_vf,lead_time,1.2,vehicle 20% weaker,2003,0.05010326706149652
quadcopter,lead_vf,lead_time,1.2,planned at limit,2003,0.06271699821091645
quadcopter,lead_vf,lead_time,1.2,planned at limit,2003,0.06556945978210194
quadcopter,lead_vf,lead_time,1.2,limit respected,2003,0.05601490479754318
quadcopter,lead_vf,lead_time,1.2,vehicle 20% weaker,2003,0.04113363753726059
quadcopter,lead_vf,lead_time,1.2,limit respected,2003,0.067183214947172
quadcopter,lead_vf,lead_time,1.2,vehicle 20% weaker,2003,0.19755873398074528
quadcopter,lead_vf,lead_time,1.2,planned at limit,2004,0.07309937315756893
quadcopter,lead_vf,lead_time,1.2,planned at limit,2004,0.1094440025140459
quadcopter,lead_vf,lead_time,1.2,limit respected,2004,0.045779603262393526
quadcopter,lead_vf,lead_time,1.2,vehicle 20% weaker,2004,0.04718159050831062
quadcopter,lead_vf,lead_time,1.2,limit respected,2004,0.039008552896951154
quadcopter,lead_vf,lead_time,1.2,vehicle 20% weaker,2004,0.039596777557246846
quadcopter,lead_vf,lead_time,1.2,planned at limit,2004,0.09526669452443501
quadcopter,lead_vf,lead_time,1.2,planned at limit,2004,0.25081407002328354
quadcopter,lead_vf,lead_time,1.2,limit respected,2004,0.060577256769674695
quadcopter,lead_vf,lead_time,1.2,vehicle 20% weaker,2004,0.04840044115572224
quadcopter,lead_vf,lead_time,1.2,limit respected,2004,0.042372357316324896
quadcopter,lead_vf,lead_time,1.2,vehicle 20% weaker,2004,0.04832113715871954
quadcopter,lead_vf,lead_time,1.2,planned at limit,2004,0.04782969157365388
quadcopter,lead_vf,lead_time,1.2,planned at limit,2004,0.09279980078139494
quadcopter,lead_vf,lead_time,1.2,limit respected,2004,0.05158246889475936
quadcopter,lead_vf,lead_time,1.2,vehicle 20% weaker,2004,0.4626802528869084
quadcopter,lead_vf,lead_time,1.2,limit respected,2004,0.05452031210870149
quadcopter,lead_vf,lead_time,1.2,vehicle 20% weaker,2004,0.039486478177294435
quadcopter,lead_vf,lead_time,1.2,planned at limit,2005,0.0684388553267207
quadcopter,lead_vf,lead_time,1.2,planned at limit,2005,0.08884679285418161
quadcopter,lead_vf,lead_time,1.2,limit respected,2005,0.04477463194520308
quadcopter,lead_vf,lead_time,1.2,vehicle 20% weaker,2005,0.045832484717437644
quadcopter,lead_vf,lead_time,1.2,limit respected,2005,0.03738080145459741
quadcopter,lead_vf,lead_time,1.2,vehicle 20% weaker,2005,0.03790115958138748
quadcopter,lead_vf,lead_time,1.2,planned at limit,2005,0.05058150958849471
quadcopter,lead_vf,lead_time,1.2,planned at limit,2005,0.13914040202161027
quadcopter,lead_vf,lead_time,1.2,limit respected,2005,0.05333841082547222
quadcopter,lead_vf,lead_time,1.2,vehicle 20% weaker,2005,0.07421650823185817
quadcopter,lead_vf,lead_time,1.2,limit respected,2005,0.049355034623026775
quadcopter,lead_vf,lead_time,1.2,vehicle 20% weaker,2005,0.048782477558896996
quadcopter,lead_vf,lead_time,1.2,planned at limit,2005,0.08112164840712284
quadcopter,lead_vf,lead_time,1.2,planned at limit,2005,0.042216410755384265
quadcopter,lead_vf,lead_time,1.2,limit respected,2005,0.05160024570413622
quadcopter,lead_vf,lead_time,1.2,vehicle 20% weaker,2005,0.19054408070999554
quadcopter,lead_vf,lead_time,1.2,limit respected,2005,0.05534628817888079
quadcopter,lead_vf,lead_time,1.2,vehicle 20% weaker,2005,0.034215670373924284
quadcopter,vector_field,feedforward,True,planned at limit,2000,0.06532561539386217
quadcopter,vector_field,feedforward,True,planned at limit,2000,0.1807509813917923
quadcopter,vector_field,feedforward,True,limit respected,2000,0.022528909184985207
quadcopter,vector_field,feedforward,True,vehicle 20% weaker,2000,0.02573225989706147
quadcopter,vector_field,feedforward,True,limit respected,2000,0.020234368011777883
quadcopter,vector_field,feedforward,True,vehicle 20% weaker,2000,0.020411866670765562
quadcopter,vector_field,feedforward,True,planned at limit,2000,0.1705682764307496
quadcopter,vector_field,feedforward,True,planned at limit,2000,0.16208957144871894
quadcopter,vector_field,feedforward,True,limit respected,2000,0.02439905420099194
quadcopter,vector_field,feedforward,True,vehicle 20% weaker,2000,0.03633646509010049
quadcopter,vector_field,feedforward,True,limit respected,2000,0.02228215039627672
quadcopter,vector_field,feedforward,True,vehicle 20% weaker,2000,0.043886652269454485
quadcopter,vector_field,feedforward,True,planned at limit,2000,0.12176419319093455
quadcopter,vector_field,feedforward,True,planned at limit,2000,0.04929901912595462
quadcopter,vector_field,feedforward,True,limit respected,2000,0.04068033176217693
quadcopter,vector_field,feedforward,True,vehicle 20% weaker,2000,0.320536519505058
quadcopter,vector_field,feedforward,True,limit respected,2000,0.03306905250073081
quadcopter,vector_field,feedforward,True,vehicle 20% weaker,2000,0.03292876044082309
quadcopter,vector_field,feedforward,True,planned at limit,2001,0.07142393706590272
quadcopter,vector_field,feedforward,True,planned at limit,2001,0.19634470484526123
quadcopter,vector_field,feedforward,True,limit respected,2001,0.023558035879927622
quadcopter,vector_field,feedforward,True,vehicle 20% weaker,2001,0.024787476186008954
quadcopter,vector_field,feedforward,True,limit respected,2001,0.020479952004321584
quadcopter,vector_field,feedforward,True,vehicle 20% weaker,2001,0.019988393257329616
quadcopter,vector_field,feedforward,True,planned at limit,2001,0.0269814613449006
quadcopter,vector_field,feedforward,True,planned at limit,2001,0.45196361969823096
quadcopter,vector_field,feedforward,True,limit respected,2001,0.02688506856090403
quadcopter,vector_field,feedforward,True,vehicle 20% weaker,2001,0.045241237129575645
quadcopter,vector_field,feedforward,True,limit respected,2001,0.02432746641204396
quadcopter,vector_field,feedforward,True,vehicle 20% weaker,2001,0.020962808885306574
quadcopter,vector_field,feedforward,True,planned at limit,2001,0.3561915159398352
quadcopter,vector_field,feedforward,True,planned at limit,2001,0.04827776051909166
quadcopter,vector_field,feedforward,True,limit respected,2001,0.03943838598361195
quadcopter,vector_field,feedforward,True,vehicle 20% weaker,2001,0.04751649120517312
quadcopter,vector_field,feedforward,True,limit respected,2001,0.04318358824356
quadcopter,vector_field,feedforward,True,vehicle 20% weaker,2001,0.03647157660642186
quadcopter,vector_field,feedforward,True,planned at limit,2002,0.08251744866644142
quadcopter,vector_field,feedforward,True,planned at limit,2002,0.2276103508107561
quadcopter,vector_field,feedforward,True,limit respected,2002,0.0231878930323215
quadcopter,vector_field,feedforward,True,vehicle 20% weaker,2002,0.027315057598530194
quadcopter,vector_field,feedforward,True,limit respected,2002,0.019601864080457384
quadcopter,vector_field,feedforward,True,vehicle 20% weaker,2002,0.020187072852405286
quadcopter,vector_field,feedforward,True,planned at limit,2002,0.20836788797563705
quadcopter,vector_field,feedforward,True,planned at limit,2002,0.5146385628017167
quadcopter,vector_field,feedforward,True,limit respected,2002,0.02649905069330532
quadcopter,vector_field,feedforward,True,vehicle 20% weaker,2002,0.08689687845410696
quadcopter,vector_field,feedforward,True,limit respected,2002,0.025592824812818164
quadcopter,vector_field,feedforward,True,vehicle 20% weaker,2002,0.025015117512445405
quadcopter,vector_field,feedforward,True,planned at limit,2002,0.33610701176173885
quadcopter,vector_field,feedforward,True,planned at limit,2002,0.24535471609824303
quadcopter,vector_field,feedforward,True,limit respected,2002,0.03450949223189788
quadcopter,vector_field,feedforward,True,vehicle 20% weaker,2002,0.2080782549202324
quadcopter,vector_field,feedforward,True,limit respected,2002,0.03461462397703458
quadcopter,vector_field,feedforward,True,vehicle 20% weaker,2002,0.07695214573600709
quadcopter,vector_field,feedforward,True,planned at limit,2003,0.08074176660774218
quadcopter,vector_field,feedforward,True,planned at limit,2003,0.24042317455805923
quadcopter,vector_field,feedforward,True,limit respected,2003,0.024030361773775176
quadcopter,vector_field,feedforward,True,vehicle 20% weaker,2003,0.02776485631437227
quadcopter,vector_field,feedforward,True,limit respected,2003,0.020272694254965508
quadcopter,vector_field,feedforward,True,vehicle 20% weaker,2003,0.020472945838130648
quadcopter,vector_field,feedforward,True,planned at limit,2003,0.16602551404201357
quadcopter,vector_field,feedforward,True,planned at limit,2003,0.09729123387022334
quadcopter,vector_field,feedforward,True,limit respected,2003,0.024769619298497057
quadcopter,vector_field,feedforward,True,vehicle 20% weaker,2003,0.07739756044705684
quadcopter,vector_field,feedforward,True,limit respected,2003,0.026330900030357048
quadcopter,vector_field,feedforward,True,vehicle 20% weaker,2003,0.04820590326156507
quadcopter,vector_field,feedforward,True,planned at limit,2003,0.06105909393607478
quadcopter,vector_field,feedforward,True,planned at limit,2003,0.08193295462232003
quadcopter,vector_field,feedforward,True,limit respected,2003,0.049151606993056735
quadcopter,vector_field,feedforward,True,vehicle 20% weaker,2003,0.03946100176768608
quadcopter,vector_field,feedforward,True,limit respected,2003,0.04909473955852019
quadcopter,vector_field,feedforward,True,vehicle 20% weaker,2003,0.18606456182947784
quadcopter,vector_field,feedforward,True,planned at limit,2004,0.0635978692191117
quadcopter,vector_field,feedforward,True,planned at limit,2004,0.1776090812223554
quadcopter,vector_field,feedforward,True,limit respected,2004,0.022367030807556733
quadcopter,vector_field,feedforward,True,vehicle 20% weaker,2004,0.026048711231749268
quadcopter,vector_field,feedforward,True,limit respected,2004,0.020491972996813625
quadcopter,vector_field,feedforward,True,vehicle 20% weaker,2004,0.019786681163883824
quadcopter,vector_field,feedforward,True,planned at limit,2004,0.19258899609279806
quadcopter,vector_field,feedforward,True,planned at limit,2004,0.45834796809156386
quadcopter,vector_field,feedforward,True,limit respected,2004,0.051756223109960364
quadcopter,vector_field,feedforward,True,vehicle 20% weaker,2004,0.04180946786535279
quadcopter,vector_field,feedforward,True,limit respected,2004,0.02371889878859816
quadcopter,vector_field,feedforward,True,vehicle 20% weaker,2004,0.02745025540056547
quadcopter,vector_field,feedforward,True,planned at limit,2004,0.048465506169641195
quadcopter,vector_field,feedforward,True,planned at limit,2004,0.17114717219651626
quadcopter,vector_field,feedforward,True,limit respected,2004,0.036301707589154616
quadcopter,vector_field,feedforward,True,vehicle 20% weaker,2004,0.6072149657231076
quadcopter,vector_field,feedforward,True,limit respected,2004,0.03391134961448334
quadcopter,vector_field,feedforward,True,vehicle 20% weaker,2004,0.034463356615542194
quadcopter,vector_field,feedforward,True,planned at limit,2005,0.066558434618177
quadcopter,vector_field,feedforward,True,planned at limit,2005,0.1563720015675781
quadcopter,vector_field,feedforward,True,limit respected,2005,0.022460584942370607
quadcopter,vector_field,feedforward,True,vehicle 20% weaker,2005,0.024208112516113853
quadcopter,vector_field,feedforward,True,limit respected,2005,0.020785072760273318
quadcopter,vector_field,feedforward,True,vehicle 20% weaker,2005,0.02071248936814095
quadcopter,vector_field,feedforward,True,planned at limit,2005,0.03190890136892178
quadcopter,vector_field,feedforward,True,planned at limit,2005,0.22886890259479464
quadcopter,vector_field,feedforward,True,limit respected,2005,0.037110983300525646
quadcopter,vector_field,feedforward,True,vehicle 20% weaker,2005,0.1286738409608544
quadcopter,vector_field,feedforward,True,limit respected,2005,0.0264191961644667
quadcopter,vector_field,feedforward,True,vehicle 20% weaker,2005,0.02591085727289552
quadcopter,vector_field,feedforward,True,planned at limit,2005,0.26358914940872125
quadcopter,vector_field,feedforward,True,planned at limit,2005,0.06626147870609939
quadcopter,vector_field,feedforward,True,limit respected,2005,0.033422309206381146
quadcopter,vector_field,feedforward,True,vehicle 20% weaker,2005,0.38593644381373293
quadcopter,vector_field,feedforward,True,limit respected,2005,0.06077867714495036
quadcopter,vector_field,feedforward,True,vehicle 20% weaker,2005,0.036649836751045856
quadcopter,vector_field,feedforward,False,planned at limit,2000,0.14682373382438568
quadcopter,vector_field,feedforward,False,planned at limit,2000,0.2450314164312836
quadcopter,vector_field,feedforward,False,limit respected,2000,0.08609001319548645
quadcopter,vector_field,feedforward,False,vehicle 20% weaker,2000,0.09464912860981017
quadcopter,vector_field,feedforward,False,limit respected,2000,0.07327001343675701
quadcopter,vector_field,feedforward,False,vehicle 20% weaker,2000,0.0729807022368985
quadcopter,vector_field,feedforward,False,planned at limit,2000,0.2366456903956049
quadcopter,vector_field,feedforward,False,planned at limit,2000,0.2014532019806047
quadcopter,vector_field,feedforward,False,limit respected,2000,0.08866198093489815
quadcopter,vector_field,feedforward,False,vehicle 20% weaker,2000,0.0836390206067953
quadcopter,vector_field,feedforward,False,limit respected,2000,0.06696308708465329
quadcopter,vector_field,feedforward,False,vehicle 20% weaker,2000,0.11933893355977532
quadcopter,vector_field,feedforward,False,planned at limit,2000,0.19341818889596865
quadcopter,vector_field,feedforward,False,planned at limit,2000,0.13511861143457785
quadcopter,vector_field,feedforward,False,limit respected,2000,0.08379452878680924
quadcopter,vector_field,feedforward,False,vehicle 20% weaker,2000,0.3743804971235083
quadcopter,vector_field,feedforward,False,limit respected,2000,0.07389003447430746
quadcopter,vector_field,feedforward,False,vehicle 20% weaker,2000,0.06913500693977556
quadcopter,vector_field,feedforward,False,planned at limit,2001,0.15617264379371815
quadcopter,vector_field,feedforward,False,planned at limit,2001,0.2654622824979373
quadcopter,vector_field,feedforward,False,limit respected,2001,0.09224260429326546
quadcopter,vector_field,feedforward,False,vehicle 20% weaker,2001,0.10134844020334971
quadcopter,vector_field,feedforward,False,limit respected,2001,0.07803613259156741
quadcopter,vector_field,feedforward,False,vehicle 20% weaker,2001,0.07784922307672124
quadcopter,vector_field,feedforward,False,planned at limit,2001,0.10027583748528514
quadcopter,vector_field,feedforward,False,planned at limit,2001,0.5043520307852436
quadcopter,vector_field,feedforward,False,limit respected,2001,0.08554716609263077
quadcopter,vector_field,feedforward,False,vehicle 20% weaker,2001,0.10422349977712855
quadcopter,vector_field,feedforward,False,limit respected,2001,0.06981659353975164
quadcopter,vector_field,feedforward,False,vehicle 20% weaker,2001,0.07548393856276119
quadcopter,vector_field,feedforward,False,planned at limit,2001,0.5084842058022232
quadcopter,vector_field,feedforward,False,planned at limit,2001,0.11724657644494195
quadcopter,vector_field,feedforward,False,limit respected,2001,0.07770375925546542
quadcopter,vector_field,feedforward,False,vehicle 20% weaker,2001,0.13205547913345328
quadcopter,vector_field,feedforward,False,limit respected,2001,0.10900934622468073
quadcopter,vector_field,feedforward,False,vehicle 20% weaker,2001,0.0648535981880974
quadcopter,vector_field,feedforward,False,planned at limit,2002,0.18389117290303503
quadcopter,vector_field,feedforward,False,planned at limit,2002,0.3102614382804163
quadcopter,vector_field,feedforward,False,limit respected,2002,0.10626630115341548
quadcopter,vector_field,feedforward,False,vehicle 20% weaker,2002,0.11707576967510382
quadcopter,vector_field,feedforward,False,limit respected,2002,0.08849685356302463
quadcopter,vector_field,feedforward,False,vehicle 20% weaker,2002,0.08877588108961201
quadcopter,vector_field,feedforward,False,planned at limit,2002,0.31042409707130036
quadcopter,vector_field,feedforward,False,planned at limit,2002,0.5602702712805571
quadcopter,vector_field,feedforward,False,limit respected,2002,0.09526153309137722
quadcopter,vector_field,feedforward,False,vehicle 20% weaker,2002,0.18265270666801026
quadcopter,vector_field,feedforward,False,limit respected,2002,0.09426967509076507
quadcopter,vector_field,feedforward,False,vehicle 20% weaker,2002,0.11553266086811215
quadcopter,vector_field,feedforward,False,planned at limit,2002,0.4269904656189901
quadcopter,vector_field,feedforward,False,planned at limit,2002,0.4046530316489784
quadcopter,vector_field,feedforward,False,limit respected,2002,0.09429076285055342
quadcopter,vector_field,feedforward,False,vehicle 20% weaker,2002,0.30561506735465505
quadcopter,vector_field,feedforward,False,limit respected,2002,0.08348341376075588
quadcopter,vector_field,feedforward,False,vehicle 20% weaker,2002,0.18099127987987373
quadcopter,vector_field,feedforward,False,planned at limit,2003,0.18595718439232908
quadcopter,vector_field,feedforward,False,planned at limit,2003,0.3244609992505938
quadcopter,vector_field,feedforward,False,limit respected,2003,0.10990313088352968
quadcopter,vector_field,feedforward,False,vehicle 20% weaker,2003,0.1214173609397956
quadcopter,vector_field,feedforward,False,limit respected,2003,0.09349054023376174
quadcopter,vector_field,feedforward,False,vehicle 20% weaker,2003,0.0930787700726663
quadcopter,vector_field,feedforward,False,planned at limit,2003,0.27029090226029595
quadcopter,vector_field,feedforward,False,planned at limit,2003,0.17043393087392048
quadcopter,vector_field,feedforward,False,limit respected,2003,0.0979731559351957
quadcopter,vector_field,feedforward,False,vehicle 20% weaker,2003,0.1842167565065806
quadcopter,vector_field,feedforward,False,limit respected,2003,0.10754573014833592
quadcopter,vector_field,feedforward,False,vehicle 20% weaker,2003,0.13336242888846675
quadcopter,vector_field,feedforward,False,planned at limit,2003,0.14066813719190677
quadcopter,vector_field,feedforward,False,planned at limit,2003,0.1580565498066327
quadcopter,vector_field,feedforward,False,limit respected,2003,0.1182120453986425
quadcopter,vector_field,feedforward,False,vehicle 20% weaker,2003,0.08951975967153428
quadcopter,vector_field,feedforward,False,limit respected,2003,0.1434560222123769
quadcopter,vector_field,feedforward,False,vehicle 20% weaker,2003,0.30858642053612717
quadcopter,vector_field,feedforward,False,planned at limit,2004,0.1484744786432214
quadcopter,vector_field,feedforward,False,planned at limit,2004,0.24762978662109458
quadcopter,vector_field,feedforward,False,limit respected,2004,0.08793919498324182
quadcopter,vector_field,feedforward,False,vehicle 20% weaker,2004,0.09715081113206474
quadcopter,vector_field,feedforward,False,limit respected,2004,0.07523199046820363
quadcopter,vector_field,feedforward,False,vehicle 20% weaker,2004,0.07512092817070862
quadcopter,vector_field,feedforward,False,planned at limit,2004,0.2495406459369549
quadcopter,vector_field,feedforward,False,planned at limit,2004,0.5210983754819039
quadcopter,vector_field,feedforward,False,limit respected,2004,0.14291739581766166
quadcopter,vector_field,feedforward,False,vehicle 20% weaker,2004,0.10886900876904229
quadcopter,vector_field,feedforward,False,limit respected,2004,0.07897576886876254
quadcopter,vector_field,feedforward,False,vehicle 20% weaker,2004,0.09240745050918917
quadcopter,vector_field,feedforward,False,planned at limit,2004,0.08136864065924207
quadcopter,vector_field,feedforward,False,planned at limit,2004,0.26430491485895774
quadcopter,vector_field,feedforward,False,limit respected,2004,0.08294414588288215
quadcopter,vector_field,feedforward,False,vehicle 20% weaker,2004,0.6932412206283936
quadcopter,vector_field,feedforward,False,limit respected,2004,0.08642932683310656
quadcopter,vector_field,feedforward,False,vehicle 20% weaker,2004,0.06432753694152629
quadcopter,vector_field,feedforward,False,planned at limit,2005,0.1433905056634219
quadcopter,vector_field,feedforward,False,planned at limit,2005,0.2247215175587211
quadcopter,vector_field,feedforward,False,limit respected,2005,0.08547838686221437
quadcopter,vector_field,feedforward,False,vehicle 20% weaker,2005,0.09429554930483343
quadcopter,vector_field,feedforward,False,limit respected,2005,0.07223304053069488
quadcopter,vector_field,feedforward,False,vehicle 20% weaker,2005,0.07225025678724867
quadcopter,vector_field,feedforward,False,planned at limit,2005,0.097174523956418
quadcopter,vector_field,feedforward,False,planned at limit,2005,0.2984945845057631
quadcopter,vector_field,feedforward,False,limit respected,2005,0.09244680962339015
quadcopter,vector_field,feedforward,False,vehicle 20% weaker,2005,0.20281269247425582
quadcopter,vector_field,feedforward,False,limit respected,2005,0.08411591744331451
quadcopter,vector_field,feedforward,False,vehicle 20% weaker,2005,0.09051811056089182
quadcopter,vector_field,feedforward,False,planned at limit,2005,0.3056934139037777
quadcopter,vector_field,feedforward,False,planned at limit,2005,0.11652665098018533
quadcopter,vector_field,feedforward,False,limit respected,2005,0.08764476660824808
quadcopter,vector_field,feedforward,False,vehicle 20% weaker,2005,0.4569742786369676
quadcopter,vector_field,feedforward,False,limit respected,2005,0.10744886630019138
quadcopter,vector_field,feedforward,False,vehicle 20% weaker,2005,0.06590903048310368
quadcopter,l1,lookahead_time,1.0,planned at limit,2000,0.02425673021787471
quadcopter,l1,lookahead_time,1.0,planned at limit,2000,0.10561042394697137
quadcopter,l1,lookahead_time,1.0,limit respected,2000,0.015576542561968346
quadcopter,l1,lookahead_time,1.0,vehicle 20% weaker,2000,0.015689359454515647
quadcopter,l1,lookahead_time,1.0,limit respected,2000,0.017733239037995695
quadcopter,l1,lookahead_time,1.0,vehicle 20% weaker,2000,0.015470450046504826
quadcopter,l1,lookahead_time,1.0,planned at limit,2000,0.11183919373652049
quadcopter,l1,lookahead_time,1.0,planned at limit,2000,0.07388236976468494
quadcopter,l1,lookahead_time,1.0,limit respected,2000,0.017667177951120248
quadcopter,l1,lookahead_time,1.0,vehicle 20% weaker,2000,0.017878330235195007
quadcopter,l1,lookahead_time,1.0,limit respected,2000,0.01799281908782234
quadcopter,l1,lookahead_time,1.0,vehicle 20% weaker,2000,0.024215361068353723
quadcopter,l1,lookahead_time,1.0,planned at limit,2000,0.06146686517256679
quadcopter,l1,lookahead_time,1.0,planned at limit,2000,0.06145532168235773
quadcopter,l1,lookahead_time,1.0,limit respected,2000,0.027453126293423114
quadcopter,l1,lookahead_time,1.0,vehicle 20% weaker,2000,0.23857208222524928
quadcopter,l1,lookahead_time,1.0,limit respected,2000,0.022194224517370378
quadcopter,l1,lookahead_time,1.0,vehicle 20% weaker,2000,0.02261469479398473
quadcopter,l1,lookahead_time,1.0,planned at limit,2001,0.02490103781270851
quadcopter,l1,lookahead_time,1.0,planned at limit,2001,0.11685874745830746
quadcopter,l1,lookahead_time,1.0,limit respected,2001,0.016572771195231654
quadcopter,l1,lookahead_time,1.0,vehicle 20% weaker,2001,0.016347910460048562
quadcopter,l1,lookahead_time,1.0,limit respected,2001,0.01649440914986611
quadcopter,l1,lookahead_time,1.0,vehicle 20% weaker,2001,0.01675468462063459
quadcopter,l1,lookahead_time,1.0,planned at limit,2001,0.019098661025194714
quadcopter,l1,lookahead_time,1.0,planned at limit,2001,0.32310186612028324
quadcopter,l1,lookahead_time,1.0,limit respected,2001,0.01881858506376511
quadcopter,l1,lookahead_time,1.0,vehicle 20% weaker,2001,0.01762350662936938
quadcopter,l1,lookahead_time,1.0,limit respected,2001,0.017479544233954314
quadcopter,l1,lookahead_time,1.0,vehicle 20% weaker,2001,0.018213558772036793
quadcopter,l1,lookahead_time,1.0,planned at limit,2001,0.3374999208247297
quadcopter,l1,lookahead_time,1.0,planned at limit,2001,0.02937115125319715
quadcopter,l1,lookahead_time,1.0,limit respected,2001,0.020943250726210543
quadcopter,l1,lookahead_time,1.0,vehicle 20% weaker,2001,0.030066135165129466
quadcopter,l1,lookahead_time,1.0,limit respected,2001,0.02480328060311047
quadcopter,l1,lookahead_time,1.0,vehicle 20% weaker,2001,0.02284121293551776
quadcopter,l1,lookahead_time,1.0,planned at limit,2002,0.026823519979189175
quadcopter,l1,lookahead_time,1.0,planned at limit,2002,0.12594325598874
quadcopter,l1,lookahead_time,1.0,limit respected,2002,0.016499772315002027
quadcopter,l1,lookahead_time,1.0,vehicle 20% weaker,2002,0.016265968568780504
quadcopter,l1,lookahead_time,1.0,limit respected,2002,0.01765935809994832
quadcopter,l1,lookahead_time,1.0,vehicle 20% weaker,2002,0.016360159976678525
quadcopter,l1,lookahead_time,1.0,planned at limit,2002,0.10734535788832172
quadcopter,l1,lookahead_time,1.0,planned at limit,2002,0.39648750016811873
quadcopter,l1,lookahead_time,1.0,limit respected,2002,0.01950857380802419
quadcopter,l1,lookahead_time,1.0,vehicle 20% weaker,2002,0.03530612700252644
quadcopter,l1,lookahead_time,1.0,limit respected,2002,0.0188073302070215
quadcopter,l1,lookahead_time,1.0,vehicle 20% weaker,2002,0.01911508184622799
quadcopter,l1,lookahead_time,1.0,planned at limit,2002,0.2044169654696041
quadcopter,l1,lookahead_time,1.0,planned at limit,2002,0.12420145234490779
quadcopter,l1,lookahead_time,1.0,limit respected,2002,0.022176348322446165
quadcopter,l1,lookahead_time,1.0,vehicle 20% weaker,2002,0.11655063806844213
quadcopter,l1,lookahead_time,1.0,limit respected,2002,0.02155618242409864
quadcopter,l1,lookahead_time,1.0,vehicle 20% weaker,2002,0.07010598989008945
quadcopter,l1,lookahead_time,1.0,planned at limit,2003,0.026139538440730213
quadcopter,l1,lookahead_time,1.0,planned at limit,2003,0.14440112953047038
quadcopter,l1,lookahead_time,1.0,limit respected,2003,0.016581097350361423
quadcopter,l1,lookahead_time,1.0,vehicle 20% weaker,2003,0.01659690572704104
quadcopter,l1,lookahead_time,1.0,limit respected,2003,0.017264192684252503
quadcopter,l1,lookahead_time,1.0,vehicle 20% weaker,2003,0.016991084132419967
quadcopter,l1,lookahead_time,1.0,planned at limit,2003,0.12263903137087352
quadcopter,l1,lookahead_time,1.0,planned at limit,2003,0.03439612424399615
quadcopter,l1,lookahead_time,1.0,limit respected,2003,0.018822391427058594
quadcopter,l1,lookahead_time,1.0,vehicle 20% weaker,2003,0.046328859367491385
quadcopter,l1,lookahead_time,1.0,limit respected,2003,0.018820081186343325
quadcopter,l1,lookahead_time,1.0,vehicle 20% weaker,2003,0.018849241919414804
quadcopter,l1,lookahead_time,1.0,planned at limit,2003,0.02240699533627944
quadcopter,l1,lookahead_time,1.0,planned at limit,2003,0.03746299763054883
quadcopter,l1,lookahead_time,1.0,limit respected,2003,0.022967137682116157
quadcopter,l1,lookahead_time,1.0,vehicle 20% weaker,2003,0.02365215995527931
quadcopter,l1,lookahead_time,1.0,limit respected,2003,0.02467146848631508
quadcopter,l1,lookahead_time,1.0,vehicle 20% weaker,2003,0.1617714084883859
quadcopter,l1,lookahead_time,1.0,planned at limit,2004,0.025320310060371685
quadcopter,l1,lookahead_time,1.0,planned at limit,2004,0.10673050684830312
quadcopter,l1,lookahead_time,1.0,limit respected,2004,0.017442985373975903
quadcopter,l1,lookahead_time,1.0,vehicle 20% weaker,2004,0.01695016776405858
quadcopter,l1,lookahead_time,1.0,limit respected,2004,0.016836353206742233
quadcopter,l1,lookahead_time,1.0,vehicle 20% weaker,2004,0.016896105959661564
quadcopter,l1,lookahead_time,1.0,planned at limit,2004,0.09778490373566442
quadcopter,l1,lookahead_time,1.0,planned at limit,2004,0.3580161670827652
quadcopter,l1,lookahead_time,1.0,limit respected,2004,0.02013289309754123
quadcopter,l1,lookahead_time,1.0,vehicle 20% weaker,2004,0.019802614268664934
quadcopter,l1,lookahead_time,1.0,limit respected,2004,0.01776676889432639
quadcopter,l1,lookahead_time,1.0,vehicle 20% weaker,2004,0.01828934846884956
quadcopter,l1,lookahead_time,1.0,planned at limit,2004,0.023260780045366563
quadcopter,l1,lookahead_time,1.0,planned at limit,2004,0.12716129188190345
quadcopter,l1,lookahead_time,1.0,limit respected,2004,0.02288790947154587
quadcopter,l1,lookahead_time,1.0,vehicle 20% weaker,2004,0.49088239377159215
quadcopter,l1,lookahead_time,1.0,limit respected,2004,0.024925649795437696
quadcopter,l1,lookahead_time,1.0,vehicle 20% weaker,2004,0.022172382465815866
quadcopter,l1,lookahead_time,1.0,planned at limit,2005,0.02280370008956
quadcopter,l1,lookahead_time,1.0,planned at limit,2005,0.0868530870107976
quadcopter,l1,lookahead_time,1.0,limit respected,2005,0.017437504447121343
quadcopter,l1,lookahead_time,1.0,vehicle 20% weaker,2005,0.017001116121997506
quadcopter,l1,lookahead_time,1.0,limit respected,2005,0.016241131216853433
quadcopter,l1,lookahead_time,1.0,vehicle 20% weaker,2005,0.01624036155510682
quadcopter,l1,lookahead_time,1.0,planned at limit,2005,0.019170882170238726
quadcopter,l1,lookahead_time,1.0,planned at limit,2005,0.15682809652328125
quadcopter,l1,lookahead_time,1.0,limit respected,2005,0.019581781506596774
quadcopter,l1,lookahead_time,1.0,vehicle 20% weaker,2005,0.06766090674827968
quadcopter,l1,lookahead_time,1.0,limit respected,2005,0.018461967427677077
quadcopter,l1,lookahead_time,1.0,vehicle 20% weaker,2005,0.018520670174578063
quadcopter,l1,lookahead_time,1.0,planned at limit,2005,0.15187074178135407
quadcopter,l1,lookahead_time,1.0,planned at limit,2005,0.024967062360450952
quadcopter,l1,lookahead_time,1.0,limit respected,2005,0.025416284421771802
quadcopter,l1,lookahead_time,1.0,vehicle 20% weaker,2005,0.28378696819683
quadcopter,l1,lookahead_time,1.0,limit respected,2005,0.04019109875050045
quadcopter,l1,lookahead_time,1.0,vehicle 20% weaker,2005,0.02364794482792791
quadcopter,l1,lookahead_time,1.75,planned at limit,2000,0.028657190222984262
quadcopter,l1,lookahead_time,1.75,planned at limit,2000,0.07704529658850319
quadcopter,l1,lookahead_time,1.75,limit respected,2000,0.0226048559632678
quadcopter,l1,lookahead_time,1.75,vehicle 20% weaker,2000,0.022599158201845056
quadcopter,l1,lookahead_time,1.75,limit respected,2000,0.018660438119620835
quadcopter,l1,lookahead_time,1.75,vehicle 20% weaker,2000,0.0200586358999461
quadcopter,l1,lookahead_time,1.75,planned at limit,2000,0.08543680305495698
quadcopter,l1,lookahead_time,1.75,planned at limit,2000,0.0319913027507114
quadcopter,l1,lookahead_time,1.75,limit respected,2000,0.026089363228551907
quadcopter,l1,lookahead_time,1.75,vehicle 20% weaker,2000,0.023492970693530617
quadcopter,l1,lookahead_time,1.75,limit respected,2000,0.022681418455884693
quadcopter,l1,lookahead_time,1.75,vehicle 20% weaker,2000,0.02587265458025354
quadcopter,l1,lookahead_time,1.75,planned at limit,2000,0.0465144204780622
quadcopter,l1,lookahead_time,1.75,planned at limit,2000,0.055190134908565724
quadcopter,l1,lookahead_time,1.75,limit respected,2000,0.04305425001296419
quadcopter,l1,lookahead_time,1.75,vehicle 20% weaker,2000,0.2409811544359146
quadcopter,l1,lookahead_time,1.75,limit respected,2000,0.032514191513094204
quadcopter,l1,lookahead_time,1.75,vehicle 20% weaker,2000,0.03200792456300278
quadcopter,l1,lookahead_time,1.75,planned at limit,2001,0.030681346615317844
quadcopter,l1,lookahead_time,1.75,planned at limit,2001,0.08774476843159637
quadcopter,l1,lookahead_time,1.75,limit respected,2001,0.02303696713547819
quadcopter,l1,lookahead_time,1.75,vehicle 20% weaker,2001,0.022596748259823142
quadcopter,l1,lookahead_time,1.75,limit respected,2001,0.018562580500678653
quadcopter,l1,lookahead_time,1.75,vehicle 20% weaker,2001,0.019538231851327664
quadcopter,l1,lookahead_time,1.75,planned at limit,2001,0.029954778313866344
quadcopter,l1,lookahead_time,1.75,planned at limit,2001,0.27842219369763255
quadcopter,l1,lookahead_time,1.75,limit respected,2001,0.024394056269919133
quadcopter,l1,lookahead_time,1.75,vehicle 20% weaker,2001,0.02376684278333969
quadcopter,l1,lookahead_time,1.75,limit respected,2001,0.023011121735194373
quadcopter,l1,lookahead_time,1.75,vehicle 20% weaker,2001,0.021922037409738464
quadcopter,l1,lookahead_time,1.75,planned at limit,2001,0.26201102695314854
quadcopter,l1,lookahead_time,1.75,planned at limit,2001,0.03205032519346928
quadcopter,l1,lookahead_time,1.75,limit respected,2001,0.0366370340093143
quadcopter,l1,lookahead_time,1.75,vehicle 20% weaker,2001,0.042575757850698656
quadcopter,l1,lookahead_time,1.75,limit respected,2001,0.04119919543419585
quadcopter,l1,lookahead_time,1.75,vehicle 20% weaker,2001,0.0351060330615081
quadcopter,l1,lookahead_time,1.75,planned at limit,2002,0.03273602857336218
quadcopter,l1,lookahead_time,1.75,planned at limit,2002,0.09088528206411686
quadcopter,l1,lookahead_time,1.75,limit respected,2002,0.024625254974466916
quadcopter,l1,lookahead_time,1.75,vehicle 20% weaker,2002,0.022344534723165783
quadcopter,l1,lookahead_time,1.75,limit respected,2002,0.020983466941743537
quadcopter,l1,lookahead_time,1.75,vehicle 20% weaker,2002,0.02089706131169903
quadcopter,l1,lookahead_time,1.75,planned at limit,2002,0.0699746646837939
quadcopter,l1,lookahead_time,1.75,planned at limit,2002,0.28987226857873066
quadcopter,l1,lookahead_time,1.75,limit respected,2002,0.026657643339035114
quadcopter,l1,lookahead_time,1.75,vehicle 20% weaker,2002,0.03268315243465723
quadcopter,l1,lookahead_time,1.75,limit respected,2002,0.023492941663728548
quadcopter,l1,lookahead_time,1.75,vehicle 20% weaker,2002,0.027396421442613124
quadcopter,l1,lookahead_time,1.75,planned at limit,2002,0.13029535712886237
quadcopter,l1,lookahead_time,1.75,planned at limit,2002,0.0741358390056529
quadcopter,l1,lookahead_time,1.75,limit respected,2002,0.036978872315956764
quadcopter,l1,lookahead_time,1.75,vehicle 20% weaker,2002,0.08277626109351896
quadcopter,l1,lookahead_time,1.75,limit respected,2002,0.03352584889797032
quadcopter,l1,lookahead_time,1.75,vehicle 20% weaker,2002,0.08437186151093219
quadcopter,l1,lookahead_time,1.75,planned at limit,2003,0.03417946346744104
quadcopter,l1,lookahead_time,1.75,planned at limit,2003,0.1108037483505031
quadcopter,l1,lookahead_time,1.75,limit respected,2003,0.023841788482775003
quadcopter,l1,lookahead_time,1.75,vehicle 20% weaker,2003,0.023895253984559273
quadcopter,l1,lookahead_time,1.75,limit respected,2003,0.020841445407323855
quadcopter,l1,lookahead_time,1.75,vehicle 20% weaker,2003,0.020519282085230305
quadcopter,l1,lookahead_time,1.75,planned at limit,2003,0.0998717027960604
quadcopter,l1,lookahead_time,1.75,planned at limit,2003,0.04119831722009454
quadcopter,l1,lookahead_time,1.75,limit respected,2003,0.027330596564436684
quadcopter,l1,lookahead_time,1.75,vehicle 20% weaker,2003,0.04322067131731061
quadcopter,l1,lookahead_time,1.75,limit respected,2003,0.02534442043438473
quadcopter,l1,lookahead_time,1.75,vehicle 20% weaker,2003,0.026242303955218385
quadcopter,l1,lookahead_time,1.75,planned at limit,2003,0.03770222881305722
quadcopter,l1,lookahead_time,1.75,planned at limit,2003,0.04123152937907464
quadcopter,l1,lookahead_time,1.75,limit respected,2003,0.03611705479324594
quadcopter,l1,lookahead_time,1.75,vehicle 20% weaker,2003,0.03107109631553117
quadcopter,l1,lookahead_time,1.75,limit respected,2003,0.03704335402510315
quadcopter,l1,lookahead_time,1.75,vehicle 20% weaker,2003,0.17028912184948403
quadcopter,l1,lookahead_time,1.75,planned at limit,2004,0.029113834341441745
quadcopter,l1,lookahead_time,1.75,planned at limit,2004,0.08006263283328499
quadcopter,l1,lookahead_time,1.75,limit respected,2004,0.020671459323168405
quadcopter,l1,lookahead_time,1.75,vehicle 20% weaker,2004,0.023524409948673053
quadcopter,l1,lookahead_time,1.75,limit respected,2004,0.020664455722973152
quadcopter,l1,lookahead_time,1.75,vehicle 20% weaker,2004,0.01983115258950504
quadcopter,l1,lookahead_time,1.75,planned at limit,2004,0.0845822711771224
quadcopter,l1,lookahead_time,1.75,planned at limit,2004,0.27017102045200997
quadcopter,l1,lookahead_time,1.75,limit respected,2004,0.02817255113126141
quadcopter,l1,lookahead_time,1.75,vehicle 20% weaker,2004,0.026128066600156534
quadcopter,l1,lookahead_time,1.75,limit respected,2004,0.024147955807685254
quadcopter,l1,lookahead_time,1.75,vehicle 20% weaker,2004,0.02626303562036971
quadcopter,l1,lookahead_time,1.75,planned at limit,2004,0.03518524432150598
quadcopter,l1,lookahead_time,1.75,planned at limit,2004,0.06915050759368555
quadcopter,l1,lookahead_time,1.75,limit respected,2004,0.03784059660829829
quadcopter,l1,lookahead_time,1.75,vehicle 20% weaker,2004,0.43109104060246917
quadcopter,l1,lookahead_time,1.75,limit respected,2004,0.03756659384041386
quadcopter,l1,lookahead_time,1.75,vehicle 20% weaker,2004,0.03250340803121466
quadcopter,l1,lookahead_time,1.75,planned at limit,2005,0.028481907255666964
quadcopter,l1,lookahead_time,1.75,planned at limit,2005,0.05985738813879328
quadcopter,l1,lookahead_time,1.75,limit respected,2005,0.021588818004294876
quadcopter,l1,lookahead_time,1.75,vehicle 20% weaker,2005,0.02202032788963502
quadcopter,l1,lookahead_time,1.75,limit respected,2005,0.01929432377533199
quadcopter,l1,lookahead_time,1.75,vehicle 20% weaker,2005,0.019972258952198486
quadcopter,l1,lookahead_time,1.75,planned at limit,2005,0.027463923675480846
quadcopter,l1,lookahead_time,1.75,planned at limit,2005,0.11932852309260605
quadcopter,l1,lookahead_time,1.75,limit respected,2005,0.02746208685542514
quadcopter,l1,lookahead_time,1.75,vehicle 20% weaker,2005,0.03910715902914201
quadcopter,l1,lookahead_time,1.75,limit respected,2005,0.028876793952859067
quadcopter,l1,lookahead_time,1.75,vehicle 20% weaker,2005,0.023748435856360287
quadcopter,l1,lookahead_time,1.75,planned at limit,2005,0.0787352579400522
quadcopter,l1,lookahead_time,1.75,planned at limit,2005,0.028141289060535597
quadcopter,l1,lookahead_time,1.75,limit respected,2005,0.03438003953983977
quadcopter,l1,lookahead_time,1.75,vehicle 20% weaker,2005,0.1931706441775981
quadcopter,l1,lookahead_time,1.75,limit respected,2005,0.04170727467749979
quadcopter,l1,lookahead_time,1.75,vehicle 20% weaker,2005,0.031387339521144114
quadcopter,l1,lookahead_time,2.5,planned at limit,2000,0.049065076195423926
quadcopter,l1,lookahead_time,2.5,planned at limit,2000,0.061225844156475626
quadcopter,l1,lookahead_time,2.5,limit respected,2000,0.037987866142384585
quadcopter,l1,lookahead_time,2.5,vehicle 20% weaker,2000,0.037724791827919324
quadcopter,l1,lookahead_time,2.5,limit respected,2000,0.030686537767032437
quadcopter,l1,lookahead_time,2.5,vehicle 20% weaker,2000,0.030414107588993718
quadcopter,l1,lookahead_time,2.5,planned at limit,2000,0.07086941873573988
quadcopter,l1,lookahead_time,2.5,planned at limit,2000,0.05167280787704567
quadcopter,l1,lookahead_time,2.5,limit respected,2000,0.044273943030007076
quadcopter,l1,lookahead_time,2.5,vehicle 20% weaker,2000,0.03887876356737975
quadcopter,l1,lookahead_time,2.5,limit respected,2000,0.03380952421237707
quadcopter,l1,lookahead_time,2.5,vehicle 20% weaker,2000,0.03811397584512999
quadcopter,l1,lookahead_time,2.5,planned at limit,2000,0.07360800256978753
quadcopter,l1,lookahead_time,2.5,planned at limit,2000,0.07461734590996114
quadcopter,l1,lookahead_time,2.5,limit respected,2000,0.06363640732161654
quadcopter,l1,lookahead_time,2.5,vehicle 20% weaker,2000,0.2268612341337382
quadcopter,l1,lookahead_time,2.5,limit respected,2000,0.04872175975590209
quadcopter,l1,lookahead_time,2.5,vehicle 20% weaker,2000,0.046758993756100126
quadcopter,l1,lookahead_time,2.5,planned at limit,2001,0.05186411066285804
quadcopter,l1,lookahead_time,2.5,planned at limit,2001,0.07093383037634213
quadcopter,l1,lookahead_time,2.5,limit respected,2001,0.04038905453494693
quadcopter,l1,lookahead_time,2.5,vehicle 20% weaker,2001,0.04130645443068985
quadcopter,l1,lookahead_time,2.5,limit respected,2001,0.03304927626030865
quadcopter,l1,lookahead_time,2.5,vehicle 20% weaker,2001,0.03299006238724101
quadcopter,l1,lookahead_time,2.5,planned at limit,2001,0.05160215601473342
quadcopter,l1,lookahead_time,2.5,planned at limit,2001,0.21373043795229604
quadcopter,l1,lookahead_time,2.5,limit respected,2001,0.04281807558376985
quadcopter,l1,lookahead_time,2.5,vehicle 20% weaker,2001,0.037277956027881594
quadcopter,l1,lookahead_time,2.5,limit respected,2001,0.0359828628309973
quadcopter,l1,lookahead_time,2.5,vehicle 20% weaker,2001,0.030764744926101407
quadcopter,l1,lookahead_time,2.5,planned at limit,2001,0.2142919239045259
quadcopter,l1,lookahead_time,2.5,planned at limit,2001,0.05017982879136166
quadcopter,l1,lookahead_time,2.5,limit respected,2001,0.05711732140991386
quadcopter,l1,lookahead_time,2.5,vehicle 20% weaker,2001,0.07077937894188849
quadcopter,l1,lookahead_time,2.5,limit respected,2001,0.06606372119130097
quadcopter,l1,lookahead_time,2.5,vehicle 20% weaker,2001,0.0488114300043649
quadcopter,l1,lookahead_time,2.5,planned at limit,2002,0.06014689296017729
quadcopter,l1,lookahead_time,2.5,planned at limit,2002,0.07507837659002897
quadcopter,l1,lookahead_time,2.5,limit respected,2002,0.04686673204288411
quadcopter,l1,lookahead_time,2.5,vehicle 20% weaker,2002,0.04542732031176261
quadcopter,l1,lookahead_time,2.5,limit respected,2002,0.03731258960002509
quadcopter,l1,lookahead_time,2.5,vehicle 20% weaker,2002,0.03578814866133007
quadcopter,l1,lookahead_time,2.5,planned at limit,2002,0.08129807732024694
quadcopter,l1,lookahead_time,2.5,planned at limit,2002,0.19486370776605225
quadcopter,l1,lookahead_time,2.5,limit respected,2002,0.04527270915661662
quadcopter,l1,lookahead_time,2.5,vehicle 20% weaker,2002,0.05197341756123158
quadcopter,l1,lookahead_time,2.5,limit respected,2002,0.04113320769894544
quadcopter,l1,lookahead_time,2.5,vehicle 20% weaker,2002,0.04487734676219081
quadcopter,l1,lookahead_time,2.5,planned at limit,2002,0.09598506093984582
quadcopter,l1,lookahead_time,2.5,planned at limit,2002,0.07793079094489103
quadcopter,l1,lookahead_time,2.5,limit respected,2002,0.06314771204972575
quadcopter,l1,lookahead_time,2.5,vehicle 20% weaker,2002,0.07763072191752049
quadcopter,l1,lookahead_time,2.5,limit respected,2002,0.0456896831005726
quadcopter,l1,lookahead_time,2.5,vehicle 20% weaker,2002,0.09744717810009892
quadcopter,l1,lookahead_time,2.5,planned at limit,2003,0.062365646760717874
quadcopter,l1,lookahead_time,2.5,planned at limit,2003,0.09295771850316943
quadcopter,l1,lookahead_time,2.5,limit respected,2003,0.04736692437098682
quadcopter,l1,lookahead_time,2.5,vehicle 20% weaker,2003,0.046979652742966685
quadcopter,l1,lookahead_time,2.5,limit respected,2003,0.03833689236892952
quadcopter,l1,lookahead_time,2.5,vehicle 20% weaker,2003,0.03656148084380827
quadcopter,l1,lookahead_time,2.5,planned at limit,2003,0.09310788089884031
quadcopter,l1,lookahead_time,2.5,planned at limit,2003,0.06069079202168148
quadcopter,l1,lookahead_time,2.5,limit respected,2003,0.048205645452124746
quadcopter,l1,lookahead_time,2.5,vehicle 20% weaker,2003,0.05962767884784763
quadcopter,l1,lookahead_time,2.5,limit respected,2003,0.04392274946253997
quadcopter,l1,lookahead_time,2.5,vehicle 20% weaker,2003,0.044301121544160396
quadcopter,l1,lookahead_time,2.5,planned at limit,2003,0.06975666591860122
quadcopter,l1,lookahead_time,2.5,planned at limit,2003,0.06399733720580256
quadcopter,l1,lookahead_time,2.5,limit respected,2003,0.06272699490214226
quadcopter,l1,lookahead_time,2.5,vehicle 20% weaker,2003,0.04923507446477794
quadcopter,l1,lookahead_time,2.5,limit respected,2003,0.06962204871036522
quadcopter,l1,lookahead_time,2.5,vehicle 20% weaker,2003,0.17796891636373252
quadcopter,l1,lookahead_time,2.5,planned at limit,2004,0.04977538922982171
quadcopter,l1,lookahead_time,2.5,planned at limit,2004,0.06395603156351765
quadcopter,l1,lookahead_time,2.5,limit respected,2004,0.03889971704584856
quadcopter,l1,lookahead_time,2.5,vehicle 20% weaker,2004,0.03883180671497365
quadcopter,l1,lookahead_time,2.5,limit respected,2004,0.03222688608044956
quadcopter,l1,lookahead_time,2.5,vehicle 20% weaker,2004,0.03235106306019855
quadcopter,l1,lookahead_time,2.5,planned at limit,2004,0.07299873727856732
quadcopter,l1,lookahead_time,2.5,planned at limit,2004,0.19580528582754222
quadcopter,l1,lookahead_time,2.5,limit respected,2004,0.048300991974857314
quadcopter,l1,lookahead_time,2.5,vehicle 20% weaker,2004,0.047217833480607485
quadcopter,l1,lookahead_time,2.5,limit respected,2004,0.037079355630991635
quadcopter,l1,lookahead_time,2.5,vehicle 20% weaker,2004,0.04258720077934035
quadcopter,l1,lookahead_time,2.5,planned at limit,2004,0.05154221336311054
quadcopter,l1,lookahead_time,2.5,planned at limit,2004,0.0676974524795288
quadcopter,l1,lookahead_time,2.5,limit respected,2004,0.06082872150660601
quadcopter,l1,lookahead_time,2.5,vehicle 20% weaker,2004,0.3631214534011791
quadcopter,l1,lookahead_time,2.5,limit respected,2004,0.05759033906574422
quadcopter,l1,lookahead_time,2.5,vehicle 20% weaker,2004,0.04854413815714532
quadcopter,l1,lookahead_time,2.5,planned at limit,2005,0.04802434280056691
quadcopter,l1,lookahead_time,2.5,planned at limit,2005,0.050932116799645655
quadcopter,l1,lookahead_time,2.5,limit respected,2005,0.03868211823567426
quadcopter,l1,lookahead_time,2.5,vehicle 20% weaker,2005,0.038631377673268304
quadcopter,l1,lookahead_time,2.5,limit respected,2005,0.03155773278607979
quadcopter,l1,lookahead_time,2.5,vehicle 20% weaker,2005,0.032668605732925265
quadcopter,l1,lookahead_time,2.5,planned at limit,2005,0.04226271819286889
quadcopter,l1,lookahead_time,2.5,planned at limit,2005,0.08996829279988908
quadcopter,l1,lookahead_time,2.5,limit respected,2005,0.045310161226381755
quadcopter,l1,lookahead_time,2.5,vehicle 20% weaker,2005,0.048332216949457496
quadcopter,l1,lookahead_time,2.5,limit respected,2005,0.04540771276022817
quadcopter,l1,lookahead_time,2.5,vehicle 20% weaker,2005,0.03890809638948481
quadcopter,l1,lookahead_time,2.5,planned at limit,2005,0.07095230277781425
quadcopter,l1,lookahead_time,2.5,planned at limit,2005,0.04525364057269669
quadcopter,l1,lookahead_time,2.5,limit respected,2005,0.049728437516635665
quadcopter,l1,lookahead_time,2.5,vehicle 20% weaker,2005,0.14044716047799163
quadcopter,l1,lookahead_time,2.5,limit respected,2005,0.05937484020996721
quadcopter,l1,lookahead_time,2.5,vehicle 20% weaker,2005,0.03991324208320908
quadcopter,l1,lookahead_time,3.5,planned at limit,2000,0.09943777534036427
quadcopter,l1,lookahead_time,3.5,planned at limit,2000,0.09932374526313853
quadcopter,l1,lookahead_time,3.5,limit respected,2000,0.07354947712947908
quadcopter,l1,lookahead_time,3.5,vehicle 20% weaker,2000,0.07329855410886169
quadcopter,l1,lookahead_time,3.5,limit respected,2000,0.06148352484729358
quadcopter,l1,lookahead_time,3.5,vehicle 20% weaker,2000,0.06096255966906848
quadcopter,l1,lookahead_time,3.5,planned at limit,2000,0.10590309487863023
quadcopter,l1,lookahead_time,3.5,planned at limit,2000,0.10673682344446248
quadcopter,l1,lookahead_time,3.5,limit respected,2000,0.08246604045759615
quadcopter,l1,lookahead_time,3.5,vehicle 20% weaker,2000,0.07166559661675143
quadcopter,l1,lookahead_time,3.5,limit respected,2000,0.06204145240393295
quadcopter,l1,lookahead_time,3.5,vehicle 20% weaker,2000,0.0670357206961942
quadcopter,l1,lookahead_time,3.5,planned at limit,2000,0.13888725846349534
quadcopter,l1,lookahead_time,3.5,planned at limit,2000,0.12139061897650903
quadcopter,l1,lookahead_time,3.5,limit respected,2000,0.09351011353818629
quadcopter,l1,lookahead_time,3.5,vehicle 20% weaker,2000,0.19137731828666465
quadcopter,l1,lookahead_time,3.5,limit respected,2000,0.08121591412306346
quadcopter,l1,lookahead_time,3.5,vehicle 20% weaker,2000,0.07816223595029502
quadcopter,l1,lookahead_time,3.5,planned at limit,2001,0.105317142817277
quadcopter,l1,lookahead_time,3.5,planned at limit,2001,0.10517941235604841
quadcopter,l1,lookahead_time,3.5,limit respected,2001,0.07889415057401353
quadcopter,l1,lookahead_time,3.5,vehicle 20% weaker,2001,0.07917101066169954
quadcopter,l1,lookahead_time,3.5,limit respected,2001,0.06590652827962432
quadcopter,l1,lookahead_time,3.5,vehicle 20% weaker,2001,0.06566267118029656
quadcopter,l1,lookahead_time,3.5,planned at limit,2001,0.09689686893191607
quadcopter,l1,lookahead_time,3.5,planned at limit,2001,0.14980741373326106
quadcopter,l1,lookahead_time,3.5,limit respected,2001,0.07561113900123934
quadcopter,l1,lookahead_time,3.5,vehicle 20% weaker,2001,0.0742659475777894
quadcopter,l1,lookahead_time,3.5,limit respected,2001,0.06342041315319234
quadcopter,l1,lookahead_time,3.5,vehicle 20% weaker,2001,0.057249744304735034
quadcopter,l1,lookahead_time,3.5,planned at limit,2001,0.17320016703110053
quadcopter,l1,lookahead_time,3.5,planned at limit,2001,0.09047447230046102
quadcopter,l1,lookahead_time,3.5,limit respected,2001,0.08822411684301315
quadcopter,l1,lookahead_time,3.5,vehicle 20% weaker,2001,0.11964732770833404
quadcopter,l1,lookahead_time,3.5,limit respected,2001,0.10735437307623551
quadcopter,l1,lookahead_time,3.5,vehicle 20% weaker,2001,0.06790206312395691
quadcopter,l1,lookahead_time,3.5,planned at limit,2002,0.1251238666623876
quadcopter,l1,lookahead_time,3.5,planned at limit,2002,0.12514299642432886
quadcopter,l1,lookahead_time,3.5,limit respected,2002,0.09516330232283926
quadcopter,l1,lookahead_time,3.5,vehicle 20% weaker,2002,0.09531055334123142
quadcopter,l1,lookahead_time,3.5,limit respected,2002,0.07699692050534526
quadcopter,l1,lookahead_time,3.5,vehicle 20% weaker,2002,0.07616252606511602
quadcopter,l1,lookahead_time,3.5,planned at limit,2002,0.15030216956816358
quadcopter,l1,lookahead_time,3.5,planned at limit,2002,0.15729257987553835
quadcopter,l1,lookahead_time,3.5,limit respected,2002,0.08779568227923032
quadcopter,l1,lookahead_time,3.5,vehicle 20% weaker,2002,0.11230476687008081
quadcopter,l1,lookahead_time,3.5,limit respected,2002,0.08197122061098304
quadcopter,l1,lookahead_time,3.5,vehicle 20% weaker,2002,0.08695948144793167
quadcopter,l1,lookahead_time,3.5,planned at limit,2002,0.17161913201424267
quadcopter,l1,lookahead_time,3.5,planned at limit,2002,0.136325675655434
quadcopter,l1,lookahead_time,3.5,limit respected,2002,0.10524339447195002
quadcopter,l1,lookahead_time,3.5,vehicle 20% weaker,2002,0.15110057856294495
quadcopter,l1,lookahead_time,3.5,limit respected,2002,0.07481062164777429
quadcopter,l1,lookahead_time,3.5,vehicle 20% weaker,2002,0.13273114778549353
quadcopter,l1,lookahead_time,3.5,planned at limit,2003,0.12812544717575436
quadcopter,l1,lookahead_time,3.5,planned at limit,2003,0.12802042036069106
quadcopter,l1,lookahead_time,3.5,limit respected,2003,0.09759979757705013
quadcopter,l1,lookahead_time,3.5,vehicle 20% weaker,2003,0.09759831946611763
quadcopter,l1,lookahead_time,3.5,limit respected,2003,0.07914511196347276
quadcopter,l1,lookahead_time,3.5,vehicle 20% weaker,2003,0.07912997572297187
quadcopter,l1,lookahead_time,3.5,planned at limit,2003,0.14795988444179928
quadcopter,l1,lookahead_time,3.5,planned at limit,2003,0.11691068008136792
quadcopter,l1,lookahead_time,3.5,limit respected,2003,0.08729345187835053
quadcopter,l1,lookahead_time,3.5,vehicle 20% weaker,2003,0.1045364525824424
quadcopter,l1,lookahead_time,3.5,limit respected,2003,0.09168401366320608
quadcopter,l1,lookahead_time,3.5,vehicle 20% weaker,2003,0.09876302837873942
quadcopter,l1,lookahead_time,3.5,planned at limit,2003,0.12705151616544622
quadcopter,l1,lookahead_time,3.5,planned at limit,2003,0.11966841391432492
quadcopter,l1,lookahead_time,3.5,limit respected,2003,0.1193087580592676
quadcopter,l1,lookahead_time,3.5,vehicle 20% weaker,2003,0.08973221927875911
quadcopter,l1,lookahead_time,3.5,limit respected,2003,0.14468711175187243
quadcopter,l1,lookahead_time,3.5,vehicle 20% weaker,2003,0.1949995747117359
quadcopter,l1,lookahead_time,3.5,planned at limit,2004,0.0995888123200706
quadcopter,l1,lookahead_time,3.5,planned at limit,2004,0.10016303856858588
quadcopter,l1,lookahead_time,3.5,limit respected,2004,0.0750184053231783
quadcopter,l1,lookahead_time,3.5,vehicle 20% weaker,2004,0.07553736311767122
quadcopter,l1,lookahead_time,3.5,limit respected,2004,0.06300018946633201
quadcopter,l1,lookahead_time,3.5,vehicle 20% weaker,2004,0.06302677430744369
quadcopter,l1,lookahead_time,3.5,planned at limit,2004,0.1235948697487313
quadcopter,l1,lookahead_time,3.5,planned at limit,2004,0.13473872128371764
quadcopter,l1,lookahead_time,3.5,limit respected,2004,0.0971749647668902
quadcopter,l1,lookahead_time,3.5,vehicle 20% weaker,2004,0.09080525765573079
quadcopter,l1,lookahead_time,3.5,limit respected,2004,0.06713856337159957
quadcopter,l1,lookahead_time,3.5,vehicle 20% weaker,2004,0.07401986932536239
quadcopter,l1,lookahead_time,3.5,planned at limit,2004,0.0779498142745655
quadcopter,l1,lookahead_time,3.5,planned at limit,2004,0.13066996618785492
quadcopter,l1,lookahead_time,3.5,limit respected,2004,0.10122207967902427
quadcopter,l1,lookahead_time,3.5,vehicle 20% weaker,2004,0.281900775070813
quadcopter,l1,lookahead_time,3.5,limit respected,2004,0.08735039375964057
quadcopter,l1,lookahead_time,3.5,vehicle 20% weaker,2004,0.0757828830481264
quadcopter,l1,lookahead_time,3.5,planned at limit,2005,0.09510039157453279
quadcopter,l1,lookahead_time,3.5,planned at limit,2005,0.09525921921339939
quadcopter,l1,lookahead_time,3.5,limit respected,2005,0.07290317823020653
quadcopter,l1,lookahead_time,3.5,vehicle 20% weaker,2005,0.0727988157176839
quadcopter,l1,lookahead_time,3.5,limit respected,2005,0.06073209355529889
quadcopter,l1,lookahead_time,3.5,vehicle 20% weaker,2005,0.06120481206261971
quadcopter,l1,lookahead_time,3.5,planned at limit,2005,0.07839755493754594
quadcopter,l1,lookahead_time,3.5,planned at limit,2005,0.10855535274633077
quadcopter,l1,lookahead_time,3.5,limit respected,2005,0.08006271648307206
quadcopter,l1,lookahead_time,3.5,vehicle 20% weaker,2005,0.09475300181889251
quadcopter,l1,lookahead_time,3.5,limit respected,2005,0.08504085847455728
quadcopter,l1,lookahead_time,3.5,vehicle 20% weaker,2005,0.07806444672583107
quadcopter,l1,lookahead_time,3.5,planned at limit,2005,0.1399647898635375
quadcopter,l1,lookahead_time,3.5,planned at limit,2005,0.08502462766635
quadcopter,l1,lookahead_time,3.5,limit respected,2005,0.0757152935285335
quadcopter,l1,lookahead_time,3.5,vehicle 20% weaker,2005,0.13044775035130177
quadcopter,l1,lookahead_time,3.5,limit respected,2005,0.09487105836866402
quadcopter,l1,lookahead_time,3.5,vehicle 20% weaker,2005,0.0649847997983404
quadcopter,l1,lookahead_time,5.0,planned at limit,2000,0.19688156466685158
quadcopter,l1,lookahead_time,5.0,planned at limit,2000,0.19681654363975637
quadcopter,l1,lookahead_time,5.0,limit respected,2000,0.16020517652276262
quadcopter,l1,lookahead_time,5.0,vehicle 20% weaker,2000,0.15996574077520914
quadcopter,l1,lookahead_time,5.0,limit respected,2000,0.13105858878608817
quadcopter,l1,lookahead_time,5.0,vehicle 20% weaker,2000,0.1308183326348134
quadcopter,l1,lookahead_time,5.0,planned at limit,2000,0.2114810042937451
quadcopter,l1,lookahead_time,5.0,planned at limit,2000,0.21047899088756147
quadcopter,l1,lookahead_time,5.0,limit respected,2000,0.16117993396511532
quadcopter,l1,lookahead_time,5.0,vehicle 20% weaker,2000,0.14594070694353173
quadcopter,l1,lookahead_time,5.0,limit respected,2000,0.12551817058253295
quadcopter,l1,lookahead_time,5.0,vehicle 20% weaker,2000,0.1462693600930672
quadcopter,l1,lookahead_time,5.0,planned at limit,2000,0.25687697055576697
quadcopter,l1,lookahead_time,5.0,planned at limit,2000,0.20339921531454572
quadcopter,l1,lookahead_time,5.0,limit respected,2000,0.14512381073020936
quadcopter,l1,lookahead_time,5.0,vehicle 20% weaker,2000,0.19419504474411584
quadcopter,l1,lookahead_time,5.0,limit respected,2000,0.14917670053881424
quadcopter,l1,lookahead_time,5.0,vehicle 20% weaker,2000,0.15593132372851048
quadcopter,l1,lookahead_time,5.0,planned at limit,2001,0.21443315306477498
quadcopter,l1,lookahead_time,5.0,planned at limit,2001,0.20862465016946338
quadcopter,l1,lookahead_time,5.0,limit respected,2001,0.16547701063926162
quadcopter,l1,lookahead_time,5.0,vehicle 20% weaker,2001,0.17033233227237493
quadcopter,l1,lookahead_time,5.0,limit respected,2001,0.13789554776057883
quadcopter,l1,lookahead_time,5.0,vehicle 20% weaker,2001,0.13682553947794393
quadcopter,l1,lookahead_time,5.0,planned at limit,2001,0.18952417510004202
quadcopter,l1,lookahead_time,5.0,planned at limit,2001,0.24992706224389516
quadcopter,l1,lookahead_time,5.0,limit respected,2001,0.14891007324283873
quadcopter,l1,lookahead_time,5.0,vehicle 20% weaker,2001,0.1628709684000077
quadcopter,l1,lookahead_time,5.0,limit respected,2001,0.11849907185968322
quadcopter,l1,lookahead_time,5.0,vehicle 20% weaker,2001,0.1247474426789025
quadcopter,l1,lookahead_time,5.0,planned at limit,2001,0.2797644757752146
quadcopter,l1,lookahead_time,5.0,planned at limit,2001,0.1753684833915696
quadcopter,l1,lookahead_time,5.0,limit respected,2001,0.16385047390667043
quadcopter,l1,lookahead_time,5.0,vehicle 20% weaker,2001,0.208614753184439
quadcopter,l1,lookahead_time,5.0,limit respected,2001,0.21324764966634316
quadcopter,l1,lookahead_time,5.0,vehicle 20% weaker,2001,0.11234121850616541
quadcopter,l1,lookahead_time,5.0,planned at limit,2002,0.24053262219234361
quadcopter,l1,lookahead_time,5.0,planned at limit,2002,0.240454477222635
quadcopter,l1,lookahead_time,5.0,limit respected,2002,0.194600865757098
quadcopter,l1,lookahead_time,5.0,vehicle 20% weaker,2002,0.1945052913123333
quadcopter,l1,lookahead_time,5.0,limit respected,2002,0.1583761969255998
quadcopter,l1,lookahead_time,5.0,vehicle 20% weaker,2002,0.15796745574612284
quadcopter,l1,lookahead_time,5.0,planned at limit,2002,0.25863341629032927
quadcopter,l1,lookahead_time,5.0,planned at limit,2002,0.2748225651899101
quadcopter,l1,lookahead_time,5.0,limit respected,2002,0.16957211081112672
quadcopter,l1,lookahead_time,5.0,vehicle 20% weaker,2002,0.23395929899882945
quadcopter,l1,lookahead_time,5.0,limit respected,2002,0.17821352347126562
quadcopter,l1,lookahead_time,5.0,vehicle 20% weaker,2002,0.18109086536645458
quadcopter,l1,lookahead_time,5.0,planned at limit,2002,0.3248308290893238
quadcopter,l1,lookahead_time,5.0,planned at limit,2002,0.27899865795921064
quadcopter,l1,lookahead_time,5.0,limit respected,2002,0.17724012879247425
quadcopter,l1,lookahead_time,5.0,vehicle 20% weaker,2002,0.28432529148455055
quadcopter,l1,lookahead_time,5.0,limit respected,2002,0.1632586397732074
quadcopter,l1,lookahead_time,5.0,vehicle 20% weaker,2002,0.2339749032066249
quadcopter,l1,lookahead_time,5.0,planned at limit,2003,0.2658876950078296
quadcopter,l1,lookahead_time,5.0,planned at limit,2003,0.2615342172007401
quadcopter,l1,lookahead_time,5.0,limit respected,2003,0.21476681398856484
quadcopter,l1,lookahead_time,5.0,vehicle 20% weaker,2003,0.2153366334173727
quadcopter,l1,lookahead_time,5.0,limit respected,2003,0.18675512546951517
quadcopter,l1,lookahead_time,5.0,vehicle 20% weaker,2003,0.18678911194176331
quadcopter,l1,lookahead_time,5.0,planned at limit,2003,0.27784679653652555
quadcopter,l1,lookahead_time,5.0,planned at limit,2003,0.21610628521393646
quadcopter,l1,lookahead_time,5.0,limit respected,2003,0.1744139440564856
quadcopter,l1,lookahead_time,5.0,vehicle 20% weaker,2003,0.23368858018475402
quadcopter,l1,lookahead_time,5.0,limit respected,2003,0.22633991030464803
quadcopter,l1,lookahead_time,5.0,vehicle 20% weaker,2003,0.24748846681541675
quadcopter,l1,lookahead_time,5.0,planned at limit,2003,0.22880996994025357
quadcopter,l1,lookahead_time,5.0,planned at limit,2003,0.21597464936827449
quadcopter,l1,lookahead_time,5.0,limit respected,2003,0.24321402572960943
quadcopter,l1,lookahead_time,5.0,vehicle 20% weaker,2003,0.18119090662959125
quadcopter,l1,lookahead_time,5.0,limit respected,2003,0.3040169905575688
quadcopter,l1,lookahead_time,5.0,vehicle 20% weaker,2003,0.3227420361570651
quadcopter,l1,lookahead_time,5.0,planned at limit,2004,0.19917393173127973
quadcopter,l1,lookahead_time,5.0,planned at limit,2004,0.19869358442066046
quadcopter,l1,lookahead_time,5.0,limit respected,2004,0.16159540225159735
quadcopter,l1,lookahead_time,5.0,vehicle 20% weaker,2004,0.1615721368931456
quadcopter,l1,lookahead_time,5.0,limit respected,2004,0.13313661567454585
quadcopter,l1,lookahead_time,5.0,vehicle 20% weaker,2004,0.13362030403432007
quadcopter,l1,lookahead_time,5.0,planned at limit,2004,0.26139046136097654
quadcopter,l1,lookahead_time,5.0,planned at limit,2004,0.25094400343082246
quadcopter,l1,lookahead_time,5.0,limit respected,2004,0.2109230010010319
quadcopter,l1,lookahead_time,5.0,vehicle 20% weaker,2004,0.20950734171804758
quadcopter,l1,lookahead_time,5.0,limit respected,2004,0.1516526959643154
quadcopter,l1,lookahead_time,5.0,vehicle 20% weaker,2004,0.14513891672505572
quadcopter,l1,lookahead_time,5.0,planned at limit,2004,0.14162617206071962
quadcopter,l1,lookahead_time,5.0,planned at limit,2004,0.24500823211668338
quadcopter,l1,lookahead_time,5.0,limit respected,2004,0.16850643228824697
quadcopter,l1,lookahead_time,5.0,vehicle 20% weaker,2004,0.27000057134388306
quadcopter,l1,lookahead_time,5.0,limit respected,2004,0.17490291416622583
quadcopter,l1,lookahead_time,5.0,vehicle 20% weaker,2004,0.1203299045966515
quadcopter,l1,lookahead_time,5.0,planned at limit,2005,0.18355013228145484
quadcopter,l1,lookahead_time,5.0,planned at limit,2005,0.18406372018380762
quadcopter,l1,lookahead_time,5.0,limit respected,2005,0.15218027995994038
quadcopter,l1,lookahead_time,5.0,vehicle 20% weaker,2005,0.15429683360071028
quadcopter,l1,lookahead_time,5.0,limit respected,2005,0.12787371077090676
quadcopter,l1,lookahead_time,5.0,vehicle 20% weaker,2005,0.12620407828413993
quadcopter,l1,lookahead_time,5.0,planned at limit,2005,0.1660429523560738
quadcopter,l1,lookahead_time,5.0,planned at limit,2005,0.19859476899935258
quadcopter,l1,lookahead_time,5.0,limit respected,2005,0.1430783185003814
quadcopter,l1,lookahead_time,5.0,vehicle 20% weaker,2005,0.19085017010391075
quadcopter,l1,lookahead_time,5.0,limit respected,2005,0.16295526056868076
quadcopter,l1,lookahead_time,5.0,vehicle 20% weaker,2005,0.15846871039655258
quadcopter,l1,lookahead_time,5.0,planned at limit,2005,0.26322094981127586
quadcopter,l1,lookahead_time,5.0,planned at limit,2005,0.1647485118539001
quadcopter,l1,lookahead_time,5.0,limit respected,2005,0.12626468385557368
quadcopter,l1,lookahead_time,5.0,vehicle 20% weaker,2005,0.2552495129079898
quadcopter,l1,lookahead_time,5.0,limit respected,2005,0.18715852983707626
quadcopter,l1,lookahead_time,5.0,vehicle 20% weaker,2005,0.13587383770018333
