t_s,x_east,y_north,v_east,v_north,a_cmd,path_idx,cte_m
2.492611408233642578e-01,-1.256726100109517574e-03,4.430585540831089020e-03,3.156489226967096329e-03,-6.174061913043260574e-03,-8.782454501638824185e-02,0.000000000000000000e+00,1.385895714271585073e-03
4.989891052246093750e-01,-4.443997459020465612e-04,5.250636953860521317e-03,2.927889302372932434e-02,3.011827124282717705e-03,-8.809805433788318874e-02,0.000000000000000000e+00,1.651988329412645666e-03
7.505719661712646484e-01,3.083364292979240417e-02,9.102425538003444672e-03,2.916526198387145996e-01,6.638976745307445526e-03,-8.635819758079314734e-02,0.000000000000000000e+00,3.309273074473077086e-02
9.997220039367675781e-01,1.731743216514587402e-01,1.042920444160699844e-02,9.198412299156188965e-01,-1.031122636049985886e-02,-6.060282500115083196e-03,0.000000000000000000e+00,1.753104168756231818e-01
1.252133846282958984e+00,4.886803627014160156e-01,7.780110929161310196e-03,1.682646632194519043e+00,-2.558500692248344421e-02,-1.105111116611888662e-02,1.000000000000000000e+00,7.368487757849281894e-02
1.504407167434692383e+00,9.835557341575622559e-01,2.893576165661215782e-03,2.390326261520385742e+00,-3.358186036348342896e-02,-2.022185967527317593e-02,2.000000000000000000e+00,7.710677092575844715e-02
1.751654863357543945e+00,1.643563151359558105e+00,-4.452720284461975098e-03,3.036524534225463867e+00,-4.714745655655860901e-02,-2.265523209977588978e-02,3.000000000000000000e+00,8.902389867211997487e-02
1.998981237411499023e+00,2.461101055145263672e+00,-1.770662143826484680e-02,3.647603511810302734e+00,-7.487963885068893433e-02,-1.325831456847000739e-02,5.000000000000000000e+00,9.437388236082973336e-02
2.249669790267944336e+00,3.421909809112548828e+00,-3.998494893312454224e-02,4.207220077514648438e+00,-1.119860559701919556e-01,5.544297887301393932e-03,7.000000000000000000e+00,1.271585426350093639e-01
2.499386072158813477e+00,4.508692741394042969e+00,-6.985543668270111084e-02,4.568235397338867188e+00,-1.319115310907363892e-01,1.662152937192500762e-02,9.000000000000000000e+00,3.804363012847809811e-02
2.749237060546875000e+00,5.657079696655273438e+00,-1.006558388471603394e-01,4.718353748321533203e+00,-1.189717352390289307e-01,5.170680874131719680e-03,1.100000000000000000e+01,1.224262765065966402e-01
3.001276016235351562e+00,6.845866203308105469e+00,-1.286249905824661255e-01,4.782039642333984375e+00,-1.050554141402244568e-01,-6.591481258336201986e-03,1.400000000000000000e+01,1.823351451875273033e-01
3.253612041473388672e+00,8.038631439208984375e+00,-1.555146723985671997e-01,4.823888778686523438e+00,-1.028622314333915710e-01,-8.865977931105739965e-03,1.600000000000000000e+01,2.150315552190323193e-02
3.502058982849121094e+00,9.244201660156250000e+00,-1.832010000944137573e-01,4.870795726776123047e+00,-1.057636961340904236e-01,-7.599836748343540352e-03,1.800000000000000000e+01,2.276845033915316230e-01
3.753744125366210938e+00,1.046300220489501953e+01,-2.120250910520553589e-01,4.924378395080566406e+00,-1.086118966341018677e-01,-5.762395937614211115e-03,2.100000000000000000e+01,4.756572694976483884e-02
4.001584053039550781e+00,1.169557762145996094e+01,-2.410319298505783081e-01,4.978549957275390625e+00,-1.102553606033325195e-01,-4.976710016016707566e-03,2.300000000000000000e+01,1.923132254274963482e-01
4.246629238128662109e+00,1.293379878997802734e+01,-2.699294686317443848e-01,5.030153751373291016e+00,-1.116412431001663208e-01,-4.439879382432552514e-03,2.600000000000000000e+01,6.265426144240851536e-02
4.499113082885742188e+00,1.419298553466796875e+01,-2.996283769607543945e-01,5.075052261352539062e+00,-1.129063442349433899e-01,-4.054785282956171501e-03,2.800000000000000000e+01,2.029405823322563418e-01
4.747386932373046875e+00,1.546122264862060547e+01,-3.297293484210968018e-01,5.108242511749267578e+00,-1.132482066750526428e-01,-3.839850932434335160e-03,3.100000000000000000e+01,2.227191035394868873e-02
4.999313831329345703e+00,1.673663139343261719e+01,-3.605118095874786377e-01,5.129679679870605469e+00,-1.132386177778244019e-01,-3.540850224023819361e-03,3.400000000000000000e+01,2.377427421787576545e-01
5.253298044204711914e+00,1.802995491027832031e+01,-3.914639949798583984e-01,5.143284797668457031e+00,-1.125132665038108826e-01,-3.934321414174194245e-03,3.600000000000000000e+01,6.117008348356664515e-02
5.502811193466186523e+00,1.931305503845214844e+01,-4.220973551273345947e-01,5.148420333862304688e+00,-1.101837977766990662e-01,-5.262221452818919600e-03,3.900000000000000000e+01,1.478795814599114522e-01
5.753143072128295898e+00,2.059655380249023438e+01,-4.524671137332916260e-01,5.146070480346679688e+00,-1.072260066866874695e-01,-6.994840520278009476e-03,4.100000000000000000e+01,1.410525901904237656e-01
6.003024101257324219e+00,2.187780570983886719e+01,-4.817444384098052979e-01,5.137425899505615234e+00,-1.038337349891662598e-01,-9.550387830607166839e-03,4.400000000000000000e+01,6.976629467778854010e-02
6.250095129013061523e+00,2.315358734130859375e+01,-5.092646479606628418e-01,5.125278472900390625e+00,-1.000945270061492920e-01,-1.243863948643912816e-02,4.600000000000000000e+01,2.113789193771126451e-01
6.497662067413330078e+00,2.442179298400878906e+01,-5.350437164306640625e-01,5.116303920745849609e+00,-9.702443331480026245e-02,-1.583860490045551142e-02,4.900000000000000000e+01,1.322151309617313440e-02
6.748254060745239258e+00,2.569477272033691406e+01,-5.612774491310119629e-01,5.105657577514648438e+00,-9.587284177541732788e-02,-1.697424093473695259e-02,5.200000000000000000e+01,2.318162833389363631e-01
7.000038862228393555e+00,2.696355056762695312e+01,-5.876088142395019531e-01,5.093096256256103516e+00,-9.528040140867233276e-02,-1.829135325770506887e-02,5.400000000000000000e+01,4.331393801213885564e-02
7.249639987945556641e+00,2.824305915832519531e+01,-6.139680743217468262e-01,5.082331657409667969e+00,-9.500695019960403442e-02,-1.868554214575154568e-02,5.700000000000000000e+01,1.706185401890068787e-01
7.500096082687377930e+00,2.950897598266601562e+01,-6.399804353713989258e-01,5.073631286621093750e+00,-9.505937248468399048e-02,-1.971640352130819493e-02,5.900000000000000000e+01,1.019679245636331416e-01
7.750033855438232422e+00,3.077452850341796875e+01,-6.661006212234497070e-01,5.066436767578125000e+00,-9.530509263277053833e-02,-1.968287407234672534e-02,6.200000000000000000e+01,1.266419067143448873e-01
8.001026153564453125e+00,3.203900527954101562e+01,-6.934456229209899902e-01,5.058510303497314453e+00,-9.596469998359680176e-02,-1.987258753022169699e-02,6.400000000000000000e+01,1.453254060035926443e-01
8.251542091369628906e+00,3.330263519287109375e+01,-7.206672430038452148e-01,5.049487113952636719e+00,-9.568827599287033081e-02,-1.982942103886513666e-02,6.700000000000000000e+01,8.631050561514534702e-02
8.497205972671508789e+00,3.455631256103515625e+01,-7.477095127105712891e-01,5.040695190429687500e+00,-9.503473341464996338e-02,-2.105192943674100148e-02,6.900000000000000000e+01,1.759611936895499607e-01
8.748313188552856445e+00,3.581625366210937500e+01,-7.743996381759643555e-01,5.033010005950927734e+00,-9.384173899888992310e-02,-2.183642990667515604e-02,7.200000000000000000e+01,6.139241543881593377e-02
8.999169111251831055e+00,3.707527923583984375e+01,-8.005782961845397949e-01,5.025458335876464844e+00,-9.257823228836059570e-02,-2.394326483382208312e-02,7.400000000000000000e+01,2.083809251010182995e-01
9.250288248062133789e+00,3.834606933593750000e+01,-8.266671895980834961e-01,5.018445491790771484e+00,-9.173693507909774780e-02,-2.467064797183523422e-02,7.700000000000000000e+01,3.028170191606893713e-02
9.504631996154785156e+00,3.960316467285156250e+01,-8.518700599670410156e-01,5.011975765228271484e+00,-9.140440076589584351e-02,-2.644081298834569105e-02,7.900000000000000000e+01,2.498294905769916086e-01
9.752002000808715820e+00,4.085939788818359375e+01,-8.777320384979248047e-01,5.006776809692382812e+00,-9.184333682060241699e-02,-2.606961091176181189e-02,8.200000000000000000e+01,3.450477188562311309e-02
1.000197815895080566e+01,4.211584091186523438e+01,-9.045478105545043945e-01,5.002830982208251953e+00,-9.259022772312164307e-02,-2.660276196265858040e-02,8.500000000000000000e+01,2.260864101846078444e-01
1.024977898597717285e+01,4.337168121337890625e+01,-9.314482212066650391e-01,4.997692584991455078e+00,-9.292458742856979370e-02,-2.597034247820492747e-02,8.700000000000000000e+01,5.158860627549133326e-02
1.049942493438720703e+01,4.461846160888671875e+01,-9.575155973434448242e-01,4.992109775543212891e+00,-9.275388717651367188e-02,-2.734020220188149511e-02,9.000000000000000000e+01,2.110311214656370726e-01
1.074827814102172852e+01,4.587371826171875000e+01,-9.834014773368835449e-01,4.987977981567382812e+00,-9.271295368671417236e-02,-2.728617309164231217e-02,9.200000000000000000e+01,6.616559432447002842e-02
1.100358200073242188e+01,4.712845993041992188e+01,-1.008778572082519531e+00,4.983661651611328125e+00,-9.286097437143325806e-02,-2.878528215071299995e-02,9.500000000000000000e+01,1.894040400304541627e-01
1.125246596336364746e+01,4.838134002685546875e+01,-1.034313917160034180e+00,4.978587150573730469e+00,-9.337089955806732178e-02,-2.830096544561712391e-02,9.700000000000000000e+01,8.655511698796367059e-02
1.150903701782226562e+01,4.964490127563476562e+01,-1.059983968734741211e+00,4.974227905273437500e+00,-9.433758258819580078e-02,-2.920950856394563533e-02,1.000000000000000000e+02,1.622596964345348891e-01
1.175071001052856445e+01,5.089526748657226562e+01,-1.086749553680419922e+00,4.971609115600585938e+00,-9.638187289237976074e-02,-2.716312232865685308e-02,1.020000000000000000e+02,1.123962751642216262e-01
1.200295305252075195e+01,5.214553451538085938e+01,-1.113276243209838867e+00,4.971091747283935547e+00,-9.821610897779464722e-02,-2.708731121872429842e-02,1.050000000000000000e+02,1.501283994717941273e-01
1.225032711029052734e+01,5.339578628540039062e+01,-1.139851212501525879e+00,4.970086574554443359e+00,-9.951386600732803345e-02,-2.573828752843361836e-02,1.070000000000000000e+02,1.262235329544674212e-01
1.250151705741882324e+01,5.464572906494140625e+01,-1.167123675346374512e+00,4.968159675598144531e+00,-1.009237766265869141e-01,-2.571697266468497139e-02,1.100000000000000000e+02,1.385633652282985961e-01
1.274963903427124023e+01,5.588803863525390625e+01,-1.194996833801269531e+00,4.967788219451904297e+00,-1.030676886439323425e-01,-2.326885189718735925e-02,1.120000000000000000e+02,1.316969478726649767e-01
1.300071907043457031e+01,5.713823318481445312e+01,-1.223565340042114258e+00,4.967659473419189453e+00,-1.053974702954292297e-01,-2.212156922958543118e-02,1.150000000000000000e+02,1.331564741973386978e-01
1.324969387054443359e+01,5.838799667358398438e+01,-1.251910090446472168e+00,4.966244697570800781e+00,-1.066917479038238525e-01,-2.030671340288597165e-02,1.170000000000000000e+02,1.437032497951033216e-01
1.350091695785522461e+01,5.964929962158203125e+01,-1.280599832534790039e+00,4.964752674102783203e+00,-1.076780259609222412e-01,-2.019796438900771027e-02,1.200000000000000000e+02,1.111125052246852984e-01
1.375333881378173828e+01,6.089871215820312500e+01,-1.309590935707092285e+00,4.964316368103027344e+00,-1.087543964385986328e-01,-1.841336852663092924e-02,1.220000000000000000e+02,1.659166376593571857e-01
1.400514101982116699e+01,6.214788436889648438e+01,-1.338371276855468750e+00,4.965201377868652344e+00,-1.095450520515441895e-01,-1.832526688851309968e-02,1.250000000000000000e+02,1.000969131367041298e-01
1.425228905677795410e+01,6.339710617065429688e+01,-1.366904377937316895e+00,4.965643405914306641e+00,-1.102590784430503845e-01,-1.702173426199789924e-02,1.270000000000000000e+02,1.767844548326428233e-01
1.450319004058837891e+01,6.464663696289062500e+01,-1.395134925842285156e+00,4.964754104614257812e+00,-1.109302043914794922e-01,-1.712731794451841094e-02,1.300000000000000000e+02,8.979113494327493894e-02
1.474873709678649902e+01,6.588840484619140625e+01,-1.424040675163269043e+00,4.964452743530273438e+00,-1.124442294239997864e-01,-1.502478098868732098e-02,1.320000000000000000e+02,1.809393486974789078e-01
1.500328087806701660e+01,6.713879394531250000e+01,-1.454262852668762207e+00,4.964963912963867188e+00,-1.143874302506446838e-01,-1.348864211937251048e-02,1.350000000000000000e+02,8.361657266163824431e-02
1.525281405448913574e+01,6.838857269287109375e+01,-1.484727621078491211e+00,4.964035987854003906e+00,-1.158509403467178345e-01,-1.109717696748606375e-02,1.370000000000000000e+02,1.929191327966570668e-01
1.550404620170593262e+01,6.964968872070312500e+01,-1.515843272209167480e+00,4.962172031402587891e+00,-1.168735027313232422e-01,-9.943709964540341922e-03,1.400000000000000000e+02,6.183174742538818935e-02
1.575120401382446289e+01,7.089855194091796875e+01,-1.546713232994079590e+00,4.961741924285888672e+00,-1.174421086907386780e-01,-8.222134423243453172e-03,1.420000000000000000e+02,2.146137068565648343e-01
1.600176095962524414e+01,7.214721679687500000e+01,-1.577214479446411133e+00,4.962532997131347656e+00,-1.174053028225898743e-01,-7.959106029812814190e-03,1.450000000000000000e+02,5.073040576901063220e-02
1.625236201286315918e+01,7.339569854736328125e+01,-1.607140779495239258e+00,4.963783264160156250e+00,-1.167850643396377563e-01,-7.551158124332154470e-03,1.470000000000000000e+02,2.242511424582399604e-01
1.650513792037963867e+01,7.464402008056640625e+01,-1.637233734130859375e+00,4.963526248931884766e+00,-1.164578124880790710e-01,-7.582774137754759447e-03,1.500000000000000000e+02,4.170023705516953672e-02
1.675195384025573730e+01,7.588602447509765625e+01,-1.666428685188293457e+00,4.964084148406982422e+00,-1.161038130521774292e-01,-7.149478357385361665e-03,1.520000000000000000e+02,2.274073824604581628e-01
1.699977183341979980e+01,7.713830566406250000e+01,-1.695675134658813477e+00,4.965250968933105469e+00,-1.163654029369354248e-01,-7.017463717538301171e-03,1.550000000000000000e+02,3.614015109010934590e-02
1.725110983848571777e+01,7.838687133789062500e+01,-1.725368261337280273e+00,4.962905883789062500e+00,-1.172337681055068970e-01,7.523098193972392600e-03,1.570000000000000000e+02,2.411168585429145639e-01
1.750135612487792969e+01,7.963333892822265625e+01,-1.754485368728637695e+00,4.960625171661376953e+00,-1.169965043663978577e-01,4.535339885465535653e-02,1.600000000000000000e+02,3.109774030462959110e-02
1.775279903411865234e+01,8.089188385009765625e+01,-1.783469080924987793e+00,4.960775375366210938e+00,-1.128762587904930115e-01,8.538543315477294116e-02,1.630000000000000000e+02,2.419042372839716737e-01
1.800524806976318359e+01,8.213856506347656250e+01,-1.809365272521972656e+00,4.963065624237060547e+00,-1.008222028613090515e-01,1.537062161291114781e-01,1.650000000000000000e+02,3.420490419023988760e-02
1.825399088859558105e+01,8.338594818115234375e+01,-1.831577777862548828e+00,4.966560840606689453e+00,-7.958339154720306396e-02,2.137407517222300601e-01,1.680000000000000000e+02,2.359623949802197584e-01
1.850075221061706543e+01,8.463385772705078125e+01,-1.848100066184997559e+00,4.968842506408691406e+00,-4.724534973502159119e-02,3.035193111626843243e-01,1.700000000000000000e+02,5.354388945041305137e-02
1.875183010101318359e+01,8.588416290283203125e+01,-1.855297207832336426e+00,4.970526218414306641e+00,-2.227803459390997887e-03,3.999851940974277764e-01,1.730000000000000000e+02,2.330689966798009660e-01
1.900056505203247070e+01,8.712629699707031250e+01,-1.848503708839416504e+00,4.970770359039306641e+00,6.004802510142326355e-02,4.771599954258053389e-01,1.750000000000000000e+02,1.082652965749672652e-01
1.925246214866638184e+01,8.837650299072265625e+01,-1.824097871780395508e+00,4.968637466430664062e+00,1.393254995346069336e-01,5.764317333249560082e-01,1.780000000000000000e+02,2.696199299842655384e-01
1.950399589538574219e+01,8.962506103515625000e+01,-1.779170513153076172e+00,4.962904453277587891e+00,2.320492118597030640e-01,6.598334815416406762e-01,1.800000000000000000e+02,2.335748092469915049e-01
1.975207805633544922e+01,9.088417053222656250e+01,-1.709502458572387695e+00,4.954335689544677734e+00,3.423077762126922607e-01,7.584481340878765909e-01,1.830000000000000000e+02,3.309630912436784533e-01
2.000147199630737305e+01,9.212772369384765625e+01,-1.611228108406066895e+00,4.942790031433105469e+00,4.676372408866882324e-01,8.403906727736075721e-01,1.850000000000000000e+02,3.541954880901981850e-01
2.025098180770874023e+01,9.336724090576171875e+01,-1.479645967483520508e+00,4.927433967590332031e+00,6.091477274894714355e-01,9.280200992909966029e-01,1.880000000000000000e+02,3.297387017534585407e-01
2.050129413604736328e+01,9.460187530517578125e+01,-1.310891866683959961e+00,4.906054019927978516e+00,7.651184797286987305e-01,1.004025992576823567e+00,1.900000000000000000e+02,3.820074638387656596e-01
2.075390315055847168e+01,9.582564544677734375e+01,-1.102231740951538086e+00,4.874296188354492188e+00,9.345514774322509766e-01,1.074818072856920992e+00,1.930000000000000000e+02,2.562637726604463095e-01
2.100030684471130371e+01,9.703205871582031250e+01,-8.516914844512939453e-01,4.838420391082763672e+00,1.113543748855590820e+00,1.135867945774982957e+00,1.960000000000000000e+02,2.621083011618745573e-01
2.125166201591491699e+01,9.823781585693359375e+01,-5.532562732696533203e-01,4.795824527740478516e+00,1.304053664207458496e+00,1.164775156653038435e+00,1.980000000000000000e+02,1.466052307446897851e-01
2.150205302238464355e+01,9.942962646484375000e+01,-2.074951678514480591e-01,4.741847038269042969e+00,1.499174118041992188e+00,1.189816612334801516e+00,2.010000000000000000e+02,1.228053370523584514e-01
2.175575923919677734e+01,1.006180801391601562e+02,1.911632865667343140e-01,4.678453445434570312e+00,1.698205113410949707e+00,1.170300619251311902e+00,2.030000000000000000e+02,1.591617184709641086e-01
2.200231099128723145e+01,1.017784652709960938e+02,6.362159252166748047e-01,4.607928276062011719e+00,1.894522428512573242e+00,1.165813391130659626e+00,2.060000000000000000e+02,2.424755634865253806e-01
2.225246095657348633e+01,1.029207611083984375e+02,1.130088210105895996e+00,4.530690670013427734e+00,2.085681438446044922e+00,1.152676492235638728e+00,2.080000000000000000e+02,3.197340630521570692e-01
2.250319099426269531e+01,1.040433731079101562e+02,1.671428322792053223e+00,4.446429729461669922e+00,2.270718812942504883e+00,1.085217284332831156e+00,2.110000000000000000e+02,4.956172684694662989e-01
2.275349187850952148e+01,1.051458206176757812e+02,2.258946657180786133e+00,4.355268955230712891e+00,2.447864055633544922e+00,1.049657023185525562e+00,2.130000000000000000e+02,5.817131306532993262e-01
2.300144505500793457e+01,1.062193450927734375e+02,2.886267900466918945e+00,4.262786865234375000e+00,2.611351728439331055e+00,9.625528948999889645e-01,2.150000000000000000e+02,7.538233219727151768e-01
2.325145006179809570e+01,1.072770004272460938e+02,3.558543920516967773e+00,4.166761875152587891e+00,2.766146898269653320e+00,9.131071710849909540e-01,2.180000000000000000e+02,9.081839523815683490e-01
2.350299119949340820e+01,1.083109207153320312e+02,4.267867088317871094e+00,4.071299076080322266e+00,2.905257463455200195e+00,8.152971068847567615e-01,2.200000000000000000e+02,1.075729465748797020e+00
2.375139307975769043e+01,1.093211669921875000e+02,5.010026931762695312e+00,3.975547075271606445e+00,3.031937837600708008e+00,7.571261133860548442e-01,2.230000000000000000e+02,1.227424634662154013e+00
2.400302314758300781e+01,1.103190689086914062e+02,5.790662765502929688e+00,3.884788751602172852e+00,3.147262334823608398e+00,6.560549515940836685e-01,2.250000000000000000e+02,1.326722503821581745e+00
2.425315213203430176e+01,1.112849426269531250e+02,6.591344356536865234e+00,3.798864841461181641e+00,3.251565217971801758e+00,5.934140247048766970e-01,2.280000000000000000e+02,1.399909512487205188e+00
2.450502204895019531e+01,1.122306213378906250e+02,7.416604995727539062e+00,3.719963312149047852e+00,3.343492031097412109e+00,4.931456134718677498e-01,2.300000000000000000e+02,1.436822557530308186e+00
2.475473213195800781e+01,1.131577682495117188e+02,8.264211654663085938e+00,3.645901679992675781e+00,3.425080776214599609e+00,4.286996839410142646e-01,2.330000000000000000e+02,1.445624246838021376e+00
2.500369095802307129e+01,1.140678710937500000e+02,9.131221771240234375e+00,3.579486608505249023e+00,3.493865728378295898e+00,3.339362917699167932e-01,2.350000000000000000e+02,1.432602740117283613e+00
2.525106096267700195e+01,1.149564132690429688e+02,1.000846481323242188e+01,3.519891500473022461e+00,3.552871227264404297e+00,2.710916353140240820e-01,2.380000000000000000e+02,1.389676291830563626e+00
2.550370717048645020e+01,1.158380966186523438e+02,1.090596866607666016e+01,3.468333005905151367e+00,3.602344751358032227e+00,1.853088165759209649e-01,2.400000000000000000e+02,1.338900091709902984e+00
2.575091314315795898e+01,1.167075958251953125e+02,1.181489944458007812e+01,3.423242807388305664e+00,3.642450094223022461e+00,1.262250207572336025e-01,2.430000000000000000e+02,1.255719242295834759e+00
2.600535798072814941e+01,1.175758209228515625e+02,1.274183845520019531e+01,3.386703729629516602e+00,3.673091888427734375e+00,5.292867215807288417e-02,2.450000000000000000e+02,1.182681036329492841e+00
2.625547003746032715e+01,1.184266662597656250e+02,1.366617393493652344e+01,3.358093738555908203e+00,3.695904016494750977e+00,1.083844113440333773e-03,2.480000000000000000e+02,1.067112917860236987e+00
2.650318503379821777e+01,1.192714920043945312e+02,1.459626960754394531e+01,3.337560415267944336e+00,3.712064266204833984e+00,-5.831645467677491756e-02,2.500000000000000000e+02,9.846873673565711416e-01
2.675154614448547363e+01,1.201135025024414062e+02,1.553001117706298828e+01,3.324999570846557617e+00,3.721113443374633789e+00,-1.011707630405749986e-01,2.530000000000000000e+02,8.482445322034315449e-01
2.700370311737060547e+01,1.209542922973632812e+02,1.646598052978515625e+01,3.319211244583129883e+00,3.722734689712524414e+00,-1.434550564140562035e-01,2.550000000000000000e+02,7.722632127605392194e-01
2.725398087501525879e+01,1.217907638549804688e+02,1.739853858947753906e+01,3.318814516067504883e+00,3.719465017318725586e+00,-1.772268095923252018e-01,2.580000000000000000e+02,6.196560680204841187e-01
2.750094604492187500e+01,1.226321563720703125e+02,1.833451271057128906e+01,3.322270870208740234e+00,3.709311723709106445e+00,-2.043116485046585773e-01,2.610000000000000000e+02,5.613641324917778563e-01
2.775505304336547852e+01,1.234736328125000000e+02,1.926569175720214844e+01,3.329092502593994141e+00,3.693533897399902344e+00,-2.233312835547263120e-01,2.630000000000000000e+02,3.962617937302875815e-01
2.800693297386169434e+01,1.243252792358398438e+02,2.020105171203613281e+01,3.339717626571655273e+00,3.674680471420288086e+00,-2.414841291443412807e-01,2.660000000000000000e+02,3.631385184425595103e-01
2.825540614128112793e+01,1.251710052490234375e+02,2.112253570556640625e+01,3.354343175888061523e+00,3.655187606811523438e+00,-2.493075305160537825e-01,2.680000000000000000e+02,1.928283975764836788e-01
2.850549507141113281e+01,1.260200576782226562e+02,2.203908729553222656e+01,3.373376369476318359e+00,3.635372161865234375e+00,-2.604050789129918608e-01,2.710000000000000000e+02,2.331621956360792336e-01
2.875244903564453125e+01,1.268744125366210938e+02,2.295134925842285156e+01,3.396435260772705078e+00,3.616454124450683594e+00,-2.591705807581334287e-01,2.730000000000000000e+02,4.050024283504384537e-02
2.900657510757446289e+01,1.277348861694335938e+02,2.385834312438964844e+01,3.420485496520996094e+00,3.594709634780883789e+00,-2.633977069297795404e-01,2.760000000000000000e+02,2.165268295414949362e-01
2.925328683853149414e+01,1.285949859619140625e+02,2.475410842895507812e+01,3.444150924682617188e+00,3.571725368499755859e+00,-2.535578167483061307e-01,2.780000000000000000e+02,1.480257761456603982e-01
2.950258207321166992e+01,1.294665527343750000e+02,2.565002250671386719e+01,3.469270229339599609e+00,3.548028945922851562e+00,-2.520810390638024701e-01,2.810000000000000000e+02,2.892150972132396802e-01
2.975338697433471680e+01,1.303453063964843750e+02,2.654013633728027344e+01,3.494877576828002930e+00,3.523615121841430664e+00,-2.351608493626817231e-01,2.830000000000000000e+02,2.657236115888764738e-01
3.000093388557434082e+01,1.312299804687500000e+02,2.742382621765136719e+01,3.519432544708251953e+00,3.498149156570434570e+00,-2.277900603885071318e-01,2.860000000000000000e+02,3.606532073881588696e-01
3.026211190223693848e+01,1.321289367675781250e+02,2.830957984924316406e+01,3.542533636093139648e+00,3.473502397537231445e+00,-2.071111396104574898e-01,2.880000000000000000e+02,3.524202866092580599e-01
3.050184011459350586e+01,1.330235595703125000e+02,2.917984008789062500e+01,3.564027547836303711e+00,3.449877977371215820e+00,-1.971997748084144686e-01,2.910000000000000000e+02,4.090790193573167755e-01
3.075810790061950684e+01,1.339233398437500000e+02,3.004459190368652344e+01,3.584853887557983398e+00,3.427856922149658203e+00,-1.743462596855594460e-01,2.930000000000000000e+02,4.040261708411052033e-01
3.100747394561767578e+01,1.348282470703125000e+02,3.090429878234863281e+01,3.604991674423217773e+00,3.407444238662719727e+00,-1.622202042319021431e-01,2.960000000000000000e+02,4.388111430443224492e-01
3.125454998016357422e+01,1.357380828857421875e+02,3.175919342041015625e+01,3.624020576477050781e+00,3.389947175979614258e+00,-1.392502500798921405e-01,2.980000000000000000e+02,4.277423244527120416e-01
3.150297594070434570e+01,1.366465301513671875e+02,3.260385131835937500e+01,3.642138242721557617e+00,3.373918294906616211e+00,-1.259248532511827445e-01,3.010000000000000000e+02,4.460161215483980923e-01
3.175340914726257324e+01,1.375653076171875000e+02,3.345005798339843750e+01,3.657707214355468750e+00,3.359520196914672852e+00,-1.034133724934254150e-01,3.030000000000000000e+02,4.247062586167980047e-01
3.200332593917846680e+01,1.384872741699218750e+02,3.429252243041992188e+01,3.670713663101196289e+00,3.345889091491699219e+00,-9.016044847422886865e-02,3.060000000000000000e+02,4.283344169579644256e-01
3.225320100784301758e+01,1.394208374023437500e+02,3.513978958129882812e+01,3.682440280914306641e+00,3.333768844604492188e+00,-6.901435849306158943e-02,3.080000000000000000e+02,4.077532562902378421e-01
3.250759410858154297e+01,1.403471527099609375e+02,3.597527313232421875e+01,3.691834926605224609e+00,3.323633909225463867e+00,-5.630217134348670938e-02,3.110000000000000000e+02,3.910951634625055573e-01
3.275282406806945801e+01,1.412753906250000000e+02,3.680975723266601562e+01,3.699616909027099609e+00,3.317098617553710938e+00,-3.929481615273577866e-02,3.130000000000000000e+02,3.748996409605185876e-01
3.300348401069641113e+01,1.422052612304687500e+02,3.764271163940429688e+01,3.706827402114868164e+00,3.312345027923583984e+00,-2.875384914478161524e-02,3.160000000000000000e+02,3.481706002652592558e-01
3.325722122192382812e+01,1.431363220214843750e+02,3.847374725341796875e+01,3.712546586990356445e+00,3.308515071868896484e+00,-1.375573944924059905e-02,3.180000000000000000e+02,3.355855701762592291e-01
3.350246095657348633e+01,1.440621337890625000e+02,3.929759597778320312e+01,3.716741561889648438e+00,3.305406093597412109e+00,-3.629928232982540526e-03,3.210000000000000000e+02,3.008625537738403022e-01
3.375498914718627930e+01,1.449947509765625000e+02,4.012654113769531250e+01,3.719980478286743164e+00,3.304800987243652344e+00,8.253905305017935137e-03,3.230000000000000000e+02,2.883136445556866989e-01
3.400677824020385742e+01,1.459270935058593750e+02,4.095550155639648438e+01,3.721378803253173828e+00,3.304733276367187500e+00,1.605386237055599075e-02,3.260000000000000000e+02,2.483234771923517881e-01
3.425284409523010254e+01,1.468692169189453125e+02,4.179266738891601562e+01,3.722131967544555664e+00,3.305852890014648438e+00,2.509202106720668027e-02,3.280000000000000000e+02,2.550666202287151796e-01
3.450472497940063477e+01,1.478024139404296875e+02,4.262174987792968750e+01,3.722392320632934570e+00,3.307952880859375000e+00,3.187932450531999473e-02,3.310000000000000000e+02,1.897611971729538105e-01
3.475609493255615234e+01,1.487356872558593750e+02,4.345211410522460938e+01,3.721952199935913086e+00,3.311714887619018555e+00,3.791556683443267350e-02,3.330000000000000000e+02,2.240502537679681105e-01
3.500525999069213867e+01,1.496668548583984375e+02,4.428260803222656250e+01,3.719763517379760742e+00,3.315648317337036133e+00,4.216506625790075041e-02,3.360000000000000000e+02,1.400793089253815626e-01
3.526343703269958496e+01,1.505938110351562500e+02,4.511119079589843750e+01,3.715614318847656250e+00,3.318843126296997070e+00,4.515535994978927409e-02,3.380000000000000000e+02,2.000710254637127483e-01
3.550687479972839355e+01,1.515132904052734375e+02,4.593534851074218750e+01,3.713846206665039062e+00,3.324430227279663086e+00,4.805558475218743575e-02,3.410000000000000000e+02,1.108075269165734456e-01
3.575256705284118652e+01,1.524393157958984375e+02,4.676727676391601562e+01,3.714368820190429688e+00,3.332360029220581055e+00,4.953027102729984366e-02,3.430000000000000000e+02,1.768047139259378009e-01
3.600570011138916016e+01,1.533670501708984375e+02,4.760218811035156250e+01,3.714843988418579102e+00,3.340317964553833008e+00,5.196225552618131960e-02,3.460000000000000000e+02,8.348828025711979572e-02
3.625519013404846191e+01,1.542950744628906250e+02,4.843993377685546875e+01,3.713239908218383789e+00,3.346948385238647461e+00,5.188070383378192568e-02,3.480000000000000000e+02,1.806761100166535405e-01
3.650922489166259766e+01,1.552324218750000000e+02,4.928853225708007812e+01,3.710318803787231445e+00,3.352636337280273438e+00,5.101075299123261630e-02,3.510000000000000000e+02,4.782663544102788711e-02
3.675887417793273926e+01,1.561599121093750000e+02,5.013058853149414062e+01,3.706710815429687500e+00,3.356656789779663086e+00,5.206151589011090430e-02,3.530000000000000000e+02,2.105929987703982764e-01
3.700546622276306152e+01,1.570875549316406250e+02,5.097493362426757812e+01,3.702847003936767578e+00,3.360680818557739258e+00,5.038563147219595612e-02,3.560000000000000000e+02,3.636155255507639988e-02
3.726195001602172852e+01,1.580145721435546875e+02,5.182015609741210938e+01,3.697390556335449219e+00,3.363086223602294922e+00,5.069442155035872727e-02,3.580000000000000000e+02,2.351853493033368436e-01
3.750812792778015137e+01,1.589412841796875000e+02,5.266585159301757812e+01,3.691560983657836914e+00,3.364012002944946289e+00,6.222862441025694968e-02,3.610000000000000000e+02,4.607590860533895133e-02
3.775533318519592285e+01,1.598603515625000000e+02,5.350669860839843750e+01,3.684827327728271484e+00,3.365978717803955078e+00,8.618097495082370496e-02,3.630000000000000000e+02,2.522702308526337256e-01
3.800437402725219727e+01,1.607840423583984375e+02,5.435453414916992188e+01,3.675789117813110352e+00,3.370528697967529297e+00,1.351365579609517809e-01,3.660000000000000000e+02,6.235700352883671860e-02
3.825461912155151367e+01,1.617045898437500000e+02,5.520362091064453125e+01,3.661232709884643555e+00,3.379500627517700195e+00,1.829377147788722180e-01,3.690000000000000000e+02,2.405824070258747449e-01
3.850740003585815430e+01,1.626295928955078125e+02,5.606419754028320312e+01,3.640209197998046875e+00,3.395995140075683594e+00,2.569029089038266656e-01,3.710000000000000000e+02,7.442849954105573707e-02
3.875446200370788574e+01,1.635396118164062500e+02,5.692118072509765625e+01,3.612858295440673828e+00,3.420872449874877930e+00,3.212977953850916224e-01,3.740000000000000000e+02,2.118506678919305219e-01
3.900922799110412598e+01,1.644413909912109375e+02,5.778508377075195312e+01,3.576935052871704102e+00,3.456357717514038086e+00,4.099070243532103586e-01,3.760000000000000000e+02,6.107707728166400507e-02
3.925824785232543945e+01,1.653327941894531250e+02,5.865843582153320312e+01,3.531766176223754883e+00,3.501081705093383789e+00,5.025599373612992249e-01,3.790000000000000000e+02,1.948455293065373684e-01
3.950345897674560547e+01,1.662119445800781250e+02,5.954446411132812500e+01,3.474916458129882812e+00,3.556396007537841797e+00,5.793964741618726766e-01,3.810000000000000000e+02,7.586544461606627154e-02
3.975396513938903809e+01,1.670706176757812500e+02,6.043999481201171875e+01,3.406178712844848633e+00,3.622103452682495117e+00,6.719225463862269487e-01,3.840000000000000000e+02,2.302408398410816792e-01
4.000223994255065918e+01,1.679163055419921875e+02,6.135893630981445312e+01,3.325385093688964844e+00,3.696562767028808594e+00,7.510288828110133208e-01,3.860000000000000000e+02,2.103063801994460302e-01
4.025303101539611816e+01,1.687395629882812500e+02,6.229670715332031250e+01,3.231392145156860352e+00,3.777748823165893555e+00,8.403005312959394013e-01,3.890000000000000000e+02,2.814805717709252253e-01
4.050696396827697754e+01,1.695454711914062500e+02,6.326442337036132812e+01,3.123293161392211914e+00,3.866192579269409180e+00,9.190271273869395907e-01,3.910000000000000000e+02,2.891316375213380252e-01
4.075812721252441406e+01,1.703142700195312500e+02,6.424565124511718750e+01,3.002124309539794922e+00,3.959892034530639648e+00,9.986766301400978874e-01,3.940000000000000000e+02,2.524654584145794578e-01
4.100534701347351074e+01,1.710505065917968750e+02,6.525086975097656250e+01,2.868500232696533203e+00,4.057986736297607422e+00,1.072215709192853916e+00,3.960000000000000000e+02,2.804150054087011790e-01
4.125516700744628906e+01,1.717519073486328125e+02,6.628061676025390625e+01,2.721023082733154297e+00,4.159116744995117188e+00,1.139963787643519133e+00,3.990000000000000000e+02,1.520567807136819494e-01
4.150548195838928223e+01,1.724142913818359375e+02,6.733485412597656250e+01,2.559135675430297852e+00,4.259723663330078125e+00,1.198014612799713552e+00,4.010000000000000000e+02,2.442855404031801514e-01
4.175288295745849609e+01,1.730314788818359375e+02,6.840765380859375000e+01,2.385627508163452148e+00,4.359594345092773438e+00,1.257908883611393636e+00,4.040000000000000000e+02,1.184742376641736462e-02
4.200387787818908691e+01,1.736081848144531250e+02,6.951433563232421875e+01,2.197441577911376953e+00,4.458988666534423828e+00,1.315594474275253223e+00,4.070000000000000000e+02,2.663649983011456834e-01
4.225360107421875000e+01,1.741350097656250000e+02,7.064214324951171875e+01,1.995469927787780762e+00,4.551501274108886719e+00,1.350240033528948835e+00,4.090000000000000000e+02,2.054534533632920157e-01
4.250405597686767578e+01,1.746090545654296875e+02,7.179131317138671875e+01,1.780990362167358398e+00,4.638199806213378906e+00,1.394643773923066821e+00,4.110000000000000000e+02,3.967228713866596257e-01
4.275413513183593750e+01,1.750322570800781250e+02,7.297269439697265625e+01,1.555093646049499512e+00,4.719748497009277344e+00,1.414992917180866616e+00,4.140000000000000000e+02,4.221534421537425641e-01
4.300722622871398926e+01,1.753940124511718750e+02,7.416156005859375000e+01,1.322062134742736816e+00,4.793693065643310547e+00,1.452443552830058549e+00,4.160000000000000000e+02,5.790385669263801161e-01
4.325422692298889160e+01,1.756967163085937500e+02,7.536798095703125000e+01,1.081176280975341797e+00,4.858562469482421875e+00,1.460651535483594055e+00,4.190000000000000000e+02,6.409933221418334659e-01
4.350384593009948730e+01,1.759382324218750000e+02,7.658921051025390625e+01,8.320415019989013672e-01,4.911180019378662109e+00,1.489837336054734562e+00,4.210000000000000000e+02,7.681759059938174650e-01
4.375534200668334961e+01,1.761166839599609375e+02,7.782333374023437500e+01,5.768315196037292480e-01,4.951296329498291016e+00,1.516775010372289900e+00,4.240000000000000000e+02,8.515513424970740930e-01
4.400507807731628418e+01,1.762296447753906250e+02,7.905802917480468750e+01,3.169442117214202881e-01,4.978563308715820312e+00,1.506072670394940305e+00,4.260000000000000000e+02,9.501884092906409673e-01
4.425288295745849609e+01,1.762770996093750000e+02,8.030655670166015625e+01,5.013737455010414124e-02,4.991734981536865234e+00,1.521379454495306538e+00,4.290000000000000000e+02,1.044061194348786969e+00
4.450770306587219238e+01,1.762578430175781250e+02,8.155683135986328125e+01,-2.147580981254577637e-01,4.989680290222167969e+00,1.481866458727505220e+00,4.310000000000000000e+02,1.115803571231146041e+00
4.475476193428039551e+01,1.761714935302734375e+02,8.281684112548828125e+01,-4.826524257659912109e-01,4.972849845886230469e+00,1.466270787479643456e+00,4.340000000000000000e+02,1.212046396134762727e+00
4.500845599174499512e+01,1.760209350585937500e+02,8.405874633789062500e+01,-7.415866851806640625e-01,4.943285942077636719e+00,1.440498465158741137e+00,4.360000000000000000e+02,1.262793889608063047e+00
4.525399804115295410e+01,1.758071289062500000e+02,8.529204559326171875e+01,-9.955527782440185547e-01,4.901734352111816406e+00,1.347035662063440498e+00,4.380000000000000000e+02,1.344418027112710412e+00
4.550999498367309570e+01,1.755302429199218750e+02,8.651304626464843750e+01,-1.242859482765197754e+00,4.848318576812744141e+00,1.294676740677267235e+00,4.410000000000000000e+02,1.395251640013369210e+00
4.575738692283630371e+01,1.751926422119140625e+02,8.772151947021484375e+01,-1.472506284713745117e+00,4.787553310394287109e+00,1.239558660140623436e+00,4.430000000000000000e+02,1.455430559256053247e+00
4.600365209579467773e+01,1.748018035888671875e+02,8.890622711181640625e+01,-1.690288305282592773e+00,4.718211174011230469e+00,1.114632171053564269e+00,4.460000000000000000e+02,1.525399590595812427e+00
4.625591802597045898e+01,1.743550872802734375e+02,9.008036804199218750e+01,-1.897229194641113281e+00,4.642202854156494141e+00,1.039584919901633375e+00,4.480000000000000000e+02,1.575988900251179103e+00
4.650555801391601562e+01,1.738591003417968750e+02,9.123511505126953125e+01,-2.080866575241088867e+00,4.565554618835449219e+00,9.090555288832126157e-01,4.500000000000000000e+02,1.658747119705090256e+00
4.675510907173156738e+01,1.733130798339843750e+02,9.238218688964843750e+01,-2.249381303787231445e+00,4.487350463867187500e+00,8.304773996141410208e-01,4.530000000000000000e+02,1.731107684233113675e+00
4.700870299339294434e+01,1.727327117919921875e+02,9.349841308593750000e+01,-2.397473812103271484e+00,4.412938117980957031e+00,7.005265121233827941e-01,4.550000000000000000e+02,1.807560515651071009e+00
4.725966691970825195e+01,1.721166381835937500e+02,9.459615325927734375e+01,-2.530922174453735352e+00,4.341460227966308594e+00,6.182584776487048961e-01,4.580000000000000000e+02,1.832456162212185546e+00
4.750564813613891602e+01,1.714689025878906250e+02,9.567660522460937500e+01,-2.645215511322021484e+00,4.276619911193847656e+00,4.946189925780757890e-01,4.600000000000000000e+02,1.838463123815533118e+00
4.775448298454284668e+01,1.707967681884765625e+02,9.673860168457031250e+01,-2.743084907531738281e+00,4.214516639709472656e+00,3.772941260349035875e-01,4.630000000000000000e+02,1.792033887949180615e+00
4.800770306587219238e+01,1.701080169677734375e+02,9.777777099609375000e+01,-2.821660041809082031e+00,4.163052082061767578e+00,3.035284615387654483e-01,4.650000000000000000e+02,1.746188889109437703e+00
4.825313997268676758e+01,1.693970184326171875e+02,9.881284332275390625e+01,-2.886462450027465820e+00,4.122707366943359375e+00,2.059771817366607416e-01,4.680000000000000000e+02,1.648832333486492940e+00
4.850328183174133301e+01,1.686708374023437500e+02,9.983837890625000000e+01,-2.941277980804443359e+00,4.088291168212890625e+00,1.388610963166208578e-01,4.710000000000000000e+02,1.566894005880006047e+00
4.875420689582824707e+01,1.679313049316406250e+02,1.008570327758789062e+02,-2.984241247177124023e+00,4.060783863067626953e+00,5.377792800329264655e-02,4.730000000000000000e+02,1.433940466571924865e+00
4.901097393035888672e+01,1.671736907958984375e+02,1.018801498413085938e+02,-3.017028331756591797e+00,4.039097785949707031e+00,-7.045146650533839865e-03,4.760000000000000000e+02,1.319947039953060841e+00
4.926321411132812500e+01,1.664162750244140625e+02,1.028896560668945312e+02,-3.037339210510253906e+00,4.024786472320556641e+00,-7.498534995521753677e-02,4.780000000000000000e+02,1.172318344917466115e+00
4.950641107559204102e+01,1.656545867919921875e+02,1.038971405029296875e+02,-3.047042846679687500e+00,4.015798091888427734e+00,-1.313582597137731289e-01,4.810000000000000000e+02,1.043348661008167255e+00
4.975445818901062012e+01,1.648906250000000000e+02,1.049033889770507812e+02,-3.046509742736816406e+00,4.010962009429931641e+00,-1.733106037292647394e-01,4.830000000000000000e+02,8.938767367437995270e-01
5.000951910018920898e+01,1.641276092529296875e+02,1.059091796875000000e+02,-3.036441326141357422e+00,4.010086536407470703e+00,-2.109711603822935211e-01,4.860000000000000000e+02,7.577583301459569487e-01
5.025738811492919922e+01,1.633726959228515625e+02,1.069080734252929688e+02,-3.020068407058715820e+00,4.013504981994628906e+00,-2.409433406432173186e-01,4.880000000000000000e+02,6.201176433037802749e-01
5.050680708885192871e+01,1.626171722412109375e+02,1.079151000976562500e+02,-2.998136758804321289e+00,4.022047042846679688e+00,-2.619409749535526744e-01,4.910000000000000000e+02,4.864928974988773080e-01
5.075419998168945312e+01,1.618674011230468750e+02,1.089250106811523438e+02,-2.971946716308593750e+00,4.034806251525878906e+00,-2.809911812350432969e-01,4.930000000000000000e+02,3.750434937084129450e-01
5.100961518287658691e+01,1.611169433593750000e+02,1.099490585327148438e+02,-2.940711736679077148e+00,4.050076007843017578e+00,-2.871689255978959743e-01,4.960000000000000000e+02,2.357064869145966135e-01
5.125624203681945801e+01,1.603820037841796875e+02,1.109672775268554688e+02,-2.907387971878051758e+00,4.067276954650878906e+00,-2.963365230114021753e-01,4.980000000000000000e+02,2.153628499643362448e-01
5.150809407234191895e+01,1.596555633544921875e+02,1.119901275634765625e+02,-2.872895002365112305e+00,4.086567878723144531e+00,-2.910415908951114461e-01,5.010000000000000000e+02,5.325042112343945921e-02
5.175475406646728516e+01,1.589374694824218750e+02,1.130183410644531250e+02,-2.836813926696777344e+00,4.107257366180419922e+00,-2.923397828101923501e-01,5.030000000000000000e+02,2.228303156882707747e-01
5.200656509399414062e+01,1.582281799316406250e+02,1.140529022216796875e+02,-2.799763441085815430e+00,4.128401279449462891e+00,-2.774911771979755581e-01,5.060000000000000000e+02,1.647207909483661137e-01
5.225966215133666992e+01,1.575314941406250000e+02,1.150881423950195312e+02,-2.763457298278808594e+00,4.150164604187011719e+00,-2.721673509173930805e-01,5.080000000000000000e+02,3.248197224010506146e-01
5.250692510604858398e+01,1.568396148681640625e+02,1.161343154907226562e+02,-2.726913928985595703e+00,4.169721126556396484e+00,-2.515899042058664659e-01,5.110000000000000000e+02,2.922421276990220806e-01
5.275378298759460449e+01,1.561579284667968750e+02,1.171826553344726562e+02,-2.690100669860839844e+00,4.186839580535888672e+00,-2.418746029995452462e-01,5.140000000000000000e+02,4.203215957805621072e-01
5.300906801223754883e+01,1.554784851074218750e+02,1.182456741333007812e+02,-2.655271768569946289e+00,4.205551147460937500e+00,-2.172293396314571301e-01,5.160000000000000000e+02,3.839220353794619567e-01
5.326217699050903320e+01,1.548152618408203125e+02,1.193022232055664062e+02,-2.622670173645019531e+00,4.224278926849365234e+00,-2.036174013673369698e-01,5.190000000000000000e+02,4.651255181593134114e-01
5.350553083419799805e+01,1.541598968505859375e+02,1.203624725341796875e+02,-2.593615531921386719e+00,4.241974353790283203e+00,-1.775457467286652158e-01,5.210000000000000000e+02,4.365525165140213826e-01
5.376092219352722168e+01,1.535118408203125000e+02,1.214267883300781250e+02,-2.566703319549560547e+00,4.260192394256591797e+00,-1.623936165540648957e-01,5.240000000000000000e+02,4.899952763137749856e-01
5.400938200950622559e+01,1.528704681396484375e+02,1.224959564208984375e+02,-2.543120622634887695e+00,4.278002738952636719e+00,-1.356846307416069985e-01,5.260000000000000000e+02,4.560267228662073791e-01
5.425712299346923828e+01,1.522388610839843750e+02,1.235626144409179688e+02,-2.522018909454345703e+00,4.294891834259033203e+00,-1.194393327363308804e-01,5.290000000000000000e+02,4.889717331974350323e-01
5.450778913497924805e+01,1.516083221435546875e+02,1.246407241821289062e+02,-2.503824234008789062e+00,4.309627532958984375e+00,-9.411806713042185357e-02,5.310000000000000000e+02,4.463280644071042080e-01
5.475810503959655762e+01,1.509816894531250000e+02,1.257221908569335938e+02,-2.487569808959960938e+00,4.321224689483642578e+00,-7.872557716013742213e-02,5.340000000000000000e+02,4.596440993633287841e-01
5.500733304023742676e+01,1.503583984375000000e+02,1.268057937622070312e+02,-2.473580837249755859e+00,4.330143451690673828e+00,-5.647001876285662192e-02,5.360000000000000000e+02,4.186774713215623001e-01
5.525744700431823730e+01,1.497325897216796875e+02,1.279022369384765625e+02,-2.460941076278686523e+00,4.337278842926025391e+00,-4.177587578609111285e-02,5.390000000000000000e+02,4.096464810623784980e-01
5.550868606567382812e+01,1.491160888671875000e+02,1.289888458251953125e+02,-2.451109170913696289e+00,4.342734813690185547e+00,-2.222347676488600418e-02,5.410000000000000000e+02,3.814302403570711264e-01
5.575559616088867188e+01,1.485009002685546875e+02,1.300761871337890625e+02,-2.444041490554809570e+00,4.347759246826171875e+00,-9.572182565609422406e-03,5.440000000000000000e+02,3.535366787472237204e-01
5.600785398483276367e+01,1.478878784179687500e+02,1.311650848388671875e+02,-2.438223838806152344e+00,4.351179599761962891e+00,6.890272309445859798e-03,5.460000000000000000e+02,3.365625189100148740e-01
5.625922203063964844e+01,1.472757873535156250e+02,1.322548065185546875e+02,-2.434447288513183594e+00,4.352971553802490234e+00,1.822304489928382870e-02,5.490000000000000000e+02,2.896188820205560233e-01
5.650446009635925293e+01,1.466665802001953125e+02,1.333406524658203125e+02,-2.433385610580444336e+00,4.354942321777343750e+00,3.061574706244552663e-02,5.510000000000000000e+02,2.901926722194194119e-01
5.675527501106262207e+01,1.460546264648437500e+02,1.344323577880859375e+02,-2.432375431060791016e+00,4.353813171386718750e+00,4.108177192047487297e-02,5.540000000000000000e+02,2.239899620085688547e-01
5.700345015525817871e+01,1.454436492919921875e+02,1.355214538574218750e+02,-2.432245731353759766e+00,4.350320339202880859e+00,4.900720324199357020e-02,5.560000000000000000e+02,2.546483555573379465e-01
5.726254582405090332e+01,1.448270721435546875e+02,1.366199798583984375e+02,-2.433527231216430664e+00,4.347780227661132812e+00,5.658884706756312638e-02,5.590000000000000000e+02,1.548099003464335488e-01
5.750923609733581543e+01,1.442165222167968750e+02,1.377064971923828125e+02,-2.436406373977661133e+00,4.346240043640136719e+00,6.368607274725134049e-02,5.610000000000000000e+02,2.391052991390272275e-01
5.776080417633056641e+01,1.436038513183593750e+02,1.387920227050781250e+02,-2.442580461502075195e+00,4.345470905303955078e+00,6.716555840907707797e-02,5.640000000000000000e+02,9.464005480120518676e-02
5.800919604301452637e+01,1.429895324707031250e+02,1.398771362304687500e+02,-2.450426101684570312e+00,4.344216823577880859e+00,7.041615125603213621e-02,5.660000000000000000e+02,2.319811974779331931e-01
5.825731992721557617e+01,1.423730773925781250e+02,1.409621887207031250e+02,-2.458702087402343750e+00,4.341794013977050781e+00,7.040539967814250788e-02,5.690000000000000000e+02,4.089412279853557597e-02
5.850467610359191895e+01,1.417589721679687500e+02,1.420393371582031250e+02,-2.467281103134155273e+00,4.338824272155761719e+00,7.161742664085321564e-02,5.710000000000000000e+02,2.334666903965275098e-01
5.875701904296875000e+01,1.411382446289062500e+02,1.431236267089843750e+02,-2.475919008255004883e+00,4.336319923400878906e+00,8.301249996381371288e-02,5.740000000000000000e+02,7.080714594976082396e-03
5.900948810577392578e+01,1.405150604248046875e+02,1.442066192626953125e+02,-2.483798265457153320e+00,4.332484722137451172e+00,1.080497503309449936e-01,5.770000000000000000e+02,2.429550644466400566e-01
5.925956702232360840e+01,1.398834838867187500e+02,1.452995605468750000e+02,-2.493625640869140625e+00,4.326761722564697266e+00,1.586671390066103082e-01,5.790000000000000000e+02,4.875638770740682582e-02
5.950866603851318359e+01,1.392551879882812500e+02,1.463800659179687500e+02,-2.508873939514160156e+00,4.317808628082275391e+00,2.092461947255291610e-01,5.820000000000000000e+02,2.138396785394918176e-01
5.976033210754394531e+01,1.386219482421875000e+02,1.474570312500000000e+02,-2.532951354980468750e+00,4.303972721099853516e+00,2.849162448307518969e-01,5.840000000000000000e+02,7.642926475209443904e-02
6.001091313362121582e+01,1.379818267822265625e+02,1.485298919677734375e+02,-2.566662311553955078e+00,4.284420013427734375e+00,3.695396454161333222e-01,5.870000000000000000e+02,1.948624566960292792e-01
6.025652408599853516e+01,1.373316040039062500e+02,1.495973358154296875e+02,-2.611573934555053711e+00,4.256732463836669922e+00,4.415343271395439362e-01,5.890000000000000000e+02,8.327318208117552578e-02
6.050639009475708008e+01,1.366731567382812500e+02,1.506505279541015625e+02,-2.668731451034545898e+00,4.220872879028320312e+00,5.335106421993150994e-01,5.920000000000000000e+02,1.736536690006632577e-01
6.075691604614257812e+01,1.359939270019531250e+02,1.517006835937500000e+02,-2.737978458404541016e+00,4.175912380218505859e+00,6.114120413821819700e-01,5.940000000000000000e+02,9.164472927530346869e-02
6.100860500335693359e+01,1.352960510253906250e+02,1.527385406494140625e+02,-2.817567825317382812e+00,4.120282649993896484e+00,7.049465649088709762e-01,5.970000000000000000e+02,1.834550226536698914e-01
6.125408887863159180e+01,1.345771026611328125e+02,1.537617950439453125e+02,-2.906602621078491211e+00,4.054864883422851562e+00,7.862733834546973277e-01,5.990000000000000000e+02,2.095477839487337457e-01
6.150992703437805176e+01,1.338272399902343750e+02,1.547772827148437500e+02,-3.007818698883056641e+00,3.976089477539062500e+00,8.754254327383850232e-01,6.020000000000000000e+02,2.276319719000588215e-01
6.175728702545166016e+01,1.330589599609375000e+02,1.557615661621093750e+02,-3.116831541061401367e+00,3.888120412826538086e+00,9.590976197723102281e-01,6.040000000000000000e+02,2.890860353029293117e-01
6.200842118263244629e+01,1.322625885009765625e+02,1.567219848632812500e+02,-3.235227108001708984e+00,3.787627696990966797e+00,1.033851538891929822e+00,6.070000000000000000e+02,2.023571889921545186e-01
6.225915813446044922e+01,1.314383850097656250e+02,1.576539611816406250e+02,-3.359678506851196289e+00,3.673550605773925781e+00,1.103488088048388605e+00,6.090000000000000000e+02,2.879691520570117902e-01
6.251018595695495605e+01,1.305908966064453125e+02,1.585481872558593750e+02,-3.488893270492553711e+00,3.548578500747680664e+00,1.169897623001644460e+00,6.120000000000000000e+02,9.970109582647435076e-02
6.275505995750427246e+01,1.297050933837890625e+02,1.594150390625000000e+02,-3.624993562698364258e+00,3.412207603454589844e+00,1.226344363611841404e+00,6.150000000000000000e+02,2.350543227044904482e-01
6.300424098968505859e+01,1.287848510742187500e+02,1.602468414306640625e+02,-3.764902353286743164e+00,3.263245344161987305e+00,1.286582758830473905e+00,6.170000000000000000e+02,6.486646033138918077e-02
6.325708007812500000e+01,1.278288955688476562e+02,1.610410003662109375e+02,-3.905030488967895508e+00,3.100942850112915039e+00,1.344566023617153050e+00,6.200000000000000000e+02,2.747448687627850883e-01
6.350712490081787109e+01,1.268266830444335938e+02,1.618010864257812500e+02,-4.045040607452392578e+00,2.922925710678100586e+00,1.380700912264987368e+00,6.220000000000000000e+02,2.656029129008389833e-01
6.376156997680664062e+01,1.257993469238281250e+02,1.625079650878906250e+02,-4.179990768432617188e+00,2.731755495071411133e+00,1.427196182140298086e+00,6.250000000000000000e+02,4.284730481957843007e-01
6.400639891624450684e+01,1.247382202148437500e+02,1.631657104492187500e+02,-4.308535099029541016e+00,2.529302358627319336e+00,1.446438057740419891e+00,6.270000000000000000e+02,4.803326677115792864e-01
6.426371717453002930e+01,1.236452026367187500e+02,1.637718811035156250e+02,-4.429279327392578125e+00,2.312772750854492188e+00,1.481866596999162677e+00,6.300000000000000000e+02,6.383285878308700978e-01
6.450946092605590820e+01,1.225223846435546875e+02,1.643232727050781250e+02,-4.538743019104003906e+00,2.088263750076293945e+00,1.485272924404127171e+00,6.320000000000000000e+02,6.978386516240444593e-01
6.475650215148925781e+01,1.213799057006835938e+02,1.648139190673828125e+02,-4.638004779815673828e+00,1.853979587554931641e+00,1.498968281111709100e+00,6.340000000000000000e+02,8.266901401738969701e-01
6.500414800643920898e+01,1.202058563232421875e+02,1.652486724853515625e+02,-4.727050304412841797e+00,1.610244631767272949e+00,1.498465765727954091e+00,6.370000000000000000e+02,9.075904857473697795e-01
6.526095581054687500e+01,1.190115890502929688e+02,1.656217803955078125e+02,-4.802675724029541016e+00,1.359727025032043457e+00,1.431446593122759126e+00,6.390000000000000000e+02,1.009932026781897196e+00
6.550967192649841309e+01,1.177882385253906250e+02,1.659347229003906250e+02,-4.865772247314453125e+00,1.107576489448547363e+00,1.399754290303020454e+00,6.420000000000000000e+02,1.103540663102981823e+00
6.575715899467468262e+01,1.165626373291015625e+02,1.661827087402343750e+02,-4.915227890014648438e+00,8.668743371963500977e-01,1.363140518540110868e+00,6.440000000000000000e+02,1.183719556256847882e+00
6.600873613357543945e+01,1.153263092041015625e+02,1.663697967529296875e+02,-4.952808380126953125e+00,6.259700655937194824e-01,1.254920218634704376e+00,6.470000000000000000e+02,1.290977671731480481e+00
6.625915122032165527e+01,1.140817642211914062e+02,1.664968719482421875e+02,-4.979729175567626953e+00,3.902211785316467285e-01,1.193286147574623035e+00,6.490000000000000000e+02,1.353900097930108348e+00
6.650708508491516113e+01,1.128318405151367188e+02,1.665672912597656250e+02,-4.995191574096679688e+00,1.733441650867462158e-01,1.074450290604486824e+00,6.510000000000000000e+02,1.449571162732343987e+00
6.675751709938049316e+01,1.115870971679687500e+02,1.665836181640625000e+02,-5.000917911529541016e+00,-3.250537440180778503e-02,1.004173372646168794e+00,6.540000000000000000e+02,1.541230843511550042e+00
6.700500512123107910e+01,1.103300552368164062e+02,1.665499267578125000e+02,-5.001087665557861328e+00,-2.211885005235671997e-01,9.351673134993462311e-01,6.560000000000000000e+02,1.634700845765401755e+00
6.725837206840515137e+01,1.090765914916992188e+02,1.664719390869140625e+02,-4.991463184356689453e+00,-3.975833654403686523e-01,8.053982959276735354e-01,6.590000000000000000e+02,1.755813578900482064e+00
6.750554108619689941e+01,1.078280944824218750e+02,1.663518829345703125e+02,-4.977019786834716797e+00,-5.603629350662231445e-01,7.254647936563394239e-01,6.610000000000000000e+02,1.807586938729759840e+00
6.775942301750183105e+01,1.065710067749023438e+02,1.661920471191406250e+02,-4.961940765380859375e+00,-7.036132812500000000e-01,6.010190399845374287e-01,6.640000000000000000e+02,1.848304172198008466e+00
6.800828790664672852e+01,1.053305969238281250e+02,1.659996795654296875e+02,-4.945536136627197266e+00,-8.316648006439208984e-01,4.808934113100954977e-01,6.660000000000000000e+02,1.832912205447451592e+00
6.826473498344421387e+01,1.040935745239257812e+02,1.657767791748046875e+02,-4.931184768676757812e+00,-9.400826692581176758e-01,4.067230653787692884e-01,6.690000000000000000e+02,1.805073536283939628e+00
6.851218986511230469e+01,1.028592987060546875e+02,1.655282592773437500e+02,-4.916821956634521484e+00,-1.030015349388122559e+00,3.018868497866978307e-01,6.710000000000000000e+02,1.736865332444513355e+00
6.875556612014770508e+01,1.016366424560546875e+02,1.652602691650390625e+02,-4.900650978088378906e+00,-1.106537222862243652e+00,2.315539157713598362e-01,6.740000000000000000e+02,1.659820449626166816e+00
6.900477218627929688e+01,1.004096755981445312e+02,1.649727325439453125e+02,-4.886363983154296875e+00,-1.167749881744384766e+00,1.391752062485747399e-01,6.760000000000000000e+02,1.554625670927086478e+00
6.926223897933959961e+01,9.918605804443359375e+01,1.646705780029296875e+02,-4.874534606933593750e+00,-1.216786026954650879e+00,7.560759183514233206e-02,6.790000000000000000e+02,1.441166591476701120e+00
6.950506496429443359e+01,9.796554565429687500e+01,1.643577728271484375e+02,-4.863464832305908203e+00,-1.249711990356445312e+00,5.090943723323603388e-04,6.810000000000000000e+02,1.314006543997477294e+00
6.975937891006469727e+01,9.673513793945312500e+01,1.640346679687500000e+02,-4.854302883148193359e+00,-1.271185636520385742e+00,-5.209727803388796569e-02,6.840000000000000000e+02,1.176422658805895249e+00
7.000718998908996582e+01,9.551866912841796875e+01,1.637108764648437500e+02,-4.849408149719238281e+00,-1.280459642410278320e+00,-1.082475733775111471e-01,6.860000000000000000e+02,1.045254358793781480e+00
7.025965905189514160e+01,9.430271148681640625e+01,1.633857727050781250e+02,-4.847533226013183594e+00,-1.280051469802856445e+00,-1.484468670821104952e-01,6.890000000000000000e+02,8.976016395095877121e-01
7.051145505905151367e+01,9.308703613281250000e+01,1.630619506835937500e+02,-4.846897125244140625e+00,-1.269609332084655762e+00,-1.855642506038279738e-01,6.910000000000000000e+02,7.740170424124700466e-01
7.076015520095825195e+01,9.187039947509765625e+01,1.627416229248046875e+02,-4.847557544708251953e+00,-1.251171708106994629e+00,-2.130518415394893894e-01,6.940000000000000000e+02,6.236556211556587570e-01
7.100606417655944824e+01,9.066107177734375000e+01,1.624290161132812500e+02,-4.850390911102294922e+00,-1.226191639900207520e+00,-2.324243775586714578e-01,6.960000000000000000e+02,5.224777845432090340e-01
7.125992608070373535e+01,8.944260406494140625e+01,1.621212463378906250e+02,-4.854386329650878906e+00,-1.196174740791320801e+00,-2.488487294198486466e-01,6.990000000000000000e+02,3.740311928490559490e-01
7.151100111007690430e+01,8.822395324707031250e+01,1.618221435546875000e+02,-4.857026576995849609e+00,-1.162461996078491211e+00,-2.546412689827939890e-01,7.010000000000000000e+02,3.193341187374451051e-01
7.176123404502868652e+01,8.699274444580078125e+01,1.615287628173828125e+02,-4.860742092132568359e+00,-1.126423954963684082e+00,-2.548720123349987876e-01,7.040000000000000000e+02,1.533992770813109585e-01
7.201099014282226562e+01,8.577295684814453125e+01,1.612465667724609375e+02,-4.865797042846679688e+00,-1.090235948562622070e+00,-2.600336126678893800e-01,7.060000000000000000e+02,2.217148487157056813e-01
7.226518511772155762e+01,8.455194854736328125e+01,1.609739074707031250e+02,-4.872536659240722656e+00,-1.052650570869445801e+00,-2.517920573532961281e-01,7.090000000000000000e+02,4.542309053533674645e-02
7.250893998146057129e+01,8.332924652099609375e+01,1.607112579345703125e+02,-4.880564212799072266e+00,-1.013963103294372559e+00,-2.497879136324676341e-01,7.110000000000000000e+02,2.523156367656571586e-01
7.275849390029907227e+01,8.210360717773437500e+01,1.604578094482421875e+02,-4.888037204742431641e+00,-9.749907255172729492e-01,-2.339465444443359632e-01,7.140000000000000000e+02,1.812830598486820377e-01
7.300505590438842773e+01,8.088446044921875000e+01,1.602153015136718750e+02,-4.894592285156250000e+00,-9.363088607788085938e-01,-2.264922628597390575e-01,7.160000000000000000e+02,3.318297553318595439e-01
7.326363205909729004e+01,7.965606689453125000e+01,1.599810943603515625e+02,-4.901697158813476562e+00,-8.979755043983459473e-01,-2.051827834125367622e-01,7.190000000000000000e+02,2.867836878656424560e-01
7.350683116912841797e+01,7.842632293701171875e+01,1.597566833496093750e+02,-4.908130645751953125e+00,-8.608434796333312988e-01,-1.932549377071838825e-01,7.210000000000000000e+02,4.061423530461918396e-01
7.375954294204711914e+01,7.719514465332031250e+01,1.595413055419921875e+02,-4.912869453430175781e+00,-8.257148265838623047e-01,-1.690784255042589168e-01,7.240000000000000000e+02,3.540723661445829840e-01
7.400867104530334473e+01,7.595059967041015625e+01,1.593331604003906250e+02,-4.916630268096923828e+00,-7.919306159019470215e-01,-1.542925416527242966e-01,7.270000000000000000e+02,4.383788325778270600e-01
7.426053810119628906e+01,7.471762084960937500e+01,1.591351776123046875e+02,-4.921242237091064453e+00,-7.619605064392089844e-01,-1.293443903571702136e-01,7.290000000000000000e+02,3.866694658098734361e-01
7.450886988639831543e+01,7.348281860351562500e+01,1.589442749023437500e+02,-4.927667140960693359e+00,-7.346422672271728516e-01,-1.137817261989381018e-01,7.320000000000000000e+02,4.463077350151085088e-01
7.475999689102172852e+01,7.224666595458984375e+01,1.587589416503906250e+02,-4.931790351867675781e+00,-7.110830545425415039e-01,-9.060344574672249407e-02,7.340000000000000000e+02,3.909256891763409625e-01
7.500967192649841309e+01,7.101843261718750000e+01,1.585808105468750000e+02,-4.934660911560058594e+00,-6.895959973335266113e-01,-7.536147105798919610e-02,7.370000000000000000e+02,4.365530352121585467e-01
7.525888586044311523e+01,6.978171539306640625e+01,1.584073333740234375e+02,-4.937817096710205078e+00,-6.712211370468139648e-01,-5.345936546227153530e-02,7.390000000000000000e+02,3.711414340647617993e-01
7.550792503356933594e+01,6.854457855224609375e+01,1.582383728027343750e+02,-4.940809249877929688e+00,-6.556701064109802246e-01,-3.886764045079970503e-02,7.420000000000000000e+02,4.043957364952809330e-01
7.575653886795043945e+01,6.730676269531250000e+01,1.580718231201171875e+02,-4.942480087280273438e+00,-6.427137255668640137e-01,-1.998796757819517114e-02,7.440000000000000000e+02,3.353156154546839685e-01
7.601232314109802246e+01,6.605640411376953125e+01,1.579067535400390625e+02,-4.944153785705566406e+00,-6.313561201095581055e-01,-6.163899194899166711e-03,7.470000000000000000e+02,3.549080987106775775e-01
7.626493692398071289e+01,6.481826019287109375e+01,1.577462921142578125e+02,-4.945813655853271484e+00,-6.224724650382995605e-01,1.060010286382841518e-02,7.490000000000000000e+02,2.916611403036838412e-01
7.650802993774414062e+01,6.357965850830078125e+01,1.575881500244140625e+02,-4.948096275329589844e+00,-6.160123348236083984e-01,2.330939451124499490e-02,7.520000000000000000e+02,3.029103295282798425e-01
7.675872421264648438e+01,6.234077835083007812e+01,1.574308471679687500e+02,-4.950536251068115234e+00,-6.124695539474487305e-01,3.619172757376740851e-02,7.540000000000000000e+02,2.399216091240214954e-01
7.700800895690917969e+01,6.110612487792968750e+01,1.572744140625000000e+02,-4.950725078582763672e+00,-6.111817955970764160e-01,4.587286113510197216e-02,7.570000000000000000e+02,2.515571737706077671e-01
7.726492595672607422e+01,5.987800598144531250e+01,1.571183776855468750e+02,-4.953697204589843750e+00,-6.124226450920104980e-01,5.429630026409909549e-02,7.590000000000000000e+02,1.844896499920917754e-01
7.750751423835754395e+01,5.864079666137695312e+01,1.569606323242187500e+02,-4.957357406616210938e+00,-6.149212121963500977e-01,6.187506144481633164e-02,7.620000000000000000e+02,2.115671869688120765e-01
7.776004409790039062e+01,5.740446853637695312e+01,1.568019866943359375e+02,-4.958669185638427734e+00,-6.182742714881896973e-01,6.746053149400174642e-02,7.640000000000000000e+02,1.407395817353475909e-01
7.801444506645202637e+01,5.615483093261718750e+01,1.566412506103515625e+02,-4.960346698760986328e+00,-6.221511960029602051e-01,7.406757861631253770e-02,7.670000000000000000e+02,1.637256742440387214e-01
7.826240897178649902e+01,5.491616821289062500e+01,1.564813232421875000e+02,-4.962167739868164062e+00,-6.268345117568969727e-01,7.791057299741260822e-02,7.690000000000000000e+02,1.241827711397384959e-01
7.850935602188110352e+01,5.367662811279296875e+01,1.563196258544921875e+02,-4.963649749755859375e+00,-6.324138641357421875e-01,8.293984807093943146e-02,7.720000000000000000e+02,1.333153507274272009e-01
7.876037001609802246e+01,5.243576431274414062e+01,1.561550903320312500e+02,-4.964351177215576172e+00,-6.391401290893554688e-01,8.334573770358069678e-02,7.740000000000000000e+02,1.270585783356863174e-01
7.901390790939331055e+01,5.119403457641601562e+01,1.559884185791015625e+02,-4.962627887725830078e+00,-6.464127302169799805e-01,8.560691321147971544e-02,7.770000000000000000e+02,1.130216014425669824e-01
7.925853586196899414e+01,4.996040344238281250e+01,1.558211822509765625e+02,-4.959877967834472656e+00,-6.528587937355041504e-01,8.427534975645595283e-02,7.790000000000000000e+02,1.420380884447282610e-01
7.950759506225585938e+01,4.871883392333984375e+01,1.556511993408203125e+02,-4.957423210144042969e+00,-6.581928730010986328e-01,8.718589116588940091e-02,7.820000000000000000e+02,1.123757101502722289e-01
7.975610399246215820e+01,4.747750854492187500e+01,1.554799957275390625e+02,-4.953961372375488281e+00,-6.628879308700561523e-01,8.607209417671744800e-02,7.840000000000000000e+02,1.712829450439884993e-01
8.001048612594604492e+01,4.623701858520507812e+01,1.553079376220703125e+02,-4.949595451354980469e+00,-6.678285598754882812e-01,9.012366252972213443e-02,7.870000000000000000e+02,1.150926568108924103e-01
8.026380205154418945e+01,4.498506164550781250e+01,1.551335601806640625e+02,-4.945775508880615234e+00,-6.729909181594848633e-01,1.109657210929066162e-01,7.890000000000000000e+02,2.109617179059557202e-01
8.050978112220764160e+01,4.374656677246093750e+01,1.549597930908203125e+02,-4.942250251770019531e+00,-6.808531284332275391e-01,1.437488356864929373e-01,7.920000000000000000e+02,1.210965346648214813e-01
8.076169180870056152e+01,4.250901031494140625e+01,1.547829742431640625e+02,-4.938547134399414062e+00,-6.957876086235046387e-01,1.992969077141252265e-01,7.940000000000000000e+02,2.346544320951395590e-01
8.100937509536743164e+01,4.127235412597656250e+01,1.546011657714843750e+02,-4.933725357055664062e+00,-7.192541956901550293e-01,2.528237582335774447e-01,7.970000000000000000e+02,1.296441245987072499e-01
8.126523804664611816e+01,4.004474639892578125e+01,1.544135131835937500e+02,-4.927783012390136719e+00,-7.524740695953369141e-01,3.310262910208692788e-01,7.990000000000000000e+02,2.407644160717637982e-01
8.150790309906005859e+01,3.880666732788085938e+01,1.542142181396484375e+02,-4.921504497528076172e+00,-7.972790002822875977e-01,4.007964177423862240e-01,8.020000000000000000e+02,1.129650533967495457e-01
8.175684189796447754e+01,3.757308578491210938e+01,1.540022430419921875e+02,-4.909087181091308594e+00,-8.563319444656372070e-01,4.906510485704730362e-01,8.040000000000000000e+02,2.420381550359732015e-01
8.200903606414794922e+01,3.634583282470703125e+01,1.537751159667968750e+02,-4.891080856323242188e+00,-9.274912476539611816e-01,5.675395165522285623e-01,8.070000000000000000e+02,4.549200648852763651e-02
8.226288199424743652e+01,3.511200332641601562e+01,1.535267028808593750e+02,-4.870775222778320312e+00,-1.014034748077392578e+00,6.624231644479606773e-01,8.090000000000000000e+02,2.462161843206547296e-01
8.251421904563903809e+01,3.389599990844726562e+01,1.532579193115234375e+02,-4.848851203918457031e+00,-1.113823294639587402e+00,7.443806422767743625e-01,8.120000000000000000e+02,9.890928384537511775e-02
8.275904703140258789e+01,3.268615341186523438e+01,1.529618225097656250e+02,-4.822255134582519531e+00,-1.229711413383483887e+00,8.351427377325748580e-01,8.140000000000000000e+02,2.846535479013480585e-01
8.301365995407104492e+01,3.148395538330078125e+01,1.526357116699218750e+02,-4.789433956146240234e+00,-1.358037352561950684e+00,9.158781620046063665e-01,8.170000000000000000e+02,1.807388889570960833e-01
8.326363301277160645e+01,3.029165077209472656e+01,1.522765045166015625e+02,-4.747294425964355469e+00,-1.499078154563903809e+00,9.973563547166839349e-01,8.190000000000000000e+02,2.947791591678005640e-01
8.350953197479248047e+01,2.911892318725585938e+01,1.518834991455078125e+02,-4.697862148284912109e+00,-1.649396538734436035e+00,1.072941235164059481e+00,8.220000000000000000e+02,1.528651326870378580e-01
8.376107120513916016e+01,2.795236778259277344e+01,1.514483184814453125e+02,-4.638179779052734375e+00,-1.813290596008300781e+00,1.139210861077355030e+00,8.240000000000000000e+02,2.431907019086343158e-01
8.400762104988098145e+01,2.680213356018066406e+01,1.509709014892578125e+02,-4.567055225372314453e+00,-1.985870599746704102e+00,1.193389766274704833e+00,8.270000000000000000e+02,5.560450778928203996e-02
8.426485824584960938e+01,2.565980529785156250e+01,1.504445190429687500e+02,-4.484329700469970703e+00,-2.166834115982055664e+00,1.208414486079237626e+00,8.290000000000000000e+02,2.157419396079048868e-01
8.451205205917358398e+01,2.455049896240234375e+01,1.498788146972656250e+02,-4.393425464630126953e+00,-2.346609830856323242e+00,1.228135611204459021e+00,8.320000000000000000e+02,1.454290691778451772e-01
8.476021099090576172e+01,2.346496963500976562e+01,1.492674713134765625e+02,-4.294139385223388672e+00,-2.525928735733032227e+00,1.198655467451645640e+00,8.340000000000000000e+02,2.767808150478900941e-01
8.501115608215332031e+01,2.240542602539062500e+01,1.486104888916015625e+02,-4.186683654785156250e+00,-2.703975915908813477e+00,1.188520503083502877e+00,8.370000000000000000e+02,3.729645202675668236e-01
8.526406192779541016e+01,2.137244796752929688e+01,1.479104309082031250e+02,-4.074837684631347656e+00,-2.871580362319946289e+00,1.172301985768469557e+00,8.390000000000000000e+02,4.655746396947261778e-01
8.551059293746948242e+01,2.037399673461914062e+01,1.471740875244140625e+02,-3.958076953887939453e+00,-3.031192541122436523e+00,1.098382444955778858e+00,8.410000000000000000e+02,6.429005210071401244e-01
8.575759887695312500e+01,1.939928054809570312e+01,1.463921356201171875e+02,-3.835930109024047852e+00,-3.186053991317749023e+00,1.058762457249978528e+00,8.440000000000000000e+02,7.377191669282416875e-01
8.600923490524291992e+01,1.845528030395507812e+01,1.455731353759765625e+02,-3.714832782745361328e+00,-3.326753377914428711e+00,9.667033173217863817e-01,8.460000000000000000e+02,8.945821445333774768e-01
8.625699520111083984e+01,1.754170989990234375e+01,1.447210388183593750e+02,-3.594160079956054688e+00,-3.456098556518554688e+00,9.157070232043803548e-01,8.490000000000000000e+02,1.079889378660650268e+00
8.651324224472045898e+01,1.664892578125000000e+01,1.438297271728515625e+02,-3.479080915451049805e+00,-3.573933362960815430e+00,8.173692307983948524e-01,8.510000000000000000e+02,1.222626693454458735e+00
8.676216697692871094e+01,1.579372978210449219e+01,1.429186706542968750e+02,-3.368992805480957031e+00,-3.681363821029663086e+00,7.602783818255662851e-01,8.540000000000000000e+02,1.366508811585414263e+00
8.701194000244140625e+01,1.496488094329833984e+01,1.419818420410156250e+02,-3.267317771911621094e+00,-3.777718305587768555e+00,6.593049211589454561e-01,8.560000000000000000e+02,1.438703736231143893e+00
8.725991201400756836e+01,1.416087245941162109e+01,1.410216217041015625e+02,-3.171076059341430664e+00,-3.863290071487426758e+00,5.989268575774108205e-01,8.590000000000000000e+02,1.507545104994979734e+00
8.751160407066345215e+01,1.338485240936279297e+01,1.400473937988281250e+02,-3.083891630172729492e+00,-3.936383485794067383e+00,4.999951069057428366e-01,8.610000000000000000e+02,1.519830521824110825e+00
8.775867605209350586e+01,1.262415599822998047e+01,1.390494384765625000e+02,-3.003111124038696289e+00,-4.000895500183105469e+00,4.387396677265190115e-01,8.640000000000000000e+02,1.528191573343031351e+00
8.800791096687316895e+01,1.188216209411621094e+01,1.380368194580078125e+02,-2.932328462600708008e+00,-4.053931236267089844e+00,3.469544054519663745e-01,8.660000000000000000e+02,1.494183478347999472e+00
8.825829410552978516e+01,1.115716934204101562e+01,1.370122528076171875e+02,-2.868797779083251953e+00,-4.097691059112548828e+00,2.883817692721025727e-01,8.690000000000000000e+02,1.453846495935516625e+00
8.851502490043640137e+01,1.043969631195068359e+01,1.359680328369140625e+02,-2.815078735351562500e+00,-4.133286476135253906e+00,2.064532114394241336e-01,8.710000000000000000e+02,1.387053920317350864e+00
8.876120495796203613e+01,9.741664886474609375e+00,1.349247589111328125e+02,-2.770007848739624023e+00,-4.163743495941162109e+00,1.517423673029592857e-01,8.740000000000000000e+02,1.307880933575295890e+00
8.901019906997680664e+01,9.053844451904296875e+00,1.338740692138671875e+02,-2.735317230224609375e+00,-4.188210964202880859e+00,8.081684650806164605e-02,8.760000000000000000e+02,1.220085916121221414e+00
8.926281499862670898e+01,8.374869346618652344e+00,1.328204040527343750e+02,-2.708583354949951172e+00,-4.205384254455566406e+00,3.314313455347414616e-02,8.790000000000000000e+02,1.114812366540148592e+00
8.950957894325256348e+01,7.703042984008789062e+00,1.317659606933593750e+02,-2.690118551254272461e+00,-4.215178966522216797e+00,-2.287719676603882854e-02,8.810000000000000000e+02,1.017257243185780036e+00
8.975800085067749023e+01,7.039034366607666016e+00,1.307159576416015625e+02,-2.680912971496582031e+00,-4.221660614013671875e+00,-6.116337543033400354e-02,8.840000000000000000e+02,8.988682187976199112e-01
9.000938916206359863e+01,6.371735095977783203e+00,1.296569061279296875e+02,-2.679662466049194336e+00,-4.225773334503173828e+00,-1.026322313897101157e-01,8.860000000000000000e+02,7.987086521336113076e-01
9.025712990760803223e+01,5.703660011291503906e+00,1.285964965820312500e+02,-2.684400081634521484e+00,-4.225243091583251953e+00,-1.354651369029896413e-01,8.890000000000000000e+02,6.725265942795629615e-01
9.051610016822814941e+01,5.026504516601562500e+00,1.275257797241210938e+02,-2.695451021194458008e+00,-4.217681407928466797e+00,-1.582411336280726832e-01,8.910000000000000000e+02,5.893737932227064436e-01
9.076488089561462402e+01,4.351952552795410156e+00,1.264671325683593750e+02,-2.710767984390258789e+00,-4.206246852874755859e+00,-1.755696200719310818e-01,8.940000000000000000e+02,4.512569567912381174e-01
9.101004791259765625e+01,3.672778606414794922e+00,1.254104385375976562e+02,-2.729278087615966797e+00,-4.192202091217041016e+00,-1.897231465760570168e-01,8.960000000000000000e+02,4.097715287217927882e-01
9.126469802856445312e+01,2.988061666488647461e+00,1.243576431274414062e+02,-2.750758171081542969e+00,-4.175430297851562500e+00,-1.955699834825323502e-01,8.990000000000000000e+02,2.525913133279987233e-01
9.151007008552551270e+01,2.297327041625976562e+00,1.233091812133789062e+02,-2.773818016052246094e+00,-4.156763553619384766e+00,-2.018824098538050671e-01,9.010000000000000000e+02,2.925516768348261354e-01
9.175877881050109863e+01,1.605055451393127441e+00,1.222711944580078125e+02,-2.796986579895019531e+00,-4.136748313903808594e+00,-1.992830619717386453e-01,9.040000000000000000e+02,8.378418314001030709e-02
9.200840902328491211e+01,9.003787040710449219e-01,1.212293395996093750e+02,-2.821033716201782227e+00,-4.115763187408447266e+00,-2.002890546128441029e-01,9.070000000000000000e+02,2.334212659910470666e-01
9.226031112670898438e+01,1.916842460632324219e-01,1.201948471069335938e+02,-2.842778921127319336e+00,-4.092024326324462891e+00,-1.913590108214700825e-01,9.090000000000000000e+02,6.050462367399318808e-02
9.250792026519775391e+01,-5.219871997833251953e-01,1.191672668457031250e+02,-2.865264415740966797e+00,-4.068468570709228516e+00,-1.876652960406372805e-01,9.120000000000000000e+02,2.386295531350229315e-01
9.276192212104797363e+01,-1.248496532440185547e+00,1.181360015869140625e+02,-2.889176607131958008e+00,-4.046313762664794922e+00,-1.731029855342717805e-01,9.140000000000000000e+02,1.700191747130664621e-01
9.301190090179443359e+01,-1.973908424377441406e+00,1.171191482543945312e+02,-2.914314746856689453e+00,-4.028116226196289062e+00,-1.659366890447328824e-01,9.170000000000000000e+02,2.715593567599260405e-01
9.326109385490417480e+01,-2.705951929092407227e+00,1.161063766479492188e+02,-2.939964056015014648e+00,-4.011974334716796875e+00,-1.484161040248933305e-01,9.190000000000000000e+02,2.462044086951148958e-01
9.351539802551269531e+01,-3.444676637649536133e+00,1.150979309082031250e+02,-2.963871240615844727e+00,-3.994886159896850586e+00,-1.376752412231294076e-01,9.220000000000000000e+02,3.071423768875666815e-01
9.376050996780395508e+01,-4.183836460113525391e+00,1.141004104614257812e+02,-2.985214710235595703e+00,-3.977967262268066406e+00,-1.178783581197502955e-01,9.240000000000000000e+02,2.914132902611180631e-01
9.400917816162109375e+01,-4.933307647705078125e+00,1.131000671386718750e+02,-3.006170749664306641e+00,-3.962424516677856445e+00,-1.051604217140281322e-01,9.270000000000000000e+02,3.279653307513172855e-01
9.425948119163513184e+01,-5.687166213989257812e+00,1.121036224365234375e+02,-3.024523496627807617e+00,-3.948484659194946289e+00,-8.547131198969577792e-02,9.290000000000000000e+02,3.146635577811666140e-01
9.451242017745971680e+01,-6.445182800292968750e+00,1.111113815307617188e+02,-3.041124105453491211e+00,-3.934679508209228516e+00,-7.203831557637019323e-02,9.320000000000000000e+02,3.258204284879636092e-01
9.476265406608581543e+01,-7.214934349060058594e+00,1.101123123168945312e+02,-3.056246995925903320e+00,-3.923236608505249023e+00,-5.287271115488448997e-02,9.340000000000000000e+02,3.215958165900432708e-01
9.501482486724853516e+01,-7.980520248413085938e+00,1.091264419555664062e+02,-3.069757223129272461e+00,-3.913870334625244141e+00,-3.973744103528888127e-02,9.370000000000000000e+02,3.012382309804870761e-01
9.526102185249328613e+01,-8.748909950256347656e+00,1.081434860229492188e+02,-3.082480430603027344e+00,-3.906688213348388672e+00,-2.194880861979668987e-02,9.390000000000000000e+02,3.080117704333265594e-01
9.551203417778015137e+01,-9.520633697509765625e+00,1.071626892089843750e+02,-3.094034433364868164e+00,-3.900922775268554688e+00,-8.479295462862211641e-03,9.420000000000000000e+02,2.666910957428005879e-01
9.576294612884521484e+01,-1.029562187194824219e+01,1.061815261840820312e+02,-3.102022647857666016e+00,-3.896028041839599609e+00,6.517606799940874399e-03,9.440000000000000000e+02,2.860717434602229603e-01
9.600796318054199219e+01,-1.106629943847656250e+01,1.052075271606445312e+02,-3.106909036636352539e+00,-3.891556501388549805e+00,1.711813941481019410e-02,9.470000000000000000e+02,2.242781328456118495e-01
9.626099109649658203e+01,-1.184273242950439453e+01,1.042282867431640625e+02,-3.110183000564575195e+00,-3.888528585433959961e+00,2.833213729434468087e-02,9.490000000000000000e+02,2.601324991719720647e-01
9.651418185234069824e+01,-1.262010288238525391e+01,1.032500305175781250e+02,-3.111968040466308594e+00,-3.885787010192871094e+00,3.770537464929502036e-02,9.520000000000000000e+02,1.747979810950026913e-01
9.676438713073730469e+01,-1.340470409393310547e+01,1.022628326416015625e+02,-3.112320899963378906e+00,-3.884085178375244141e+00,4.634722592113330042e-02,9.540000000000000000e+02,2.524298688549338476e-01
9.701057791709899902e+01,-1.418162727355957031e+01,1.012866668701171875e+02,-3.112329244613647461e+00,-3.884099960327148438e+00,5.353911590986950436e-02,9.570000000000000000e+02,1.201646465576134137e-01
9.726490020751953125e+01,-1.495867443084716797e+01,1.003102569580078125e+02,-3.112118005752563477e+00,-3.886524200439453125e+00,6.018057321783572972e-02,9.590000000000000000e+02,2.425054296563856904e-01
9.751309108734130859e+01,-1.573535633087158203e+01,9.933324432373046875e+01,-3.111473798751831055e+00,-3.889923572540283203e+00,6.468940458798450033e-02,9.620000000000000000e+02,6.959740932677728475e-02
9.776370215415954590e+01,-1.651202392578125000e+01,9.835462188720703125e+01,-3.109580516815185547e+00,-3.892924785614013672e+00,7.004866669079180819e-02,9.640000000000000000e+02,2.456219249700049290e-01
9.800850415229797363e+01,-1.728243446350097656e+01,9.738153839111328125e+01,-3.106673479080200195e+00,-3.896042346954345703e+00,7.205576566490630441e-02,9.670000000000000000e+02,2.445061015292812959e-02
9.826105904579162598e+01,-1.805661010742187500e+01,9.640174865722656250e+01,-3.103497982025146484e+00,-3.899730205535888672e+00,7.588056574131792076e-02,9.700000000000000000e+02,2.451674736309430447e-01
9.851218104362487793e+01,-1.883023834228515625e+01,9.542155456542968750e+01,-3.099880933761596680e+00,-3.903100013732910156e+00,7.650898288645840983e-02,9.720000000000000000e+02,1.945723593338379367e-02
9.876205706596374512e+01,-1.960256385803222656e+01,9.444070434570312500e+01,-3.095210313796997070e+00,-3.906792879104614258e+00,7.907051758257345464e-02,9.750000000000000000e+02,2.308875951127346005e-01
9.901538991928100586e+01,-2.038072967529296875e+01,9.344906616210937500e+01,-3.090470075607299805e+00,-3.911253690719604492e+00,7.731667990587738626e-02,9.770000000000000000e+02,6.393242167271635801e-02
9.926454401016235352e+01,-2.114985847473144531e+01,9.246623229980468750e+01,-3.086279153823852539e+00,-3.916257619857788086e+00,7.865064881509883921e-02,9.800000000000000000e+02,2.102121754561744327e-01
9.951646304130554199e+01,-2.191828536987304688e+01,9.148182678222656250e+01,-3.083089351654052734e+00,-3.921320199966430664e+00,7.634815283156887178e-02,9.820000000000000000e+02,9.546387478850783259e-02
9.976557493209838867e+01,-2.268574333190917969e+01,9.049534606933593750e+01,-3.078784704208374023e+00,-3.925761222839355469e+00,7.693637223324954755e-02,9.850000000000000000e+02,2.017684067220145983e-01
1.000116322040557861e+02,-2.344679832458496094e+01,8.951493835449218750e+01,-3.074490308761596680e+00,-3.928935527801513672e+00,7.359990463898322122e-02,9.870000000000000000e+02,1.180588387957436924e-01
1.002593619823455811e+02,-2.421203994750976562e+01,8.852742767333984375e+01,-3.070894956588745117e+00,-3.932362318038940430e+00,7.443632497274237092e-02,9.900000000000000000e+02,2.012332991176692676e-01
1.005133979320526123e+02,-2.497664070129394531e+01,8.753913879394531250e+01,-3.067470788955688477e+00,-3.935540437698364258e+00,7.255902995962412727e-02,9.920000000000000000e+02,1.417524531203068483e-01
1.007592699527740479e+02,-2.573975372314453125e+01,8.654974365234375000e+01,-3.063149690628051758e+00,-3.938373804092407227e+00,8.481869124019286721e-02,9.950000000000000000e+02,1.930050436635315780e-01
1.010145530700683594e+02,-2.650938415527343750e+01,8.554907989501953125e+01,-3.058661699295043945e+00,-3.941931962966918945e+00,1.194778360002761441e-01,9.970000000000000000e+02,1.695918539569171435e-01
1.012655181884765625e+02,-2.727046203613281250e+01,8.455738067626953125e+01,-3.051187992095947266e+00,-3.947539567947387695e+00,1.608103251994054683e-01,1.000000000000000000e+03,1.730842674026976669e-01
1.015115630626678467e+02,-2.802909278869628906e+01,8.356410980224609375e+01,-3.037914991378784180e+00,-3.958351373672485352e+00,2.274138574619239406e-01,1.002000000000000000e+03,1.852903839144016684e-01
1.017625441551208496e+02,-2.878352355957031250e+01,8.256642913818359375e+01,-3.016656875610351562e+00,-3.975633382797241211e+00,3.053562417321170064e-01,1.005000000000000000e+03,1.542363431156400511e-01
1.020107409954071045e+02,-2.953163909912109375e+01,8.156330108642578125e+01,-2.983502388000488281e+00,-3.998649597167968750e+00,3.727333852079662280e-01,1.007000000000000000e+03,1.898803125295610295e-01
1.022607109546661377e+02,-3.026585197448730469e+01,8.056090545654296875e+01,-2.938978195190429688e+00,-4.028462409973144531e+00,4.621486649228609966e-01,1.010000000000000000e+03,1.160110598500535967e-01
1.025120928287506104e+02,-3.099271011352539062e+01,7.954429626464843750e+01,-2.883157491683959961e+00,-4.065755367279052734e+00,5.392097086784736204e-01,1.012000000000000000e+03,1.749265613884032344e-01
1.027610800266265869e+02,-3.170342636108398438e+01,7.851713562011718750e+01,-2.813344717025756836e+00,-4.111146450042724609e+00,6.327346770255578567e-01,1.015000000000000000e+03,7.277635807460490491e-02
1.030173881053924561e+02,-3.240177154541015625e+01,7.746766662597656250e+01,-2.730684518814086914e+00,-4.164511680603027344e+00,7.138283610578600724e-01,1.017000000000000000e+03,2.219745973587691490e-01
1.032652218341827393e+02,-3.307165527343750000e+01,7.641424560546875000e+01,-2.636106491088867188e+00,-4.223639965057373047e+00,8.069378152410410232e-01,1.020000000000000000e+03,1.724534860707980788e-01
1.035136840343475342e+02,-3.371657180786132812e+01,7.534569549560546875e+01,-2.528447628021240234e+00,-4.288099288940429688e+00,8.960478205467187207e-01,1.022000000000000000e+03,3.100199324797445755e-01
1.037610628604888916e+02,-3.433189773559570312e+01,7.426112365722656250e+01,-2.404358148574829102e+00,-4.357920646667480469e+00,9.737739282851596290e-01,1.025000000000000000e+03,2.063962765134031707e-01
1.040152051448822021e+02,-3.491297912597656250e+01,7.316284179687500000e+01,-2.263900041580200195e+00,-4.429524898529052734e+00,1.048157474020807278e+00,1.028000000000000000e+03,2.869109885490049305e-01
1.042649998664855957e+02,-3.545413970947265625e+01,7.205509948730468750e+01,-2.112642049789428711e+00,-4.503182888031005859e+00,1.118926678221642268e+00,1.030000000000000000e+03,1.438567154745975518e-01
1.045091309547424316e+02,-3.595949935913085938e+01,7.092121887207031250e+01,-1.948781371116638184e+00,-4.580282688140869141e+00,1.190500430302637858e+00,1.033000000000000000e+03,2.211517429773050269e-01
1.047652139663696289e+02,-3.642242050170898438e+01,6.976751708984375000e+01,-1.769411921501159668e+00,-4.656423091888427734e+00,1.247863968125162204e+00,1.035000000000000000e+03,4.708346744890667263e-02
1.050113389492034912e+02,-3.683950424194335938e+01,6.859410858154296875e+01,-1.576843261718750000e+00,-4.728240489959716797e+00,1.309733982728639834e+00,1.038000000000000000e+03,2.148976170021919541e-01
1.052663569450378418e+02,-3.721086502075195312e+01,6.739120483398437500e+01,-1.369668245315551758e+00,-4.793757915496826172e+00,1.351640747537059983e+00,1.040000000000000000e+03,1.977485482664526339e-01
1.055150310993194580e+02,-3.752542495727539062e+01,6.618453216552734375e+01,-1.152681708335876465e+00,-4.851701259613037109e+00,1.402843995714425640e+00,1.043000000000000000e+03,3.485793171251848621e-01
1.057635159492492676e+02,-3.778442764282226562e+01,6.496282958984375000e+01,-9.247252345085144043e-01,-4.901902198791503906e+00,1.427216395389750092e+00,1.045000000000000000e+03,4.046052480757884040e-01
1.060110778808593750e+02,-3.798543167114257812e+01,6.372883224487304688e+01,-6.860060691833496094e-01,-4.940396785736083984e+00,1.466091020382706889e+00,1.048000000000000000e+03,5.550143386103849608e-01
1.062632000446319580e+02,-3.812555694580078125e+01,6.249459457397460938e+01,-4.416191279888153076e-01,-4.965822696685791016e+00,1.500345198521772394e+00,1.050000000000000000e+03,6.235849636066751467e-01
1.065135459899902344e+02,-3.820414733886718750e+01,6.124678802490234375e+01,-1.870834827423095703e-01,-4.980004310607910156e+00,1.498991661827460797e+00,1.052000000000000000e+03,7.680981948088778655e-01
1.067607932090759277e+02,-3.821863555908203125e+01,5.999728393554687500e+01,7.220460474491119385e-02,-4.980905055999755859e+00,1.521981947619592379e+00,1.055000000000000000e+03,8.409129236288193088e-01
1.070143921375274658e+02,-3.816841506958007812e+01,5.874850463867187500e+01,3.309066891670227051e-01,-4.968598842620849609e+00,1.544913440585306885e+00,1.057000000000000000e+03,9.513883366422098975e-01
1.072644479274749756e+02,-3.805190658569335938e+01,5.749212265014648438e+01,5.972210168838500977e-01,-4.942201137542724609e+00,1.521501257183476730e+00,1.060000000000000000e+03,1.046859725367194516e+00
1.075137789249420166e+02,-3.786999511718750000e+01,5.625746917724609375e+01,8.639695048332214355e-01,-4.901792526245117188e+00,1.514436461373290133e+00,1.062000000000000000e+03,1.127526491416732224e+00
1.077635781764984131e+02,-3.762194824218750000e+01,5.503353118896484375e+01,1.126114845275878906e+00,-4.850268840789794922e+00,1.445678591485306086e+00,1.065000000000000000e+03,1.234028002223956699e+00
1.080141010284423828e+02,-3.730890274047851562e+01,5.382468795776367188e+01,1.383295416831970215e+00,-4.786278724670410156e+00,1.410782594769112386e+00,1.067000000000000000e+03,1.283211057594597415e+00
1.082651460170745850e+02,-3.693264770507812500e+01,5.263292694091796875e+01,1.626670241355895996e+00,-4.712773323059082031e+00,1.369820441943524703e+00,1.069000000000000000e+03,1.356724405454911686e+00
1.085151071548461914e+02,-3.649945068359375000e+01,5.146838760375976562e+01,1.859431266784667969e+00,-4.629752159118652344e+00,1.258970337311557275e+00,1.072000000000000000e+03,1.426992589411042900e+00
1.087621769905090332e+02,-3.600526809692382812e+01,5.031679534912109375e+01,2.082436561584472656e+00,-4.539703845977783203e+00,1.196901022296461559e+00,1.074000000000000000e+03,1.475767497556665475e+00
1.090130391120910645e+02,-3.545762252807617188e+01,4.918825149536132812e+01,2.283548593521118164e+00,-4.446752548217773438e+00,1.133501392343372993e+00,1.076000000000000000e+03,1.550400351490652362e+00
1.092623810768127441e+02,-3.485502243041992188e+01,4.807329940795898438e+01,2.473215579986572266e+00,-4.347695827484130859e+00,1.002900169500930083e+00,1.079000000000000000e+03,1.612047616320497756e+00
1.095167238712310791e+02,-3.421218109130859375e+01,4.699483871459960938e+01,2.646517038345336914e+00,-4.248359203338623047e+00,9.234626870824080846e-01,1.081000000000000000e+03,1.682751848756798285e+00
1.097627599239349365e+02,-3.352789306640625000e+01,4.593963623046875000e+01,2.798028945922851562e+00,-4.155918598175048828e+00,7.927530092376064985e-01,1.084000000000000000e+03,1.783579416167852649e+00
1.100124909877777100e+02,-3.280706024169921875e+01,4.490682601928710938e+01,2.934233903884887695e+00,-4.065663814544677734e+00,7.120449869434238854e-01,1.086000000000000000e+03,1.827813033790124608e+00
1.102631092071533203e+02,-3.205416870117187500e+01,4.389570999145507812e+01,3.049892663955688477e+00,-3.980470418930053711e+00,5.846015585673610682e-01,1.089000000000000000e+03,1.862713425413454527e+00
1.105152940750122070e+02,-3.127921485900878906e+01,4.291169738769531250e+01,3.149240493774414062e+00,-3.902623653411865234e+00,4.641900771455635955e-01,1.091000000000000000e+03,1.839159277931039727e+00
1.107637300491333008e+02,-3.047542953491210938e+01,4.193864440917968750e+01,3.231389522552490234e+00,-3.836301326751708984e+00,3.907242838468844015e-01,1.094000000000000000e+03,1.807618522887575407e+00
1.110154089927673340e+02,-2.965320968627929688e+01,4.098078155517578125e+01,3.297655105590820312e+00,-3.778282642364501953e+00,2.872794279124972761e-01,1.096000000000000000e+03,1.734349578921925650e+00
1.112658390998840332e+02,-2.881599235534667969e+01,4.003765106201171875e+01,3.353398084640502930e+00,-3.725920677185058594e+00,2.174857768072653019e-01,1.099000000000000000e+03,1.654574146207417495e+00
1.115157170295715332e+02,-2.795794486999511719e+01,3.909769058227539062e+01,3.396763324737548828e+00,-3.682640314102172852e+00,1.264938922497592655e-01,1.101000000000000000e+03,1.546870693052202705e+00
1.117636191844940186e+02,-2.709766387939453125e+01,3.817641830444335938e+01,3.430799722671508789e+00,-3.648483991622924805e+00,6.413908422369397899e-02,1.104000000000000000e+03,1.430644853752953027e+00
1.120127820968627930e+02,-2.622936630249023438e+01,3.726264953613281250e+01,3.455639839172363281e+00,-3.624410629272460938e+00,-1.067418669822118443e-02,1.106000000000000000e+03,1.303862325542928913e+00
1.122637481689453125e+02,-2.535617256164550781e+01,3.635435485839843750e+01,3.470325946807861328e+00,-3.606478929519653320e+00,-6.353762652964160818e-02,1.109000000000000000e+03,1.166140871471458729e+00
1.125124249458312988e+02,-2.448656272888183594e+01,3.545532989501953125e+01,3.474782705307006836e+00,-3.596197843551635742e+00,-1.191055763436250359e-01,1.111000000000000000e+03,1.032728793185661464e+00
1.127605350017547607e+02,-2.360708808898925781e+01,3.454790878295898438e+01,3.473638296127319336e+00,-3.594080924987792969e+00,-1.599681752903816534e-01,1.114000000000000000e+03,8.869793566288963760e-01
1.130140810012817383e+02,-2.273187828063964844e+01,3.364288330078125000e+01,3.463041543960571289e+00,-3.596321821212768555e+00,-1.969047492782239062e-01,1.116000000000000000e+03,7.598682076530933749e-01
1.132605459690093994e+02,-2.186169433593750000e+01,3.273860168457031250e+01,3.446184396743774414e+00,-3.602724790573120117e+00,-2.253601010364443824e-01,1.119000000000000000e+03,6.129178715257791454e-01
1.135162491798400879e+02,-2.098863029479980469e+01,3.182404518127441406e+01,3.425322771072387695e+00,-3.615544319152832031e+00,-2.456051641846619116e-01,1.121000000000000000e+03,5.074502057618345274e-01
1.137662370204925537e+02,-2.012889862060546875e+01,3.091435623168945312e+01,3.404049873352050781e+00,-3.635047197341918945e+00,-2.638674387785009401e-01,1.124000000000000000e+03,3.582370030355669921e-01
1.140133371353149414e+02,-1.927438545227050781e+01,2.999885177612304688e+01,3.381196022033691406e+00,-3.658781290054321289e+00,-2.708770251085247383e-01,1.126000000000000000e+03,2.969394878073859378e-01
1.142649898529052734e+02,-1.842606353759765625e+01,2.907800674438476562e+01,3.354545593261718750e+00,-3.683383703231811523e+00,-2.803417429245473880e-01,1.129000000000000000e+03,1.420009092392588157e-01
1.145129079818725586e+02,-1.758487892150878906e+01,2.815052413940429688e+01,3.325028181076049805e+00,-3.708592176437377930e+00,-2.753627294337880338e-01,1.131000000000000000e+03,1.909518740768800238e-01
1.147620229721069336e+02,-1.675626373291015625e+01,2.722125053405761719e+01,3.294351577758789062e+00,-3.735302686691284180e+00,-2.759376121678632776e-01,1.134000000000000000e+03,8.587844675606974565e-02
1.150138199329376221e+02,-1.592935085296630859e+01,2.627913284301757812e+01,3.263207435607910156e+00,-3.761996984481811523e+00,-2.621592197187316287e-01,1.136000000000000000e+03,2.374730845260736023e-01
1.152650649547576904e+02,-1.511097908020019531e+01,2.533147811889648438e+01,3.230431318283081055e+00,-3.786633968353271484e+00,-2.571286867044234592e-01,1.139000000000000000e+03,2.114346094616856297e-01
1.155143780708312988e+02,-1.429284191131591797e+01,2.436841583251953125e+01,3.197655439376831055e+00,-3.810699939727783203e+00,-2.372070782552531121e-01,1.141000000000000000e+03,3.423977948188400289e-01
1.157640278339385986e+02,-1.349034404754638672e+01,2.340850067138671875e+01,3.166232585906982422e+00,-3.834991693496704102e+00,-2.272364554587851804e-01,1.144000000000000000e+03,3.132249221165291364e-01
1.160164580345153809e+02,-1.269537639617919922e+01,2.244250106811523438e+01,3.136519193649291992e+00,-3.859392642974853516e+00,-2.027259906296327852e-01,1.146000000000000000e+03,4.194522010472786500e-01
1.162642729282379150e+02,-1.190757846832275391e+01,2.147089385986328125e+01,3.107583284378051758e+00,-3.882208585739135742e+00,-1.890087833642879744e-01,1.149000000000000000e+03,3.801075657982981859e-01
1.165162160396575928e+02,-1.112723541259765625e+01,2.049461174011230469e+01,3.080016851425170898e+00,-3.902120828628540039e+00,-1.627163725743544509e-01,1.151000000000000000e+03,4.679220252880151310e-01
1.167646110057830811e+02,-1.035850143432617188e+01,1.951981544494628906e+01,3.054094791412353516e+00,-3.921063899993896484e+00,-1.466328743877292617e-01,1.154000000000000000e+03,4.128026626814053635e-01
1.170154218673706055e+02,-9.591200828552246094e+00,1.853389739990234375e+01,3.031408786773681641e+00,-3.939003467559814453e+00,-1.200647180355832316e-01,1.156000000000000000e+03,4.833694204109766912e-01
1.172612979412078857e+02,-8.830121040344238281e+00,1.754444885253906250e+01,3.010270595550537109e+00,-3.954773426055908203e+00,-1.032070567896817281e-01,1.159000000000000000e+03,4.142469918100358250e-01
1.175158760547637939e+02,-8.074028015136718750e+00,1.655172538757324219e+01,2.991885662078857422e+00,-3.968530178070068359e+00,-7.806667581842796633e-02,1.162000000000000000e+03,4.740149713488546745e-01
1.177675719261169434e+02,-7.314430713653564453e+00,1.554503440856933594e+01,2.976012945175170898e+00,-3.982158422470092773e+00,-5.417882392897539756e-02,1.164000000000000000e+03,3.915816096102286425e-01
1.180156059265136719e+02,-6.565292835235595703e+00,1.454555225372314453e+01,2.963766336441040039e+00,-3.993616342544555664e+00,-3.893680730644860644e-02,1.167000000000000000e+03,4.347280321295148298e-01
1.182660160064697266e+02,-5.818721771240234375e+00,1.354403591156005859e+01,2.954425096511840820e+00,-4.002857685089111328e+00,-1.966376183910898551e-02,1.169000000000000000e+03,3.523534257587120910e-01
1.185139520168304443e+02,-5.077171802520751953e+00,1.254311752319335938e+01,2.945500612258911133e+00,-4.009685993194580078e+00,-5.539286874972675079e-03,1.172000000000000000e+03,3.918863702165271135e-01
1.187662789821624756e+02,-4.343056678771972656e+00,1.154873466491699219e+01,2.939060926437377930e+00,-4.014861583709716797e+00,1.093186276986172351e-02,1.174000000000000000e+03,2.995981155367342663e-01
1.190134620666503906e+02,-3.605269908905029297e+00,1.054652786254882812e+01,2.935877799987792969e+00,-4.020710468292236328e+00,2.306709424485902174e-02,1.177000000000000000e+03,3.520094539579520232e-01
1.192665491104125977e+02,-2.867906093597412109e+00,9.542484283447265625e+00,2.935070037841796875e+00,-4.026457786560058594e+00,3.641021516623262760e-02,1.179000000000000000e+03,2.404746533274363940e-01
1.195132448673248291e+02,-2.130138158798217773e+00,8.536606788635253906e+00,2.935677766799926758e+00,-4.030718326568603516e+00,4.702311264316911404e-02,1.182000000000000000e+03,3.043147159908406452e-01
1.197670350074768066e+02,-1.383434295654296875e+00,7.519028663635253906e+00,2.937674999237060547e+00,-4.033523082733154297e+00,5.679280907225811581e-02,1.184000000000000000e+03,1.821718842372428704e-01
1.200166311264038086e+02,-6.429001688957214355e-01,6.510784626007080078e+00,2.940246582031250000e+00,-4.034560203552246094e+00,6.526232316963441471e-02,1.187000000000000000e+03,2.461618878683993206e-01
1.202645561695098877e+02,9.812273830175399780e-02,5.502029895782470703e+00,2.943333148956298828e+00,-4.034400939941406250e+00,7.206368188815628906e-02,1.189000000000000000e+03,1.294276377899707675e-01
1.205181801319122314e+02,8.403836488723754883e-01,4.493234634399414062e+00,2.946607828140258789e+00,-4.032113075256347656e+00,7.887704096451378377e-02,1.192000000000000000e+03,2.022880339635937941e-01
1.207676990032196045e+02,1.584812760353088379e+00,3.483835935592651367e+00,2.949876308441162109e+00,-4.028045177459716797e+00,8.242635943746134952e-02,1.194000000000000000e+03,9.535738058808856943e-02
1.210151569843292236e+02,2.324903249740600586e+00,2.481840848922729492e+00,2.953255414962768555e+00,-4.022511959075927734e+00,8.734507832412363726e-02,1.197000000000000000e+03,1.747936023978488296e-01
1.212618019580841064e+02,3.071361541748046875e+00,1.474413514137268066e+00,2.957119941711425781e+00,-4.016572475433349609e+00,8.829150989486457546e-02,1.199000000000000000e+03,8.643529257640759911e-02
1.215151128768920898e+02,3.818684339523315430e+00,4.691034853458404541e-01,2.960879564285278320e+00,-4.008537292480468750e+00,9.104835710950687222e-02,1.202000000000000000e+03,1.553159312443166684e-01
1.217666392326354980e+02,4.574629783630371094e+00,-5.446782708168029785e-01,2.964993238449096680e+00,-4.000739574432373047e+00,8.956901853292473237e-02,1.204000000000000000e+03,1.213072580957491042e-01
1.220142130851745605e+02,5.323886394500732422e+00,-1.546420574188232422e+00,2.969136953353881836e+00,-3.993860483169555664e+00,9.179888055646841238e-02,1.207000000000000000e+03,1.404034315414688094e-01
1.222675898075103760e+02,6.074476718902587891e+00,-2.545764923095703125e+00,2.974195718765258789e+00,-3.987985610961914062e+00,8.893610906266774530e-02,1.209000000000000000e+03,1.479835052036547749e-01
1.225196239948272705e+02,6.826181411743164062e+00,-3.543019533157348633e+00,2.979771852493286133e+00,-3.982473611831665039e+00,8.970296546928702153e-02,1.212000000000000000e+03,1.484679756815746876e-01
1.227675819396972656e+02,7.580111503601074219e+00,-4.539917469024658203e+00,2.985009670257568359e+00,-3.977162599563598633e+00,8.561365274833103445e-02,1.214000000000000000e+03,1.721353588172811200e-01
1.230137269496917725e+02,8.331554412841796875e+00,-5.531154632568359375e+00,2.990628004074096680e+00,-3.973420381546020508e+00,8.621845095361709010e-02,1.217000000000000000e+03,1.608548982473659295e-01
1.232655191421508789e+02,9.088688850402832031e+00,-6.527676582336425781e+00,2.995193719863891602e+00,-3.969400405883789062e+00,8.227404512302739781e-02,1.219000000000000000e+03,1.912447637853667837e-01
1.235118870735168457e+02,9.845386505126953125e+00,-7.520665645599365234e+00,2.998544692993164062e+00,-3.963019371032714844e+00,8.208119867341047426e-02,1.222000000000000000e+03,1.675069705811416676e-01
1.237627630233764648e+02,1.060340595245361328e+01,-8.512058258056640625e+00,3.003019571304321289e+00,-3.957730293273925781e+00,7.634074821803726874e-02,1.224000000000000000e+03,2.071049607815026172e-01
1.240179209709167480e+02,1.136959362030029297e+01,-9.511856079101562500e+00,3.008554697036743164e+00,-3.953617095947265625e+00,7.498578266163739847e-02,1.227000000000000000e+03,1.666042529813512030e-01
1.242658791542053223e+02,1.212938880920410156e+01,-1.050042057037353516e+01,3.015384197235107422e+00,-3.950170278549194336e+00,7.391384048549300145e-02,1.229000000000000000e+03,2.261086844851977473e-01
1.245137631893157959e+02,1.289103031158447266e+01,-1.148815155029296875e+01,3.023224115371704102e+00,-3.947160482406616211e+00,8.992858757414672055e-02,1.232000000000000000e+03,1.678872015516113259e-01
1.247667078971862793e+02,1.365525150299072266e+01,-1.247511863708496094e+01,3.031369686126708984e+00,-3.942832231521606445e+00,1.307264369619453581e-01,1.234000000000000000e+03,2.316053685202839052e-01
1.250170681476593018e+02,1.441606044769287109e+01,-1.345350551605224609e+01,3.042258739471435547e+00,-3.934813976287841797e+00,1.752097226012995224e-01,1.237000000000000000e+03,1.637341420208268394e-01
1.252648949623107910e+02,1.518498420715332031e+01,-1.443521595001220703e+01,3.060529232025146484e+00,-3.923129558563232422e+00,2.464641274223056400e-01,1.239000000000000000e+03,2.225466230784929333e-01
1.255146691799163818e+02,1.595914936065673828e+01,-1.541361808776855469e+01,3.086234092712402344e+00,-3.906146287918090820e+00,3.112300449660450052e-01,1.242000000000000000e+03,1.410004047025441853e-01
1.257662568092346191e+02,1.674146080017089844e+01,-1.638746452331542969e+01,3.121558904647827148e+00,-3.880134344100952148e+00,3.991705839956173896e-01,1.244000000000000000e+03,2.086199979617228695e-01
1.260174889564514160e+02,1.754147338867187500e+01,-1.736339378356933594e+01,3.165647029876708984e+00,-3.844999313354492188e+00,4.753691496417321027e-01,1.247000000000000000e+03,7.879167366714955045e-02
1.262640759944915771e+02,1.834538269042968750e+01,-1.831943702697753906e+01,3.219799518585205078e+00,-3.799172639846801758e+00,5.708972807972767516e-01,1.249000000000000000e+03,2.051255467235616470e-01
1.265159020423889160e+02,1.916344451904296875e+01,-1.926342391967773438e+01,3.284670591354370117e+00,-3.742620706558227539e+00,6.522850170353887700e-01,1.252000000000000000e+03,7.193745137159164582e-02
1.267671010494232178e+02,1.999941062927246094e+01,-2.019152832031250000e+01,3.359733104705810547e+00,-3.673786878585815430e+00,7.469788808429019822e-01,1.254000000000000000e+03,2.444345561766066155e-01
1.270150690078735352e+02,2.085534858703613281e+01,-2.110189056396484375e+01,3.443742275238037109e+00,-3.593394756317138672e+00,8.295191211654192598e-01,1.257000000000000000e+03,2.128223330347757680e-01
1.272656319141387939e+02,2.172981452941894531e+01,-2.198670768737792969e+01,3.537707328796386719e+00,-3.500754117965698242e+00,9.175106642825728853e-01,1.259000000000000000e+03,2.645324434326968843e-01
1.275151979923248291e+02,2.263313102722167969e+01,-2.285181236267089844e+01,3.637403488159179688e+00,-3.393447160720825195e+00,9.963773776631148493e-01,1.262000000000000000e+03,2.471509699052331088e-01
1.277677340507507324e+02,2.356036186218261719e+01,-2.368722915649414062e+01,3.741672277450561523e+00,-3.270148038864135742e+00,1.057147843625535044e+00,1.264000000000000000e+03,2.106318489761824786e-01
1.280144619941711426e+02,2.452301597595214844e+01,-2.449769210815429688e+01,3.851637125015258789e+00,-3.132910490036010742e+00,1.102856089354094848e+00,1.267000000000000000e+03,2.087292386836294700e-01
1.282654719352722168e+02,2.550287246704101562e+01,-2.526447296142578125e+01,3.963624715805053711e+00,-2.986983776092529297e+00,1.109235275649850916e+00,1.269000000000000000e+03,9.396172392783046223e-02
1.285154359340667725e+02,2.651062965393066406e+01,-2.599327468872070312e+01,4.075676441192626953e+00,-2.832738399505615234e+00,1.120672631031164990e+00,1.272000000000000000e+03,1.778824072415165491e-01
1.287659032344818115e+02,2.754646492004394531e+01,-2.668317222595214844e+01,4.183401584625244141e+00,-2.676157951354980469e+00,1.088942133887675467e+00,1.274000000000000000e+03,1.415080859681861203e-01
1.290193111896514893e+02,2.860914993286132812e+01,-2.733360290527343750e+01,4.285334110260009766e+00,-2.514434337615966797e+00,1.076900618566050127e+00,1.277000000000000000e+03,3.051995779523990482e-01
1.292652530670166016e+02,2.968896484375000000e+01,-2.793925857543945312e+01,4.377815723419189453e+00,-2.354138374328613281e+00,1.057605419579765504e+00,1.279000000000000000e+03,3.633614158855419385e-01
1.295167009830474854e+02,3.079810142517089844e+01,-2.850827407836914062e+01,4.463837146759033203e+00,-2.191078186035156250e+00,9.847394972837881788e-01,1.282000000000000000e+03,5.583282028085382320e-01
1.297643451690673828e+02,3.192880439758300781e+01,-2.903672599792480469e+01,4.541909694671630859e+00,-2.029582500457763672e+00,9.458289697895936321e-01,1.284000000000000000e+03,6.577922099115101062e-01
1.300151801109313965e+02,3.307801055908203125e+01,-2.952553749084472656e+01,4.610202789306640625e+00,-1.875955224037170410e+00,8.592252302156894173e-01,1.286000000000000000e+03,8.493243071690286250e-01
1.302699441909790039e+02,3.425493621826171875e+01,-2.998036003112792969e+01,4.670671939849853516e+00,-1.726519584655761719e+00,8.111031539133307655e-01,1.289000000000000000e+03,1.006368053600379620e+00
1.305160639286041260e+02,3.543384933471679688e+01,-3.039465141296386719e+01,4.721609115600585938e+00,-1.589094400405883789e+00,7.181923833606121965e-01,1.291000000000000000e+03,1.155209337601210695e+00
1.307688372135162354e+02,3.662488937377929688e+01,-3.077542495727539062e+01,4.766350746154785156e+00,-1.457856178283691406e+00,6.628430282619708347e-01,1.294000000000000000e+03,1.244888904693313147e+00
1.310174231529235840e+02,3.782098770141601562e+01,-3.112411308288574219e+01,4.800722122192382812e+00,-1.339075565338134766e+00,5.679844871893030556e-01,1.296000000000000000e+03,1.325599003797035769e+00
1.312669179439544678e+02,3.901710510253906250e+01,-3.144209671020507812e+01,4.832105159759521484e+00,-1.229884147644042969e+00,5.099859577238519126e-01,1.299000000000000000e+03,1.354006887569049411e+00
1.315137619972229004e+02,4.022895050048828125e+01,-3.173681640625000000e+01,4.861517429351806641e+00,-1.133125185966491699e+00,4.193246399824822612e-01,1.301000000000000000e+03,1.378015572165603331e+00
1.317634391784667969e+02,4.144924926757812500e+01,-3.200824737548828125e+01,4.888946533203125000e+00,-1.045544266700744629e+00,3.617466900468510604e-01,1.304000000000000000e+03,1.355559656716656569e+00
1.320165891647338867e+02,4.267690658569335938e+01,-3.225913619995117188e+01,4.910439968109130859e+00,-9.701616764068603516e-01,2.770964794359745409e-01,1.306000000000000000e+03,1.336941155038750217e+00
1.322693591117858887e+02,4.392190933227539062e+01,-3.249474716186523438e+01,4.927086830139160156e+00,-9.040727615356445312e-01,1.984218781580954216e-01,1.309000000000000000e+03,1.269983837169797791e+00
1.325200729370117188e+02,4.515874099731445312e+01,-3.271348571777343750e+01,4.937860965728759766e+00,-8.514719605445861816e-01,1.479457078398515035e-01,1.311000000000000000e+03,1.226911575082318961e+00
1.327699060440063477e+02,4.639965438842773438e+01,-3.292012405395507812e+01,4.945691108703613281e+00,-8.105459809303283691e-01,8.308106509885838931e-02,1.314000000000000000e+03,1.124505963819002918e+00
1.330145101547241211e+02,4.764332962036132812e+01,-3.311800003051757812e+01,4.949922561645507812e+00,-7.778826951980590820e-01,3.855892841746477034e-02,1.317000000000000000e+03,1.061783375311669220e+00
1.332652721405029297e+02,4.888796615600585938e+01,-3.330923843383789062e+01,4.949828624725341797e+00,-7.539052963256835938e-01,-1.465946608202043505e-02,1.319000000000000000e+03,9.420009988217611374e-01
1.335132579803466797e+02,5.012406158447265625e+01,-3.349449920654296875e+01,4.947499275207519531e+00,-7.385811209678649902e-01,-5.161629707377344417e-02,1.322000000000000000e+03,8.694600029452294043e-01
1.337673349380493164e+02,5.136829757690429688e+01,-3.367806243896484375e+01,4.944519042968750000e+00,-7.323251962661743164e-01,-9.046392551494800149e-02,1.324000000000000000e+03,7.419516200698778041e-01
1.340143139362335205e+02,5.261278915405273438e+01,-3.386041641235351562e+01,4.940663337707519531e+00,-7.327662706375122070e-01,-1.190675130835062295e-01,1.327000000000000000e+03,6.651339952894371743e-01
1.342680330276489258e+02,5.386764144897460938e+01,-3.404574203491210938e+01,4.933547496795654297e+00,-7.396571636199951172e-01,-1.450350277677083799e-01,1.329000000000000000e+03,5.400060442896468249e-01
1.345197792053222656e+02,5.510838699340820312e+01,-3.423197937011718750e+01,4.925796985626220703e+00,-7.514463663101196289e-01,-1.651237895759365693e-01,1.332000000000000000e+03,4.639940698958422982e-01
1.347655501365661621e+02,5.634807968139648438e+01,-3.442152786254882812e+01,4.919520854949951172e+00,-7.683991193771362305e-01,-1.792992850495052082e-01,1.334000000000000000e+03,3.532596578793402720e-01
1.350168349742889404e+02,5.758729171752929688e+01,-3.461536407470703125e+01,4.913650035858154297e+00,-7.894059419631958008e-01,-1.920648319440195761e-01,1.337000000000000000e+03,2.873116752364776594e-01
1.352655360698699951e+02,5.882456207275390625e+01,-3.481546401977539062e+01,4.906181335449218750e+00,-8.136451840400695801e-01,-1.956331071234631014e-01,1.339000000000000000e+03,1.994774601504541445e-01
1.355172359943389893e+02,6.005138778686523438e+01,-3.502095794677734375e+01,4.897724628448486328e+00,-8.404148817062377930e-01,-2.002908965957293230e-01,1.342000000000000000e+03,1.616524328249789033e-01
1.357655050754547119e+02,6.128551101684570312e+01,-3.523490142822265625e+01,4.890643596649169922e+00,-8.685334920883178711e-01,-1.956248711954490516e-01,1.344000000000000000e+03,1.219649125486225588e-01
1.360149800777435303e+02,6.251786041259765625e+01,-3.545603942871093750e+01,4.883438110351562500e+00,-8.974044919013977051e-01,-1.955928466756589879e-01,1.347000000000000000e+03,1.279631452680659032e-01
1.362652759552001953e+02,6.374723052978515625e+01,-3.568455123901367188e+01,4.875723838806152344e+00,-9.260615110397338867e-01,-1.850937874050540000e-01,1.349000000000000000e+03,1.694077696631697549e-01
1.365177459716796875e+02,6.498648071289062500e+01,-3.592233276367187500e+01,4.867692470550537109e+00,-9.545485377311706543e-01,-1.813158902622070967e-01,1.352000000000000000e+03,1.762786682288834672e-01
1.367702698707580566e+02,6.621090698242187500e+01,-3.616459655761718750e+01,4.861538887023925781e+00,-9.819478988647460938e-01,-1.673744539676089160e-01,1.354000000000000000e+03,2.482954240583942485e-01
1.370205409526824951e+02,6.743399047851562500e+01,-3.641331863403320312e+01,4.857940673828125000e+00,-1.009304881095886230e+00,-1.609495947726547194e-01,1.357000000000000000e+03,2.387397229380572306e-01
1.372650480270385742e+02,6.865593719482421875e+01,-3.666869354248046875e+01,4.853907585144042969e+00,-1.035094857215881348e+00,-1.446192739449408682e-01,1.359000000000000000e+03,3.039377411557807052e-01
1.375188119411468506e+02,6.986913299560546875e+01,-3.692838287353515625e+01,4.849537849426269531e+00,-1.060138463973999023e+00,-1.355330837204390959e-01,1.362000000000000000e+03,2.833497452619991863e-01
1.377642529010772705e+02,7.109418487548828125e+01,-3.719655609130859375e+01,4.846630096435546875e+00,-1.083896160125732422e+00,-1.177006017948502431e-01,1.364000000000000000e+03,3.399940114457226104e-01
1.380183739662170410e+02,7.231420898437500000e+01,-3.746978378295898438e+01,4.839964389801025391e+00,-1.106168031692504883e+00,-1.064082556757983133e-01,1.367000000000000000e+03,3.028662777223971037e-01
1.382690849304199219e+02,7.353019714355468750e+01,-3.774798583984375000e+01,4.832693099975585938e+00,-1.126046061515808105e+00,-8.724894411406373951e-02,1.369000000000000000e+03,3.581023976137005516e-01
1.385164380073547363e+02,7.475550079345703125e+01,-3.803402328491210938e+01,4.827505588531494141e+00,-1.144580245018005371e+00,-7.515322351025544023e-02,1.372000000000000000e+03,3.012177983318037877e-01
1.387675881385803223e+02,7.596785736083984375e+01,-3.832165908813476562e+01,4.825012683868408203e+00,-1.161967158317565918e+00,-5.636812927926138084e-02,1.374000000000000000e+03,3.625666387156364912e-01
1.390157151222229004e+02,7.717939758300781250e+01,-3.861315155029296875e+01,4.824530601501464844e+00,-1.177957534790039062e+00,-4.367531886228498417e-02,1.377000000000000000e+03,2.837940085476975960e-01
1.392678241729736328e+02,7.839074707031250000e+01,-3.890821838378906250e+01,4.825037479400634766e+00,-1.191127181053161621e+00,-2.705611407521440331e-02,1.379000000000000000e+03,3.486678275013974648e-01
1.395202341079711914e+02,7.960273742675781250e+01,-3.920622634887695312e+01,4.825286388397216797e+00,-1.201805949211120605e+00,-1.583792679224302682e-02,1.382000000000000000e+03,2.526095861812972521e-01
1.397673110961914062e+02,8.080729675292968750e+01,-3.950411605834960938e+01,4.825792312622070312e+00,-1.209642767906188965e+00,-2.563005089514895640e-03,1.384000000000000000e+03,3.257168940173429950e-01
1.400158081054687500e+02,8.201991271972656250e+01,-3.980583953857421875e+01,4.825766563415527344e+00,-1.215739727020263672e+00,9.278480533295295485e-03,1.387000000000000000e+03,2.141711674328374559e-01
1.402649540901184082e+02,8.323194122314453125e+01,-4.010802078247070312e+01,4.824260234832763672e+00,-1.219166517257690430e+00,1.740459886892463739e-02,1.389000000000000000e+03,3.086809843819225962e-01
1.405259990692138672e+02,8.445542907714843750e+01,-4.041424179077148438e+01,4.823182582855224609e+00,-1.221735239028930664e+00,2.677376887194326399e-02,1.392000000000000000e+03,1.715150400022163180e-01
1.407661921977996826e+02,8.566683959960937500e+01,-4.071841049194335938e+01,4.823256969451904297e+00,-1.223513722419738770e+00,3.462682972565764988e-02,1.395000000000000000e+03,2.743050188016420976e-01
1.410188741683959961e+02,8.687830352783203125e+01,-4.102235031127929688e+01,4.824643135070800781e+00,-1.223945617675781250e+00,4.158868770243077939e-02,1.397000000000000000e+03,1.283758671888321212e-01
1.412677161693572998e+02,8.808975219726562500e+01,-4.132579421997070312e+01,4.826075553894042969e+00,-1.223253488540649414e+00,4.768220642331078701e-02,1.400000000000000000e+03,2.412040446909500258e-01
1.415177240371704102e+02,8.930104827880859375e+01,-4.162917709350585938e+01,4.826478958129882812e+00,-1.221620678901672363e+00,5.263333192760766971e-02,1.402000000000000000e+03,9.015782048542213267e-02
1.417699689865112305e+02,9.050457000732421875e+01,-4.193053054809570312e+01,4.827602386474609375e+00,-1.219210982322692871e+00,5.786804697631110078e-02,1.405000000000000000e+03,2.214291575702312664e-01
1.420158028602600098e+02,9.171731567382812500e+01,-4.223332214355468750e+01,4.830443859100341797e+00,-1.215977311134338379e+00,6.050533938886764468e-02,1.407000000000000000e+03,5.832576310374377321e-02
1.422650859355926514e+02,9.293019104003906250e+01,-4.253480911254882812e+01,4.831898689270019531e+00,-1.211464285850524902e+00,6.390811025511915211e-02,1.410000000000000000e+03,1.990059785864579101e-01
1.425166220664978027e+02,9.414265441894531250e+01,-4.283525848388671875e+01,4.832467555999755859e+00,-1.206393122673034668e+00,6.452830917440582903e-02,1.412000000000000000e+03,5.719488615891937106e-02
1.427707750797271729e+02,9.536788177490234375e+01,-4.313678741455078125e+01,4.833600997924804688e+00,-1.200465083122253418e+00,6.643129494924519818e-02,1.415000000000000000e+03,1.725555460148779918e-01
1.430171959400177002e+02,9.658151245117187500e+01,-4.343394851684570312e+01,4.835548877716064453e+00,-1.194583296775817871e+00,6.492872458301340854e-02,1.417000000000000000e+03,8.952226782506830793e-02
1.432699201107025146e+02,9.779563140869140625e+01,-4.372919464111328125e+01,4.838016986846923828e+00,-1.188198924064636230e+00,6.528326988868227154e-02,1.420000000000000000e+03,1.636766928212942396e-01
1.435169301033020020e+02,9.901084136962890625e+01,-4.402268981933593750e+01,4.839284420013427734e+00,-1.182048797607421875e+00,6.236447556716271517e-02,1.422000000000000000e+03,1.137805361486280281e-01
1.437669370174407959e+02,1.002193756103515625e+02,-4.431229782104492188e+01,4.840168476104736328e+00,-1.175988197326660156e+00,6.196501347470942389e-02,1.425000000000000000e+03,1.627494823383160150e-01
1.440146749019622803e+02,1.014360046386718750e+02,-4.460237884521484375e+01,4.841181755065917969e+00,-1.170474171638488770e+00,5.841624529076624300e-02,1.427000000000000000e+03,1.303584865461717424e-01
1.442648630142211914e+02,1.026525344848632812e+02,-4.489139175415039062e+01,4.841707706451416016e+00,-1.165516734123229980e+00,5.825957710386019117e-02,1.430000000000000000e+03,1.546376130719915309e-01
1.445189020633697510e+02,1.038689346313476562e+02,-4.517964553833007812e+01,4.841022491455078125e+00,-1.161830067634582520e+00,5.583037978829341608e-02,1.432000000000000000e+03,1.507982064586521065e-01
1.447668800354003906e+02,1.050976562500000000e+02,-4.547029495239257812e+01,4.840682983398437500e+00,-1.159609198570251465e+00,5.769195743036339974e-02,1.435000000000000000e+03,1.386509728358147342e-01
1.450202291011810303e+02,1.063138351440429688e+02,-4.575776290893554688e+01,4.840357780456542969e+00,-1.157662749290466309e+00,5.625227724797969564e-02,1.437000000000000000e+03,1.800486744467224010e-01
1.452711548805236816e+02,1.075297546386718750e+02,-4.604457473754882812e+01,4.841273307800292969e+00,-1.154951333999633789e+00,5.725475213287512660e-02,1.440000000000000000e+03,1.354821363395269374e-01
1.455199308395385742e+02,1.087418975830078125e+02,-4.633028793334960938e+01,4.840627193450927734e+00,-1.151339173316955566e+00,5.426870372724969249e-02,1.442000000000000000e+03,1.936480766176328361e-01
1.457668349742889404e+02,1.099520111083984375e+02,-4.661413955688476562e+01,4.841398715972900391e+00,-1.146943211555480957e+00,5.345993863356379716e-02,1.445000000000000000e+03,1.389280731309956163e-01
1.460198199748992920e+02,1.111549453735351562e+02,-4.689502716064453125e+01,4.846114158630371094e+00,-1.142805457115173340e+00,4.837936301117508331e-02,1.447000000000000000e+03,1.914102188969831198e-01
1.462750258445739746e+02,1.123681564331054688e+02,-4.717708587646484375e+01,4.852590084075927734e+00,-1.139110088348388672e+00,4.633870758865457629e-02,1.450000000000000000e+03,1.432132677052878333e-01
1.465146172046661377e+02,1.135833206176757812e+02,-4.745794296264648438e+01,4.857748985290527344e+00,-1.135488390922546387e+00,4.666352335306596377e-02,1.452000000000000000e+03,1.981617664404355106e-01
1.467672598361968994e+02,1.148136520385742188e+02,-4.774061584472656250e+01,4.862374782562255859e+00,-1.131582260131835938e+00,5.188579457236337095e-02,1.455000000000000000e+03,1.260754601587843193e-01
1.470203368663787842e+02,1.160338592529296875e+02,-4.801978302001953125e+01,4.865585327148437500e+00,-1.127393364906311035e+00,5.905907747820526160e-02,1.457000000000000000e+03,2.203384472718468712e-01
1.472685320377349854e+02,1.172551651000976562e+02,-4.829869079589843750e+01,4.867980003356933594e+00,-1.122276902198791504e+00,6.911936371962486281e-02,1.460000000000000000e+03,1.099314502126911425e-01
1.475183539390563965e+02,1.184773941040039062e+02,-4.857571029663085938e+01,4.869369983673095703e+00,-1.114931464195251465e+00,8.112905472912633476e-02,1.462000000000000000e+03,2.351218649903450697e-01
1.477667529582977295e+02,1.197019577026367188e+02,-4.885115432739257812e+01,4.869762420654296875e+00,-1.105932474136352539e+00,9.847560993900049409e-02,1.465000000000000000e+03,8.852551906921500569e-02
1.480197179317474365e+02,1.209206466674804688e+02,-4.912308120727539062e+01,4.870033264160156250e+00,-1.095195055007934570e+00,1.274061609685575025e-01,1.467000000000000000e+03,2.465651719196758629e-01
1.482693569660186768e+02,1.221483078002929688e+02,-4.939363479614257812e+01,4.868876457214355469e+00,-1.078940391540527344e+00,1.755742686377087247e-01,1.470000000000000000e+03,6.206963162804411682e-02
1.485209569931030273e+02,1.233729858398437500e+02,-4.965863418579101562e+01,4.865199565887451172e+00,-1.055057048797607422e+00,2.915458935537182383e-01,1.473000000000000000e+03,2.407462671461235715e-01
1.487686688899993896e+02,1.245961914062500000e+02,-4.991590499877929688e+01,4.864686012268066406e+00,-1.019335985183715820e+00,1.627335858946882929e+00,1.475000000000000000e+03,2.622364806638717571e-02
