vehicle,condition,perturbation,law,route,seed,score,completed,sat_fraction
fixed_wing,typical,none,pure_pursuit,2000,0,0.0253226074223765,True,0.0018975332068311196
fixed_wing,typical,none,pure_pursuit,2000,1,0.021477727671843694,True,0.0007538635506973238
fixed_wing,typical,none,pure_pursuit,2001,0,0.021855384788957176,True,0.0024518388791593695
fixed_wing,typical,none,pure_pursuit,2001,1,0.026684877854614486,True,0.0003551136363636364
fixed_wing,typical,none,pure_pursuit,2002,0,0.034337423865572994,True,0.0022143489813994687
fixed_wing,typical,none,pure_pursuit,2002,1,0.028190035313310338,True,0.000390015600624025
fixed_wing,typical,none,pure_pursuit,2003,0,0.0357816100580943,True,0.0032533550223668157
fixed_wing,typical,none,pure_pursuit,2003,1,0.02354641652993028,True,0.0015606710885680843
fixed_wing,typical,none,pure_pursuit,2004,0,0.03373564224226887,True,0.005471380471380472
fixed_wing,typical,none,pure_pursuit,2004,1,0.025176655206051085,True,0.0013679890560875513
fixed_wing,typical,none,pure_pursuit,2005,0,0.03063624313178985,True,0.0017513134851138354
fixed_wing,typical,none,pure_pursuit,2005,1,0.024430796076470265,True,0.0017863522686673813
fixed_wing,typical,none,pure_pursuit,2006,0,0.031641858059725254,True,0.002565982404692082
fixed_wing,typical,none,pure_pursuit,2006,1,0.028578019318778878,True,0.0010756543564001434
fixed_wing,typical,none,pure_pursuit,2007,0,0.026134693315100356,True,0.0017838030681412772
fixed_wing,typical,none,pure_pursuit,2007,1,0.026043883979619244,True,0.0007163323782234957
fixed_wing,typical,none,pure_pursuit,2008,0,0.040304748495585366,True,0.032230703986429174
fixed_wing,typical,none,pure_pursuit,2008,1,0.03240366184217179,True,0.007758620689655172
fixed_wing,typical,none,pure_pursuit,2009,0,0.03394155460075668,True,0.008961911874533234
fixed_wing,typical,none,pure_pursuit,2009,1,0.033465862827458406,True,0.001444564824846515
fixed_wing,typical,none,pure_pursuit,2010,0,0.03289364120771999,True,0.0023894862604540022
fixed_wing,typical,none,pure_pursuit,2010,1,0.02771394984712662,True,0.0011947431302270011
fixed_wing,typical,none,pure_pursuit,2011,0,0.026510501925683612,True,0.0007027406886858749
fixed_wing,typical,none,pure_pursuit,2011,1,0.026907959332021808,True,0.01119724375538329
fixed_wing,typical,none,l1,2000,0,0.02556148347253402,True,0.0018975332068311196
fixed_wing,typical,none,l1,2000,1,0.021580119263719267,True,0.0007538635506973238
fixed_wing,typical,none,l1,2001,0,0.02199083245166643,True,0.0024518388791593695
fixed_wing,typical,none,l1,2001,1,0.026691809453032053,True,0.0003551136363636364
fixed_wing,typical,none,l1,2002,0,0.0345350733134053,True,0.0017722640673460345
fixed_wing,typical,none,l1,2002,1,0.02840750995554716,True,0.000390015600624025
fixed_wing,typical,none,l1,2003,0,0.035826207303669685,True,0.0036600244001626678
fixed_wing,typical,none,l1,2003,1,0.023639633416391498,True,0.0015606710885680843
fixed_wing,typical,none,l1,2004,0,0.03376910287156437,True,0.004629629629629629
fixed_wing,typical,none,l1,2004,1,0.02518583258976078,True,0.0013679890560875513
fixed_wing,typical,none,l1,2005,0,0.03062529840362914,True,0.0017513134851138354
fixed_wing,typical,none,l1,2005,1,0.0246106795642251,True,0.0017863522686673813
fixed_wing,typical,none,l1,2006,0,0.03168422901699487,True,0.002565982404692082
fixed_wing,typical,none,l1,2006,1,0.028669707571359122,True,0.0014342058085335247
fixed_wing,typical,none,l1,2007,0,0.026170522182649966,True,0.0017838030681412772
fixed_wing,typical,none,l1,2007,1,0.026277664057381647,True,0.0035816618911174787
fixed_wing,typical,none,l1,2008,0,0.040321463674274236,True,0.030534351145038167
fixed_wing,typical,none,l1,2008,1,0.03278408117424638,True,0.007327586206896552
fixed_wing,typical,none,l1,2009,0,0.03419073901224606,True,0.00784167289021658
fixed_wing,typical,none,l1,2009,1,0.033590330243403424,True,0.001444564824846515
fixed_wing,typical,none,l1,2010,0,0.0328805083819037,True,0.0023894862604540022
fixed_wing,typical,none,l1,2010,1,0.02795629008378262,True,0.0007968127490039841
fixed_wing,typical,none,l1,2011,0,0.02660691554356881,True,0.0007027406886858749
fixed_wing,typical,none,l1,2011,1,0.02697044908307522,True,0.0103359173126615
fixed_wing,typical,none,vector_field,2000,0,0.01681415524236699,True,0.01288855193328279
fixed_wing,typical,none,vector_field,2000,1,0.010534359166966899,True,0.017325800376647833
fixed_wing,typical,none,vector_field,2001,0,0.012916740066654438,True,0.021343596920923722
fixed_wing,typical,none,vector_field,2001,1,0.01122011951014066,True,0.023412557644554806
fixed_wing,typical,none,vector_field,2002,0,0.05189455968851542,True,0.124724548259145
fixed_wing,typical,none,vector_field,2002,1,0.021463823294219503,True,0.046303501945525294
fixed_wing,typical,none,vector_field,2003,0,0.011537145190857509,True,0.042648253452477664
fixed_wing,typical,none,vector_field,2003,1,0.012826575024713117,True,0.02377240841777085
fixed_wing,typical,none,vector_field,2004,0,0.02349277872060917,True,0.09109991603694374
fixed_wing,typical,none,vector_field,2004,1,0.011189792918874179,True,0.016404647983595352
fixed_wing,typical,none,vector_field,2005,0,0.03417183323952319,True,0.057230231542158144
fixed_wing,typical,none,vector_field,2005,1,0.011213220155522962,True,0.02462526766595289
fixed_wing,typical,none,vector_field,2006,0,0.045079171136915966,True,0.0547845142439737
fixed_wing,typical,none,vector_field,2006,1,0.01169384973366347,True,0.016469745793054064
fixed_wing,typical,none,vector_field,2007,0,0.011401882244862459,True,0.013186029935851747
fixed_wing,typical,none,vector_field,2007,1,0.015087377144020638,True,0.030758226037195996
fixed_wing,typical,none,vector_field,2008,0,0.05180597878786228,True,0.14490311710193765
fixed_wing,typical,none,vector_field,2008,1,0.04724674385568118,True,0.16673792218896966
fixed_wing,typical,none,vector_field,2009,0,0.06712383460672008,True,0.06205871423262728
fixed_wing,typical,none,vector_field,2009,1,0.02798017704768259,True,0.059077809798270896
fixed_wing,typical,none,vector_field,2010,0,0.025040715225822914,True,0.03933253873659118
fixed_wing,typical,none,vector_field,2010,1,0.03576028985337662,True,0.08888888888888889
fixed_wing,typical,none,vector_field,2011,0,0.012638493006640397,True,0.030537030537030538
fixed_wing,typical,none,vector_field,2011,1,0.05290664884638514,True,0.11653813196229648
fixed_wing,typical,none,lead_vf,2000,0,0.027918155809422446,True,0.0
fixed_wing,typical,none,lead_vf,2000,1,0.026382200718339598,True,0.0
fixed_wing,typical,none,lead_vf,2001,0,0.02360077851876734,True,0.00385559060637925
fixed_wing,typical,none,lead_vf,2001,1,0.028570326567776104,True,0.0
fixed_wing,typical,none,lead_vf,2002,0,0.04325577883524174,True,0.021729490022172948
fixed_wing,typical,none,lead_vf,2002,1,0.03406593454965681,True,0.0
fixed_wing,typical,none,lead_vf,2003,0,0.04184521898880278,True,0.006924643584521385
fixed_wing,typical,none,lead_vf,2003,1,0.031076911748982895,True,0.0
fixed_wing,typical,none,lead_vf,2004,0,0.035817725338049,True,0.018105263157894735
fixed_wing,typical,none,lead_vf,2004,1,0.02560190996273906,True,0.0
fixed_wing,typical,none,lead_vf,2005,0,0.03471036661297034,True,0.0
fixed_wing,typical,none,lead_vf,2005,1,0.02671112284365637,True,0.0010725777618877368
fixed_wing,typical,none,lead_vf,2006,0,0.03546377229596153,True,0.004036697247706422
fixed_wing,typical,none,lead_vf,2006,1,0.032888604764018406,True,0.0
fixed_wing,typical,none,lead_vf,2007,0,0.02954263152853219,True,0.0
fixed_wing,typical,none,lead_vf,2007,1,0.02969205280177928,True,0.0007171029042667623
fixed_wing,typical,none,lead_vf,2008,0,0.050279902611271576,True,0.05560271646859083
fixed_wing,typical,none,lead_vf,2008,1,0.04039385693662832,True,0.03150625809236081
fixed_wing,typical,none,lead_vf,2009,0,0.04194523791595316,True,0.011580127007844603
fixed_wing,typical,none,lead_vf,2009,1,0.03885526273034923,True,0.0003614022406938923
fixed_wing,typical,none,lead_vf,2010,0,0.034592668171930324,True,0.0
fixed_wing,typical,none,lead_vf,2010,1,0.0338790412601016,True,0.001994415636218588
fixed_wing,typical,none,lead_vf,2011,0,0.03009301745188426,True,0.0
fixed_wing,typical,none,lead_vf,2011,1,0.03266946144221213,True,0.021551724137931036
fixed_wing,typical,position noise,pure_pursuit,2000,0,0.02640658269183279,True,0.003795066413662239
fixed_wing,typical,position noise,pure_pursuit,2000,1,0.021052970269864378,True,0.003769317753486619
fixed_wing,typical,position noise,pure_pursuit,2001,0,0.022042064460725864,True,0.0035026269702276708
fixed_wing,typical,position noise,pure_pursuit,2001,1,0.027372171277936525,True,0.004259850905218318
fixed_wing,typical,position noise,pure_pursuit,2002,0,0.03744706331219756,True,0.011519716437749225
fixed_wing,typical,position noise,pure_pursuit,2002,1,0.028145103195599555,True,0.0031201248049922
fixed_wing,typical,position noise,pure_pursuit,2003,0,0.03648391295301642,True,0.004475183075671277
fixed_wing,typical,position noise,pure_pursuit,2003,1,0.02493812491801966,True,0.0039032006245121
fixed_wing,typical,position noise,pure_pursuit,2004,0,0.03602928794560557,True,0.010101010101010102
fixed_wing,typical,position noise,pure_pursuit,2004,1,0.025057229449693158,True,0.0030779753761969904
fixed_wing,typical,position noise,pure_pursuit,2005,0,0.0301038053245747,True,0.00394045534150613
fixed_wing,typical,position noise,pure_pursuit,2005,1,0.025303279016274098,True,0.0025026814444047193
fixed_wing,typical,position noise,pure_pursuit,2006,0,0.03445497792311705,True,0.007695126419934042
fixed_wing,typical,position noise,pure_pursuit,2006,1,0.03053639109904429,True,0.0035842293906810036
fixed_wing,typical,position noise,pure_pursuit,2007,0,0.02700532115329595,True,0.0032119914346895075
fixed_wing,typical,position noise,pure_pursuit,2007,1,0.027003726609709976,True,0.0032234957020057307
fixed_wing,typical,position noise,pure_pursuit,2008,0,0.04211399728020562,True,0.04368108566581849
fixed_wing,typical,position noise,pure_pursuit,2008,1,0.032140781874197076,True,0.018973695558430356
fixed_wing,typical,position noise,pure_pursuit,2009,0,0.03401996325896398,True,0.009705113848450915
fixed_wing,typical,position noise,pure_pursuit,2009,1,0.034544091742772315,True,0.0036114120621162874
fixed_wing,typical,position noise,pure_pursuit,2010,0,0.03286281624987333,True,0.0027877339705296694
fixed_wing,typical,position noise,pure_pursuit,2010,1,0.02768931082539468,True,0.0027899561578318055
fixed_wing,typical,position noise,pure_pursuit,2011,0,0.026825593578125924,True,0.004216444132115249
fixed_wing,typical,position noise,pure_pursuit,2011,1,0.02755986118205361,True,0.017219113215669393
fixed_wing,typical,position noise,l1,2000,0,0.02643899615425504,True,0.003795066413662239
fixed_wing,typical,position noise,l1,2000,1,0.02080860253955621,True,0.003769317753486619
fixed_wing,typical,position noise,l1,2001,0,0.021859388524829625,True,0.004203152364273205
fixed_wing,typical,position noise,l1,2001,1,0.02670931956630225,True,0.004259850905218318
fixed_wing,typical,position noise,l1,2002,0,0.03715143489612582,True,0.0101905183872397
fixed_wing,typical,position noise,l1,2002,1,0.02786053587943063,True,0.0031201248049922
fixed_wing,typical,position noise,l1,2003,0,0.035992911768108475,True,0.004475183075671277
fixed_wing,typical,position noise,l1,2003,1,0.02465999357808798,True,0.0039032006245121
fixed_wing,typical,position noise,l1,2004,0,0.03573997989730479,True,0.010521885521885523
fixed_wing,typical,position noise,l1,2004,1,0.024801321605603395,True,0.0030779753761969904
fixed_wing,typical,position noise,l1,2005,0,0.029601957200490595,True,0.00394045534150613
fixed_wing,typical,position noise,l1,2005,1,0.025224729805344646,True,0.0025026814444047193
fixed_wing,typical,position noise,l1,2006,0,0.03388005399137452,True,0.007695126419934042
fixed_wing,typical,position noise,l1,2006,1,0.03004058673094006,True,0.0032269630692004303
fixed_wing,typical,position noise,l1,2007,0,0.0266474117987855,True,0.0032119914346895075
fixed_wing,typical,position noise,l1,2007,1,0.026871826224657662,True,0.0064469914040114614
fixed_wing,typical,position noise,l1,2008,0,0.04138283449305508,True,0.041560644614079725
fixed_wing,typical,position noise,l1,2008,1,0.031906863017334336,True,0.017680034497628287
fixed_wing,typical,position noise,l1,2009,0,0.033918395594446586,True,0.008965259618976467
fixed_wing,typical,position noise,l1,2009,1,0.03429447213722758,True,0.0032502708559046588
fixed_wing,typical,position noise,l1,2010,0,0.03274586852630429,True,0.0027877339705296694
fixed_wing,typical,position noise,l1,2010,1,0.027714986088066204,True,0.0027899561578318055
fixed_wing,typical,position noise,l1,2011,0,0.026594724439628223,True,0.004216444132115249
fixed_wing,typical,position noise,l1,2011,1,0.02730046916046261,True,0.017219113215669393
fixed_wing,typical,position noise,vector_field,2000,0,0.017967164856792256,True,0.03411675511751327
fixed_wing,typical,position noise,vector_field,2000,1,0.01427201075931692,True,0.03278070836473248
fixed_wing,typical,position noise,vector_field,2001,0,0.016404488767102578,True,0.037425673312346974
fixed_wing,typical,position noise,vector_field,2001,1,0.015189074286722127,True,0.03086200780418588
fixed_wing,typical,position noise,vector_field,2002,0,0.052246518702910576,True,0.14185022026431718
fixed_wing,typical,position noise,vector_field,2002,1,0.01527878313620682,True,0.05646417445482866
fixed_wing,typical,position noise,vector_field,2003,0,0.0154115327667516,True,0.08038976857490865
fixed_wing,typical,position noise,vector_field,2003,1,0.016208141401719042,True,0.04440981690689521
fixed_wing,typical,position noise,vector_field,2004,0,0.025567197355436763,True,0.10155266470835082
fixed_wing,typical,position noise,vector_field,2004,1,0.013671474566592928,True,0.030064912880081996
fixed_wing,typical,position noise,vector_field,2005,0,0.03832269703110942,True,0.07517482517482517
fixed_wing,typical,position noise,vector_field,2005,1,0.01353538785660706,True,0.03070332024277044
fixed_wing,typical,position noise,vector_field,2006,0,0.04691244230596986,True,0.07447973713033954
fixed_wing,typical,position noise,vector_field,2006,1,0.017700689543232888,True,0.052989616899391336
fixed_wing,typical,position noise,vector_field,2007,0,0.014394958519656319,True,0.03492516037063435
fixed_wing,typical,position noise,vector_field,2007,1,0.013862977177611546,True,0.05185979971387697
fixed_wing,typical,position noise,vector_field,2008,0,0.06505843051875708,True,0.1675084175084175
fixed_wing,typical,position noise,vector_field,2008,1,0.04027131939387664,True,0.1797175866495507
fixed_wing,typical,position noise,vector_field,2009,0,0.04937546918601267,True,0.07517677707480462
fixed_wing,typical,position noise,vector_field,2009,1,0.03781241431019637,True,0.06520172910662825
fixed_wing,typical,position noise,vector_field,2010,0,0.026906176954047338,True,0.06277314263011521
fixed_wing,typical,position noise,vector_field,2010,1,0.043659680187223576,True,0.10943695479777954
fixed_wing,typical,position noise,vector_field,2011,0,0.015619068699543263,True,0.0351000351000351
fixed_wing,typical,position noise,vector_field,2011,1,0.06455712039351315,True,0.12425021422450729
fixed_wing,typical,position noise,lead_vf,2000,0,0.03003646563631151,True,0.0
fixed_wing,typical,position noise,lead_vf,2000,1,0.02297516855075042,True,0.0
fixed_wing,typical,position noise,lead_vf,2001,0,0.023389830723398102,True,0.003155680224403927
fixed_wing,typical,position noise,lead_vf,2001,1,0.026773769607559672,True,0.0
fixed_wing,typical,position noise,lead_vf,2002,0,0.04397169724060572,True,0.02394678492239468
fixed_wing,typical,position noise,lead_vf,2002,1,0.032818511556563686,True,0.0
fixed_wing,typical,position noise,lead_vf,2003,0,0.04151196573023909,True,0.007748776508972268
fixed_wing,typical,position noise,lead_vf,2003,1,0.03186803817131402,True,0.0
fixed_wing,typical,position noise,lead_vf,2004,0,0.03656282667675508,True,0.019797809604043808
fixed_wing,typical,position noise,lead_vf,2004,1,0.025325169145218117,True,0.0
fixed_wing,typical,position noise,lead_vf,2005,0,0.03508027579147251,True,0.0017543859649122807
fixed_wing,typical,position noise,lead_vf,2005,1,0.027826412434334487,True,0.0014301036825169824
fixed_wing,typical,position noise,lead_vf,2006,0,0.03584563691341909,True,0.011021307861866276
fixed_wing,typical,position noise,lead_vf,2006,1,0.03403729907174722,True,0.0
fixed_wing,typical,position noise,lead_vf,2007,0,0.029201532557702324,True,0.0007147962830593281
fixed_wing,typical,position noise,lead_vf,2007,1,0.031072628393248543,True,0.0014352350197344816
fixed_wing,typical,position noise,lead_vf,2008,0,0.05481425165975214,True,0.06112054329371817
fixed_wing,typical,position noise,lead_vf,2008,1,0.04167418110323662,True,0.044454035390591284
fixed_wing,typical,position noise,lead_vf,2009,0,0.03997650573646444,True,0.01195814648729447
fixed_wing,typical,position noise,lead_vf,2009,1,0.03977317806639617,True,0.0018070112034694614
fixed_wing,typical,position noise,lead_vf,2010,0,0.034776741263558494,True,0.0011961722488038277
fixed_wing,typical,position noise,lead_vf,2010,1,0.034675270108422515,True,0.003592814371257485
fixed_wing,typical,position noise,lead_vf,2011,0,0.028830710809085863,True,0.0
fixed_wing,typical,position noise,lead_vf,2011,1,0.034084462682379066,True,0.021973287376130978
fixed_wing,typical,velocity noise,pure_pursuit,2000,0,0.027546329984353513,True,0.0018975332068311196
fixed_wing,typical,velocity noise,pure_pursuit,2000,1,0.02108078412088791,True,0.0015077271013946476
fixed_wing,typical,velocity noise,pure_pursuit,2001,0,0.021994135999682512,True,0.0028021015761821367
fixed_wing,typical,velocity noise,pure_pursuit,2001,1,0.026747956129313417,True,0.003194888178913738
fixed_wing,typical,velocity noise,pure_pursuit,2002,0,0.04247825995445087,True,0.023019034971226208
fixed_wing,typical,velocity noise,pure_pursuit,2002,1,0.028481499660874213,True,0.0031213421771361686
fixed_wing,typical,velocity noise,pure_pursuit,2003,0,0.03642339830822127,True,0.006916192026037429
fixed_wing,typical,velocity noise,pure_pursuit,2003,1,0.025924599815684332,True,0.00429352068696331
fixed_wing,typical,velocity noise,pure_pursuit,2004,0,0.038722953274236464,True,0.015145140933950358
fixed_wing,typical,velocity noise,pure_pursuit,2004,1,0.024830450483435247,True,0.002393162393162393
fixed_wing,typical,velocity noise,pure_pursuit,2005,0,0.02846346729699422,True,0.004380201489268506
fixed_wing,typical,velocity noise,pure_pursuit,2005,1,0.026245963823450343,True,0.0017863522686673813
fixed_wing,typical,velocity noise,pure_pursuit,2006,0,0.038935752522989024,True,0.01282051282051282
fixed_wing,typical,velocity noise,pure_pursuit,2006,1,0.03217051282860757,True,0.002867383512544803
fixed_wing,typical,velocity noise,pure_pursuit,2007,0,0.027917239102024486,True,0.0028540849090260435
fixed_wing,typical,velocity noise,pure_pursuit,2007,1,0.028187734470498653,True,0.0032234957020057307
fixed_wing,typical,velocity noise,pure_pursuit,2008,0,0.04877930810653357,True,0.053367217280813214
fixed_wing,typical,velocity noise,pure_pursuit,2008,1,0.0357956399374119,True,0.034467901766479965
fixed_wing,typical,velocity noise,pure_pursuit,2009,0,0.03395051245998234,True,0.009708737864077669
fixed_wing,typical,velocity noise,pure_pursuit,2009,1,0.036138845672815806,True,0.005054151624548736
fixed_wing,typical,velocity noise,pure_pursuit,2010,0,0.03265793524930298,True,0.003980891719745223
fixed_wing,typical,velocity noise,pure_pursuit,2010,1,0.028888948505203335,True,0.004382470119521913
fixed_wing,typical,velocity noise,pure_pursuit,2011,0,0.027019218165621875,True,0.0017568517217146872
fixed_wing,typical,velocity noise,pure_pursuit,2011,1,0.030940536219625316,True,0.01765719207579673
fixed_wing,typical,velocity noise,l1,2000,0,0.02778256966701806,True,0.0018975332068311196
fixed_wing,typical,velocity noise,l1,2000,1,0.021124544778517936,True,0.0015077271013946476
fixed_wing,typical,velocity noise,l1,2001,0,0.022167200611471136,True,0.0028021015761821367
fixed_wing,typical,velocity noise,l1,2001,1,0.026762636462419193,True,0.003549875754348598
fixed_wing,typical,velocity noise,l1,2002,0,0.04224983455086991,True,0.02257636122177955
fixed_wing,typical,velocity noise,l1,2002,1,0.029078397425140158,True,0.0027311744049941474
fixed_wing,typical,velocity noise,l1,2003,0,0.036611121162057794,True,0.006509357200976403
fixed_wing,typical,velocity noise,l1,2003,1,0.02606711811717049,True,0.0039032006245121
fixed_wing,typical,velocity noise,l1,2004,0,0.038635152921261504,True,0.014724442574673959
fixed_wing,typical,velocity noise,l1,2004,1,0.024831998338034223,True,0.002735042735042735
fixed_wing,typical,velocity noise,l1,2005,0,0.028484245159360343,True,0.004380201489268506
fixed_wing,typical,velocity noise,l1,2005,1,0.026501881513847164,True,0.0017863522686673813
fixed_wing,typical,velocity noise,l1,2006,0,0.03860773021603539,True,0.011359472334188348
fixed_wing,typical,velocity noise,l1,2006,1,0.03214320409137082,True,0.002867383512544803
fixed_wing,typical,velocity noise,l1,2007,0,0.027980414984229974,True,0.0028540849090260435
fixed_wing,typical,velocity noise,l1,2007,1,0.028334109027858045,True,0.004297994269340974
fixed_wing,typical,velocity noise,l1,2008,0,0.04785713260910436,True,0.051694915254237285
fixed_wing,typical,velocity noise,l1,2008,1,0.03567383890788703,True,0.034037052994398964
fixed_wing,typical,velocity noise,l1,2009,0,0.03411913227792101,True,0.008961911874533234
fixed_wing,typical,velocity noise,l1,2009,1,0.03631216789969731,True,0.004694835680751174
fixed_wing,typical,velocity noise,l1,2010,0,0.03266596757601084,True,0.003980891719745223
fixed_wing,typical,velocity noise,l1,2010,1,0.029365684353639808,True,0.0051792828685258965
fixed_wing,typical,velocity noise,l1,2011,0,0.027136415984889466,True,0.0017568517217146872
fixed_wing,typical,velocity noise,l1,2011,1,0.030763134950144662,True,0.01765719207579673
fixed_wing,typical,velocity noise,vector_field,2000,0,0.020075525798441088,True,0.0625
fixed_wing,typical,velocity noise,vector_field,2000,1,0.017664072262207318,True,0.06586375611592021
fixed_wing,typical,velocity noise,vector_field,2001,0,0.017210463744886925,True,0.08356643356643356
fixed_wing,typical,velocity noise,vector_field,2001,1,0.019139474354406133,True,0.059907834101382486
fixed_wing,typical,velocity noise,vector_field,2002,0,0.06418763358645126,True,0.16981962164540254
fixed_wing,typical,velocity noise,vector_field,2002,1,0.019291509201532886,True,0.08443579766536966
fixed_wing,typical,velocity noise,vector_field,2003,0,0.021220416634287725,True,0.12373225152129817
fixed_wing,typical,velocity noise,vector_field,2003,1,0.017883834596587697,True,0.08138629283489096
fixed_wing,typical,velocity noise,vector_field,2004,0,0.029577419398975083,True,0.129979035639413
fixed_wing,typical,velocity noise,vector_field,2004,1,0.01814710515221478,True,0.06659836065573771
fixed_wing,typical,velocity noise,vector_field,2005,0,0.03455832170573677,True,0.10747051114023591
fixed_wing,typical,velocity noise,vector_field,2005,1,0.017438813343410624,True,0.06671423474848377
fixed_wing,typical,velocity noise,vector_field,2006,0,0.06011705073332169,True,0.11119212541013489
fixed_wing,typical,velocity noise,vector_field,2006,1,0.020960018373273236,True,0.09188416160171613
fixed_wing,typical,velocity noise,vector_field,2007,0,0.017788349952780152,True,0.06695156695156695
fixed_wing,typical,velocity noise,vector_field,2007,1,0.01838486526536958,True,0.08684774839170836
fixed_wing,typical,velocity noise,vector_field,2008,0,0.06423011046205086,True,0.19638351555929354
fixed_wing,typical,velocity noise,vector_field,2008,1,0.04865553107545365,True,0.21401110636480136
fixed_wing,typical,velocity noise,vector_field,2009,0,0.060393502087241244,True,0.09884801189149016
fixed_wing,typical,velocity noise,vector_field,2009,1,0.04253992505714567,True,0.09827213822894168
fixed_wing,typical,velocity noise,vector_field,2010,0,0.02828774299820476,True,0.10202461294164351
fixed_wing,typical,velocity noise,vector_field,2010,1,0.038165669471110594,True,0.14070550931430836
fixed_wing,typical,velocity noise,vector_field,2011,0,0.016281010317042877,True,0.07511407511407511
fixed_wing,typical,velocity noise,vector_field,2011,1,0.06005002004440229,True,0.1456726649528706
fixed_wing,typical,velocity noise,lead_vf,2000,0,0.031127849229366532,True,0.002277904328018223
fixed_wing,typical,velocity noise,lead_vf,2000,1,0.02561909411326551,True,0.001885369532428356
fixed_wing,typical,velocity noise,lead_vf,2001,0,0.02477879029537812,True,0.005257623554153523
fixed_wing,typical,velocity noise,lead_vf,2001,1,0.028587337448221138,True,0.0017768301350390902
fixed_wing,typical,velocity noise,lead_vf,2002,0,0.053989830330020694,True,0.04295837023914969
fixed_wing,typical,velocity noise,lead_vf,2002,1,0.035694367841268754,True,0.00859375
fixed_wing,typical,velocity noise,lead_vf,2003,0,0.043415777751924234,True,0.015885947046843176
fixed_wing,typical,velocity noise,lead_vf,2003,1,0.03568141565883019,True,0.00546875
fixed_wing,typical,velocity noise,lead_vf,2004,0,0.0405269137467211,True,0.019772822885990745
fixed_wing,typical,velocity noise,lead_vf,2004,1,0.02891932315211685,True,0.0023956194387405884
fixed_wing,typical,velocity noise,lead_vf,2005,0,0.034427800525727914,True,0.00789127575624726
fixed_wing,typical,velocity noise,lead_vf,2005,1,0.03010307298475684,True,0.001787629603146228
fixed_wing,typical,velocity noise,lead_vf,2006,0,0.04488575858973026,True,0.019435276861019434
fixed_wing,typical,velocity noise,lead_vf,2006,1,0.03738720578333472,True,0.003945480631276901
fixed_wing,typical,velocity noise,lead_vf,2007,0,0.03423074857372696,True,0.0064285714285714285
fixed_wing,typical,velocity noise,lead_vf,2007,1,0.03374188641130847,True,0.005378271782000717
fixed_wing,typical,velocity noise,lead_vf,2008,0,0.06690015638673175,True,0.06994489190334888
fixed_wing,typical,velocity noise,lead_vf,2008,1,0.05008795077035416,True,0.06422413793103449
fixed_wing,typical,velocity noise,lead_vf,2009,0,0.042443282669704305,True,0.012327231976092642
fixed_wing,typical,velocity noise,lead_vf,2009,1,0.04288801378624593,True,0.011926273942898446
fixed_wing,typical,velocity noise,lead_vf,2010,0,0.035249603035375554,True,0.007174172977281785
fixed_wing,typical,velocity noise,lead_vf,2010,1,0.03626930082595954,True,0.015556441962504986
fixed_wing,typical,velocity noise,lead_vf,2011,0,0.030897140794795476,True,0.0017580872011251757
fixed_wing,typical,velocity noise,lead_vf,2011,1,0.04167700704065265,True,0.026712623869021974
fixed_wing,typical,sensor delay 0.2 s,pure_pursuit,2000,0,0.031379495361829574,True,0.0026505111700113595
fixed_wing,typical,sensor delay 0.2 s,pure_pursuit,2000,1,0.027171696078149184,True,0.0007524454477050414
fixed_wing,typical,sensor delay 0.2 s,pure_pursuit,2001,0,0.026308778315011896,True,0.0034965034965034965
fixed_wing,typical,sensor delay 0.2 s,pure_pursuit,2001,1,0.027848398993017526,True,0.0010630758327427356
fixed_wing,typical,sensor delay 0.2 s,pure_pursuit,2002,0,0.03217813088973989,True,0.0075055187637969095
fixed_wing,typical,sensor delay 0.2 s,pure_pursuit,2002,1,0.0258433298821521,True,0.0
fixed_wing,typical,sensor delay 0.2 s,pure_pursuit,2003,0,0.03569555086476624,True,0.004866180048661801
fixed_wing,typical,sensor delay 0.2 s,pure_pursuit,2003,1,0.029167352777154192,True,0.0023355391202802647
fixed_wing,typical,sensor delay 0.2 s,pure_pursuit,2004,0,0.03388803442446947,True,0.01343408900083963
fixed_wing,typical,sensor delay 0.2 s,pure_pursuit,2004,1,0.02651178469491227,True,0.002389078498293515
fixed_wing,typical,sensor delay 0.2 s,pure_pursuit,2005,0,0.03455084934867586,True,0.003056768558951965
fixed_wing,typical,sensor delay 0.2 s,pure_pursuit,2005,1,0.02714186318329772,True,0.0017825311942959
fixed_wing,typical,sensor delay 0.2 s,pure_pursuit,2006,0,0.032540570413869895,True,0.01060329067641682
fixed_wing,typical,sensor delay 0.2 s,pure_pursuit,2006,1,0.026621042582701086,True,0.0017889087656529517
fixed_wing,typical,sensor delay 0.2 s,pure_pursuit,2007,0,0.02924609025570387,True,0.002491990032039872
fixed_wing,typical,sensor delay 0.2 s,pure_pursuit,2007,1,0.03388583682689382,True,0.0014290818149339049
fixed_wing,typical,sensor delay 0.2 s,pure_pursuit,2008,0,0.040279029321722906,True,0.04560810810810811
fixed_wing,typical,sensor delay 0.2 s,pure_pursuit,2008,1,0.033232903053103266,True,0.015463917525773196
fixed_wing,typical,sensor delay 0.2 s,pure_pursuit,2009,0,0.033476933278145354,True,0.010432190760059613
fixed_wing,typical,sensor delay 0.2 s,pure_pursuit,2009,1,0.03337558029917377,True,0.0018011527377521613
fixed_wing,typical,sensor delay 0.2 s,pure_pursuit,2010,0,0.03490537569003384,True,0.003971405877680699
fixed_wing,typical,sensor delay 0.2 s,pure_pursuit,2010,1,0.025143253616665685,True,0.0003972983710766786
fixed_wing,typical,sensor delay 0.2 s,pure_pursuit,2011,0,0.02492053626295295,True,0.0007015082427218519
fixed_wing,typical,sensor delay 0.2 s,pure_pursuit,2011,1,0.03547095823387367,True,0.025332760841562902
fixed_wing,typical,sensor delay 0.2 s,l1,2000,0,0.03158755869291796,True,0.0026505111700113595
fixed_wing,typical,sensor delay 0.2 s,l1,2000,1,0.02720993535474505,True,0.0007524454477050414
fixed_wing,typical,sensor delay 0.2 s,l1,2001,0,0.026494429186685656,True,0.0034965034965034965
fixed_wing,typical,sensor delay 0.2 s,l1,2001,1,0.028094030391590086,True,0.0010630758327427356
fixed_wing,typical,sensor delay 0.2 s,l1,2002,0,0.032294818804663256,True,0.0075055187637969095
fixed_wing,typical,sensor delay 0.2 s,l1,2002,1,0.026265696588958005,True,0.0
fixed_wing,typical,sensor delay 0.2 s,l1,2003,0,0.03134247489726781,True,0.004462474645030426
fixed_wing,typical,sensor delay 0.2 s,l1,2003,1,0.029339786937440042,True,0.0023355391202802647
fixed_wing,typical,sensor delay 0.2 s,l1,2004,0,0.03409681391884853,True,0.013014273719563391
fixed_wing,typical,sensor delay 0.2 s,l1,2004,1,0.0264761947106898,True,0.002389078498293515
fixed_wing,typical,sensor delay 0.2 s,l1,2005,0,0.034072705576363514,True,0.003056768558951965
fixed_wing,typical,sensor delay 0.2 s,l1,2005,1,0.027339286279829546,True,0.0017825311942959
fixed_wing,typical,sensor delay 0.2 s,l1,2006,0,0.03236295921051871,True,0.010968921389396709
fixed_wing,typical,sensor delay 0.2 s,l1,2006,1,0.026665119352325548,True,0.0017889087656529517
fixed_wing,typical,sensor delay 0.2 s,l1,2007,0,0.029499188408896024,True,0.002491990032039872
fixed_wing,typical,sensor delay 0.2 s,l1,2007,1,0.03270633185471944,True,0.0057163272597356195
fixed_wing,typical,sensor delay 0.2 s,l1,2008,0,0.040022775758658605,True,0.043092522179974654
fixed_wing,typical,sensor delay 0.2 s,l1,2008,1,0.034104476985203386,True,0.014604810996563574
fixed_wing,typical,sensor delay 0.2 s,l1,2009,0,0.03357327733518767,True,0.010432190760059613
fixed_wing,typical,sensor delay 0.2 s,l1,2009,1,0.03364062779847193,True,0.0018011527377521613
fixed_wing,typical,sensor delay 0.2 s,l1,2010,0,0.034824042995652074,True,0.003971405877680699
fixed_wing,typical,sensor delay 0.2 s,l1,2010,1,0.025317068640251343,True,0.0003972983710766786
fixed_wing,typical,sensor delay 0.2 s,l1,2011,0,0.02494128636471564,True,0.0007015082427218519
fixed_wing,typical,sensor delay 0.2 s,l1,2011,1,0.035845007481553726,True,0.0249033920137398
fixed_wing,typical,sensor delay 0.2 s,vector_field,2000,0,0.0383155279436322,True,0.08871272178180445
fixed_wing,typical,sensor delay 0.2 s,vector_field,2000,1,0.027387686368036623,True,0.06644144144144144
fixed_wing,typical,sensor delay 0.2 s,vector_field,2001,0,0.02782417496081137,True,0.06589958158995816
fixed_wing,typical,sensor delay 0.2 s,vector_field,2001,1,0.029967084579416884,True,0.06749116607773852
fixed_wing,typical,sensor delay 0.2 s,vector_field,2002,0,0.11684211068899344,True,0.27553237722729246
fixed_wing,typical,sensor delay 0.2 s,vector_field,2002,1,0.03193251346359606,True,0.08682170542635659
fixed_wing,typical,sensor delay 0.2 s,vector_field,2003,0,0.032513796778899755,True,0.13217461600646727
fixed_wing,typical,sensor delay 0.2 s,vector_field,2003,1,0.04370902685666073,True,0.1374903175832688
fixed_wing,typical,sensor delay 0.2 s,vector_field,2004,0,0.08087036416924917,True,0.2188930503537245
fixed_wing,typical,sensor delay 0.2 s,vector_field,2004,1,0.021435999829449,True,0.06201022146507666
fixed_wing,typical,sensor delay 0.2 s,vector_field,2005,0,0.06436930981484754,True,0.23100303951367782
fixed_wing,typical,sensor delay 0.2 s,vector_field,2005,1,0.03633396305919988,True,0.08742004264392324
fixed_wing,typical,sensor delay 0.2 s,vector_field,2006,0,0.14106533056737594,True,0.1499819298879653
fixed_wing,typical,sensor delay 0.2 s,vector_field,2006,1,0.024940375130810717,True,0.10980392156862745
fixed_wing,typical,sensor delay 0.2 s,vector_field,2007,0,0.03985322097034533,True,0.10106382978723404
fixed_wing,typical,sensor delay 0.2 s,vector_field,2007,1,0.031367440540173805,True,0.12005700035625223
fixed_wing,typical,sensor delay 0.2 s,vector_field,2008,0,0.07766715852900268,True,0.3400083437630371
fixed_wing,typical,sensor delay 0.2 s,vector_field,2008,1,0.13596320943178508,True,0.3074338513229735
fixed_wing,typical,sensor delay 0.2 s,vector_field,2009,0,0.16556006603378887,True,0.13517495395948434
fixed_wing,typical,sensor delay 0.2 s,vector_field,2009,1,0.04946546556132464,True,0.14342058085335246
fixed_wing,typical,sensor delay 0.2 s,vector_field,2010,0,0.03900639691038865,True,0.0946159936658749
fixed_wing,typical,sensor delay 0.2 s,vector_field,2010,1,0.08283673799927949,True,0.18439716312056736
fixed_wing,typical,sensor delay 0.2 s,vector_field,2011,0,0.027541808040639063,True,0.10625655365256903
fixed_wing,typical,sensor delay 0.2 s,vector_field,2011,1,0.15806936997115492,True,0.36651202024462254
fixed_wing,typical,sensor delay 0.2 s,lead_vf,2000,0,0.031921029854228004,True,0.0
fixed_wing,typical,sensor delay 0.2 s,lead_vf,2000,1,0.029256951121342814,True,0.0
fixed_wing,typical,sensor delay 0.2 s,lead_vf,2001,0,0.027573019589374068,True,0.005248425472358292
fixed_wing,typical,sensor delay 0.2 s,lead_vf,2001,1,0.028087424638392103,True,0.0
fixed_wing,typical,sensor delay 0.2 s,lead_vf,2002,0,0.04502850702366436,True,0.03359858532272325
fixed_wing,typical,sensor delay 0.2 s,lead_vf,2002,1,0.030309370395964146,True,0.0
fixed_wing,typical,sensor delay 0.2 s,lead_vf,2003,0,0.03820912611434324,True,0.010971149939049168
fixed_wing,typical,sensor delay 0.2 s,lead_vf,2003,1,0.03355762331567605,True,0.0
fixed_wing,typical,sensor delay 0.2 s,lead_vf,2004,0,0.03730239579971745,True,0.02393952120957581
fixed_wing,typical,sensor delay 0.2 s,lead_vf,2004,1,0.025093639710241686,True,0.0
fixed_wing,typical,sensor delay 0.2 s,lead_vf,2005,0,0.03763932704429368,True,0.0021862702229995625
fixed_wing,typical,sensor delay 0.2 s,lead_vf,2005,1,0.0235720136814416,True,0.0024982155603140615
fixed_wing,typical,sensor delay 0.2 s,lead_vf,2006,0,0.03275087056753762,True,0.019772976931526912
fixed_wing,typical,sensor delay 0.2 s,lead_vf,2006,1,0.028938717126432242,True,0.0
fixed_wing,typical,sensor delay 0.2 s,lead_vf,2007,0,0.030854578680063752,True,0.002851033499643621
fixed_wing,typical,sensor delay 0.2 s,lead_vf,2007,1,0.035677321422990044,True,0.0025044722719141325
fixed_wing,typical,sensor delay 0.2 s,lead_vf,2008,0,0.050942266401746115,True,0.06091370558375635
fixed_wing,typical,sensor delay 0.2 s,lead_vf,2008,1,0.03902398771759115,True,0.045180722891566265
fixed_wing,typical,sensor delay 0.2 s,lead_vf,2009,0,0.042492899691589245,True,0.013049962714392245
fixed_wing,typical,sensor delay 0.2 s,lead_vf,2009,1,0.035173759987588024,True,0.000721240533717995
fixed_wing,typical,sensor delay 0.2 s,lead_vf,2010,0,0.036839293728330724,True,0.0031821797931583136
fixed_wing,typical,sensor delay 0.2 s,lead_vf,2010,1,0.029481894228450857,True,0.0027844073190135244
fixed_wing,typical,sensor delay 0.2 s,lead_vf,2011,0,0.02978301085786233,True,0.0
fixed_wing,typical,sensor delay 0.2 s,lead_vf,2011,1,0.037253596327151375,True,0.028374892519346516
fixed_wing,typical,response lag x2,pure_pursuit,2000,0,0.0357597220674964,True,0.002652519893899204
fixed_wing,typical,response lag x2,pure_pursuit,2000,1,0.02893697825260979,True,0.0011290929619872036
fixed_wing,typical,response lag x2,pure_pursuit,2001,0,0.03135011646116863,True,0.004195804195804196
fixed_wing,typical,response lag x2,pure_pursuit,2001,1,0.03533015250508621,True,0.0007089684509039348
fixed_wing,typical,response lag x2,pure_pursuit,2002,0,0.049402667916890325,True,0.048500881834215165
fixed_wing,typical,response lag x2,pure_pursuit,2002,1,0.038453873321315946,True,0.000777302759424796
fixed_wing,typical,response lag x2,pure_pursuit,2003,0,0.04121722735414976,True,0.008103727714748784
fixed_wing,typical,response lag x2,pure_pursuit,2003,1,0.030082083671307623,True,0.0035033086804203972
fixed_wing,typical,response lag x2,pure_pursuit,2004,0,0.052480553099012846,True,0.02517834662190516
fixed_wing,typical,response lag x2,pure_pursuit,2004,1,0.033938981663859114,True,0.002389894161829976
fixed_wing,typical,response lag x2,pure_pursuit,2005,0,0.049919567943320614,True,0.014410480349344978
fixed_wing,typical,response lag x2,pure_pursuit,2005,1,0.033834996911439624,True,0.0010702818408847663
fixed_wing,typical,response lag x2,pure_pursuit,2006,0,0.05375125143085371,True,0.02557544757033248
fixed_wing,typical,response lag x2,pure_pursuit,2006,1,0.03318785288879537,True,0.0017895490336435219
fixed_wing,typical,response lag x2,pure_pursuit,2007,0,0.03684139273205078,True,0.002847988608045568
fixed_wing,typical,response lag x2,pure_pursuit,2007,1,0.0344804190282063,True,0.0017863522686673813
fixed_wing,typical,response lag x2,pure_pursuit,2008,0,0.07544567074699521,True,0.0887300252312868
fixed_wing,typical,response lag x2,pure_pursuit,2008,1,0.049525521105570236,True,0.07408993576017131
fixed_wing,typical,response lag x2,pure_pursuit,2009,0,0.055736069795601945,True,0.01638733705772812
fixed_wing,typical,response lag x2,pure_pursuit,2009,1,0.04314980898010584,True,0.012968299711815562
fixed_wing,typical,response lag x2,pure_pursuit,2010,0,0.054013761417255,True,0.004761904761904762
fixed_wing,typical,response lag x2,pure_pursuit,2010,1,0.038227952483368646,True,0.0003971405877680699
fixed_wing,typical,response lag x2,pure_pursuit,2011,0,0.027835071609189563,True,0.0007017543859649122
fixed_wing,typical,response lag x2,pure_pursuit,2011,1,0.06448607646063109,True,0.037307032590051456
fixed_wing,typical,response lag x2,l1,2000,0,0.03567500659268209,True,0.002652519893899204
fixed_wing,typical,response lag x2,l1,2000,1,0.028966152386647175,True,0.0011290929619872036
fixed_wing,typical,response lag x2,l1,2001,0,0.031189189550207237,True,0.004195804195804196
fixed_wing,typical,response lag x2,l1,2001,1,0.03527572436963351,True,0.0007089684509039348
fixed_wing,typical,response lag x2,l1,2002,0,0.04941173740298571,True,0.047619047619047616
fixed_wing,typical,response lag x2,l1,2002,1,0.03822560884594714,True,0.000777302759424796
fixed_wing,typical,response lag x2,l1,2003,0,0.04105240414830313,True,0.008508914100486223
fixed_wing,typical,response lag x2,l1,2003,1,0.03011929992928375,True,0.0035033086804203972
fixed_wing,typical,response lag x2,l1,2004,0,0.051895458563898475,True,0.024758707511540076
fixed_wing,typical,response lag x2,l1,2004,1,0.03376341759108266,True,0.002389894161829976
fixed_wing,typical,response lag x2,l1,2005,0,0.04958725437818777,True,0.013973799126637555
fixed_wing,typical,response lag x2,l1,2005,1,0.03363857681057545,True,0.0010702818408847663
fixed_wing,typical,response lag x2,l1,2006,0,0.053142533780118864,True,0.025940811107051515
fixed_wing,typical,response lag x2,l1,2006,1,0.03299465772197743,True,0.0017895490336435219
fixed_wing,typical,response lag x2,l1,2007,0,0.03673882694421071,True,0.003203987184051264
fixed_wing,typical,response lag x2,l1,2007,1,0.03432884268763897,True,0.0067857142857142855
fixed_wing,typical,response lag x2,l1,2008,0,0.0745022809692319,True,0.09083263246425567
fixed_wing,typical,response lag x2,l1,2008,1,0.04916349275776194,True,0.06940874035989718
fixed_wing,typical,response lag x2,l1,2009,0,0.05469652183256543,True,0.01638733705772812
fixed_wing,typical,response lag x2,l1,2009,1,0.0427664038779251,True,0.011887608069164265
fixed_wing,typical,response lag x2,l1,2010,0,0.053633763797408474,True,0.005555555555555556
fixed_wing,typical,response lag x2,l1,2010,1,0.0381921632682974,True,0.0003971405877680699
fixed_wing,typical,response lag x2,l1,2011,0,0.027778941219115137,True,0.0007017543859649122
fixed_wing,typical,response lag x2,l1,2011,1,0.0638155102934334,True,0.036020583190394515
fixed_wing,typical,response lag x2,vector_field,2000,0,0.028526020985065133,True,0.059046177138531414
fixed_wing,typical,response lag x2,vector_field,2000,1,0.03360594010041086,True,0.07478391582111987
fixed_wing,typical,response lag x2,vector_field,2001,0,0.03416460123256623,True,0.10572226099092813
fixed_wing,typical,response lag x2,vector_field,2001,1,0.03206830142444788,True,0.07044247787610619
fixed_wing,typical,response lag x2,vector_field,2002,0,0.19931671150016747,True,0.40136927685066326
fixed_wing,typical,response lag x2,vector_field,2002,1,0.05709414822952674,True,0.15247678018575853
fixed_wing,typical,response lag x2,vector_field,2003,0,0.05344632835702746,True,0.2
fixed_wing,typical,response lag x2,vector_field,2003,1,0.03937559656738525,True,0.0959968907889623
fixed_wing,typical,response lag x2,vector_field,2004,0,0.09778304002473656,True,0.25925925925925924
fixed_wing,typical,response lag x2,vector_field,2004,1,0.03920271598600157,True,0.09270620313565099
fixed_wing,typical,response lag x2,vector_field,2005,0,0.06213357152806721,True,0.17247386759581881
fixed_wing,typical,response lag x2,vector_field,2005,1,0.0321085275969154,True,0.09362762548949805
fixed_wing,typical,response lag x2,vector_field,2006,0,0.17155547836440088,True,0.19004688063469166
fixed_wing,typical,response lag x2,vector_field,2006,1,0.03587528169387974,True,0.1238401142041399
fixed_wing,typical,response lag x2,vector_field,2007,0,0.04186849250756662,True,0.11399147727272728
fixed_wing,typical,response lag x2,vector_field,2007,1,0.05946300402866907,True,0.15242165242165243
fixed_wing,typical,response lag x2,vector_field,2008,0,0.21443481101285627,True,0.3536184210526316
fixed_wing,typical,response lag x2,vector_field,2008,1,0.2091480350063436,True,0.43047460449625313
fixed_wing,typical,response lag x2,vector_field,2009,0,0.20319129770404382,True,0.148379970544919
fixed_wing,typical,response lag x2,vector_field,2009,1,0.07454495506126227,True,0.15979935506986742
fixed_wing,typical,response lag x2,vector_field,2010,0,0.10114463248885003,True,0.12386587771203156
fixed_wing,typical,response lag x2,vector_field,2010,1,0.12369191558521708,True,0.22965001966181675
fixed_wing,typical,response lag x2,vector_field,2011,0,0.02317272459454821,True,0.0848229933403435
fixed_wing,typical,response lag x2,vector_field,2011,1,0.11044818990994937,True,0.36953754773016545
fixed_wing,typical,response lag x2,lead_vf,2000,0,0.02503725711960266,True,0.0
fixed_wing,typical,response lag x2,lead_vf,2000,1,0.02353148182929392,True,0.0
fixed_wing,typical,response lag x2,lead_vf,2001,0,0.024731228790922113,True,0.0056022408963585435
fixed_wing,typical,response lag x2,lead_vf,2001,1,0.02663709254886684,True,0.0
fixed_wing,typical,response lag x2,lead_vf,2002,0,0.05152163450905202,True,0.04904993371630579
fixed_wing,typical,response lag x2,lead_vf,2002,1,0.029529006764502277,True,0.0
fixed_wing,typical,response lag x2,lead_vf,2003,0,0.03577186403097479,True,0.017066233238520925
fixed_wing,typical,response lag x2,lead_vf,2003,1,0.02626722819905096,True,0.0
fixed_wing,typical,response lag x2,lead_vf,2004,0,0.04436200317344804,True,0.029831932773109245
fixed_wing,typical,response lag x2,lead_vf,2004,1,0.02440284067711431,True,0.0
fixed_wing,typical,response lag x2,lead_vf,2005,0,0.03302180174818253,True,0.007439824945295405
fixed_wing,typical,response lag x2,lead_vf,2005,1,0.026071252179052807,True,0.002142857142857143
fixed_wing,typical,response lag x2,lead_vf,2006,0,0.041143156086113734,True,0.028194800439399488
fixed_wing,typical,response lag x2,lead_vf,2006,1,0.028750664874978966,True,0.0
fixed_wing,typical,response lag x2,lead_vf,2007,0,0.03208489057224563,True,0.0074866310160427805
fixed_wing,typical,response lag x2,lead_vf,2007,1,0.02716521671265764,True,0.0053705692803437165
fixed_wing,typical,response lag x2,lead_vf,2008,0,0.07027358958239714,True,0.08569016462642465
fixed_wing,typical,response lag x2,lead_vf,2008,1,0.04629942066757951,True,0.08336914482165879
fixed_wing,typical,response lag x2,lead_vf,2009,0,0.052645411153613056,True,0.014168530947054437
fixed_wing,typical,response lag x2,lead_vf,2009,1,0.03825584652025208,True,0.018765788523998555
fixed_wing,typical,response lag x2,lead_vf,2010,0,0.03752259599107523,True,0.011142061281337047
fixed_wing,typical,response lag x2,lead_vf,2010,1,0.02888488608208284,True,0.005971337579617835
fixed_wing,typical,response lag x2,lead_vf,2011,0,0.02880535619478091,True,0.0
fixed_wing,typical,response lag x2,lead_vf,2011,1,0.044165261598931554,True,0.03826311263972485
fixed_wing,typical,airspeed x0.85,pure_pursuit,2000,0,0.022665565449920162,True,0.0006325110689437065
fixed_wing,typical,airspeed x0.85,pure_pursuit,2000,1,0.019774031084775948,True,0.0006234413965087282
fixed_wing,typical,airspeed x0.85,pure_pursuit,2001,0,0.01742476057172574,True,0.00028901734104046245
fixed_wing,typical,airspeed x0.85,pure_pursuit,2001,1,0.022014197819938013,True,0.0011799410029498525
fixed_wing,typical,airspeed x0.85,pure_pursuit,2002,0,0.026855985431096886,True,0.0007627765064836003
fixed_wing,typical,airspeed x0.85,pure_pursuit,2002,1,0.019288687711162093,True,0.0016186468112657818
fixed_wing,typical,airspeed x0.85,pure_pursuit,2003,0,0.02705035347775144,True,0.0013774104683195593
fixed_wing,typical,airspeed x0.85,pure_pursuit,2003,1,0.02450153115771657,True,0.0009891196834817012
fixed_wing,typical,airspeed x0.85,pure_pursuit,2004,0,0.02330900753122167,True,0.0007291286912139992
fixed_wing,typical,airspeed x0.85,pure_pursuit,2004,1,0.024639611822611783,True,0.000281928390188892
fixed_wing,typical,airspeed x0.85,pure_pursuit,2005,0,0.025216645402776097,True,0.0007507507507507507
fixed_wing,typical,airspeed x0.85,pure_pursuit,2005,1,0.017655357493195092,True,0.0014819205690574985
fixed_wing,typical,airspeed x0.85,pure_pursuit,2006,0,0.030749318419004613,True,0.00030376670716889426
fixed_wing,typical,airspeed x0.85,pure_pursuit,2006,1,0.019204618017204612,True,0.0008931229532598987
fixed_wing,typical,airspeed x0.85,pure_pursuit,2007,0,0.017632127780584653,True,0.0011771630370806356
fixed_wing,typical,airspeed x0.85,pure_pursuit,2007,1,0.021224241100014613,True,0.0006007810153199159
fixed_wing,typical,airspeed x0.85,pure_pursuit,2008,0,0.02505688886180767,True,0.0011001100110011
fixed_wing,typical,airspeed x0.85,pure_pursuit,2008,1,0.024848596615314238,True,0.0014831294030404152
fixed_wing,typical,airspeed x0.85,pure_pursuit,2009,0,0.021593276405109926,True,0.0019065776930409914
fixed_wing,typical,airspeed x0.85,pure_pursuit,2009,1,0.021886718692179858,True,0.0012106537530266344
fixed_wing,typical,airspeed x0.85,pure_pursuit,2010,0,0.023400219618240535,True,0.0013468013468013469
fixed_wing,typical,airspeed x0.85,pure_pursuit,2010,1,0.021933812030819053,True,0.0006781959986436081
fixed_wing,typical,airspeed x0.85,pure_pursuit,2011,0,0.02494741003582788,True,0.001474056603773585
fixed_wing,typical,airspeed x0.85,pure_pursuit,2011,1,0.024501416747224683,True,0.0011198208286674132
fixed_wing,typical,airspeed x0.85,l1,2000,0,0.022645753707883243,True,0.0006325110689437065
fixed_wing,typical,airspeed x0.85,l1,2000,1,0.01979588801785349,True,0.0006234413965087282
fixed_wing,typical,airspeed x0.85,l1,2001,0,0.017358141324040656,True,0.00028901734104046245
fixed_wing,typical,airspeed x0.85,l1,2001,1,0.022037979407688556,True,0.0011799410029498525
fixed_wing,typical,airspeed x0.85,l1,2002,0,0.026943306016545987,True,0.0007627765064836003
fixed_wing,typical,airspeed x0.85,l1,2002,1,0.019459880236542413,True,0.0016186468112657818
fixed_wing,typical,airspeed x0.85,l1,2003,0,0.027075963907394997,True,0.0013774104683195593
fixed_wing,typical,airspeed x0.85,l1,2003,1,0.024623877658216626,True,0.0009891196834817012
fixed_wing,typical,airspeed x0.85,l1,2004,0,0.023365476121820133,True,0.0007291286912139992
fixed_wing,typical,airspeed x0.85,l1,2004,1,0.02461262564704375,True,0.000281928390188892
fixed_wing,typical,airspeed x0.85,l1,2005,0,0.02527911016965307,True,0.00037537537537537537
fixed_wing,typical,airspeed x0.85,l1,2005,1,0.017667604431815306,True,0.0014819205690574985
fixed_wing,typical,airspeed x0.85,l1,2006,0,0.03077615634936954,True,0.00030376670716889426
fixed_wing,typical,airspeed x0.85,l1,2006,1,0.01924657904893358,True,0.0008931229532598987
fixed_wing,typical,airspeed x0.85,l1,2007,0,0.017623174711933778,True,0.0011771630370806356
fixed_wing,typical,airspeed x0.85,l1,2007,1,0.02126403138099201,True,0.0024024024024024023
fixed_wing,typical,airspeed x0.85,l1,2008,0,0.02512534219452625,True,0.0011001100110011
fixed_wing,typical,airspeed x0.85,l1,2008,1,0.02488110935285124,True,0.0014831294030404152
fixed_wing,typical,airspeed x0.85,l1,2009,0,0.02161070568161111,True,0.0019065776930409914
fixed_wing,typical,airspeed x0.85,l1,2009,1,0.021851902101003906,True,0.0012106537530266344
fixed_wing,typical,airspeed x0.85,l1,2010,0,0.023444194642499472,True,0.0013468013468013469
fixed_wing,typical,airspeed x0.85,l1,2010,1,0.02203095367108724,True,0.0006781959986436081
fixed_wing,typical,airspeed x0.85,l1,2011,0,0.025039193887148717,True,0.001474056603773585
fixed_wing,typical,airspeed x0.85,l1,2011,1,0.024553436620968618,True,0.0011198208286674132
fixed_wing,typical,airspeed x0.85,vector_field,2000,0,0.010927577554940528,True,0.0031625553447185324
fixed_wing,typical,airspeed x0.85,vector_field,2000,1,0.009860955708883037,True,0.0028046120286693674
fixed_wing,typical,airspeed x0.85,vector_field,2001,0,0.009150770099586817,True,0.007510109763142692
fixed_wing,typical,airspeed x0.85,vector_field,2001,1,0.008453933824083968,True,0.0017683465959328027
fixed_wing,typical,airspeed x0.85,vector_field,2002,0,0.015898462429943874,True,0.01865245527217358
fixed_wing,typical,airspeed x0.85,vector_field,2002,1,0.010244873110083149,True,0.009055627425614488
fixed_wing,typical,airspeed x0.85,vector_field,2003,0,0.010634656139915457,True,0.012392426850258176
fixed_wing,typical,airspeed x0.85,vector_field,2003,1,0.009966029171797997,True,0.001975633849193283
fixed_wing,typical,airspeed x0.85,vector_field,2004,0,0.01103328588005531,True,0.02584637786676374
fixed_wing,typical,airspeed x0.85,vector_field,2004,1,0.008819297848171892,True,0.005636978579481398
fixed_wing,typical,airspeed x0.85,vector_field,2005,0,0.012304919533284515,True,0.02663165791447862
fixed_wing,typical,airspeed x0.85,vector_field,2005,1,0.009561938931338101,True,0.006518518518518518
fixed_wing,typical,airspeed x0.85,vector_field,2006,0,0.01692436310808277,True,0.01032493167324628
fixed_wing,typical,airspeed x0.85,vector_field,2006,1,0.009535477381436973,True,0.0017851829812555787
fixed_wing,typical,airspeed x0.85,vector_field,2007,0,0.009586560928869468,True,0.0
fixed_wing,typical,airspeed x0.85,vector_field,2007,1,0.01026138993877268,True,0.008105673971780246
fixed_wing,typical,airspeed x0.85,vector_field,2008,0,0.02055110174203379,True,0.04427369191364801
fixed_wing,typical,airspeed x0.85,vector_field,2008,1,0.015505160574400337,True,0.04145077720207254
fixed_wing,typical,airspeed x0.85,vector_field,2009,0,0.013791583901547173,True,0.01302000635122261
fixed_wing,typical,airspeed x0.85,vector_field,2009,1,0.010680188641118894,True,0.005748865355521936
fixed_wing,typical,airspeed x0.85,vector_field,2010,0,0.010724005510995034,True,0.00202020202020202
fixed_wing,typical,airspeed x0.85,vector_field,2010,1,0.011118976036675486,True,0.020311442112389978
fixed_wing,typical,airspeed x0.85,vector_field,2011,0,0.008956302378391547,True,0.0058927519151443725
fixed_wing,typical,airspeed x0.85,vector_field,2011,1,0.013936721322014296,True,0.021252796420581657
fixed_wing,typical,airspeed x0.85,lead_vf,2000,0,0.022550049676645836,True,0.0
fixed_wing,typical,airspeed x0.85,lead_vf,2000,1,0.020677752940458337,True,0.0
fixed_wing,typical,airspeed x0.85,lead_vf,2001,0,0.01958078369763898,True,0.0020242914979757085
fixed_wing,typical,airspeed x0.85,lead_vf,2001,1,0.021909039053388955,True,0.0
fixed_wing,typical,airspeed x0.85,lead_vf,2002,0,0.029642517516833992,True,0.0
fixed_wing,typical,airspeed x0.85,lead_vf,2002,1,0.02450593299123641,True,0.0
fixed_wing,typical,airspeed x0.85,lead_vf,2003,0,0.028783511680388348,True,0.002758620689655172
fixed_wing,typical,airspeed x0.85,lead_vf,2003,1,0.028723200660174593,True,0.0
fixed_wing,typical,airspeed x0.85,lead_vf,2004,0,0.025912519388268218,True,0.0
fixed_wing,typical,airspeed x0.85,lead_vf,2004,1,0.021355530014517003,True,0.0
fixed_wing,typical,airspeed x0.85,lead_vf,2005,0,0.02972459344663933,True,0.0
fixed_wing,typical,airspeed x0.85,lead_vf,2005,1,0.017016878497965408,True,0.0
fixed_wing,typical,airspeed x0.85,lead_vf,2006,0,0.032744307023342564,True,0.0
fixed_wing,typical,airspeed x0.85,lead_vf,2006,1,0.022890865623344005,True,0.0
fixed_wing,typical,airspeed x0.85,lead_vf,2007,0,0.019892377068047796,True,0.0
fixed_wing,typical,airspeed x0.85,lead_vf,2007,1,0.022837981528900875,True,0.0
fixed_wing,typical,airspeed x0.85,lead_vf,2008,0,0.029867602234321847,True,0.0
fixed_wing,typical,airspeed x0.85,lead_vf,2008,1,0.028912326900185588,True,0.0
fixed_wing,typical,airspeed x0.85,lead_vf,2009,0,0.023442590823332415,True,0.0
fixed_wing,typical,airspeed x0.85,lead_vf,2009,1,0.024475945017786636,True,0.0
fixed_wing,typical,airspeed x0.85,lead_vf,2010,0,0.023677320653207958,True,0.0
fixed_wing,typical,airspeed x0.85,lead_vf,2010,1,0.026960465831514097,True,0.0
fixed_wing,typical,airspeed x0.85,lead_vf,2011,0,0.02485097301179705,True,0.0
fixed_wing,typical,airspeed x0.85,lead_vf,2011,1,0.028781649777014744,True,0.0
fixed_wing,typical,combined,pure_pursuit,2000,0,0.032548496601925436,True,0.004166666666666667
fixed_wing,typical,combined,pure_pursuit,2000,1,0.02684768510186558,True,0.004890895410082769
fixed_wing,typical,combined,pure_pursuit,2001,0,0.029725743226718553,True,0.007689619014330654
fixed_wing,typical,combined,pure_pursuit,2001,1,0.034800583457777326,True,0.0024831500532103584
fixed_wing,typical,combined,pure_pursuit,2002,0,0.043736443753324895,True,0.045414462081128745
fixed_wing,typical,combined,pure_pursuit,2002,1,0.03378466609448253,True,0.010104935872522347
fixed_wing,typical,combined,pure_pursuit,2003,0,0.037337819651876936,True,0.0170316301703163
fixed_wing,typical,combined,pure_pursuit,2003,1,0.030209092834229012,True,0.0070066173608407945
fixed_wing,typical,combined,pure_pursuit,2004,0,0.04687532930097699,True,0.02726510067114094
fixed_wing,typical,combined,pure_pursuit,2004,1,0.030839127468414662,True,0.004439890710382513
fixed_wing,typical,combined,pure_pursuit,2005,0,0.04005915643155812,True,0.014410480349344978
fixed_wing,typical,combined,pure_pursuit,2005,1,0.02960102591385215,True,0.0046395431834403995
fixed_wing,typical,combined,pure_pursuit,2006,0,0.04933682720197642,True,0.02412280701754386
fixed_wing,typical,combined,pure_pursuit,2006,1,0.030576859207254517,True,0.004651162790697674
fixed_wing,typical,combined,pure_pursuit,2007,0,0.031752847882476905,True,0.006051975792096832
fixed_wing,typical,combined,pure_pursuit,2007,1,0.0344563478577261,True,0.007865570253843403
fixed_wing,typical,combined,pure_pursuit,2008,0,0.05812866790921142,True,0.07919123841617523
fixed_wing,typical,combined,pure_pursuit,2008,1,0.04169836644336104,True,0.07240788346186804
fixed_wing,typical,combined,pure_pursuit,2009,0,0.04824673992625958,True,0.017877094972067038
fixed_wing,typical,combined,pure_pursuit,2009,1,0.037738692736616064,True,0.013333333333333334
fixed_wing,typical,combined,pure_pursuit,2010,0,0.04287878872117555,True,0.008737092930897538
fixed_wing,typical,combined,pure_pursuit,2010,1,0.032755016279122307,True,0.00874056416368693
fixed_wing,typical,combined,pure_pursuit,2011,0,0.028796569747254624,True,0.002807017543859649
fixed_wing,typical,combined,pure_pursuit,2011,1,0.04893519037370538,True,0.03648068669527897
fixed_wing,typical,combined,l1,2000,0,0.032094732243465346,True,0.004545454545454545
fixed_wing,typical,combined,l1,2000,1,0.026862203271680818,True,0.005267118133935289
fixed_wing,typical,combined,l1,2001,0,0.02932561122915734,True,0.008388675288360714
fixed_wing,typical,combined,l1,2001,1,0.03411524236563522,True,0.0024831500532103584
fixed_wing,typical,combined,l1,2002,0,0.04325825991305475,True,0.045414462081128745
fixed_wing,typical,combined,l1,2002,1,0.033502386322343605,True,0.010104935872522347
fixed_wing,typical,combined,l1,2003,0,0.03656186619870963,True,0.017842660178426603
fixed_wing,typical,combined,l1,2003,1,0.029951422095749747,True,0.006228104320747372
fixed_wing,typical,combined,l1,2004,0,0.04632745494739238,True,0.02726510067114094
fixed_wing,typical,combined,l1,2004,1,0.03028311326388719,True,0.005460750853242321
fixed_wing,typical,combined,l1,2005,0,0.03960868190796978,True,0.014840680925360105
fixed_wing,typical,combined,l1,2005,1,0.02901715207709549,True,0.0046395431834403995
fixed_wing,typical,combined,l1,2006,0,0.04852899376198203,True,0.023757309941520467
fixed_wing,typical,combined,l1,2006,1,0.030160567206929865,True,0.004651162790697674
fixed_wing,typical,combined,l1,2007,0,0.03151033002139157,True,0.006051975792096832
fixed_wing,typical,combined,l1,2007,1,0.034041240200469905,True,0.012504465880671669
fixed_wing,typical,combined,l1,2008,0,0.057129784320499366,True,0.08003369839932603
fixed_wing,typical,combined,l1,2008,1,0.0409698900937768,True,0.07112253641816624
fixed_wing,typical,combined,l1,2009,0,0.04739296192601768,True,0.017877094972067038
fixed_wing,typical,combined,l1,2009,1,0.03733249060771855,True,0.013333333333333334
fixed_wing,typical,combined,l1,2010,0,0.04245536082338482,True,0.009531374106433678
fixed_wing,typical,combined,l1,2010,1,0.032600468321813444,True,0.00874056416368693
fixed_wing,typical,combined,l1,2011,0,0.02836551054343255,True,0.002807017543859649
fixed_wing,typical,combined,l1,2011,1,0.04841312537240712,True,0.036051502145922745
fixed_wing,typical,combined,vector_field,2000,0,0.04348008298650251,True,0.1830879577198943
fixed_wing,typical,combined,vector_field,2000,1,0.027787601070571138,True,0.14618564449455093
fixed_wing,typical,combined,vector_field,2001,0,0.033362407697467907,True,0.1921199442119944
fixed_wing,typical,combined,vector_field,2001,1,0.044493610856164566,True,0.19590540063536888
fixed_wing,typical,combined,vector_field,2002,0,0.14048487337246512,True,0.3993968117190866
fixed_wing,typical,combined,vector_field,2002,1,0.04324466625386426,True,0.2311265969802555
fixed_wing,typical,combined,vector_field,2003,0,0.0440847550025418,True,0.2503027856277755
fixed_wing,typical,combined,vector_field,2003,1,0.037302404007343845,True,0.22769588828549264
fixed_wing,typical,combined,vector_field,2004,0,0.12083583722089672,True,0.38298755186721994
fixed_wing,typical,combined,vector_field,2004,1,0.06417854599089348,True,0.181787291879035
fixed_wing,typical,combined,vector_field,2005,0,0.07800405191215229,True,0.29869565217391303
fixed_wing,typical,combined,vector_field,2005,1,0.048830679048506374,True,0.1622293219737309
fixed_wing,typical,combined,vector_field,2006,0,0.1260229712568169,True,0.213768115942029
fixed_wing,typical,combined,vector_field,2006,1,0.045957927855450366,True,0.22570309718761125
fixed_wing,typical,combined,vector_field,2007,0,0.04024539806719922,True,0.1958141184817311
fixed_wing,typical,combined,vector_field,2007,1,0.04109513268084676,True,0.2395870416518334
fixed_wing,typical,combined,vector_field,2008,0,0.16461765161749714,True,0.4161157024793388
fixed_wing,typical,combined,vector_field,2008,1,0.1346161604607653,True,0.46527196652719666
fixed_wing,typical,combined,vector_field,2009,0,0.1506542026645155,True,0.2733308742161564
fixed_wing,typical,combined,vector_field,2009,1,0.09190386588913099,True,0.2553648068669528
fixed_wing,typical,combined,vector_field,2010,0,0.05681641677235329,True,0.26353220071118133
fixed_wing,typical,combined,vector_field,2010,1,0.13854653610814685,True,0.29559748427672955
fixed_wing,typical,combined,vector_field,2011,0,0.04142356657197563,True,0.22816212438853947
fixed_wing,typical,combined,vector_field,2011,1,0.11461706257516238,True,0.4279050042408821
fixed_wing,typical,combined,lead_vf,2000,0,0.03004431839875274,True,0.006065200909780136
fixed_wing,typical,combined,lead_vf,2000,1,0.02333873805266999,True,0.0022615906520919715
fixed_wing,typical,combined,lead_vf,2001,0,0.026505648996040767,True,0.006654991243432574
fixed_wing,typical,combined,lead_vf,2001,1,0.031731024025227664,True,0.00035523978685612787
fixed_wing,typical,combined,lead_vf,2002,0,0.046048103985638106,True,0.0618921308576481
fixed_wing,typical,combined,lead_vf,2002,1,0.03371558687505119,True,0.010132501948558068
fixed_wing,typical,combined,lead_vf,2003,0,0.03623597448669433,True,0.03699186991869919
fixed_wing,typical,combined,lead_vf,2003,1,0.028142264152058304,True,0.012485368708544674
fixed_wing,typical,combined,lead_vf,2004,0,0.043152154374445174,True,0.031525851197982346
fixed_wing,typical,combined,lead_vf,2004,1,0.02465777290683826,True,0.003418803418803419
fixed_wing,typical,combined,lead_vf,2005,0,0.030837876718004545,True,0.01926444833625219
fixed_wing,typical,combined,lead_vf,2005,1,0.025934881897755842,True,0.003929974991068239
fixed_wing,typical,combined,lead_vf,2006,0,0.04218713760597351,True,0.02929329915781765
fixed_wing,typical,combined,lead_vf,2006,1,0.03099331103857829,True,0.005736823234134099
fixed_wing,typical,combined,lead_vf,2007,0,0.030130727865214632,True,0.0060584461867426945
fixed_wing,typical,combined,lead_vf,2007,1,0.03166000232624921,True,0.012531328320802004
fixed_wing,typical,combined,lead_vf,2008,0,0.06442908830228355,True,0.08576256865230249
fixed_wing,typical,combined,lead_vf,2008,1,0.04639837135666433,True,0.08844997853155862
fixed_wing,typical,combined,lead_vf,2009,0,0.05039275972062229,True,0.016778523489932886
fixed_wing,typical,combined,lead_vf,2009,1,0.03917060191860966,True,0.01912666907253699
fixed_wing,typical,combined,lead_vf,2010,0,0.03440846731923132,True,0.008353221957040573
fixed_wing,typical,combined,lead_vf,2010,1,0.030944971386050978,True,0.018710191082802547
fixed_wing,typical,combined,lead_vf,2011,0,0.02897662021944901,True,0.001755001755001755
fixed_wing,typical,combined,lead_vf,2011,1,0.041447041719075324,True,0.03870967741935484
fixed_wing,at limit,none,pure_pursuit,2000,0,0.030694104978399014,True,0.008368200836820083
fixed_wing,at limit,none,pure_pursuit,2000,1,0.026731476255075166,True,0.0011337868480725624
fixed_wing,at limit,none,pure_pursuit,2001,0,0.025751262152405717,True,0.0028109627547434997
fixed_wing,at limit,none,pure_pursuit,2001,1,0.03153011194000084,True,0.0
fixed_wing,at limit,none,pure_pursuit,2002,0,0.1113001138030144,True,0.07829181494661921
fixed_wing,at limit,none,pure_pursuit,2002,1,0.039312932672936174,True,0.019230769230769232
fixed_wing,at limit,none,pure_pursuit,2003,0,0.05994597536276749,True,0.022550225502255022
fixed_wing,at limit,none,pure_pursuit,2003,1,0.04019878974334296,True,0.016882606988614057
fixed_wing,at limit,none,pure_pursuit,2004,0,0.08547237499974022,True,0.031171019376579612
fixed_wing,at limit,none,pure_pursuit,2004,1,0.026157402008683495,True,0.0006854009595613434
fixed_wing,at limit,none,pure_pursuit,2005,0,0.03991372219164292,True,0.007026789635485288
fixed_wing,at limit,none,pure_pursuit,2005,1,0.02842268093127092,True,0.0007163323782234957
fixed_wing,at limit,none,pure_pursuit,2006,0,0.07661743959617356,True,0.04162062615101289
fixed_wing,at limit,none,pure_pursuit,2006,1,0.034580354888938264,True,0.00577408877661494
fixed_wing,at limit,none,pure_pursuit,2007,0,0.0352816609862305,True,0.0025053686471009306
fixed_wing,at limit,none,pure_pursuit,2007,1,0.03603210297770532,True,0.007899461400359067
fixed_wing,at limit,none,pure_pursuit,2008,0,0.15750692642031125,True,0.12006788290199406
fixed_wing,at limit,none,pure_pursuit,2008,1,0.1359847463289553,True,0.11889321227842628
fixed_wing,at limit,none,pure_pursuit,2009,0,0.05651123529463427,True,0.01647323099962561
fixed_wing,at limit,none,pure_pursuit,2009,1,0.06125569441449805,True,0.019188993482983346
fixed_wing,at limit,none,pure_pursuit,2010,0,0.04058046374182549,True,0.022772672792648822
fixed_wing,at limit,none,pure_pursuit,2010,1,0.04479779588190677,True,0.0128
fixed_wing,at limit,none,pure_pursuit,2011,0,0.035244334467274735,True,0.0007044734061289186
fixed_wing,at limit,none,pure_pursuit,2011,1,0.09778523313001322,True,0.03577586206896552
fixed_wing,at limit,none,l1,2000,0,0.031287360177848264,True,0.0045662100456621
fixed_wing,at limit,none,l1,2000,1,0.026952279741355258,True,0.0011337868480725624
fixed_wing,at limit,none,l1,2001,0,0.025940201624182424,True,0.0035137034434293743
fixed_wing,at limit,none,l1,2001,1,0.03166453871069509,True,0.0003563791874554526
fixed_wing,at limit,none,l1,2002,0,0.10825658069559929,True,0.07387627948375612
fixed_wing,at limit,none,l1,2002,1,0.03912010063332748,True,0.015312131919905771
fixed_wing,at limit,none,l1,2003,0,0.05804605322386497,True,0.022559474979491387
fixed_wing,at limit,none,l1,2003,1,0.03967559151676492,True,0.015710919088766692
fixed_wing,at limit,none,l1,2004,0,0.08056567942589432,True,0.03076274757690687
fixed_wing,at limit,none,l1,2004,1,0.026246302321955215,True,0.0006854009595613434
fixed_wing,at limit,none,l1,2005,0,0.03971550191034125,True,0.006148440931049627
fixed_wing,at limit,none,l1,2005,1,0.028938969511148924,True,0.0007163323782234957
fixed_wing,at limit,none,l1,2006,0,0.07305033873101009,True,0.04163596168017686
fixed_wing,at limit,none,l1,2006,1,0.034856125840629575,True,0.004693140794223827
fixed_wing,at limit,none,l1,2007,0,0.035240181089022625,True,0.0007158196134574087
fixed_wing,at limit,none,l1,2007,1,0.03511240665203462,True,0.00933572710951526
fixed_wing,at limit,none,l1,2008,0,0.15119366594986897,True,0.1197452229299363
fixed_wing,at limit,none,l1,2008,1,0.12832344680753496,True,0.12202509736045002
fixed_wing,at limit,none,l1,2009,0,0.05272428931459186,True,0.015730337078651686
fixed_wing,at limit,none,l1,2009,1,0.05871546224319611,True,0.01882693700217234
fixed_wing,at limit,none,l1,2010,0,0.04031353454714533,True,0.02158273381294964
fixed_wing,at limit,none,l1,2010,1,0.04387107945278955,True,0.0128
fixed_wing,at limit,none,l1,2011,0,0.0354468043104106,True,0.0007044734061289186
fixed_wing,at limit,none,l1,2011,1,0.09470803649955353,True,0.03405172413793103
fixed_wing,at limit,none,vector_field,2000,0,0.05107137901593395,True,0.07118515713744794
fixed_wing,at limit,none,vector_field,2000,1,0.016733448745709693,True,0.04981132075471698
fixed_wing,at limit,none,vector_field,2001,0,0.04432334836744011,True,0.07102869139258222
fixed_wing,at limit,none,vector_field,2001,1,0.026277220737021746,True,0.046908315565031986
fixed_wing,at limit,none,vector_field,2002,0,0.25083805120430724,True,0.23086900129701687
fixed_wing,at limit,none,vector_field,2002,1,0.11949511027754006,True,0.11167119038386972
fixed_wing,at limit,none,vector_field,2003,0,0.11058065109453413,True,0.17637540453074432
fixed_wing,at limit,none,vector_field,2003,1,0.06872605195950718,True,0.11695906432748537
fixed_wing,at limit,none,vector_field,2004,0,0.21402022465021758,True,0.14511434511434512
fixed_wing,at limit,none,vector_field,2004,1,0.03904852289105493,True,0.06318306010928962
fixed_wing,at limit,none,vector_field,2005,0,0.08101877503630736,True,0.1156195462478185
fixed_wing,at limit,none,vector_field,2005,1,0.033694589040995086,True,0.05607142857142857
fixed_wing,at limit,none,vector_field,2006,0,0.1681937259413973,True,0.13398692810457516
fixed_wing,at limit,none,vector_field,2006,1,0.032140976876711205,True,0.09198706431908013
fixed_wing,at limit,none,vector_field,2007,0,0.08039690407992231,True,0.08220640569395017
fixed_wing,at limit,none,vector_field,2007,1,0.08475243767975452,True,0.09035714285714286
fixed_wing,at limit,none,vector_field,2008,0,0.37361963591368097,True,0.2589869281045752
fixed_wing,at limit,none,vector_field,2008,1,0.3060801579095471,True,0.26919866444073454
fixed_wing,at limit,none,vector_field,2009,0,0.155238760860829,True,0.11045218680504076
fixed_wing,at limit,none,vector_field,2009,1,0.12824124646644192,True,0.11378320172290021
fixed_wing,at limit,none,vector_field,2010,0,0.12131058382733598,True,0.11901937524713326
fixed_wing,at limit,none,vector_field,2010,1,0.11151669192415282,True,0.15183867141162516
fixed_wing,at limit,none,vector_field,2011,0,0.023749225360099525,True,0.06080843585237258
fixed_wing,at limit,none,vector_field,2011,1,0.21087057569991677,True,0.17204757858963465
fixed_wing,at limit,none,lead_vf,2000,0,0.037444757287666594,True,0.015607156452226875
fixed_wing,at limit,none,lead_vf,2000,1,0.03165132622725833,True,0.007564296520423601
fixed_wing,at limit,none,lead_vf,2001,0,0.032753116446173305,True,0.005276116778051354
fixed_wing,at limit,none,lead_vf,2001,1,0.03374354143841435,True,0.0
fixed_wing,at limit,none,lead_vf,2002,0,0.11895197565127097,True,0.0943900267141585
fixed_wing,at limit,none,lead_vf,2002,1,0.05164475352447436,True,0.02475442043222004
fixed_wing,at limit,none,lead_vf,2003,0,0.06803389653114267,True,0.03655030800821355
fixed_wing,at limit,none,lead_vf,2003,1,0.05435573769465368,True,0.0212347620920173
fixed_wing,at limit,none,lead_vf,2004,0,0.09046077391627663,True,0.048482293423271504
fixed_wing,at limit,none,lead_vf,2004,1,0.030510793849212563,True,0.0
fixed_wing,at limit,none,lead_vf,2005,0,0.05115693141570013,True,0.038224956063268895
fixed_wing,at limit,none,lead_vf,2005,1,0.033554762612805954,True,0.002150537634408602
fixed_wing,at limit,none,lead_vf,2006,0,0.08111524444361531,True,0.04314159292035398
fixed_wing,at limit,none,lead_vf,2006,1,0.043424717197894626,True,0.019147398843930637
fixed_wing,at limit,none,lead_vf,2007,0,0.046157133375431744,True,0.01181948424068768
fixed_wing,at limit,none,lead_vf,2007,1,0.04490947791565624,True,0.020488856937455068
fixed_wing,at limit,none,lead_vf,2008,0,0.15632890725871693,True,0.13197105151128138
fixed_wing,at limit,none,lead_vf,2008,1,0.14706928044560388,True,0.13593073593073593
fixed_wing,at limit,none,lead_vf,2009,0,0.05826888528499449,True,0.020239880059970013
fixed_wing,at limit,none,lead_vf,2009,1,0.06901576458809777,True,0.02789855072463768
fixed_wing,at limit,none,lead_vf,2010,0,0.046022122765938006,True,0.028
fixed_wing,at limit,none,lead_vf,2010,1,0.05928402854241801,True,0.0244195356285028
fixed_wing,at limit,none,lead_vf,2011,0,0.03911641663125629,True,0.0021149101163200562
fixed_wing,at limit,none,lead_vf,2011,1,0.08722576452277842,True,0.06042296072507553
fixed_wing,at limit,position noise,pure_pursuit,2000,0,0.03177888736342872,True,0.011411182959300114
fixed_wing,at limit,position noise,pure_pursuit,2000,1,0.0267968499824663,True,0.00415564790328674
fixed_wing,at limit,position noise,pure_pursuit,2001,0,0.02671181926379154,True,0.004919184820801124
fixed_wing,at limit,position noise,pure_pursuit,2001,1,0.03217623548228357,True,0.0032074126870990736
fixed_wing,at limit,position noise,pure_pursuit,2002,0,0.11524658619045824,True,0.08311111111111111
fixed_wing,at limit,position noise,pure_pursuit,2002,1,0.040540334265597916,True,0.02198665096191598
fixed_wing,at limit,position noise,pure_pursuit,2003,0,0.058427130824978454,True,0.02378999179655455
fixed_wing,at limit,position noise,pure_pursuit,2003,1,0.04169570320431164,True,0.0192458758837392
fixed_wing,at limit,position noise,pure_pursuit,2004,0,0.08881177128727805,True,0.03496208930075821
fixed_wing,at limit,position noise,pure_pursuit,2004,1,0.026519070873263953,True,0.002742543709290367
fixed_wing,at limit,position noise,pure_pursuit,2005,0,0.040429980566020776,True,0.009218612818261633
fixed_wing,at limit,position noise,pure_pursuit,2005,1,0.029398578190483728,True,0.0017927572606669057
fixed_wing,at limit,position noise,pure_pursuit,2006,0,0.07903255215502047,True,0.04423147806855879
fixed_wing,at limit,position noise,pure_pursuit,2006,1,0.03697766518361281,True,0.010101010101010102
fixed_wing,at limit,position noise,pure_pursuit,2007,0,0.036571653701862605,True,0.00572655690765927
fixed_wing,at limit,position noise,pure_pursuit,2007,1,0.03752786488871956,True,0.010412926391382405
fixed_wing,at limit,position noise,pure_pursuit,2008,0,0.16636127707548976,True,0.12298558100084818
fixed_wing,at limit,position noise,pure_pursuit,2008,1,0.13618798947831579,True,0.11726525313717005
fixed_wing,at limit,position noise,pure_pursuit,2009,0,0.05449399583123596,True,0.01947565543071161
fixed_wing,at limit,position noise,pure_pursuit,2009,1,0.06072954689533781,True,0.02210144927536232
fixed_wing,at limit,position noise,pure_pursuit,2010,0,0.040702684528842695,True,0.02158273381294964
fixed_wing,at limit,position noise,pure_pursuit,2010,1,0.04485447053203215,True,0.01679328268692523
fixed_wing,at limit,position noise,pure_pursuit,2011,0,0.036161612836520446,True,0.0031701303275801338
fixed_wing,at limit,position noise,pure_pursuit,2011,1,0.09881128990438023,True,0.04093063334769496
fixed_wing,at limit,position noise,l1,2000,0,0.03197686939424227,True,0.010650437428680106
fixed_wing,at limit,position noise,l1,2000,1,0.026562034958442775,True,0.0030245746691871457
fixed_wing,at limit,position noise,l1,2001,0,0.02651560564359623,True,0.005621925509486999
fixed_wing,at limit,position noise,l1,2001,1,0.031630861241146224,True,0.0032074126870990736
fixed_wing,at limit,position noise,l1,2002,0,0.1111087849039956,True,0.07733333333333334
fixed_wing,at limit,position noise,l1,2002,1,0.039821676151516036,True,0.019638648860958365
fixed_wing,at limit,position noise,l1,2003,0,0.05652725022840693,True,0.02379975379565039
fixed_wing,at limit,position noise,l1,2003,1,0.04094652806957395,True,0.018460329929300863
fixed_wing,at limit,position noise,l1,2004,0,0.08403066161975904,True,0.03456998313659359
fixed_wing,at limit,position noise,l1,2004,1,0.026199639931667983,True,0.0023997257456290708
fixed_wing,at limit,position noise,l1,2005,0,0.03977868563977982,True,0.009218612818261633
fixed_wing,at limit,position noise,l1,2005,1,0.029570895661631864,True,0.002151308712800287
fixed_wing,at limit,position noise,l1,2006,0,0.07488596971733846,True,0.04423147806855879
fixed_wing,at limit,position noise,l1,2006,1,0.03651409023989177,True,0.009018759018759018
fixed_wing,at limit,position noise,l1,2007,0,0.036110867572182556,True,0.005368647100930566
fixed_wing,at limit,position noise,l1,2007,1,0.036477599310146776,True,0.011494252873563218
fixed_wing,at limit,position noise,l1,2008,0,0.15827365601195953,True,0.12388629613915995
fixed_wing,at limit,position noise,l1,2008,1,0.12766248695914612,True,0.12289052358286456
fixed_wing,at limit,position noise,l1,2009,0,0.05117802857223142,True,0.01799775028121485
fixed_wing,at limit,position noise,l1,2009,1,0.05855055819225069,True,0.021376811594202898
fixed_wing,at limit,position noise,l1,2010,0,0.04039492983470813,True,0.020783373301358914
fixed_wing,at limit,position noise,l1,2010,1,0.043779071070069675,True,0.015606242496998799
fixed_wing,at limit,position noise,l1,2011,0,0.0358294255842775,True,0.0028188865398167725
fixed_wing,at limit,position noise,l1,2011,1,0.09640637874591432,True,0.040499784575613956
fixed_wing,at limit,position noise,vector_field,2000,0,0.05330238209572404,True,0.07535024611889436
fixed_wing,at limit,position noise,vector_field,2000,1,0.0175658406068678,True,0.04790645039607695
fixed_wing,at limit,position noise,vector_field,2001,0,0.04357392647378595,True,0.07317927170868348
fixed_wing,at limit,position noise,vector_field,2001,1,0.023370498523223246,True,0.05581230003554923
fixed_wing,at limit,position noise,vector_field,2002,0,0.25861198148739406,True,0.23725151253241142
fixed_wing,at limit,position noise,vector_field,2002,1,0.1201601959332284,True,0.12417539774932092
fixed_wing,at limit,position noise,vector_field,2003,0,0.1161737352866975,True,0.19498381877022652
fixed_wing,at limit,position noise,vector_field,2003,1,0.076813738420764,True,0.11275848614904409
fixed_wing,at limit,position noise,vector_field,2004,0,0.20479323510768344,True,0.15349417637271215
fixed_wing,at limit,position noise,vector_field,2004,1,0.042992631306878845,True,0.06386612021857924
fixed_wing,at limit,position noise,vector_field,2005,0,0.09283480003847033,True,0.12870855148342059
fixed_wing,at limit,position noise,vector_field,2005,1,0.030322876048853337,True,0.06035714285714286
fixed_wing,at limit,position noise,vector_field,2006,0,0.1588323479565337,True,0.13694151834362514
fixed_wing,at limit,position noise,vector_field,2006,1,0.037236290298945735,True,0.10010764262648009
fixed_wing,at limit,position noise,vector_field,2007,0,0.07462540641493548,True,0.0893874643874644
fixed_wing,at limit,position noise,vector_field,2007,1,0.08514672102165788,True,0.1135308818279186
fixed_wing,at limit,position noise,vector_field,2008,0,0.3654832238799318,True,0.2662311147407105
fixed_wing,at limit,position noise,vector_field,2008,1,0.33576224475410443,True,0.271630615640599
fixed_wing,at limit,position noise,vector_field,2009,0,0.15889725100145521,True,0.11823573017049667
fixed_wing,at limit,position noise,vector_field,2009,1,0.1238353716043227,True,0.11673850574712644
fixed_wing,at limit,position noise,vector_field,2010,0,0.11486594920340731,True,0.1332542506919731
fixed_wing,at limit,position noise,vector_field,2010,1,0.11692581320112422,True,0.1627172195892575
fixed_wing,at limit,position noise,vector_field,2011,0,0.020978342117814158,True,0.06711173576950105
fixed_wing,at limit,position noise,vector_field,2011,1,0.2180414487459796,True,0.18471337579617833
fixed_wing,at limit,position noise,lead_vf,2000,0,0.0369311334560959,True,0.016368481157213552
fixed_wing,at limit,position noise,lead_vf,2000,1,0.030682280367194167,True,0.00832387438516837
fixed_wing,at limit,position noise,lead_vf,2001,0,0.030103056285320735,True,0.005625879043600563
fixed_wing,at limit,position noise,lead_vf,2001,1,0.03472132101200155,True,0.00035676061362825543
fixed_wing,at limit,position noise,lead_vf,2002,0,0.12409901284597016,True,0.0962566844919786
fixed_wing,at limit,position noise,lead_vf,2002,1,0.051930495461354254,True,0.02477388910735352
fixed_wing,at limit,position noise,lead_vf,2003,0,0.06443585863602241,True,0.04149548069022186
fixed_wing,at limit,position noise,lead_vf,2003,1,0.05204048594936868,True,0.02046438410074774
fixed_wing,at limit,position noise,lead_vf,2004,0,0.09324230135012408,True,0.048060708263069137
fixed_wing,at limit,position noise,lead_vf,2004,1,0.030386347769463234,True,0.0013717421124828531
fixed_wing,at limit,position noise,lead_vf,2005,0,0.04809637067787198,True,0.03781882145998241
fixed_wing,at limit,position noise,lead_vf,2005,1,0.03384876214022185,True,0.0028684116170670493
fixed_wing,at limit,position noise,lead_vf,2006,0,0.08284221614248924,True,0.04277286135693215
fixed_wing,at limit,position noise,lead_vf,2006,1,0.04553736832497397,True,0.019133574007220218
fixed_wing,at limit,position noise,lead_vf,2007,0,0.046059258822959276,True,0.011469534050179211
fixed_wing,at limit,position noise,lead_vf,2007,1,0.04608369211482895,True,0.020481494789795184
fixed_wing,at limit,position noise,lead_vf,2008,0,0.16101842662713486,True,0.13239676458067262
fixed_wing,at limit,position noise,lead_vf,2008,1,0.15087800070702906,True,0.1367965367965368
fixed_wing,at limit,position noise,lead_vf,2009,0,0.055593675880797,True,0.020247469066366704
fixed_wing,at limit,position noise,lead_vf,2009,1,0.06661645044559315,True,0.02610587382160986
fixed_wing,at limit,position noise,lead_vf,2010,0,0.045198431624571114,True,0.028
fixed_wing,at limit,position noise,lead_vf,2010,1,0.054946858837260956,True,0.02602081665332266
fixed_wing,at limit,position noise,lead_vf,2011,0,0.03836125166270371,True,0.004232804232804233
fixed_wing,at limit,position noise,lead_vf,2011,1,0.08651922857544657,True,0.059534081104400345
fixed_wing,at limit,velocity noise,pure_pursuit,2000,0,0.03430214842130799,True,0.012171928489920122
fixed_wing,at limit,velocity noise,pure_pursuit,2000,1,0.027209147331719696,True,0.005668934240362812
fixed_wing,at limit,velocity noise,pure_pursuit,2001,0,0.027149263597061157,True,0.0066760365425158116
fixed_wing,at limit,velocity noise,pure_pursuit,2001,1,0.031786988190968306,True,0.003206270039187745
fixed_wing,at limit,velocity noise,pure_pursuit,2002,0,0.12462768318069614,True,0.08174144824522435
fixed_wing,at limit,velocity noise,pure_pursuit,2002,1,0.04355737135983041,True,0.026687598116169546
fixed_wing,at limit,velocity noise,pure_pursuit,2003,0,0.060122698288116484,True,0.03034030340303403
fixed_wing,at limit,velocity noise,pure_pursuit,2003,1,0.04577122111481487,True,0.023949744797801334
fixed_wing,at limit,velocity noise,pure_pursuit,2004,0,0.09326110322355488,True,0.032842105263157895
fixed_wing,at limit,velocity noise,pure_pursuit,2004,1,0.028226271707220026,True,0.006851661527920521
fixed_wing,at limit,velocity noise,pure_pursuit,2005,0,0.04217212441041024,True,0.012296881862099254
fixed_wing,at limit,velocity noise,pure_pursuit,2005,1,0.030331886225909807,True,0.0032234957020057307
fixed_wing,at limit,velocity noise,pure_pursuit,2006,0,0.08310620307725154,True,0.044534412955465584
fixed_wing,at limit,velocity noise,pure_pursuit,2006,1,0.040752675001593935,True,0.015151515151515152
fixed_wing,at limit,velocity noise,pure_pursuit,2007,0,0.03881392387718986,True,0.0082319255547602
fixed_wing,at limit,velocity noise,pure_pursuit,2007,1,0.040609724402501074,True,0.012203876525484566
fixed_wing,at limit,velocity noise,pure_pursuit,2008,0,0.17781727234067085,True,0.11774671749258789
fixed_wing,at limit,velocity noise,pure_pursuit,2008,1,0.14147029073615233,True,0.1205704407951599
fixed_wing,at limit,velocity noise,pure_pursuit,2009,0,0.05466270267012284,True,0.020224719101123594
fixed_wing,at limit,velocity noise,pure_pursuit,2009,1,0.06311710923880723,True,0.023171614771904415
fixed_wing,at limit,velocity noise,pure_pursuit,2010,0,0.041488459618826704,True,0.022763578274760384
fixed_wing,at limit,velocity noise,pure_pursuit,2010,1,0.04814845565303687,True,0.0188
fixed_wing,at limit,velocity noise,pure_pursuit,2011,0,0.036423785323520044,True,0.003522367030644593
fixed_wing,at limit,velocity noise,pure_pursuit,2011,1,0.10156920876672484,True,0.043946574752261956
fixed_wing,at limit,velocity noise,l1,2000,0,0.03351361933244926,True,0.01141552511415525
fixed_wing,at limit,velocity noise,l1,2000,1,0.027275535765645446,True,0.0049130763416477706
fixed_wing,at limit,velocity noise,l1,2001,0,0.0273039909933422,True,0.007027406886858749
fixed_wing,at limit,velocity noise,l1,2001,1,0.03184803854408744,True,0.002851033499643621
fixed_wing,at limit,velocity noise,l1,2002,0,0.12022657102588902,True,0.0773677189862161
fixed_wing,at limit,velocity noise,l1,2002,1,0.04282140511513277,True,0.023557126030624265
fixed_wing,at limit,velocity noise,l1,2003,0,0.05846923835046455,True,0.02871205906480722
fixed_wing,at limit,velocity noise,l1,2003,1,0.04494861510992949,True,0.022388059701492536
fixed_wing,at limit,velocity noise,l1,2004,0,0.08906402098759612,True,0.03368421052631579
fixed_wing,at limit,velocity noise,l1,2004,1,0.02807814151496941,True,0.006509078451524495
fixed_wing,at limit,velocity noise,l1,2005,0,0.04172761071958882,True,0.011857707509881422
fixed_wing,at limit,velocity noise,l1,2005,1,0.030849514287309303,True,0.0035816618911174787
fixed_wing,at limit,velocity noise,l1,2006,0,0.07879216141764,True,0.043462246777163906
fixed_wing,at limit,velocity noise,l1,2006,1,0.04049757702437243,True,0.015512265512265512
fixed_wing,at limit,velocity noise,l1,2007,0,0.03836984543330528,True,0.00644468313641246
fixed_wing,at limit,velocity noise,l1,2007,1,0.03973680809401625,True,0.013285457809694794
fixed_wing,at limit,velocity noise,l1,2008,0,0.16971797280715278,True,0.12208562950402713
fixed_wing,at limit,velocity noise,l1,2008,1,0.13264215923910794,True,0.12240484429065744
fixed_wing,at limit,velocity noise,l1,2009,0,0.051461581485724606,True,0.01947565543071161
fixed_wing,at limit,velocity noise,l1,2009,1,0.06061782707228419,True,0.022447501810282405
fixed_wing,at limit,velocity noise,l1,2010,0,0.041150382287851006,True,0.022373152217339192
fixed_wing,at limit,velocity noise,l1,2010,1,0.047257821830495456,True,0.0184
fixed_wing,at limit,velocity noise,l1,2011,0,0.03660735652842198,True,0.0031701303275801338
fixed_wing,at limit,velocity noise,l1,2011,1,0.09891699852645883,True,0.04267241379310345
fixed_wing,at limit,velocity noise,vector_field,2000,0,0.06676132750380298,True,0.09682299546142209
fixed_wing,at limit,velocity noise,vector_field,2000,1,0.01982752452564116,True,0.07883817427385892
fixed_wing,at limit,velocity noise,vector_field,2001,0,0.04997143885733259,True,0.11013986013986014
fixed_wing,at limit,velocity noise,vector_field,2001,1,0.02742989323165606,True,0.08277087033747779
fixed_wing,at limit,velocity noise,vector_field,2002,0,0.27029425753292174,True,0.2653149266609146
fixed_wing,at limit,velocity noise,vector_field,2002,1,0.11949258559605078,True,0.15962805114296785
fixed_wing,at limit,velocity noise,vector_field,2003,0,0.11055464098276088,True,0.2084848484848485
fixed_wing,at limit,velocity noise,vector_field,2003,1,0.07865617609708561,True,0.14881184261784183
fixed_wing,at limit,velocity noise,vector_field,2004,0,0.20152490680339255,True,0.17304492512479203
fixed_wing,at limit,velocity noise,vector_field,2004,1,0.04539906420370435,True,0.09320587231136906
fixed_wing,at limit,velocity noise,vector_field,2005,0,0.08815511796790912,True,0.1530745747928478
fixed_wing,at limit,velocity noise,vector_field,2005,1,0.03850671920513848,True,0.09386152748037116
fixed_wing,at limit,velocity noise,vector_field,2006,0,0.15711610200704965,True,0.1579520697167756
fixed_wing,at limit,velocity noise,vector_field,2006,1,0.042219187680385614,True,0.12580645161290321
fixed_wing,at limit,velocity noise,vector_field,2007,0,0.08560644903521582,True,0.11099252934898612
fixed_wing,at limit,velocity noise,vector_field,2007,1,0.08698832144281075,True,0.13985016054227614
fixed_wing,at limit,velocity noise,vector_field,2008,0,0.371615159258898,True,0.2857142857142857
fixed_wing,at limit,velocity noise,vector_field,2008,1,0.3449852666351958,True,0.29248026589115084
fixed_wing,at limit,velocity noise,vector_field,2009,0,0.1653231007693044,True,0.14105886708626433
fixed_wing,at limit,velocity noise,vector_field,2009,1,0.13038572241230667,True,0.13747307968413497
fixed_wing,at limit,velocity noise,vector_field,2010,0,0.11337040075255103,True,0.1549407114624506
fixed_wing,at limit,velocity noise,vector_field,2010,1,0.10653884249213036,True,0.1826086956521739
fixed_wing,at limit,velocity noise,vector_field,2011,0,0.02371957424740781,True,0.09803232607167955
fixed_wing,at limit,velocity noise,vector_field,2011,1,0.2183752885386514,True,0.20755517826825126
fixed_wing,at limit,velocity noise,lead_vf,2000,0,0.04215178057018398,True,0.020928462709284626
fixed_wing,at limit,velocity noise,lead_vf,2000,1,0.0358539267445614,True,0.01361573373676248
fixed_wing,at limit,velocity noise,lead_vf,2001,0,0.03227957550364216,True,0.013713080168776372
fixed_wing,at limit,velocity noise,lead_vf,2001,1,0.035873123628552155,True,0.007845934379457917
fixed_wing,at limit,velocity noise,lead_vf,2002,0,0.1362664737557137,True,0.09915518008003557
fixed_wing,at limit,velocity noise,lead_vf,2002,1,0.05235699588815979,True,0.038884524744697564
fixed_wing,at limit,velocity noise,lead_vf,2003,0,0.06869875550834453,True,0.053388090349075976
fixed_wing,at limit,velocity noise,lead_vf,2003,1,0.05717518159666935,True,0.03735745182854896
fixed_wing,at limit,velocity noise,lead_vf,2004,0,0.09595935261316477,True,0.05391743892165122
fixed_wing,at limit,velocity noise,lead_vf,2004,1,0.03479042692659275,True,0.011998628728145356
fixed_wing,at limit,velocity noise,lead_vf,2005,0,0.05419483544398798,True,0.04391743522178305
fixed_wing,at limit,velocity noise,lead_vf,2005,1,0.0379074742167928,True,0.007168458781362007
fixed_wing,at limit,velocity noise,lead_vf,2006,0,0.08775325093048314,True,0.04900515843773029
fixed_wing,at limit,velocity noise,lead_vf,2006,1,0.0525253642295915,True,0.028870443883074703
fixed_wing,at limit,velocity noise,lead_vf,2007,0,0.050609785404895975,True,0.01683984235041204
fixed_wing,at limit,velocity noise,lead_vf,2007,1,0.050610120397674416,True,0.025871361839741286
fixed_wing,at limit,velocity noise,lead_vf,2008,0,0.17717749036698122,True,0.13557161070973225
fixed_wing,at limit,velocity noise,lead_vf,2008,1,0.15980780278341367,True,0.1371107266435986
fixed_wing,at limit,velocity noise,lead_vf,2009,0,0.057195459052332406,True,0.02623688155922039
fixed_wing,at limit,velocity noise,lead_vf,2009,1,0.0726698507180945,True,0.034045635639261135
fixed_wing,at limit,velocity noise,lead_vf,2010,0,0.04777975063664625,True,0.03198720511795282
fixed_wing,at limit,velocity noise,lead_vf,2010,1,0.0608030815031395,True,0.0344275420336269
fixed_wing,at limit,velocity noise,lead_vf,2011,0,0.044537192496379746,True,0.01163200563976031
fixed_wing,at limit,velocity noise,lead_vf,2011,1,0.09325751163545332,True,0.059534081104400345
fixed_wing,at limit,sensor delay 0.2 s,pure_pursuit,2000,0,0.03216098884795687,True,0.01366223908918406
fixed_wing,at limit,sensor delay 0.2 s,pure_pursuit,2000,1,0.03138795612081881,True,0.0015082956259426848
fixed_wing,at limit,sensor delay 0.2 s,pure_pursuit,2001,0,0.027592166919035925,True,0.0038569424964936885
fixed_wing,at limit,sensor delay 0.2 s,pure_pursuit,2001,1,0.031570314092190424,True,0.001066477070742979
fixed_wing,at limit,sensor delay 0.2 s,pure_pursuit,2002,0,0.12686371906097166,True,0.09995577178239717
fixed_wing,at limit,sensor delay 0.2 s,pure_pursuit,2002,1,0.0432206888932449,True,0.033229085222830336
fixed_wing,at limit,sensor delay 0.2 s,pure_pursuit,2003,0,0.06892185594307276,True,0.027766435279706004
fixed_wing,at limit,sensor delay 0.2 s,pure_pursuit,2003,1,0.046202960823136685,True,0.021917808219178082
fixed_wing,at limit,sensor delay 0.2 s,pure_pursuit,2004,0,0.10133769594521005,True,0.03526448362720403
fixed_wing,at limit,sensor delay 0.2 s,pure_pursuit,2004,1,0.026854993758942222,True,0.0013679890560875513
fixed_wing,at limit,sensor delay 0.2 s,pure_pursuit,2005,0,0.04149665389483183,True,0.01925601750547046
fixed_wing,at limit,sensor delay 0.2 s,pure_pursuit,2005,1,0.026486043378597206,True,0.0014295925661186562
fixed_wing,at limit,sensor delay 0.2 s,pure_pursuit,2006,0,0.09239941068752584,True,0.05099046221570066
fixed_wing,at limit,sensor delay 0.2 s,pure_pursuit,2006,1,0.032488092285429114,True,0.010075566750629723
fixed_wing,at limit,sensor delay 0.2 s,pure_pursuit,2007,0,0.0384325984849338,True,0.008925383791503035
fixed_wing,at limit,sensor delay 0.2 s,pure_pursuit,2007,1,0.04175389267633147,True,0.013605442176870748
fixed_wing,at limit,sensor delay 0.2 s,pure_pursuit,2008,0,0.18270973544165156,True,0.13468013468013468
fixed_wing,at limit,sensor delay 0.2 s,pure_pursuit,2008,1,0.15554932022242354,True,0.13513513513513514
fixed_wing,at limit,sensor delay 0.2 s,pure_pursuit,2009,0,0.06860917239779102,True,0.01866368047779022
fixed_wing,at limit,sensor delay 0.2 s,pure_pursuit,2009,1,0.07521800015584124,True,0.030313966077228437
fixed_wing,at limit,sensor delay 0.2 s,pure_pursuit,2010,0,0.04506135938371939,True,0.03463375796178344
fixed_wing,at limit,sensor delay 0.2 s,pure_pursuit,2010,1,0.04982265707774215,True,0.018333997608609008
fixed_wing,at limit,sensor delay 0.2 s,pure_pursuit,2011,0,0.03349462240750882,True,0.000351493848857645
fixed_wing,at limit,sensor delay 0.2 s,pure_pursuit,2011,1,0.11593776011051166,True,0.04849785407725322
fixed_wing,at limit,sensor delay 0.2 s,l1,2000,0,0.033516450183157395,True,0.012523719165085389
fixed_wing,at limit,sensor delay 0.2 s,l1,2000,1,0.03162425475254096,True,0.0015082956259426848
fixed_wing,at limit,sensor delay 0.2 s,l1,2001,0,0.028468135909902242,True,0.00455820476858345
fixed_wing,at limit,sensor delay 0.2 s,l1,2001,1,0.03206580149491205,True,0.001066477070742979
fixed_wing,at limit,sensor delay 0.2 s,l1,2002,0,0.12419685011382066,True,0.09955752212389381
fixed_wing,at limit,sensor delay 0.2 s,l1,2002,1,0.04230122974387567,True,0.03245991396167384
fixed_wing,at limit,sensor delay 0.2 s,l1,2003,0,0.0670078201207857,True,0.02696078431372549
fixed_wing,at limit,sensor delay 0.2 s,l1,2003,1,0.045606378379344205,True,0.021917808219178082
fixed_wing,at limit,sensor delay 0.2 s,l1,2004,0,0.09713964548261199,True,0.036523929471032744
fixed_wing,at limit,sensor delay 0.2 s,l1,2004,1,0.026855634187302076,True,0.0013679890560875513
fixed_wing,at limit,sensor delay 0.2 s,l1,2005,0,0.04092360123794954,True,0.0175054704595186
fixed_wing,at limit,sensor delay 0.2 s,l1,2005,1,0.02707725980342757,True,0.0014295925661186562
fixed_wing,at limit,sensor delay 0.2 s,l1,2006,0,0.0885109877363304,True,0.05137614678899083
fixed_wing,at limit,sensor delay 0.2 s,l1,2006,1,0.03247997040898097,True,0.009359251259899209
fixed_wing,at limit,sensor delay 0.2 s,l1,2007,0,0.03744727286832611,True,0.00785433773652267
fixed_wing,at limit,sensor delay 0.2 s,l1,2007,1,0.040288402771489706,True,0.016827783745076978
fixed_wing,at limit,sensor delay 0.2 s,l1,2008,0,0.17714820938984682,True,0.13810526315789473
fixed_wing,at limit,sensor delay 0.2 s,l1,2008,1,0.14913745656455318,True,0.1369686560755689
fixed_wing,at limit,sensor delay 0.2 s,l1,2009,0,0.06468846093704975,True,0.019044062733383122
fixed_wing,at limit,sensor delay 0.2 s,l1,2009,1,0.07244486724299652,True,0.02888086642599278
fixed_wing,at limit,sensor delay 0.2 s,l1,2010,0,0.044272049415913235,True,0.033837579617834394
fixed_wing,at limit,sensor delay 0.2 s,l1,2010,1,0.04868846921123379,True,0.017942583732057416
fixed_wing,at limit,sensor delay 0.2 s,l1,2011,0,0.033667218462019734,True,0.00070298769771529
fixed_wing,at limit,sensor delay 0.2 s,l1,2011,1,0.1134914076469593,True,0.04680120223271791
fixed_wing,at limit,sensor delay 0.2 s,vector_field,2000,0,0.07384495915555755,True,0.128060263653484
fixed_wing,at limit,sensor delay 0.2 s,vector_field,2000,1,0.03030546697611955,True,0.10150375939849623
fixed_wing,at limit,sensor delay 0.2 s,vector_field,2001,0,0.06731035369700648,True,0.12534818941504178
fixed_wing,at limit,sensor delay 0.2 s,vector_field,2001,1,0.046133478789688875,True,0.10258224266006367
fixed_wing,at limit,sensor delay 0.2 s,vector_field,2002,0,0.2972710749277475,True,0.35208866155157714
fixed_wing,at limit,sensor delay 0.2 s,vector_field,2002,1,0.1600492318262155,True,0.23696319018404907
fixed_wing,at limit,sensor delay 0.2 s,vector_field,2003,0,0.20321895925341396,True,0.36623067776456597
fixed_wing,at limit,sensor delay 0.2 s,vector_field,2003,1,0.11645612765061175,True,0.23317865429234338
fixed_wing,at limit,sensor delay 0.2 s,vector_field,2004,0,0.31357863312561285,True,0.2589395807644883
fixed_wing,at limit,sensor delay 0.2 s,vector_field,2004,1,0.08309594023902205,True,0.11744738628649015
fixed_wing,at limit,sensor delay 0.2 s,vector_field,2005,0,0.12434147881608335,True,0.30885529157667385
fixed_wing,at limit,sensor delay 0.2 s,vector_field,2005,1,0.06918612009774536,True,0.1147424511545293
fixed_wing,at limit,sensor delay 0.2 s,vector_field,2006,0,0.18428280440540984,True,0.23601587874413568
fixed_wing,at limit,sensor delay 0.2 s,vector_field,2006,1,0.06509267906210114,True,0.16761768901569188
fixed_wing,at limit,sensor delay 0.2 s,vector_field,2007,0,0.1195495168519381,True,0.18977072310405643
fixed_wing,at limit,sensor delay 0.2 s,vector_field,2007,1,0.10950710074843471,True,0.23245924875974486
fixed_wing,at limit,sensor delay 0.2 s,vector_field,2008,0,0.34799869966125085,True,0.4310064935064935
fixed_wing,at limit,sensor delay 0.2 s,vector_field,2008,1,0.4025473020933392,True,0.4488961569910057
fixed_wing,at limit,sensor delay 0.2 s,vector_field,2009,0,0.20549009192236828,True,0.21839501648955661
fixed_wing,at limit,sensor delay 0.2 s,vector_field,2009,1,0.13627454652140164,True,0.20556745182012848
fixed_wing,at limit,sensor delay 0.2 s,vector_field,2010,0,0.1693481657238532,True,0.23504106374657802
fixed_wing,at limit,sensor delay 0.2 s,vector_field,2010,1,0.18035113404506786,True,0.24393108848864525
fixed_wing,at limit,sensor delay 0.2 s,vector_field,2011,0,0.058292765668081156,True,0.14051031108004194
fixed_wing,at limit,sensor delay 0.2 s,vector_field,2011,1,0.26736039987852434,True,0.39245283018867927
fixed_wing,at limit,sensor delay 0.2 s,lead_vf,2000,0,0.03696461018308829,True,0.01785036080516521
fixed_wing,at limit,sensor delay 0.2 s,lead_vf,2000,1,0.03293640031307471,True,0.010947527368818422
fixed_wing,at limit,sensor delay 0.2 s,lead_vf,2001,0,0.030279854616490354,True,0.009126009126009126
fixed_wing,at limit,sensor delay 0.2 s,lead_vf,2001,1,0.03110997339857203,True,0.0
fixed_wing,at limit,sensor delay 0.2 s,lead_vf,2002,0,0.12073243614873712,True,0.1015521064301552
fixed_wing,at limit,sensor delay 0.2 s,lead_vf,2002,1,0.050985853552811614,True,0.030160595377986682
fixed_wing,at limit,sensor delay 0.2 s,lead_vf,2003,0,0.06846944020752214,True,0.04379860826852231
fixed_wing,at limit,sensor delay 0.2 s,lead_vf,2003,1,0.052926986414704634,True,0.027058823529411764
fixed_wing,at limit,sensor delay 0.2 s,lead_vf,2004,0,0.09291620810124267,True,0.05674653215636822
fixed_wing,at limit,sensor delay 0.2 s,lead_vf,2004,1,0.02858829566014752,True,0.0
fixed_wing,at limit,sensor delay 0.2 s,lead_vf,2005,0,0.05395326502068097,True,0.04686815593517302
fixed_wing,at limit,sensor delay 0.2 s,lead_vf,2005,1,0.02872776812875562,True,0.0028622540250447226
fixed_wing,at limit,sensor delay 0.2 s,lead_vf,2006,0,0.08787624789997422,True,0.048161764705882355
fixed_wing,at limit,sensor delay 0.2 s,lead_vf,2006,1,0.04122890929880264,True,0.025225225225225224
fixed_wing,at limit,sensor delay 0.2 s,lead_vf,2007,0,0.04803207619497922,True,0.014295925661186561
fixed_wing,at limit,sensor delay 0.2 s,lead_vf,2007,1,0.04425090256294254,True,0.03048780487804878
fixed_wing,at limit,sensor delay 0.2 s,lead_vf,2008,0,0.15898129603980982,True,0.1473951715374841
fixed_wing,at limit,sensor delay 0.2 s,lead_vf,2008,1,0.14823845413156053,True,0.1511627906976744
fixed_wing,at limit,sensor delay 0.2 s,lead_vf,2009,0,0.0600179245577432,True,0.02318623784592371
fixed_wing,at limit,sensor delay 0.2 s,lead_vf,2009,1,0.07181106337566241,True,0.03252620166245031
fixed_wing,at limit,sensor delay 0.2 s,lead_vf,2010,0,0.04413383802577567,True,0.03310729956122856
fixed_wing,at limit,sensor delay 0.2 s,lead_vf,2010,1,0.05863008671401089,True,0.029141716566866267
fixed_wing,at limit,sensor delay 0.2 s,lead_vf,2011,0,0.037582251034063305,True,0.0031656700668308124
fixed_wing,at limit,sensor delay 0.2 s,lead_vf,2011,1,0.09129310203241149,True,0.07182795698924731
fixed_wing,at limit,response lag x2,pure_pursuit,2000,0,0.059569195235590636,True,0.02502844141069397
fixed_wing,at limit,response lag x2,pure_pursuit,2000,1,0.03413100437986107,True,0.001131648434552999
fixed_wing,at limit,response lag x2,pure_pursuit,2001,0,0.039979231564087024,True,0.008061689449702068
fixed_wing,at limit,response lag x2,pure_pursuit,2001,1,0.045727102775171134,True,0.0007107320540156361
fixed_wing,at limit,response lag x2,pure_pursuit,2002,0,0.18676757650113937,True,0.11873350923482849
fixed_wing,at limit,response lag x2,pure_pursuit,2002,1,0.07990458348953654,True,0.054906542056074766
fixed_wing,at limit,response lag x2,pure_pursuit,2003,0,0.10614748882031688,True,0.048413344182262
fixed_wing,at limit,response lag x2,pure_pursuit,2003,1,0.07187424796372538,True,0.03751465416178194
fixed_wing,at limit,response lag x2,pure_pursuit,2004,0,0.15202857430672312,True,0.0414572864321608
fixed_wing,at limit,response lag x2,pure_pursuit,2004,1,0.035154485963240355,True,0.011623931623931624
fixed_wing,at limit,response lag x2,pure_pursuit,2005,0,0.0668225328852694,True,0.03716659379099257
fixed_wing,at limit,response lag x2,pure_pursuit,2005,1,0.034958468558159546,True,0.0007147962830593281
fixed_wing,at limit,response lag x2,pure_pursuit,2006,0,0.13554888733303316,True,0.062134502923976605
fixed_wing,at limit,response lag x2,pure_pursuit,2006,1,0.05063294670744743,True,0.027318475916606758
fixed_wing,at limit,response lag x2,pure_pursuit,2007,0,0.059772112480315984,True,0.014983945772386728
fixed_wing,at limit,response lag x2,pure_pursuit,2007,1,0.06500194622197746,True,0.027181688125894134
fixed_wing,at limit,response lag x2,pure_pursuit,2008,0,0.24989045415347858,True,0.1575
fixed_wing,at limit,response lag x2,pure_pursuit,2008,1,0.2272558578799468,True,0.15747028862478776
fixed_wing,at limit,response lag x2,pure_pursuit,2009,0,0.10322914181876239,True,0.02981736861721953
fixed_wing,at limit,response lag x2,pure_pursuit,2009,1,0.11543715727063879,True,0.04144144144144144
fixed_wing,at limit,response lag x2,pure_pursuit,2010,0,0.07920096343667252,True,0.05559968228752978
fixed_wing,at limit,response lag x2,pure_pursuit,2010,1,0.0776339642951791,True,0.03622611464968153
fixed_wing,at limit,response lag x2,pure_pursuit,2011,0,0.0429211384820182,True,0.001054481546572935
fixed_wing,at limit,response lag x2,pure_pursuit,2011,1,0.16664150989213625,True,0.059931506849315065
fixed_wing,at limit,response lag x2,l1,2000,0,0.05694363649211444,True,0.02502844141069397
fixed_wing,at limit,response lag x2,l1,2000,1,0.03426376171544966,True,0.001131648434552999
fixed_wing,at limit,response lag x2,l1,2001,0,0.039539251963554664,True,0.010164738871363477
fixed_wing,at limit,response lag x2,l1,2001,1,0.045523300640757325,True,0.0007107320540156361
fixed_wing,at limit,response lag x2,l1,2002,0,0.18436965548636064,True,0.12137203166226913
fixed_wing,at limit,response lag x2,l1,2002,1,0.07808929500917161,True,0.05570705103233346
fixed_wing,at limit,response lag x2,l1,2003,0,0.10437864273083286,True,0.045177045177045176
fixed_wing,at limit,response lag x2,l1,2003,1,0.0712730924252792,True,0.03673309886674482
fixed_wing,at limit,response lag x2,l1,2004,0,0.14743326184998706,True,0.043150397989107664
fixed_wing,at limit,response lag x2,l1,2004,1,0.0348368325115743,True,0.009914529914529915
fixed_wing,at limit,response lag x2,l1,2005,0,0.06625226226547913,True,0.03804110188019239
fixed_wing,at limit,response lag x2,l1,2005,1,0.03470149877738423,True,0.0007147962830593281
fixed_wing,at limit,response lag x2,l1,2006,0,0.1315198491366694,True,0.062157221206581355
fixed_wing,at limit,response lag x2,l1,2006,1,0.05001040057504616,True,0.027677929547088427
fixed_wing,at limit,response lag x2,l1,2007,0,0.05821484170859677,True,0.014632405424696645
fixed_wing,at limit,response lag x2,l1,2007,1,0.06331121423819885,True,0.03111587982832618
fixed_wing,at limit,response lag x2,l1,2008,0,0.2455855261984085,True,0.16326530612244897
fixed_wing,at limit,response lag x2,l1,2008,1,0.2208342947222851,True,0.16178343949044585
fixed_wing,at limit,response lag x2,l1,2009,0,0.09934103080211591,True,0.028337061894108874
fixed_wing,at limit,response lag x2,l1,2009,1,0.11222028407341376,True,0.04144144144144144
fixed_wing,at limit,response lag x2,l1,2010,0,0.07531912659182896,True,0.05442987683750496
fixed_wing,at limit,response lag x2,l1,2010,1,0.0763979662734024,True,0.03423566878980892
fixed_wing,at limit,response lag x2,l1,2011,0,0.042699550069591044,True,0.0007032348804500703
fixed_wing,at limit,response lag x2,l1,2011,1,0.164324167581433,True,0.061215753424657536
fixed_wing,at limit,response lag x2,vector_field,2000,0,0.12618078987577636,True,0.1796317173994739
fixed_wing,at limit,response lag x2,vector_field,2000,1,0.0556839908517624,True,0.0948438088069251
fixed_wing,at limit,response lag x2,vector_field,2001,0,0.10045347854742553,True,0.14439805149617257
fixed_wing,at limit,response lag x2,vector_field,2001,1,0.07039835919143403,True,0.12765205091937765
fixed_wing,at limit,response lag x2,vector_field,2002,0,0.43179423800120526,True,0.41614387285654536
fixed_wing,at limit,response lag x2,vector_field,2002,1,0.22389080158894054,True,0.279451010293557
fixed_wing,at limit,response lag x2,vector_field,2003,0,0.18836163696542163,True,0.43010752688172044
fixed_wing,at limit,response lag x2,vector_field,2003,1,0.14075218210177937,True,0.29463941380640185
fixed_wing,at limit,response lag x2,vector_field,2004,0,0.3304545993798115,True,0.36546349466776046
fixed_wing,at limit,response lag x2,vector_field,2004,1,0.08884129606037858,True,0.15698267074413863
fixed_wing,at limit,response lag x2,vector_field,2005,0,0.17253000038409705,True,0.35446313065976714
fixed_wing,at limit,response lag x2,vector_field,2005,1,0.06611292304676775,True,0.13854351687388988
fixed_wing,at limit,response lag x2,vector_field,2006,0,0.4212382305120288,True,0.283433841787868
fixed_wing,at limit,response lag x2,vector_field,2006,1,0.0888981750629573,True,0.24031283327408462
fixed_wing,at limit,response lag x2,vector_field,2007,0,0.144944482342643,True,0.23307475317348378
fixed_wing,at limit,response lag x2,vector_field,2007,1,0.11472721257652752,True,0.25806451612903225
fixed_wing,at limit,response lag x2,vector_field,2008,0,0.6327339393876475,True,0.45690672963400236
fixed_wing,at limit,response lag x2,vector_field,2008,1,0.44373990941941144,True,0.5523114355231143
fixed_wing,at limit,response lag x2,vector_field,2009,0,0.30424921946274536,True,0.2608537030280919
fixed_wing,at limit,response lag x2,vector_field,2009,1,0.2455621525092231,True,0.29288998938804384
fixed_wing,at limit,response lag x2,vector_field,2010,0,0.17945373570875967,True,0.3337236533957845
fixed_wing,at limit,response lag x2,vector_field,2010,1,0.21880990033234743,True,0.3770873786407767
fixed_wing,at limit,response lag x2,vector_field,2011,0,0.07371834206210416,True,0.16433566433566432
fixed_wing,at limit,response lag x2,vector_field,2011,1,0.31399461701793,True,0.4120603015075377
fixed_wing,at limit,response lag x2,lead_vf,2000,0,0.05029214471559383,True,0.02013677811550152
fixed_wing,at limit,response lag x2,lead_vf,2000,1,0.0326949605874927,True,0.01095579901775595
fixed_wing,at limit,response lag x2,lead_vf,2001,0,0.030864584426819122,True,0.01228932584269663
fixed_wing,at limit,response lag x2,lead_vf,2001,1,0.034732386355730865,True,0.0
fixed_wing,at limit,response lag x2,lead_vf,2002,0,0.15087230047985123,True,0.1167624944714728
fixed_wing,at limit,response lag x2,lead_vf,2002,1,0.06093906713155668,True,0.04579256360078278
fixed_wing,at limit,response lag x2,lead_vf,2003,0,0.0863337356004958,True,0.06579485083776053
fixed_wing,at limit,response lag x2,lead_vf,2003,1,0.06505821365070993,True,0.03918495297805643
fixed_wing,at limit,response lag x2,lead_vf,2004,0,0.12469034120668743,True,0.05546218487394958
fixed_wing,at limit,response lag x2,lead_vf,2004,1,0.025676730206955226,True,0.0034258307639602604
fixed_wing,at limit,response lag x2,lead_vf,2005,0,0.06487389032598374,True,0.05387647831800263
fixed_wing,at limit,response lag x2,lead_vf,2005,1,0.02882966521147015,True,0.007160759040458289
fixed_wing,at limit,response lag x2,lead_vf,2006,0,0.11513656261597519,True,0.05469897209985316
fixed_wing,at limit,response lag x2,lead_vf,2006,1,0.04946621979534989,True,0.02989913544668588
fixed_wing,at limit,response lag x2,lead_vf,2007,0,0.05517721363413067,True,0.01501072194424589
fixed_wing,at limit,response lag x2,lead_vf,2007,1,0.05410846816767616,True,0.03156384505021521
fixed_wing,at limit,response lag x2,lead_vf,2008,0,0.20770000762685578,True,0.1616842105263158
fixed_wing,at limit,response lag x2,lead_vf,2008,1,0.19885926530813353,True,0.16909246575342465
fixed_wing,at limit,response lag x2,lead_vf,2009,0,0.07900567452361706,True,0.031401869158878506
fixed_wing,at limit,response lag x2,lead_vf,2009,1,0.09443474041972673,True,0.04046242774566474
fixed_wing,at limit,response lag x2,lead_vf,2010,0,0.06003747423954654,True,0.03587086488640893
fixed_wing,at limit,response lag x2,lead_vf,2010,1,0.07122954360228012,True,0.03832335329341317
fixed_wing,at limit,response lag x2,lead_vf,2011,0,0.04036878580618335,True,0.009855684618092221
fixed_wing,at limit,response lag x2,lead_vf,2011,1,0.12631533483529778,True,0.08079071766222604
fixed_wing,at limit,airspeed x0.85,pure_pursuit,2000,0,0.02256487636817126,True,0.0015852885225110971
fixed_wing,at limit,airspeed x0.85,pure_pursuit,2000,1,0.026517985724364868,True,0.0018744142455482662
fixed_wing,at limit,airspeed x0.85,pure_pursuit,2001,0,0.024305588324965446,True,0.002028985507246377
fixed_wing,at limit,airspeed x0.85,pure_pursuit,2001,1,0.02558429185103088,True,0.0005918910920390648
fixed_wing,at limit,airspeed x0.85,pure_pursuit,2002,0,0.03395655977968158,True,0.004606525911708253
fixed_wing,at limit,airspeed x0.85,pure_pursuit,2002,1,0.025007521114652768,True,0.0009768804949527841
fixed_wing,at limit,airspeed x0.85,pure_pursuit,2003,0,0.04446218454465031,True,0.009009009009009009
fixed_wing,at limit,airspeed x0.85,pure_pursuit,2003,1,0.03488825283697236,True,0.0006635700066357001
fixed_wing,at limit,airspeed x0.85,pure_pursuit,2004,0,0.027600337390591048,True,0.000365764447695684
fixed_wing,at limit,airspeed x0.85,pure_pursuit,2004,1,0.02733974265967002,True,0.0005651313930488839
fixed_wing,at limit,airspeed x0.85,pure_pursuit,2005,0,0.028494089471213364,True,0.001128668171557562
fixed_wing,at limit,airspeed x0.85,pure_pursuit,2005,1,0.01833757896367266,True,0.000891000891000891
fixed_wing,at limit,airspeed x0.85,pure_pursuit,2006,0,0.03747076842914232,True,0.0009165902841429881
fixed_wing,at limit,airspeed x0.85,pure_pursuit,2006,1,0.027773793570567504,True,0.0
fixed_wing,at limit,airspeed x0.85,pure_pursuit,2007,0,0.021515473495542066,True,0.0008849557522123894
fixed_wing,at limit,airspeed x0.85,pure_pursuit,2007,1,0.02648701598093895,True,0.0009038867128653209
fixed_wing,at limit,airspeed x0.85,pure_pursuit,2008,0,0.06463056020721242,True,0.048005908419497784
fixed_wing,at limit,airspeed x0.85,pure_pursuit,2008,1,0.050064925446891964,True,0.045233644859813085
fixed_wing,at limit,airspeed x0.85,pure_pursuit,2009,0,0.025948215504351342,True,0.003505417463352454
fixed_wing,at limit,airspeed x0.85,pure_pursuit,2009,1,0.027231894424819086,True,0.0024286581663630845
fixed_wing,at limit,airspeed x0.85,pure_pursuit,2010,0,0.030214762818779953,True,0.0016886187098953055
fixed_wing,at limit,airspeed x0.85,pure_pursuit,2010,1,0.02889337987528697,True,0.0010207553589656345
fixed_wing,at limit,airspeed x0.85,pure_pursuit,2011,0,0.02665824589382387,True,0.0014775413711583924
fixed_wing,at limit,airspeed x0.85,pure_pursuit,2011,1,0.032429721087276486,True,0.008611007113440658
fixed_wing,at limit,airspeed x0.85,l1,2000,0,0.022573940012271393,True,0.0015852885225110971
fixed_wing,at limit,airspeed x0.85,l1,2000,1,0.026585726824327787,True,0.0018744142455482662
fixed_wing,at limit,airspeed x0.85,l1,2001,0,0.02430365170893603,True,0.002028985507246377
fixed_wing,at limit,airspeed x0.85,l1,2001,1,0.025709661918695732,True,0.0005918910920390648
fixed_wing,at limit,airspeed x0.85,l1,2002,0,0.03427121403765984,True,0.002688172043010753
fixed_wing,at limit,airspeed x0.85,l1,2002,1,0.02520695620617757,True,0.0013029315960912053
fixed_wing,at limit,airspeed x0.85,l1,2003,0,0.04406604765903119,True,0.008318890814558059
fixed_wing,at limit,airspeed x0.85,l1,2003,1,0.03497379129819814,True,0.0006637902422834385
fixed_wing,at limit,airspeed x0.85,l1,2004,0,0.02782777927657842,True,0.000731528895391368
fixed_wing,at limit,airspeed x0.85,l1,2004,1,0.02734352301197368,True,0.0005651313930488839
fixed_wing,at limit,airspeed x0.85,l1,2005,0,0.028685548438368045,True,0.001128668171557562
fixed_wing,at limit,airspeed x0.85,l1,2005,1,0.018386487100059686,True,0.000891000891000891
fixed_wing,at limit,airspeed x0.85,l1,2006,0,0.037576749985253746,True,0.0006112469437652812
fixed_wing,at limit,airspeed x0.85,l1,2006,1,0.02785391204060527,True,0.0
fixed_wing,at limit,airspeed x0.85,l1,2007,0,0.021627184552312162,True,0.0008849557522123894
fixed_wing,at limit,airspeed x0.85,l1,2007,1,0.02657480134732757,True,0.0027116601385959627
fixed_wing,at limit,airspeed x0.85,l1,2008,0,0.0625850187705452,True,0.048762467676394534
fixed_wing,at limit,airspeed x0.85,l1,2008,1,0.047273832748450456,True,0.04302282080059858
fixed_wing,at limit,airspeed x0.85,l1,2009,0,0.02592516950205212,True,0.0028680688336520078
fixed_wing,at limit,airspeed x0.85,l1,2009,1,0.0273369051095785,True,0.0018214936247723133
fixed_wing,at limit,airspeed x0.85,l1,2010,0,0.03036658247271779,True,0.0016886187098953055
fixed_wing,at limit,airspeed x0.85,l1,2010,1,0.029158572275985117,True,0.0013610071452875127
fixed_wing,at limit,airspeed x0.85,l1,2011,0,0.026813903848421625,True,0.0014775413711583924
fixed_wing,at limit,airspeed x0.85,l1,2011,1,0.031770288535416275,True,0.008236615499812805
fixed_wing,at limit,airspeed x0.85,vector_field,2000,0,0.012992653542869359,True,0.012040557667934094
fixed_wing,at limit,airspeed x0.85,vector_field,2000,1,0.013632671936600916,True,0.013420724094881398
fixed_wing,at limit,airspeed x0.85,vector_field,2001,0,0.011003082048820301,True,0.016213086276780544
fixed_wing,at limit,airspeed x0.85,vector_field,2001,1,0.010453064620588967,True,0.015366430260047281
fixed_wing,at limit,airspeed x0.85,vector_field,2002,0,0.059481526165807666,True,0.11896617255796275
fixed_wing,at limit,airspeed x0.85,vector_field,2002,1,0.02253159593344864,True,0.03020461188697629
fixed_wing,at limit,airspeed x0.85,vector_field,2003,0,0.033107281315965895,True,0.07777393708952644
fixed_wing,at limit,airspeed x0.85,vector_field,2003,1,0.022061384707589428,True,0.04
fixed_wing,at limit,airspeed x0.85,vector_field,2004,0,0.031052923545871906,True,0.06994535519125683
fixed_wing,at limit,airspeed x0.85,vector_field,2004,1,0.0105105585993281,True,0.012704686617730096
fixed_wing,at limit,airspeed x0.85,vector_field,2005,0,0.0396098803104427,True,0.04692192192192192
fixed_wing,at limit,airspeed x0.85,vector_field,2005,1,0.011191072294395142,True,0.013649851632047478
fixed_wing,at limit,airspeed x0.85,vector_field,2006,0,0.041853037935998656,True,0.04113345521023766
fixed_wing,at limit,airspeed x0.85,vector_field,2006,1,0.017481973131950976,True,0.02391629297458894
fixed_wing,at limit,airspeed x0.85,vector_field,2007,0,0.011773954138894416,True,0.010904804008252285
fixed_wing,at limit,airspeed x0.85,vector_field,2007,1,0.018985901015017983,True,0.04149128081779916
fixed_wing,at limit,airspeed x0.85,vector_field,2008,0,0.12702876830656934,True,0.15211062590975255
fixed_wing,at limit,airspeed x0.85,vector_field,2008,1,0.09850049421346282,True,0.1648838067133899
fixed_wing,at limit,airspeed x0.85,vector_field,2009,0,0.06881522593428295,True,0.04634920634920635
fixed_wing,at limit,airspeed x0.85,vector_field,2009,1,0.051441174228635186,True,0.041742286751361164
fixed_wing,at limit,airspeed x0.85,vector_field,2010,0,0.024721640286732696,True,0.04111897539602292
fixed_wing,at limit,airspeed x0.85,vector_field,2010,1,0.03473420765819622,True,0.06845137241613013
fixed_wing,at limit,airspeed x0.85,vector_field,2011,0,0.010872877737199999,True,0.01770956316410862
fixed_wing,at limit,airspeed x0.85,vector_field,2011,1,0.03770728708499355,True,0.08205893323386795
fixed_wing,at limit,airspeed x0.85,lead_vf,2000,0,0.022635973783593822,True,0.0
fixed_wing,at limit,airspeed x0.85,lead_vf,2000,1,0.028164120387206424,True,0.0
fixed_wing,at limit,airspeed x0.85,lead_vf,2001,0,0.024522829284556655,True,0.00261172373766686
fixed_wing,at limit,airspeed x0.85,lead_vf,2001,1,0.026428468407648734,True,0.0
fixed_wing,at limit,airspeed x0.85,lead_vf,2002,0,0.04274637442616899,True,0.022683583237216455
fixed_wing,at limit,airspeed x0.85,lead_vf,2002,1,0.03137495224123746,True,0.0
fixed_wing,at limit,airspeed x0.85,lead_vf,2003,0,0.05264571727693645,True,0.01423116973273169
fixed_wing,at limit,airspeed x0.85,lead_vf,2003,1,0.04188232616795159,True,0.007973421926910298
fixed_wing,at limit,airspeed x0.85,lead_vf,2004,0,0.033655548011938125,True,0.004026354319180088
fixed_wing,at limit,airspeed x0.85,lead_vf,2004,1,0.02704444030278906,True,0.0
fixed_wing,at limit,airspeed x0.85,lead_vf,2005,0,0.03457410994700659,True,0.003766478342749529
fixed_wing,at limit,airspeed x0.85,lead_vf,2005,1,0.02147955911321619,True,0.0
fixed_wing,at limit,airspeed x0.85,lead_vf,2006,0,0.041328396179825706,True,0.003060912151821243
fixed_wing,at limit,airspeed x0.85,lead_vf,2006,1,0.030989326538153214,True,0.0
fixed_wing,at limit,airspeed x0.85,lead_vf,2007,0,0.02404878914614078,True,0.0
fixed_wing,at limit,airspeed x0.85,lead_vf,2007,1,0.031361528104166876,True,0.00030175015087507544
fixed_wing,at limit,airspeed x0.85,lead_vf,2008,0,0.07629285996634448,True,0.038461538461538464
fixed_wing,at limit,airspeed x0.85,lead_vf,2008,1,0.06656844270267648,True,0.058030700112317486
fixed_wing,at limit,airspeed x0.85,lead_vf,2009,0,0.0316027587819324,True,0.007974481658692184
fixed_wing,at limit,airspeed x0.85,lead_vf,2009,1,0.03347276075614235,True,0.008814589665653495
fixed_wing,at limit,airspeed x0.85,lead_vf,2010,0,0.03269072828947618,True,0.0
fixed_wing,at limit,airspeed x0.85,lead_vf,2010,1,0.034951927740563424,True,0.0020442930153321977
fixed_wing,at limit,airspeed x0.85,lead_vf,2011,0,0.029286820385403353,True,0.0
fixed_wing,at limit,airspeed x0.85,lead_vf,2011,1,0.04350048574788233,True,0.013862869988759834
fixed_wing,at limit,combined,pure_pursuit,2000,0,0.06317431269281183,True,0.023881728582259287
fixed_wing,at limit,combined,pure_pursuit,2000,1,0.03488330397334603,True,0.007550018875047188
fixed_wing,at limit,combined,pure_pursuit,2001,0,0.034483816426308905,True,0.012977902490354262
fixed_wing,at limit,combined,pure_pursuit,2001,1,0.042328805383599184,True,0.005334281650071123
fixed_wing,at limit,combined,pure_pursuit,2002,0,0.1652893116966201,True,0.11728395061728394
fixed_wing,at limit,combined,pure_pursuit,2002,1,0.061049673539908485,True,0.04603979711275848
fixed_wing,at limit,combined,pure_pursuit,2003,0,0.09595852322345609,True,0.05575905575905576
fixed_wing,at limit,combined,pure_pursuit,2003,1,0.0723546873807163,True,0.04301916308173641
fixed_wing,at limit,combined,pure_pursuit,2004,0,0.1383424287594731,True,0.04650188521156263
fixed_wing,at limit,combined,pure_pursuit,2004,1,0.031977149206760445,True,0.0105982905982906
fixed_wing,at limit,combined,pure_pursuit,2005,0,0.05722849664029633,True,0.028446389496717725
fixed_wing,at limit,combined,pure_pursuit,2005,1,0.030566817143094137,True,0.005366726296958855
fixed_wing,at limit,combined,pure_pursuit,2006,0,0.11786042341667975,True,0.06043956043956044
fixed_wing,at limit,combined,pure_pursuit,2006,1,0.050642011927249285,True,0.028037383177570093
fixed_wing,at limit,combined,pure_pursuit,2007,0,0.04967203782480367,True,0.014632405424696645
fixed_wing,at limit,combined,pure_pursuit,2007,1,0.059556378654421586,True,0.026136770497672754
fixed_wing,at limit,combined,pure_pursuit,2008,0,0.22004472696739058,True,0.14859773964001674
fixed_wing,at limit,combined,pure_pursuit,2008,1,0.20310621505134024,True,0.15083084789092457
fixed_wing,at limit,combined,pure_pursuit,2009,0,0.09116994654061755,True,0.03467561521252797
fixed_wing,at limit,combined,pure_pursuit,2009,1,0.09421086303323521,True,0.03930760908763072
fixed_wing,at limit,combined,pure_pursuit,2010,0,0.05797059205524667,True,0.04097056483691328
fixed_wing,at limit,combined,pure_pursuit,2010,1,0.06445369130246673,True,0.03705179282868526
fixed_wing,at limit,combined,pure_pursuit,2011,0,0.040761967545948116,True,0.006329113924050633
fixed_wing,at limit,combined,pure_pursuit,2011,1,0.1416655224591153,True,0.0574367766823832
fixed_wing,at limit,combined,l1,2000,0,0.05947177090915566,True,0.02350265352539803
fixed_wing,at limit,combined,l1,2000,1,0.03463083395796753,True,0.007550018875047188
fixed_wing,at limit,combined,l1,2001,0,0.03389215596879568,True,0.013328656611715188
fixed_wing,at limit,combined,l1,2001,1,0.04170734675597276,True,0.005334281650071123
fixed_wing,at limit,combined,l1,2002,0,0.16235095655943244,True,0.11860670194003527
fixed_wing,at limit,combined,l1,2002,1,0.05971069744079489,True,0.046075751659508
fixed_wing,at limit,combined,l1,2003,0,0.0939069262682099,True,0.05616605616605617
fixed_wing,at limit,combined,l1,2003,1,0.07215100303308195,True,0.04301916308173641
fixed_wing,at limit,combined,l1,2004,0,0.13362073320993778,True,0.04777870913663034
fixed_wing,at limit,combined,l1,2004,1,0.031357840514228436,True,0.011282051282051283
fixed_wing,at limit,combined,l1,2005,0,0.05658079326747752,True,0.02975929978118162
fixed_wing,at limit,combined,l1,2005,1,0.030529854121851212,True,0.005366726296958855
fixed_wing,at limit,combined,l1,2006,0,0.11425371183472317,True,0.05977264393105977
fixed_wing,at limit,combined,l1,2006,1,0.04937140092441589,True,0.029475197699496764
fixed_wing,at limit,combined,l1,2007,0,0.04867948658091627,True,0.014632405424696645
fixed_wing,at limit,combined,l1,2007,1,0.05788948796387881,True,0.029717150017901896
fixed_wing,at limit,combined,l1,2008,0,0.21563458031057214,True,0.1527835914608623
fixed_wing,at limit,combined,l1,2008,1,0.19718424708543153,True,0.15302642796248933
fixed_wing,at limit,combined,l1,2009,0,0.08768563682798614,True,0.0350615441999254
fixed_wing,at limit,combined,l1,2009,1,0.09216580561689589,True,0.03966822935448972
fixed_wing,at limit,combined,l1,2010,0,0.056725562384593795,True,0.04097056483691328
fixed_wing,at limit,combined,l1,2010,1,0.06405849107027048,True,0.036653386454183264
fixed_wing,at limit,combined,l1,2011,0,0.040350250581097556,True,0.006329113924050633
fixed_wing,at limit,combined,l1,2011,1,0.13969166837622946,True,0.060437205315045005
fixed_wing,at limit,combined,vector_field,2000,0,0.17799014820230685,True,0.269331341053418
fixed_wing,at limit,combined,vector_field,2000,1,0.0335780811946503,True,0.19330575404287326
fixed_wing,at limit,combined,vector_field,2001,0,0.05985520628220785,True,0.20327754532775452
fixed_wing,at limit,combined,vector_field,2001,1,0.07699631403936313,True,0.20233050847457626
fixed_wing,at limit,combined,vector_field,2002,0,0.3625039945646345,True,0.48438818565400843
fixed_wing,at limit,combined,vector_field,2002,1,0.21840615364871424,True,0.33524245895379917
fixed_wing,at limit,combined,vector_field,2003,0,0.17553929113131264,True,0.4161020326823436
fixed_wing,at limit,combined,vector_field,2003,1,0.09902188875177984,True,0.3030185758513932
fixed_wing,at limit,combined,vector_field,2004,0,0.22480465155015628,True,0.4542456718878813
fixed_wing,at limit,combined,vector_field,2004,1,0.060097992386802114,True,0.19945541184479237
fixed_wing,at limit,combined,vector_field,2005,0,0.1654460373991106,True,0.39827586206896554
fixed_wing,at limit,combined,vector_field,2005,1,0.07043180452366782,True,0.1995030173943912
fixed_wing,at limit,combined,vector_field,2006,0,0.2210989557650211,True,0.3526032315978456
fixed_wing,at limit,combined,vector_field,2006,1,0.08006479263191987,True,0.2807829181494662
fixed_wing,at limit,combined,vector_field,2007,0,0.1429283130883531,True,0.2362093352192362
fixed_wing,at limit,combined,vector_field,2007,1,0.10777162701135072,True,0.2971246006389776
fixed_wing,at limit,combined,vector_field,2008,0,0.4660758443232441,True,0.5204326923076923
fixed_wing,at limit,combined,vector_field,2008,1,0.4595838307381604,True,0.5522267206477732
fixed_wing,at limit,combined,vector_field,2009,0,0.2097388634050103,True,0.37486258702821545
fixed_wing,at limit,combined,vector_field,2009,1,0.1658089465815564,True,0.3304812834224599
fixed_wing,at limit,combined,vector_field,2010,0,0.1737174634178707,True,0.3351583887368009
fixed_wing,at limit,combined,vector_field,2010,1,0.15537683071207298,True,0.3640643389564535
fixed_wing,at limit,combined,vector_field,2011,0,0.06836061025862658,True,0.25716282320055905
fixed_wing,at limit,combined,vector_field,2011,1,0.33499949704670107,True,0.4498327759197324
fixed_wing,at limit,combined,lead_vf,2000,0,0.06422387527256418,True,0.02428842504743833
fixed_wing,at limit,combined,lead_vf,2000,1,0.03730412038859386,True,0.014355874574990555
fixed_wing,at limit,combined,lead_vf,2001,0,0.031516288021732806,True,0.020365168539325844
fixed_wing,at limit,combined,lead_vf,2001,1,0.035719278472970795,True,0.00962223806129722
fixed_wing,at limit,combined,lead_vf,2002,0,0.1477349962526626,True,0.11730854360336432
fixed_wing,at limit,combined,lead_vf,2002,1,0.058790398955294115,True,0.046966731898238745
fixed_wing,at limit,combined,lead_vf,2003,0,0.08073604082146646,True,0.07396812423375562
fixed_wing,at limit,combined,lead_vf,2003,1,0.06782968794490617,True,0.04980392156862745
fixed_wing,at limit,combined,lead_vf,2004,0,0.11282056826549028,True,0.06137032366540563
fixed_wing,at limit,combined,lead_vf,2004,1,0.03159321924071545,True,0.0136986301369863
fixed_wing,at limit,combined,lead_vf,2005,0,0.05909380489336501,True,0.05166374781085814
fixed_wing,at limit,combined,lead_vf,2005,1,0.0320008173668999,True,0.008954154727793696
fixed_wing,at limit,combined,lead_vf,2006,0,0.10622372797958446,True,0.06390011017260375
fixed_wing,at limit,combined,lead_vf,2006,1,0.053192723790498185,True,0.04142651296829971
fixed_wing,at limit,combined,lead_vf,2007,0,0.05202292799399014,True,0.025008931761343337
fixed_wing,at limit,combined,lead_vf,2007,1,0.05619227777180773,True,0.03479196556671449
fixed_wing,at limit,combined,lead_vf,2008,0,0.1887814775979289,True,0.15836148648648649
fixed_wing,at limit,combined,lead_vf,2008,1,0.1850536062724741,True,0.16716673810544364
fixed_wing,at limit,combined,lead_vf,2009,0,0.079136343846895,True,0.03699551569506727
fixed_wing,at limit,combined,lead_vf,2009,1,0.07720798280605318,True,0.04300686664257319
fixed_wing,at limit,combined,lead_vf,2010,0,0.04609166322032998,True,0.040686078978859196
fixed_wing,at limit,combined,lead_vf,2010,1,0.06483978195883208,True,0.03792415169660679
fixed_wing,at limit,combined,lead_vf,2011,0,0.03959360539942517,True,0.01196761703625484
fixed_wing,at limit,combined,lead_vf,2011,1,0.11953122718097392,True,0.07903780068728522
quadcopter,typical,none,pure_pursuit,2000,0,0.02664660293211893,True,0.0
quadcopter,typical,none,pure_pursuit,2000,1,0.025421345146192605,True,0.0004192872117400419
quadcopter,typical,none,pure_pursuit,2001,0,0.021983499521057902,True,0.00507416081186573
quadcopter,typical,none,pure_pursuit,2001,1,0.02337908928117223,True,0.0011867088607594937
quadcopter,typical,none,pure_pursuit,2002,0,0.028831895354806986,True,0.001990049751243781
quadcopter,typical,none,pure_pursuit,2002,1,0.027239317011963443,True,0.0
quadcopter,typical,none,pure_pursuit,2003,0,0.030592332614786527,True,0.0036413290851160674
quadcopter,typical,none,pure_pursuit,2003,1,0.027202023026855506,True,0.0
quadcopter,typical,none,pure_pursuit,2004,0,0.028351905913051985,True,0.0032710280373831778
quadcopter,typical,none,pure_pursuit,2004,1,0.02503810066259457,True,0.001899696048632219
quadcopter,typical,none,pure_pursuit,2005,0,0.024025875556467423,True,0.0
quadcopter,typical,none,pure_pursuit,2005,1,0.02289200865528525,True,0.0
quadcopter,typical,none,pure_pursuit,2006,0,0.029266189214548724,True,0.0
quadcopter,typical,none,pure_pursuit,2006,1,0.026002029597711737,True,0.0
quadcopter,typical,none,pure_pursuit,2007,0,0.02783318080841074,True,0.0
quadcopter,typical,none,pure_pursuit,2007,1,0.025085134943648245,True,0.0035685963521015066
quadcopter,typical,none,pure_pursuit,2008,0,0.040360404752968766,True,0.029356060606060608
quadcopter,typical,none,pure_pursuit,2008,1,0.030657462288676135,True,0.009165460684997588
quadcopter,typical,none,pure_pursuit,2009,0,0.02902753190837514,True,0.0
quadcopter,typical,none,pure_pursuit,2009,1,0.024559181442929727,True,0.001213101496158512
quadcopter,typical,none,pure_pursuit,2010,0,0.026992298758291795,True,0.0
quadcopter,typical,none,pure_pursuit,2010,1,0.030793552031245442,True,0.0031291908806437194
quadcopter,typical,none,pure_pursuit,2011,0,0.022140251892738907,True,0.0
quadcopter,typical,none,pure_pursuit,2011,1,0.028785342451580785,True,0.006223073240785065
quadcopter,typical,none,l1,2000,0,0.026444593688220743,True,0.0
quadcopter,typical,none,l1,2000,1,0.025271433758194177,True,0.0004192872117400419
quadcopter,typical,none,l1,2001,0,0.021945644088303767,True,0.00507416081186573
quadcopter,typical,none,l1,2001,1,0.023568539523393953,True,0.0011867088607594937
quadcopter,typical,none,l1,2002,0,0.0288635709265933,True,0.0024875621890547263
quadcopter,typical,none,l1,2002,1,0.027418143737618396,True,0.0
quadcopter,typical,none,l1,2003,0,0.030544997968656257,True,0.004096495220755576
quadcopter,typical,none,l1,2003,1,0.027288159440781938,True,0.0
quadcopter,typical,none,l1,2004,0,0.028683162391594304,True,0.004672897196261682
quadcopter,typical,none,l1,2004,1,0.025268000155312248,True,0.0022796352583586625
quadcopter,typical,none,l1,2005,0,0.024147602552104637,True,0.0
quadcopter,typical,none,l1,2005,1,0.02290228641271703,True,0.0
quadcopter,typical,none,l1,2006,0,0.02952773329145686,True,0.0
quadcopter,typical,none,l1,2006,1,0.02586371314325288,True,0.0
quadcopter,typical,none,l1,2007,0,0.02803807080142015,True,0.0
quadcopter,typical,none,l1,2007,1,0.024895663513964234,True,0.006344171292624901
quadcopter,typical,none,l1,2008,0,0.04014313810221426,True,0.028409090909090908
quadcopter,typical,none,l1,2008,1,0.03090220067840033,True,0.010612638687891944
quadcopter,typical,none,l1,2009,0,0.029311493589771375,True,0.0
quadcopter,typical,none,l1,2009,1,0.024291071657653773,True,0.001213101496158512
quadcopter,typical,none,l1,2010,0,0.027192769887583637,True,0.0
quadcopter,typical,none,l1,2010,1,0.030709257160996296,True,0.004470272686633884
quadcopter,typical,none,l1,2011,0,0.02200671376345005,True,0.0
quadcopter,typical,none,l1,2011,1,0.028665689737169014,True,0.006701771182383916
quadcopter,typical,none,vector_field,2000,0,0.018019548698903414,True,0.003781512605042017
quadcopter,typical,none,vector_field,2000,1,0.017734936197521377,True,0.005448449287510477
quadcopter,typical,none,vector_field,2001,0,0.018323904982999576,True,0.01091617933723197
quadcopter,typical,none,vector_field,2001,1,0.017815535492420907,True,0.006324110671936759
quadcopter,typical,none,vector_field,2002,0,0.03379707195415718,True,0.10004952947003468
quadcopter,typical,none,vector_field,2002,1,0.020807751769896854,True,0.026395499783643445
quadcopter,typical,none,vector_field,2003,0,0.019799312070487615,True,0.04087193460490463
quadcopter,typical,none,vector_field,2003,1,0.01903829229329642,True,0.010869565217391304
quadcopter,typical,none,vector_field,2004,0,0.02428128571117598,True,0.06902985074626866
quadcopter,typical,none,vector_field,2004,1,0.018270391061643746,True,0.011005692599620493
quadcopter,typical,none,vector_field,2005,0,0.03236034952336264,True,0.04132231404958678
quadcopter,typical,none,vector_field,2005,1,0.0187826131171654,True,0.013184178985217739
quadcopter,typical,none,vector_field,2006,0,0.020231984333693182,True,0.019520130134200894
quadcopter,typical,none,vector_field,2006,1,0.02043197417969482,True,0.012033694344163659
quadcopter,typical,none,vector_field,2007,0,0.02060179988089819,True,0.015531660692951015
quadcopter,typical,none,vector_field,2007,1,0.019634789101136887,True,0.017828843106180665
quadcopter,typical,none,vector_field,2008,0,0.046130141995837606,True,0.11032531824611033
quadcopter,typical,none,vector_field,2008,1,0.04529011885204789,True,0.137104506232023
quadcopter,typical,none,vector_field,2009,0,0.025414219825607647,True,0.0324459234608985
quadcopter,typical,none,vector_field,2009,1,0.020460874515493468,True,0.0210016155088853
quadcopter,typical,none,vector_field,2010,0,0.018412837163716583,True,0.009349955476402494
quadcopter,typical,none,vector_field,2010,1,0.03447085512285972,True,0.0570409982174688
quadcopter,typical,none,vector_field,2011,0,0.019441054645212057,True,0.015282131661442006
quadcopter,typical,none,vector_field,2011,1,0.022445087361821013,True,0.06405353728489484
quadcopter,typical,none,lead_vf,2000,0,0.025566104904976506,True,0.0
quadcopter,typical,none,lead_vf,2000,1,0.023697342312331428,True,0.0
quadcopter,typical,none,lead_vf,2001,0,0.020655764843936983,True,0.004295197188598204
quadcopter,typical,none,lead_vf,2001,1,0.02278905561902106,True,0.0
quadcopter,typical,none,lead_vf,2002,0,0.02654248390274953,True,0.008959681433549029
quadcopter,typical,none,lead_vf,2002,1,0.025508046501973598,True,0.0
quadcopter,typical,none,lead_vf,2003,0,0.02764751357692033,True,0.00546448087431694
quadcopter,typical,none,lead_vf,2003,1,0.024115269866578047,True,0.0
quadcopter,typical,none,lead_vf,2004,0,0.026800640278831306,True,0.004207573632538569
quadcopter,typical,none,lead_vf,2004,1,0.02391512914734733,True,0.0019004180919802356
quadcopter,typical,none,lead_vf,2005,0,0.02297771893850306,True,0.001948368241597662
quadcopter,typical,none,lead_vf,2005,1,0.0212913068565224,True,0.0023990403838464614
quadcopter,typical,none,lead_vf,2006,0,0.027822092694872146,True,0.0
quadcopter,typical,none,lead_vf,2006,1,0.023735193397870717,True,0.0
quadcopter,typical,none,lead_vf,2007,0,0.026658891818951293,True,0.0
quadcopter,typical,none,lead_vf,2007,1,0.023256273860692858,True,0.002380007933359778
quadcopter,typical,none,lead_vf,2008,0,0.03404571178191806,True,0.03172348484848485
quadcopter,typical,none,lead_vf,2008,1,0.027428311573907124,True,0.018822393822393823
quadcopter,typical,none,lead_vf,2009,0,0.02514534568987381,True,0.0
quadcopter,typical,none,lead_vf,2009,1,0.022786593615094053,True,0.0012135922330097086
quadcopter,typical,none,lead_vf,2010,0,0.025529492325182656,True,0.0
quadcopter,typical,none,lead_vf,2010,1,0.028316865074095962,True,0.004025044722719142
quadcopter,typical,none,lead_vf,2011,0,0.022152481032391598,True,0.0
quadcopter,typical,none,lead_vf,2011,1,0.028146497106030774,True,0.006701771182383916
quadcopter,typical,position noise,pure_pursuit,2000,0,0.026722402079629004,True,0.0012610340479192938
quadcopter,typical,position noise,pure_pursuit,2000,1,0.02614657435533179,True,0.003352891869237217
quadcopter,typical,position noise,pure_pursuit,2001,0,0.022761021372686638,True,0.00585480093676815
quadcopter,typical,position noise,pure_pursuit,2001,1,0.023947088952660834,True,0.002374356944994064
quadcopter,typical,position noise,pure_pursuit,2002,0,0.02950615574843162,True,0.02138239681750373
quadcopter,typical,position noise,pure_pursuit,2002,1,0.029002117791258247,True,0.0034647033347769596
quadcopter,typical,position noise,pure_pursuit,2003,0,0.03014244984592298,True,0.006375227686703097
quadcopter,typical,position noise,pure_pursuit,2003,1,0.028360222213277324,True,0.002178649237472767
quadcopter,typical,position noise,pure_pursuit,2004,0,0.03129489638658885,True,0.005137786081270434
quadcopter,typical,position noise,pure_pursuit,2004,1,0.026484771856847576,True,0.004177744018230156
quadcopter,typical,position noise,pure_pursuit,2005,0,0.02455179515945882,True,0.0034079844206426485
quadcopter,typical,position noise,pure_pursuit,2005,1,0.023469139846715954,True,0.0023990403838464614
quadcopter,typical,position noise,pure_pursuit,2006,0,0.02871333791644723,True,0.003663003663003663
quadcopter,typical,position noise,pure_pursuit,2006,1,0.025144864033752656,True,0.0012057877813504824
quadcopter,typical,position noise,pure_pursuit,2007,0,0.026804043695230165,True,0.001994415636218588
quadcopter,typical,position noise,pure_pursuit,2007,1,0.02586060281863501,True,0.0067406819984139575
quadcopter,typical,position noise,pure_pursuit,2008,0,0.042487533434696634,True,0.041212695405021316
quadcopter,typical,position noise,pure_pursuit,2008,1,0.03087065492409472,True,0.02700096432015429
quadcopter,typical,position noise,pure_pursuit,2009,0,0.03101301363326814,True,0.0025020850708924102
quadcopter,typical,position noise,pure_pursuit,2009,1,0.024684588850963706,True,0.007682976142337242
quadcopter,typical,position noise,pure_pursuit,2010,0,0.02758463647155312,True,0.00267379679144385
quadcopter,typical,position noise,pure_pursuit,2010,1,0.030795073449776823,True,0.005813953488372093
quadcopter,typical,position noise,pure_pursuit,2011,0,0.02226756343288914,True,0.001961553550411926
quadcopter,typical,position noise,pure_pursuit,2011,1,0.031586132576115866,True,0.012440191387559809
quadcopter,typical,position noise,l1,2000,0,0.02637439000027364,True,0.0012610340479192938
quadcopter,typical,position noise,l1,2000,1,0.02600495432198302,True,0.003352891869237217
quadcopter,typical,position noise,l1,2001,0,0.02259618283097638,True,0.0078064012490242
quadcopter,typical,position noise,l1,2001,1,0.023895914638211207,True,0.002374356944994064
quadcopter,typical,position noise,l1,2002,0,0.029467067544548774,True,0.02040816326530612
quadcopter,typical,position noise,l1,2002,1,0.028660612952300886,True,0.0034647033347769596
quadcopter,typical,position noise,l1,2003,0,0.029605033784929017,True,0.007285974499089253
quadcopter,typical,position noise,l1,2003,1,0.028068960683378913,True,0.002178649237472767
quadcopter,typical,position noise,l1,2004,0,0.031353777992156606,True,0.007006071929005138
quadcopter,typical,position noise,l1,2004,1,0.02637434034868051,True,0.00569692366122294
quadcopter,typical,position noise,l1,2005,0,0.024464737309223168,True,0.0038929440389294406
quadcopter,typical,position noise,l1,2005,1,0.02322553450016355,True,0.0023990403838464614
quadcopter,typical,position noise,l1,2006,0,0.028701147366668997,True,0.003663003663003663
quadcopter,typical,position noise,l1,2006,1,0.02493525915476534,True,0.0020096463022508037
quadcopter,typical,position noise,l1,2007,0,0.026634610435038158,True,0.001994415636218588
quadcopter,typical,position noise,l1,2007,1,0.025605338635096717,True,0.008326724821570182
quadcopter,typical,position noise,l1,2008,0,0.04186595380700826,True,0.04026527711984841
quadcopter,typical,position noise,l1,2008,1,0.03064063706406297,True,0.026036644165863067
quadcopter,typical,position noise,l1,2009,0,0.03095392008965313,True,0.002085070892410342
quadcopter,typical,position noise,l1,2009,1,0.024302981574487244,True,0.007682976142337242
quadcopter,typical,position noise,l1,2010,0,0.0275160637143644,True,0.00267379679144385
quadcopter,typical,position noise,l1,2010,1,0.030697737102567693,True,0.005813953488372093
quadcopter,typical,position noise,l1,2011,0,0.022149035369057386,True,0.002746174970576697
quadcopter,typical,position noise,l1,2011,1,0.03136460420704228,True,0.01291866028708134
quadcopter,typical,position noise,vector_field,2000,0,0.018610448639156188,True,0.013025210084033614
quadcopter,typical,position noise,vector_field,2000,1,0.018034955140235377,True,0.011316010058675607
quadcopter,typical,position noise,vector_field,2001,0,0.019205885407849413,True,0.0218408736349454
quadcopter,typical,position noise,vector_field,2001,1,0.01790914112585832,True,0.015810276679841896
quadcopter,typical,position noise,vector_field,2002,0,0.03488260123517814,True,0.11452652454139811
quadcopter,typical,position noise,vector_field,2002,1,0.02143924582231014,True,0.04893893460372455
quadcopter,typical,position noise,vector_field,2003,0,0.023165505409487495,True,0.07035860190649115
quadcopter,typical,position noise,vector_field,2003,1,0.020714874632389253,True,0.04085180356366797
quadcopter,typical,position noise,vector_field,2004,0,0.03106293694429512,True,0.075990675990676
quadcopter,typical,position noise,vector_field,2004,1,0.018889192701168157,True,0.019741837509491267
quadcopter,typical,position noise,vector_field,2005,0,0.03285644844040686,True,0.05201750121536218
quadcopter,typical,position noise,vector_field,2005,1,0.019071894051428638,True,0.019568690095846646
quadcopter,typical,position noise,vector_field,2006,0,0.023928759572020356,True,0.03904026026840179
quadcopter,typical,position noise,vector_field,2006,1,0.02306538808284919,True,0.03326653306613227
quadcopter,typical,position noise,vector_field,2007,0,0.02288474135833432,True,0.025079617834394906
quadcopter,typical,position noise,vector_field,2007,1,0.02076081534715126,True,0.03169572107765452
quadcopter,typical,position noise,vector_field,2008,0,0.03652958179107328,True,0.13484205563413484
quadcopter,typical,position noise,vector_field,2008,1,0.04198760947770214,True,0.15506481036965913
quadcopter,typical,position noise,vector_field,2009,0,0.029899035457210524,True,0.045322245322245325
quadcopter,typical,position noise,vector_field,2009,1,0.025425808151195058,True,0.046830843762616065
quadcopter,typical,position noise,vector_field,2010,0,0.019868793431282693,True,0.03069395017793594
quadcopter,typical,position noise,vector_field,2010,1,0.022524157084816976,True,0.062025881302989735
quadcopter,typical,position noise,vector_field,2011,0,0.02200554603673804,True,0.02468652037617555
quadcopter,typical,position noise,vector_field,2011,1,0.025997556293626236,True,0.08030592734225621
quadcopter,typical,position noise,lead_vf,2000,0,0.022353061993597212,True,0.0
quadcopter,typical,position noise,lead_vf,2000,1,0.024065345686217734,True,0.0
quadcopter,typical,position noise,lead_vf,2001,0,0.021494077224425614,True,0.00468384074941452
quadcopter,typical,position noise,lead_vf,2001,1,0.022685514002474552,True,0.0
quadcopter,typical,position noise,lead_vf,2002,0,0.025935521610997755,True,0.022399203583872575
quadcopter,typical,position noise,lead_vf,2002,1,0.026795068027519735,True,0.00043346337234503684
quadcopter,typical,position noise,lead_vf,2003,0,0.02619959607592702,True,0.006830601092896175
quadcopter,typical,position noise,lead_vf,2003,1,0.02399864084851838,True,0.0
quadcopter,typical,position noise,lead_vf,2004,0,0.028059128992534113,True,0.005612722170252572
quadcopter,typical,position noise,lead_vf,2004,1,0.026353900235416478,True,0.0019011406844106464
quadcopter,typical,position noise,lead_vf,2005,0,0.024036075267375126,True,0.0024366471734892786
quadcopter,typical,position noise,lead_vf,2005,1,0.020928585738389405,True,0.001999200319872051
quadcopter,typical,position noise,lead_vf,2006,0,0.027441854103665918,True,0.002036659877800407
quadcopter,typical,position noise,lead_vf,2006,1,0.02263251271408441,True,0.00040192926045016077
quadcopter,typical,position noise,lead_vf,2007,0,0.025660601905615255,True,0.0007977662544874351
quadcopter,typical,position noise,lead_vf,2007,1,0.023380122439703582,True,0.00277888050813815
quadcopter,typical,position noise,lead_vf,2008,0,0.037453722875924134,True,0.043107531975367125
quadcopter,typical,position noise,lead_vf,2008,1,0.02730292978842693,True,0.03667953667953668
quadcopter,typical,position noise,lead_vf,2009,0,0.02742532098641944,True,0.0050041701417848205
quadcopter,typical,position noise,lead_vf,2009,1,0.021668932727670828,True,0.007281553398058253
quadcopter,typical,position noise,lead_vf,2010,0,0.026382491728634452,True,0.0
quadcopter,typical,position noise,lead_vf,2010,1,0.02684011131188054,True,0.008050089445438283
quadcopter,typical,position noise,lead_vf,2011,0,0.02119173565993455,True,0.0
quadcopter,typical,position noise,lead_vf,2011,1,0.03045161361144439,True,0.01244614648157013
quadcopter,typical,velocity noise,pure_pursuit,2000,0,0.02651577559868569,True,0.0008406893652795292
quadcopter,typical,velocity noise,pure_pursuit,2000,1,0.027329650995080078,True,0.0012578616352201257
quadcopter,typical,velocity noise,pure_pursuit,2001,0,0.023400735408821313,True,0.00585480093676815
quadcopter,typical,velocity noise,pure_pursuit,2001,1,0.024637411567990323,True,0.0011867088607594937
quadcopter,typical,velocity noise,pure_pursuit,2002,0,0.030742452266496842,True,0.034808552958727
quadcopter,typical,velocity noise,pure_pursuit,2002,1,0.030536523335628216,True,0.0043308791684712
quadcopter,typical,velocity noise,pure_pursuit,2003,0,0.030149450791240387,True,0.009558488848429678
quadcopter,typical,velocity noise,pure_pursuit,2003,1,0.029324229265129162,True,0.00522420548541576
quadcopter,typical,velocity noise,pure_pursuit,2004,0,0.03371741113570899,True,0.006074766355140187
quadcopter,typical,velocity noise,pure_pursuit,2004,1,0.027355370745051184,True,0.00303951367781155
quadcopter,typical,velocity noise,pure_pursuit,2005,0,0.02499082004451148,True,0.0019474196689386564
quadcopter,typical,velocity noise,pure_pursuit,2005,1,0.023811563793955916,True,0.001999200319872051
quadcopter,typical,velocity noise,pure_pursuit,2006,0,0.029247079968810173,True,0.012611879576891782
quadcopter,typical,velocity noise,pure_pursuit,2006,1,0.0247603842563196,True,0.002811244979919679
quadcopter,typical,velocity noise,pure_pursuit,2007,0,0.026133254891279836,True,0.0035870864886408927
quadcopter,typical,velocity noise,pure_pursuit,2007,1,0.026571880534371765,True,0.005950019833399445
quadcopter,typical,velocity noise,pure_pursuit,2008,0,0.04664585660074739,True,0.05203405865657521
quadcopter,typical,velocity noise,pure_pursuit,2008,1,0.03200239334621776,True,0.04626506024096386
quadcopter,typical,velocity noise,pure_pursuit,2009,0,0.0324433500821379,True,0.005002084201750729
quadcopter,typical,velocity noise,pure_pursuit,2009,1,0.02571294026262303,True,0.01253538212697129
quadcopter,typical,velocity noise,pure_pursuit,2010,0,0.027311056635680675,True,0.002229157378510923
quadcopter,typical,velocity noise,pure_pursuit,2010,1,0.030944095158746326,True,0.009834599910594547
quadcopter,typical,velocity noise,pure_pursuit,2011,0,0.022573041411391048,True,0.000784313725490196
quadcopter,typical,velocity noise,pure_pursuit,2011,1,0.03633104005729477,True,0.01674641148325359
quadcopter,typical,velocity noise,l1,2000,0,0.026393169292279563,True,0.0008406893652795292
quadcopter,typical,velocity noise,l1,2000,1,0.027424035370132993,True,0.0012578616352201257
quadcopter,typical,velocity noise,l1,2001,0,0.02348911064238516,True,0.00624512099921936
quadcopter,typical,velocity noise,l1,2001,1,0.02450834010337092,True,0.0011867088607594937
quadcopter,typical,velocity noise,l1,2002,0,0.03081894606748485,True,0.034808552958727
quadcopter,typical,velocity noise,l1,2002,1,0.030632039500098768,True,0.00519705500216544
quadcopter,typical,velocity noise,l1,2003,0,0.03006095043212017,True,0.009558488848429678
quadcopter,typical,velocity noise,l1,2003,1,0.029095191640280627,True,0.00522420548541576
quadcopter,typical,velocity noise,l1,2004,0,0.0335222371011965,True,0.0065420560747663555
quadcopter,typical,velocity noise,l1,2004,1,0.02756306188417943,True,0.003419452887537994
quadcopter,typical,velocity noise,l1,2005,0,0.024888557620920584,True,0.0019474196689386564
quadcopter,typical,velocity noise,l1,2005,1,0.02373067594616498,True,0.001999200319872051
quadcopter,typical,velocity noise,l1,2006,0,0.02926859616275892,True,0.011798209926769731
quadcopter,typical,velocity noise,l1,2006,1,0.024733833062711465,True,0.0024096385542168677
quadcopter,typical,velocity noise,l1,2007,0,0.026320238340545907,True,0.0031885213232363493
quadcopter,typical,velocity noise,l1,2007,1,0.026617157093796293,True,0.00753370340999207
quadcopter,typical,velocity noise,l1,2008,0,0.04628853398560448,True,0.05253194510175106
quadcopter,typical,velocity noise,l1,2008,1,0.03219419745065133,True,0.04626506024096386
quadcopter,typical,velocity noise,l1,2009,0,0.03246494476542426,True,0.005002084201750729
quadcopter,typical,velocity noise,l1,2009,1,0.02580581912564468,True,0.01253538212697129
quadcopter,typical,velocity noise,l1,2010,0,0.027551787636731752,True,0.002229157378510923
quadcopter,typical,velocity noise,l1,2010,1,0.03115049600241215,True,0.010281627179257935
quadcopter,typical,velocity noise,l1,2011,0,0.022619369662200815,True,0.000784313725490196
quadcopter,typical,velocity noise,l1,2011,1,0.03613366104874617,True,0.016267942583732056
quadcopter,typical,velocity noise,vector_field,2000,0,0.019841301560194778,True,0.0273109243697479
quadcopter,typical,velocity noise,vector_field,2000,1,0.019144934430509145,True,0.034771679932970256
quadcopter,typical,velocity noise,vector_field,2001,0,0.019992120161475054,True,0.04717348927875244
quadcopter,typical,velocity noise,vector_field,2001,1,0.019481233286542794,True,0.03239826155669696
quadcopter,typical,velocity noise,vector_field,2002,0,0.03535211112880301,True,0.12382367508667658
quadcopter,typical,velocity noise,vector_field,2002,1,0.023494750128702283,True,0.07958477508650519
quadcopter,typical,velocity noise,vector_field,2003,0,0.023751576512572543,True,0.09210526315789473
quadcopter,typical,velocity noise,vector_field,2003,1,0.022174513590936425,True,0.06301607996523251
quadcopter,typical,velocity noise,vector_field,2004,0,0.0257287483598931,True,0.08671328671328671
quadcopter,typical,velocity noise,vector_field,2004,1,0.021474692259656245,True,0.03908918406072106
quadcopter,typical,velocity noise,vector_field,2005,0,0.03743687978236544,True,0.0738581146744412
quadcopter,typical,velocity noise,vector_field,2005,1,0.020078064997824732,True,0.03514376996805112
quadcopter,typical,velocity noise,vector_field,2006,0,0.02482101663101432,True,0.06298252742787484
quadcopter,typical,velocity noise,vector_field,2006,1,0.0266438604764737,True,0.056112224448897796
quadcopter,typical,velocity noise,vector_field,2007,0,0.025151645116002146,True,0.046974522292993634
quadcopter,typical,velocity noise,vector_field,2007,1,0.02267090837664036,True,0.05386138613861386
quadcopter,typical,velocity noise,vector_field,2008,0,0.04458162971824545,True,0.1553672316384181
quadcopter,typical,velocity noise,vector_field,2008,1,0.04745375899617819,True,0.1700191570881226
quadcopter,typical,velocity noise,vector_field,2009,0,0.03040508509467733,True,0.06359102244389027
quadcopter,typical,velocity noise,vector_field,2009,1,0.028560461077134138,True,0.07304277643260694
quadcopter,typical,velocity noise,vector_field,2010,0,0.020722920424959865,True,0.0529595015576324
quadcopter,typical,velocity noise,vector_field,2010,1,0.025971882606966687,True,0.08247882300490414
quadcopter,typical,velocity noise,vector_field,2011,0,0.024103948091935105,True,0.04230317273795535
quadcopter,typical,velocity noise,vector_field,2011,1,0.025884706796733405,True,0.0964660936007641
quadcopter,typical,velocity noise,lead_vf,2000,0,0.024593452123741928,True,0.0016813787305590584
quadcopter,typical,velocity noise,lead_vf,2000,1,0.025490192904424808,True,0.0012578616352201257
quadcopter,typical,velocity noise,lead_vf,2001,0,0.02260573373898608,True,0.004295197188598204
quadcopter,typical,velocity noise,lead_vf,2001,1,0.023860644092742883,True,0.0023734177215189874
quadcopter,typical,velocity noise,lead_vf,2002,0,0.03220752800966166,True,0.0472636815920398
quadcopter,typical,velocity noise,lead_vf,2002,1,0.029471445784405123,True,0.007365684575389948
quadcopter,typical,velocity noise,lead_vf,2003,0,0.027300545917711076,True,0.018214936247723135
quadcopter,typical,velocity noise,lead_vf,2003,1,0.02640207130492478,True,0.00957771005659556
quadcopter,typical,velocity noise,lead_vf,2004,0,0.03248156540168501,True,0.013551401869158878
quadcopter,typical,velocity noise,lead_vf,2004,1,0.027556991056209273,True,0.0026605853287723297
quadcopter,typical,velocity noise,lead_vf,2005,0,0.02475613776400376,True,0.011203117389186557
quadcopter,typical,velocity noise,lead_vf,2005,1,0.022791468023321212,True,0.001999200319872051
quadcopter,typical,velocity noise,lead_vf,2006,0,0.028254356388018834,True,0.015873015873015872
quadcopter,typical,velocity noise,lead_vf,2006,1,0.02390687470069887,True,0.007228915662650603
quadcopter,typical,velocity noise,lead_vf,2007,0,0.025095799344901047,True,0.004784688995215311
quadcopter,typical,velocity noise,lead_vf,2007,1,0.02597156919873495,True,0.007936507936507936
quadcopter,typical,velocity noise,lead_vf,2008,0,0.0434726304945129,True,0.06669820245979187
quadcopter,typical,velocity noise,lead_vf,2008,1,0.031655023525176754,True,0.06843373493975903
quadcopter,typical,velocity noise,lead_vf,2009,0,0.02965457037603319,True,0.011254689453939141
quadcopter,typical,velocity noise,lead_vf,2009,1,0.025815236455661313,True,0.016579053780832995
quadcopter,typical,velocity noise,lead_vf,2010,0,0.026431258763351183,True,0.003568242640499554
quadcopter,typical,velocity noise,lead_vf,2010,1,0.02829563746039228,True,0.017889087656529516
quadcopter,typical,velocity noise,lead_vf,2011,0,0.0228072807737128,True,0.001568627450980392
quadcopter,typical,velocity noise,lead_vf,2011,1,0.038954685633899325,True,0.026794258373205742
quadcopter,typical,sensor delay 0.2 s,pure_pursuit,2000,0,0.02512630121292932,True,0.0012583892617449664
quadcopter,typical,sensor delay 0.2 s,pure_pursuit,2000,1,0.024483667728781973,True,0.00041841004184100416
quadcopter,typical,sensor delay 0.2 s,pure_pursuit,2001,0,0.022515911132981504,True,0.007398753894080997
quadcopter,typical,sensor delay 0.2 s,pure_pursuit,2001,1,0.02303934928099577,True,0.001184834123222749
quadcopter,typical,sensor delay 0.2 s,pure_pursuit,2002,0,0.026038537825846295,True,0.01636093207734259
quadcopter,typical,sensor delay 0.2 s,pure_pursuit,2002,1,0.02481478739948691,True,0.0
quadcopter,typical,sensor delay 0.2 s,pure_pursuit,2003,0,0.02645526399930591,True,0.005447117566954153
quadcopter,typical,sensor delay 0.2 s,pure_pursuit,2003,1,0.024811980104976594,True,0.0017376194613379669
quadcopter,typical,sensor delay 0.2 s,pure_pursuit,2004,0,0.026294434771242693,True,0.006060606060606061
quadcopter,typical,sensor delay 0.2 s,pure_pursuit,2004,1,0.02572899326489085,True,0.003411675511751327
quadcopter,typical,sensor delay 0.2 s,pure_pursuit,2005,0,0.028273851030203585,True,0.0
quadcopter,typical,sensor delay 0.2 s,pure_pursuit,2005,1,0.023146885157462428,True,0.0003990422984836393
quadcopter,typical,sensor delay 0.2 s,pure_pursuit,2006,0,0.026097152890541757,True,0.0012185215272136475
quadcopter,typical,sensor delay 0.2 s,pure_pursuit,2006,1,0.024881402839405556,True,0.0016032064128256513
quadcopter,typical,sensor delay 0.2 s,pure_pursuit,2007,0,0.0258431156478586,True,0.0011933174224343676
quadcopter,typical,sensor delay 0.2 s,pure_pursuit,2007,1,0.024292788208353275,True,0.005537974683544304
quadcopter,typical,sensor delay 0.2 s,pure_pursuit,2008,0,0.047296693267425624,True,0.04481132075471698
quadcopter,typical,sensor delay 0.2 s,pure_pursuit,2008,1,0.02652935010498053,True,0.036057692307692304
quadcopter,typical,sensor delay 0.2 s,pure_pursuit,2009,0,0.028227212883373272,True,0.0004158004158004158
quadcopter,typical,sensor delay 0.2 s,pure_pursuit,2009,1,0.021719519465173063,True,0.0036319612590799033
quadcopter,typical,sensor delay 0.2 s,pure_pursuit,2010,0,0.025753770307446505,True,0.0
quadcopter,typical,sensor delay 0.2 s,pure_pursuit,2010,1,0.02656173588896081,True,0.008021390374331552
quadcopter,typical,sensor delay 0.2 s,pure_pursuit,2011,0,0.021395132762764116,True,0.0003913894324853229
quadcopter,typical,sensor delay 0.2 s,pure_pursuit,2011,1,0.02571947356591804,True,0.008114558472553698
quadcopter,typical,sensor delay 0.2 s,l1,2000,0,0.02503606470861512,True,0.0012583892617449664
quadcopter,typical,sensor delay 0.2 s,l1,2000,1,0.024435523662853183,True,0.00041841004184100416
quadcopter,typical,sensor delay 0.2 s,l1,2001,0,0.022381248075160405,True,0.007398753894080997
quadcopter,typical,sensor delay 0.2 s,l1,2001,1,0.023038275429792462,True,0.001184834123222749
quadcopter,typical,sensor delay 0.2 s,l1,2002,0,0.0258244727025412,True,0.012890431333663858
quadcopter,typical,sensor delay 0.2 s,l1,2002,1,0.02489571814789856,True,0.0
quadcopter,typical,sensor delay 0.2 s,l1,2003,0,0.026332740489411425,True,0.005901044030866999
quadcopter,typical,sensor delay 0.2 s,l1,2003,1,0.02471862564303242,True,0.0017376194613379669
quadcopter,typical,sensor delay 0.2 s,l1,2004,0,0.02645700290204384,True,0.007921714818266543
quadcopter,typical,sensor delay 0.2 s,l1,2004,1,0.025814585492947094,True,0.0037907505686125853
quadcopter,typical,sensor delay 0.2 s,l1,2005,0,0.027608411738640988,True,0.0
quadcopter,typical,sensor delay 0.2 s,l1,2005,1,0.023211349650199803,True,0.0003990422984836393
quadcopter,typical,sensor delay 0.2 s,l1,2006,0,0.02606803352226294,True,0.0012185215272136475
quadcopter,typical,sensor delay 0.2 s,l1,2006,1,0.02480647022619882,True,0.0016032064128256513
quadcopter,typical,sensor delay 0.2 s,l1,2007,0,0.02594757870117368,True,0.0007958615200955034
quadcopter,typical,sensor delay 0.2 s,l1,2007,1,0.02409843879561259,True,0.007911392405063292
quadcopter,typical,sensor delay 0.2 s,l1,2008,0,0.046923677632892624,True,0.043867924528301884
quadcopter,typical,sensor delay 0.2 s,l1,2008,1,0.02659819793941915,True,0.03942307692307692
quadcopter,typical,sensor delay 0.2 s,l1,2009,0,0.028197253580017498,True,0.0
quadcopter,typical,sensor delay 0.2 s,l1,2009,1,0.021734313644907917,True,0.004033884630899556
quadcopter,typical,sensor delay 0.2 s,l1,2010,0,0.025800958712941115,True,0.0
quadcopter,typical,sensor delay 0.2 s,l1,2010,1,0.026604155527349883,True,0.008467023172905526
quadcopter,typical,sensor delay 0.2 s,l1,2011,0,0.021234194429291857,True,0.0003913894324853229
quadcopter,typical,sensor delay 0.2 s,l1,2011,1,0.025626826012691714,True,0.008114558472553698
quadcopter,typical,sensor delay 0.2 s,vector_field,2000,0,0.02411956432780173,True,0.030176026823134954
quadcopter,typical,sensor delay 0.2 s,vector_field,2000,1,0.023946736805443857,True,0.030505641454241537
quadcopter,typical,sensor delay 0.2 s,vector_field,2001,0,0.025641028124096563,True,0.04665629860031104
quadcopter,typical,sensor delay 0.2 s,vector_field,2001,1,0.024615745032061404,True,0.026025236593059938
quadcopter,typical,sensor delay 0.2 s,vector_field,2002,0,0.06513481114958485,True,0.15324165029469547
quadcopter,typical,sensor delay 0.2 s,vector_field,2002,1,0.0327313602084732,True,0.08017241379310344
quadcopter,typical,sensor delay 0.2 s,vector_field,2003,0,0.03648606625957178,True,0.11070944419340262
quadcopter,typical,sensor delay 0.2 s,vector_field,2003,1,0.02791127195786912,True,0.06068487212830516
quadcopter,typical,sensor delay 0.2 s,vector_field,2004,0,0.044196092695897374,True,0.14106728538283062
quadcopter,typical,sensor delay 0.2 s,vector_field,2004,1,0.029048856502982758,True,0.046538024971623154
quadcopter,typical,sensor delay 0.2 s,vector_field,2005,0,0.0528150930648416,True,0.09297820823244551
quadcopter,typical,sensor delay 0.2 s,vector_field,2005,1,0.026398173516143354,True,0.038231780167264036
quadcopter,typical,sensor delay 0.2 s,vector_field,2006,0,0.03033176767285668,True,0.054316984191325496
quadcopter,typical,sensor delay 0.2 s,vector_field,2006,1,0.03336192892161058,True,0.058376649340263896
quadcopter,typical,sensor delay 0.2 s,vector_field,2007,0,0.03113495967307484,True,0.05242255758538523
quadcopter,typical,sensor delay 0.2 s,vector_field,2007,1,0.02916435038413516,True,0.06437598736176935
quadcopter,typical,sensor delay 0.2 s,vector_field,2008,0,0.0851066853828705,True,0.1884328358208955
quadcopter,typical,sensor delay 0.2 s,vector_field,2008,1,0.08769599260498236,True,0.20408163265306123
quadcopter,typical,sensor delay 0.2 s,vector_field,2009,0,0.04700276243360212,True,0.0906832298136646
quadcopter,typical,sensor delay 0.2 s,vector_field,2009,1,0.03956157469397088,True,0.06918744971842317
quadcopter,typical,sensor delay 0.2 s,vector_field,2010,0,0.02666896361538212,True,0.06125166444740346
quadcopter,typical,sensor delay 0.2 s,vector_field,2010,1,0.07363324356926977,True,0.10677891005759858
quadcopter,typical,sensor delay 0.2 s,vector_field,2011,0,0.02595299665103276,True,0.039077764751856196
quadcopter,typical,sensor delay 0.2 s,vector_field,2011,1,0.04122888448981786,True,0.12654614652711704
quadcopter,typical,sensor delay 0.2 s,lead_vf,2000,0,0.023883964385858734,True,0.0
quadcopter,typical,sensor delay 0.2 s,lead_vf,2000,1,0.022420655768623156,True,0.0
quadcopter,typical,sensor delay 0.2 s,lead_vf,2001,0,0.020745378820462998,True,0.00584339696143358
quadcopter,typical,sensor delay 0.2 s,lead_vf,2001,1,0.0217447382301102,True,0.0
quadcopter,typical,sensor delay 0.2 s,lead_vf,2002,0,0.02226652592373065,True,0.014384920634920634
quadcopter,typical,sensor delay 0.2 s,lead_vf,2002,1,0.022543762025956614,True,0.0
quadcopter,typical,sensor delay 0.2 s,lead_vf,2003,0,0.023233201770346375,True,0.007266121707538601
quadcopter,typical,sensor delay 0.2 s,lead_vf,2003,1,0.02182848655321707,True,0.0
quadcopter,typical,sensor delay 0.2 s,lead_vf,2004,0,0.02470028419898105,True,0.006060606060606061
quadcopter,typical,sensor delay 0.2 s,lead_vf,2004,1,0.02402273317536091,True,0.0034129692832764505
quadcopter,typical,sensor delay 0.2 s,lead_vf,2005,0,0.023633102098604898,True,0.007288629737609329
quadcopter,typical,sensor delay 0.2 s,lead_vf,2005,1,0.02069350960703193,True,0.0039904229848363925
quadcopter,typical,sensor delay 0.2 s,lead_vf,2006,0,0.024525729570755612,True,0.0
quadcopter,typical,sensor delay 0.2 s,lead_vf,2006,1,0.022278241529700073,True,0.0
quadcopter,typical,sensor delay 0.2 s,lead_vf,2007,0,0.02443578644701963,True,0.0
quadcopter,typical,sensor delay 0.2 s,lead_vf,2007,1,0.022678746058386986,True,0.003957261574990107
quadcopter,typical,sensor delay 0.2 s,lead_vf,2008,0,0.036635115608025806,True,0.042000943841434636
quadcopter,typical,sensor delay 0.2 s,lead_vf,2008,1,0.02328935738727848,True,0.030303030303030304
quadcopter,typical,sensor delay 0.2 s,lead_vf,2009,0,0.023448791064858553,True,0.0016638935108153079
quadcopter,typical,sensor delay 0.2 s,lead_vf,2009,1,0.020353195733917556,True,0.002824858757062147
quadcopter,typical,sensor delay 0.2 s,lead_vf,2010,0,0.02223434943711352,True,0.0
quadcopter,typical,sensor delay 0.2 s,lead_vf,2010,1,0.024460719390590805,True,0.010704727921498661
quadcopter,typical,sensor delay 0.2 s,lead_vf,2011,0,0.02123228571491874,True,0.0
quadcopter,typical,sensor delay 0.2 s,lead_vf,2011,1,0.024460260281034225,True,0.010506208213944603
quadcopter,typical,response lag x2,pure_pursuit,2000,0,0.026959940442970412,True,0.0008403361344537816
quadcopter,typical,response lag x2,pure_pursuit,2000,1,0.025072995303741845,True,0.0
quadcopter,typical,response lag x2,pure_pursuit,2001,0,0.024589662224316522,True,0.006627680311890838
quadcopter,typical,response lag x2,pure_pursuit,2001,1,0.025017728682335115,True,0.0015816528272044287
quadcopter,typical,response lag x2,pure_pursuit,2002,0,0.03377343259911368,True,0.04168734491315137
quadcopter,typical,response lag x2,pure_pursuit,2002,1,0.02700688404105423,True,0.0
quadcopter,typical,response lag x2,pure_pursuit,2003,0,0.027864421662321663,True,0.007269422989550204
quadcopter,typical,response lag x2,pure_pursuit,2003,1,0.027696302886480267,True,0.0013049151805132667
quadcopter,typical,response lag x2,pure_pursuit,2004,0,0.02933115623142945,True,0.006532897806812879
quadcopter,typical,response lag x2,pure_pursuit,2004,1,0.027027356469909156,True,0.0026565464895635673
quadcopter,typical,response lag x2,pure_pursuit,2005,0,0.0278241332166506,True,0.0
quadcopter,typical,response lag x2,pure_pursuit,2005,1,0.02455621737335477,True,0.00039952057530962844
quadcopter,typical,response lag x2,pure_pursuit,2006,0,0.027242848954916143,True,0.0
quadcopter,typical,response lag x2,pure_pursuit,2006,1,0.026616248300531123,True,0.0008025682182985554
quadcopter,typical,response lag x2,pure_pursuit,2007,0,0.027270499000824053,True,0.00039840637450199205
quadcopter,typical,response lag x2,pure_pursuit,2007,1,0.025408396887626396,True,0.005148514851485149
quadcopter,typical,response lag x2,pure_pursuit,2008,0,0.06606074622255341,True,0.06742102781706742
quadcopter,typical,response lag x2,pure_pursuit,2008,1,0.031699232515614725,True,0.06442307692307692
quadcopter,typical,response lag x2,pure_pursuit,2009,0,0.03180471645336466,True,0.00791007493755204
quadcopter,typical,response lag x2,pure_pursuit,2009,1,0.024678222838737017,True,0.012520193861066236
quadcopter,typical,response lag x2,pure_pursuit,2010,0,0.027402685611491617,True,0.0
quadcopter,typical,response lag x2,pure_pursuit,2010,1,0.02904199230494986,True,0.01159678858162355
quadcopter,typical,response lag x2,pure_pursuit,2011,0,0.022587946039683882,True,0.0003920031360250882
quadcopter,typical,response lag x2,pure_pursuit,2011,1,0.02755423117844978,True,0.01577437858508604
quadcopter,typical,response lag x2,l1,2000,0,0.026894184317787853,True,0.0008403361344537816
quadcopter,typical,response lag x2,l1,2000,1,0.024999579194991635,True,0.0
quadcopter,typical,response lag x2,l1,2001,0,0.024647243064448196,True,0.007407407407407408
quadcopter,typical,response lag x2,l1,2001,1,0.02495920303290511,True,0.0015816528272044287
quadcopter,typical,response lag x2,l1,2002,0,0.03332753014217403,True,0.04119106699751861
quadcopter,typical,response lag x2,l1,2002,1,0.026987185484799257,True,0.0
quadcopter,typical,response lag x2,l1,2003,0,0.027676576800403002,True,0.007269422989550204
quadcopter,typical,response lag x2,l1,2003,1,0.02749667799969457,True,0.0013049151805132667
quadcopter,typical,response lag x2,l1,2004,0,0.02942142045045306,True,0.006532897806812879
quadcopter,typical,response lag x2,l1,2004,1,0.02698113393978924,True,0.003795066413662239
quadcopter,typical,response lag x2,l1,2005,0,0.0278673710810765,True,0.0
quadcopter,typical,response lag x2,l1,2005,1,0.02458236133075811,True,0.00039952057530962844
quadcopter,typical,response lag x2,l1,2006,0,0.027328629166509313,True,0.0
quadcopter,typical,response lag x2,l1,2006,1,0.026493942551924464,True,0.0008025682182985554
quadcopter,typical,response lag x2,l1,2007,0,0.027088063746504326,True,0.00039840637450199205
quadcopter,typical,response lag x2,l1,2007,1,0.025448432746040056,True,0.0075247524752475245
quadcopter,typical,response lag x2,l1,2008,0,0.06511592340080152,True,0.0669811320754717
quadcopter,typical,response lag x2,l1,2008,1,0.031680138957076574,True,0.0673076923076923
quadcopter,typical,response lag x2,l1,2009,0,0.03182207831471513,True,0.007077435470441299
quadcopter,typical,response lag x2,l1,2009,1,0.02488089790228595,True,0.012520193861066236
quadcopter,typical,response lag x2,l1,2010,0,0.02735170930441903,True,0.0
quadcopter,typical,response lag x2,l1,2010,1,0.028692148744147387,True,0.011150758251561105
quadcopter,typical,response lag x2,l1,2011,0,0.02260866354170408,True,0.0003920031360250882
quadcopter,typical,response lag x2,l1,2011,1,0.027865012267194553,True,0.017208413001912046
quadcopter,typical,response lag x2,vector_field,2000,0,0.021719284017237,True,0.014699706005879883
quadcopter,typical,response lag x2,vector_field,2000,1,0.024018652250540066,True,0.031825795644891124
quadcopter,typical,response lag x2,vector_field,2001,0,0.02414012322624118,True,0.04285157771717959
quadcopter,typical,response lag x2,vector_field,2001,1,0.02399073659461997,True,0.019755037534571317
quadcopter,typical,response lag x2,vector_field,2002,0,0.0828131152377464,True,0.15543531726512544
quadcopter,typical,response lag x2,vector_field,2002,1,0.03271295087680537,True,0.07772020725388601
quadcopter,typical,response lag x2,vector_field,2003,0,0.03922575263069557,True,0.09325486645540969
quadcopter,typical,response lag x2,vector_field,2003,1,0.03145630881747128,True,0.06032986111111111
quadcopter,typical,response lag x2,vector_field,2004,0,0.04476027310471206,True,0.1330232558139535
quadcopter,typical,response lag x2,vector_field,2004,1,0.028095946199406745,True,0.03790750568612585
quadcopter,typical,response lag x2,vector_field,2005,0,0.0525508070554327,True,0.0825242718446602
quadcopter,typical,response lag x2,vector_field,2005,1,0.024291006991826132,True,0.029540918163672655
quadcopter,typical,response lag x2,vector_field,2006,0,0.04097822703649315,True,0.056412337662337664
quadcopter,typical,response lag x2,vector_field,2006,1,0.03638273057554435,True,0.05046055266319584
quadcopter,typical,response lag x2,vector_field,2007,0,0.029905522604212302,True,0.0354158376442499
quadcopter,typical,response lag x2,vector_field,2007,1,0.02598100786413054,True,0.04986149584487535
quadcopter,typical,response lag x2,vector_field,2008,0,0.09954139790697848,True,0.19636194029850745
quadcopter,typical,response lag x2,vector_field,2008,1,0.10429433116754086,True,0.2215370018975332
quadcopter,typical,response lag x2,vector_field,2009,0,0.06475150276981484,True,0.07296849087893864
quadcopter,typical,response lag x2,vector_field,2009,1,0.03849940637014275,True,0.05642885933091495
quadcopter,typical,response lag x2,vector_field,2010,0,0.026226940427601896,True,0.04579813250333482
quadcopter,typical,response lag x2,vector_field,2010,1,0.0814307093155621,True,0.11451398135818908
quadcopter,typical,response lag x2,vector_field,2011,0,0.025145655362914715,True,0.034064212999216914
quadcopter,typical,response lag x2,vector_field,2011,1,0.043193356296400205,True,0.13196760362077178
quadcopter,typical,response lag x2,lead_vf,2000,0,0.023706396495742646,True,0.0
quadcopter,typical,response lag x2,lead_vf,2000,1,0.02301902156031427,True,0.0
quadcopter,typical,response lag x2,lead_vf,2001,0,0.021871563160881784,True,0.006242684354272337
quadcopter,typical,response lag x2,lead_vf,2001,1,0.022181749051803274,True,0.0
quadcopter,typical,response lag x2,lead_vf,2002,0,0.025998065103682154,True,0.031777557100297914
quadcopter,typical,response lag x2,lead_vf,2002,1,0.024357163915491226,True,0.0
quadcopter,typical,response lag x2,lead_vf,2003,0,0.02430457085215927,True,0.007727272727272728
quadcopter,typical,response lag x2,lead_vf,2003,1,0.023541072583064766,True,0.0
quadcopter,typical,response lag x2,lead_vf,2004,0,0.025187048552007495,True,0.006069094304388422
quadcopter,typical,response lag x2,lead_vf,2004,1,0.02495345167899818,True,0.002658564375237372
quadcopter,typical,response lag x2,lead_vf,2005,0,0.025846775771257605,True,0.00535279805352798
quadcopter,typical,response lag x2,lead_vf,2005,1,0.02183670634534838,True,0.0043947263284059125
quadcopter,typical,response lag x2,lead_vf,2006,0,0.0246634828208587,True,0.0012205044751830757
quadcopter,typical,response lag x2,lead_vf,2006,1,0.02358344010187382,True,0.0
quadcopter,typical,response lag x2,lead_vf,2007,0,0.025829029514463482,True,0.0
quadcopter,typical,response lag x2,lead_vf,2007,1,0.02297267044352241,True,0.003963535473642489
quadcopter,typical,response lag x2,lead_vf,2008,0,0.05064032216009016,True,0.06465313827277018
quadcopter,typical,response lag x2,lead_vf,2008,1,0.025859246214705704,True,0.05871029836381136
quadcopter,typical,response lag x2,lead_vf,2009,0,0.025836199545313798,True,0.007496876301541024
quadcopter,typical,response lag x2,lead_vf,2009,1,0.022264315048230305,True,0.009696969696969697
quadcopter,typical,response lag x2,lead_vf,2010,0,0.0231943372034728,True,0.0
quadcopter,typical,response lag x2,lead_vf,2010,1,0.025460475239732,True,0.01607142857142857
quadcopter,typical,response lag x2,lead_vf,2011,0,0.021351230030603918,True,0.0
quadcopter,typical,response lag x2,lead_vf,2011,1,0.023878533581594055,True,0.007651841224294596
quadcopter,typical,airspeed x0.85,pure_pursuit,2000,0,0.02528261719009113,True,0.0
quadcopter,typical,airspeed x0.85,pure_pursuit,2000,1,0.024611084978187016,True,0.0003477051460361613
quadcopter,typical,airspeed x0.85,pure_pursuit,2001,0,0.02091315467876781,True,0.0029116790682626984
quadcopter,typical,airspeed x0.85,pure_pursuit,2001,1,0.024987147474782125,True,0.0
quadcopter,typical,airspeed x0.85,pure_pursuit,2002,0,0.02831294934086503,True,0.0
quadcopter,typical,airspeed x0.85,pure_pursuit,2002,1,0.0245447029920436,True,0.0
quadcopter,typical,airspeed x0.85,pure_pursuit,2003,0,0.025632897171220106,True,0.002297090352220521
quadcopter,typical,airspeed x0.85,pure_pursuit,2003,1,0.02439097111679266,True,0.0
quadcopter,typical,airspeed x0.85,pure_pursuit,2004,0,0.025070980232735296,True,0.0016135538523598225
quadcopter,typical,airspeed x0.85,pure_pursuit,2004,1,0.023938529307732645,True,0.0
quadcopter,typical,airspeed x0.85,pure_pursuit,2005,0,0.023914112050356227,True,0.00041718815185648727
quadcopter,typical,airspeed x0.85,pure_pursuit,2005,1,0.020668171978133698,True,0.0
quadcopter,typical,airspeed x0.85,pure_pursuit,2006,0,0.02728618510037248,True,0.0
quadcopter,typical,airspeed x0.85,pure_pursuit,2006,1,0.0217131312122587,True,0.0
quadcopter,typical,airspeed x0.85,pure_pursuit,2007,0,0.024392811348248868,True,0.0
quadcopter,typical,airspeed x0.85,pure_pursuit,2007,1,0.023754165653498607,True,0.001671681711802073
quadcopter,typical,airspeed x0.85,pure_pursuit,2008,0,0.02683032383401282,True,0.00040584415584415587
quadcopter,typical,airspeed x0.85,pure_pursuit,2008,1,0.025637664455030747,True,0.0
quadcopter,typical,airspeed x0.85,pure_pursuit,2009,0,0.026471368474484953,True,0.0
quadcopter,typical,airspeed x0.85,pure_pursuit,2009,1,0.025184786453625506,True,0.0
quadcopter,typical,airspeed x0.85,pure_pursuit,2010,0,0.029085117349961248,True,0.0
quadcopter,typical,airspeed x0.85,pure_pursuit,2010,1,0.023567838121341965,True,0.00150093808630394
quadcopter,typical,airspeed x0.85,pure_pursuit,2011,0,0.02470269489009313,True,0.0
quadcopter,typical,airspeed x0.85,pure_pursuit,2011,1,0.02378801241941253,True,0.0
quadcopter,typical,airspeed x0.85,l1,2000,0,0.02534922846313393,True,0.0
quadcopter,typical,airspeed x0.85,l1,2000,1,0.024582724824528113,True,0.0003477051460361613
quadcopter,typical,airspeed x0.85,l1,2001,0,0.020863827654429193,True,0.003235198964736331
quadcopter,typical,airspeed x0.85,l1,2001,1,0.024964284849793416,True,0.0
quadcopter,typical,airspeed x0.85,l1,2002,0,0.02829653169488854,True,0.0
quadcopter,typical,airspeed x0.85,l1,2002,1,0.024362841751735843,True,0.0
quadcopter,typical,airspeed x0.85,l1,2003,0,0.025768135298748007,True,0.002679938744257274
quadcopter,typical,airspeed x0.85,l1,2003,1,0.024299842884560767,True,0.0
quadcopter,typical,airspeed x0.85,l1,2004,0,0.02487768085198426,True,0.0028237192416296895
quadcopter,typical,airspeed x0.85,l1,2004,1,0.024069178891483002,True,0.0009430996541967935
quadcopter,typical,airspeed x0.85,l1,2005,0,0.02406188485150588,True,0.00041718815185648727
quadcopter,typical,airspeed x0.85,l1,2005,1,0.02076073160314064,True,0.0
quadcopter,typical,airspeed x0.85,l1,2006,0,0.027259685395257496,True,0.0
quadcopter,typical,airspeed x0.85,l1,2006,1,0.021837607659787022,True,0.0
quadcopter,typical,airspeed x0.85,l1,2007,0,0.024328183981327915,True,0.0
quadcopter,typical,airspeed x0.85,l1,2007,1,0.023529061635103796,True,0.0050150451354062184
quadcopter,typical,airspeed x0.85,l1,2008,0,0.02698491236025599,True,0.00040584415584415587
quadcopter,typical,airspeed x0.85,l1,2008,1,0.02591984939954044,True,0.002059308072487644
quadcopter,typical,airspeed x0.85,l1,2009,0,0.026586582042263072,True,0.0
quadcopter,typical,airspeed x0.85,l1,2009,1,0.024990662657695888,True,0.0
quadcopter,typical,airspeed x0.85,l1,2010,0,0.029211695161470097,True,0.0
quadcopter,typical,airspeed x0.85,l1,2010,1,0.023882861028460545,True,0.002626641651031895
quadcopter,typical,airspeed x0.85,l1,2011,0,0.02494442405660046,True,0.0
quadcopter,typical,airspeed x0.85,l1,2011,1,0.023498311027237408,True,0.0
quadcopter,typical,airspeed x0.85,vector_field,2000,0,0.01765043273007711,True,0.0
quadcopter,typical,airspeed x0.85,vector_field,2000,1,0.01762447776562539,True,0.0024339360222531293
quadcopter,typical,airspeed x0.85,vector_field,2001,0,0.01771546497849167,True,0.006466214031684449
quadcopter,typical,airspeed x0.85,vector_field,2001,1,0.01733213734939515,True,0.0
quadcopter,typical,airspeed x0.85,vector_field,2002,0,0.018648708596107462,True,0.00969237252423093
quadcopter,typical,airspeed x0.85,vector_field,2002,1,0.019690018201390724,True,0.00576992426974396
quadcopter,typical,airspeed x0.85,vector_field,2003,0,0.018416837089281823,True,0.010711553175210406
quadcopter,typical,airspeed x0.85,vector_field,2003,1,0.018889351681211974,True,0.004008746355685131
quadcopter,typical,airspeed x0.85,vector_field,2004,0,0.019958830150448994,True,0.01974214343271555
quadcopter,typical,airspeed x0.85,vector_field,2004,1,0.018114569180791067,True,0.004714016341923318
quadcopter,typical,airspeed x0.85,vector_field,2005,0,0.018915784555566167,True,0.009591326105087573
quadcopter,typical,airspeed x0.85,vector_field,2005,1,0.0176224696320835,True,0.005581089954038083
quadcopter,typical,airspeed x0.85,vector_field,2006,0,0.01823226691032934,True,0.0044444444444444444
quadcopter,typical,airspeed x0.85,vector_field,2006,1,0.017762030601244753,True,0.0
quadcopter,typical,airspeed x0.85,vector_field,2007,0,0.018235064206213358,True,0.0
quadcopter,typical,airspeed x0.85,vector_field,2007,1,0.017400939015415673,True,0.006350267379679145
quadcopter,typical,airspeed x0.85,vector_field,2008,0,0.019099034930837696,True,0.01580867450344548
quadcopter,typical,airspeed x0.85,vector_field,2008,1,0.01843189526037986,True,0.01727684080625257
quadcopter,typical,airspeed x0.85,vector_field,2009,0,0.021379066092736265,True,0.010171869519466853
quadcopter,typical,airspeed x0.85,vector_field,2009,1,0.018318867159699846,True,0.0057316250842886045
quadcopter,typical,airspeed x0.85,vector_field,2010,0,0.018495967693731605,True,0.0003732736095558044
quadcopter,typical,airspeed x0.85,vector_field,2010,1,0.018732841357298014,True,0.009370314842578711
quadcopter,typical,airspeed x0.85,vector_field,2011,0,0.01786871384780598,True,0.004567699836867863
quadcopter,typical,airspeed x0.85,vector_field,2011,1,0.018863773618067563,True,0.012804626187525816
quadcopter,typical,airspeed x0.85,lead_vf,2000,0,0.023435795290827302,True,0.0
quadcopter,typical,airspeed x0.85,lead_vf,2000,1,0.024320117606826314,True,0.0
quadcopter,typical,airspeed x0.85,lead_vf,2001,0,0.019936326561804253,True,0.0025889967637540453
quadcopter,typical,airspeed x0.85,lead_vf,2001,1,0.023347660315784273,True,0.0
quadcopter,typical,airspeed x0.85,lead_vf,2002,0,0.02595526285362374,True,0.0
quadcopter,typical,airspeed x0.85,lead_vf,2002,1,0.022198640333875478,True,0.0
quadcopter,typical,airspeed x0.85,lead_vf,2003,0,0.024410148810339097,True,0.0034469551895825352
quadcopter,typical,airspeed x0.85,lead_vf,2003,1,0.022904979590569453,True,0.0
quadcopter,typical,airspeed x0.85,lead_vf,2004,0,0.022123162586168074,True,0.002016942315449778
quadcopter,typical,airspeed x0.85,lead_vf,2004,1,0.023217893950419375,True,0.0
quadcopter,typical,airspeed x0.85,lead_vf,2005,0,0.02388621691434631,True,0.0
quadcopter,typical,airspeed x0.85,lead_vf,2005,1,0.019809928022392443,True,0.0006568144499178982
quadcopter,typical,airspeed x0.85,lead_vf,2006,0,0.024820581493694885,True,0.0
quadcopter,typical,airspeed x0.85,lead_vf,2006,1,0.021112372869540742,True,0.0
quadcopter,typical,airspeed x0.85,lead_vf,2007,0,0.02383994035080831,True,0.0
quadcopter,typical,airspeed x0.85,lead_vf,2007,1,0.022177590073819402,True,0.0006691201070592171
quadcopter,typical,airspeed x0.85,lead_vf,2008,0,0.024714590214343465,True,0.0
quadcopter,typical,airspeed x0.85,lead_vf,2008,1,0.024975654726773204,True,0.0
quadcopter,typical,airspeed x0.85,lead_vf,2009,0,0.025801705692985122,True,0.0
quadcopter,typical,airspeed x0.85,lead_vf,2009,1,0.02255106169140439,True,0.0
quadcopter,typical,airspeed x0.85,lead_vf,2010,0,0.026773500781998482,True,0.0
quadcopter,typical,airspeed x0.85,lead_vf,2010,1,0.023238186314890573,True,0.0
quadcopter,typical,airspeed x0.85,lead_vf,2011,0,0.022593363322088063,True,0.0
quadcopter,typical,airspeed x0.85,lead_vf,2011,1,0.022760313544500095,True,0.0
quadcopter,typical,combined,pure_pursuit,2000,0,0.02622765995139693,True,0.0016792611251049538
quadcopter,typical,combined,pure_pursuit,2000,1,0.027493093407127894,True,0.0054416073670992045
quadcopter,typical,combined,pure_pursuit,2001,0,0.027527849414171957,True,0.009353078721745909
quadcopter,typical,combined,pure_pursuit,2001,1,0.027568920933377906,True,0.0031608060055314103
quadcopter,typical,combined,pure_pursuit,2002,0,0.03494652836893418,True,0.04658077304261645
quadcopter,typical,combined,pure_pursuit,2002,1,0.032706007785386314,True,0.009086975335352661
quadcopter,typical,combined,pure_pursuit,2003,0,0.031119642853243534,True,0.023614895549500452
quadcopter,typical,combined,pure_pursuit,2003,1,0.0295596880224075,True,0.00782608695652174
quadcopter,typical,combined,pure_pursuit,2004,0,0.030448647539811496,True,0.013992537313432836
quadcopter,typical,combined,pure_pursuit,2004,1,0.027836644781673824,True,0.004931714719271623
quadcopter,typical,combined,pure_pursuit,2005,0,0.029109375699375002,True,0.011661807580174927
quadcopter,typical,combined,pure_pursuit,2005,1,0.02404711575955195,True,0.0031923383878691143
quadcopter,typical,combined,pure_pursuit,2006,0,0.028928572020001483,True,0.017059301380991064
quadcopter,typical,combined,pure_pursuit,2006,1,0.027484867734947023,True,0.007624398073836276
quadcopter,typical,combined,pure_pursuit,2007,0,0.027637454122467445,True,0.005575467941059339
quadcopter,typical,combined,pure_pursuit,2007,1,0.026123997930882655,True,0.011480601741884403
quadcopter,typical,combined,pure_pursuit,2008,0,0.060513107794813586,True,0.07395195478097033
quadcopter,typical,combined,pure_pursuit,2008,1,0.03497728909441601,True,0.07393182909265482
quadcopter,typical,combined,pure_pursuit,2009,0,0.03216539973997611,True,0.009151414309484194
quadcopter,typical,combined,pure_pursuit,2009,1,0.030234312035567753,True,0.014937424303593056
quadcopter,typical,combined,pure_pursuit,2010,0,0.026824077194029253,True,0.005338078291814947
quadcopter,typical,combined,pure_pursuit,2010,1,0.028519774700598573,True,0.024542614904060688
quadcopter,typical,combined,pure_pursuit,2011,0,0.022996456002421745,True,0.0031323414252153485
quadcopter,typical,combined,pure_pursuit,2011,1,0.03403643447119941,True,0.025800286669851888
quadcopter,typical,combined,l1,2000,0,0.026059936256113872,True,0.0016792611251049538
quadcopter,typical,combined,l1,2000,1,0.02725207697977422,True,0.0054416073670992045
quadcopter,typical,combined,l1,2001,0,0.027352853090860565,True,0.010132501948558068
quadcopter,typical,combined,l1,2001,1,0.027543333446092933,True,0.0031608060055314103
quadcopter,typical,combined,l1,2002,0,0.03441778813768028,True,0.04558969276511397
quadcopter,typical,combined,l1,2002,1,0.03231957794698176,True,0.009519688446559932
quadcopter,typical,combined,l1,2003,0,0.030658097108961634,True,0.024069028156221618
quadcopter,typical,combined,l1,2003,1,0.029335221876123037,True,0.00826086956521739
quadcopter,typical,combined,l1,2004,0,0.030142304071019276,True,0.013526119402985074
quadcopter,typical,combined,l1,2004,1,0.027510795194984745,True,0.006069802731411229
quadcopter,typical,combined,l1,2005,0,0.028817747674098775,True,0.010689990281827016
quadcopter,typical,combined,l1,2005,1,0.023855971453937266,True,0.0031923383878691143
quadcopter,typical,combined,l1,2006,0,0.028364644076142642,True,0.015028432168968318
quadcopter,typical,combined,l1,2006,1,0.027457652466182,True,0.008025682182985553
quadcopter,typical,combined,l1,2007,0,0.02718528639765059,True,0.005971337579617835
quadcopter,typical,combined,l1,2007,1,0.025698637134365092,True,0.014251781472684086
quadcopter,typical,combined,l1,2008,0,0.05945657764683544,True,0.07540056550424128
quadcopter,typical,combined,l1,2008,1,0.0344064282535604,True,0.07489198271723475
quadcopter,typical,combined,l1,2009,0,0.031832318569551,True,0.009151414309484194
quadcopter,typical,combined,l1,2009,1,0.0302473144266839,True,0.014533710133225677
quadcopter,typical,combined,l1,2010,0,0.02672507075902096,True,0.005338078291814947
quadcopter,typical,combined,l1,2010,1,0.028306809113245332,True,0.025435073627844713
quadcopter,typical,combined,l1,2011,0,0.02316301640189955,True,0.003523884103367267
quadcopter,typical,combined,l1,2011,1,0.033910595558092095,True,0.025800286669851888
quadcopter,typical,combined,vector_field,2000,0,0.025655835552782932,True,0.0830188679245283
quadcopter,typical,combined,vector_field,2000,1,0.026275560629119003,True,0.08232344337651483
quadcopter,typical,combined,vector_field,2001,0,0.027483268631103702,True,0.09657320872274143
quadcopter,typical,combined,vector_field,2001,1,0.026921055090033737,True,0.07379636937647988
quadcopter,typical,combined,vector_field,2002,0,0.07299999698176735,True,0.2267584849975406
quadcopter,typical,combined,vector_field,2002,1,0.03604537077283962,True,0.15252046531667385
quadcopter,typical,combined,vector_field,2003,0,0.04751618208542379,True,0.17389340560072267
quadcopter,typical,combined,vector_field,2003,1,0.03847738850012432,True,0.13567403554399654
quadcopter,typical,combined,vector_field,2004,0,0.05066563491229667,True,0.1986078886310905
quadcopter,typical,combined,vector_field,2004,1,0.029950716181926233,True,0.10942824687618326
quadcopter,typical,combined,vector_field,2005,0,0.04949530725367578,True,0.15746124031007752
quadcopter,typical,combined,vector_field,2005,1,0.02559846243706907,True,0.08771929824561403
quadcopter,typical,combined,vector_field,2006,0,0.03437330357446923,True,0.11764705882352941
quadcopter,typical,combined,vector_field,2006,1,0.03433511600389601,True,0.1312
quadcopter,typical,combined,vector_field,2007,0,0.031330189072228176,True,0.11005164878823996
quadcopter,typical,combined,vector_field,2007,1,0.026358638923858896,True,0.11620553359683794
quadcopter,typical,combined,vector_field,2008,0,0.08998588035041558,True,0.24136321195144725
quadcopter,typical,combined,vector_field,2008,1,0.13038260067229945,True,0.30260047281323876
quadcopter,typical,combined,vector_field,2009,0,0.0646333821526622,True,0.1452213487794787
quadcopter,typical,combined,vector_field,2009,1,0.036233010397635226,True,0.14481094127111827
quadcopter,typical,combined,vector_field,2010,0,0.026274581378551154,True,0.1172291296625222
quadcopter,typical,combined,vector_field,2010,1,0.06910235918105327,True,0.17250554323725056
quadcopter,typical,combined,vector_field,2011,0,0.03113032456383752,True,0.10985144644253322
quadcopter,typical,combined,vector_field,2011,1,0.04831514468270312,True,0.190861494526416
quadcopter,typical,combined,lead_vf,2000,0,0.02468718066258037,True,0.0029411764705882353
quadcopter,typical,combined,lead_vf,2000,1,0.02570204420805324,True,0.003352891869237217
quadcopter,typical,combined,lead_vf,2001,0,0.02611555782022903,True,0.00858034321372855
quadcopter,typical,combined,lead_vf,2001,1,0.026479334182010095,True,0.0007905138339920949
quadcopter,typical,combined,lead_vf,2002,0,0.030565138975343423,True,0.05800694100148736
quadcopter,typical,combined,lead_vf,2002,1,0.028774455909371627,True,0.014279532669839896
quadcopter,typical,combined,lead_vf,2003,0,0.027990511425187832,True,0.027714675147660156
quadcopter,typical,combined,lead_vf,2003,1,0.026573235647868385,True,0.012184508268059183
quadcopter,typical,combined,lead_vf,2004,0,0.02649633446896212,True,0.02333177788147457
quadcopter,typical,combined,lead_vf,2004,1,0.024478955187345438,True,0.005315110098709187
quadcopter,typical,combined,lead_vf,2005,0,0.028360361306992148,True,0.021876519202722412
quadcopter,typical,combined,lead_vf,2005,1,0.02167782414445104,True,0.005588822355289421
quadcopter,typical,combined,lead_vf,2006,0,0.027065265494687414,True,0.023567655424624138
quadcopter,typical,combined,lead_vf,2006,1,0.024232058640718562,True,0.011637239165329053
quadcopter,typical,combined,lead_vf,2007,0,0.025018589633460417,True,0.007569721115537849
quadcopter,typical,combined,lead_vf,2007,1,0.024645534444633733,True,0.013465346534653465
quadcopter,typical,combined,lead_vf,2008,0,0.04499670412459611,True,0.07735849056603773
quadcopter,typical,combined,lead_vf,2008,1,0.03145110844204499,True,0.08221153846153846
quadcopter,typical,combined,lead_vf,2009,0,0.02598411968969476,True,0.013322231473771857
quadcopter,typical,combined,lead_vf,2009,1,0.030381619502184973,True,0.017770597738287562
quadcopter,typical,combined,lead_vf,2010,0,0.02364111134745992,True,0.008904719501335707
quadcopter,typical,combined,lead_vf,2010,1,0.025705471382417702,True,0.03169642857142857
quadcopter,typical,combined,lead_vf,2011,0,0.02234448003357033,True,0.003133568350959655
quadcopter,typical,combined,lead_vf,2011,1,0.030565903945688984,True,0.038222646918299095
quadcopter,at limit,none,pure_pursuit,2000,0,0.0312314186521678,True,0.00042140750105351877
quadcopter,at limit,none,pure_pursuit,2000,1,0.030421829115678554,True,0.010919781604367913
quadcopter,at limit,none,pure_pursuit,2001,0,0.024386464702243586,True,0.005088062622309198
quadcopter,at limit,none,pure_pursuit,2001,1,0.026783767007259658,True,0.0
quadcopter,at limit,none,pure_pursuit,2002,0,0.11495157213484056,True,0.08428927680798005
quadcopter,at limit,none,pure_pursuit,2002,1,0.034574406346956035,True,0.0195907705703091
quadcopter,at limit,none,pure_pursuit,2003,0,0.059811226325053014,True,0.02981651376146789
quadcopter,at limit,none,pure_pursuit,2003,1,0.03410209229250186,True,0.01401664476565922
quadcopter,at limit,none,pure_pursuit,2004,0,0.0426299516950355,True,0.02857142857142857
quadcopter,at limit,none,pure_pursuit,2004,1,0.02922823632198948,True,0.0015226494099733537
quadcopter,at limit,none,pure_pursuit,2005,0,0.03268039117386584,True,0.009760858955588092
quadcopter,at limit,none,pure_pursuit,2005,1,0.024746735367127765,True,0.0
quadcopter,at limit,none,pure_pursuit,2006,0,0.05011545820541141,True,0.040523945968072045
quadcopter,at limit,none,pure_pursuit,2006,1,0.04023504160074084,True,0.020606060606060607
quadcopter,at limit,none,pure_pursuit,2007,0,0.030969615647952503,True,0.005595523581135092
quadcopter,at limit,none,pure_pursuit,2007,1,0.030901285076599387,True,0.009936406995230525
quadcopter,at limit,none,pure_pursuit,2008,0,0.1799774776566909,True,0.1280718336483932
quadcopter,at limit,none,pure_pursuit,2008,1,0.15214311759592042,True,0.13439306358381503
quadcopter,at limit,none,pure_pursuit,2009,0,0.040531594043200204,True,0.013790221479314668
quadcopter,at limit,none,pure_pursuit,2009,1,0.07080490540524619,True,0.025111381125961927
quadcopter,at limit,none,pure_pursuit,2010,0,0.0303159317967232,True,0.004472271914132379
quadcopter,at limit,none,pure_pursuit,2010,1,0.04822720158023194,True,0.02868668758404303
quadcopter,at limit,none,pure_pursuit,2011,0,0.025927633333602165,True,0.0
quadcopter,at limit,none,pure_pursuit,2011,1,0.08112784721366251,True,0.03833253473885961
quadcopter,at limit,none,l1,2000,0,0.031047542716883376,True,0.00042140750105351877
quadcopter,at limit,none,l1,2000,1,0.03063304111905001,True,0.01050420168067227
quadcopter,at limit,none,l1,2001,0,0.02442378396224853,True,0.005479452054794521
quadcopter,at limit,none,l1,2001,1,0.02677522545908026,True,0.0
quadcopter,at limit,none,l1,2002,0,0.11299902921752436,True,0.08532934131736528
quadcopter,at limit,none,l1,2002,1,0.03419243455459477,True,0.01654331737048324
quadcopter,at limit,none,l1,2003,0,0.05778051469624591,True,0.029830197338228545
quadcopter,at limit,none,l1,2003,1,0.0335196033111166,True,0.012708150744960562
quadcopter,at limit,none,l1,2004,0,0.04054802253171478,True,0.029508196721311476
quadcopter,at limit,none,l1,2004,1,0.02957000157274168,True,0.0022839741149600305
quadcopter,at limit,none,l1,2005,0,0.032864319445888884,True,0.009272816007808687
quadcopter,at limit,none,l1,2005,1,0.024768434325126296,True,0.0
quadcopter,at limit,none,l1,2006,0,0.049359628990339535,True,0.04095004095004095
quadcopter,at limit,none,l1,2006,1,0.039524764811915206,True,0.01898989898989899
quadcopter,at limit,none,l1,2007,0,0.031060002332468466,True,0.004798080767692923
quadcopter,at limit,none,l1,2007,1,0.030490147436200737,True,0.01192368839427663
quadcopter,at limit,none,l1,2008,0,0.17483843814653938,True,0.1291390728476821
quadcopter,at limit,none,l1,2008,1,0.1497341482756728,True,0.13686746987951806
quadcopter,at limit,none,l1,2009,0,0.03892355683287636,True,0.012959866220735786
quadcopter,at limit,none,l1,2009,1,0.06985326315760634,True,0.025111381125961927
quadcopter,at limit,none,l1,2010,0,0.030450141624224207,True,0.0035778175313059034
quadcopter,at limit,none,l1,2010,1,0.047405368251068905,True,0.026445540116539667
quadcopter,at limit,none,l1,2011,0,0.026081711726352277,True,0.0
quadcopter,at limit,none,l1,2011,1,0.07954058963543395,True,0.03785337805462386
quadcopter,at limit,none,vector_field,2000,0,0.020264046756899943,True,0.032842105263157895
quadcopter,at limit,none,vector_field,2000,1,0.02587213849066783,True,0.0436241610738255
quadcopter,at limit,none,vector_field,2001,0,0.03429171032983712,True,0.05462348809988295
quadcopter,at limit,none,vector_field,2001,1,0.03362219244923784,True,0.04156769596199525
quadcopter,at limit,none,vector_field,2002,0,0.19373657046849602,True,0.18603515625
quadcopter,at limit,none,vector_field,2002,1,0.09348730174890615,True,0.11528497409326424
quadcopter,at limit,none,vector_field,2003,0,0.0965587296663773,True,0.147526100771675
quadcopter,at limit,none,vector_field,2003,1,0.07065491134013477,True,0.121251629726206
quadcopter,at limit,none,vector_field,2004,0,0.13158589097372514,True,0.11497450162262401
quadcopter,at limit,none,vector_field,2004,1,0.026276127145056786,True,0.05772882643372579
quadcopter,at limit,none,vector_field,2005,0,0.06717954525806638,True,0.09086491739552964
quadcopter,at limit,none,vector_field,2005,1,0.03589107566483962,True,0.05195843325339728
quadcopter,at limit,none,vector_field,2006,0,0.15356057271061474,True,0.10728744939271255
quadcopter,at limit,none,vector_field,2006,1,0.06115919477455077,True,0.09072661581694098
quadcopter,at limit,none,vector_field,2007,0,0.03974273146059238,True,0.07364649681528662
quadcopter,at limit,none,vector_field,2007,1,0.04334027998116008,True,0.06856916369401506
quadcopter,at limit,none,vector_field,2008,0,0.2758527075108776,True,0.2082179132040628
quadcopter,at limit,none,vector_field,2008,1,0.3024352675842268,True,0.22774133083411435
quadcopter,at limit,none,vector_field,2009,0,0.12774428359388781,True,0.08578532946539577
quadcopter,at limit,none,vector_field,2009,1,0.12268551703214614,True,0.09295774647887324
quadcopter,at limit,none,vector_field,2010,0,0.06481493059090095,True,0.10075454948956947
quadcopter,at limit,none,vector_field,2010,1,0.1059630845671222,True,0.13628318584070798
quadcopter,at limit,none,vector_field,2011,0,0.024949605117134052,True,0.0420102080879466
quadcopter,at limit,none,vector_field,2011,1,0.15351231808064694,True,0.11923990498812352
quadcopter,at limit,none,lead_vf,2000,0,0.0289189686511705,True,0.0016863406408094434
quadcopter,at limit,none,lead_vf,2000,1,0.027171310047535174,True,0.014285714285714285
quadcopter,at limit,none,lead_vf,2001,0,0.022915499191673967,True,0.00548159749412686
quadcopter,at limit,none,lead_vf,2001,1,0.02547780703669262,True,0.0
quadcopter,at limit,none,lead_vf,2002,0,0.1105462595942246,True,0.09376558603491272
quadcopter,at limit,none,lead_vf,2002,1,0.037666728515675194,True,0.028733130169786677
quadcopter,at limit,none,lead_vf,2003,0,0.05625952744332987,True,0.044036697247706424
quadcopter,at limit,none,lead_vf,2003,1,0.03590966387122625,True,0.022348816827344433
quadcopter,at limit,none,lead_vf,2004,0,0.04611599492291232,True,0.05152224824355972
quadcopter,at limit,none,lead_vf,2004,1,0.025429753956652784,True,0.001904036557501904
quadcopter,at limit,none,lead_vf,2005,0,0.03598333325586321,True,0.0424597364568082
quadcopter,at limit,none,lead_vf,2005,1,0.023214565732516707,True,0.004408817635270541
quadcopter,at limit,none,lead_vf,2006,0,0.053771203550426194,True,0.04257060990585346
quadcopter,at limit,none,lead_vf,2006,1,0.0435654022852035,True,0.021414141414141413
quadcopter,at limit,none,lead_vf,2007,0,0.031078494648026016,True,0.013194722111155539
quadcopter,at limit,none,lead_vf,2007,1,0.03216085928177717,True,0.013518886679920477
quadcopter,at limit,none,lead_vf,2008,0,0.17846485649020055,True,0.14650283553875237
quadcopter,at limit,none,lead_vf,2008,1,0.1527618441519829,True,0.1531791907514451
quadcopter,at limit,none,lead_vf,2009,0,0.043742690034901985,True,0.01964061847053907
quadcopter,at limit,none,lead_vf,2009,1,0.07074788662458738,True,0.034831915755366545
quadcopter,at limit,none,lead_vf,2010,0,0.030016223137988893,True,0.015198927134555208
quadcopter,at limit,none,lead_vf,2010,1,0.04913609513766373,True,0.04796055580457194
quadcopter,at limit,none,lead_vf,2011,0,0.024272585648816528,True,0.0011792452830188679
quadcopter,at limit,none,lead_vf,2011,1,0.08095488112255321,True,0.06609195402298851
quadcopter,at limit,position noise,pure_pursuit,2000,0,0.03159420350083903,True,0.003372681281618887
quadcopter,at limit,position noise,pure_pursuit,2000,1,0.03306385124910817,True,0.012189995796553174
quadcopter,at limit,position noise,pure_pursuit,2001,0,0.02570549592790996,True,0.009788566953797965
quadcopter,at limit,position noise,pure_pursuit,2001,1,0.02736002472958696,True,0.001984126984126984
quadcopter,at limit,position noise,pure_pursuit,2002,0,0.1175401427553964,True,0.08977556109725686
quadcopter,at limit,position noise,pure_pursuit,2002,1,0.03728668737026472,True,0.01915542011319112
quadcopter,at limit,position noise,pure_pursuit,2003,0,0.060749846212024325,True,0.03258375401560349
quadcopter,at limit,position noise,pure_pursuit,2003,1,0.034980045845269286,True,0.017513134851138354
quadcopter,at limit,position noise,pure_pursuit,2004,0,0.0471720210588998,True,0.032303370786516857
quadcopter,at limit,position noise,pure_pursuit,2004,1,0.030062067263129433,True,0.004188880426504189
quadcopter,at limit,position noise,pure_pursuit,2005,0,0.03568867210674791,True,0.015144113336590131
quadcopter,at limit,position noise,pure_pursuit,2005,1,0.024975205656368744,True,0.002003205128205128
quadcopter,at limit,position noise,pure_pursuit,2006,0,0.055235678899593,True,0.04578904333605887
quadcopter,at limit,position noise,pure_pursuit,2006,1,0.0397555654744486,True,0.02181818181818182
quadcopter,at limit,position noise,pure_pursuit,2007,0,0.03243277055318391,True,0.011990407673860911
quadcopter,at limit,position noise,pure_pursuit,2007,1,0.030404595975358908,True,0.010744130521289296
quadcopter,at limit,position noise,pure_pursuit,2008,0,0.17742412792455375,True,0.12996219281663515
quadcopter,at limit,position noise,pure_pursuit,2008,1,0.15400091826342202,True,0.13583815028901733
quadcopter,at limit,position noise,pure_pursuit,2009,0,0.043632376005357965,True,0.01589293182768716
quadcopter,at limit,position noise,pure_pursuit,2009,1,0.07119259391841162,True,0.02633711507293355
quadcopter,at limit,position noise,pure_pursuit,2010,0,0.03064675216140863,True,0.009834599910594547
quadcopter,at limit,position noise,pure_pursuit,2010,1,0.04693620019577661,True,0.03228699551569507
quadcopter,at limit,position noise,pure_pursuit,2011,0,0.026007256255063962,True,0.0023594180102241447
quadcopter,at limit,position noise,pure_pursuit,2011,1,0.08287817333505411,True,0.04168663152850982
quadcopter,at limit,position noise,l1,2000,0,0.031121800107102564,True,0.002951096121416526
quadcopter,at limit,position noise,l1,2000,1,0.03243170083096949,True,0.012189995796553174
quadcopter,at limit,position noise,l1,2001,0,0.025431201056315807,True,0.009397024275646046
quadcopter,at limit,position noise,l1,2001,1,0.02744346654932222,True,0.001984126984126984
quadcopter,at limit,position noise,l1,2002,0,0.11473945566928676,True,0.09027431421446384
quadcopter,at limit,position noise,l1,2002,1,0.03653607718197479,True,0.01915542011319112
quadcopter,at limit,position noise,l1,2003,0,0.05907361744279187,True,0.03258375401560349
quadcopter,at limit,position noise,l1,2003,1,0.03423798225695472,True,0.01576872536136662
quadcopter,at limit,position noise,l1,2004,0,0.045395747246429044,True,0.033739456419868794
quadcopter,at limit,position noise,l1,2004,1,0.030139221583785347,True,0.005331302361005331
quadcopter,at limit,position noise,l1,2005,0,0.035378529588916935,True,0.013678553981436248
quadcopter,at limit,position noise,l1,2005,1,0.025091198148568875,True,0.002004008016032064
quadcopter,at limit,position noise,l1,2006,0,0.0538798646604013,True,0.04703476482617587
quadcopter,at limit,position noise,l1,2006,1,0.039029747502331555,True,0.02101010101010101
quadcopter,at limit,position noise,l1,2007,0,0.03209292485463487,True,0.011590727418065548
quadcopter,at limit,position noise,l1,2007,1,0.0299227209513487,True,0.013529645841623557
quadcopter,at limit,position noise,l1,2008,0,0.17312326643072273,True,0.1309692671394799
quadcopter,at limit,position noise,l1,2008,1,0.15133048627713522,True,0.13886210221793635
quadcopter,at limit,position noise,l1,2009,0,0.04201983442942274,True,0.01547469677959013
quadcopter,at limit,position noise,l1,2009,1,0.0700999309465922,True,0.02674230145867099
quadcopter,at limit,position noise,l1,2010,0,0.030535178737847432,True,0.008050089445438283
quadcopter,at limit,position noise,l1,2010,1,0.04566643912491666,True,0.03228699551569507
quadcopter,at limit,position noise,l1,2011,0,0.025684404667989783,True,0.0027526543452615023
quadcopter,at limit,position noise,l1,2011,1,0.08141001547483066,True,0.04072831816003833
quadcopter,at limit,position noise,vector_field,2000,0,0.020352688992518096,True,0.03536842105263158
quadcopter,at limit,position noise,vector_field,2000,1,0.029687771299287513,True,0.05490360435875943
quadcopter,at limit,position noise,vector_field,2001,0,0.0332858587671843,True,0.05659640905542545
quadcopter,at limit,position noise,vector_field,2001,1,0.041806000613380453,True,0.048278591214879304
quadcopter,at limit,position noise,vector_field,2002,0,0.18817375909304634,True,0.19110459433040078
quadcopter,at limit,position noise,vector_field,2002,1,0.07599632435609929,True,0.11250540891389009
quadcopter,at limit,position noise,vector_field,2003,0,0.090776663725757,True,0.15038618809631984
quadcopter,at limit,position noise,vector_field,2003,1,0.07455296840729955,True,0.12516297262059975
quadcopter,at limit,position noise,vector_field,2004,0,0.15267435836450988,True,0.12124016658954188
quadcopter,at limit,position noise,vector_field,2004,1,0.022333177374316053,True,0.04977203647416414
quadcopter,at limit,position noise,vector_field,2005,0,0.05795801313078043,True,0.09479824987846379
quadcopter,at limit,position noise,vector_field,2005,1,0.037198571640117126,True,0.053557154276578735
quadcopter,at limit,position noise,vector_field,2006,0,0.15085422652434743,True,0.11295546558704453
quadcopter,at limit,position noise,vector_field,2006,1,0.05434598721215551,True,0.08882636655948553
quadcopter,at limit,position noise,vector_field,2007,0,0.04815816634316016,True,0.07882165605095541
quadcopter,at limit,position noise,vector_field,2007,1,0.041521479916486574,True,0.07725832012678288
quadcopter,at limit,position noise,vector_field,2008,0,0.28131352121047815,True,0.2143845089903181
quadcopter,at limit,position noise,vector_field,2008,1,0.2722814501786549,True,0.23366243535496004
quadcopter,at limit,position noise,vector_field,2009,0,0.14410666033165972,True,0.09805544062887878
quadcopter,at limit,position noise,vector_field,2009,1,0.1358101686788987,True,0.09449135504624046
quadcopter,at limit,position noise,vector_field,2010,0,0.06573487489374047,True,0.09688888888888889
quadcopter,at limit,position noise,vector_field,2010,1,0.1106664384850005,True,0.13805309734513274
quadcopter,at limit,position noise,vector_field,2011,0,0.02460372181076436,True,0.04277864992150707
quadcopter,at limit,position noise,vector_field,2011,1,0.13919179598881878,True,0.12553495007132667
quadcopter,at limit,position noise,lead_vf,2000,0,0.02762651275859517,True,0.002951096121416526
quadcopter,at limit,position noise,lead_vf,2000,1,0.027340744038123407,True,0.010508617065994116
quadcopter,at limit,position noise,lead_vf,2001,0,0.024023160336911712,True,0.010579937304075235
quadcopter,at limit,position noise,lead_vf,2001,1,0.02517625395479113,True,0.0003971405877680699
quadcopter,at limit,position noise,lead_vf,2002,0,0.11518270405078787,True,0.10074812967581047
quadcopter,at limit,position noise,lead_vf,2002,1,0.039204583755802894,True,0.036134087940792335
quadcopter,at limit,position noise,lead_vf,2003,0,0.054955462581350464,True,0.046831955922865015
quadcopter,at limit,position noise,lead_vf,2003,1,0.03462137550909981,True,0.02673093777388256
quadcopter,at limit,position noise,lead_vf,2004,0,0.04862709969932366,True,0.052434456928838954
quadcopter,at limit,position noise,lead_vf,2004,1,0.029295699609099002,True,0.004954268292682927
quadcopter,at limit,position noise,lead_vf,2005,0,0.03640944424287984,True,0.0449438202247191
quadcopter,at limit,position noise,lead_vf,2005,1,0.02384461997985174,True,0.0036072144288577155
quadcopter,at limit,position noise,lead_vf,2006,0,0.05580431952054607,True,0.046235679214402615
quadcopter,at limit,position noise,lead_vf,2006,1,0.04266380549780835,True,0.02466639708855641
quadcopter,at limit,position noise,lead_vf,2007,0,0.02976449286202895,True,0.015187849720223821
quadcopter,at limit,position noise,lead_vf,2007,1,0.0319726390900331,True,0.01193792280143255
quadcopter,at limit,position noise,lead_vf,2008,0,0.17911770446369404,True,0.1446124763705104
quadcopter,at limit,position noise,lead_vf,2008,1,0.15601852290934348,True,0.15599422243620606
quadcopter,at limit,position noise,lead_vf,2009,0,0.044995314610701345,True,0.02258469259723965
quadcopter,at limit,position noise,lead_vf,2009,1,0.07272578339545781,True,0.03484602917341977
quadcopter,at limit,position noise,lead_vf,2010,0,0.030515748499052656,True,0.01923937360178971
quadcopter,at limit,position noise,lead_vf,2010,1,0.045727497341102125,True,0.04439461883408072
quadcopter,at limit,position noise,lead_vf,2011,0,0.023066407613878685,True,0.0015729453401494297
quadcopter,at limit,position noise,lead_vf,2011,1,0.08240287088475032,True,0.06369731800766283
quadcopter,at limit,velocity noise,pure_pursuit,2000,0,0.03225108804957783,True,0.004214075010535188
quadcopter,at limit,velocity noise,pure_pursuit,2000,1,0.03673153767542784,True,0.011759764804703907
quadcopter,at limit,velocity noise,pure_pursuit,2001,0,0.025613706151105323,True,0.014090019569471625
quadcopter,at limit,velocity noise,pure_pursuit,2001,1,0.028163242901371142,True,0.002777777777777778
quadcopter,at limit,velocity noise,pure_pursuit,2002,0,0.12189039298479214,True,0.0967098703888335
quadcopter,at limit,velocity noise,pure_pursuit,2002,1,0.04055134927027099,True,0.030039181541140617
quadcopter,at limit,velocity noise,pure_pursuit,2003,0,0.0626795179561821,True,0.0426605504587156
quadcopter,at limit,velocity noise,pure_pursuit,2003,1,0.03793946734380036,True,0.028458844133099823
quadcopter,at limit,velocity noise,pure_pursuit,2004,0,0.05267202056766257,True,0.031835205992509365
quadcopter,at limit,velocity noise,pure_pursuit,2004,1,0.03086053142325998,True,0.006854531607006854
quadcopter,at limit,velocity noise,pure_pursuit,2005,0,0.03971814366442912,True,0.0175609756097561
quadcopter,at limit,velocity noise,pure_pursuit,2005,1,0.026259243455670087,True,0.0036072144288577155
quadcopter,at limit,velocity noise,pure_pursuit,2006,0,0.06173566813466095,True,0.04905968928863451
quadcopter,at limit,velocity noise,pure_pursuit,2006,1,0.04144863890189688,True,0.025040387722132473
quadcopter,at limit,velocity noise,pure_pursuit,2007,0,0.03448938228816433,True,0.015575079872204472
quadcopter,at limit,velocity noise,pure_pursuit,2007,1,0.031387709507824796,True,0.015103338632750398
quadcopter,at limit,velocity noise,pure_pursuit,2008,0,0.17892461226949669,True,0.1275992438563327
quadcopter,at limit,velocity noise,pure_pursuit,2008,1,0.15780715927824007,True,0.1395572666025024
quadcopter,at limit,velocity noise,pure_pursuit,2009,0,0.04853306725309728,True,0.02046783625730994
quadcopter,at limit,velocity noise,pure_pursuit,2009,1,0.0728385207886996,True,0.029149797570850202
quadcopter,at limit,velocity noise,pure_pursuit,2010,0,0.031034442676614378,True,0.012075134168157423
quadcopter,at limit,velocity noise,pure_pursuit,2010,1,0.047784152549778976,True,0.0340654415060511
quadcopter,at limit,velocity noise,pure_pursuit,2011,0,0.025620126884467874,True,0.003930817610062893
quadcopter,at limit,velocity noise,pure_pursuit,2011,1,0.0872868572522491,True,0.04024916147580259
quadcopter,at limit,velocity noise,l1,2000,0,0.03224042285656167,True,0.004214075010535188
quadcopter,at limit,velocity noise,l1,2000,1,0.03638459958517255,True,0.011759764804703907
quadcopter,at limit,velocity noise,l1,2001,0,0.025966103801474415,True,0.012920908379013312
quadcopter,at limit,velocity noise,l1,2001,1,0.02831460126077817,True,0.002777777777777778
quadcopter,at limit,velocity noise,l1,2002,0,0.11999355719016652,True,0.09820538384845463
quadcopter,at limit,velocity noise,l1,2002,1,0.04016875225277735,True,0.030474531998258596
quadcopter,at limit,velocity noise,l1,2003,0,0.06233481742297467,True,0.04128440366972477
quadcopter,at limit,velocity noise,l1,2003,1,0.03728316337238605,True,0.026281208935611037
quadcopter,at limit,velocity noise,l1,2004,0,0.050561474498785466,True,0.03323970037453183
quadcopter,at limit,velocity noise,l1,2004,1,0.031144935339597606,True,0.0072353389185072356
quadcopter,at limit,velocity noise,l1,2005,0,0.03931006858450567,True,0.01707317073170732
quadcopter,at limit,velocity noise,l1,2005,1,0.026243686051622063,True,0.0032064128256513026
quadcopter,at limit,velocity noise,l1,2006,0,0.05900957199705553,True,0.048261758691206545
quadcopter,at limit,velocity noise,l1,2006,1,0.04095399050357279,True,0.024636510500807753
quadcopter,at limit,velocity noise,l1,2007,0,0.034338483381062476,True,0.015181781861765881
quadcopter,at limit,velocity noise,l1,2007,1,0.03138082359810038,True,0.01629570747217806
quadcopter,at limit,velocity noise,l1,2008,0,0.17434835750382122,True,0.12907801418439716
quadcopter,at limit,velocity noise,l1,2008,1,0.1549357603563884,True,0.14210019267822735
quadcopter,at limit,velocity noise,l1,2009,0,0.04626091736308344,True,0.0192227329711659
quadcopter,at limit,velocity noise,l1,2009,1,0.07193930820370421,True,0.02916160388821385
quadcopter,at limit,velocity noise,l1,2010,0,0.03157274048917105,True,0.01073345259391771
quadcopter,at limit,velocity noise,l1,2010,1,0.04614914652520666,True,0.03273542600896861
quadcopter,at limit,velocity noise,l1,2011,0,0.025719276822412436,True,0.003930817610062893
quadcopter,at limit,velocity noise,l1,2011,1,0.0851808620680365,True,0.0392908481073311
quadcopter,at limit,velocity noise,vector_field,2000,0,0.02285038754341541,True,0.04713804713804714
quadcopter,at limit,velocity noise,vector_field,2000,1,0.03291764234204017,True,0.06954335986594051
quadcopter,at limit,velocity noise,vector_field,2001,0,0.034608280066713064,True,0.07452204447912603
quadcopter,at limit,velocity noise,vector_field,2001,1,0.03911233902663941,True,0.06131329113924051
quadcopter,at limit,velocity noise,vector_field,2002,0,0.21220951784392267,True,0.21003898635477583
quadcopter,at limit,velocity noise,vector_field,2002,1,0.08932828949692477,True,0.12910189982728842
quadcopter,at limit,velocity noise,vector_field,2003,0,0.08923158824140581,True,0.1643213799364503
quadcopter,at limit,velocity noise,vector_field,2003,1,0.07314955334362264,True,0.14074717636837533
quadcopter,at limit,velocity noise,vector_field,2004,0,0.15865545435505252,True,0.13367252543940797
quadcopter,at limit,velocity noise,vector_field,2004,1,0.024812760593647565,True,0.06494492973794151
quadcopter,at limit,velocity noise,vector_field,2005,0,0.06868483775159609,True,0.11359223300970873
quadcopter,at limit,velocity noise,vector_field,2005,1,0.03833875661554076,True,0.06552137435077907
quadcopter,at limit,velocity noise,vector_field,2006,0,0.1536410487863114,True,0.13136620856911885
quadcopter,at limit,velocity noise,vector_field,2006,1,0.0577140733815477,True,0.10883534136546184
quadcopter,at limit,velocity noise,vector_field,2007,0,0.04523402171477703,True,0.09466984884645982
quadcopter,at limit,velocity noise,vector_field,2007,1,0.04420057888343003,True,0.09112519809825674
quadcopter,at limit,velocity noise,vector_field,2008,0,0.28189075441124667,True,0.2294930875576037
quadcopter,at limit,velocity noise,vector_field,2008,1,0.2875565370405053,True,0.25773195876288657
quadcopter,at limit,velocity noise,vector_field,2009,0,0.14030677417595921,True,0.10513245033112582
quadcopter,at limit,velocity noise,vector_field,2009,1,0.12105192862341863,True,0.10784708249496981
quadcopter,at limit,velocity noise,vector_field,2010,0,0.06413684234147782,True,0.11500888099467141
quadcopter,at limit,velocity noise,vector_field,2010,1,0.11374969526733897,True,0.1508849557522124
quadcopter,at limit,velocity noise,vector_field,2011,0,0.02855386546740571,True,0.05688505296194586
quadcopter,at limit,velocity noise,vector_field,2011,1,0.1435818964253232,True,0.1411596958174905
quadcopter,at limit,velocity noise,lead_vf,2000,0,0.029403675038075963,True,0.01391231028667791
quadcopter,at limit,velocity noise,lead_vf,2000,1,0.034155084580789793,True,0.017219655606887863
quadcopter,at limit,velocity noise,lead_vf,2001,0,0.02569445925058787,True,0.016836335160532498
quadcopter,at limit,velocity noise,lead_vf,2001,1,0.02794827605361848,True,0.003968253968253968
quadcopter,at limit,velocity noise,lead_vf,2002,0,0.12220351828363782,True,0.11404382470119521
quadcopter,at limit,velocity noise,lead_vf,2002,1,0.04554229177720728,True,0.04569190600522193
quadcopter,at limit,velocity noise,lead_vf,2003,0,0.0611929375161495,True,0.0614397065566254
quadcopter,at limit,velocity noise,lead_vf,2003,1,0.04050916850116153,True,0.04201312910284464
quadcopter,at limit,velocity noise,lead_vf,2004,0,0.05762762091789083,True,0.048198408984557795
quadcopter,at limit,velocity noise,lead_vf,2004,1,0.029307491526056488,True,0.010666666666666666
quadcopter,at limit,velocity noise,lead_vf,2005,0,0.0413624946197184,True,0.043923865300146414
quadcopter,at limit,velocity noise,lead_vf,2005,1,0.02450002109744153,True,0.009218436873747494
quadcopter,at limit,velocity noise,lead_vf,2006,0,0.06398284485230143,True,0.056418642681929684
quadcopter,at limit,velocity noise,lead_vf,2006,1,0.042583967359718616,True,0.03391199031085991
quadcopter,at limit,velocity noise,lead_vf,2007,0,0.03595795362975658,True,0.023971234518577706
quadcopter,at limit,velocity noise,lead_vf,2007,1,0.033291080100753614,True,0.025049701789264415
quadcopter,at limit,velocity noise,lead_vf,2008,0,0.177805675061594,True,0.14555765595463138
quadcopter,at limit,velocity noise,lead_vf,2008,1,0.1633046644102074,True,0.16498316498316498
quadcopter,at limit,velocity noise,lead_vf,2009,0,0.05066078208755449,True,0.03132832080200501
quadcopter,at limit,velocity noise,lead_vf,2009,1,0.07527416129871302,True,0.03967611336032389
quadcopter,at limit,velocity noise,lead_vf,2010,0,0.032878466526129066,True,0.027715690657130084
quadcopter,at limit,velocity noise,lead_vf,2010,1,0.04959981635138247,True,0.04975347377857463
quadcopter,at limit,velocity noise,lead_vf,2011,0,0.024524820312551945,True,0.009433962264150943
quadcopter,at limit,velocity noise,lead_vf,2011,1,0.0889801378569374,True,0.06417624521072797
quadcopter,at limit,sensor delay 0.2 s,pure_pursuit,2000,0,0.02930618151220233,True,0.001682085786375105
quadcopter,at limit,sensor delay 0.2 s,pure_pursuit,2000,1,0.030079458796860102,True,0.012992455993294216
quadcopter,at limit,sensor delay 0.2 s,pure_pursuit,2001,0,0.02356121854474838,True,0.010933229207340883
quadcopter,at limit,sensor delay 0.2 s,pure_pursuit,2001,1,0.02381686652533778,True,0.0007920792079207921
quadcopter,at limit,sensor delay 0.2 s,pure_pursuit,2002,0,0.1285500083137759,True,0.10262766484878533
quadcopter,at limit,sensor delay 0.2 s,pure_pursuit,2002,1,0.03623981239734634,True,0.028199566160520606
quadcopter,at limit,sensor delay 0.2 s,pure_pursuit,2003,0,0.07085531061320316,True,0.03837368661489265
quadcopter,at limit,sensor delay 0.2 s,pure_pursuit,2003,1,0.03663049335792106,True,0.030131004366812226
quadcopter,at limit,sensor delay 0.2 s,pure_pursuit,2004,0,0.0475749084545931,True,0.037815126050420166
quadcopter,at limit,sensor delay 0.2 s,pure_pursuit,2004,1,0.026395430016293353,True,0.0030383592859855677
quadcopter,at limit,sensor delay 0.2 s,pure_pursuit,2005,0,0.03234026460921526,True,0.01800486618004866
quadcopter,at limit,sensor delay 0.2 s,pure_pursuit,2005,1,0.023688196977549245,True,0.0
quadcopter,at limit,sensor delay 0.2 s,pure_pursuit,2006,0,0.05986171880782443,True,0.05057096247960848
quadcopter,at limit,sensor delay 0.2 s,pure_pursuit,2006,1,0.04404406318948478,True,0.029399919452275474
quadcopter,at limit,sensor delay 0.2 s,pure_pursuit,2007,0,0.030651501762953066,True,0.011164274322169059
quadcopter,at limit,sensor delay 0.2 s,pure_pursuit,2007,1,0.03203381895491896,True,0.017043202536662704
quadcopter,at limit,sensor delay 0.2 s,pure_pursuit,2008,0,0.20365795337475465,True,0.14901593252108716
quadcopter,at limit,sensor delay 0.2 s,pure_pursuit,2008,1,0.1677377722633816,True,0.1505736137667304
quadcopter,at limit,sensor delay 0.2 s,pure_pursuit,2009,0,0.048923830187762474,True,0.019166666666666665
quadcopter,at limit,sensor delay 0.2 s,pure_pursuit,2009,1,0.08173110773881341,True,0.029067420266451354
quadcopter,at limit,sensor delay 0.2 s,pure_pursuit,2010,0,0.02820900977960058,True,0.008916629514043692
quadcopter,at limit,sensor delay 0.2 s,pure_pursuit,2010,1,0.05481925173584922,True,0.05220883534136546
quadcopter,at limit,sensor delay 0.2 s,pure_pursuit,2011,0,0.025176075721700313,True,0.00039231071008238524
quadcopter,at limit,sensor delay 0.2 s,pure_pursuit,2011,1,0.09690176126188894,True,0.051073985680190934
quadcopter,at limit,sensor delay 0.2 s,l1,2000,0,0.029412740496704837,True,0.001682085786375105
quadcopter,at limit,sensor delay 0.2 s,l1,2000,1,0.030188093600180696,True,0.012992455993294216
quadcopter,at limit,sensor delay 0.2 s,l1,2001,0,0.023412388286190647,True,0.010933229207340883
quadcopter,at limit,sensor delay 0.2 s,l1,2001,1,0.0237082999383304,True,0.0007920792079207921
quadcopter,at limit,sensor delay 0.2 s,l1,2002,0,0.12684905093994303,True,0.10163609320773426
quadcopter,at limit,sensor delay 0.2 s,l1,2002,1,0.03547832736172074,True,0.028199566160520606
quadcopter,at limit,sensor delay 0.2 s,l1,2003,0,0.06911376383682313,True,0.037477148080438755
quadcopter,at limit,sensor delay 0.2 s,l1,2003,1,0.03549768553414913,True,0.026200873362445413
quadcopter,at limit,sensor delay 0.2 s,l1,2004,0,0.04557910464630603,True,0.03968253968253968
quadcopter,at limit,sensor delay 0.2 s,l1,2004,1,0.02658827368593448,True,0.0037979491074819596
quadcopter,at limit,sensor delay 0.2 s,l1,2005,0,0.03241395142918757,True,0.01800486618004866
quadcopter,at limit,sensor delay 0.2 s,l1,2005,1,0.023627271334542288,True,0.0
quadcopter,at limit,sensor delay 0.2 s,l1,2006,0,0.058480996314463594,True,0.050978792822185974
quadcopter,at limit,sensor delay 0.2 s,l1,2006,1,0.04334175046119626,True,0.02899718082964156
quadcopter,at limit,sensor delay 0.2 s,l1,2007,0,0.030675131284100828,True,0.011164274322169059
quadcopter,at limit,sensor delay 0.2 s,l1,2007,1,0.03156638834018057,True,0.019421323820848196
quadcopter,at limit,sensor delay 0.2 s,l1,2008,0,0.2003563574829345,True,0.15323336457357076
quadcopter,at limit,sensor delay 0.2 s,l1,2008,1,0.16492158965863243,True,0.1563845050215208
quadcopter,at limit,sensor delay 0.2 s,l1,2009,0,0.04757781018039718,True,0.019166666666666665
quadcopter,at limit,sensor delay 0.2 s,l1,2009,1,0.08136148262798246,True,0.029471134436818733
quadcopter,at limit,sensor delay 0.2 s,l1,2010,0,0.027764184469403444,True,0.009362460989745877
quadcopter,at limit,sensor delay 0.2 s,l1,2010,1,0.05391676821026452,True,0.05310129406514949
quadcopter,at limit,sensor delay 0.2 s,l1,2011,0,0.025049922672590808,True,0.00039231071008238524
quadcopter,at limit,sensor delay 0.2 s,l1,2011,1,0.09512124570615302,True,0.051551312649164675
quadcopter,at limit,sensor delay 0.2 s,vector_field,2000,0,0.03789861347628795,True,0.06921140939597316
quadcopter,at limit,sensor delay 0.2 s,vector_field,2000,1,0.03766648587971744,True,0.07441471571906355
quadcopter,at limit,sensor delay 0.2 s,vector_field,2001,0,0.05665618415615743,True,0.09945609945609946
quadcopter,at limit,sensor delay 0.2 s,vector_field,2001,1,0.06331134147682801,True,0.07325718786923986
quadcopter,at limit,sensor delay 0.2 s,vector_field,2002,0,0.24599102722857027,True,0.24373795761078998
quadcopter,at limit,sensor delay 0.2 s,vector_field,2002,1,0.14523463535184364,True,0.168236301369863
quadcopter,at limit,sensor delay 0.2 s,vector_field,2003,0,0.12504434346938748,True,0.20207020702070208
quadcopter,at limit,sensor delay 0.2 s,vector_field,2003,1,0.11714330791286766,True,0.18467498923805423
quadcopter,at limit,sensor delay 0.2 s,vector_field,2004,0,0.18152454714836824,True,0.17701149425287357
quadcopter,at limit,sensor delay 0.2 s,vector_field,2004,1,0.04888053291358478,True,0.07450832072617247
quadcopter,at limit,sensor delay 0.2 s,vector_field,2005,0,0.09508463557991104,True,0.14244326412361177
quadcopter,at limit,sensor delay 0.2 s,vector_field,2005,1,0.06670990080896916,True,0.07952286282306163
quadcopter,at limit,sensor delay 0.2 s,vector_field,2006,0,0.21992835868916427,True,0.15196471531676023
quadcopter,at limit,sensor delay 0.2 s,vector_field,2006,1,0.1016927141485759,True,0.14547628537265844
quadcopter,at limit,sensor delay 0.2 s,vector_field,2007,0,0.07290628925997902,True,0.12821527502967947
quadcopter,at limit,sensor delay 0.2 s,vector_field,2007,1,0.07670649688416678,True,0.10611439842209074
quadcopter,at limit,sensor delay 0.2 s,vector_field,2008,0,0.3431706712269432,True,0.27107061503416857
quadcopter,at limit,sensor delay 0.2 s,vector_field,2008,1,0.36509952179271804,True,0.3007380073800738
quadcopter,at limit,sensor delay 0.2 s,vector_field,2009,0,0.14565964243907914,True,0.14820913956360643
quadcopter,at limit,sensor delay 0.2 s,vector_field,2009,1,0.1638777277869346,True,0.13554578168732506
quadcopter,at limit,sensor delay 0.2 s,vector_field,2010,0,0.10553867310752904,True,0.14625550660792952
quadcopter,at limit,sensor delay 0.2 s,vector_field,2010,1,0.1378947249486916,True,0.19342105263157894
quadcopter,at limit,sensor delay 0.2 s,vector_field,2011,0,0.03473612068432211,True,0.07629107981220658
quadcopter,at limit,sensor delay 0.2 s,vector_field,2011,1,0.18848800369560725,True,0.17366682397357244
quadcopter,at limit,sensor delay 0.2 s,lead_vf,2000,0,0.026247888472381943,True,0.005048380311316786
quadcopter,at limit,sensor delay 0.2 s,lead_vf,2000,1,0.02479704874754287,True,0.016771488469601678
quadcopter,at limit,sensor delay 0.2 s,lead_vf,2001,0,0.02064314800581807,True,0.009375
quadcopter,at limit,sensor delay 0.2 s,lead_vf,2001,1,0.022372172659576358,True,0.0
quadcopter,at limit,sensor delay 0.2 s,lead_vf,2002,0,0.12083911554652697,True,0.12890431333663857
quadcopter,at limit,sensor delay 0.2 s,lead_vf,2002,1,0.0378929351741046,True,0.043402777777777776
quadcopter,at limit,sensor delay 0.2 s,lead_vf,2003,0,0.06241946267015608,True,0.05987202925045704
quadcopter,at limit,sensor delay 0.2 s,lead_vf,2003,1,0.03525963606040619,True,0.03842794759825328
quadcopter,at limit,sensor delay 0.2 s,lead_vf,2004,0,0.049841276012228194,True,0.0742296918767507
quadcopter,at limit,sensor delay 0.2 s,lead_vf,2004,1,0.024112895793528006,True,0.003040668947168377
quadcopter,at limit,sensor delay 0.2 s,lead_vf,2005,0,0.03681361323287346,True,0.054501216545012166
quadcopter,at limit,sensor delay 0.2 s,lead_vf,2005,1,0.022386028393263056,True,0.0072
quadcopter,at limit,sensor delay 0.2 s,lead_vf,2006,0,0.06093459632654419,True,0.0534257748776509
quadcopter,at limit,sensor delay 0.2 s,lead_vf,2006,1,0.04408534005761661,True,0.0273972602739726
quadcopter,at limit,sensor delay 0.2 s,lead_vf,2007,0,0.03082623614445726,True,0.017942583732057416
quadcopter,at limit,sensor delay 0.2 s,lead_vf,2007,1,0.031158884671439496,True,0.022204599524187154
quadcopter,at limit,sensor delay 0.2 s,lead_vf,2008,0,0.19380260908971486,True,0.1718969555035129
quadcopter,at limit,sensor delay 0.2 s,lead_vf,2008,1,0.1907632564950436,True,0.18042959427207636
quadcopter,at limit,sensor delay 0.2 s,lead_vf,2009,0,0.05948349067439462,True,0.03164029975020816
quadcopter,at limit,sensor delay 0.2 s,lead_vf,2009,1,0.07604511022078354,True,0.04321486268174475
quadcopter,at limit,sensor delay 0.2 s,lead_vf,2010,0,0.030054639561201787,True,0.0231832367365136
quadcopter,at limit,sensor delay 0.2 s,lead_vf,2010,1,0.05231870332560367,True,0.06428571428571428
quadcopter,at limit,sensor delay 0.2 s,lead_vf,2011,0,0.022174960896346796,True,0.002746174970576697
quadcopter,at limit,sensor delay 0.2 s,lead_vf,2011,1,0.09116723928388173,True,0.08110687022900763
quadcopter,at limit,response lag x2,pure_pursuit,2000,0,0.030346508828502018,True,0.0012631578947368421
quadcopter,at limit,response lag x2,pure_pursuit,2000,1,0.03844841371352764,True,0.017197986577181208
quadcopter,at limit,response lag x2,pure_pursuit,2001,0,0.027069349015514527,True,0.017584994138335287
quadcopter,at limit,response lag x2,pure_pursuit,2001,1,0.024749470539192173,True,0.0007930214115781126
quadcopter,at limit,response lag x2,pure_pursuit,2002,0,0.151208334397964,True,0.11683168316831684
quadcopter,at limit,response lag x2,pure_pursuit,2002,1,0.04696541177708699,True,0.040364583333333336
quadcopter,at limit,response lag x2,pure_pursuit,2003,0,0.09055671109983846,True,0.046139789858382824
quadcopter,at limit,response lag x2,pure_pursuit,2003,1,0.04836825404377351,True,0.03888160768894714
quadcopter,at limit,response lag x2,pure_pursuit,2004,0,0.06447300349671053,True,0.04016814572629612
quadcopter,at limit,response lag x2,pure_pursuit,2004,1,0.028706938726854113,True,0.006463878326996198
quadcopter,at limit,response lag x2,pure_pursuit,2005,0,0.043066808625143595,True,0.024354603019970774
quadcopter,at limit,response lag x2,pure_pursuit,2005,1,0.02589362124048805,True,0.0
quadcopter,at limit,response lag x2,pure_pursuit,2006,0,0.08044222720250227,True,0.05584997961679576
quadcopter,at limit,response lag x2,pure_pursuit,2006,1,0.05548298541938185,True,0.038678485092667206
quadcopter,at limit,response lag x2,pure_pursuit,2007,0,0.03813874351503753,True,0.017557861133280128
quadcopter,at limit,response lag x2,pure_pursuit,2007,1,0.04244955000977185,True,0.021023403411344704
quadcopter,at limit,response lag x2,pure_pursuit,2008,0,0.2365397329048337,True,0.1583372255955161
quadcopter,at limit,response lag x2,pure_pursuit,2008,1,0.1974084366018311,True,0.15967588179218303
quadcopter,at limit,response lag x2,pure_pursuit,2009,0,0.06293209744920525,True,0.02501042100875365
quadcopter,at limit,response lag x2,pure_pursuit,2009,1,0.0962184898635683,True,0.03434343434343434
quadcopter,at limit,response lag x2,pure_pursuit,2010,0,0.035027361823013345,True,0.015618027666220438
quadcopter,at limit,response lag x2,pure_pursuit,2010,1,0.07303561523112398,True,0.06470325747434182
quadcopter,at limit,response lag x2,pure_pursuit,2011,0,0.02656359423715885,True,0.00039277297721916735
quadcopter,at limit,response lag x2,pure_pursuit,2011,1,0.11532280105700732,True,0.05826170009551098
quadcopter,at limit,response lag x2,l1,2000,0,0.030372840310620465,True,0.0012631578947368421
quadcopter,at limit,response lag x2,l1,2000,1,0.03784251445537507,True,0.017197986577181208
quadcopter,at limit,response lag x2,l1,2001,0,0.027015134164328644,True,0.017584994138335287
quadcopter,at limit,response lag x2,l1,2001,1,0.024770219208106292,True,0.0007930214115781126
quadcopter,at limit,response lag x2,l1,2002,0,0.14952383378120432,True,0.11683168316831684
quadcopter,at limit,response lag x2,l1,2002,1,0.046128670663798124,True,0.04079861111111111
quadcopter,at limit,response lag x2,l1,2003,0,0.08820958246199424,True,0.04476930105070809
quadcopter,at limit,response lag x2,l1,2003,1,0.04703876135046084,True,0.03802447552447553
quadcopter,at limit,response lag x2,l1,2004,0,0.06242337626042466,True,0.0406352171882298
quadcopter,at limit,response lag x2,l1,2004,1,0.0288453270672189,True,0.006083650190114068
quadcopter,at limit,response lag x2,l1,2005,0,0.042765428966642226,True,0.02484169508037019
quadcopter,at limit,response lag x2,l1,2005,1,0.025901192159507584,True,0.0
quadcopter,at limit,response lag x2,l1,2006,0,0.0789202510938839,True,0.05707297187117815
quadcopter,at limit,response lag x2,l1,2006,1,0.05497815697871548,True,0.038678485092667206
quadcopter,at limit,response lag x2,l1,2007,0,0.03821195443725249,True,0.01556264964086193
quadcopter,at limit,response lag x2,l1,2007,1,0.04210007518949191,True,0.023006743355811186
quadcopter,at limit,response lag x2,l1,2008,0,0.23222732594788154,True,0.16300794021485288
quadcopter,at limit,response lag x2,l1,2008,1,0.19213807773864872,True,0.16499761564139245
quadcopter,at limit,response lag x2,l1,2009,0,0.06117051731970512,True,0.02334305960817007
quadcopter,at limit,response lag x2,l1,2009,1,0.09490387893412727,True,0.03272727272727273
quadcopter,at limit,response lag x2,l1,2010,0,0.0347748737184455,True,0.014725568942436412
quadcopter,at limit,response lag x2,l1,2010,1,0.07129607332370083,True,0.06514948683623382
quadcopter,at limit,response lag x2,l1,2011,0,0.02652364639314857,True,0.00039277297721916735
quadcopter,at limit,response lag x2,l1,2011,1,0.11402459971284692,True,0.059694364851957976
quadcopter,at limit,response lag x2,vector_field,2000,0,0.036591566895326666,True,0.059293523969722456
quadcopter,at limit,response lag x2,vector_field,2000,1,0.0490230194811237,True,0.08117154811715481
quadcopter,at limit,response lag x2,vector_field,2001,0,0.06117796081154869,True,0.09568261376896149
quadcopter,at limit,response lag x2,vector_field,2001,1,0.06405364996746563,True,0.0702446724546172
quadcopter,at limit,response lag x2,vector_field,2002,0,0.2711146379188279,True,0.2675312199807877
quadcopter,at limit,response lag x2,vector_field,2002,1,0.17464036690651558,True,0.1777301927194861
quadcopter,at limit,response lag x2,vector_field,2003,0,0.16059230657957052,True,0.23553162853297444
quadcopter,at limit,response lag x2,vector_field,2003,1,0.12858389393072395,True,0.1986212839293408
quadcopter,at limit,response lag x2,vector_field,2004,0,0.19643203912374066,True,0.1869244935543278
quadcopter,at limit,response lag x2,vector_field,2004,1,0.05418197666372147,True,0.08516275548826646
quadcopter,at limit,response lag x2,vector_field,2005,0,0.10092945045964294,True,0.14078374455732948
quadcopter,at limit,response lag x2,vector_field,2005,1,0.06017368715084126,True,0.07811877241929055
quadcopter,at limit,response lag x2,vector_field,2006,0,0.22264251655622808,True,0.16057808109193095
quadcopter,at limit,response lag x2,vector_field,2006,1,0.11613447988464665,True,0.14678899082568808
quadcopter,at limit,response lag x2,vector_field,2007,0,0.08205755819832022,True,0.12762584225128815
quadcopter,at limit,response lag x2,vector_field,2007,1,0.07672240765049132,True,0.10979462875197472
quadcopter,at limit,response lag x2,vector_field,2008,0,0.37010258046100186,True,0.2862335302135393
quadcopter,at limit,response lag x2,vector_field,2008,1,0.399857638513945,True,0.31155085135757016
quadcopter,at limit,response lag x2,vector_field,2009,0,0.1797431424917224,True,0.1616618675442205
quadcopter,at limit,response lag x2,vector_field,2009,1,0.1780790277707563,True,0.13971176941553243
quadcopter,at limit,response lag x2,vector_field,2010,0,0.11951947460613038,True,0.15299823633156967
quadcopter,at limit,response lag x2,vector_field,2010,1,0.14831403372912438,True,0.20983318700614575
quadcopter,at limit,response lag x2,vector_field,2011,0,0.03903571866693786,True,0.07291258330066641
quadcopter,at limit,response lag x2,vector_field,2011,1,0.2030746557847497,True,0.18478260869565216
quadcopter,at limit,response lag x2,lead_vf,2000,0,0.02767801418785,True,0.0029486099410278013
quadcopter,at limit,response lag x2,lead_vf,2000,1,0.031141030566680293,True,0.020570948782535684
quadcopter,at limit,response lag x2,lead_vf,2001,0,0.022854194637393303,True,0.014861165428236215
quadcopter,at limit,response lag x2,lead_vf,2001,1,0.022499398783470785,True,0.0003965107057890563
quadcopter,at limit,response lag x2,lead_vf,2002,0,0.14202451971487917,True,0.13478691774033696
quadcopter,at limit,response lag x2,lead_vf,2002,1,0.04773114023800103,True,0.04429005644811116
quadcopter,at limit,response lag x2,lead_vf,2003,0,0.07684969370002048,True,0.06584362139917696
quadcopter,at limit,response lag x2,lead_vf,2003,1,0.04682058514892231,True,0.05026223776223776
quadcopter,at limit,response lag x2,lead_vf,2004,0,0.0686880120663029,True,0.07236227824463119
quadcopter,at limit,response lag x2,lead_vf,2004,1,0.02512345506480758,True,0.0060882800608828
quadcopter,at limit,response lag x2,lead_vf,2005,0,0.045443567369618715,True,0.059941520467836254
quadcopter,at limit,response lag x2,lead_vf,2005,1,0.023979401086021833,True,0.008009611533840609
quadcopter,at limit,response lag x2,lead_vf,2006,0,0.08086335466279644,True,0.05507955936352509
quadcopter,at limit,response lag x2,lead_vf,2006,1,0.05204246429805487,True,0.03467741935483871
quadcopter,at limit,response lag x2,lead_vf,2007,0,0.03770955090653755,True,0.02554890219560878
quadcopter,at limit,response lag x2,lead_vf,2007,1,0.0399526426660274,True,0.0222310440651052
quadcopter,at limit,response lag x2,lead_vf,2008,0,0.22214536793203182,True,0.1767180925666199
quadcopter,at limit,response lag x2,lead_vf,2008,1,0.21729143206321383,True,0.18437351119580753
quadcopter,at limit,response lag x2,lead_vf,2009,0,0.0702710767012949,True,0.04041666666666666
quadcopter,at limit,response lag x2,lead_vf,2009,1,0.09737864432295934,True,0.04242424242424243
quadcopter,at limit,response lag x2,lead_vf,2010,0,0.03408779713672107,True,0.027678571428571427
quadcopter,at limit,response lag x2,lead_vf,2010,1,0.0638630544772814,True,0.06919642857142858
quadcopter,at limit,response lag x2,lead_vf,2011,0,0.02411582301697803,True,0.0019646365422396855
quadcopter,at limit,response lag x2,lead_vf,2011,1,0.11518285991573265,True,0.0863961813842482
quadcopter,at limit,airspeed x0.85,pure_pursuit,2000,0,0.028166372341537058,True,0.0
quadcopter,at limit,airspeed x0.85,pure_pursuit,2000,1,0.028379446239681527,True,0.0
quadcopter,at limit,airspeed x0.85,pure_pursuit,2001,0,0.02214945511603194,True,0.0035702693930542034
quadcopter,at limit,airspeed x0.85,pure_pursuit,2001,1,0.028814372520872555,True,0.000328515111695138
quadcopter,at limit,airspeed x0.85,pure_pursuit,2002,0,0.038204327879550914,True,0.030534351145038167
quadcopter,at limit,airspeed x0.85,pure_pursuit,2002,1,0.026329932723941428,True,0.0
quadcopter,at limit,airspeed x0.85,pure_pursuit,2003,0,0.03026733882780272,True,0.003469545104086353
quadcopter,at limit,airspeed x0.85,pure_pursuit,2003,1,0.02686767541261699,True,0.0
quadcopter,at limit,airspeed x0.85,pure_pursuit,2004,0,0.025952890669685195,True,0.0093042071197411
quadcopter,at limit,airspeed x0.85,pure_pursuit,2004,1,0.024761304030151043,True,0.0
quadcopter,at limit,airspeed x0.85,pure_pursuit,2005,0,0.029051638742099962,True,0.0
quadcopter,at limit,airspeed x0.85,pure_pursuit,2005,1,0.02124912696064931,True,0.0
quadcopter,at limit,airspeed x0.85,pure_pursuit,2006,0,0.02745262643852897,True,0.0
quadcopter,at limit,airspeed x0.85,pure_pursuit,2006,1,0.023466953686414535,True,0.0
quadcopter,at limit,airspeed x0.85,pure_pursuit,2007,0,0.02941015573586328,True,0.0003295978905735003
quadcopter,at limit,airspeed x0.85,pure_pursuit,2007,1,0.02450638535439225,True,0.0013404825737265416
quadcopter,at limit,airspeed x0.85,pure_pursuit,2008,0,0.050162794904345956,True,0.05075726565697913
quadcopter,at limit,airspeed x0.85,pure_pursuit,2008,1,0.04564373731796499,True,0.054817275747508304
quadcopter,at limit,airspeed x0.85,pure_pursuit,2009,0,0.028833671380394887,True,0.0024630541871921183
quadcopter,at limit,airspeed x0.85,pure_pursuit,2009,1,0.02726503055305434,True,0.00033818058843422386
quadcopter,at limit,airspeed x0.85,pure_pursuit,2010,0,0.03193705457294385,True,0.0
quadcopter,at limit,airspeed x0.85,pure_pursuit,2010,1,0.030742883738493883,True,0.000752162467092892
quadcopter,at limit,airspeed x0.85,pure_pursuit,2011,0,0.027559805379359988,True,0.0
quadcopter,at limit,airspeed x0.85,pure_pursuit,2011,1,0.02700769076316708,True,0.0
quadcopter,at limit,airspeed x0.85,l1,2000,0,0.028025728296092248,True,0.0
quadcopter,at limit,airspeed x0.85,l1,2000,1,0.028525957481370573,True,0.0
quadcopter,at limit,airspeed x0.85,l1,2001,0,0.02229280939095263,True,0.0038948393378773127
quadcopter,at limit,airspeed x0.85,l1,2001,1,0.028967327039797118,True,0.000328515111695138
quadcopter,at limit,airspeed x0.85,l1,2002,0,0.037267720845529845,True,0.030547305897327112
quadcopter,at limit,airspeed x0.85,l1,2002,1,0.02648030064709604,True,0.0
quadcopter,at limit,airspeed x0.85,l1,2003,0,0.03036693662515101,True,0.004242190512919399
quadcopter,at limit,airspeed x0.85,l1,2003,1,0.02697693307601902,True,0.0
quadcopter,at limit,airspeed x0.85,l1,2004,0,0.025773559968491122,True,0.009708737864077669
quadcopter,at limit,airspeed x0.85,l1,2004,1,0.024752982128033098,True,0.0012598425196850393
quadcopter,at limit,airspeed x0.85,l1,2005,0,0.02902276483222787,True,0.0
quadcopter,at limit,airspeed x0.85,l1,2005,1,0.021344414105404393,True,0.0
quadcopter,at limit,airspeed x0.85,l1,2006,0,0.027698422441495455,True,0.0
quadcopter,at limit,airspeed x0.85,l1,2006,1,0.02342211084948005,True,0.0
quadcopter,at limit,airspeed x0.85,l1,2007,0,0.02944601741484212,True,0.0003295978905735003
quadcopter,at limit,airspeed x0.85,l1,2007,1,0.024866105074617582,True,0.005025125628140704
quadcopter,at limit,airspeed x0.85,l1,2008,0,0.048028596715404506,True,0.04791154791154791
quadcopter,at limit,airspeed x0.85,l1,2008,1,0.044546065348272074,True,0.054840049854590775
quadcopter,at limit,airspeed x0.85,l1,2009,0,0.02919160848719729,True,0.0014074595355383533
quadcopter,at limit,airspeed x0.85,l1,2009,1,0.027555216568313185,True,0.00033818058843422386
quadcopter,at limit,airspeed x0.85,l1,2010,0,0.03229991686953059,True,0.0
quadcopter,at limit,airspeed x0.85,l1,2010,1,0.03070436109757098,True,0.0026325686348251222
quadcopter,at limit,airspeed x0.85,l1,2011,0,0.02789178667361617,True,0.0
quadcopter,at limit,airspeed x0.85,l1,2011,1,0.02759940192462485,True,0.0
quadcopter,at limit,airspeed x0.85,vector_field,2000,0,0.01828484749980271,True,0.00423728813559322
quadcopter,at limit,airspeed x0.85,vector_field,2000,1,0.01815731721000837,True,0.007668177065179505
quadcopter,at limit,airspeed x0.85,vector_field,2001,0,0.018951585123376278,True,0.01621271076523995
quadcopter,at limit,airspeed x0.85,vector_field,2001,1,0.01880033082006112,True,0.0088553624139062
quadcopter,at limit,airspeed x0.85,vector_field,2002,0,0.05911438850651587,True,0.11494736842105263
quadcopter,at limit,airspeed x0.85,vector_field,2002,1,0.02601460787172712,True,0.030061571894241218
quadcopter,at limit,airspeed x0.85,vector_field,2003,0,0.029628773981973812,True,0.05459438677431757
quadcopter,at limit,airspeed x0.85,vector_field,2003,1,0.03127673896828392,True,0.029314767314034446
quadcopter,at limit,airspeed x0.85,vector_field,2004,0,0.04622067339397165,True,0.07050765511684126
quadcopter,at limit,airspeed x0.85,vector_field,2004,1,0.019047851799814483,True,0.00881334592382751
quadcopter,at limit,airspeed x0.85,vector_field,2005,0,0.04457942303007744,True,0.03589315525876461
quadcopter,at limit,airspeed x0.85,vector_field,2005,1,0.018898225732175637,True,0.010848126232741617
quadcopter,at limit,airspeed x0.85,vector_field,2006,0,0.042600674225953275,True,0.03570202540336423
quadcopter,at limit,airspeed x0.85,vector_field,2006,1,0.020198801232956844,True,0.01794616151545364
quadcopter,at limit,airspeed x0.85,vector_field,2007,0,0.019033112426425136,True,0.003949967083607637
quadcopter,at limit,airspeed x0.85,vector_field,2007,1,0.02035585090325378,True,0.01740294511378849
quadcopter,at limit,airspeed x0.85,vector_field,2008,0,0.1266328655499854,True,0.13126009693053312
quadcopter,at limit,airspeed x0.85,vector_field,2008,1,0.08415927470195231,True,0.14661190965092402
quadcopter,at limit,airspeed x0.85,vector_field,2009,0,0.04979156494478857,True,0.03682918274289723
quadcopter,at limit,airspeed x0.85,vector_field,2009,1,0.046422557573736145,True,0.029689608636977057
quadcopter,at limit,airspeed x0.85,vector_field,2010,0,0.019832483155683478,True,0.012715033657442034
quadcopter,at limit,airspeed x0.85,vector_field,2010,1,0.03222915760291643,True,0.05249343832020997
quadcopter,at limit,airspeed x0.85,vector_field,2011,0,0.018609093550817576,True,0.00849673202614379
quadcopter,at limit,airspeed x0.85,vector_field,2011,1,0.03786299812016835,True,0.07930607187112763
quadcopter,at limit,airspeed x0.85,lead_vf,2000,0,0.02635764704233837,True,0.0
quadcopter,at limit,airspeed x0.85,lead_vf,2000,1,0.028174893264411333,True,0.0
quadcopter,at limit,airspeed x0.85,lead_vf,2001,0,0.02056709002593498,True,0.003246753246753247
quadcopter,at limit,airspeed x0.85,lead_vf,2001,1,0.024725628070565008,True,0.0
quadcopter,at limit,airspeed x0.85,lead_vf,2002,0,0.03921934895592358,True,0.03648705982180738
quadcopter,at limit,airspeed x0.85,lead_vf,2002,1,0.023952839485148966,True,0.0007267441860465116
quadcopter,at limit,airspeed x0.85,lead_vf,2003,0,0.026497924988454602,True,0.005401234567901234
quadcopter,at limit,airspeed x0.85,lead_vf,2003,1,0.026124409655839856,True,0.0
quadcopter,at limit,airspeed x0.85,lead_vf,2004,0,0.023194581513997514,True,0.011326860841423949
quadcopter,at limit,airspeed x0.85,lead_vf,2004,1,0.02324115295101444,True,0.0
quadcopter,at limit,airspeed x0.85,lead_vf,2005,0,0.027050170230873964,True,0.0029288702928870294
quadcopter,at limit,airspeed x0.85,lead_vf,2005,1,0.020891606164571554,True,0.0009871668311944718
quadcopter,at limit,airspeed x0.85,lead_vf,2006,0,0.024257818619754096,True,0.002755769893213917
quadcopter,at limit,airspeed x0.85,lead_vf,2006,1,0.02153126025662562,True,0.0
quadcopter,at limit,airspeed x0.85,lead_vf,2007,0,0.02715524588077803,True,0.00032981530343007914
quadcopter,at limit,airspeed x0.85,lead_vf,2007,1,0.023550657873700705,True,0.0006706908115358819
quadcopter,at limit,airspeed x0.85,lead_vf,2008,0,0.05218436779792641,True,0.056078591895210805
quadcopter,at limit,airspeed x0.85,lead_vf,2008,1,0.04784092881978001,True,0.06107187370170337
quadcopter,at limit,airspeed x0.85,lead_vf,2009,0,0.027604464617499457,True,0.0017599436818021823
quadcopter,at limit,airspeed x0.85,lead_vf,2009,1,0.024757508598265095,True,0.0057490700033818055
quadcopter,at limit,airspeed x0.85,lead_vf,2010,0,0.029010422005886743,True,0.0
quadcopter,at limit,airspeed x0.85,lead_vf,2010,1,0.028520050201905983,True,0.0
quadcopter,at limit,airspeed x0.85,lead_vf,2011,0,0.024805203487589716,True,0.0
quadcopter,at limit,airspeed x0.85,lead_vf,2011,1,0.024949462869588976,True,0.011198672749896308
quadcopter,at limit,combined,pure_pursuit,2000,0,0.03235520668015303,True,0.008834665544804375
quadcopter,at limit,combined,pure_pursuit,2000,1,0.043547437177615486,True,0.02139261744966443
quadcopter,at limit,combined,pure_pursuit,2001,0,0.029395057345457453,True,0.021875
quadcopter,at limit,combined,pure_pursuit,2001,1,0.026825493275986233,True,0.005947660586835844
quadcopter,at limit,combined,pure_pursuit,2002,0,0.14335959329734738,True,0.11694747274529237
quadcopter,at limit,combined,pure_pursuit,2002,1,0.05929495065581201,True,0.05160450997398092
quadcopter,at limit,combined,pure_pursuit,2003,0,0.0829706858884115,True,0.062100456621004566
quadcopter,at limit,combined,pure_pursuit,2003,1,0.04656263179845699,True,0.05063291139240506
quadcopter,at limit,combined,pure_pursuit,2004,0,0.058376484310561506,True,0.04390471742176553
quadcopter,at limit,combined,pure_pursuit,2004,1,0.03030112411265281,True,0.01330292664386165
quadcopter,at limit,combined,pure_pursuit,2005,0,0.04861236705742027,True,0.0340632603406326
quadcopter,at limit,combined,pure_pursuit,2005,1,0.024327412093720687,True,0.009196321471411436
quadcopter,at limit,combined,pure_pursuit,2006,0,0.07901915860363698,True,0.0582722086389568
quadcopter,at limit,combined,pure_pursuit,2006,1,0.05219644198772923,True,0.035455278001611606
quadcopter,at limit,combined,pure_pursuit,2007,0,0.03689001598761216,True,0.023515344758868077
quadcopter,at limit,combined,pure_pursuit,2007,1,0.040760901926893814,True,0.02578341927806426
quadcopter,at limit,combined,pure_pursuit,2008,0,0.22485924664695567,True,0.15762394761459309
quadcopter,at limit,combined,pure_pursuit,2008,1,0.19465686752221006,True,0.156413924654268
quadcopter,at limit,combined,pure_pursuit,2009,0,0.05327926718486608,True,0.030442035029190993
quadcopter,at limit,combined,pure_pursuit,2009,1,0.0917908162494096,True,0.035541195476575124
quadcopter,at limit,combined,pure_pursuit,2010,0,0.036772685691814175,True,0.024966562639322336
quadcopter,at limit,combined,pure_pursuit,2010,1,0.06889619387585177,True,0.07005800981704596
quadcopter,at limit,combined,pure_pursuit,2011,0,0.027907511479571427,True,0.007067137809187279
quadcopter,at limit,combined,pure_pursuit,2011,1,0.11284800712304068,True,0.05873925501432665
quadcopter,at limit,combined,l1,2000,0,0.03199761634408189,True,0.008834665544804375
quadcopter,at limit,combined,l1,2000,1,0.043114783085329414,True,0.02181208053691275
quadcopter,at limit,combined,l1,2001,0,0.029278144259364636,True,0.02265625
quadcopter,at limit,combined,l1,2001,1,0.026587566559251923,True,0.006344171292624901
quadcopter,at limit,combined,l1,2002,0,0.14140359677301376,True,0.11694747274529237
quadcopter,at limit,combined,l1,2002,1,0.05828858877857504,True,0.05203816131830009
quadcopter,at limit,combined,l1,2003,0,0.08129060931479277,True,0.06255707762557078
quadcopter,at limit,combined,l1,2003,1,0.045520148751873254,True,0.05194238323876037
quadcopter,at limit,combined,l1,2004,0,0.05706458142194987,True,0.04390471742176553
quadcopter,at limit,combined,l1,2004,1,0.029788318605957098,True,0.013683010262257697
quadcopter,at limit,combined,l1,2005,0,0.048059007546838596,True,0.033576642335766425
quadcopter,at limit,combined,l1,2005,1,0.024027642419045685,True,0.009196321471411436
quadcopter,at limit,combined,l1,2006,0,0.07670702852866844,True,0.059494702526487364
quadcopter,at limit,combined,l1,2006,1,0.05164037420017158,True,0.035455278001611606
quadcopter,at limit,combined,l1,2007,0,0.03655755833084705,True,0.022319649262654444
quadcopter,at limit,combined,l1,2007,1,0.04016040796684151,True,0.027370091233637445
quadcopter,at limit,combined,l1,2008,0,0.2198027756449576,True,0.16728971962616823
quadcopter,at limit,combined,l1,2008,1,0.19179209676542508,True,0.16356700047687173
quadcopter,at limit,combined,l1,2009,0,0.05126237851015665,True,0.029190992493744787
quadcopter,at limit,combined,l1,2009,1,0.09058112968513718,True,0.03594507269789984
quadcopter,at limit,combined,l1,2010,0,0.036246684030616864,True,0.024520731163620153
quadcopter,at limit,combined,l1,2010,1,0.0674223371732601,True,0.071396697902722
quadcopter,at limit,combined,l1,2011,0,0.027329302997104725,True,0.007067137809187279
quadcopter,at limit,combined,l1,2011,1,0.11090310409717052,True,0.06017191977077364
quadcopter,at limit,combined,vector_field,2000,0,0.04746304588822339,True,0.10957178841309824
quadcopter,at limit,combined,vector_field,2000,1,0.042734082007901034,True,0.1228583368157125
quadcopter,at limit,combined,vector_field,2001,0,0.07879811700140171,True,0.14440993788819875
quadcopter,at limit,combined,vector_field,2001,1,0.06852950323422491,True,0.11479289940828402
quadcopter,at limit,combined,vector_field,2002,0,0.29414617985318203,True,0.29304556354916067
quadcopter,at limit,combined,vector_field,2002,1,0.16299983838419105,True,0.21385799828913601
quadcopter,at limit,combined,vector_field,2003,0,0.12974347252061297,True,0.2619047619047619
quadcopter,at limit,combined,vector_field,2003,1,0.13014930413305142,True,0.2452667814113597
quadcopter,at limit,combined,vector_field,2004,0,0.17599649279981755,True,0.23505059797608097
quadcopter,at limit,combined,vector_field,2004,1,0.05491602398013434,True,0.14102079395085065
quadcopter,at limit,combined,vector_field,2005,0,0.09483539994027937,True,0.19478008699855
quadcopter,at limit,combined,vector_field,2005,1,0.06268644888297861,True,0.12380573248407643
quadcopter,at limit,combined,vector_field,2006,0,0.22646560627865953,True,0.20168067226890757
quadcopter,at limit,combined,vector_field,2006,1,0.11428281652157661,True,0.20366679952172181
quadcopter,at limit,combined,vector_field,2007,0,0.10110277525053657,True,0.18214144606874752
quadcopter,at limit,combined,vector_field,2007,1,0.06228780034973609,True,0.15849802371541502
quadcopter,at limit,combined,vector_field,2008,0,0.3810915368308335,True,0.32335600907029477
quadcopter,at limit,combined,vector_field,2008,1,0.37854574354112996,True,0.3574057037718491
quadcopter,at limit,combined,vector_field,2009,0,0.1582523703564615,True,0.2058340180772391
quadcopter,at limit,combined,vector_field,2009,1,0.1931445644494787,True,0.19296843787455054
quadcopter,at limit,combined,vector_field,2010,0,0.1358128764523272,True,0.19903339191564148
quadcopter,at limit,combined,vector_field,2010,1,0.15288570402939805,True,0.24605263157894736
quadcopter,at limit,combined,vector_field,2011,0,0.04675698900810564,True,0.13424657534246576
quadcopter,at limit,combined,vector_field,2011,1,0.18133254889684342,True,0.22411347517730495
quadcopter,at limit,combined,lead_vf,2000,0,0.029465868945614593,True,0.015986537652503154
quadcopter,at limit,combined,lead_vf,2000,1,0.036550613805205856,True,0.02349979018044482
quadcopter,at limit,combined,lead_vf,2001,0,0.02684809541981231,True,0.026963657678780773
quadcopter,at limit,combined,lead_vf,2001,1,0.02623691297751974,True,0.011102299762093577
quadcopter,at limit,combined,lead_vf,2002,0,0.14021432168522244,True,0.13478691774033696
quadcopter,at limit,combined,lead_vf,2002,1,0.05610812708022462,True,0.061197916666666664
quadcopter,at limit,combined,lead_vf,2003,0,0.07558001183461116,True,0.08264840182648402
quadcopter,at limit,combined,lead_vf,2003,1,0.046970031330805906,True,0.058053251855085114
quadcopter,at limit,combined,lead_vf,2004,0,0.06494757573805084,True,0.06532897806812879
quadcopter,at limit,combined,lead_vf,2004,1,0.026142817924856294,True,0.02053231939163498
quadcopter,at limit,combined,lead_vf,2005,0,0.05009561224321872,True,0.056962025316455694
quadcopter,at limit,combined,lead_vf,2005,1,0.021986361092857648,True,0.01799280287884846
quadcopter,at limit,combined,lead_vf,2006,0,0.09459808545166773,True,0.06881107491856678
quadcopter,at limit,combined,lead_vf,2006,1,0.049224820059467364,True,0.0427074939564867
quadcopter,at limit,combined,lead_vf,2007,0,0.03624068606552147,True,0.033094098883572565
quadcopter,at limit,combined,lead_vf,2007,1,0.038809543874910535,True,0.03570011900039667
quadcopter,at limit,combined,lead_vf,2008,0,0.21793096930380942,True,0.17523364485981308
quadcopter,at limit,combined,lead_vf,2008,1,0.21105811577664849,True,0.18095238095238095
quadcopter,at limit,combined,lead_vf,2009,0,0.06570041372752973,True,0.0470637234485631
quadcopter,at limit,combined,lead_vf,2009,1,0.09356549819780918,True,0.049676898222940226
quadcopter,at limit,combined,lead_vf,2010,0,0.037117141522217845,True,0.038341506910387874
quadcopter,at limit,combined,lead_vf,2010,1,0.061248735047708086,True,0.07321428571428572
quadcopter,at limit,combined,lead_vf,2011,0,0.02594302099067628,True,0.012568735271013355
quadcopter,at limit,combined,lead_vf,2011,1,0.1071395304371209,True,0.08782816229116945
