vehicle,cond,pert,law,route,completed,rms_all,rms_straight,rms_transition,rms_arc
fixed_wing,"typical (wind .15, r x1.5)",none,pure_pursuit,2000,True,0.7014750932371482,0.5402483457114547,0.6790625634429732,1.1972598425468586
fixed_wing,"typical (wind .15, r x1.5)",none,pure_pursuit,2001,True,0.8805114143180415,0.5732337614972097,1.0863211633840328,1.1637001708592114
fixed_wing,"typical (wind .15, r x1.5)",none,pure_pursuit,2002,True,0.8942671562325917,0.646258207725738,1.008611624994327,1.0177028684787164
fixed_wing,"typical (wind .15, r x1.5)",none,pure_pursuit,2003,True,0.7144677760530616,0.5744017045381777,0.7853827559038438,0.7696382006018399
fixed_wing,"typical (wind .15, r x1.5)",none,pure_pursuit,2004,True,0.8434471395653957,0.4732693982428544,1.1333161305920512,1.0302120464405826
fixed_wing,"typical (wind .15, r x1.5)",none,pure_pursuit,2005,True,0.7851818004587939,0.4768987588160064,0.989048305774614,1.0875595215746792
fixed_wing,"typical (wind .15, r x1.5)",none,pure_pursuit,2006,True,0.8856972489856255,0.5790923727597374,0.9793138004453654,1.094152096795309
fixed_wing,"typical (wind .15, r x1.5)",none,pure_pursuit,2007,True,0.864606400539467,0.614597322972582,0.9493359890362097,1.2653114054859362
fixed_wing,"typical (wind .15, r x1.5)",none,pure_pursuit,2008,True,0.8129653727594964,0.440272860355006,0.952209950998895,0.96968234412179
fixed_wing,"typical (wind .15, r x1.5)",none,pure_pursuit,2009,True,0.7728395426834903,0.6642539981417608,0.7764166983156631,1.041915757766784
fixed_wing,"typical (wind .15, r x1.5)",none,pure_pursuit,2010,True,0.8829872490127776,0.47368529889371286,0.9949462529825495,1.2947818881260027
fixed_wing,"typical (wind .15, r x1.5)",none,pure_pursuit,2011,True,0.679255040335091,0.4169268156206055,0.8540723130789083,0.9529169998759563
fixed_wing,"typical (wind .15, r x1.5)",none,l1,2000,True,0.7083108169049827,0.540235138708423,0.6757836869003025,1.2357088571305481
fixed_wing,"typical (wind .15, r x1.5)",none,l1,2001,True,0.8826509517125259,0.5733518482754307,1.0874378042928188,1.1738836283835494
fixed_wing,"typical (wind .15, r x1.5)",none,l1,2002,True,0.9014277662773262,0.6468234921691838,1.0109515597795775,1.041535352003869
fixed_wing,"typical (wind .15, r x1.5)",none,l1,2003,True,0.7182460210798832,0.5743754090898248,0.7871967321452333,0.7810924008709939
fixed_wing,"typical (wind .15, r x1.5)",none,l1,2004,True,0.8462515303318816,0.4730567089627447,1.1319871783671696,1.0528464005270841
fixed_wing,"typical (wind .15, r x1.5)",none,l1,2005,True,0.7867068546481768,0.4767671112669132,0.9884623371432305,1.0990799499125679
fixed_wing,"typical (wind .15, r x1.5)",none,l1,2006,True,0.8948472842370513,0.5783799793146237,0.9804142258651565,1.1252439532131089
fixed_wing,"typical (wind .15, r x1.5)",none,l1,2007,True,0.8620341768662761,0.6144170521633144,0.9371619474052865,1.2739495904086633
fixed_wing,"typical (wind .15, r x1.5)",none,l1,2008,True,0.8145228290571058,0.43974366791049524,0.9528744297442856,0.9735985861290966
fixed_wing,"typical (wind .15, r x1.5)",none,l1,2009,True,0.7768750984797809,0.6634101691852365,0.7778267276070241,1.0611059904094358
fixed_wing,"typical (wind .15, r x1.5)",none,l1,2010,True,0.8925371543317804,0.47459408172746803,0.9879101231363187,1.3476165255466657
fixed_wing,"typical (wind .15, r x1.5)",none,l1,2011,True,0.6812760896417356,0.417032764017845,0.853718440436961,0.9649256633612046
fixed_wing,"typical (wind .15, r x1.5)",none,vector_field,2000,True,0.9758762143129923,0.18200945327930285,0.9727806966926598,2.1754371081098585
fixed_wing,"typical (wind .15, r x1.5)",none,vector_field,2001,True,0.7136722992731587,0.20358170084719274,0.3201682754664058,1.7788364834765718
fixed_wing,"typical (wind .15, r x1.5)",none,vector_field,2002,True,0.7418712624834288,0.17472343837986837,0.31318564740835314,1.5239388998874965
fixed_wing,"typical (wind .15, r x1.5)",none,vector_field,2003,True,0.2727061727171561,0.19305959028403288,0.2348937149170159,0.3972613260322321
fixed_wing,"typical (wind .15, r x1.5)",none,vector_field,2004,True,0.9416807493656253,0.1613707341142661,0.6419583257378021,2.3820517975397273
fixed_wing,"typical (wind .15, r x1.5)",none,vector_field,2005,True,0.7063164639699869,0.18324436550571122,0.8434210565607526,1.368457713028423
fixed_wing,"typical (wind .15, r x1.5)",none,vector_field,2006,True,0.7495328682167698,0.18987340630529242,0.2976529340511411,1.4903011107655915
fixed_wing,"typical (wind .15, r x1.5)",none,vector_field,2007,True,0.8384859708371333,0.17808780137222432,0.6272544825035156,1.8800871961791321
fixed_wing,"typical (wind .15, r x1.5)",none,vector_field,2008,True,1.3047852292519078,0.1752172413283426,0.3193168694703775,2.566479020314183
fixed_wing,"typical (wind .15, r x1.5)",none,vector_field,2009,True,0.31665291473337204,0.18594916183504617,0.2688262128434761,0.6095524186229854
fixed_wing,"typical (wind .15, r x1.5)",none,vector_field,2010,True,2.2790825987914585,0.1787884049501171,1.5271258448381098,4.94302511176633
fixed_wing,"typical (wind .15, r x1.5)",none,vector_field,2011,True,0.32962836596434353,0.1491459892958735,0.41166339705396593,0.5430616276716362
fixed_wing,"typical (wind .15, r x1.5)",none,lead_vf,2000,True,0.7848589855919854,0.44300915873123903,0.7264729100125952,1.6391414853297428
fixed_wing,"typical (wind .15, r x1.5)",none,lead_vf,2001,True,1.0007813210529135,0.48961444482457395,1.2719061487794645,1.4787379834399434
fixed_wing,"typical (wind .15, r x1.5)",none,lead_vf,2002,True,1.0698567374659382,0.5074834763901181,1.2480637002188204,1.3679975505996913
fixed_wing,"typical (wind .15, r x1.5)",none,lead_vf,2003,True,0.8358588679490756,0.46142821640135856,0.9663428588368078,1.0013105993967861
fixed_wing,"typical (wind .15, r x1.5)",none,lead_vf,2004,True,0.9499790727925351,0.335036349906488,1.2567334839647695,1.489215248963333
fixed_wing,"typical (wind .15, r x1.5)",none,lead_vf,2005,True,0.9154154904524601,0.42409652629314964,1.1183350478993979,1.5662755332879574
fixed_wing,"typical (wind .15, r x1.5)",none,lead_vf,2006,True,1.1086444088198535,0.5498020079121299,1.23193973047266,1.486420115095246
fixed_wing,"typical (wind .15, r x1.5)",none,lead_vf,2007,True,1.096404620476228,0.4874046817948487,1.3063952691736125,1.7872770347671283
fixed_wing,"typical (wind .15, r x1.5)",none,lead_vf,2008,True,1.0272226850263857,0.33365562348146194,1.227347466566028,1.3022174732747305
fixed_wing,"typical (wind .15, r x1.5)",none,lead_vf,2009,True,0.8690022107231344,0.6280138965729003,0.8822314544461175,1.3654709220212122
fixed_wing,"typical (wind .15, r x1.5)",none,lead_vf,2010,True,1.1936239013319672,0.4724206085729575,1.375213553252317,1.8294048618266046
fixed_wing,"typical (wind .15, r x1.5)",none,lead_vf,2011,True,0.7300981956977092,0.3359476850449081,0.8979563696674945,1.2317709314718641
fixed_wing,"typical (wind .15, r x1.5)",none,adaptive_vf,2000,True,0.93839955185324,0.2080202519678566,0.9284295982509583,2.091129969501784
fixed_wing,"typical (wind .15, r x1.5)",none,adaptive_vf,2001,True,0.7861397913194337,0.234827333509315,0.3344482879783035,1.9630480656036144
fixed_wing,"typical (wind .15, r x1.5)",none,adaptive_vf,2002,True,0.6942044009736814,0.19681863228361335,0.29828762843473144,1.4135936946430145
fixed_wing,"typical (wind .15, r x1.5)",none,adaptive_vf,2003,True,0.29934923624415055,0.20638945501155923,0.24580496912010022,0.4509306435727497
fixed_wing,"typical (wind .15, r x1.5)",none,adaptive_vf,2004,True,0.9655392298923725,0.19717307752677396,0.7037427892421085,2.392639831838752
fixed_wing,"typical (wind .15, r x1.5)",none,adaptive_vf,2005,True,0.7177669904577529,0.1798009075730343,0.8649780787773199,1.3826636167699293
fixed_wing,"typical (wind .15, r x1.5)",none,adaptive_vf,2006,True,0.6936944169957772,0.19820543191686635,0.3196211813043946,1.3559335573483953
fixed_wing,"typical (wind .15, r x1.5)",none,adaptive_vf,2007,True,0.8491210159313611,0.2149497111392535,0.6369700108207543,1.8863767875914728
fixed_wing,"typical (wind .15, r x1.5)",none,adaptive_vf,2008,True,1.3472253358584942,0.21015183809718432,0.37477530287440036,2.635034778255783
fixed_wing,"typical (wind .15, r x1.5)",none,adaptive_vf,2009,True,0.3187732282197887,0.2027671213508891,0.291508306035761,0.5741934544941522
fixed_wing,"typical (wind .15, r x1.5)",none,adaptive_vf,2010,True,2.2574364935232496,0.2829666166440447,1.498374773661318,4.894978119719414
fixed_wing,"typical (wind .15, r x1.5)",none,adaptive_vf,2011,True,0.3375055263279631,0.15818013218066,0.41284652230961877,0.5675130074952515
fixed_wing,"typical (wind .15, r x1.5)",none,carrot_chasing,2000,True,0.9104750940201297,0.16327819828201465,0.5813389746567243,2.411940955693295
fixed_wing,"typical (wind .15, r x1.5)",none,carrot_chasing,2001,True,1.129234915055606,0.19412804030928138,0.7100618091134943,2.8135467621205823
fixed_wing,"typical (wind .15, r x1.5)",none,carrot_chasing,2002,True,1.3945683771256987,0.164218695076534,0.7182139992284768,2.8882041369815123
fixed_wing,"typical (wind .15, r x1.5)",none,carrot_chasing,2003,True,1.0879392973459834,0.1908554817624389,0.5165304578475518,2.0924019027820577
fixed_wing,"typical (wind .15, r x1.5)",none,carrot_chasing,2004,True,1.096841900581057,0.17035873645625024,0.7127504615781386,2.888410917579666
fixed_wing,"typical (wind .15, r x1.5)",none,carrot_chasing,2005,True,0.9972289684293161,0.17825059460397313,0.7461437483361931,2.6251017455272168
fixed_wing,"typical (wind .15, r x1.5)",none,carrot_chasing,2006,True,1.5277145492101418,0.17386810388654547,0.7920265426387637,3.051254275875326
fixed_wing,"typical (wind .15, r x1.5)",none,carrot_chasing,2007,True,1.1939041474880838,0.18139001189244872,0.8871930165432937,2.7481639071494843
fixed_wing,"typical (wind .15, r x1.5)",none,carrot_chasing,2008,True,1.457290764785388,0.1710550920267186,0.7584068178039098,2.8077642808762473
fixed_wing,"typical (wind .15, r x1.5)",none,carrot_chasing,2009,True,0.9485429227174762,0.17908143792454512,0.6339801332767518,2.213742109418911
fixed_wing,"typical (wind .15, r x1.5)",none,carrot_chasing,2010,True,1.3544629588133534,0.1564328228189153,0.8868237956326089,3.0642684769186395
fixed_wing,"typical (wind .15, r x1.5)",none,carrot_chasing,2011,True,0.7786950388564088,0.14077220563231366,0.5280541529248806,2.00509850266677
fixed_wing,"typical (wind .15, r x1.5)",lag x0.5,pure_pursuit,2000,True,0.767637450086817,0.46622495308208944,0.736961030187935,1.5196525574659177
fixed_wing,"typical (wind .15, r x1.5)",lag x0.5,pure_pursuit,2001,True,1.0040793666853332,0.5694432913967357,1.2701954319530426,1.3889548033015027
fixed_wing,"typical (wind .15, r x1.5)",lag x0.5,pure_pursuit,2002,True,1.088469370804795,0.5985759074032293,1.2782444230577326,1.3163906327193673
fixed_wing,"typical (wind .15, r x1.5)",lag x0.5,pure_pursuit,2003,True,0.8275479277474881,0.5116072974727688,0.9634346824241199,0.9418513554788506
fixed_wing,"typical (wind .15, r x1.5)",lag x0.5,pure_pursuit,2004,True,0.9646373835104374,0.4112409311492732,1.2813462652404781,1.4217433867691116
fixed_wing,"typical (wind .15, r x1.5)",lag x0.5,pure_pursuit,2005,True,0.8469862586328235,0.4501587004422572,1.0551444045157188,1.3187213819942822
fixed_wing,"typical (wind .15, r x1.5)",lag x0.5,pure_pursuit,2006,True,1.0973667528031763,0.6243979272248487,1.240138843475943,1.3880219007882197
fixed_wing,"typical (wind .15, r x1.5)",lag x0.5,pure_pursuit,2007,True,0.9723349607948958,0.5420434491758247,1.123633407379456,1.5339693176250695
fixed_wing,"typical (wind .15, r x1.5)",lag x0.5,pure_pursuit,2008,True,0.9897219196441053,0.3945145071271106,1.184566079797888,1.2199312538503662
fixed_wing,"typical (wind .15, r x1.5)",lag x0.5,pure_pursuit,2009,True,0.8518310861682448,0.619209024072709,0.9100733284517533,1.2633313159365498
fixed_wing,"typical (wind .15, r x1.5)",lag x0.5,pure_pursuit,2010,True,1.0938285367957647,0.5280044844908904,1.171155918792647,1.7691397964407918
fixed_wing,"typical (wind .15, r x1.5)",lag x0.5,pure_pursuit,2011,True,0.7211911769752537,0.3538685111806556,0.9161041374222948,1.1269900604648937
fixed_wing,"typical (wind .15, r x1.5)",lag x0.5,l1,2000,True,0.7788120227475327,0.46634631069674826,0.7315158285157729,1.5746495523099588
fixed_wing,"typical (wind .15, r x1.5)",lag x0.5,l1,2001,True,1.010589605809522,0.5692648877438717,1.268111518208819,1.4279050339859092
fixed_wing,"typical (wind .15, r x1.5)",lag x0.5,l1,2002,True,1.1031316345354547,0.6014317230444767,1.2801008350732117,1.3677915786705404
fixed_wing,"typical (wind .15, r x1.5)",lag x0.5,l1,2003,True,0.8339809638715767,0.511763979224586,0.9635868610870824,0.9642067674720114
fixed_wing,"typical (wind .15, r x1.5)",lag x0.5,l1,2004,True,0.9703042714188164,0.41122198895151096,1.2784631610953308,1.4582308129872597
fixed_wing,"typical (wind .15, r x1.5)",lag x0.5,l1,2005,True,0.8514954532881818,0.4500470385010345,1.0560540792608646,1.3403160969116732
fixed_wing,"typical (wind .15, r x1.5)",lag x0.5,l1,2006,True,1.113723714412673,0.6221619766453338,1.2438807105236376,1.4391304346452403
fixed_wing,"typical (wind .15, r x1.5)",lag x0.5,l1,2007,True,0.9842561991837022,0.5430429398308686,1.122846833977274,1.5845895330737911
fixed_wing,"typical (wind .15, r x1.5)",lag x0.5,l1,2008,True,1.0065841928801094,0.3942187506273325,1.1916540651218923,1.264671746516254
fixed_wing,"typical (wind .15, r x1.5)",lag x0.5,l1,2009,True,0.8584612981551994,0.618823048710369,0.9095680454183614,1.2952095036276892
fixed_wing,"typical (wind .15, r x1.5)",lag x0.5,l1,2010,True,1.1166589921136756,0.5299073489931302,1.169193923227841,1.857557831825893
fixed_wing,"typical (wind .15, r x1.5)",lag x0.5,l1,2011,True,0.7245722961882691,0.35409915893842314,0.9151902600928404,1.145767018509649
fixed_wing,"typical (wind .15, r x1.5)",lag x0.5,vector_field,2000,True,0.3115791250587427,0.13503065878575438,0.1916015328210811,0.778402572773949
fixed_wing,"typical (wind .15, r x1.5)",lag x0.5,vector_field,2001,True,0.2516760098125862,0.15232330717047862,0.14055998776191594,0.5636656799671905
fixed_wing,"typical (wind .15, r x1.5)",lag x0.5,vector_field,2002,True,0.25560721289502675,0.13762911791380214,0.13506119085101614,0.48825149730803963
fixed_wing,"typical (wind .15, r x1.5)",lag x0.5,vector_field,2003,True,0.1784538448802516,0.15092151500014578,0.14428678805397274,0.25019767250270836
fixed_wing,"typical (wind .15, r x1.5)",lag x0.5,vector_field,2004,True,0.3770008294894065,0.11465198423099776,0.22570825431565747,0.9646192503553176
fixed_wing,"typical (wind .15, r x1.5)",lag x0.5,vector_field,2005,True,0.34967894852333686,0.1336043445102397,0.36765054658752677,0.7392160795340222
fixed_wing,"typical (wind .15, r x1.5)",lag x0.5,vector_field,2006,True,0.26289619886621673,0.1454141061858824,0.15779347086669818,0.4721130787384882
fixed_wing,"typical (wind .15, r x1.5)",lag x0.5,vector_field,2007,True,0.37119860200120963,0.13663750906116817,0.20450121721861836,0.8580994663324779
fixed_wing,"typical (wind .15, r x1.5)",lag x0.5,vector_field,2008,True,0.6940604266126003,0.11694288560865994,0.16966903250374307,1.37073866832412
fixed_wing,"typical (wind .15, r x1.5)",lag x0.5,vector_field,2009,True,0.1742863826322728,0.15970749326861552,0.16465627277881117,0.23060909554427536
fixed_wing,"typical (wind .15, r x1.5)",lag x0.5,vector_field,2010,True,1.0354480344341983,0.11921749847094909,0.4972520981832406,2.38650138689472
fixed_wing,"typical (wind .15, r x1.5)",lag x0.5,vector_field,2011,True,0.18466464562593887,0.11634317231672903,0.2127453837492288,0.2967327414246101
fixed_wing,"typical (wind .15, r x1.5)",lag x0.5,lead_vf,2000,True,0.8973988739171898,0.4343520834634045,0.8240434235054265,1.9555931767804566
fixed_wing,"typical (wind .15, r x1.5)",lag x0.5,lead_vf,2001,True,1.122179126501632,0.5378699745982168,1.382908193665174,1.767653217964383
fixed_wing,"typical (wind .15, r x1.5)",lag x0.5,lead_vf,2002,True,1.2580402918629399,0.6118386737973277,1.4330933564653046,1.6641258146048734
fixed_wing,"typical (wind .15, r x1.5)",lag x0.5,lead_vf,2003,True,0.9691782062286102,0.45985652880234557,1.114996890892754,1.2162480612882338
fixed_wing,"typical (wind .15, r x1.5)",lag x0.5,lead_vf,2004,True,1.1092178585845942,0.37933873609921853,1.4027548679867963,1.903867889127102
fixed_wing,"typical (wind .15, r x1.5)",lag x0.5,lead_vf,2005,True,1.004730802739247,0.4705901838925204,1.175105403825909,1.833159433726426
fixed_wing,"typical (wind .15, r x1.5)",lag x0.5,lead_vf,2006,True,1.2945829690328179,0.6593842562242888,1.4141998855180211,1.762647646396261
fixed_wing,"typical (wind .15, r x1.5)",lag x0.5,lead_vf,2007,True,1.1729202804985852,0.5166512152002954,1.2941416750788368,2.0821249957519625
fixed_wing,"typical (wind .15, r x1.5)",lag x0.5,lead_vf,2008,True,1.2330532665997713,0.4535187168379891,1.4348604572904617,1.601929113154035
fixed_wing,"typical (wind .15, r x1.5)",lag x0.5,lead_vf,2009,True,0.9817679610081748,0.6464479415204721,1.018771025124075,1.6022632137017354
fixed_wing,"typical (wind .15, r x1.5)",lag x0.5,lead_vf,2010,True,1.3312600324473953,0.5746838717757317,1.4057486276019318,2.244684771951128
fixed_wing,"typical (wind .15, r x1.5)",lag x0.5,lead_vf,2011,True,0.7981867204335035,0.3340002662910515,0.9504468853975508,1.4420363986699303
fixed_wing,"typical (wind .15, r x1.5)",lag x0.5,adaptive_vf,2000,True,0.3089058601599093,0.15010252769041232,0.2000939257779715,0.7513496316509628
fixed_wing,"typical (wind .15, r x1.5)",lag x0.5,adaptive_vf,2001,True,0.29240624534460646,0.1701064541846381,0.1527663465402844,0.6686383207129502
fixed_wing,"typical (wind .15, r x1.5)",lag x0.5,adaptive_vf,2002,True,0.28135391464528914,0.1542429687982184,0.13849012555535417,0.5403401041939841
fixed_wing,"typical (wind .15, r x1.5)",lag x0.5,adaptive_vf,2003,True,0.20375179980573305,0.1681292257954995,0.1581878161380953,0.29506397405489115
fixed_wing,"typical (wind .15, r x1.5)",lag x0.5,adaptive_vf,2004,True,0.40196315723226567,0.13767878614375584,0.2525309437104785,1.0107783602139537
fixed_wing,"typical (wind .15, r x1.5)",lag x0.5,adaptive_vf,2005,True,0.3508040685393078,0.13987614010562655,0.35838871508585124,0.7511551370801821
fixed_wing,"typical (wind .15, r x1.5)",lag x0.5,adaptive_vf,2006,True,0.2786603635263599,0.1616674170645477,0.16481621720259182,0.4980612580389197
fixed_wing,"typical (wind .15, r x1.5)",lag x0.5,adaptive_vf,2007,True,0.38721632121882466,0.16102696273443382,0.2188618377804121,0.8819188207405881
fixed_wing,"typical (wind .15, r x1.5)",lag x0.5,adaptive_vf,2008,True,0.7338586242615429,0.1490136503877417,0.19624642340021808,1.4423902404046414
fixed_wing,"typical (wind .15, r x1.5)",lag x0.5,adaptive_vf,2009,True,0.19850587909688427,0.18195174316865115,0.18049686540791945,0.27335224427622834
fixed_wing,"typical (wind .15, r x1.5)",lag x0.5,adaptive_vf,2010,True,1.05041483121765,0.16023279657226303,0.5414768776166168,2.3955864623518788
fixed_wing,"typical (wind .15, r x1.5)",lag x0.5,adaptive_vf,2011,True,0.19906388496754793,0.12658537306528794,0.22704573428548527,0.32222047893973693
fixed_wing,"typical (wind .15, r x1.5)",lag x0.5,carrot_chasing,2000,True,0.920122425812692,0.12871386939263296,0.5302579827104814,2.487527312244979
fixed_wing,"typical (wind .15, r x1.5)",lag x0.5,carrot_chasing,2001,True,1.1415464692049109,0.14700119213610943,0.6488010802191524,2.9075583258287403
fixed_wing,"typical (wind .15, r x1.5)",lag x0.5,carrot_chasing,2002,True,1.4117243329509894,0.13620780567102803,0.6355467467493867,2.975418126581697
fixed_wing,"typical (wind .15, r x1.5)",lag x0.5,carrot_chasing,2003,True,1.0906740773778385,0.14569622868472365,0.46007878513571765,2.1267819508612966
fixed_wing,"typical (wind .15, r x1.5)",lag x0.5,carrot_chasing,2004,True,1.1193460288098247,0.12678264480089588,0.6508032195269089,3.0165133130924633
fixed_wing,"typical (wind .15, r x1.5)",lag x0.5,carrot_chasing,2005,True,1.0073637775788282,0.13164247960301467,0.6862597388282938,2.729556241423551
fixed_wing,"typical (wind .15, r x1.5)",lag x0.5,carrot_chasing,2006,True,1.5529401004260872,0.13591374427586297,0.7233709621336507,3.1441158215872314
fixed_wing,"typical (wind .15, r x1.5)",lag x0.5,carrot_chasing,2007,True,1.2134899339130016,0.14047690633924614,0.7991853092797983,2.8849180643885566
fixed_wing,"typical (wind .15, r x1.5)",lag x0.5,carrot_chasing,2008,True,1.5780406053344025,0.11701634297338563,0.6870481437562656,3.0992363594188137
fixed_wing,"typical (wind .15, r x1.5)",lag x0.5,carrot_chasing,2009,True,0.9558641410817308,0.14953301891411372,0.5633370182352436,2.282479997468972
fixed_wing,"typical (wind .15, r x1.5)",lag x0.5,carrot_chasing,2010,True,1.4532451483737436,0.11841414994207887,0.8077836321395923,3.3954698645021
fixed_wing,"typical (wind .15, r x1.5)",lag x0.5,carrot_chasing,2011,True,0.7828130125354845,0.10775964860595141,0.46882420266538694,2.0675392250403837
fixed_wing,"typical (wind .15, r x1.5)",lag x1.5,pure_pursuit,2000,True,0.7783777340256429,0.7057055772390877,0.7870454049774942,1.0083958032640383
fixed_wing,"typical (wind .15, r x1.5)",lag x1.5,pure_pursuit,2001,True,1.0713386884448184,0.6523026130409041,1.0739521748721716,1.9241087132505361
fixed_wing,"typical (wind .15, r x1.5)",lag x1.5,pure_pursuit,2002,True,0.9165064995503228,0.8102493707488634,0.8964312679912361,1.1085534095254987
fixed_wing,"typical (wind .15, r x1.5)",lag x1.5,pure_pursuit,2003,True,0.7344993971376934,0.6520582385348417,0.7568329378748959,0.8041517053261554
fixed_wing,"typical (wind .15, r x1.5)",lag x1.5,pure_pursuit,2004,True,0.9456534300521736,0.6803198825802337,1.1329181075337222,1.2414049726992729
fixed_wing,"typical (wind .15, r x1.5)",lag x1.5,pure_pursuit,2005,True,0.8954937743055428,0.6447398256332723,1.0759935900410011,1.1696751488847026
fixed_wing,"typical (wind .15, r x1.5)",lag x1.5,pure_pursuit,2006,True,0.8229581332765356,0.6338364701212412,0.8342038603592032,1.0418300151361684
fixed_wing,"typical (wind .15, r x1.5)",lag x1.5,pure_pursuit,2007,True,1.0741604647309002,0.8286482528425057,1.1210441101581077,1.5551402854193481
fixed_wing,"typical (wind .15, r x1.5)",lag x1.5,pure_pursuit,2008,True,1.0654315963350836,0.6341884615884985,0.9511159099840868,1.5988016457802143
fixed_wing,"typical (wind .15, r x1.5)",lag x1.5,pure_pursuit,2009,True,0.8296807118519505,0.7782687994354377,0.8204248237541009,0.9933586805052835
fixed_wing,"typical (wind .15, r x1.5)",lag x1.5,pure_pursuit,2010,True,1.0152697209706023,0.6132960542201077,1.1544181050159348,1.393450156249505
fixed_wing,"typical (wind .15, r x1.5)",lag x1.5,pure_pursuit,2011,True,0.7386907633710257,0.5243402199859085,0.9066421049101471,0.9457489312328204
fixed_wing,"typical (wind .15, r x1.5)",lag x1.5,l1,2000,True,0.7793361412759051,0.704785320321572,0.7838747954321175,1.024788523306753
fixed_wing,"typical (wind .15, r x1.5)",lag x1.5,l1,2001,True,1.0607283953968993,0.6519527276272991,1.0693357096387088,1.891148703498976
fixed_wing,"typical (wind .15, r x1.5)",lag x1.5,l1,2002,True,0.9178190891896219,0.8147459652607014,0.8950126864638953,1.1105068024857407
fixed_wing,"typical (wind .15, r x1.5)",lag x1.5,l1,2003,True,0.7353676189367252,0.6526145396463259,0.7584850754086568,0.8042588916806378
fixed_wing,"typical (wind .15, r x1.5)",lag x1.5,l1,2004,True,0.9424532362310134,0.6804273032933168,1.1295495510526814,1.2305613578958452
fixed_wing,"typical (wind .15, r x1.5)",lag x1.5,l1,2005,True,0.8947961854251195,0.6446567927463467,1.073564785866637,1.1724829216853947
fixed_wing,"typical (wind .15, r x1.5)",lag x1.5,l1,2006,True,0.8272236524960107,0.6339829722338284,0.8370776676533247,1.0522235428828717
fixed_wing,"typical (wind .15, r x1.5)",lag x1.5,l1,2007,True,1.0620123654392706,0.8289902583678239,1.1026392475557338,1.53219490268348
fixed_wing,"typical (wind .15, r x1.5)",lag x1.5,l1,2008,True,1.0465961075742876,0.6324698521903004,0.9461726333333993,1.5535656931659687
fixed_wing,"typical (wind .15, r x1.5)",lag x1.5,l1,2009,True,0.8302567399698181,0.7773001866667604,0.8202950638013964,0.9995232236488956
fixed_wing,"typical (wind .15, r x1.5)",lag x1.5,l1,2010,True,1.0013162957869282,0.6144943668308068,1.1364240887883845,1.3657372179670637
fixed_wing,"typical (wind .15, r x1.5)",lag x1.5,l1,2011,True,0.7398170663329877,0.5246929113902592,0.9076572049356327,0.9491749922602758
fixed_wing,"typical (wind .15, r x1.5)",lag x1.5,vector_field,2000,True,1.865173864052581,0.3912226683764997,2.1987658974584585,3.5896306936525404
fixed_wing,"typical (wind .15, r x1.5)",lag x1.5,vector_field,2001,True,1.3522307149104202,0.32764391625580813,0.9356234753618063,3.1859774214265975
fixed_wing,"typical (wind .15, r x1.5)",lag x1.5,vector_field,2002,True,1.4810330640702083,0.2661738480872659,0.8777950324183934,2.9095572648078036
fixed_wing,"typical (wind .15, r x1.5)",lag x1.5,vector_field,2003,True,0.44160065907813395,0.26618923832446917,0.3756369889766443,0.6766673219929953
fixed_wing,"typical (wind .15, r x1.5)",lag x1.5,vector_field,2004,True,1.7762362981684776,0.26173055951221774,1.3725594722760424,4.324064470681399
fixed_wing,"typical (wind .15, r x1.5)",lag x1.5,vector_field,2005,True,1.6604933420272974,0.4883293214773272,2.257323233370259,2.5156796373189354
fixed_wing,"typical (wind .15, r x1.5)",lag x1.5,vector_field,2006,True,1.4304071709679138,0.25084927525418804,0.6455388692951017,2.815562002591712
fixed_wing,"typical (wind .15, r x1.5)",lag x1.5,vector_field,2007,True,1.5474809145408202,0.2839006208877467,1.2837904165342144,3.352270677654118
fixed_wing,"typical (wind .15, r x1.5)",lag x1.5,vector_field,2008,True,2.244897234162129,0.31268417876199966,0.6058548014476964,4.3688810875030235
fixed_wing,"typical (wind .15, r x1.5)",lag x1.5,vector_field,2009,True,0.6790278416009635,0.24908671471517785,0.5492072854690535,1.43846450859648
fixed_wing,"typical (wind .15, r x1.5)",lag x1.5,vector_field,2010,True,3.960322991613387,0.628606812828339,3.4413059681280913,7.767894454833677
fixed_wing,"typical (wind .15, r x1.5)",lag x1.5,vector_field,2011,True,0.6295061636148255,0.23314541653420615,0.6896210590684658,1.2558937821546896
fixed_wing,"typical (wind .15, r x1.5)",lag x1.5,lead_vf,2000,True,0.7492890900241984,0.5010970578564395,0.741967592075092,1.38037718416842
fixed_wing,"typical (wind .15, r x1.5)",lag x1.5,lead_vf,2001,True,0.9726218709990571,0.5064727831292507,1.1900391686688558,1.4916352909927726
fixed_wing,"typical (wind .15, r x1.5)",lag x1.5,lead_vf,2002,True,0.9416463126886839,0.4964704364225168,1.1024018597025012,1.1596517875673755
fixed_wing,"typical (wind .15, r x1.5)",lag x1.5,lead_vf,2003,True,0.7493370655752615,0.5020836718381656,0.8579387054786641,0.8461515447557963
fixed_wing,"typical (wind .15, r x1.5)",lag x1.5,lead_vf,2004,True,0.9017274105092741,0.4203724246547975,1.2314607902882913,1.1842744948989363
fixed_wing,"typical (wind .15, r x1.5)",lag x1.5,lead_vf,2005,True,0.8793802421593432,0.47373845008366394,1.0963839680502137,1.3556491045394896
fixed_wing,"typical (wind .15, r x1.5)",lag x1.5,lead_vf,2006,True,0.9488813155032194,0.5165431584720322,1.0424769850347795,1.2603588742470728
fixed_wing,"typical (wind .15, r x1.5)",lag x1.5,lead_vf,2007,True,1.1671335356662547,0.5407507906596454,1.414725898182131,1.838209356865961
fixed_wing,"typical (wind .15, r x1.5)",lag x1.5,lead_vf,2008,True,0.9754103390346047,0.3338835224225367,1.1055358391975754,1.3138062867728395
fixed_wing,"typical (wind .15, r x1.5)",lag x1.5,lead_vf,2009,True,0.8147619802339445,0.648578362395125,0.8206299115976735,1.1943846725501979
fixed_wing,"typical (wind .15, r x1.5)",lag x1.5,lead_vf,2010,True,1.1348039962030918,0.4179048954568189,1.4296384615781241,1.496330870816702
fixed_wing,"typical (wind .15, r x1.5)",lag x1.5,lead_vf,2011,True,0.7010645325439668,0.3727989320828526,0.8860914291831341,1.0652001863095806
fixed_wing,"typical (wind .15, r x1.5)",lag x1.5,adaptive_vf,2000,True,1.6435029823701828,0.3220448197226085,1.8927014262249104,3.2532193654278787
fixed_wing,"typical (wind .15, r x1.5)",lag x1.5,adaptive_vf,2001,True,1.3571150838473514,0.35371437941130734,0.8411384144452503,3.2494768349421723
fixed_wing,"typical (wind .15, r x1.5)",lag x1.5,adaptive_vf,2002,True,1.421661672359258,0.292599348772331,0.787616016856024,2.821698335302176
fixed_wing,"typical (wind .15, r x1.5)",lag x1.5,adaptive_vf,2003,True,0.48732771948106746,0.2680224763667953,0.3927336489887468,0.7782462708399313
fixed_wing,"typical (wind .15, r x1.5)",lag x1.5,adaptive_vf,2004,True,1.7363124474640126,0.2794407916943894,1.4265064657005913,4.137193798045082
fixed_wing,"typical (wind .15, r x1.5)",lag x1.5,adaptive_vf,2005,True,1.485504303630065,0.31161616743548876,1.9976241329590532,2.393882713607073
fixed_wing,"typical (wind .15, r x1.5)",lag x1.5,adaptive_vf,2006,True,1.473356924154017,0.26225645471925096,0.6459084309992064,2.9061938720387124
fixed_wing,"typical (wind .15, r x1.5)",lag x1.5,adaptive_vf,2007,True,1.500838645394366,0.29691432366831794,1.21191334346805,3.270345270014143
fixed_wing,"typical (wind .15, r x1.5)",lag x1.5,adaptive_vf,2008,True,2.2595195795200333,0.3137463330604509,0.6203726632625122,4.395029635316715
fixed_wing,"typical (wind .15, r x1.5)",lag x1.5,adaptive_vf,2009,True,0.6619475334286347,0.24770477377883623,0.5256998159206027,1.4073490130951702
fixed_wing,"typical (wind .15, r x1.5)",lag x1.5,adaptive_vf,2010,True,3.725485438500509,0.42226469470310735,3.129709613109339,7.462895286311529
fixed_wing,"typical (wind .15, r x1.5)",lag x1.5,adaptive_vf,2011,True,0.5869186047574161,0.22249923631518867,0.6507226100765394,1.151564446542365
fixed_wing,"typical (wind .15, r x1.5)",lag x1.5,carrot_chasing,2000,True,0.8651416208434971,0.2242298627112466,0.6478553513821097,2.1827931298685317
fixed_wing,"typical (wind .15, r x1.5)",lag x1.5,carrot_chasing,2001,True,1.1339479922859204,0.2715438158196216,0.7945490997202613,2.7489361762193774
fixed_wing,"typical (wind .15, r x1.5)",lag x1.5,carrot_chasing,2002,True,1.37903925784415,0.21571616098009738,0.8274362128718609,2.789974243449797
fixed_wing,"typical (wind .15, r x1.5)",lag x1.5,carrot_chasing,2003,True,1.0904249729004245,0.2458611448463573,0.605936294043907,2.050745681819604
fixed_wing,"typical (wind .15, r x1.5)",lag x1.5,carrot_chasing,2004,True,1.0241572302821753,0.2577535270184175,0.8103439911167608,2.536587420628431
fixed_wing,"typical (wind .15, r x1.5)",lag x1.5,carrot_chasing,2005,True,0.9566339612755856,0.23512930349376135,0.8188906751204003,2.3903018482274287
fixed_wing,"typical (wind .15, r x1.5)",lag x1.5,carrot_chasing,2006,True,1.5194828127013977,0.24527741239156964,0.8879853806078462,2.976098032446976
fixed_wing,"typical (wind .15, r x1.5)",lag x1.5,carrot_chasing,2007,True,1.1881476944473446,0.24242108250160865,1.0090039756881977,2.611013130379515
fixed_wing,"typical (wind .15, r x1.5)",lag x1.5,carrot_chasing,2008,True,1.3375387988668166,0.24759032578949058,0.8216777874773851,2.4942045218670934
fixed_wing,"typical (wind .15, r x1.5)",lag x1.5,carrot_chasing,2009,True,0.9494140771651997,0.22876109653874782,0.7159875460134826,2.1379356009943007
fixed_wing,"typical (wind .15, r x1.5)",lag x1.5,carrot_chasing,2010,True,1.0749479957948762,0.23264105440292293,0.8859819331193304,2.2381188471548015
fixed_wing,"typical (wind .15, r x1.5)",lag x1.5,carrot_chasing,2011,True,0.7843018131141951,0.19308381348702905,0.605928754746415,1.935810159916203
fixed_wing,"typical (wind .15, r x1.5)",lag x2,pure_pursuit,2000,True,1.0665213722146283,1.0385440312697427,1.0831333336698257,1.1287361683485868
fixed_wing,"typical (wind .15, r x1.5)",lag x2,pure_pursuit,2001,True,1.7674415606681655,0.929867540116365,1.469086051813973,3.664392290314787
fixed_wing,"typical (wind .15, r x1.5)",lag x2,pure_pursuit,2002,True,1.3195508714711544,1.1908267944819773,1.2260755741734937,1.6608869705228122
fixed_wing,"typical (wind .15, r x1.5)",lag x2,pure_pursuit,2003,True,0.9591481078306989,0.7875784032732792,1.0144699410325506,1.079111871162231
fixed_wing,"typical (wind .15, r x1.5)",lag x2,pure_pursuit,2004,True,1.4283245831851747,1.1100469126408887,1.4201484733559875,2.316935500751207
fixed_wing,"typical (wind .15, r x1.5)",lag x2,pure_pursuit,2005,True,1.2005412647006566,0.9802707639092232,1.3415419488432887,1.5517438024042407
fixed_wing,"typical (wind .15, r x1.5)",lag x2,pure_pursuit,2006,True,1.0327273127495589,0.8548786679390173,0.9945315878424386,1.3164990213190437
fixed_wing,"typical (wind .15, r x1.5)",lag x2,pure_pursuit,2007,True,1.5965866836779152,1.2681044137809947,1.6407576031566153,2.285398522835747
fixed_wing,"typical (wind .15, r x1.5)",lag x2,pure_pursuit,2008,True,1.7927389760096644,1.0964966504616585,1.342815150914096,2.8764924697544685
fixed_wing,"typical (wind .15, r x1.5)",lag x2,pure_pursuit,2009,True,1.073391564099034,1.040215240407457,1.0850677217470508,1.1487685902189224
fixed_wing,"typical (wind .15, r x1.5)",lag x2,pure_pursuit,2010,True,1.7058760672861637,1.18383648532042,1.8248730504751172,2.373145587957866
fixed_wing,"typical (wind .15, r x1.5)",lag x2,pure_pursuit,2011,True,0.9222804103097284,0.7030833553370984,1.0902271496269078,1.175283947830465
fixed_wing,"typical (wind .15, r x1.5)",lag x2,l1,2000,True,1.0645786689282546,1.0382208673221176,1.080094795709903,1.1237790306512907
fixed_wing,"typical (wind .15, r x1.5)",lag x2,l1,2001,True,1.7409148936068652,0.928985320158871,1.4579417701498958,3.591443426661678
fixed_wing,"typical (wind .15, r x1.5)",lag x2,l1,2002,True,1.3198434684354918,1.2021270635011008,1.2257374479945757,1.650032199862972
fixed_wing,"typical (wind .15, r x1.5)",lag x2,l1,2003,True,0.958097633787497,0.7870358578173337,1.015884774257648,1.0737405900998325
fixed_wing,"typical (wind .15, r x1.5)",lag x2,l1,2004,True,1.4193900050022272,1.108337544750778,1.413187377794343,2.2862628735279307
fixed_wing,"typical (wind .15, r x1.5)",lag x2,l1,2005,True,1.1987161879057238,0.9803357502231255,1.3379144854617773,1.5494428803603497
fixed_wing,"typical (wind .15, r x1.5)",lag x2,l1,2006,True,1.032589649860803,0.8543125832830463,0.9948740441221697,1.3167441775652746
fixed_wing,"typical (wind .15, r x1.5)",lag x2,l1,2007,True,1.5828586643981828,1.277481245235121,1.631398285995425,2.2244931245730513
fixed_wing,"typical (wind .15, r x1.5)",lag x2,l1,2008,True,1.7712522411741238,1.100090094880524,1.3503568618920154,2.819417313958315
fixed_wing,"typical (wind .15, r x1.5)",lag x2,l1,2009,True,1.073150777567675,1.04084957643356,1.0847922985736838,1.1457056811483084
fixed_wing,"typical (wind .15, r x1.5)",lag x2,l1,2010,True,1.676513640570762,1.1858198541553728,1.7953862251096797,2.3034624310620617
fixed_wing,"typical (wind .15, r x1.5)",lag x2,l1,2011,True,0.9222424021206016,0.703708540766242,1.091458182297428,1.170388430112021
fixed_wing,"typical (wind .15, r x1.5)",lag x2,vector_field,2000,True,2.29521829994744,1.075489254905121,2.75428206982994,3.8701198467488265
fixed_wing,"typical (wind .15, r x1.5)",lag x2,vector_field,2001,True,1.4465737914088683,0.7295908106581966,1.5167929820421797,2.6569386504419787
fixed_wing,"typical (wind .15, r x1.5)",lag x2,vector_field,2002,True,2.458484088324457,0.5837555706666184,1.3202299020421397,4.840892483158965
fixed_wing,"typical (wind .15, r x1.5)",lag x2,vector_field,2003,True,0.866596269861424,0.4162333532228675,0.5889220617138694,1.4871389138233222
fixed_wing,"typical (wind .15, r x1.5)",lag x2,vector_field,2004,True,2.2184762261565534,1.3081005607443634,2.600338984422471,3.5303865579922027
fixed_wing,"typical (wind .15, r x1.5)",lag x2,vector_field,2005,True,2.4494069212370246,1.6079143546778907,3.0036869217971818,3.3525522743140015
fixed_wing,"typical (wind .15, r x1.5)",lag x2,vector_field,2006,True,1.8655524298044326,0.832708478684849,1.2591839907327804,3.3181154664008723
fixed_wing,"typical (wind .15, r x1.5)",lag x2,vector_field,2007,True,2.3657696985330414,1.1498602609180966,2.2379991681563065,4.487160423810299
fixed_wing,"typical (wind .15, r x1.5)",lag x2,vector_field,2008,True,3.307378632343066,0.6459712364515471,0.9629218098157035,6.344455958915717
fixed_wing,"typical (wind .15, r x1.5)",lag x2,vector_field,2009,True,1.2254297517631614,0.5625337045170178,0.992693942695958,2.5086742744711437
fixed_wing,"typical (wind .15, r x1.5)",lag x2,vector_field,2010,True,4.689390375200253,1.4450076330137636,4.124807781088395,8.928932254297678
fixed_wing,"typical (wind .15, r x1.5)",lag x2,vector_field,2011,True,1.1846201071023355,0.4168566288859134,1.3145804542412454,2.3381708423373446
fixed_wing,"typical (wind .15, r x1.5)",lag x2,lead_vf,2000,True,0.7777965056819836,0.6217645151630915,0.8067796268464303,1.1763412902599202
fixed_wing,"typical (wind .15, r x1.5)",lag x2,lead_vf,2001,True,1.201008271159623,0.6001629650424728,1.235381173635426,2.251295769614474
fixed_wing,"typical (wind .15, r x1.5)",lag x2,lead_vf,2002,True,0.9716605170137833,0.5920433981730596,1.1020682993034672,1.1979597347770152
fixed_wing,"typical (wind .15, r x1.5)",lag x2,lead_vf,2003,True,0.7408656583263961,0.5855056492010902,0.7929190737069749,0.8422619970344556
fixed_wing,"typical (wind .15, r x1.5)",lag x2,lead_vf,2004,True,1.0079135099905023,0.6436993897122849,1.2965407726669502,1.2515154847492658
fixed_wing,"typical (wind .15, r x1.5)",lag x2,lead_vf,2005,True,0.9615319050007327,0.6362233749401206,1.1921159569521131,1.2805603704157327
fixed_wing,"typical (wind .15, r x1.5)",lag x2,lead_vf,2006,True,0.8813281407823378,0.5805849012029177,0.9030445504456598,1.1891725586346156
fixed_wing,"typical (wind .15, r x1.5)",lag x2,lead_vf,2007,True,1.4178146384923094,0.731466089691199,1.6870304650128338,2.204799633234147
fixed_wing,"typical (wind .15, r x1.5)",lag x2,lead_vf,2008,True,1.2020198789040526,0.4735589479462029,1.0694644785562486,1.9158030950010356
fixed_wing,"typical (wind .15, r x1.5)",lag x2,lead_vf,2009,True,0.841233855319503,0.7147700620355463,0.8484754854091664,1.1439050548302145
fixed_wing,"typical (wind .15, r x1.5)",lag x2,lead_vf,2010,True,1.341271320968029,0.5338071792897257,1.670881538626879,1.7758904772737165
fixed_wing,"typical (wind .15, r x1.5)",lag x2,lead_vf,2011,True,0.7372623109820853,0.44871078823434274,0.9475366660011492,0.9870828467825845
fixed_wing,"typical (wind .15, r x1.5)",lag x2,adaptive_vf,2000,True,2.0217804878526406,0.6435039070889648,2.3583557309978604,3.803355118664117
fixed_wing,"typical (wind .15, r x1.5)",lag x2,adaptive_vf,2001,True,1.930261821371992,0.5909072418810996,1.5580662962742715,4.297428811051928
fixed_wing,"typical (wind .15, r x1.5)",lag x2,adaptive_vf,2002,True,2.2103663863013985,0.4711601766450085,1.4544352087754775,4.219608265203313
fixed_wing,"typical (wind .15, r x1.5)",lag x2,adaptive_vf,2003,True,0.8581856000201902,0.3682287180120061,0.5677258757367537,1.498727616523897
fixed_wing,"typical (wind .15, r x1.5)",lag x2,adaptive_vf,2004,True,3.0466743356000965,0.9448480744553522,2.9507417871116486,6.5386489675126285
fixed_wing,"typical (wind .15, r x1.5)",lag x2,adaptive_vf,2005,True,2.2966292892249345,1.0193295786634013,3.0516691922690247,3.296159008666931
fixed_wing,"typical (wind .15, r x1.5)",lag x2,adaptive_vf,2006,True,2.1139334880756344,0.5446969167695933,1.166676416820891,4.014972726871351
fixed_wing,"typical (wind .15, r x1.5)",lag x2,adaptive_vf,2007,True,2.566171295892476,0.7409528945309608,2.5340123553653386,5.041042464135018
fixed_wing,"typical (wind .15, r x1.5)",lag x2,adaptive_vf,2008,True,3.2445593946921636,0.49651232778951016,1.1133035499177344,6.202326111815061
fixed_wing,"typical (wind .15, r x1.5)",lag x2,adaptive_vf,2009,True,1.1364769305881373,0.3608934912043107,0.8875802128629049,2.4464863178160043
fixed_wing,"typical (wind .15, r x1.5)",lag x2,adaptive_vf,2010,True,4.637705254879616,1.3296667616738966,4.344627207052327,8.570797621109522
fixed_wing,"typical (wind .15, r x1.5)",lag x2,adaptive_vf,2011,True,1.0325352790117688,0.35334267309585216,1.1646055734173772,2.018697389252404
fixed_wing,"typical (wind .15, r x1.5)",lag x2,carrot_chasing,2000,True,0.8638015951626749,0.32150381828696134,0.7514617770924868,2.010281215191355
fixed_wing,"typical (wind .15, r x1.5)",lag x2,carrot_chasing,2001,True,1.085100923076863,0.44949874970999937,0.9008568338542985,2.3984565570201313
fixed_wing,"typical (wind .15, r x1.5)",lag x2,carrot_chasing,2002,True,1.3893344939859038,0.3526566365504443,0.9682185576763803,2.6961348996671974
fixed_wing,"typical (wind .15, r x1.5)",lag x2,carrot_chasing,2003,True,1.06259376986257,0.33191341020334714,0.7286659590085561,1.9012381251611516
fixed_wing,"typical (wind .15, r x1.5)",lag x2,carrot_chasing,2004,True,0.9898841734152333,0.4523395856711714,0.8810693956009885,2.205117760947061
fixed_wing,"typical (wind .15, r x1.5)",lag x2,carrot_chasing,2005,True,0.9219731989875073,0.3173371261901151,0.8810470663617619,2.132159892902705
fixed_wing,"typical (wind .15, r x1.5)",lag x2,carrot_chasing,2006,True,1.46064129579383,0.4070445113870192,1.0070673187165748,2.7307895256228822
fixed_wing,"typical (wind .15, r x1.5)",lag x2,carrot_chasing,2007,True,1.0458468842408968,0.3881313283692848,1.0938183470258895,1.9912277849038829
fixed_wing,"typical (wind .15, r x1.5)",lag x2,carrot_chasing,2008,True,1.1718700786756526,0.48441331661473636,0.9128789582162551,1.9809488755656992
fixed_wing,"typical (wind .15, r x1.5)",lag x2,carrot_chasing,2009,True,0.9680493555400956,0.3396353881614623,0.8088459412692902,2.066529329898488
fixed_wing,"typical (wind .15, r x1.5)",lag x2,carrot_chasing,2010,True,1.7156179850859201,0.5746012904502092,1.8610132912064512,2.8943331311374765
fixed_wing,"typical (wind .15, r x1.5)",lag x2,carrot_chasing,2011,True,0.8000309845081798,0.29285468329273634,0.7360562121996764,1.801064254870398
fixed_wing,"typical (wind .15, r x1.5)",true a_max x0.8,pure_pursuit,2000,True,0.7014762752064243,0.5402513748752297,0.6790625634429732,1.1972598425468586
fixed_wing,"typical (wind .15, r x1.5)",true a_max x0.8,pure_pursuit,2001,True,2.3503135967459565,0.6106025264234456,2.764798686536958,4.296984082613516
fixed_wing,"typical (wind .15, r x1.5)",true a_max x0.8,pure_pursuit,2002,True,1.124455200667921,0.6534531818819397,1.352421543978823,1.264625777032731
fixed_wing,"typical (wind .15, r x1.5)",true a_max x0.8,pure_pursuit,2003,True,0.7144677760530616,0.5744017045381777,0.7853827559038438,0.7696382006018399
fixed_wing,"typical (wind .15, r x1.5)",true a_max x0.8,pure_pursuit,2004,True,1.9668396640287615,0.5263726527233007,2.419181037767311,3.577661308301307
fixed_wing,"typical (wind .15, r x1.5)",true a_max x0.8,pure_pursuit,2005,True,0.7905242791140528,0.4764573101503251,0.9919345973545841,1.1118439262402624
fixed_wing,"typical (wind .15, r x1.5)",true a_max x0.8,pure_pursuit,2006,True,1.1705840963297587,0.5941934925646967,1.3586682503381837,1.467597593377168
fixed_wing,"typical (wind .15, r x1.5)",true a_max x0.8,pure_pursuit,2007,True,1.554028523564487,0.6076278829384908,2.134882292328793,2.040664407437306
fixed_wing,"typical (wind .15, r x1.5)",true a_max x0.8,pure_pursuit,2008,True,2.5011105644958294,0.5113848779709456,2.7782301113381376,3.5276704271155315
fixed_wing,"typical (wind .15, r x1.5)",true a_max x0.8,pure_pursuit,2009,True,0.7728395512036408,0.6642540180631844,0.7764166983156631,1.041915757766784
fixed_wing,"typical (wind .15, r x1.5)",true a_max x0.8,pure_pursuit,2010,True,1.500055418066677,0.47507105652285336,1.935298526318629,1.9154579832142424
fixed_wing,"typical (wind .15, r x1.5)",true a_max x0.8,pure_pursuit,2011,True,0.679255040335091,0.4169268156206055,0.8540723130789083,0.9529169998759563
fixed_wing,"typical (wind .15, r x1.5)",true a_max x0.8,l1,2000,True,0.7083119920718823,0.5402381826140973,0.6757836869003025,1.2357088571305481
fixed_wing,"typical (wind .15, r x1.5)",true a_max x0.8,l1,2001,True,2.3090486781462416,0.6098930085523419,2.6992446151672365,4.252233695502516
fixed_wing,"typical (wind .15, r x1.5)",true a_max x0.8,l1,2002,True,1.1091870920131472,0.6531139155335183,1.3257063324263125,1.2575362767349592
fixed_wing,"typical (wind .15, r x1.5)",true a_max x0.8,l1,2003,True,0.7182460210798832,0.5743754090898248,0.7871967321452333,0.7810924008709939
fixed_wing,"typical (wind .15, r x1.5)",true a_max x0.8,l1,2004,True,1.9265299543734906,0.5328150433426824,2.381108922290957,3.474779820565578
fixed_wing,"typical (wind .15, r x1.5)",true a_max x0.8,l1,2005,True,0.7931880363146812,0.47645209400700284,0.994182707586717,1.1218146953414458
fixed_wing,"typical (wind .15, r x1.5)",true a_max x0.8,l1,2006,True,1.1665644677884421,0.5921816475091576,1.3524973650671503,1.465436439842339
fixed_wing,"typical (wind .15, r x1.5)",true a_max x0.8,l1,2007,True,1.5131956318545023,0.610075769785787,2.0825855375358278,1.9613800412560256
fixed_wing,"typical (wind .15, r x1.5)",true a_max x0.8,l1,2008,True,2.4527482302970567,0.5215740542609082,2.6971177572874376,3.486685924947179
fixed_wing,"typical (wind .15, r x1.5)",true a_max x0.8,l1,2009,True,0.7768751082686784,0.6634101922219653,0.7778267276070241,1.0611059904094358
fixed_wing,"typical (wind .15, r x1.5)",true a_max x0.8,l1,2010,True,1.4382197711410245,0.47045314344778305,1.8460783751602061,1.8436291878925593
fixed_wing,"typical (wind .15, r x1.5)",true a_max x0.8,l1,2011,True,0.6812760896417356,0.417032764017845,0.853718440436961,0.9649256633612046
fixed_wing,"typical (wind .15, r x1.5)",true a_max x0.8,vector_field,2000,True,2.064137211366328,0.21617320790857228,2.65901150490327,3.5891725775790344
fixed_wing,"typical (wind .15, r x1.5)",true a_max x0.8,vector_field,2001,True,3.841162559175372,0.25371229262295203,4.178420505965934,7.595309304999751
fixed_wing,"typical (wind .15, r x1.5)",true a_max x0.8,vector_field,2002,True,2.7090436975986774,0.1891251702483826,2.6612446708907025,4.460736589710433
fixed_wing,"typical (wind .15, r x1.5)",true a_max x0.8,vector_field,2003,True,0.3709760840500353,0.1928782375718616,0.23891272868936797,0.6400028966952003
fixed_wing,"typical (wind .15, r x1.5)",true a_max x0.8,vector_field,2004,True,4.114290778713387,0.16948769261272248,4.493862137067107,8.487815005391855
fixed_wing,"typical (wind .15, r x1.5)",true a_max x0.8,vector_field,2005,True,1.4593716461410524,0.2116567303538216,2.0228537323752507,2.229594996408487
fixed_wing,"typical (wind .15, r x1.5)",true a_max x0.8,vector_field,2006,True,2.464824526263517,0.21186929776969193,1.6460815201858332,4.586333869631407
fixed_wing,"typical (wind .15, r x1.5)",true a_max x0.8,vector_field,2007,True,2.4987738999423557,0.22026097759884938,3.0308481037774264,4.362632738366861
fixed_wing,"typical (wind .15, r x1.5)",true a_max x0.8,vector_field,2008,True,4.573435658924561,0.20953319578403262,3.5666540384708076,7.82094519103102
fixed_wing,"typical (wind .15, r x1.5)",true a_max x0.8,vector_field,2009,True,0.6876588020982465,0.18459627731665912,0.6038572573711978,1.447434187679817
fixed_wing,"typical (wind .15, r x1.5)",true a_max x0.8,vector_field,2010,True,6.136327795910532,0.4893500111015974,7.279432411383642,9.4146648414917
fixed_wing,"typical (wind .15, r x1.5)",true a_max x0.8,vector_field,2011,True,0.5110460668895428,0.15070003999968082,0.5863472111781168,1.004868560171642
fixed_wing,"typical (wind .15, r x1.5)",true a_max x0.8,lead_vf,2000,True,0.8033277165089399,0.44488648223031924,0.7859942419659582,1.6232728248522963
fixed_wing,"typical (wind .15, r x1.5)",true a_max x0.8,lead_vf,2001,True,2.3853156214838664,0.6244594270607199,2.894322409823092,4.219157546062623
fixed_wing,"typical (wind .15, r x1.5)",true a_max x0.8,lead_vf,2002,True,1.5240733304781369,0.5899594512908904,1.9262010188511869,1.7345534501340327
fixed_wing,"typical (wind .15, r x1.5)",true a_max x0.8,lead_vf,2003,True,0.8358588679490756,0.46142821640135856,0.9663428588368078,1.0013105993967861
fixed_wing,"typical (wind .15, r x1.5)",true a_max x0.8,lead_vf,2004,True,1.79698251371213,0.40342655738450356,2.332865544091491,3.062756088671602
fixed_wing,"typical (wind .15, r x1.5)",true a_max x0.8,lead_vf,2005,True,0.9170388277393865,0.4296428975695303,1.148269351304012,1.4953071807681562
fixed_wing,"typical (wind .15, r x1.5)",true a_max x0.8,lead_vf,2006,True,1.5973193536781785,0.6195208043704521,1.9498327581427812,1.9526145347769308
fixed_wing,"typical (wind .15, r x1.5)",true a_max x0.8,lead_vf,2007,True,1.7890691141013817,0.5695692837510364,2.465011616271795,2.4400073484401084
fixed_wing,"typical (wind .15, r x1.5)",true a_max x0.8,lead_vf,2008,True,2.4101930546168404,0.5795583053714479,2.826951911442646,3.181116108290202
fixed_wing,"typical (wind .15, r x1.5)",true a_max x0.8,lead_vf,2009,True,0.869539982398843,0.6280778326072828,0.8840860423999851,1.3648751996860715
fixed_wing,"typical (wind .15, r x1.5)",true a_max x0.8,lead_vf,2010,True,1.7691843534843839,0.6097875550083212,2.2997183109258543,2.183371740786375
fixed_wing,"typical (wind .15, r x1.5)",true a_max x0.8,lead_vf,2011,True,0.7300981956977092,0.3359476850449081,0.8979563696674945,1.2317709314718641
fixed_wing,"typical (wind .15, r x1.5)",true a_max x0.8,adaptive_vf,2000,True,2.0164209168120766,0.29277135254374836,2.568730060735286,3.556788820339081
fixed_wing,"typical (wind .15, r x1.5)",true a_max x0.8,adaptive_vf,2001,True,4.078932080382114,0.43541668768638836,4.397332243622614,8.089605689359173
fixed_wing,"typical (wind .15, r x1.5)",true a_max x0.8,adaptive_vf,2002,True,2.6748739145344342,0.3241880089533586,2.655912859095218,4.356017771075289
fixed_wing,"typical (wind .15, r x1.5)",true a_max x0.8,adaptive_vf,2003,True,0.404067841747581,0.20943967729664595,0.24702947000304637,0.7051367900475773
fixed_wing,"typical (wind .15, r x1.5)",true a_max x0.8,adaptive_vf,2004,True,4.119553324841871,0.4005938661842839,4.495946925494448,8.47523784925046
fixed_wing,"typical (wind .15, r x1.5)",true a_max x0.8,adaptive_vf,2005,True,1.4730769999400302,0.21550606154321386,2.030750782389457,2.2814444764234767
fixed_wing,"typical (wind .15, r x1.5)",true a_max x0.8,adaptive_vf,2006,True,2.441374025696679,0.2754938648695781,1.6057169030909482,4.551490657862165
fixed_wing,"typical (wind .15, r x1.5)",true a_max x0.8,adaptive_vf,2007,True,2.5293485082955596,0.3379695335505213,3.0998676287005753,4.339395433178394
fixed_wing,"typical (wind .15, r x1.5)",true a_max x0.8,adaptive_vf,2008,True,4.740774072443514,0.44314600629973633,3.70348078298658,8.08441936018217
fixed_wing,"typical (wind .15, r x1.5)",true a_max x0.8,adaptive_vf,2009,True,0.6634786510311553,0.20628260485459265,0.6045128088532147,1.3624341286401362
fixed_wing,"typical (wind .15, r x1.5)",true a_max x0.8,adaptive_vf,2010,True,6.133999906024835,0.6271687758928032,7.25210907399684,9.451360089415974
fixed_wing,"typical (wind .15, r x1.5)",true a_max x0.8,adaptive_vf,2011,True,0.4994555955270326,0.16300196250052953,0.573945701040474,0.9686523365358888
fixed_wing,"typical (wind .15, r x1.5)",true a_max x0.8,carrot_chasing,2000,True,0.8536148202235869,0.16359609581244125,0.5497208749173544,2.250232668423319
fixed_wing,"typical (wind .15, r x1.5)",true a_max x0.8,carrot_chasing,2001,True,1.0276756463339978,0.20136929234397494,0.8869774757474708,2.343137878266829
fixed_wing,"typical (wind .15, r x1.5)",true a_max x0.8,carrot_chasing,2002,True,1.2390788121972418,0.16266063165701344,0.637749736243892,2.568253872521166
fixed_wing,"typical (wind .15, r x1.5)",true a_max x0.8,carrot_chasing,2003,True,1.0829976386671547,0.19084824921490395,0.5157971460649826,2.082117531467734
fixed_wing,"typical (wind .15, r x1.5)",true a_max x0.8,carrot_chasing,2004,True,0.8390213431160217,0.16032238529068316,0.7501225312306118,1.9983101167362665
fixed_wing,"typical (wind .15, r x1.5)",true a_max x0.8,carrot_chasing,2005,True,0.9656277347825627,0.17853935217494166,0.7201324216876094,2.5422694254757565
fixed_wing,"typical (wind .15, r x1.5)",true a_max x0.8,carrot_chasing,2006,True,1.3231635377614281,0.17619101413183394,0.6662600514634996,2.642891692829982
fixed_wing,"typical (wind .15, r x1.5)",true a_max x0.8,carrot_chasing,2007,True,1.024238569169234,0.17398799897287062,0.8448564972417413,2.277632423627045
fixed_wing,"typical (wind .15, r x1.5)",true a_max x0.8,carrot_chasing,2008,True,2.0315981285540543,0.1952698677637349,1.953070990847421,3.2602330291380324
fixed_wing,"typical (wind .15, r x1.5)",true a_max x0.8,carrot_chasing,2009,True,0.9483218155477315,0.17910877019071964,0.6336687294395815,2.2108544295361168
fixed_wing,"typical (wind .15, r x1.5)",true a_max x0.8,carrot_chasing,2010,True,0.9458641199685954,0.17888337546078326,0.87495523889058,1.8621169456122961
fixed_wing,"typical (wind .15, r x1.5)",true a_max x0.8,carrot_chasing,2011,True,0.7747936625094919,0.14077908971517838,0.5275144060486822,1.9932619011578223
fixed_wing,"typical (wind .15, r x1.5)",true a_max x0.6,pure_pursuit,2000,True,0.8829261561109516,0.5241575624508367,1.0768868544059542,1.3121917894825244
fixed_wing,"typical (wind .15, r x1.5)",true a_max x0.6,pure_pursuit,2001,True,9.502775886010637,5.051302012892838,12.609245046459613,12.098569975409976
fixed_wing,"typical (wind .15, r x1.5)",true a_max x0.6,pure_pursuit,2002,True,5.477757408927779,1.8289099938692082,7.528242809339433,4.862700123600611
fixed_wing,"typical (wind .15, r x1.5)",true a_max x0.6,pure_pursuit,2003,True,0.8412404586003812,0.5727745181879638,0.9013763025239047,1.0361544639501183
fixed_wing,"typical (wind .15, r x1.5)",true a_max x0.6,pure_pursuit,2004,True,8.540821923485678,3.8203436643569493,11.706976575310534,11.156454607047056
fixed_wing,"typical (wind .15, r x1.5)",true a_max x0.6,pure_pursuit,2005,True,2.8384840420227624,0.7109938841765451,3.9625217276784963,4.082617792048747
fixed_wing,"typical (wind .15, r x1.5)",true a_max x0.6,pure_pursuit,2006,True,7.083641504916969,3.401154918109321,9.400178025425403,6.7347556647990325
fixed_wing,"typical (wind .15, r x1.5)",true a_max x0.6,pure_pursuit,2007,True,4.361171119820251,1.835790536479301,6.524032957574885,4.02300422051223
fixed_wing,"typical (wind .15, r x1.5)",true a_max x0.6,pure_pursuit,2008,True,8.975265849974592,3.532673207543722,11.57332477133864,9.55822690977017
fixed_wing,"typical (wind .15, r x1.5)",true a_max x0.6,pure_pursuit,2009,True,0.90294259900462,0.6637920202356583,1.0259917379338905,1.2174632465879323
fixed_wing,"typical (wind .15, r x1.5)",true a_max x0.6,pure_pursuit,2010,True,5.7095722490836405,2.0209028548091075,7.997381587335691,5.202808048879507
fixed_wing,"typical (wind .15, r x1.5)",true a_max x0.6,pure_pursuit,2011,True,0.8344400659975098,0.4231724745517705,1.0172807244538982,1.3750498072226216
fixed_wing,"typical (wind .15, r x1.5)",true a_max x0.6,l1,2000,True,0.8597200393219049,0.5263671674709639,1.0306377443589718,1.2953766916712568
fixed_wing,"typical (wind .15, r x1.5)",true a_max x0.6,l1,2001,True,9.474912880314935,5.093841597757436,12.55523069723885,12.046102360308918
fixed_wing,"typical (wind .15, r x1.5)",true a_max x0.6,l1,2002,True,5.379346606933698,1.6735435528993474,7.401752237976903,4.801371169827932
fixed_wing,"typical (wind .15, r x1.5)",true a_max x0.6,l1,2003,True,0.8301908804750187,0.5719143813537556,0.8887292719842886,1.0194620575178364
fixed_wing,"typical (wind .15, r x1.5)",true a_max x0.6,l1,2004,True,8.465628131177427,3.6733125536086852,11.642710900734981,11.131773681565456
fixed_wing,"typical (wind .15, r x1.5)",true a_max x0.6,l1,2005,True,2.8132240792607415,0.6779335415671408,3.928722854425828,4.061566202742626
fixed_wing,"typical (wind .15, r x1.5)",true a_max x0.6,l1,2006,True,6.98114509997667,3.292193338498841,9.266407119962007,6.673037242212989
fixed_wing,"typical (wind .15, r x1.5)",true a_max x0.6,l1,2007,True,4.272026324494369,1.7123152231557284,6.418892216823716,3.963597201342232
fixed_wing,"typical (wind .15, r x1.5)",true a_max x0.6,l1,2008,True,8.88519975964316,3.3739469130342874,11.501374773562388,9.466217360460906
fixed_wing,"typical (wind .15, r x1.5)",true a_max x0.6,l1,2009,True,0.8917917029092516,0.6631660108076204,1.0039208951985974,1.2068400532297168
fixed_wing,"typical (wind .15, r x1.5)",true a_max x0.6,l1,2010,True,5.5952105645982915,1.8688222296756873,7.852211358802787,5.117666028595157
fixed_wing,"typical (wind .15, r x1.5)",true a_max x0.6,l1,2011,True,0.8310782963748621,0.4237096261869562,1.010931075566563,1.3721805654855506
fixed_wing,"typical (wind .15, r x1.5)",true a_max x0.6,vector_field,2000,True,4.812282654458712,1.0059910110784807,6.170054970573618,8.145932201193471
fixed_wing,"typical (wind .15, r x1.5)",true a_max x0.6,vector_field,2001,True,13.385731432448218,6.926794188678748,17.18177945558755,18.284668136552728
fixed_wing,"typical (wind .15, r x1.5)",true a_max x0.6,vector_field,2002,True,11.80328911504579,4.891501839733235,14.754992798847478,13.373156690138986
fixed_wing,"typical (wind .15, r x1.5)",true a_max x0.6,vector_field,2003,True,2.115031164713478,0.18235152464340204,1.7654399198394055,3.578282616227653
fixed_wing,"typical (wind .15, r x1.5)",true a_max x0.6,vector_field,2004,True,12.415783101881038,5.575491334211296,16.226922567904268,17.854464503688874
fixed_wing,"typical (wind .15, r x1.5)",true a_max x0.6,vector_field,2005,True,5.097767536201804,0.7306533124479899,7.256043073344198,7.136386295290298
fixed_wing,"typical (wind .15, r x1.5)",true a_max x0.6,vector_field,2006,True,11.761352781008586,4.881288641847642,14.838455865262368,13.278078772631998
fixed_wing,"typical (wind .15, r x1.5)",true a_max x0.6,vector_field,2007,True,8.086200916435931,2.9959393002872576,11.695620222554584,9.112508330003388
fixed_wing,"typical (wind .15, r x1.5)",true a_max x0.6,vector_field,2008,True,16.51877704328635,6.834013599316534,19.150891347151163,20.535741714409152
fixed_wing,"typical (wind .15, r x1.5)",true a_max x0.6,vector_field,2009,True,2.4977959743790574,0.23683565463972042,3.1024583306211198,4.228931095839366
fixed_wing,"typical (wind .15, r x1.5)",true a_max x0.6,vector_field,2010,True,15.305872329546094,10.247920733808211,19.292058075154124,15.142201632171922
fixed_wing,"typical (wind .15, r x1.5)",true a_max x0.6,vector_field,2011,True,1.6762029449880487,0.1598115266084417,1.6533694195874236,3.755204437699939
fixed_wing,"typical (wind .15, r x1.5)",true a_max x0.6,lead_vf,2000,True,1.017692643285961,0.48909395061696675,1.2423234315158562,1.6792449479335783
fixed_wing,"typical (wind .15, r x1.5)",true a_max x0.6,lead_vf,2001,True,8.714947430401885,4.811336524996383,11.627151529568568,10.629350835522155
fixed_wing,"typical (wind .15, r x1.5)",true a_max x0.6,lead_vf,2002,True,5.594570427476572,2.6266511393468965,7.507036511531447,4.903897377028477
fixed_wing,"typical (wind .15, r x1.5)",true a_max x0.6,lead_vf,2003,True,0.9710472729298344,0.4732386236330248,1.1780863060615507,1.111023953931533
fixed_wing,"typical (wind .15, r x1.5)",true a_max x0.6,lead_vf,2004,True,7.878577318437367,3.9553132095141064,10.774674583815,9.715681174496513
fixed_wing,"typical (wind .15, r x1.5)",true a_max x0.6,lead_vf,2005,True,2.743641467387557,0.979579646601453,3.8237162791172525,3.6973999067341294
fixed_wing,"typical (wind .15, r x1.5)",true a_max x0.6,lead_vf,2006,True,7.355385840203895,4.109967705094734,9.616289931228065,6.809808117127702
fixed_wing,"typical (wind .15, r x1.5)",true a_max x0.6,lead_vf,2007,True,4.790420733368228,2.4155398208212175,6.986006396874487,4.411848043228638
fixed_wing,"typical (wind .15, r x1.5)",true a_max x0.6,lead_vf,2008,True,9.157087208703906,4.688628775209227,11.68421802338684,9.372139319288408
fixed_wing,"typical (wind .15, r x1.5)",true a_max x0.6,lead_vf,2009,True,1.1596039999357155,0.6570733029349259,1.456868487007778,1.5877854369991906
fixed_wing,"typical (wind .15, r x1.5)",true a_max x0.6,lead_vf,2010,True,5.356487310896734,2.438300431191891,7.365261537032305,4.77377946507273
fixed_wing,"typical (wind .15, r x1.5)",true a_max x0.6,lead_vf,2011,True,0.9292626366852583,0.3460088138607993,1.1891759697708348,1.5551803260413801
fixed_wing,"typical (wind .15, r x1.5)",true a_max x0.6,adaptive_vf,2000,True,4.752355870788552,1.0400429267167273,6.0314675171571155,8.155427459935929
fixed_wing,"typical (wind .15, r x1.5)",true a_max x0.6,adaptive_vf,2001,True,13.435998723104728,6.805064678836637,17.240738770789704,18.561193922749307
fixed_wing,"typical (wind .15, r x1.5)",true a_max x0.6,adaptive_vf,2002,True,11.700741409827348,4.804361360940542,14.706041189211343,13.146805017027319
fixed_wing,"typical (wind .15, r x1.5)",true a_max x0.6,adaptive_vf,2003,True,2.1998511608964204,0.27137078900992256,1.8527942922871588,3.6987094120104516
fixed_wing,"typical (wind .15, r x1.5)",true a_max x0.6,adaptive_vf,2004,True,12.370469772469871,5.389871201655432,16.21075779654562,17.92185137769441
fixed_wing,"typical (wind .15, r x1.5)",true a_max x0.6,adaptive_vf,2005,True,5.180532183943238,0.8663179856019902,7.299882995565974,7.403804393406618
fixed_wing,"typical (wind .15, r x1.5)",true a_max x0.6,adaptive_vf,2006,True,11.73030295143882,4.818381527806881,14.756518805048723,13.325577940516746
fixed_wing,"typical (wind .15, r x1.5)",true a_max x0.6,adaptive_vf,2007,True,8.097643116362956,3.106671488830058,11.67174122670211,9.07837673800041
fixed_wing,"typical (wind .15, r x1.5)",true a_max x0.6,adaptive_vf,2008,True,16.43167106926387,6.603380514363026,19.01096185029981,20.580290710641222
fixed_wing,"typical (wind .15, r x1.5)",true a_max x0.6,adaptive_vf,2009,True,2.4275337541329813,0.32396489199625333,3.0469339938534374,4.041465166149951
fixed_wing,"typical (wind .15, r x1.5)",true a_max x0.6,adaptive_vf,2010,True,15.270192441161734,10.198035986596475,19.31945438672018,15.006167160683772
fixed_wing,"typical (wind .15, r x1.5)",true a_max x0.6,adaptive_vf,2011,True,1.6135793607114748,0.23133585855634167,1.6408135302894984,3.5375271470716183
fixed_wing,"typical (wind .15, r x1.5)",true a_max x0.6,carrot_chasing,2000,True,0.786459528682482,0.17840601043768667,1.0952176128485844,1.13554053428527
fixed_wing,"typical (wind .15, r x1.5)",true a_max x0.6,carrot_chasing,2001,True,7.207697113489558,3.4876887076311927,9.965710051524548,8.607258671562954
fixed_wing,"typical (wind .15, r x1.5)",true a_max x0.6,carrot_chasing,2002,True,4.958938496004892,1.1899446205865538,6.786703780202937,4.71444318392913
fixed_wing,"typical (wind .15, r x1.5)",true a_max x0.6,carrot_chasing,2003,True,0.9115046055735014,0.18900317746251935,0.4667596109387125,1.7333849845840952
fixed_wing,"typical (wind .15, r x1.5)",true a_max x0.6,carrot_chasing,2004,True,7.074074938894469,2.815480215586737,10.013592516488238,8.717868421711302
fixed_wing,"typical (wind .15, r x1.5)",true a_max x0.6,carrot_chasing,2005,True,1.268130551081792,0.2117049373470918,1.7826759291217198,1.8681775689146087
fixed_wing,"typical (wind .15, r x1.5)",true a_max x0.6,carrot_chasing,2006,True,6.082490557661287,2.8517416596887273,8.12195640422008,5.701015783304864
fixed_wing,"typical (wind .15, r x1.5)",true a_max x0.6,carrot_chasing,2007,True,3.1940871134057867,0.8729419264419679,4.934491208405084,2.904602396995386
fixed_wing,"typical (wind .15, r x1.5)",true a_max x0.6,carrot_chasing,2008,True,7.4620608698795365,2.0798719855281607,9.57730003155546,8.409970388778541
fixed_wing,"typical (wind .15, r x1.5)",true a_max x0.6,carrot_chasing,2009,True,0.7720552375785772,0.17692766006221403,0.4710306087348296,1.8195464826152221
fixed_wing,"typical (wind .15, r x1.5)",true a_max x0.6,carrot_chasing,2010,True,5.37256337822011,1.2768668047356464,7.531650692594523,5.312709520881769
fixed_wing,"typical (wind .15, r x1.5)",true a_max x0.6,carrot_chasing,2011,True,0.6777425509069862,0.14073129665446488,0.45287488193210307,1.739534556375769
fixed_wing,"typical (wind .15, r x1.5)",position noise 2% r_min,pure_pursuit,2000,True,0.7061260022795247,0.554620118899479,0.7211842146309662,1.1102817272693284
fixed_wing,"typical (wind .15, r x1.5)",position noise 2% r_min,pure_pursuit,2001,True,0.8939803105715667,0.56240482193887,1.0832566072176812,1.260374480324531
fixed_wing,"typical (wind .15, r x1.5)",position noise 2% r_min,pure_pursuit,2002,True,0.9711202449792098,0.672285059723662,1.1055865461253502,1.1144909068306064
fixed_wing,"typical (wind .15, r x1.5)",position noise 2% r_min,pure_pursuit,2003,True,0.7750270044231068,0.6287070228597212,0.8320547163994787,0.8614598831767043
fixed_wing,"typical (wind .15, r x1.5)",position noise 2% r_min,pure_pursuit,2004,True,0.8545681567619822,0.47068193815496,1.126120131009549,1.1300835236028852
fixed_wing,"typical (wind .15, r x1.5)",position noise 2% r_min,pure_pursuit,2005,True,0.801259245281445,0.5222403355773022,0.9867132588986649,1.1035471410688404
fixed_wing,"typical (wind .15, r x1.5)",position noise 2% r_min,pure_pursuit,2006,True,0.9126193177652717,0.5909705567467558,1.0142768519394065,1.1233309130112945
fixed_wing,"typical (wind .15, r x1.5)",position noise 2% r_min,pure_pursuit,2007,True,0.8927321652023411,0.5868338779040971,1.0276267060085134,1.2959665274679257
fixed_wing,"typical (wind .15, r x1.5)",position noise 2% r_min,pure_pursuit,2008,True,0.8459627149922355,0.44269278292023734,1.0078615546045562,0.9897736453012863
fixed_wing,"typical (wind .15, r x1.5)",position noise 2% r_min,pure_pursuit,2009,True,0.8057575265096915,0.686322867171803,0.8241951571405305,1.0735578271071886
fixed_wing,"typical (wind .15, r x1.5)",position noise 2% r_min,pure_pursuit,2010,True,0.8681642549572172,0.4866674572526361,1.0250947666390569,1.1539138870767667
fixed_wing,"typical (wind .15, r x1.5)",position noise 2% r_min,pure_pursuit,2011,True,0.6831776013699806,0.42570318620392067,0.8534318197338854,0.9596922492086846
fixed_wing,"typical (wind .15, r x1.5)",position noise 2% r_min,l1,2000,True,0.7037608875604926,0.5521649848518082,0.7116632810036693,1.1218326484027314
fixed_wing,"typical (wind .15, r x1.5)",position noise 2% r_min,l1,2001,True,0.883371589443161,0.5562618483797404,1.06739687924925,1.2500619449947457
fixed_wing,"typical (wind .15, r x1.5)",position noise 2% r_min,l1,2002,True,0.9656231484467416,0.6674915606550589,1.0888952701418753,1.1306074294206736
fixed_wing,"typical (wind .15, r x1.5)",position noise 2% r_min,l1,2003,True,0.7641434734597281,0.6194863685666201,0.8157634322595129,0.8570450166648969
fixed_wing,"typical (wind .15, r x1.5)",position noise 2% r_min,l1,2004,True,0.8497999803147213,0.4708053048325454,1.1141250578175577,1.1354631906859796
fixed_wing,"typical (wind .15, r x1.5)",position noise 2% r_min,l1,2005,True,0.7967606082726008,0.5199527265627634,0.978696255523596,1.1030969828517552
fixed_wing,"typical (wind .15, r x1.5)",position noise 2% r_min,l1,2006,True,0.9101967153513351,0.5852780643466018,0.998154248095775,1.145009005954402
fixed_wing,"typical (wind .15, r x1.5)",position noise 2% r_min,l1,2007,True,0.8827856166045794,0.5830812125342452,1.0059517339871582,1.294244152315426
fixed_wing,"typical (wind .15, r x1.5)",position noise 2% r_min,l1,2008,True,0.8345776361785637,0.4413554250449657,0.9939463556322512,0.974064927665866
fixed_wing,"typical (wind .15, r x1.5)",position noise 2% r_min,l1,2009,True,0.7994145342647718,0.6805334876633503,0.8116719393899281,1.0762414475121593
fixed_wing,"typical (wind .15, r x1.5)",position noise 2% r_min,l1,2010,True,0.8681814345303859,0.48495197215670943,1.010863398749733,1.188233383406012
fixed_wing,"typical (wind .15, r x1.5)",position noise 2% r_min,l1,2011,True,0.6758242890549322,0.42289676919999436,0.8392025068799385,0.9584367836278025
fixed_wing,"typical (wind .15, r x1.5)",position noise 2% r_min,vector_field,2000,True,0.8630742189903311,0.23088454018250246,0.7536412613907342,2.0290434796326737
fixed_wing,"typical (wind .15, r x1.5)",position noise 2% r_min,vector_field,2001,True,0.6908359694851136,0.2348058643132533,0.36678867281990013,1.680025232653164
fixed_wing,"typical (wind .15, r x1.5)",position noise 2% r_min,vector_field,2002,True,0.7481407163685613,0.2566540549425305,0.3023690592781552,1.5236498583288318
fixed_wing,"typical (wind .15, r x1.5)",position noise 2% r_min,vector_field,2003,True,0.34866671990773707,0.24926345851827253,0.26678370855928935,0.5362849871119445
fixed_wing,"typical (wind .15, r x1.5)",position noise 2% r_min,vector_field,2004,True,0.8950016504631084,0.23431885858460827,0.5315164905656177,2.284080531682719
fixed_wing,"typical (wind .15, r x1.5)",position noise 2% r_min,vector_field,2005,True,0.8675071299989877,0.29515758914562223,1.0760341587023556,1.540827824285866
fixed_wing,"typical (wind .15, r x1.5)",position noise 2% r_min,vector_field,2006,True,0.6111740378143264,0.25054324673012585,0.3253404821270085,1.1552499486512775
fixed_wing,"typical (wind .15, r x1.5)",position noise 2% r_min,vector_field,2007,True,0.9278013317101313,0.2194666773191281,0.7195448886967016,2.053567115601128
fixed_wing,"typical (wind .15, r x1.5)",position noise 2% r_min,vector_field,2008,True,1.5797231131921352,0.2585273407780514,0.3320364815726699,3.101868847456437
fixed_wing,"typical (wind .15, r x1.5)",position noise 2% r_min,vector_field,2009,True,0.34200421160671735,0.24378341885069432,0.30982605450207445,0.5879015005496407
fixed_wing,"typical (wind .15, r x1.5)",position noise 2% r_min,vector_field,2010,True,2.1445899608132297,0.22063486351273226,1.3552741322798196,4.720200944291155
fixed_wing,"typical (wind .15, r x1.5)",position noise 2% r_min,vector_field,2011,True,0.3503690753762897,0.19948887438032994,0.4283899724101943,0.5433647410133968
fixed_wing,"typical (wind .15, r x1.5)",position noise 2% r_min,lead_vf,2000,True,0.8084881264050878,0.4510607315825025,0.7428275474313839,1.7007668483191807
fixed_wing,"typical (wind .15, r x1.5)",position noise 2% r_min,lead_vf,2001,True,0.9822363295353601,0.4739264896382184,1.1402854112393033,1.6733135360446083
fixed_wing,"typical (wind .15, r x1.5)",position noise 2% r_min,lead_vf,2002,True,1.1192189322476542,0.5245074681687958,1.2494986432140114,1.5349888498534232
fixed_wing,"typical (wind .15, r x1.5)",position noise 2% r_min,lead_vf,2003,True,0.8303152772205589,0.48741937545953085,0.893311919679085,1.0754409020619042
fixed_wing,"typical (wind .15, r x1.5)",position noise 2% r_min,lead_vf,2004,True,0.9574070014777256,0.3351528069499791,1.2542197440506988,1.5322908395538564
fixed_wing,"typical (wind .15, r x1.5)",position noise 2% r_min,lead_vf,2005,True,0.940860381435054,0.44758939796462377,1.0861117283223662,1.7347481861486445
fixed_wing,"typical (wind .15, r x1.5)",position noise 2% r_min,lead_vf,2006,True,1.1017684194807902,0.5431772454283463,1.16500353925907,1.5636277067429742
fixed_wing,"typical (wind .15, r x1.5)",position noise 2% r_min,lead_vf,2007,True,1.1581277920163624,0.44617459463450515,1.355604852392955,1.9851586792904257
fixed_wing,"typical (wind .15, r x1.5)",position noise 2% r_min,lead_vf,2008,True,1.055433617151664,0.33784433573654854,1.2786633434390011,1.3120980013722852
fixed_wing,"typical (wind .15, r x1.5)",position noise 2% r_min,lead_vf,2009,True,0.8918401867246193,0.6536632592799503,0.873177363194099,1.4349581099416184
fixed_wing,"typical (wind .15, r x1.5)",position noise 2% r_min,lead_vf,2010,True,1.1765779788894177,0.4973912838606442,1.4118065068888208,1.6697364509148485
fixed_wing,"typical (wind .15, r x1.5)",position noise 2% r_min,lead_vf,2011,True,0.7141095552923996,0.3337962681348692,0.8744533146870698,1.206476249920742
fixed_wing,"typical (wind .15, r x1.5)",position noise 2% r_min,adaptive_vf,2000,True,0.7742668210722407,0.22416251978019622,0.7371071105786259,1.740134896719613
fixed_wing,"typical (wind .15, r x1.5)",position noise 2% r_min,adaptive_vf,2001,True,0.6704728348305473,0.24195797407554065,0.3793267959140154,1.6129169389970444
fixed_wing,"typical (wind .15, r x1.5)",position noise 2% r_min,adaptive_vf,2002,True,0.6811022213975233,0.25359396324137123,0.2806336231349307,1.3775803901660497
fixed_wing,"typical (wind .15, r x1.5)",position noise 2% r_min,adaptive_vf,2003,True,0.3491797179571259,0.25571436394089386,0.2778543327129824,0.5237523800804454
fixed_wing,"typical (wind .15, r x1.5)",position noise 2% r_min,adaptive_vf,2004,True,0.9216915018985358,0.2193729407589967,0.5684964227729125,2.3546525789666464
fixed_wing,"typical (wind .15, r x1.5)",position noise 2% r_min,adaptive_vf,2005,True,0.7751814222474399,0.2458715854819782,0.9461644463566042,1.427212430062473
fixed_wing,"typical (wind .15, r x1.5)",position noise 2% r_min,adaptive_vf,2006,True,0.584745759348031,0.23460963692831227,0.3495200497799253,1.0853590457433508
fixed_wing,"typical (wind .15, r x1.5)",position noise 2% r_min,adaptive_vf,2007,True,0.8868616538532746,0.21985107320961605,0.7394768001877889,1.912830831131051
fixed_wing,"typical (wind .15, r x1.5)",position noise 2% r_min,adaptive_vf,2008,True,1.4646470220508756,0.27214838834213206,0.3603896066142489,2.8693076394890102
fixed_wing,"typical (wind .15, r x1.5)",position noise 2% r_min,adaptive_vf,2009,True,0.32900213088439045,0.23848703620494224,0.3199784307172589,0.5327953804954563
fixed_wing,"typical (wind .15, r x1.5)",position noise 2% r_min,adaptive_vf,2010,True,2.1663586260674714,0.26246726714756446,1.3714130089956718,4.755657216169268
fixed_wing,"typical (wind .15, r x1.5)",position noise 2% r_min,adaptive_vf,2011,True,0.3452584974786498,0.1903691125070935,0.4235396499267485,0.5425801659408893
fixed_wing,"typical (wind .15, r x1.5)",position noise 2% r_min,carrot_chasing,2000,True,0.8954153910476894,0.21841904624211175,0.6070291703420202,2.320878866369153
fixed_wing,"typical (wind .15, r x1.5)",position noise 2% r_min,carrot_chasing,2001,True,1.1065260509171815,0.2170013157951821,0.7794427134978628,2.6943194296471473
fixed_wing,"typical (wind .15, r x1.5)",position noise 2% r_min,carrot_chasing,2002,True,1.3365325599898525,0.22971642698128913,0.6767948151096612,2.773344071211075
fixed_wing,"typical (wind .15, r x1.5)",position noise 2% r_min,carrot_chasing,2003,True,1.0810421207283232,0.244964429012711,0.5314647778845264,2.0665347603210305
fixed_wing,"typical (wind .15, r x1.5)",position noise 2% r_min,carrot_chasing,2004,True,1.0439886347324863,0.22695736673534522,0.7267799559704826,2.69195033017681
fixed_wing,"typical (wind .15, r x1.5)",position noise 2% r_min,carrot_chasing,2005,True,1.004832709878944,0.25841742761554437,0.796200382019143,2.5761245922118436
fixed_wing,"typical (wind .15, r x1.5)",position noise 2% r_min,carrot_chasing,2006,True,1.5104447431037133,0.23196277066290977,0.8001912526519291,3.0001329412025863
fixed_wing,"typical (wind .15, r x1.5)",position noise 2% r_min,carrot_chasing,2007,True,1.0994905984300574,0.21379472672581332,0.787405784391161,2.5375763775791977
fixed_wing,"typical (wind .15, r x1.5)",position noise 2% r_min,carrot_chasing,2008,True,1.3284053105541342,0.24701210872775498,0.710160079262456,2.5338848750135896
fixed_wing,"typical (wind .15, r x1.5)",position noise 2% r_min,carrot_chasing,2009,True,0.9738299875417322,0.23386470903700693,0.6688511327013502,2.2431893352730086
fixed_wing,"typical (wind .15, r x1.5)",position noise 2% r_min,carrot_chasing,2010,True,1.1940306694135663,0.18788627044458278,0.8443492553042086,2.6256937235293845
fixed_wing,"typical (wind .15, r x1.5)",position noise 2% r_min,carrot_chasing,2011,True,0.7981585115482822,0.19979875389025803,0.5393883606319967,2.033467474203277
fixed_wing,"typical (wind .15, r x1.5)",velocity noise 5%,pure_pursuit,2000,True,0.7197859584535768,0.5795226876216969,0.7778750534566959,1.0076878397837379
fixed_wing,"typical (wind .15, r x1.5)",velocity noise 5%,pure_pursuit,2001,True,0.927275207036908,0.550473155432972,1.0784188895276046,1.4464179866881057
fixed_wing,"typical (wind .15, r x1.5)",velocity noise 5%,pure_pursuit,2002,True,1.0651029385156854,0.7138479497973919,1.2151650667258098,1.2413128334735608
fixed_wing,"typical (wind .15, r x1.5)",velocity noise 5%,pure_pursuit,2003,True,0.8268766247662377,0.6885253834543555,0.8524980405132419,0.9541153465089135
fixed_wing,"typical (wind .15, r x1.5)",velocity noise 5%,pure_pursuit,2004,True,0.9045732451886527,0.5106462781729717,1.127047063881788,1.3423377844756996
fixed_wing,"typical (wind .15, r x1.5)",velocity noise 5%,pure_pursuit,2005,True,0.828694838296935,0.5895889529998315,0.9817434635067097,1.1419318822809224
fixed_wing,"typical (wind .15, r x1.5)",velocity noise 5%,pure_pursuit,2006,True,0.9480206749672961,0.6145213568430999,1.0441105820405356,1.1815102592965823
fixed_wing,"typical (wind .15, r x1.5)",velocity noise 5%,pure_pursuit,2007,True,0.9652220068555806,0.5827555979988972,1.1537248958376352,1.394213000204167
fixed_wing,"typical (wind .15, r x1.5)",velocity noise 5%,pure_pursuit,2008,True,0.9224979416393544,0.48875180648671496,1.0712303712760796,1.118613872247697
fixed_wing,"typical (wind .15, r x1.5)",velocity noise 5%,pure_pursuit,2009,True,0.8399382290551954,0.724487935380172,0.8535461794356166,1.1105017223694293
fixed_wing,"typical (wind .15, r x1.5)",velocity noise 5%,pure_pursuit,2010,True,0.8954072160761332,0.5154520248055431,1.0919331360159392,1.091576806826088
fixed_wing,"typical (wind .15, r x1.5)",velocity noise 5%,pure_pursuit,2011,True,0.6866978495005369,0.4534500970944829,0.8406705029798287,0.9590838803739105
fixed_wing,"typical (wind .15, r x1.5)",velocity noise 5%,l1,2000,True,0.724972618011814,0.5793431430192956,0.7765504557334231,1.0426144775674007
fixed_wing,"typical (wind .15, r x1.5)",velocity noise 5%,l1,2001,True,0.925459386240485,0.5520480480394679,1.076502516782878,1.4423784121435537
fixed_wing,"typical (wind .15, r x1.5)",velocity noise 5%,l1,2002,True,1.0694142515971101,0.7143844884335692,1.210370986642887,1.2681773537072423
fixed_wing,"typical (wind .15, r x1.5)",velocity noise 5%,l1,2003,True,0.8297023782245917,0.6881807344907486,0.8516808800898925,0.9656794073573617
fixed_wing,"typical (wind .15, r x1.5)",velocity noise 5%,l1,2004,True,0.9054157838350604,0.510812504427542,1.124560153560789,1.3526200510741555
fixed_wing,"typical (wind .15, r x1.5)",velocity noise 5%,l1,2005,True,0.8308975219670034,0.5898888414917218,0.9828257934557422,1.150964384790154
fixed_wing,"typical (wind .15, r x1.5)",velocity noise 5%,l1,2006,True,0.9583591085466673,0.61367425770984,1.0458560464684705,1.215588227569441
fixed_wing,"typical (wind .15, r x1.5)",velocity noise 5%,l1,2007,True,0.9603230315767639,0.5838770443991685,1.1464025120720411,1.3853671971059136
fixed_wing,"typical (wind .15, r x1.5)",velocity noise 5%,l1,2008,True,0.9178701465014584,0.488519447921992,1.069160975204054,1.107467736469418
fixed_wing,"typical (wind .15, r x1.5)",velocity noise 5%,l1,2009,True,0.8440008299273989,0.7233300704782087,0.8548568548260749,1.1303804795118828
fixed_wing,"typical (wind .15, r x1.5)",velocity noise 5%,l1,2010,True,0.893474725333673,0.5169395000517142,1.0829133636591899,1.1027108998926833
fixed_wing,"typical (wind .15, r x1.5)",velocity noise 5%,l1,2011,True,0.6886690567259978,0.4546903559279972,0.8400591692803814,0.9700291119880402
fixed_wing,"typical (wind .15, r x1.5)",velocity noise 5%,vector_field,2000,True,1.003198255307632,0.2753523437189572,0.908110690159614,2.317106015447539
fixed_wing,"typical (wind .15, r x1.5)",velocity noise 5%,vector_field,2001,True,0.877843566139844,0.26337258037964223,0.46886938911400905,2.146406299835251
fixed_wing,"typical (wind .15, r x1.5)",velocity noise 5%,vector_field,2002,True,0.9761971907630229,0.3285012523187775,0.3673672899745539,1.989984885688617
fixed_wing,"typical (wind .15, r x1.5)",velocity noise 5%,vector_field,2003,True,0.4596465777985228,0.3053352624512914,0.3040890040309337,0.7548515487924758
fixed_wing,"typical (wind .15, r x1.5)",velocity noise 5%,vector_field,2004,True,0.93297616041989,0.2850766865174875,0.6904422003009797,2.267436733611606
fixed_wing,"typical (wind .15, r x1.5)",velocity noise 5%,vector_field,2005,True,0.9544583813570261,0.34444592097468785,1.1615914784075207,1.7279780402664344
fixed_wing,"typical (wind .15, r x1.5)",velocity noise 5%,vector_field,2006,True,0.7178130585354638,0.28514441611583585,0.3825347660654895,1.3577141444088734
fixed_wing,"typical (wind .15, r x1.5)",velocity noise 5%,vector_field,2007,True,1.117052410153199,0.27284723501124464,0.7675318438391544,2.533358245600592
fixed_wing,"typical (wind .15, r x1.5)",velocity noise 5%,vector_field,2008,True,1.4773097616998017,0.30399449561855163,0.3959809376225969,2.877440541091581
fixed_wing,"typical (wind .15, r x1.5)",velocity noise 5%,vector_field,2009,True,0.45444231009217323,0.3010697253791158,0.37513842661973146,0.847931031186181
fixed_wing,"typical (wind .15, r x1.5)",velocity noise 5%,vector_field,2010,True,2.2496111360895963,0.2502235984674647,1.5056708527044718,4.87259377478279
fixed_wing,"typical (wind .15, r x1.5)",velocity noise 5%,vector_field,2011,True,0.4245844220779614,0.2639657496164816,0.4824004780509318,0.6989335916750186
fixed_wing,"typical (wind .15, r x1.5)",velocity noise 5%,lead_vf,2000,True,0.8097694315562385,0.5037452334041068,0.8411489949800248,1.481517871169177
fixed_wing,"typical (wind .15, r x1.5)",velocity noise 5%,lead_vf,2001,True,1.0876015816075346,0.48692051030994743,1.2498325186414885,1.9131697660675995
fixed_wing,"typical (wind .15, r x1.5)",velocity noise 5%,lead_vf,2002,True,1.262125662869424,0.6298283023428844,1.5103208134478971,1.5200514712274666
fixed_wing,"typical (wind .15, r x1.5)",velocity noise 5%,lead_vf,2003,True,0.9688407653061432,0.6081337323541375,1.0809994308911768,1.170404046011111
fixed_wing,"typical (wind .15, r x1.5)",velocity noise 5%,lead_vf,2004,True,1.0986246016407841,0.4495974375513802,1.4106100706766225,1.761018751548472
fixed_wing,"typical (wind .15, r x1.5)",velocity noise 5%,lead_vf,2005,True,0.9865461072206755,0.5446107840778682,1.1981517173799432,1.5842125492034684
fixed_wing,"typical (wind .15, r x1.5)",velocity noise 5%,lead_vf,2006,True,1.1625454464155103,0.5962830985368452,1.31633665091805,1.5090369678642248
fixed_wing,"typical (wind .15, r x1.5)",velocity noise 5%,lead_vf,2007,True,1.2850847916893866,0.46844058995163784,1.6643882692227743,1.9389936535049621
fixed_wing,"typical (wind .15, r x1.5)",velocity noise 5%,lead_vf,2008,True,1.1407957250483054,0.4365624904103196,1.4407661240865366,1.286165853578553
fixed_wing,"typical (wind .15, r x1.5)",velocity noise 5%,lead_vf,2009,True,0.9874321900020646,0.7604367583308013,1.0055043830397263,1.4746195163702522
fixed_wing,"typical (wind .15, r x1.5)",velocity noise 5%,lead_vf,2010,True,1.2300003294977773,0.5684188273376537,1.5386346018399926,1.5498477579232708
fixed_wing,"typical (wind .15, r x1.5)",velocity noise 5%,lead_vf,2011,True,0.7643631024676638,0.39587852672920926,0.9442516924241562,1.2272725691367143
fixed_wing,"typical (wind .15, r x1.5)",velocity noise 5%,adaptive_vf,2000,True,0.966881195575224,0.29148078879065825,0.8918262529582079,2.1934697829772185
fixed_wing,"typical (wind .15, r x1.5)",velocity noise 5%,adaptive_vf,2001,True,0.9263831174118341,0.2968616764872221,0.5083301065962063,2.245081514292595
fixed_wing,"typical (wind .15, r x1.5)",velocity noise 5%,adaptive_vf,2002,True,0.9789492668474207,0.3811210359340255,0.37827657455935165,1.9799774008973552
fixed_wing,"typical (wind .15, r x1.5)",velocity noise 5%,adaptive_vf,2003,True,0.5201666895018656,0.355143947485744,0.3252720043425257,0.8600496181672713
fixed_wing,"typical (wind .15, r x1.5)",velocity noise 5%,adaptive_vf,2004,True,0.9807681397886374,0.306517715166446,0.7595669021359747,2.347287449355512
fixed_wing,"typical (wind .15, r x1.5)",velocity noise 5%,adaptive_vf,2005,True,0.9409803152708942,0.3283896647162726,1.143647038259296,1.7195103254802464
fixed_wing,"typical (wind .15, r x1.5)",velocity noise 5%,adaptive_vf,2006,True,0.7369673419482939,0.3017547672343471,0.38103324141523576,1.3939547780816135
fixed_wing,"typical (wind .15, r x1.5)",velocity noise 5%,adaptive_vf,2007,True,1.1183343759776323,0.3121679625251691,0.7788954458892802,2.5084561608923917
fixed_wing,"typical (wind .15, r x1.5)",velocity noise 5%,adaptive_vf,2008,True,1.6013167659924528,0.3613900096437506,0.4541634328084355,3.1091707830993247
fixed_wing,"typical (wind .15, r x1.5)",velocity noise 5%,adaptive_vf,2009,True,0.48205341524074413,0.3341576878422104,0.4051777822903575,0.8748377758867406
fixed_wing,"typical (wind .15, r x1.5)",velocity noise 5%,adaptive_vf,2010,True,2.2900783606614348,0.2930649172163044,1.5656949576166703,4.930569313605784
fixed_wing,"typical (wind .15, r x1.5)",velocity noise 5%,adaptive_vf,2011,True,0.445395735974823,0.2904535631500018,0.4777746297229131,0.7627589621913909
fixed_wing,"typical (wind .15, r x1.5)",velocity noise 5%,carrot_chasing,2000,True,0.8433648966671593,0.2613759349078319,0.6118123166960941,2.12532090935953
fixed_wing,"typical (wind .15, r x1.5)",velocity noise 5%,carrot_chasing,2001,True,1.0351231840991029,0.2539364958784304,0.7756054645960585,2.459054126696102
fixed_wing,"typical (wind .15, r x1.5)",velocity noise 5%,carrot_chasing,2002,True,1.2339256796345046,0.2919405930861554,0.6189947766829579,2.539165680759003
fixed_wing,"typical (wind .15, r x1.5)",velocity noise 5%,carrot_chasing,2003,True,0.9986315774558234,0.29299078452913224,0.5123694496430532,1.88219501407939
fixed_wing,"typical (wind .15, r x1.5)",velocity noise 5%,carrot_chasing,2004,True,0.955695901925633,0.2927767826263872,0.6942243972602703,2.3947021379750235
fixed_wing,"typical (wind .15, r x1.5)",velocity noise 5%,carrot_chasing,2005,True,0.9610173897021553,0.3225908793466691,0.7902537903718768,2.3876680805276504
fixed_wing,"typical (wind .15, r x1.5)",velocity noise 5%,carrot_chasing,2006,True,1.3977175749795616,0.29318646007820576,0.7491410761793714,2.7577352954088528
fixed_wing,"typical (wind .15, r x1.5)",velocity noise 5%,carrot_chasing,2007,True,0.9893270474150094,0.2713615028680071,0.701389662450704,2.259608312512215
fixed_wing,"typical (wind .15, r x1.5)",velocity noise 5%,carrot_chasing,2008,True,1.1512115163134318,0.3143935357474175,0.6371279119650323,2.1645779290910303
fixed_wing,"typical (wind .15, r x1.5)",velocity noise 5%,carrot_chasing,2009,True,0.93679184137757,0.2918530954263552,0.6662794648016178,2.1159346591843096
fixed_wing,"typical (wind .15, r x1.5)",velocity noise 5%,carrot_chasing,2010,True,1.038732696334077,0.2285388738128687,0.7747148491757054,2.234554639853932
fixed_wing,"typical (wind .15, r x1.5)",velocity noise 5%,carrot_chasing,2011,True,0.7575859697654862,0.25807458406917716,0.5276104177099018,1.8823148217470407
fixed_wing,"typical (wind .15, r x1.5)",sensor delay 0.2 s,pure_pursuit,2000,True,0.7069502942696092,0.6585655268761748,0.6897044655495815,0.9228658163423921
fixed_wing,"typical (wind .15, r x1.5)",sensor delay 0.2 s,pure_pursuit,2001,True,0.8901918702450405,0.6324788264574142,0.9445210765569094,1.3972400132383584
fixed_wing,"typical (wind .15, r x1.5)",sensor delay 0.2 s,pure_pursuit,2002,True,0.8117264980623738,0.7277994619596313,0.7920029724918856,0.9714546409694371
fixed_wing,"typical (wind .15, r x1.5)",sensor delay 0.2 s,pure_pursuit,2003,True,0.6772098351555911,0.6173245627218416,0.6963635770284363,0.724638929948452
fixed_wing,"typical (wind .15, r x1.5)",sensor delay 0.2 s,pure_pursuit,2004,True,0.8171294373566206,0.5878259735916422,1.0153624015280829,0.9723709728333992
fixed_wing,"typical (wind .15, r x1.5)",sensor delay 0.2 s,pure_pursuit,2005,True,0.8391428391289173,0.6274886569066808,1.002934734524843,1.0562447564226716
fixed_wing,"typical (wind .15, r x1.5)",sensor delay 0.2 s,pure_pursuit,2006,True,0.7934834214155032,0.6247600436178115,0.7927906694730736,1.0062906165700363
fixed_wing,"typical (wind .15, r x1.5)",sensor delay 0.2 s,pure_pursuit,2007,True,0.9308490051315251,0.7424003398230593,0.9353363157829503,1.365422823082677
fixed_wing,"typical (wind .15, r x1.5)",sensor delay 0.2 s,pure_pursuit,2008,True,0.8808239114827889,0.5167994884435143,0.8396463044128076,1.270689463087603
fixed_wing,"typical (wind .15, r x1.5)",sensor delay 0.2 s,pure_pursuit,2009,True,0.7771948403335005,0.7528678678294454,0.7380303209549649,0.9258409640817227
fixed_wing,"typical (wind .15, r x1.5)",sensor delay 0.2 s,pure_pursuit,2010,True,0.8490192006279825,0.5211399883902154,0.942779103374831,1.1980750302939465
fixed_wing,"typical (wind .15, r x1.5)",sensor delay 0.2 s,pure_pursuit,2011,True,0.6923996124010268,0.4915161851891015,0.860434518626023,0.8615862018576225
fixed_wing,"typical (wind .15, r x1.5)",sensor delay 0.2 s,l1,2000,True,0.7094885512203939,0.6590850154510892,0.688172184867916,0.940808689465004
fixed_wing,"typical (wind .15, r x1.5)",sensor delay 0.2 s,l1,2001,True,0.8860266775269278,0.6320275817567195,0.9456878813707215,1.3774517747595585
fixed_wing,"typical (wind .15, r x1.5)",sensor delay 0.2 s,l1,2002,True,0.813799489281809,0.7291533267093295,0.7888872863838784,0.9819091425822086
fixed_wing,"typical (wind .15, r x1.5)",sensor delay 0.2 s,l1,2003,True,0.6788742914778855,0.6175353640976619,0.698625751020888,0.7271276395255514
fixed_wing,"typical (wind .15, r x1.5)",sensor delay 0.2 s,l1,2004,True,0.8173638344502744,0.5889152939410826,1.016812399019387,0.9681747881320774
fixed_wing,"typical (wind .15, r x1.5)",sensor delay 0.2 s,l1,2005,True,0.8393914155850949,0.6274583429226667,1.0015558344675453,1.0622529330907167
fixed_wing,"typical (wind .15, r x1.5)",sensor delay 0.2 s,l1,2006,True,0.7991607899710207,0.6228894122694228,0.7956819849582487,1.0234439908421067
fixed_wing,"typical (wind .15, r x1.5)",sensor delay 0.2 s,l1,2007,True,0.920830809085363,0.7450473487070103,0.9168628305333855,1.3455099791604335
fixed_wing,"typical (wind .15, r x1.5)",sensor delay 0.2 s,l1,2008,True,0.8676128852638265,0.5174503705608536,0.8376483317496484,1.2362942471832077
fixed_wing,"typical (wind .15, r x1.5)",sensor delay 0.2 s,l1,2009,True,0.7784929170201791,0.752450913790089,0.739162343880099,0.9314834246471521
fixed_wing,"typical (wind .15, r x1.5)",sensor delay 0.2 s,l1,2010,True,0.8452458664948052,0.5220751634526982,0.9303194591318431,1.205189502530485
fixed_wing,"typical (wind .15, r x1.5)",sensor delay 0.2 s,l1,2011,True,0.6939335820535366,0.49216265299396866,0.86152160505459,0.8667750184271577
fixed_wing,"typical (wind .15, r x1.5)",sensor delay 0.2 s,vector_field,2000,True,2.7942897342081743,0.700814367646226,3.579452767063443,4.740392894383692
fixed_wing,"typical (wind .15, r x1.5)",sensor delay 0.2 s,vector_field,2001,True,2.2288015375803965,0.6069450234469924,1.5504090484979998,5.1914893301027405
fixed_wing,"typical (wind .15, r x1.5)",sensor delay 0.2 s,vector_field,2002,True,2.395175633078699,0.40424165860119093,1.9825980433264694,4.279714087896431
fixed_wing,"typical (wind .15, r x1.5)",sensor delay 0.2 s,vector_field,2003,True,0.5780702858887479,0.4623305019425923,0.5259488265919302,0.7726513161386219
fixed_wing,"typical (wind .15, r x1.5)",sensor delay 0.2 s,vector_field,2004,True,3.501058887736694,0.7536443707134157,2.899596194902961,8.141232931531768
fixed_wing,"typical (wind .15, r x1.5)",sensor delay 0.2 s,vector_field,2005,True,2.2781775999560625,0.7523860164713605,3.0551191568674176,3.495063796178703
fixed_wing,"typical (wind .15, r x1.5)",sensor delay 0.2 s,vector_field,2006,True,1.9123738519913873,0.581438634024748,1.0571240122301786,3.6144352744926485
fixed_wing,"typical (wind .15, r x1.5)",sensor delay 0.2 s,vector_field,2007,True,1.220679067689513,0.5805886400405509,1.0035710534034528,2.498399643039034
fixed_wing,"typical (wind .15, r x1.5)",sensor delay 0.2 s,vector_field,2008,True,3.83327496325582,0.8256367147269639,1.1119018354803287,7.311256872874834
fixed_wing,"typical (wind .15, r x1.5)",sensor delay 0.2 s,vector_field,2009,True,0.8498329531541996,0.538212384786167,0.749319221011642,1.5645366939309904
fixed_wing,"typical (wind .15, r x1.5)",sensor delay 0.2 s,vector_field,2010,True,4.311027805451924,0.8314151401749643,3.608214217436926,8.512179329000874
fixed_wing,"typical (wind .15, r x1.5)",sensor delay 0.2 s,vector_field,2011,True,0.8952428547928764,0.3696674183682452,1.2332120103424526,1.2442520501572154
fixed_wing,"typical (wind .15, r x1.5)",sensor delay 0.2 s,lead_vf,2000,True,0.7438254405748509,0.5037069987071534,0.7112983179838306,1.4054271559783933
fixed_wing,"typical (wind .15, r x1.5)",sensor delay 0.2 s,lead_vf,2001,True,0.9177631780317792,0.5274080146471394,1.1599181288536882,1.264760472742455
fixed_wing,"typical (wind .15, r x1.5)",sensor delay 0.2 s,lead_vf,2002,True,0.9123865398497432,0.4927725941259192,1.051726693153371,1.146222137188221
fixed_wing,"typical (wind .15, r x1.5)",sensor delay 0.2 s,lead_vf,2003,True,0.7463832742743369,0.49413252756451276,0.8583646391198946,0.8401629766588824
fixed_wing,"typical (wind .15, r x1.5)",sensor delay 0.2 s,lead_vf,2004,True,0.8597304052869863,0.40681767671237007,1.1720026391413698,1.1293153696426323
fixed_wing,"typical (wind .15, r x1.5)",sensor delay 0.2 s,lead_vf,2005,True,0.8871707832065766,0.5078818047812074,1.0896495838301912,1.3649932415040782
fixed_wing,"typical (wind .15, r x1.5)",sensor delay 0.2 s,lead_vf,2006,True,0.9770063133734376,0.5387309026723003,1.065688639474556,1.301965147576252
fixed_wing,"typical (wind .15, r x1.5)",sensor delay 0.2 s,lead_vf,2007,True,1.0770883910204962,0.5275358223449931,1.2888387742399585,1.698774980202639
fixed_wing,"typical (wind .15, r x1.5)",sensor delay 0.2 s,lead_vf,2008,True,0.8995082753972486,0.32746525850084535,1.0611985843473888,1.143618011896194
fixed_wing,"typical (wind .15, r x1.5)",sensor delay 0.2 s,lead_vf,2009,True,0.8064376952743951,0.6633661790597516,0.7855426048927435,1.1859266749034307
fixed_wing,"typical (wind .15, r x1.5)",sensor delay 0.2 s,lead_vf,2010,True,1.0700470704790432,0.453162021559685,1.305706786227665,1.4626449329814952
fixed_wing,"typical (wind .15, r x1.5)",sensor delay 0.2 s,lead_vf,2011,True,0.6925840566443314,0.3818694336513362,0.8632210975874428,1.0633767914649257
fixed_wing,"typical (wind .15, r x1.5)",sensor delay 0.2 s,adaptive_vf,2000,True,2.2108847649750167,0.5299906835397943,2.5529546599710318,4.318858572120006
fixed_wing,"typical (wind .15, r x1.5)",sensor delay 0.2 s,adaptive_vf,2001,True,1.6181651021747545,0.45043017094001414,1.109283959209265,3.786664349604362
fixed_wing,"typical (wind .15, r x1.5)",sensor delay 0.2 s,adaptive_vf,2002,True,1.7120893015546819,0.46905290181624776,1.2247027951058,3.180818048315662
fixed_wing,"typical (wind .15, r x1.5)",sensor delay 0.2 s,adaptive_vf,2003,True,0.53093434536321,0.3716638623549397,0.48088905645345276,0.7516216573123359
fixed_wing,"typical (wind .15, r x1.5)",sensor delay 0.2 s,adaptive_vf,2004,True,1.8238844847814668,0.4703133131752081,1.6123605648037582,4.177217831449907
fixed_wing,"typical (wind .15, r x1.5)",sensor delay 0.2 s,adaptive_vf,2005,True,1.1733806417844452,0.4822366395434416,1.467063121681293,1.9832920438512165
fixed_wing,"typical (wind .15, r x1.5)",sensor delay 0.2 s,adaptive_vf,2006,True,1.5406279756189325,0.37139044384726266,0.7358408314020852,2.9878787249681023
fixed_wing,"typical (wind .15, r x1.5)",sensor delay 0.2 s,adaptive_vf,2007,True,1.5150938596144765,0.46515485855788097,1.1071721074047705,3.3433221371146646
fixed_wing,"typical (wind .15, r x1.5)",sensor delay 0.2 s,adaptive_vf,2008,True,2.360677453112586,0.45190522629440044,0.7353850076861762,4.549929513689092
fixed_wing,"typical (wind .15, r x1.5)",sensor delay 0.2 s,adaptive_vf,2009,True,0.7111214261262264,0.36493055734619106,0.5899573742326968,1.4238581272042465
fixed_wing,"typical (wind .15, r x1.5)",sensor delay 0.2 s,adaptive_vf,2010,True,4.183085936979183,0.6299311429109866,3.758599800535569,8.01728821140757
fixed_wing,"typical (wind .15, r x1.5)",sensor delay 0.2 s,adaptive_vf,2011,True,0.7754706863205645,0.2901734807827855,0.9471682873476669,1.3792192612068266
fixed_wing,"typical (wind .15, r x1.5)",sensor delay 0.2 s,carrot_chasing,2000,True,0.8315470340025894,0.4236503643972938,0.7016026962956015,1.875135809177476
fixed_wing,"typical (wind .15, r x1.5)",sensor delay 0.2 s,carrot_chasing,2001,True,1.1748356468504335,0.4042892907386562,0.7969699809418274,2.8073019405279274
fixed_wing,"typical (wind .15, r x1.5)",sensor delay 0.2 s,carrot_chasing,2002,True,1.3147365296615743,0.33858977627952735,0.8549364184232504,2.5770811060970114
fixed_wing,"typical (wind .15, r x1.5)",sensor delay 0.2 s,carrot_chasing,2003,True,1.1382492385833898,0.43261989702633896,0.6545969571677214,2.082700510148667
fixed_wing,"typical (wind .15, r x1.5)",sensor delay 0.2 s,carrot_chasing,2004,True,0.9714968294539944,0.34369146567767556,0.766678648557891,2.3507284978570024
fixed_wing,"typical (wind .15, r x1.5)",sensor delay 0.2 s,carrot_chasing,2005,True,0.9306193323857628,0.48995719546431515,0.8434893007187332,2.0646076801494235
fixed_wing,"typical (wind .15, r x1.5)",sensor delay 0.2 s,carrot_chasing,2006,True,1.489131584305234,0.4392857697559042,0.9270579783537003,2.835535531722494
fixed_wing,"typical (wind .15, r x1.5)",sensor delay 0.2 s,carrot_chasing,2007,True,1.1524088431115833,0.43625654105729134,0.9782277919790903,2.450246456709128
fixed_wing,"typical (wind .15, r x1.5)",sensor delay 0.2 s,carrot_chasing,2008,True,1.2358456331936805,0.506123003303899,0.9309103976915378,2.1150949657956004
fixed_wing,"typical (wind .15, r x1.5)",sensor delay 0.2 s,carrot_chasing,2009,True,1.0031290859710793,0.37751338911567883,0.7782984639921118,2.1860566704630737
fixed_wing,"typical (wind .15, r x1.5)",sensor delay 0.2 s,carrot_chasing,2010,True,1.4255019773971902,0.4929445539515837,1.2061080460165368,2.842931868120322
fixed_wing,"typical (wind .15, r x1.5)",sensor delay 0.2 s,carrot_chasing,2011,True,0.8595836390419084,0.4138492318751451,0.6848987213202727,1.9750285174512214
fixed_wing,"typical (wind .15, r x1.5)",gusts x3 (std 75% of wind),pure_pursuit,2000,True,1.620369938642049,1.6560347670923412,1.5111408792259955,1.7771553954549746
fixed_wing,"typical (wind .15, r x1.5)",gusts x3 (std 75% of wind),pure_pursuit,2001,True,1.9103395266275218,1.751595070855463,2.1000238394250283,1.9596937382670123
fixed_wing,"typical (wind .15, r x1.5)",gusts x3 (std 75% of wind),pure_pursuit,2002,True,1.7515119124838519,1.7246619664785623,1.4789054227314948,2.232616954852771
fixed_wing,"typical (wind .15, r x1.5)",gusts x3 (std 75% of wind),pure_pursuit,2003,True,1.6466314080779862,1.4220096901921389,1.8582629476861041,1.5658232128645184
fixed_wing,"typical (wind .15, r x1.5)",gusts x3 (std 75% of wind),pure_pursuit,2004,True,1.7579251841951666,1.4455317497724243,2.0943557303375435,1.870655953075726
fixed_wing,"typical (wind .15, r x1.5)",gusts x3 (std 75% of wind),pure_pursuit,2005,True,1.8429360839277549,1.4932727473807161,2.187590317188708,2.0333787588453576
fixed_wing,"typical (wind .15, r x1.5)",gusts x3 (std 75% of wind),pure_pursuit,2006,True,2.037855907438918,1.9999032408100799,2.206460160528222,1.7731329369027558
fixed_wing,"typical (wind .15, r x1.5)",gusts x3 (std 75% of wind),pure_pursuit,2007,True,2.531824771762159,1.8355043912361328,3.1140041261969307,2.9880797795681047
fixed_wing,"typical (wind .15, r x1.5)",gusts x3 (std 75% of wind),pure_pursuit,2008,True,3.0855940416309426,1.325559128057402,2.6671212811356684,4.957307085356033
fixed_wing,"typical (wind .15, r x1.5)",gusts x3 (std 75% of wind),pure_pursuit,2009,True,1.909890435428301,1.9632876604059748,1.8580826376468023,1.851516759477143
fixed_wing,"typical (wind .15, r x1.5)",gusts x3 (std 75% of wind),pure_pursuit,2010,True,2.209132972860034,1.3913183854054778,2.668529548805528,2.568614668721124
fixed_wing,"typical (wind .15, r x1.5)",gusts x3 (std 75% of wind),pure_pursuit,2011,True,1.550359401252595,1.2619918413165359,1.9385338264270582,1.4319224768982153
fixed_wing,"typical (wind .15, r x1.5)",gusts x3 (std 75% of wind),l1,2000,True,1.6250323651325038,1.652852539108977,1.5067526677223673,1.8353802361093359
fixed_wing,"typical (wind .15, r x1.5)",gusts x3 (std 75% of wind),l1,2001,True,1.9052543346586068,1.749852810839652,2.090664585017716,1.9540840461699125
fixed_wing,"typical (wind .15, r x1.5)",gusts x3 (std 75% of wind),l1,2002,True,1.7469422854809302,1.7246140846951712,1.4609625458873885,2.239415897090613
fixed_wing,"typical (wind .15, r x1.5)",gusts x3 (std 75% of wind),l1,2003,True,1.6451329705305766,1.4233633100712684,1.8477505555363118,1.5792946141094657
fixed_wing,"typical (wind .15, r x1.5)",gusts x3 (std 75% of wind),l1,2004,True,1.7442416240730598,1.4446282131061392,2.0600808439947467,1.8809463635489532
fixed_wing,"typical (wind .15, r x1.5)",gusts x3 (std 75% of wind),l1,2005,True,1.84386367749435,1.4919128383827571,2.1869611440904384,2.047552719015983
fixed_wing,"typical (wind .15, r x1.5)",gusts x3 (std 75% of wind),l1,2006,True,2.0392298771351935,2.00195153025763,2.186358368122114,1.8181187345480498
fixed_wing,"typical (wind .15, r x1.5)",gusts x3 (std 75% of wind),l1,2007,True,2.4384600260251093,1.8430382755995294,2.925841410698841,2.8965794925842996
fixed_wing,"typical (wind .15, r x1.5)",gusts x3 (std 75% of wind),l1,2008,True,2.959608781689943,1.32618092098782,2.544922683486931,4.754034031866006
fixed_wing,"typical (wind .15, r x1.5)",gusts x3 (std 75% of wind),l1,2009,True,1.908831326232278,1.9542311024204748,1.8524487344162905,1.8872127823229332
fixed_wing,"typical (wind .15, r x1.5)",gusts x3 (std 75% of wind),l1,2010,True,2.2041500895397457,1.3972868606258817,2.655439838836579,2.5657545741582304
fixed_wing,"typical (wind .15, r x1.5)",gusts x3 (std 75% of wind),l1,2011,True,1.5495659017856438,1.2642973699488425,1.9336587213627048,1.4372028188324577
fixed_wing,"typical (wind .15, r x1.5)",gusts x3 (std 75% of wind),vector_field,2000,True,0.9904245415539625,0.5368628977883151,0.9787700295697696,1.9691472770308192
fixed_wing,"typical (wind .15, r x1.5)",gusts x3 (std 75% of wind),vector_field,2001,True,2.803521347884888,0.5754150340035794,3.0068455766536046,5.558798219184706
fixed_wing,"typical (wind .15, r x1.5)",gusts x3 (std 75% of wind),vector_field,2002,True,1.2549340843244627,0.5251415815851823,0.8669860608878897,2.318546959072736
fixed_wing,"typical (wind .15, r x1.5)",gusts x3 (std 75% of wind),vector_field,2003,True,1.1513773014544626,0.5587860606844085,0.6727182845920143,2.037729473306366
fixed_wing,"typical (wind .15, r x1.5)",gusts x3 (std 75% of wind),vector_field,2004,True,2.6964398177831606,0.5519279850926418,4.008413766837069,3.163686393150414
fixed_wing,"typical (wind .15, r x1.5)",gusts x3 (std 75% of wind),vector_field,2005,True,1.8956716745701798,0.7934186201313252,2.5740342952758843,2.6706585547058883
fixed_wing,"typical (wind .15, r x1.5)",gusts x3 (std 75% of wind),vector_field,2006,True,1.2120658882109165,0.7804174486579228,1.4547952767164756,1.284117446493221
fixed_wing,"typical (wind .15, r x1.5)",gusts x3 (std 75% of wind),vector_field,2007,True,2.464369858387668,0.7688840459458132,2.9804724007329515,4.183347560332754
fixed_wing,"typical (wind .15, r x1.5)",gusts x3 (std 75% of wind),vector_field,2008,True,4.958870129791663,0.5083505876821556,2.3928636985270906,9.299296023428552
fixed_wing,"typical (wind .15, r x1.5)",gusts x3 (std 75% of wind),vector_field,2009,True,0.6662515356540138,0.5784335432126319,0.7024773439491132,0.8212363861564164
fixed_wing,"typical (wind .15, r x1.5)",gusts x3 (std 75% of wind),vector_field,2010,True,5.230694402479311,0.5402796735190603,5.534380416538278,9.145728524205982
fixed_wing,"typical (wind .15, r x1.5)",gusts x3 (std 75% of wind),vector_field,2011,True,0.9089413437788316,0.4677122482828534,1.2080064855692223,1.2731205508433576
fixed_wing,"typical (wind .15, r x1.5)",gusts x3 (std 75% of wind),lead_vf,2000,True,1.379541694220891,1.2703817710891387,1.3274561556836089,1.8847228598690522
fixed_wing,"typical (wind .15, r x1.5)",gusts x3 (std 75% of wind),lead_vf,2001,True,1.7197152746209947,1.3584730261179683,2.1124742764194924,1.7829240713039005
fixed_wing,"typical (wind .15, r x1.5)",gusts x3 (std 75% of wind),lead_vf,2002,True,1.5651014867690842,1.2403501743972336,1.5939764503073603,1.9557715632194712
fixed_wing,"typical (wind .15, r x1.5)",gusts x3 (std 75% of wind),lead_vf,2003,True,1.4998757174213646,1.278793764478501,1.6230782811993851,1.5743694229652936
fixed_wing,"typical (wind .15, r x1.5)",gusts x3 (std 75% of wind),lead_vf,2004,True,1.809778274058814,1.0647095998110025,2.3874576017102878,2.2785031858129505
fixed_wing,"typical (wind .15, r x1.5)",gusts x3 (std 75% of wind),lead_vf,2005,True,1.5407193054633086,1.1746805008674457,1.7875977469705369,2.0529022559758263
fixed_wing,"typical (wind .15, r x1.5)",gusts x3 (std 75% of wind),lead_vf,2006,True,1.9651942611555313,1.618186560250667,2.2629629206209265,1.8857025104648715
fixed_wing,"typical (wind .15, r x1.5)",gusts x3 (std 75% of wind),lead_vf,2007,True,2.670891255658287,1.4633313545868698,3.569573927152056,3.2879279247092574
fixed_wing,"typical (wind .15, r x1.5)",gusts x3 (std 75% of wind),lead_vf,2008,True,3.3298804118502243,0.9858187703804759,3.1462730146475852,5.254517917295865
fixed_wing,"typical (wind .15, r x1.5)",gusts x3 (std 75% of wind),lead_vf,2009,True,1.6466332122509304,1.6971856787019082,1.4827742901170897,1.8238495634747278
fixed_wing,"typical (wind .15, r x1.5)",gusts x3 (std 75% of wind),lead_vf,2010,True,1.8506569692579624,1.0659158011154157,2.205634825723509,2.353287667040276
fixed_wing,"typical (wind .15, r x1.5)",gusts x3 (std 75% of wind),lead_vf,2011,True,1.3392192773641276,1.023060691496536,1.689111178229533,1.419152540025296
fixed_wing,"typical (wind .15, r x1.5)",gusts x3 (std 75% of wind),adaptive_vf,2000,True,0.8634468597526058,0.5622272711657752,0.7752976038509382,1.7070328678757836
fixed_wing,"typical (wind .15, r x1.5)",gusts x3 (std 75% of wind),adaptive_vf,2001,True,2.8892862588472346,0.7146701577461341,3.081724003554508,5.71005919506514
fixed_wing,"typical (wind .15, r x1.5)",gusts x3 (std 75% of wind),adaptive_vf,2002,True,1.2167768445772482,0.5638793451351181,0.8408656255862388,2.2291683438471006
fixed_wing,"typical (wind .15, r x1.5)",gusts x3 (std 75% of wind),adaptive_vf,2003,True,1.1482832162224152,0.5780618067336951,0.725350440611355,1.9945717365206088
fixed_wing,"typical (wind .15, r x1.5)",gusts x3 (std 75% of wind),adaptive_vf,2004,True,2.6011661724746546,0.5294894657735384,3.9185582352653947,2.8716454719701012
fixed_wing,"typical (wind .15, r x1.5)",gusts x3 (std 75% of wind),adaptive_vf,2005,True,1.7808455940966388,0.6698941598427702,2.445671362576589,2.5233659689747774
fixed_wing,"typical (wind .15, r x1.5)",gusts x3 (std 75% of wind),adaptive_vf,2006,True,1.1738365279750262,0.6873385608883721,1.4359537511313696,1.2523811736157038
fixed_wing,"typical (wind .15, r x1.5)",gusts x3 (std 75% of wind),adaptive_vf,2007,True,2.521460229076057,0.7103063591380053,3.093790221270003,4.246780877110055
fixed_wing,"typical (wind .15, r x1.5)",gusts x3 (std 75% of wind),adaptive_vf,2008,True,4.845346142192946,0.6224690685079143,2.2635016838708597,9.101078336198919
fixed_wing,"typical (wind .15, r x1.5)",gusts x3 (std 75% of wind),adaptive_vf,2009,True,0.7005162969896621,0.6256705896670577,0.7286350899022237,0.8429272000272684
fixed_wing,"typical (wind .15, r x1.5)",gusts x3 (std 75% of wind),adaptive_vf,2010,True,5.461568845584684,0.6485820042509828,5.756988046387933,9.549278707284694
fixed_wing,"typical (wind .15, r x1.5)",gusts x3 (std 75% of wind),adaptive_vf,2011,True,0.8797973750523395,0.48794779566797114,1.1608243630013297,1.199265087924671
fixed_wing,"typical (wind .15, r x1.5)",gusts x3 (std 75% of wind),carrot_chasing,2000,True,0.9553475927559719,0.5020677769078425,0.6982548464342196,2.237183221786915
fixed_wing,"typical (wind .15, r x1.5)",gusts x3 (std 75% of wind),carrot_chasing,2001,True,0.9969686658152185,0.5864789408206131,0.9950179717178899,1.8427619958181385
fixed_wing,"typical (wind .15, r x1.5)",gusts x3 (std 75% of wind),carrot_chasing,2002,True,1.1345320978388882,0.47735283347289087,0.7588149601926562,2.1374896608572684
fixed_wing,"typical (wind .15, r x1.5)",gusts x3 (std 75% of wind),carrot_chasing,2003,True,1.0592596003447117,0.5734532611747118,0.683993787883416,1.8393949556625768
fixed_wing,"typical (wind .15, r x1.5)",gusts x3 (std 75% of wind),carrot_chasing,2004,True,0.9883944660422016,0.45419901139641516,0.9023284612739683,2.187415604364076
fixed_wing,"typical (wind .15, r x1.5)",gusts x3 (std 75% of wind),carrot_chasing,2005,True,1.1031488588939273,0.5816103649227835,0.9602959097695802,2.5189414839121937
fixed_wing,"typical (wind .15, r x1.5)",gusts x3 (std 75% of wind),carrot_chasing,2006,True,1.363053267908473,0.5696414326490972,0.7903858067589865,2.5247085946249124
fixed_wing,"typical (wind .15, r x1.5)",gusts x3 (std 75% of wind),carrot_chasing,2007,True,1.3282540398124283,0.5838338216787087,1.5867435991216157,2.1960942533774936
fixed_wing,"typical (wind .15, r x1.5)",gusts x3 (std 75% of wind),carrot_chasing,2008,True,2.194973965141291,0.5006426448962765,1.349547213237076,4.054362829603336
fixed_wing,"typical (wind .15, r x1.5)",gusts x3 (std 75% of wind),carrot_chasing,2009,True,1.0770174298103132,0.5724860760353975,0.7737105225357251,2.267244892783048
fixed_wing,"typical (wind .15, r x1.5)",gusts x3 (std 75% of wind),carrot_chasing,2010,True,1.7945704349358833,0.5000643404472567,2.0386317039765713,2.891705301517065
fixed_wing,"typical (wind .15, r x1.5)",gusts x3 (std 75% of wind),carrot_chasing,2011,True,0.9288506988445641,0.43465577089382634,0.867043282486676,2.0447637164683643
fixed_wing,"typical (wind .15, r x1.5)",wind 30%,pure_pursuit,2000,True,1.020011832953634,0.9455588779772601,1.1298126840636324,0.986947488921259
fixed_wing,"typical (wind .15, r x1.5)",wind 30%,pure_pursuit,2001,True,3.5284413526402862,1.2100399174547851,4.0158629110676936,6.554000011798265
fixed_wing,"typical (wind .15, r x1.5)",wind 30%,pure_pursuit,2002,True,1.7354792206947969,1.1848243842298896,1.9208039749758343,2.1364058221201434
fixed_wing,"typical (wind .15, r x1.5)",wind 30%,pure_pursuit,2003,True,1.0129551458648902,0.942441519860881,1.09540645427329,0.971206298665353
fixed_wing,"typical (wind .15, r x1.5)",wind 30%,pure_pursuit,2004,True,3.501787832212532,1.075696688770853,4.616837256161916,5.6864572061628715
fixed_wing,"typical (wind .15, r x1.5)",wind 30%,pure_pursuit,2005,True,1.4156269402278687,1.1304976753343328,1.7982269679232734,1.132818423686963
fixed_wing,"typical (wind .15, r x1.5)",wind 30%,pure_pursuit,2006,True,2.4908281251973245,1.0659023607101308,2.5233471454395966,3.6862207676522796
fixed_wing,"typical (wind .15, r x1.5)",wind 30%,pure_pursuit,2007,True,2.3466490450279243,1.2764174474982388,3.2469115722568014,2.568894828389513
fixed_wing,"typical (wind .15, r x1.5)",wind 30%,pure_pursuit,2008,True,2.837719744027236,1.008743997845608,3.458927200473793,3.371398924623501
fixed_wing,"typical (wind .15, r x1.5)",wind 30%,pure_pursuit,2009,True,1.2739745757402736,1.045006972590629,1.5247930852813392,1.2689005850908441
fixed_wing,"typical (wind .15, r x1.5)",wind 30%,pure_pursuit,2010,True,5.207038511825221,1.6223901318214133,6.611521449031249,6.640010747710707
fixed_wing,"typical (wind .15, r x1.5)",wind 30%,pure_pursuit,2011,True,1.1190949655263296,1.0249909926548284,1.1659907684119526,1.3257681521498523
fixed_wing,"typical (wind .15, r x1.5)",wind 30%,l1,2000,True,1.020090537775194,0.9451460517411979,1.128536472627997,0.9931529072976195
fixed_wing,"typical (wind .15, r x1.5)",wind 30%,l1,2001,True,3.4361721840812023,1.1994682974095594,3.9160417939749625,6.353395345456508
fixed_wing,"typical (wind .15, r x1.5)",wind 30%,l1,2002,True,1.6877562061030142,1.1831564661689105,1.8436917301589033,2.091420968030685
fixed_wing,"typical (wind .15, r x1.5)",wind 30%,l1,2003,True,1.0135412495997338,0.941953635598572,1.0949216101627735,0.97519856897062
fixed_wing,"typical (wind .15, r x1.5)",wind 30%,l1,2004,True,3.338418069628964,1.0592441523122353,4.362976989069588,5.480415860994774
fixed_wing,"typical (wind .15, r x1.5)",wind 30%,l1,2005,True,1.414102941602648,1.129520474112288,1.795418640216964,1.1349505896976682
fixed_wing,"typical (wind .15, r x1.5)",wind 30%,l1,2006,True,2.406534780043289,1.075727510980086,2.448357553321935,3.530126865504773
fixed_wing,"typical (wind .15, r x1.5)",wind 30%,l1,2007,True,2.280159476384183,1.273414987216675,3.137451177111029,2.4869799837634754
fixed_wing,"typical (wind .15, r x1.5)",wind 30%,l1,2008,True,2.705835482611307,1.0227659438871626,3.280261461635285,3.222631227465473
fixed_wing,"typical (wind .15, r x1.5)",wind 30%,l1,2009,True,1.2702586220467984,1.0441706179603965,1.5161842076390937,1.2693678877030732
fixed_wing,"typical (wind .15, r x1.5)",wind 30%,l1,2010,True,5.047268808362145,1.8539473205684356,6.353041740656259,6.391720413163267
fixed_wing,"typical (wind .15, r x1.5)",wind 30%,l1,2011,True,1.1184071138961436,1.0233405132920215,1.16422724492728,1.330579221587085
fixed_wing,"typical (wind .15, r x1.5)",wind 30%,vector_field,2000,True,2.2816993243116963,0.3862542964240942,3.2306281810237136,3.2795143526114443
fixed_wing,"typical (wind .15, r x1.5)",wind 30%,vector_field,2001,True,4.086502471909792,0.439299157872845,3.832270010452999,8.882174453651377
fixed_wing,"typical (wind .15, r x1.5)",wind 30%,vector_field,2002,True,3.61560238542903,0.41413115464366707,3.8580357167405155,5.657098493225109
fixed_wing,"typical (wind .15, r x1.5)",wind 30%,vector_field,2003,True,0.3986333255844186,0.3461504284671547,0.39791035594047014,0.4635283250710814
fixed_wing,"typical (wind .15, r x1.5)",wind 30%,vector_field,2004,True,6.627766104678239,0.7773676082769532,7.745796585130393,12.902784375731253
fixed_wing,"typical (wind .15, r x1.5)",wind 30%,vector_field,2005,True,1.6668628358714757,0.4633615568317844,2.370177041039614,2.2252707081249707
fixed_wing,"typical (wind .15, r x1.5)",wind 30%,vector_field,2006,True,4.474501810423854,0.389822711233525,3.259443379754174,8.04006880328978
fixed_wing,"typical (wind .15, r x1.5)",wind 30%,vector_field,2007,True,4.5561331820754125,0.56182905619302,6.0813682792393875,7.027469775653188
fixed_wing,"typical (wind .15, r x1.5)",wind 30%,vector_field,2008,True,6.309489850629012,0.5141206558475528,6.180535481501612,9.65103190240971
fixed_wing,"typical (wind .15, r x1.5)",wind 30%,vector_field,2009,True,0.4883690820849982,0.37563892084298195,0.514906657587323,0.6843653138531441
fixed_wing,"typical (wind .15, r x1.5)",wind 30%,vector_field,2010,True,8.466062710075372,1.017721509453995,10.6215986794376,11.558775247588065
fixed_wing,"typical (wind .15, r x1.5)",wind 30%,vector_field,2011,True,0.4247403749346622,0.36583795091552773,0.4577987871212422,0.5331306445293744
fixed_wing,"typical (wind .15, r x1.5)",wind 30%,lead_vf,2000,True,0.9262101836683879,0.7589442703392312,1.0696383899478306,1.0945263038465234
fixed_wing,"typical (wind .15, r x1.5)",wind 30%,lead_vf,2001,True,3.1981919973345634,1.1609115411151179,3.7607943594441946,5.711769726854568
fixed_wing,"typical (wind .15, r x1.5)",wind 30%,lead_vf,2002,True,1.976809327329358,0.9351777800276795,2.3940877661995894,2.3956237474966167
fixed_wing,"typical (wind .15, r x1.5)",wind 30%,lead_vf,2003,True,0.9549779328835579,0.9385882512641566,1.0503533868755743,0.8052012074913012
fixed_wing,"typical (wind .15, r x1.5)",wind 30%,lead_vf,2004,True,4.228488339485077,1.4807210568731577,5.579515792553699,6.690725216261346
fixed_wing,"typical (wind .15, r x1.5)",wind 30%,lead_vf,2005,True,1.3473132884440386,0.8857645879705855,1.8034343100197971,1.3330595205564137
fixed_wing,"typical (wind .15, r x1.5)",wind 30%,lead_vf,2006,True,2.5777918994811557,0.8060825275682884,2.847071221301154,3.6344457317000387
fixed_wing,"typical (wind .15, r x1.5)",wind 30%,lead_vf,2007,True,2.5092724279928227,0.9849114459076277,3.5493008889049387,3.0496773196896583
fixed_wing,"typical (wind .15, r x1.5)",wind 30%,lead_vf,2008,True,3.4545179267278208,0.9396082517024834,4.321224266595537,4.03161005312425
fixed_wing,"typical (wind .15, r x1.5)",wind 30%,lead_vf,2009,True,1.1618491523702672,0.824612106118267,1.4728740860070344,1.218792289195268
fixed_wing,"typical (wind .15, r x1.5)",wind 30%,lead_vf,2010,True,4.181758363369651,0.8117665347325904,5.523160127602504,5.06010984740334
fixed_wing,"typical (wind .15, r x1.5)",wind 30%,lead_vf,2011,True,0.9777294598720218,0.8317155255188102,1.0271008003010038,1.3158896287182467
fixed_wing,"typical (wind .15, r x1.5)",wind 30%,adaptive_vf,2000,True,1.9193007614662372,0.4306204208166242,2.676879082956587,2.8150465595929877
fixed_wing,"typical (wind .15, r x1.5)",wind 30%,adaptive_vf,2001,True,4.319757512449213,0.5727688418443754,4.083078251292028,9.325799762510993
fixed_wing,"typical (wind .15, r x1.5)",wind 30%,adaptive_vf,2002,True,3.646260244248828,0.5543926632838104,3.9242154908950364,5.636301394787928
fixed_wing,"typical (wind .15, r x1.5)",wind 30%,adaptive_vf,2003,True,0.4243894314170775,0.3722633649054553,0.4107750077672447,0.5067345785369536
fixed_wing,"typical (wind .15, r x1.5)",wind 30%,adaptive_vf,2004,True,6.50958732161453,0.7747171540557081,7.668975060953793,12.57001530943104
fixed_wing,"typical (wind .15, r x1.5)",wind 30%,adaptive_vf,2005,True,1.7074445567358019,0.3742626507403499,2.4392568410889366,2.3258947278650943
fixed_wing,"typical (wind .15, r x1.5)",wind 30%,adaptive_vf,2006,True,4.621258539811596,0.4322530552863489,3.444145890167559,8.254318212287341
fixed_wing,"typical (wind .15, r x1.5)",wind 30%,adaptive_vf,2007,True,4.558308284098439,0.6907802819805456,6.139770046015862,6.884654258159301
fixed_wing,"typical (wind .15, r x1.5)",wind 30%,adaptive_vf,2008,True,6.485628310697095,0.5886795660039884,6.359860707989003,9.904469530438652
fixed_wing,"typical (wind .15, r x1.5)",wind 30%,adaptive_vf,2009,True,0.5131111821804298,0.39598931737220716,0.5451042908469139,0.709524858206143
fixed_wing,"typical (wind .15, r x1.5)",wind 30%,adaptive_vf,2010,True,8.698978010498015,1.113636781802288,10.87919751092828,11.943491572524481
fixed_wing,"typical (wind .15, r x1.5)",wind 30%,adaptive_vf,2011,True,0.4481716191946695,0.3843831769439557,0.48025090945082965,0.573378400546836
fixed_wing,"typical (wind .15, r x1.5)",wind 30%,carrot_chasing,2000,True,0.847190003638385,0.3440041504476433,0.6080648794369442,2.032413242804589
fixed_wing,"typical (wind .15, r x1.5)",wind 30%,carrot_chasing,2001,True,1.262669257425312,0.3867041773548882,1.2458774898097602,2.6853478926611025
fixed_wing,"typical (wind .15, r x1.5)",wind 30%,carrot_chasing,2002,True,1.1315113511835246,0.3212113018436424,0.4895978760679122,2.3887224925820205
fixed_wing,"typical (wind .15, r x1.5)",wind 30%,carrot_chasing,2003,True,0.8644967831458624,0.32217009661622614,0.4990492606875007,1.5767673268797593
fixed_wing,"typical (wind .15, r x1.5)",wind 30%,carrot_chasing,2004,True,2.7226121405872132,0.4164031264517946,3.4898304741503803,4.924238779322019
fixed_wing,"typical (wind .15, r x1.5)",wind 30%,carrot_chasing,2005,True,0.9106650614710415,0.35257678210036125,0.7729669694257054,2.1860947065473324
fixed_wing,"typical (wind .15, r x1.5)",wind 30%,carrot_chasing,2006,True,1.1866444096378888,0.33835032518906705,0.7612641136245556,2.2262592060458712
fixed_wing,"typical (wind .15, r x1.5)",wind 30%,carrot_chasing,2007,True,1.2827842077522456,0.34861997095828273,1.4453647676334356,2.419281032408503
fixed_wing,"typical (wind .15, r x1.5)",wind 30%,carrot_chasing,2008,True,1.4112703221396443,0.3249247510305641,0.9948180191905068,2.522294980672488
fixed_wing,"typical (wind .15, r x1.5)",wind 30%,carrot_chasing,2009,True,0.8385756732255979,0.3493682446688709,0.5760765895169662,1.83200266084425
fixed_wing,"typical (wind .15, r x1.5)",wind 30%,carrot_chasing,2010,True,4.807079561703632,0.8302012714639371,5.859782588643806,7.028102416999006
fixed_wing,"typical (wind .15, r x1.5)",wind 30%,carrot_chasing,2011,True,0.6696668487089548,0.3439305987619029,0.5984028474284702,1.4269067166076908
fixed_wing,"at limit (wind .15, r x1.0)",none,pure_pursuit,2000,True,0.811031778730831,0.5408891437488099,0.9297526359389866,1.791010672754765
fixed_wing,"at limit (wind .15, r x1.0)",none,pure_pursuit,2001,True,2.6578578705928937,0.9915373835186417,4.423165071806432,4.34950291688117
fixed_wing,"at limit (wind .15, r x1.0)",none,pure_pursuit,2002,True,1.6739122397948631,0.7211426352581735,2.6613853340399123,1.9154763377638204
fixed_wing,"at limit (wind .15, r x1.0)",none,pure_pursuit,2003,True,0.8865253205252811,0.5322816669879861,1.2489038809862227,1.2068185019059219
fixed_wing,"at limit (wind .15, r x1.0)",none,pure_pursuit,2004,True,2.0754160314256267,0.8595232182821048,3.5365904834997233,3.0977216755408876
fixed_wing,"at limit (wind .15, r x1.0)",none,pure_pursuit,2005,True,1.0522236910596436,0.6049178505331946,1.6097991344547222,1.685888389478429
fixed_wing,"at limit (wind .15, r x1.0)",none,pure_pursuit,2006,True,2.1398714017255367,0.851915469314615,3.3741686432837494,2.6684687119433197
fixed_wing,"at limit (wind .15, r x1.0)",none,pure_pursuit,2007,True,1.898891586394907,0.9196394581468086,3.271759924590128,2.360603158692939
fixed_wing,"at limit (wind .15, r x1.0)",none,pure_pursuit,2008,True,3.4121431370458635,1.111059361161199,5.450779661194053,4.293619870020883
fixed_wing,"at limit (wind .15, r x1.0)",none,pure_pursuit,2009,True,0.9246009552450694,0.632338961801645,1.1826274796102338,1.605015131583552
fixed_wing,"at limit (wind .15, r x1.0)",none,pure_pursuit,2010,True,1.5986934468718084,0.6060928480239558,2.7223450085343863,2.136389792113986
fixed_wing,"at limit (wind .15, r x1.0)",none,pure_pursuit,2011,True,0.8045699228596739,0.5131821256319782,1.1658343211365483,1.3472498889628373
fixed_wing,"at limit (wind .15, r x1.0)",none,l1,2000,True,0.8289604670430891,0.5403843879898811,0.9269415961656412,1.903569295474463
fixed_wing,"at limit (wind .15, r x1.0)",none,l1,2001,True,2.560633089302502,0.9139626377373788,4.271152146228837,4.241809779481231
fixed_wing,"at limit (wind .15, r x1.0)",none,l1,2002,True,1.5871089105384004,0.6946497717699253,2.4914649924287553,1.885095248119884
fixed_wing,"at limit (wind .15, r x1.0)",none,l1,2003,True,0.8963234134785709,0.5323974457343629,1.2507403187285417,1.2476604272357181
fixed_wing,"at limit (wind .15, r x1.0)",none,l1,2004,True,2.007034975259089,0.8158225596770804,3.4196965997219633,3.052141796713567
fixed_wing,"at limit (wind .15, r x1.0)",none,l1,2005,True,1.0399842620321493,0.6014016915739325,1.5832610580784896,1.674765501778241
fixed_wing,"at limit (wind .15, r x1.0)",none,l1,2006,True,2.035209384757324,0.8035143334239381,3.197662599225161,2.5834230785038574
fixed_wing,"at limit (wind .15, r x1.0)",none,l1,2007,True,1.7915815125938204,0.8698191641323879,3.063697638356886,2.287335601921538
fixed_wing,"at limit (wind .15, r x1.0)",none,l1,2008,True,3.2728829204165453,1.0128834309777555,5.251454450859382,4.1117159625066115
fixed_wing,"at limit (wind .15, r x1.0)",none,l1,2009,True,0.9332425707495305,0.6325843116989861,1.1737592798275647,1.6681209184623522
fixed_wing,"at limit (wind .15, r x1.0)",none,l1,2010,True,1.5044337942226789,0.5753455615324582,2.506268545702403,2.153447672227713
fixed_wing,"at limit (wind .15, r x1.0)",none,l1,2011,True,0.8093682593105467,0.513642369327026,1.1652368187187334,1.3850091825854214
fixed_wing,"at limit (wind .15, r x1.0)",none,vector_field,2000,True,2.010085575273883,0.2963372558508395,3.4205820003066036,3.5556441131344916
fixed_wing,"at limit (wind .15, r x1.0)",none,vector_field,2001,True,6.207303375387878,1.542296504096116,9.556576855722561,12.089840590097925
fixed_wing,"at limit (wind .15, r x1.0)",none,vector_field,2002,True,5.066836849788414,1.1115618476510265,7.403501472376879,7.891298272549108
fixed_wing,"at limit (wind .15, r x1.0)",none,vector_field,2003,True,1.0833099974916691,0.20297151509050648,0.9258787019291941,2.4049960090357003
fixed_wing,"at limit (wind .15, r x1.0)",none,vector_field,2004,True,4.559765113405691,0.975084254528325,7.507079242490553,8.572995836166722
fixed_wing,"at limit (wind .15, r x1.0)",none,vector_field,2005,True,2.4780814315777357,0.36229619601512325,4.211273417382841,4.485079912852768
fixed_wing,"at limit (wind .15, r x1.0)",none,vector_field,2006,True,5.142538907462777,0.8288188621389437,7.287552614027712,8.541907913749924
fixed_wing,"at limit (wind .15, r x1.0)",none,vector_field,2007,True,4.3335267479784685,1.1225826677127653,7.380091177040944,6.906429421323638
fixed_wing,"at limit (wind .15, r x1.0)",none,vector_field,2008,True,7.392391372719355,1.781984584993028,9.966416162844977,12.160581118231407
fixed_wing,"at limit (wind .15, r x1.0)",none,vector_field,2009,True,1.7606570828085157,0.24434255864301455,2.486717947092487,3.8656207780033482
fixed_wing,"at limit (wind .15, r x1.0)",none,vector_field,2010,True,6.66567852766552,2.458776605025536,11.11304532336912,9.185206136175461
fixed_wing,"at limit (wind .15, r x1.0)",none,vector_field,2011,True,0.7955181643033228,0.17285168818561258,0.9319435788477118,2.2027617882521464
fixed_wing,"at limit (wind .15, r x1.0)",none,lead_vf,2000,True,0.9098620825913242,0.4514018451926698,1.0993611437118538,2.262393795331468
fixed_wing,"at limit (wind .15, r x1.0)",none,lead_vf,2001,True,2.465042845840549,1.1518940406241367,4.0210705920459064,3.827896810016683
fixed_wing,"at limit (wind .15, r x1.0)",none,lead_vf,2002,True,2.0113014680936367,0.9545018651287381,3.1270083169729777,2.325978854906406
fixed_wing,"at limit (wind .15, r x1.0)",none,lead_vf,2003,True,1.0613238105840623,0.5516712848556133,1.4434020857092478,1.649484871047793
fixed_wing,"at limit (wind .15, r x1.0)",none,lead_vf,2004,True,1.8834199650283945,0.8985924570708487,3.1305674889589694,2.807344480967498
fixed_wing,"at limit (wind .15, r x1.0)",none,lead_vf,2005,True,1.278539506708033,0.6381263742842938,1.994932013426401,2.2091411622701247
fixed_wing,"at limit (wind .15, r x1.0)",none,lead_vf,2006,True,2.4728228888576687,1.156415556676433,3.7900900453125566,3.111398098678599
fixed_wing,"at limit (wind .15, r x1.0)",none,lead_vf,2007,True,2.0560436754003297,0.9769101951567898,3.4950427031045894,2.733041693627819
fixed_wing,"at limit (wind .15, r x1.0)",none,lead_vf,2008,True,3.2673001657841536,1.391670761100893,5.144024181637733,3.9216462134484598
fixed_wing,"at limit (wind .15, r x1.0)",none,lead_vf,2009,True,1.0709432665972154,0.6362269792375413,1.3611937882718241,2.1012862247836037
fixed_wing,"at limit (wind .15, r x1.0)",none,lead_vf,2010,True,1.7548366386017875,0.7758563575340275,2.8836966845313547,2.4334977787928342
fixed_wing,"at limit (wind .15, r x1.0)",none,lead_vf,2011,True,0.896124121981353,0.4331518931546036,1.3159179788140793,1.8202621631760503
fixed_wing,"at limit (wind .15, r x1.0)",none,adaptive_vf,2000,True,1.9691602370059642,0.3846485783546294,3.2942401990626107,3.56545145227288
fixed_wing,"at limit (wind .15, r x1.0)",none,adaptive_vf,2001,True,6.119038085396053,1.5810190831575923,9.437097021843167,11.878206041028555
fixed_wing,"at limit (wind .15, r x1.0)",none,adaptive_vf,2002,True,5.054439506146485,1.1830668895142162,7.3456492684737436,7.904918006215249
fixed_wing,"at limit (wind .15, r x1.0)",none,adaptive_vf,2003,True,1.1214363844603392,0.229545261370977,0.9931849391694789,2.4628712659731584
fixed_wing,"at limit (wind .15, r x1.0)",none,adaptive_vf,2004,True,4.611025107460527,1.079034413525387,7.562684474130583,8.631981866457075
fixed_wing,"at limit (wind .15, r x1.0)",none,adaptive_vf,2005,True,2.480975755958785,0.46292221298212205,4.199805586328886,4.492564790180955
fixed_wing,"at limit (wind .15, r x1.0)",none,adaptive_vf,2006,True,5.109509861534051,0.9199383310208471,7.215079785098235,8.49076905154031
fixed_wing,"at limit (wind .15, r x1.0)",none,adaptive_vf,2007,True,4.163267175043229,1.1257048428939624,7.147227630950736,6.466926407672001
fixed_wing,"at limit (wind .15, r x1.0)",none,adaptive_vf,2008,True,7.46207134770904,1.8293087780378063,10.009860825024552,12.327012163601967
fixed_wing,"at limit (wind .15, r x1.0)",none,adaptive_vf,2009,True,1.6605311117749793,0.2747293366203689,2.3351817817175795,3.634659968403315
fixed_wing,"at limit (wind .15, r x1.0)",none,adaptive_vf,2010,True,6.700331891210209,2.493631610750341,11.12162186387577,9.279070168734568
fixed_wing,"at limit (wind .15, r x1.0)",none,adaptive_vf,2011,True,0.7952843894017549,0.19598786002817128,0.9739908595273323,2.130410703563667
fixed_wing,"at limit (wind .15, r x1.0)",none,carrot_chasing,2000,True,0.8631895947167458,0.17478885005402373,0.7624073709610425,2.78823109786203
fixed_wing,"at limit (wind .15, r x1.0)",none,carrot_chasing,2001,True,1.7621685760194077,0.3121829797564395,2.9523349748658965,3.271297822593484
fixed_wing,"at limit (wind .15, r x1.0)",none,carrot_chasing,2002,True,1.1522057662932805,0.19498393211006185,1.1106609543044224,2.6655872117092403
fixed_wing,"at limit (wind .15, r x1.0)",none,carrot_chasing,2003,True,1.1761936247103104,0.18677259045067307,0.9480461362602077,2.7391673161941914
fixed_wing,"at limit (wind .15, r x1.0)",none,carrot_chasing,2004,True,1.3073041749848635,0.24323953215302674,2.179877332062135,2.5776173671514875
fixed_wing,"at limit (wind .15, r x1.0)",none,carrot_chasing,2005,True,0.8452285719962521,0.21124780971035487,0.9118556856951456,2.555713721715555
fixed_wing,"at limit (wind .15, r x1.0)",none,carrot_chasing,2006,True,1.3796596677798523,0.27682929574893084,1.8144291899256935,2.6071014120904463
fixed_wing,"at limit (wind .15, r x1.0)",none,carrot_chasing,2007,True,1.2521691421971841,0.21541016667041352,1.9567738700814439,2.5574060222877564
fixed_wing,"at limit (wind .15, r x1.0)",none,carrot_chasing,2008,True,2.8357433930001967,0.4501460034191054,4.529092781194789,3.900137781124625
fixed_wing,"at limit (wind .15, r x1.0)",none,carrot_chasing,2009,True,0.9950060031168462,0.1915763317764739,1.0186052263555354,2.706367713640769
fixed_wing,"at limit (wind .15, r x1.0)",none,carrot_chasing,2010,True,1.1801746128535697,0.23906278930737065,1.8386937806128334,2.2107235518858483
fixed_wing,"at limit (wind .15, r x1.0)",none,carrot_chasing,2011,True,0.8123651025339557,0.1754123387841448,0.8158679051686324,2.4837002837905944
fixed_wing,"at limit (wind .15, r x1.0)",lag x0.5,pure_pursuit,2000,True,0.919300780511515,0.4876543444706035,1.0493496714816677,2.326011793669653
fixed_wing,"at limit (wind .15, r x1.0)",lag x0.5,pure_pursuit,2001,True,2.204626395120564,1.0480858349713416,3.5985936113695893,3.3941003526377354
fixed_wing,"at limit (wind .15, r x1.0)",lag x0.5,pure_pursuit,2002,True,1.5989426128959452,0.88241997903916,2.271942446559188,2.1783609920579767
fixed_wing,"at limit (wind .15, r x1.0)",lag x0.5,pure_pursuit,2003,True,1.0614376375669003,0.5697462166367,1.487666257932745,1.5644368160620534
fixed_wing,"at limit (wind .15, r x1.0)",lag x0.5,pure_pursuit,2004,True,1.6868995701734892,0.8942759127477354,2.733485339630588,2.517633056994684
fixed_wing,"at limit (wind .15, r x1.0)",lag x0.5,pure_pursuit,2005,True,1.0238278142990371,0.6458843108431838,1.4471449378676582,1.8040458004801436
fixed_wing,"at limit (wind .15, r x1.0)",lag x0.5,pure_pursuit,2006,True,1.8858684714472713,0.9883006575481389,2.763186373055919,2.5000931738455066
fixed_wing,"at limit (wind .15, r x1.0)",lag x0.5,pure_pursuit,2007,True,1.631412067511752,0.8773522602692642,2.579708315646776,2.468320633185132
fixed_wing,"at limit (wind .15, r x1.0)",lag x0.5,pure_pursuit,2008,True,2.8456778751103435,1.1843158776943783,4.52953771961431,3.3517233162190188
fixed_wing,"at limit (wind .15, r x1.0)",lag x0.5,pure_pursuit,2009,True,1.0257660382042406,0.6338605273868418,1.2802627190532352,1.9968138202753327
fixed_wing,"at limit (wind .15, r x1.0)",lag x0.5,pure_pursuit,2010,True,1.4528588011884198,0.7521934012402123,2.001820413832598,2.6993256573990747
fixed_wing,"at limit (wind .15, r x1.0)",lag x0.5,pure_pursuit,2011,True,0.8707280102354885,0.4977093493654808,1.2648695282415006,1.6251208074241552
fixed_wing,"at limit (wind .15, r x1.0)",lag x0.5,l1,2000,True,0.9453660249824929,0.4877970452668204,1.039436613083795,2.476351498795949
fixed_wing,"at limit (wind .15, r x1.0)",lag x0.5,l1,2001,True,2.100015400142212,0.9815100928464637,3.4358867343559782,3.2462598660558926
fixed_wing,"at limit (wind .15, r x1.0)",lag x0.5,l1,2002,True,1.5564711665254736,0.8592743989735723,2.1202914055172393,2.3097597670089502
fixed_wing,"at limit (wind .15, r x1.0)",lag x0.5,l1,2003,True,1.0774035435853901,0.5705606373023195,1.478710640593408,1.644715662394757
fixed_wing,"at limit (wind .15, r x1.0)",lag x0.5,l1,2004,True,1.6281031583838197,0.8569162106382724,2.6104574286417632,2.5303071535652775
fixed_wing,"at limit (wind .15, r x1.0)",lag x0.5,l1,2005,True,1.0208063557032376,0.6444381283441668,1.4307780200116222,1.8346211323827182
fixed_wing,"at limit (wind .15, r x1.0)",lag x0.5,l1,2006,True,1.8137162940282698,0.9484258744238672,2.578223366244131,2.5776458657742927
fixed_wing,"at limit (wind .15, r x1.0)",lag x0.5,l1,2007,True,1.5652017751387501,0.8402741850818689,2.3888551944389897,2.572828754644508
fixed_wing,"at limit (wind .15, r x1.0)",lag x0.5,l1,2008,True,2.7063624723108703,1.089988504325899,4.3182440494925105,3.2122006554773064
fixed_wing,"at limit (wind .15, r x1.0)",lag x0.5,l1,2009,True,1.0422655175245277,0.6351557551457339,1.2675914290547818,2.093534644696535
fixed_wing,"at limit (wind .15, r x1.0)",lag x0.5,l1,2010,True,1.430756736157096,0.7267413754953863,1.8357859313971523,2.92402566554109
fixed_wing,"at limit (wind .15, r x1.0)",lag x0.5,l1,2011,True,0.879378859445981,0.49834736231565113,1.262413375926995,1.6827973493138655
fixed_wing,"at limit (wind .15, r x1.0)",lag x0.5,vector_field,2000,True,1.211255610921723,0.20461237252326095,2.0916082966467813,2.0501079711558217
fixed_wing,"at limit (wind .15, r x1.0)",lag x0.5,vector_field,2001,True,4.542150085142244,1.0557712739493628,7.093954760031459,8.884370052617712
fixed_wing,"at limit (wind .15, r x1.0)",lag x0.5,vector_field,2002,True,3.606765823141793,0.7405663264332866,5.314915295094352,5.648327998653852
fixed_wing,"at limit (wind .15, r x1.0)",lag x0.5,vector_field,2003,True,0.43331429583416364,0.14844664447409814,0.23156127283420186,1.0018488982197091
fixed_wing,"at limit (wind .15, r x1.0)",lag x0.5,vector_field,2004,True,3.5823253262004333,0.7823653583118709,5.91125885458289,6.743268431078276
fixed_wing,"at limit (wind .15, r x1.0)",lag x0.5,vector_field,2005,True,1.510329498873335,0.23826786867445898,2.547971980499974,2.8148629641286647
fixed_wing,"at limit (wind .15, r x1.0)",lag x0.5,vector_field,2006,True,3.5371560695811777,0.5478453983219711,4.9982101242545065,5.975405594103027
fixed_wing,"at limit (wind .15, r x1.0)",lag x0.5,vector_field,2007,True,3.043007717662176,0.7126799638321315,5.2177960439240145,4.893797493089459
fixed_wing,"at limit (wind .15, r x1.0)",lag x0.5,vector_field,2008,True,5.528998848102422,1.2436191528894973,7.520576896127985,9.18404727923451
fixed_wing,"at limit (wind .15, r x1.0)",lag x0.5,vector_field,2009,True,0.875240673926958,0.16756154431600212,1.155876692070952,2.0275664468400256
fixed_wing,"at limit (wind .15, r x1.0)",lag x0.5,vector_field,2010,True,4.963122477911625,1.3846705423529857,8.31865466769619,7.271339998136849
fixed_wing,"at limit (wind .15, r x1.0)",lag x0.5,vector_field,2011,True,0.3361924552347992,0.13191054583266307,0.38206848897074064,0.8968372267500593
fixed_wing,"at limit (wind .15, r x1.0)",lag x0.5,lead_vf,2000,True,1.0426542803746766,0.4895670986370239,1.1679592796814147,2.7884712925933175
fixed_wing,"at limit (wind .15, r x1.0)",lag x0.5,lead_vf,2001,True,2.3540723579357716,1.2616663192642859,3.71093929791081,3.6332695577797924
fixed_wing,"at limit (wind .15, r x1.0)",lag x0.5,lead_vf,2002,True,2.0555548461127153,1.1850975248240359,2.9233765652777945,2.707601179919761
fixed_wing,"at limit (wind .15, r x1.0)",lag x0.5,lead_vf,2003,True,1.2532475324687173,0.6842154998894013,1.6174068644429018,2.0311721501994224
fixed_wing,"at limit (wind .15, r x1.0)",lag x0.5,lead_vf,2004,True,1.9122197611668177,1.0784433353339717,2.974116227011916,3.042282423535899
fixed_wing,"at limit (wind .15, r x1.0)",lag x0.5,lead_vf,2005,True,1.3013380243177224,0.7381084587724831,1.8538031841243294,2.5147900046483893
fixed_wing,"at limit (wind .15, r x1.0)",lag x0.5,lead_vf,2006,True,2.354085633968997,1.3140976826018442,3.39118468684497,3.107160157636801
fixed_wing,"at limit (wind .15, r x1.0)",lag x0.5,lead_vf,2007,True,1.9295081883571972,1.0404081313815199,2.9958922262498433,3.037772907449038
fixed_wing,"at limit (wind .15, r x1.0)",lag x0.5,lead_vf,2008,True,3.155355080101953,1.6320837442040412,4.8246227224389076,3.698153009303092
fixed_wing,"at limit (wind .15, r x1.0)",lag x0.5,lead_vf,2009,True,1.1885424028315568,0.7090428933747942,1.3711436875397234,2.533150403700944
fixed_wing,"at limit (wind .15, r x1.0)",lag x0.5,lead_vf,2010,True,1.8771066812891402,1.0255222157851318,2.7166768203720757,3.1197858338720144
fixed_wing,"at limit (wind .15, r x1.0)",lag x0.5,lead_vf,2011,True,0.9864487011218331,0.5036790942343676,1.3465346567876992,2.158686190670982
fixed_wing,"at limit (wind .15, r x1.0)",lag x0.5,adaptive_vf,2000,True,1.2386966270902808,0.26245466382833776,2.122087554481825,2.0946664018160996
fixed_wing,"at limit (wind .15, r x1.0)",lag x0.5,adaptive_vf,2001,True,4.682636627647608,1.1785918181560036,7.2782608591431694,9.151822045279847
fixed_wing,"at limit (wind .15, r x1.0)",lag x0.5,adaptive_vf,2002,True,3.5637682698846724,0.8179842503137388,5.221895633986123,5.589406100459494
fixed_wing,"at limit (wind .15, r x1.0)",lag x0.5,adaptive_vf,2003,True,0.456179716381366,0.16473015196156665,0.2592420757269323,1.0453883991682933
fixed_wing,"at limit (wind .15, r x1.0)",lag x0.5,adaptive_vf,2004,True,3.630892449298018,0.8851177014382943,5.959313909856243,6.829958836364296
fixed_wing,"at limit (wind .15, r x1.0)",lag x0.5,adaptive_vf,2005,True,1.541091148124852,0.2986551905782795,2.591882290062301,2.850413580370494
fixed_wing,"at limit (wind .15, r x1.0)",lag x0.5,adaptive_vf,2006,True,3.676399330814126,0.6938210182373431,5.172947643022467,6.192794535808074
fixed_wing,"at limit (wind .15, r x1.0)",lag x0.5,adaptive_vf,2007,True,3.0284380693603703,0.8325044599201977,5.175250100128185,4.8096456714556775
fixed_wing,"at limit (wind .15, r x1.0)",lag x0.5,adaptive_vf,2008,True,5.485364051447867,1.2627597020326988,7.401348665776538,9.16551656894807
fixed_wing,"at limit (wind .15, r x1.0)",lag x0.5,adaptive_vf,2009,True,0.8786644518819152,0.19861144003121167,1.1612546951943494,2.0203773916513685
fixed_wing,"at limit (wind .15, r x1.0)",lag x0.5,adaptive_vf,2010,True,5.003596216958746,1.514325807933715,8.34696835373918,7.2992382528525575
fixed_wing,"at limit (wind .15, r x1.0)",lag x0.5,adaptive_vf,2011,True,0.35723663265293265,0.1486964369558821,0.4128896112493027,0.9337504427525176
fixed_wing,"at limit (wind .15, r x1.0)",lag x0.5,carrot_chasing,2000,True,0.987652561163125,0.14878174156430063,0.811677155481786,3.2888458954913244
fixed_wing,"at limit (wind .15, r x1.0)",lag x0.5,carrot_chasing,2001,True,1.495504820404768,0.2903947415287059,2.346034532778525,3.135485407144929
fixed_wing,"at limit (wind .15, r x1.0)",lag x0.5,carrot_chasing,2002,True,1.267329184355972,0.14267570825510226,0.7673708867566561,3.285339931353148
fixed_wing,"at limit (wind .15, r x1.0)",lag x0.5,carrot_chasing,2003,True,1.1869856037428628,0.13715787018820397,0.8399835006009138,2.8408671393594664
fixed_wing,"at limit (wind .15, r x1.0)",lag x0.5,carrot_chasing,2004,True,1.0783358837831536,0.18012507768238056,1.3803087669468161,2.9856703927166044
fixed_wing,"at limit (wind .15, r x1.0)",lag x0.5,carrot_chasing,2005,True,0.9816237999895219,0.16864998203492088,0.9678784018189602,3.140087480533929
fixed_wing,"at limit (wind .15, r x1.0)",lag x0.5,carrot_chasing,2006,True,1.2989829293513604,0.202254770902441,1.2131346474426257,3.017948672175453
fixed_wing,"at limit (wind .15, r x1.0)",lag x0.5,carrot_chasing,2007,True,1.2303632281572279,0.19926434134658033,1.5333301574238327,3.108200561421374
fixed_wing,"at limit (wind .15, r x1.0)",lag x0.5,carrot_chasing,2008,True,2.173743902066983,0.43893951301169876,3.3117761844173406,3.2555783709298964
fixed_wing,"at limit (wind .15, r x1.0)",lag x0.5,carrot_chasing,2009,True,1.0308015203832543,0.1581740071970492,0.9191432206200769,2.9376075363433634
fixed_wing,"at limit (wind .15, r x1.0)",lag x0.5,carrot_chasing,2010,True,1.0709331231119807,0.1476553505110505,0.869737555062323,3.078303191840234
fixed_wing,"at limit (wind .15, r x1.0)",lag x0.5,carrot_chasing,2011,True,0.8223838595639144,0.1344176751733859,0.740907683839812,2.6102701194666404
fixed_wing,"at limit (wind .15, r x1.0)",lag x1.5,pure_pursuit,2000,True,0.892274911815059,0.752342169479334,1.0065528163589497,1.4477486442911254
fixed_wing,"at limit (wind .15, r x1.0)",lag x1.5,pure_pursuit,2001,True,3.458934013418025,1.1527753005399786,5.671553620464558,6.020810250553777
fixed_wing,"at limit (wind .15, r x1.0)",lag x1.5,pure_pursuit,2002,True,2.258685443387072,0.9044796439048878,3.6303316072900365,2.539962811364334
fixed_wing,"at limit (wind .15, r x1.0)",lag x1.5,pure_pursuit,2003,True,0.9078662025764719,0.6601957940146358,1.1723632416581593,1.188679891843615
fixed_wing,"at limit (wind .15, r x1.0)",lag x1.5,pure_pursuit,2004,True,2.798833228573996,1.0692364695849068,4.688503645322428,4.606738162384932
fixed_wing,"at limit (wind .15, r x1.0)",lag x1.5,pure_pursuit,2005,True,1.3842621832411244,0.7810824447070639,2.092493643869914,2.3202857747050167
fixed_wing,"at limit (wind .15, r x1.0)",lag x1.5,pure_pursuit,2006,True,2.8468412492054473,1.0393110030679986,4.4733684860830785,3.681457703477308
fixed_wing,"at limit (wind .15, r x1.0)",lag x1.5,pure_pursuit,2007,True,2.4699905878171204,1.220153789816771,4.299417575737401,2.83960841333524
fixed_wing,"at limit (wind .15, r x1.0)",lag x1.5,pure_pursuit,2008,True,4.268732724098647,1.404247797071315,6.5953811845357775,5.75356686683251
fixed_wing,"at limit (wind .15, r x1.0)",lag x1.5,pure_pursuit,2009,True,1.0222459376216149,0.802908018899001,1.2902984506163169,1.490653231401498
fixed_wing,"at limit (wind .15, r x1.0)",lag x1.5,pure_pursuit,2010,True,2.293682820380419,0.8450710636670036,4.028296371635313,2.633470516871204
fixed_wing,"at limit (wind .15, r x1.0)",lag x1.5,pure_pursuit,2011,True,0.8777531822337924,0.6456825277076018,1.178797612890532,1.39357175783548
fixed_wing,"at limit (wind .15, r x1.0)",lag x1.5,l1,2000,True,0.892963383293128,0.749710305448047,0.9944791821090037,1.4890802095865832
fixed_wing,"at limit (wind .15, r x1.0)",lag x1.5,l1,2001,True,3.3634095041705705,1.0782751349090358,5.515650365343595,5.924323834697
fixed_wing,"at limit (wind .15, r x1.0)",lag x1.5,l1,2002,True,2.153767691844827,0.8782864803791017,3.4567358314270145,2.406188885088166
fixed_wing,"at limit (wind .15, r x1.0)",lag x1.5,l1,2003,True,0.9096009762572603,0.6600750402423602,1.1734285203696504,1.1962298466513632
fixed_wing,"at limit (wind .15, r x1.0)",lag x1.5,l1,2004,True,2.7368611694415543,1.0401222648984958,4.584057606477923,4.517856966464025
fixed_wing,"at limit (wind .15, r x1.0)",lag x1.5,l1,2005,True,1.3709309397498868,0.7806312859080794,2.063048124387382,2.3054196665903217
fixed_wing,"at limit (wind .15, r x1.0)",lag x1.5,l1,2006,True,2.721542134847059,0.9747234352417868,4.285175819207314,3.533285595154618
fixed_wing,"at limit (wind .15, r x1.0)",lag x1.5,l1,2007,True,2.345907074287144,1.1743704670536486,4.087485282499375,2.6530659595767605
fixed_wing,"at limit (wind .15, r x1.0)",lag x1.5,l1,2008,True,4.161265377975429,1.3406315991682642,6.478920700645405,5.5399442897602365
fixed_wing,"at limit (wind .15, r x1.0)",lag x1.5,l1,2009,True,1.0178969113371914,0.8010850887084081,1.2740587966349568,1.504471227710084
fixed_wing,"at limit (wind .15, r x1.0)",lag x1.5,l1,2010,True,2.161222041908756,0.8149902387149799,3.78419129984296,2.4753763258681274
fixed_wing,"at limit (wind .15, r x1.0)",lag x1.5,l1,2011,True,0.8788348494251087,0.649615721781881,1.1734383783238178,1.3993973672201137
fixed_wing,"at limit (wind .15, r x1.0)",lag x1.5,vector_field,2000,True,3.119422148998226,0.9072347827605647,5.324415074700386,4.9675666438434405
fixed_wing,"at limit (wind .15, r x1.0)",lag x1.5,vector_field,2001,True,7.866286695470243,2.2855757763406777,12.16492233811207,14.830920324938905
fixed_wing,"at limit (wind .15, r x1.0)",lag x1.5,vector_field,2002,True,7.313672571029439,2.0556108601998972,10.453004856800488,11.31435072363812
fixed_wing,"at limit (wind .15, r x1.0)",lag x1.5,vector_field,2003,True,1.6175857668577718,0.29346441344262636,1.4890706428772584,3.4918049461141125
fixed_wing,"at limit (wind .15, r x1.0)",lag x1.5,vector_field,2004,True,6.062578649374525,1.6706779894717632,9.913058857704208,11.059270848122425
fixed_wing,"at limit (wind .15, r x1.0)",lag x1.5,vector_field,2005,True,3.3933434772747875,1.0691278201455974,5.783045104187233,5.475768075322657
fixed_wing,"at limit (wind .15, r x1.0)",lag x1.5,vector_field,2006,True,6.956028253789589,1.9444766598304817,9.905262656114845,11.007670632714017
fixed_wing,"at limit (wind .15, r x1.0)",lag x1.5,vector_field,2007,True,5.797217786097199,2.1006954604243195,9.910380285271001,8.396256523598293
fixed_wing,"at limit (wind .15, r x1.0)",lag x1.5,vector_field,2008,True,9.314955316358883,2.4435347062252855,12.39816071816611,15.217788025085465
fixed_wing,"at limit (wind .15, r x1.0)",lag x1.5,vector_field,2009,True,2.552702295343058,0.47359343787388913,3.6125464498406115,5.458484563838502
fixed_wing,"at limit (wind .15, r x1.0)",lag x1.5,vector_field,2010,True,9.097352261778278,4.837863847839213,14.557469036508097,11.512219289464898
fixed_wing,"at limit (wind .15, r x1.0)",lag x1.5,vector_field,2011,True,1.4834675131737687,0.3141120325455642,1.9266832987480513,3.8193046324969555
fixed_wing,"at limit (wind .15, r x1.0)",lag x1.5,lead_vf,2000,True,0.861430237545475,0.5107567202221622,1.107276332896411,1.837865286990493
fixed_wing,"at limit (wind .15, r x1.0)",lag x1.5,lead_vf,2001,True,2.7926075786951676,1.0943124458762377,4.633924460053724,4.519875330660314
fixed_wing,"at limit (wind .15, r x1.0)",lag x1.5,lead_vf,2002,True,2.1170737149431975,0.7746397324708693,3.4507833412184783,2.349451657802711
fixed_wing,"at limit (wind .15, r x1.0)",lag x1.5,lead_vf,2003,True,0.9393686588535375,0.49803840217496015,1.332495459574386,1.3658190282702738
fixed_wing,"at limit (wind .15, r x1.0)",lag x1.5,lead_vf,2004,True,2.1301636011814917,0.8369066908110148,3.6499547049922745,3.2195341556742587
fixed_wing,"at limit (wind .15, r x1.0)",lag x1.5,lead_vf,2005,True,1.3439604544988752,0.6338256040020007,2.220772899892507,2.0081026915035487
fixed_wing,"at limit (wind .15, r x1.0)",lag x1.5,lead_vf,2006,True,2.7786992579731473,1.0751686622269594,4.39445555413784,3.455848370701671
fixed_wing,"at limit (wind .15, r x1.0)",lag x1.5,lead_vf,2007,True,2.416623718921634,1.106372257841671,4.268358298797592,2.798103965621354
fixed_wing,"at limit (wind .15, r x1.0)",lag x1.5,lead_vf,2008,True,3.7941803959088487,1.3406095807966254,6.002251097622761,4.77175105451145
fixed_wing,"at limit (wind .15, r x1.0)",lag x1.5,lead_vf,2009,True,1.037087492927961,0.6255628562860431,1.459803252421232,1.76758844180293
fixed_wing,"at limit (wind .15, r x1.0)",lag x1.5,lead_vf,2010,True,1.9588681466013658,0.6532666626153864,3.461038755892596,2.3113974927544954
fixed_wing,"at limit (wind .15, r x1.0)",lag x1.5,lead_vf,2011,True,0.8646668512582276,0.43552174765577994,1.3170869752934489,1.6079865718992128
fixed_wing,"at limit (wind .15, r x1.0)",lag x1.5,adaptive_vf,2000,True,3.065933014786483,0.825713525993552,5.081157120590387,5.430423779856246
fixed_wing,"at limit (wind .15, r x1.0)",lag x1.5,adaptive_vf,2001,True,7.742629076267942,2.195178802230927,11.96203281151077,14.666495533104696
fixed_wing,"at limit (wind .15, r x1.0)",lag x1.5,adaptive_vf,2002,True,6.763050833194179,1.8100545090217544,9.774559535705883,10.405875413170262
fixed_wing,"at limit (wind .15, r x1.0)",lag x1.5,adaptive_vf,2003,True,1.7180697895485815,0.3181519154259353,1.683158493968688,3.638020284984734
fixed_wing,"at limit (wind .15, r x1.0)",lag x1.5,adaptive_vf,2004,True,5.837813530612776,1.5213881574560948,9.578310333062289,10.647393308500673
fixed_wing,"at limit (wind .15, r x1.0)",lag x1.5,adaptive_vf,2005,True,3.342951603172733,0.866916001017834,5.714549737980207,5.594596229485449
fixed_wing,"at limit (wind .15, r x1.0)",lag x1.5,adaptive_vf,2006,True,6.867380922671336,1.7378793900781766,9.798027647932154,10.925004015558251
fixed_wing,"at limit (wind .15, r x1.0)",lag x1.5,adaptive_vf,2007,True,5.679719381084164,1.9509571108861363,9.649869046147643,8.485456500441066
fixed_wing,"at limit (wind .15, r x1.0)",lag x1.5,adaptive_vf,2008,True,9.42621851805152,2.455320639769887,12.550202571170662,15.391335783049529
fixed_wing,"at limit (wind .15, r x1.0)",lag x1.5,adaptive_vf,2009,True,2.614007209476675,0.4308716577412302,3.7676146426501043,5.5222135768129474
fixed_wing,"at limit (wind .15, r x1.0)",lag x1.5,adaptive_vf,2010,True,8.78642483884335,4.379191880189068,14.239220862192449,11.257762780585871
fixed_wing,"at limit (wind .15, r x1.0)",lag x1.5,adaptive_vf,2011,True,1.5369723132373874,0.31348420237353497,2.0201347131744085,3.926981986875361
fixed_wing,"at limit (wind .15, r x1.0)",lag x1.5,carrot_chasing,2000,True,0.6850131648147937,0.2635416146004638,0.892767156934232,1.7026213503179657
fixed_wing,"at limit (wind .15, r x1.0)",lag x1.5,carrot_chasing,2001,True,2.388950395704219,0.40337397181776086,4.12586802996417,4.103260131714067
fixed_wing,"at limit (wind .15, r x1.0)",lag x1.5,carrot_chasing,2002,True,1.4829392425692771,0.31969027447911813,2.132833575183165,2.4962362174745008
fixed_wing,"at limit (wind .15, r x1.0)",lag x1.5,carrot_chasing,2003,True,1.1287381611035576,0.2617036987999951,1.0652876147970876,2.4957593986505584
fixed_wing,"at limit (wind .15, r x1.0)",lag x1.5,carrot_chasing,2004,True,1.9363149570493208,0.297857620190415,3.428921810004851,3.219164182147842
fixed_wing,"at limit (wind .15, r x1.0)",lag x1.5,carrot_chasing,2005,True,0.6735479040340393,0.26821707701015146,0.7656099326770991,1.8834548700238736
fixed_wing,"at limit (wind .15, r x1.0)",lag x1.5,carrot_chasing,2006,True,1.9371533476303608,0.35634005748897474,3.038969299743686,2.8182247452274463
fixed_wing,"at limit (wind .15, r x1.0)",lag x1.5,carrot_chasing,2007,True,1.5067738974174743,0.4085398595880535,2.690664355100941,2.1826180356704334
fixed_wing,"at limit (wind .15, r x1.0)",lag x1.5,carrot_chasing,2008,True,3.6049636761903017,0.6506751660859398,5.586461886305178,5.168662952357315
fixed_wing,"at limit (wind .15, r x1.0)",lag x1.5,carrot_chasing,2009,True,0.8743019873490503,0.23894965389173298,1.0497947785636637,2.1677888201346915
fixed_wing,"at limit (wind .15, r x1.0)",lag x1.5,carrot_chasing,2010,True,2.2821220239226294,0.4255535497971787,4.018951180212064,3.108049397566879
fixed_wing,"at limit (wind .15, r x1.0)",lag x1.5,carrot_chasing,2011,True,0.7434908195577445,0.23600146342566258,0.8930368673604319,2.031784402956932
fixed_wing,"at limit (wind .15, r x1.0)",lag x2,pure_pursuit,2000,True,1.355081511180654,1.2025277735270206,1.4418370968183203,2.1027745939620646
fixed_wing,"at limit (wind .15, r x1.0)",lag x2,pure_pursuit,2001,True,4.545100589327524,1.7094588622776488,7.193311950980047,8.150092193938121
fixed_wing,"at limit (wind .15, r x1.0)",lag x2,pure_pursuit,2002,True,3.360090183832814,1.6707682180182244,5.159681340604721,3.9010503243115022
fixed_wing,"at limit (wind .15, r x1.0)",lag x2,pure_pursuit,2003,True,1.2767770572225647,1.058394650386935,1.4687024143164418,1.6439791258668393
fixed_wing,"at limit (wind .15, r x1.0)",lag x2,pure_pursuit,2004,True,3.671617187313078,1.6506528293319176,5.936267244709562,6.092895900906327
fixed_wing,"at limit (wind .15, r x1.0)",lag x2,pure_pursuit,2005,True,1.9770715650248463,1.228799261355871,2.855522100440714,3.331446991943656
fixed_wing,"at limit (wind .15, r x1.0)",lag x2,pure_pursuit,2006,True,3.964179200348618,1.84543142395397,5.948993204429938,5.228114825911767
fixed_wing,"at limit (wind .15, r x1.0)",lag x2,pure_pursuit,2007,True,3.276056672214593,1.8491261450788121,5.505787901584282,3.7153001647975414
fixed_wing,"at limit (wind .15, r x1.0)",lag x2,pure_pursuit,2008,True,5.25879407502396,2.1438415405637623,7.837338470690084,7.20071690265615
fixed_wing,"at limit (wind .15, r x1.0)",lag x2,pure_pursuit,2009,True,1.4068863403396548,1.2389191827211465,1.6608255384982902,1.7492743399513089
fixed_wing,"at limit (wind .15, r x1.0)",lag x2,pure_pursuit,2010,True,3.3526766896403166,1.631652134173408,5.701681141455155,3.611401095289822
fixed_wing,"at limit (wind .15, r x1.0)",lag x2,pure_pursuit,2011,True,1.1737347485315757,0.9576617618916624,1.385469825718978,1.902697913935615
fixed_wing,"at limit (wind .15, r x1.0)",lag x2,l1,2000,True,1.3229128865518955,1.1969925840164524,1.4050154730481734,1.9410690042813634
fixed_wing,"at limit (wind .15, r x1.0)",lag x2,l1,2001,True,4.454856949337824,1.6942751082113188,7.04121108338307,8.018060841942214
fixed_wing,"at limit (wind .15, r x1.0)",lag x2,l1,2002,True,3.2616579668948313,1.6735393821307079,4.991365114626659,3.7381055977903586
fixed_wing,"at limit (wind .15, r x1.0)",lag x2,l1,2003,True,1.2639697643559031,1.0602084826828841,1.444700822703154,1.6100092145558313
fixed_wing,"at limit (wind .15, r x1.0)",lag x2,l1,2004,True,3.633930446682959,1.6786320245091255,5.846921086968793,6.040119130621118
fixed_wing,"at limit (wind .15, r x1.0)",lag x2,l1,2005,True,1.9684707888386708,1.235997240334845,2.83041122554814,3.311408872816112
fixed_wing,"at limit (wind .15, r x1.0)",lag x2,l1,2006,True,3.8366011737572836,1.8083785192324024,5.750625293614036,5.0424393445005435
fixed_wing,"at limit (wind .15, r x1.0)",lag x2,l1,2007,True,3.165267786016623,1.8291596676235677,5.272270793047094,3.593796670329274
fixed_wing,"at limit (wind .15, r x1.0)",lag x2,l1,2008,True,5.181989937028505,2.1788021182844792,7.708680479227911,7.042589990599372
fixed_wing,"at limit (wind .15, r x1.0)",lag x2,l1,2009,True,1.3884456742262716,1.2390199523785483,1.6128019926793007,1.7088631530528222
fixed_wing,"at limit (wind .15, r x1.0)",lag x2,l1,2010,True,3.219721409553531,1.6196198229843524,5.434953885788887,3.467911750422453
fixed_wing,"at limit (wind .15, r x1.0)",lag x2,l1,2011,True,1.172200485239841,0.9649093551938988,1.3717249665761497,1.8882311399132288
fixed_wing,"at limit (wind .15, r x1.0)",lag x2,vector_field,2000,True,4.17346181733371,2.0490580284617157,6.834340425320535,5.937932634851604
fixed_wing,"at limit (wind .15, r x1.0)",lag x2,vector_field,2001,True,8.543449893154328,3.4108438499508593,13.611916414533862,14.347538074986348
fixed_wing,"at limit (wind .15, r x1.0)",lag x2,vector_field,2002,True,8.47842492348874,2.9014547621679334,11.510741126373482,13.552593819318869
fixed_wing,"at limit (wind .15, r x1.0)",lag x2,vector_field,2003,True,2.254627152170497,0.7355508984687236,2.352331427379675,4.509677998691253
fixed_wing,"at limit (wind .15, r x1.0)",lag x2,vector_field,2004,True,7.645453305645492,3.2241913600855288,12.277942812362056,12.876190051561169
fixed_wing,"at limit (wind .15, r x1.0)",lag x2,vector_field,2005,True,4.1971935819895885,2.117169100981267,6.707270353293243,6.493385676633607
fixed_wing,"at limit (wind .15, r x1.0)",lag x2,vector_field,2006,True,9.020469360136815,4.17711198072835,12.734168824354178,13.10776197734837
fixed_wing,"at limit (wind .15, r x1.0)",lag x2,vector_field,2007,True,7.503634344696022,3.6789888211842583,12.395652262087197,10.251607958876036
fixed_wing,"at limit (wind .15, r x1.0)",lag x2,vector_field,2008,True,10.365849168575561,2.9828760356860315,12.97948185599337,17.554072250072824
fixed_wing,"at limit (wind .15, r x1.0)",lag x2,vector_field,2009,True,3.363471617209679,1.216896027790142,4.7727881221271184,6.6502029815993104
fixed_wing,"at limit (wind .15, r x1.0)",lag x2,vector_field,2010,True,13.217971697978028,9.093373621417705,19.646349314596993,15.361725620076607
fixed_wing,"at limit (wind .15, r x1.0)",lag x2,vector_field,2011,True,2.463499667118013,0.6901807291320601,3.521293959314306,5.624813690547429
fixed_wing,"at limit (wind .15, r x1.0)",lag x2,lead_vf,2000,True,0.9424799521496182,0.6719404718908488,1.2509461591645503,1.5717089829831086
fixed_wing,"at limit (wind .15, r x1.0)",lag x2,lead_vf,2001,True,3.5803088681011386,1.2712988495463837,5.892956887256345,6.057591686185286
fixed_wing,"at limit (wind .15, r x1.0)",lag x2,lead_vf,2002,True,2.553553280980539,0.8371122128740967,4.186805602791794,2.886114968172742
fixed_wing,"at limit (wind .15, r x1.0)",lag x2,lead_vf,2003,True,0.9595876109158685,0.568786776036281,1.3397409631686361,1.3346192313830738
fixed_wing,"at limit (wind .15, r x1.0)",lag x2,lead_vf,2004,True,3.112425833458264,1.1174553610269915,5.201719093447791,5.256464796003171
fixed_wing,"at limit (wind .15, r x1.0)",lag x2,lead_vf,2005,True,1.5908439518221298,0.7898640412366502,2.600984299547419,2.3430333552098657
fixed_wing,"at limit (wind .15, r x1.0)",lag x2,lead_vf,2006,True,3.346733952715649,1.1923040172077477,5.29135546252984,4.281930355269374
fixed_wing,"at limit (wind .15, r x1.0)",lag x2,lead_vf,2007,True,2.96605260717248,1.4243319729977562,5.210991272730273,3.343724808018706
fixed_wing,"at limit (wind .15, r x1.0)",lag x2,lead_vf,2008,True,4.774786819134414,1.604340252335803,7.406657822238727,6.338012746622008
fixed_wing,"at limit (wind .15, r x1.0)",lag x2,lead_vf,2009,True,1.1777898845178412,0.724390069054831,1.768539635864398,1.7317343921002504
fixed_wing,"at limit (wind .15, r x1.0)",lag x2,lead_vf,2010,True,2.781896642140708,0.9148624826627262,4.949183858306831,3.172910785112437
fixed_wing,"at limit (wind .15, r x1.0)",lag x2,lead_vf,2011,True,0.9381925545247184,0.5234241973098906,1.4464261029148537,1.5665056260258872
fixed_wing,"at limit (wind .15, r x1.0)",lag x2,adaptive_vf,2000,True,3.779770459829646,1.483333530614588,6.092682827142806,6.461196397867778
fixed_wing,"at limit (wind .15, r x1.0)",lag x2,adaptive_vf,2001,True,9.106616840684453,3.190160774332403,14.146276254111203,16.475723262685218
fixed_wing,"at limit (wind .15, r x1.0)",lag x2,adaptive_vf,2002,True,8.238628164058733,2.790741831189409,11.565067552249815,12.68707215996551
fixed_wing,"at limit (wind .15, r x1.0)",lag x2,adaptive_vf,2003,True,2.402484752750931,0.5858715782704386,2.534439020930062,4.866836044471149
fixed_wing,"at limit (wind .15, r x1.0)",lag x2,adaptive_vf,2004,True,8.229885492134203,2.9737796828600747,12.98193779223292,15.018759197197172
fixed_wing,"at limit (wind .15, r x1.0)",lag x2,adaptive_vf,2005,True,4.235225565167159,1.6942198742359582,7.009283157957986,6.8094937255432955
fixed_wing,"at limit (wind .15, r x1.0)",lag x2,adaptive_vf,2006,True,8.568710003566764,3.436205106363927,12.220476261916902,12.742613095914926
fixed_wing,"at limit (wind .15, r x1.0)",lag x2,adaptive_vf,2007,True,7.057430512575752,3.244830361959312,11.774889571577791,9.825236587085211
fixed_wing,"at limit (wind .15, r x1.0)",lag x2,adaptive_vf,2008,True,10.442595495294212,2.963375074063858,13.571769161025253,17.17541597253883
fixed_wing,"at limit (wind .15, r x1.0)",lag x2,adaptive_vf,2009,True,3.537931980113086,0.8319162380148417,5.219918075276723,7.0670307652706255
fixed_wing,"at limit (wind .15, r x1.0)",lag x2,adaptive_vf,2010,True,11.204775411130527,6.787587725567056,17.415921242274784,13.59873389719259
fixed_wing,"at limit (wind .15, r x1.0)",lag x2,adaptive_vf,2011,True,2.4183810747283583,0.5565062091450593,3.518095066991835,5.538959093728023
fixed_wing,"at limit (wind .15, r x1.0)",lag x2,carrot_chasing,2000,True,0.9559921982623549,0.7745435082272935,1.2522754808551657,1.222940769627594
fixed_wing,"at limit (wind .15, r x1.0)",lag x2,carrot_chasing,2001,True,3.1299598789671133,1.1382256872632588,5.299657159409309,4.902031359513615
fixed_wing,"at limit (wind .15, r x1.0)",lag x2,carrot_chasing,2002,True,2.2316243635897095,0.7911066786251266,3.5030570567339256,2.858014651530331
fixed_wing,"at limit (wind .15, r x1.0)",lag x2,carrot_chasing,2003,True,0.9738113023300993,0.4090869510403973,1.215092239635412,1.7618399251722479
fixed_wing,"at limit (wind .15, r x1.0)",lag x2,carrot_chasing,2004,True,2.7247629006659877,1.0572194927956489,4.639606879685782,4.214464533525553
fixed_wing,"at limit (wind .15, r x1.0)",lag x2,carrot_chasing,2005,True,0.7536509128984901,0.6022320824573827,0.929575108595395,1.1966308146943845
fixed_wing,"at limit (wind .15, r x1.0)",lag x2,carrot_chasing,2006,True,2.973212326647817,0.9345488350113947,4.510400218741874,4.333836093001515
fixed_wing,"at limit (wind .15, r x1.0)",lag x2,carrot_chasing,2007,True,2.5793838486731335,1.4170423913639583,4.272302397529911,3.248380956794424
fixed_wing,"at limit (wind .15, r x1.0)",lag x2,carrot_chasing,2008,True,4.028191034901914,1.334445619908041,5.574565928829355,6.450982478588494
fixed_wing,"at limit (wind .15, r x1.0)",lag x2,carrot_chasing,2009,True,0.7421663683878464,0.4080264443815005,1.0653131690495987,1.308153480972203
fixed_wing,"at limit (wind .15, r x1.0)",lag x2,carrot_chasing,2010,True,3.2790483710294347,1.2429886778676942,5.6319120441637205,4.103368170899479
fixed_wing,"at limit (wind .15, r x1.0)",lag x2,carrot_chasing,2011,True,0.6003577435328795,0.38939822837420274,0.876229220126041,0.9638445111186476
fixed_wing,"at limit (wind .15, r x1.0)",true a_max x0.8,pure_pursuit,2000,True,0.9591768277395963,0.5443493513054535,1.2703719477775035,2.021568461977543
fixed_wing,"at limit (wind .15, r x1.0)",true a_max x0.8,pure_pursuit,2001,True,6.130854538418932,3.9282656567372882,9.505284735949243,7.90742114577638
fixed_wing,"at limit (wind .15, r x1.0)",true a_max x0.8,pure_pursuit,2002,True,3.9786337045801625,2.266153026241268,6.319426376386122,3.422772640504326
fixed_wing,"at limit (wind .15, r x1.0)",true a_max x0.8,pure_pursuit,2003,True,0.957966131662575,0.5297591046265697,1.411153821445943,1.2721630899106544
fixed_wing,"at limit (wind .15, r x1.0)",true a_max x0.8,pure_pursuit,2004,True,5.332688011801165,3.264610935975558,8.53099117708986,6.67945777273197
fixed_wing,"at limit (wind .15, r x1.0)",true a_max x0.8,pure_pursuit,2005,True,2.1596951265412567,1.0406272154505052,3.5958530338947043,3.0553452048949556
fixed_wing,"at limit (wind .15, r x1.0)",true a_max x0.8,pure_pursuit,2006,True,5.36136638877866,3.3193821455393047,8.206562237722398,5.186207018305098
fixed_wing,"at limit (wind .15, r x1.0)",true a_max x0.8,pure_pursuit,2007,True,3.550843330384736,2.3520129087441215,5.839660853320956,3.1903341356308332
fixed_wing,"at limit (wind .15, r x1.0)",true a_max x0.8,pure_pursuit,2008,True,7.323491417110108,4.355369512459165,11.15303046008146,7.687349731789521
fixed_wing,"at limit (wind .15, r x1.0)",true a_max x0.8,pure_pursuit,2009,True,1.0221798800165123,0.6343444021166901,1.4512101705598708,1.6693689054844074
fixed_wing,"at limit (wind .15, r x1.0)",true a_max x0.8,pure_pursuit,2010,True,3.586180860985384,1.8984889463101133,6.172241854318552,3.134673470602799
fixed_wing,"at limit (wind .15, r x1.0)",true a_max x0.8,pure_pursuit,2011,True,1.0189910506030877,0.5210703976922775,1.6080473805714752,1.7247775168537753
fixed_wing,"at limit (wind .15, r x1.0)",true a_max x0.8,l1,2000,True,0.9274694834439853,0.5438110901335226,1.1814842958960352,2.0074852972261787
fixed_wing,"at limit (wind .15, r x1.0)",true a_max x0.8,l1,2001,True,5.989837841155899,3.80535291361484,9.285665585568937,7.812631234468823
fixed_wing,"at limit (wind .15, r x1.0)",true a_max x0.8,l1,2002,True,3.8041741396467637,2.0764448160827125,6.094308019302294,3.287568078475563
fixed_wing,"at limit (wind .15, r x1.0)",true a_max x0.8,l1,2003,True,0.9474027925944908,0.5300481398804928,1.373079279423271,1.287576238370655
fixed_wing,"at limit (wind .15, r x1.0)",true a_max x0.8,l1,2004,True,5.226663461799286,3.1709420356367986,8.421644763546416,6.471347370595817
fixed_wing,"at limit (wind .15, r x1.0)",true a_max x0.8,l1,2005,True,2.119724677662467,0.9972890925008274,3.5610454676219456,2.9487616735519757
fixed_wing,"at limit (wind .15, r x1.0)",true a_max x0.8,l1,2006,True,5.1701849231767545,3.1288867516870265,7.995145685883599,4.983773823614075
fixed_wing,"at limit (wind .15, r x1.0)",true a_max x0.8,l1,2007,True,3.3771297253694867,2.2093679599653724,5.584654184870953,3.0135451923607026
fixed_wing,"at limit (wind .15, r x1.0)",true a_max x0.8,l1,2008,True,7.156516819076281,4.161936396733196,11.002619315311762,7.452791449802367
fixed_wing,"at limit (wind .15, r x1.0)",true a_max x0.8,l1,2009,True,0.9977333255680584,0.6337545029234483,1.3588424643877983,1.7031183475894802
fixed_wing,"at limit (wind .15, r x1.0)",true a_max x0.8,l1,2010,True,3.4053127478372107,1.739461722476094,5.906790875388943,2.990293243360372
fixed_wing,"at limit (wind .15, r x1.0)",true a_max x0.8,l1,2011,True,1.0011794358166957,0.5223058959337311,1.5768796731283106,1.6856534753603998
fixed_wing,"at limit (wind .15, r x1.0)",true a_max x0.8,vector_field,2000,True,3.83441256629554,1.3943347748710353,5.964919335943461,7.255719549181513
fixed_wing,"at limit (wind .15, r x1.0)",true a_max x0.8,vector_field,2001,True,11.595156358064841,7.371162968514613,16.65748678099481,17.749708725084886
fixed_wing,"at limit (wind .15, r x1.0)",true a_max x0.8,vector_field,2002,True,10.920772816997747,6.628437171064028,15.493835508439664,13.26282117705846
fixed_wing,"at limit (wind .15, r x1.0)",true a_max x0.8,vector_field,2003,True,2.986246566397959,0.4377941775999649,4.0565132575063165,5.316524151794423
fixed_wing,"at limit (wind .15, r x1.0)",true a_max x0.8,vector_field,2004,True,9.131198710182465,5.684537564121434,13.79424477039374,13.300202871148436
fixed_wing,"at limit (wind .15, r x1.0)",true a_max x0.8,vector_field,2005,True,4.830540428768629,1.964633967968644,8.130118088708876,7.300390034520945
fixed_wing,"at limit (wind .15, r x1.0)",true a_max x0.8,vector_field,2006,True,10.66127161752243,6.262203408029693,15.556899302564279,12.866134852114435
fixed_wing,"at limit (wind .15, r x1.0)",true a_max x0.8,vector_field,2007,True,8.535967537369118,5.114563510956858,13.852882684328529,10.097798412158664
fixed_wing,"at limit (wind .15, r x1.0)",true a_max x0.8,vector_field,2008,True,13.505835172520335,7.695597660836813,18.732144264814647,17.67480410307548
fixed_wing,"at limit (wind .15, r x1.0)",true a_max x0.8,vector_field,2009,True,3.49536837223284,0.5996794104316112,5.7784285482514,6.115115127636747
fixed_wing,"at limit (wind .15, r x1.0)",true a_max x0.8,vector_field,2010,True,11.931911260441764,8.757026606364933,17.690079509053277,12.198368501335215
fixed_wing,"at limit (wind .15, r x1.0)",true a_max x0.8,vector_field,2011,True,1.9990360248052501,0.24650183865599357,3.0646312182018045,4.472177301854799
fixed_wing,"at limit (wind .15, r x1.0)",true a_max x0.8,lead_vf,2000,True,1.1775523913952446,0.5552446654982395,1.7898935323828242,2.1998501203150136
fixed_wing,"at limit (wind .15, r x1.0)",true a_max x0.8,lead_vf,2001,True,5.654023313398579,3.7648928099633063,8.738390842474963,6.816974273494681
fixed_wing,"at limit (wind .15, r x1.0)",true a_max x0.8,lead_vf,2002,True,4.096989243308415,2.6193500640970653,6.273014674833317,3.476565508605023
fixed_wing,"at limit (wind .15, r x1.0)",true a_max x0.8,lead_vf,2003,True,1.210618796449207,0.6185603674170045,1.8143852379201788,1.6307272619364244
fixed_wing,"at limit (wind .15, r x1.0)",true a_max x0.8,lead_vf,2004,True,4.970680432950741,3.240521393552623,7.848443755569783,5.7339326906101435
fixed_wing,"at limit (wind .15, r x1.0)",true a_max x0.8,lead_vf,2005,True,1.9928718301042199,1.0601110151135005,3.3186976838672777,2.4783955773514195
fixed_wing,"at limit (wind .15, r x1.0)",true a_max x0.8,lead_vf,2006,True,5.26871971106052,3.5312555427692445,7.926808670424213,4.77150131429118
fixed_wing,"at limit (wind .15, r x1.0)",true a_max x0.8,lead_vf,2007,True,3.693569844350201,2.530433321058671,5.999017173685717,3.1570903783457362
fixed_wing,"at limit (wind .15, r x1.0)",true a_max x0.8,lead_vf,2008,True,7.5893849925367,5.030097271532055,11.205732502749813,7.682344184730174
fixed_wing,"at limit (wind .15, r x1.0)",true a_max x0.8,lead_vf,2009,True,1.3008745244509858,0.710967710801495,1.9683989864909,2.1030849054448297
fixed_wing,"at limit (wind .15, r x1.0)",true a_max x0.8,lead_vf,2010,True,3.6807862467966395,2.2226668146189765,6.100602272978215,3.1709453100217613
fixed_wing,"at limit (wind .15, r x1.0)",true a_max x0.8,lead_vf,2011,True,1.1181012039025224,0.47330193427364936,1.7888047985821545,2.05640586155103
fixed_wing,"at limit (wind .15, r x1.0)",true a_max x0.8,adaptive_vf,2000,True,3.8449732211234737,1.4033800760602337,5.9580028293773,7.348390772551984
fixed_wing,"at limit (wind .15, r x1.0)",true a_max x0.8,adaptive_vf,2001,True,11.506725196535893,7.257083041885115,16.639879596179632,17.58912607359293
fixed_wing,"at limit (wind .15, r x1.0)",true a_max x0.8,adaptive_vf,2002,True,10.90674316272548,6.645319766981079,15.458152689191534,13.237887273180727
fixed_wing,"at limit (wind .15, r x1.0)",true a_max x0.8,adaptive_vf,2003,True,3.028996213541863,0.5169487330267459,4.109955668875024,5.371595475372235
fixed_wing,"at limit (wind .15, r x1.0)",true a_max x0.8,adaptive_vf,2004,True,9.265995906179883,5.7811933285667765,13.951556937227606,13.565662240908274
fixed_wing,"at limit (wind .15, r x1.0)",true a_max x0.8,adaptive_vf,2005,True,4.861310431317726,2.0442152227563466,8.130743295809742,7.349179306137851
fixed_wing,"at limit (wind .15, r x1.0)",true a_max x0.8,adaptive_vf,2006,True,10.679865570243308,6.285812045162696,15.550513732939612,12.947256121834588
fixed_wing,"at limit (wind .15, r x1.0)",true a_max x0.8,adaptive_vf,2007,True,8.349421439678055,4.97670957194342,13.572526927959919,9.879171265933332
fixed_wing,"at limit (wind .15, r x1.0)",true a_max x0.8,adaptive_vf,2008,True,13.541372135000096,7.609239935722797,18.755434602121053,17.883221423436737
fixed_wing,"at limit (wind .15, r x1.0)",true a_max x0.8,adaptive_vf,2009,True,3.414390006795555,0.6729639635807239,5.632899086090746,5.955673416896264
fixed_wing,"at limit (wind .15, r x1.0)",true a_max x0.8,adaptive_vf,2010,True,11.795267440451578,8.680187969259263,17.472068813357836,12.043091870590324
fixed_wing,"at limit (wind .15, r x1.0)",true a_max x0.8,adaptive_vf,2011,True,2.056095403234711,0.3141496660390291,3.167707042309587,4.531310586498505
fixed_wing,"at limit (wind .15, r x1.0)",true a_max x0.8,carrot_chasing,2000,True,0.5547740411104133,0.16591607879379786,0.8016586996098971,1.283571914023934
fixed_wing,"at limit (wind .15, r x1.0)",true a_max x0.8,carrot_chasing,2001,True,5.143088538969931,3.055061750684019,8.287049951052209,6.488393003221219
fixed_wing,"at limit (wind .15, r x1.0)",true a_max x0.8,carrot_chasing,2002,True,3.368294435106831,1.4898869399728716,5.5033597935733525,3.322304279265927
fixed_wing,"at limit (wind .15, r x1.0)",true a_max x0.8,carrot_chasing,2003,True,1.0490071125579892,0.18682077512801898,0.8600806453977433,2.4200796457591185
fixed_wing,"at limit (wind .15, r x1.0)",true a_max x0.8,carrot_chasing,2004,True,4.545459524118242,2.6058969200814803,7.530649741027842,5.435120171681694
fixed_wing,"at limit (wind .15, r x1.0)",true a_max x0.8,carrot_chasing,2005,True,1.2805357878991444,0.35827528253835095,2.2126639978817306,2.098710128805301
fixed_wing,"at limit (wind .15, r x1.0)",true a_max x0.8,carrot_chasing,2006,True,4.622947648653927,2.4224817870699007,7.363825849489262,4.616536761495139
fixed_wing,"at limit (wind .15, r x1.0)",true a_max x0.8,carrot_chasing,2007,True,2.8998199272781555,1.6566986892007882,4.987120768425663,2.798617122337866
fixed_wing,"at limit (wind .15, r x1.0)",true a_max x0.8,carrot_chasing,2008,True,6.45532694237375,3.463025231359338,10.094281988598146,6.855621840869997
fixed_wing,"at limit (wind .15, r x1.0)",true a_max x0.8,carrot_chasing,2009,True,0.7331028116983385,0.18249950850877392,0.627177650696886,2.0596564360258376
fixed_wing,"at limit (wind .15, r x1.0)",true a_max x0.8,carrot_chasing,2010,True,3.6073832238842924,1.494954593868047,6.403850112436278,3.5773627796879697
fixed_wing,"at limit (wind .15, r x1.0)",true a_max x0.8,carrot_chasing,2011,True,0.637684111745336,0.1678317719347031,0.6137896390069035,1.9336722122552181
fixed_wing,"at limit (wind .15, r x1.0)",true a_max x0.6,pure_pursuit,2000,True,3.4662928368016668,1.166639536066685,5.92756589515977,5.287817161083934
fixed_wing,"at limit (wind .15, r x1.0)",true a_max x0.6,pure_pursuit,2001,True,14.80040825410038,13.846674551312761,17.344893431679544,14.497782568999549
fixed_wing,"at limit (wind .15, r x1.0)",true a_max x0.6,pure_pursuit,2002,True,11.304164082051916,10.678659763516414,14.028886806176828,7.185013809132608
fixed_wing,"at limit (wind .15, r x1.0)",true a_max x0.6,pure_pursuit,2003,True,3.6662432964757894,1.372945587871347,6.208223726739462,4.156183169594647
fixed_wing,"at limit (wind .15, r x1.0)",true a_max x0.6,pure_pursuit,2004,True,13.310540077436702,12.199925980730217,16.11941008006698,12.963350220264244
fixed_wing,"at limit (wind .15, r x1.0)",true a_max x0.6,pure_pursuit,2005,True,5.941706149719613,4.786563006520203,8.272265842480392,6.06472396952679
fixed_wing,"at limit (wind .15, r x1.0)",true a_max x0.6,pure_pursuit,2006,True,14.243039091754099,13.807089924362574,17.040203139363943,10.047013325381284
fixed_wing,"at limit (wind .15, r x1.0)",true a_max x0.6,pure_pursuit,2007,True,7.77457609936926,6.9996274849099755,10.45799197489776,4.9512645516858225
fixed_wing,"at limit (wind .15, r x1.0)",true a_max x0.6,pure_pursuit,2008,True,16.545152950323644,15.040957709565026,21.076252148924446,13.26562404875251
fixed_wing,"at limit (wind .15, r x1.0)",true a_max x0.6,pure_pursuit,2009,True,2.3490984754314517,0.9165135054332667,4.286812426486502,2.53918887075987
fixed_wing,"at limit (wind .15, r x1.0)",true a_max x0.6,pure_pursuit,2010,True,9.092765797294609,8.108246322393521,12.292026667879519,5.3136611650868435
fixed_wing,"at limit (wind .15, r x1.0)",true a_max x0.6,pure_pursuit,2011,True,2.7467208118102553,1.2495692424747833,4.775740664391538,3.6257964447888686
fixed_wing,"at limit (wind .15, r x1.0)",true a_max x0.6,l1,2000,True,3.312803126829414,1.0539174566844742,5.71390621681449,5.019435424853899
fixed_wing,"at limit (wind .15, r x1.0)",true a_max x0.6,l1,2001,True,14.957652887631761,14.125142563467245,17.300298185240866,14.484483878911341
fixed_wing,"at limit (wind .15, r x1.0)",true a_max x0.6,l1,2002,True,11.124281127122202,10.497158688466602,13.818607482684246,7.142071320891841
fixed_wing,"at limit (wind .15, r x1.0)",true a_max x0.6,l1,2003,True,3.577851836497966,1.2835520709621062,6.0828993679429635,4.040737424693105
fixed_wing,"at limit (wind .15, r x1.0)",true a_max x0.6,l1,2004,True,13.29146631781994,12.274482415288762,15.89944054695787,12.985304912748868
fixed_wing,"at limit (wind .15, r x1.0)",true a_max x0.6,l1,2005,True,5.874876130731066,4.758928362408896,8.124379676281011,6.031117890285664
fixed_wing,"at limit (wind .15, r x1.0)",true a_max x0.6,l1,2006,True,14.04129777580369,13.576992801957195,16.830897702150196,9.920758919499846
fixed_wing,"at limit (wind .15, r x1.0)",true a_max x0.6,l1,2007,True,7.559942242528168,6.789643287951459,10.235475568637971,4.703402507157374
fixed_wing,"at limit (wind .15, r x1.0)",true a_max x0.6,l1,2008,True,16.28773780052066,14.762886884866097,20.875582403280713,12.969368205878004
fixed_wing,"at limit (wind .15, r x1.0)",true a_max x0.6,l1,2009,True,2.2324695675338386,0.8667770419129562,4.061059952086213,2.447090467709111
fixed_wing,"at limit (wind .15, r x1.0)",true a_max x0.6,l1,2010,True,8.895236108379205,7.9088372514991185,12.059811199236586,5.209256253742251
fixed_wing,"at limit (wind .15, r x1.0)",true a_max x0.6,l1,2011,True,2.688506957097335,1.2189412654860892,4.678886601407263,3.5762257626594267
fixed_wing,"at limit (wind .15, r x1.0)",true a_max x0.6,vector_field,2000,True,8.314102271354905,4.703333271617522,12.549193660501937,13.151899963362359
fixed_wing,"at limit (wind .15, r x1.0)",true a_max x0.6,vector_field,2001,True,22.713355744140852,20.682219662825585,26.156242647644955,26.259470465771177
fixed_wing,"at limit (wind .15, r x1.0)",true a_max x0.6,vector_field,2002,True,22.078454405457645,20.642738818768915,26.14486391073211,19.59855314247406
fixed_wing,"at limit (wind .15, r x1.0)",true a_max x0.6,vector_field,2003,True,8.327388938128154,3.334419849489619,13.023904113686973,11.065444851635782
fixed_wing,"at limit (wind .15, r x1.0)",true a_max x0.6,vector_field,2004,True,18.97796306606189,17.161527388594408,22.406388981257138,21.538850374383966
fixed_wing,"at limit (wind .15, r x1.0)",true a_max x0.6,vector_field,2005,True,10.085992053111507,8.209233911401999,13.53199928835146,11.693217921691678
fixed_wing,"at limit (wind .15, r x1.0)",true a_max x0.6,vector_field,2006,True,23.49727758339021,22.43333314431871,27.288448049990738,20.827406836409683
fixed_wing,"at limit (wind .15, r x1.0)",true a_max x0.6,vector_field,2007,True,16.926357058726282,14.943808670502065,22.534223387825644,14.629457958138108
fixed_wing,"at limit (wind .15, r x1.0)",true a_max x0.6,vector_field,2008,True,28.574447419020185,25.160561733960325,34.675495998662704,29.139192548851888
fixed_wing,"at limit (wind .15, r x1.0)",true a_max x0.6,vector_field,2009,True,7.358607803029977,3.553129608320092,12.516008109710294,9.141959918495688
fixed_wing,"at limit (wind .15, r x1.0)",true a_max x0.6,vector_field,2010,True,21.33559169684962,20.85221722088498,25.033251140627634,15.425282805153486
fixed_wing,"at limit (wind .15, r x1.0)",true a_max x0.6,vector_field,2011,True,5.066959765117992,2.010323671363909,8.52190514280935,8.060437401241668
fixed_wing,"at limit (wind .15, r x1.0)",true a_max x0.6,lead_vf,2000,True,3.3856758232541515,1.7807205575967657,5.560252212936132,4.399083236127026
fixed_wing,"at limit (wind .15, r x1.0)",true a_max x0.6,lead_vf,2001,True,15.025084012188296,14.117910919469326,17.477911660417437,14.657868897182196
fixed_wing,"at limit (wind .15, r x1.0)",true a_max x0.6,lead_vf,2002,True,11.644476183769141,11.286685430827143,13.947125026793271,7.577808360846447
fixed_wing,"at limit (wind .15, r x1.0)",true a_max x0.6,lead_vf,2003,True,3.775857837617525,1.9661403569983378,6.152612387856088,3.980589382675309
fixed_wing,"at limit (wind .15, r x1.0)",true a_max x0.6,lead_vf,2004,True,13.989657009692136,12.937005544010763,16.650001598305824,13.786509133789131
fixed_wing,"at limit (wind .15, r x1.0)",true a_max x0.6,lead_vf,2005,True,5.515405830912504,4.494657683030855,7.713790271899198,5.080405886288306
fixed_wing,"at limit (wind .15, r x1.0)",true a_max x0.6,lead_vf,2006,True,13.953928828893192,13.588436983893054,16.698846709656,9.457953796546565
fixed_wing,"at limit (wind .15, r x1.0)",true a_max x0.6,lead_vf,2007,True,7.73157372711899,6.960927885248737,10.44117297601422,4.694906453488029
fixed_wing,"at limit (wind .15, r x1.0)",true a_max x0.6,lead_vf,2008,True,17.84996626262729,16.57566095129884,22.15119535753959,14.465884468875663
fixed_wing,"at limit (wind .15, r x1.0)",true a_max x0.6,lead_vf,2009,True,2.4908759605641433,1.3584928102162053,4.2912301756957225,2.5487002701766746
fixed_wing,"at limit (wind .15, r x1.0)",true a_max x0.6,lead_vf,2010,True,10.97390400456598,10.182771093675212,14.040618826955859,6.963417924869439
fixed_wing,"at limit (wind .15, r x1.0)",true a_max x0.6,lead_vf,2011,True,2.6571443589048136,1.3872801963001837,4.531638531795618,3.2975894896215174
fixed_wing,"at limit (wind .15, r x1.0)",true a_max x0.6,adaptive_vf,2000,True,8.482981627483312,4.769320835087777,12.732999100056926,13.653849077047779
fixed_wing,"at limit (wind .15, r x1.0)",true a_max x0.6,adaptive_vf,2001,True,22.58676951634022,20.50541633942859,26.10321020786257,26.150066351450846
fixed_wing,"at limit (wind .15, r x1.0)",true a_max x0.6,adaptive_vf,2002,True,22.119314989040102,20.595834656305772,26.327364862449837,19.624626412952615
fixed_wing,"at limit (wind .15, r x1.0)",true a_max x0.6,adaptive_vf,2003,True,8.358265366434164,3.4213171992134264,13.058453437243184,11.065260069080885
fixed_wing,"at limit (wind .15, r x1.0)",true a_max x0.6,adaptive_vf,2004,True,18.941649293606975,16.973153172359694,22.669101641346764,21.558282430199093
fixed_wing,"at limit (wind .15, r x1.0)",true a_max x0.6,adaptive_vf,2005,True,10.134241431988283,8.254689489411344,13.600146683798043,11.716689189881794
fixed_wing,"at limit (wind .15, r x1.0)",true a_max x0.6,adaptive_vf,2006,True,23.33938608691516,22.224532599954113,27.1903513394232,20.782740071232077
fixed_wing,"at limit (wind .15, r x1.0)",true a_max x0.6,adaptive_vf,2007,True,16.970599396094002,15.0752478557118,22.453952138820416,14.637276640657436
fixed_wing,"at limit (wind .15, r x1.0)",true a_max x0.6,adaptive_vf,2008,True,28.460463823574496,24.940016406188146,34.80326866076566,28.96223268451707
fixed_wing,"at limit (wind .15, r x1.0)",true a_max x0.6,adaptive_vf,2009,True,7.324991315947732,3.5055651084185997,12.472424169886704,9.110031793203616
fixed_wing,"at limit (wind .15, r x1.0)",true a_max x0.6,adaptive_vf,2010,True,21.313889261870813,20.788952960613763,25.14688399643255,15.296411683628126
fixed_wing,"at limit (wind .15, r x1.0)",true a_max x0.6,adaptive_vf,2011,True,5.176346052776121,2.142349493345082,8.617671004192655,8.30770971704214
fixed_wing,"at limit (wind .15, r x1.0)",true a_max x0.6,carrot_chasing,2000,True,4.088098606497594,1.1949012565043098,6.9619178115976235,6.597373984542071
fixed_wing,"at limit (wind .15, r x1.0)",true a_max x0.6,carrot_chasing,2001,True,14.031490282154627,13.114006780505479,16.68801269753815,13.131875938108333
fixed_wing,"at limit (wind .15, r x1.0)",true a_max x0.6,carrot_chasing,2002,True,10.975739541481664,10.36493267650015,13.583167651036014,7.131293072326069
fixed_wing,"at limit (wind .15, r x1.0)",true a_max x0.6,carrot_chasing,2003,True,3.0470286137112175,0.8848764531623923,5.180670228287664,3.6794041893765046
fixed_wing,"at limit (wind .15, r x1.0)",true a_max x0.6,carrot_chasing,2004,True,12.732818979336656,11.701668280918904,15.454438323669649,12.095563305855059
fixed_wing,"at limit (wind .15, r x1.0)",true a_max x0.6,carrot_chasing,2005,True,4.864342949176209,3.809117413788468,7.035109357541053,4.495957301025054
fixed_wing,"at limit (wind .15, r x1.0)",true a_max x0.6,carrot_chasing,2006,True,13.9783221617002,13.438950515665393,16.966732269101485,9.708548156320989
fixed_wing,"at limit (wind .15, r x1.0)",true a_max x0.6,carrot_chasing,2007,True,7.670584044771884,6.787020792267836,10.456750195061263,5.238091716747799
fixed_wing,"at limit (wind .15, r x1.0)",true a_max x0.6,carrot_chasing,2008,True,17.304164235403753,15.683420126756324,21.902586144218958,14.515049089601249
fixed_wing,"at limit (wind .15, r x1.0)",true a_max x0.6,carrot_chasing,2009,True,2.0666134433244774,0.3960446197451212,3.914224123109887,2.3597829002171147
fixed_wing,"at limit (wind .15, r x1.0)",true a_max x0.6,carrot_chasing,2010,True,10.034289122617796,9.008314954965462,13.318640359087649,6.682520715681124
fixed_wing,"at limit (wind .15, r x1.0)",true a_max x0.6,carrot_chasing,2011,True,2.011837801732042,0.6620834102008255,3.6964627705319937,2.521974064297111
fixed_wing,"at limit (wind .15, r x1.0)",position noise 2% r_min,pure_pursuit,2000,True,0.82259370697694,0.5736874837278456,0.9617500071863976,1.7029993693259413
fixed_wing,"at limit (wind .15, r x1.0)",position noise 2% r_min,pure_pursuit,2001,True,2.6649022243550875,0.9854910071277767,4.43879923429302,4.372219875905465
fixed_wing,"at limit (wind .15, r x1.0)",position noise 2% r_min,pure_pursuit,2002,True,1.6813609639815104,0.7620720717864755,2.6473808956522005,1.9333779942701808
fixed_wing,"at limit (wind .15, r x1.0)",position noise 2% r_min,pure_pursuit,2003,True,0.943540136023298,0.5799483017214078,1.3314583486632552,1.2601396036177606
fixed_wing,"at limit (wind .15, r x1.0)",position noise 2% r_min,pure_pursuit,2004,True,2.163187939698112,0.8837834684580598,3.665355614581676,3.3470644846075555
fixed_wing,"at limit (wind .15, r x1.0)",position noise 2% r_min,pure_pursuit,2005,True,1.076146074260267,0.6225065859522734,1.644839548284482,1.716266095180009
fixed_wing,"at limit (wind .15, r x1.0)",position noise 2% r_min,pure_pursuit,2006,True,2.1785620472887057,0.8995991128412103,3.411881287252312,2.738683038237141
fixed_wing,"at limit (wind .15, r x1.0)",position noise 2% r_min,pure_pursuit,2007,True,1.9112506256775956,0.9262364210237103,3.3082869470500786,2.314967573969382
fixed_wing,"at limit (wind .15, r x1.0)",position noise 2% r_min,pure_pursuit,2008,True,3.378646699666234,1.1146002853202222,5.393269071916964,4.229661243345038
fixed_wing,"at limit (wind .15, r x1.0)",position noise 2% r_min,pure_pursuit,2009,True,0.9544950028000105,0.6603552615014155,1.219908508054562,1.6386232753788472
fixed_wing,"at limit (wind .15, r x1.0)",position noise 2% r_min,pure_pursuit,2010,True,1.6693630330873535,0.6351056179908731,2.866314956080961,2.1210266212943116
fixed_wing,"at limit (wind .15, r x1.0)",position noise 2% r_min,pure_pursuit,2011,True,0.808239413675458,0.52139758723758,1.172881441517078,1.3292298673348732
fixed_wing,"at limit (wind .15, r x1.0)",position noise 2% r_min,l1,2000,True,0.8275602559855391,0.5700487426907407,0.9405619173920332,1.7903560485999228
fixed_wing,"at limit (wind .15, r x1.0)",position noise 2% r_min,l1,2001,True,2.548129548103802,0.8888162608040108,4.272541132802819,4.169005517145224
fixed_wing,"at limit (wind .15, r x1.0)",position noise 2% r_min,l1,2002,True,1.5918448286115625,0.7339612987129012,2.4708194318198924,1.9125408113037243
fixed_wing,"at limit (wind .15, r x1.0)",position noise 2% r_min,l1,2003,True,0.933017796422161,0.5707809104569102,1.295768898456246,1.2847825470573662
fixed_wing,"at limit (wind .15, r x1.0)",position noise 2% r_min,l1,2004,True,2.0847510928319752,0.8421025209259021,3.5167447831616094,3.28603520377146
fixed_wing,"at limit (wind .15, r x1.0)",position noise 2% r_min,l1,2005,True,1.0612704430159206,0.6157246194362815,1.615370420602837,1.7034941429078656
fixed_wing,"at limit (wind .15, r x1.0)",position noise 2% r_min,l1,2006,True,2.083032833462978,0.8326064695898449,3.2601684742563477,2.6506959495009697
fixed_wing,"at limit (wind .15, r x1.0)",position noise 2% r_min,l1,2007,True,1.8175472215873478,0.8606249208453459,3.1296704246650875,2.296802357036169
fixed_wing,"at limit (wind .15, r x1.0)",position noise 2% r_min,l1,2008,True,3.2398383814291836,0.9951201128726188,5.2266940223563685,4.004462793174339
fixed_wing,"at limit (wind .15, r x1.0)",position noise 2% r_min,l1,2009,True,0.9512330981421506,0.6542335722029101,1.1914168090570343,1.685179985942543
fixed_wing,"at limit (wind .15, r x1.0)",position noise 2% r_min,l1,2010,True,1.5631506667389299,0.5999298928569142,2.6500886061207174,2.0813196340437656
fixed_wing,"at limit (wind .15, r x1.0)",position noise 2% r_min,l1,2011,True,0.7988685020262006,0.5159229511762891,1.1453615877780534,1.350273466796837
fixed_wing,"at limit (wind .15, r x1.0)",position noise 2% r_min,vector_field,2000,True,2.1428917667937357,0.40238203883865853,3.7151515927244922,3.5162613802722817
fixed_wing,"at limit (wind .15, r x1.0)",position noise 2% r_min,vector_field,2001,True,6.245096150176724,1.556364011033681,9.60756676224811,12.172853039304163
fixed_wing,"at limit (wind .15, r x1.0)",position noise 2% r_min,vector_field,2002,True,4.552616954212131,0.9184236044675657,6.772626157523267,6.9440586280156875
fixed_wing,"at limit (wind .15, r x1.0)",position noise 2% r_min,vector_field,2003,True,1.1282072007215256,0.24745012229362837,0.9112343132983584,2.5184393194683428
fixed_wing,"at limit (wind .15, r x1.0)",position noise 2% r_min,vector_field,2004,True,4.662903374182506,1.0035342814870274,7.583141198264816,8.958145551506059
fixed_wing,"at limit (wind .15, r x1.0)",position noise 2% r_min,vector_field,2005,True,2.226065948452812,0.4128173573017837,3.890171146750822,3.6665028815629044
fixed_wing,"at limit (wind .15, r x1.0)",position noise 2% r_min,vector_field,2006,True,5.1040265293008025,0.8095447948017392,7.220009496476701,8.494101117834887
fixed_wing,"at limit (wind .15, r x1.0)",position noise 2% r_min,vector_field,2007,True,3.940267165134721,1.0156575507828867,6.762837750995928,6.191424714881478
fixed_wing,"at limit (wind .15, r x1.0)",position noise 2% r_min,vector_field,2008,True,7.7634067057017795,2.0225172066448898,10.503547244551111,12.631830595599592
fixed_wing,"at limit (wind .15, r x1.0)",position noise 2% r_min,vector_field,2009,True,1.7490657622149262,0.3072865407883707,2.4281963659613597,3.872699685912062
fixed_wing,"at limit (wind .15, r x1.0)",position noise 2% r_min,vector_field,2010,True,6.992599308468413,2.786530240989112,11.57832407926404,9.537466960386205
fixed_wing,"at limit (wind .15, r x1.0)",position noise 2% r_min,vector_field,2011,True,0.740000554207515,0.2074085153449049,0.8796398664341685,1.998702780552202
fixed_wing,"at limit (wind .15, r x1.0)",position noise 2% r_min,lead_vf,2000,True,0.950838786732132,0.4543940356275229,1.102948784077558,2.472628687690827
fixed_wing,"at limit (wind .15, r x1.0)",position noise 2% r_min,lead_vf,2001,True,2.4651030063869195,1.1412148589404274,4.043898705213262,3.772160594273252
fixed_wing,"at limit (wind .15, r x1.0)",position noise 2% r_min,lead_vf,2002,True,1.9823805624293018,0.9639266229229334,3.043761145257402,2.370903394403484
fixed_wing,"at limit (wind .15, r x1.0)",position noise 2% r_min,lead_vf,2003,True,1.0409788742288526,0.5590059379034251,1.3570771205049152,1.67745910227358
fixed_wing,"at limit (wind .15, r x1.0)",position noise 2% r_min,lead_vf,2004,True,1.883322538229516,0.8950575529385748,3.104131693180995,2.898265046991811
fixed_wing,"at limit (wind .15, r x1.0)",position noise 2% r_min,lead_vf,2005,True,1.1997391102890764,0.6190500105580612,1.876978588869607,2.0053951604190003
fixed_wing,"at limit (wind .15, r x1.0)",position noise 2% r_min,lead_vf,2006,True,2.4551376328436714,1.1703829539512778,3.7490229909802872,3.082854083799325
fixed_wing,"at limit (wind .15, r x1.0)",position noise 2% r_min,lead_vf,2007,True,2.05601488830111,0.9882532406162285,3.4899628704514587,2.7260259845832895
fixed_wing,"at limit (wind .15, r x1.0)",position noise 2% r_min,lead_vf,2008,True,3.2971837701390636,1.400245775658384,5.196752965476946,3.937611473847141
fixed_wing,"at limit (wind .15, r x1.0)",position noise 2% r_min,lead_vf,2009,True,1.1107500445084086,0.6515212710724255,1.3478387813464616,2.294258876712674
fixed_wing,"at limit (wind .15, r x1.0)",position noise 2% r_min,lead_vf,2010,True,1.7269562420894722,0.7567252115721819,2.819913511271674,2.4537530375500887
fixed_wing,"at limit (wind .15, r x1.0)",position noise 2% r_min,lead_vf,2011,True,0.9226406636456838,0.4280177319051926,1.3374722887754344,1.9447889663894777
fixed_wing,"at limit (wind .15, r x1.0)",position noise 2% r_min,adaptive_vf,2000,True,2.201398156081097,0.48964998023726064,3.7432838937922503,3.737962444510487
fixed_wing,"at limit (wind .15, r x1.0)",position noise 2% r_min,adaptive_vf,2001,True,6.320571563702624,1.6050532904510206,9.703579721203472,12.331578950363674
fixed_wing,"at limit (wind .15, r x1.0)",position noise 2% r_min,adaptive_vf,2002,True,4.74280631836737,1.1273261041439067,7.020209049748158,7.19741092317414
fixed_wing,"at limit (wind .15, r x1.0)",position noise 2% r_min,adaptive_vf,2003,True,1.1870573023052142,0.27478537270777603,0.9925381099400284,2.625502493329207
fixed_wing,"at limit (wind .15, r x1.0)",position noise 2% r_min,adaptive_vf,2004,True,4.714540233093242,1.0877159872606763,7.644226155435255,9.053080631383077
fixed_wing,"at limit (wind .15, r x1.0)",position noise 2% r_min,adaptive_vf,2005,True,2.2498896041653564,0.45156945636071344,3.9323263720556576,3.6814867957482065
fixed_wing,"at limit (wind .15, r x1.0)",position noise 2% r_min,adaptive_vf,2006,True,4.883632338100644,0.8601959429347977,6.8792173143670015,8.165286315172663
fixed_wing,"at limit (wind .15, r x1.0)",position noise 2% r_min,adaptive_vf,2007,True,3.929851223945951,1.0976216072197713,6.702496280966696,6.191588627779995
fixed_wing,"at limit (wind .15, r x1.0)",position noise 2% r_min,adaptive_vf,2008,True,7.4218177977176705,1.8140078380934455,9.954054953273937,12.25466981643345
fixed_wing,"at limit (wind .15, r x1.0)",position noise 2% r_min,adaptive_vf,2009,True,1.7213178057278042,0.3108452234848925,2.4444107431638353,3.7369979362392085
fixed_wing,"at limit (wind .15, r x1.0)",position noise 2% r_min,adaptive_vf,2010,True,6.953799319952984,2.799741033170883,11.482233203814406,9.491853584085122
fixed_wing,"at limit (wind .15, r x1.0)",position noise 2% r_min,adaptive_vf,2011,True,0.7244175654044563,0.20809999204592705,0.8638574626882592,1.951912923005522
fixed_wing,"at limit (wind .15, r x1.0)",position noise 2% r_min,carrot_chasing,2000,True,0.8143465704923681,0.22334363644918206,0.749919095878273,2.553256154553354
fixed_wing,"at limit (wind .15, r x1.0)",position noise 2% r_min,carrot_chasing,2001,True,2.0015125641432046,0.35967347916790443,3.397413370371422,3.609813795909829
fixed_wing,"at limit (wind .15, r x1.0)",position noise 2% r_min,carrot_chasing,2002,True,1.1837368517119686,0.25572484685534536,1.2781247812232417,2.5883617337456855
fixed_wing,"at limit (wind .15, r x1.0)",position noise 2% r_min,carrot_chasing,2003,True,1.13881149407598,0.24309923421504165,0.9111770132940117,2.632729209551136
fixed_wing,"at limit (wind .15, r x1.0)",position noise 2% r_min,carrot_chasing,2004,True,1.4058733699049473,0.3034780287515064,2.394184563127325,2.587216470568747
fixed_wing,"at limit (wind .15, r x1.0)",position noise 2% r_min,carrot_chasing,2005,True,0.8070293173109429,0.29432462210159765,0.9051971174924055,2.2993101276533956
fixed_wing,"at limit (wind .15, r x1.0)",position noise 2% r_min,carrot_chasing,2006,True,1.4936994004411495,0.3664295088527833,2.1280538628574077,2.5342488255457605
fixed_wing,"at limit (wind .15, r x1.0)",position noise 2% r_min,carrot_chasing,2007,True,1.2262165331875752,0.27384459695745045,1.9742390507794518,2.3528973729184015
fixed_wing,"at limit (wind .15, r x1.0)",position noise 2% r_min,carrot_chasing,2008,True,2.780164630530944,0.4307602098365535,4.466701790261255,3.757506442544802
fixed_wing,"at limit (wind .15, r x1.0)",position noise 2% r_min,carrot_chasing,2009,True,0.9469200883526708,0.2432098964776177,0.9838345265701208,2.5192946764884327
fixed_wing,"at limit (wind .15, r x1.0)",position noise 2% r_min,carrot_chasing,2010,True,1.240401846882993,0.24507607319546298,1.969017006244778,2.2504189283149065
fixed_wing,"at limit (wind .15, r x1.0)",position noise 2% r_min,carrot_chasing,2011,True,0.7750403333296458,0.21110833797425527,0.8124772887734668,2.2933134329216394
fixed_wing,"at limit (wind .15, r x1.0)",velocity noise 5%,pure_pursuit,2000,True,0.8381406122291588,0.6182175859092369,1.0022731631283242,1.5875299100878737
fixed_wing,"at limit (wind .15, r x1.0)",velocity noise 5%,pure_pursuit,2001,True,2.6758080014552825,0.9670400247117059,4.460508711164473,4.410133372825003
fixed_wing,"at limit (wind .15, r x1.0)",velocity noise 5%,pure_pursuit,2002,True,1.779243407852302,0.8324779848307169,2.794947781435932,2.0225611674510064
fixed_wing,"at limit (wind .15, r x1.0)",velocity noise 5%,pure_pursuit,2003,True,0.9868300226885415,0.6264727041156236,1.3706158922759077,1.3175264594652463
fixed_wing,"at limit (wind .15, r x1.0)",velocity noise 5%,pure_pursuit,2004,True,2.3017343166249153,0.9437628230286921,3.848292255740192,3.7023432679416515
fixed_wing,"at limit (wind .15, r x1.0)",velocity noise 5%,pure_pursuit,2005,True,1.1497859697586834,0.6553659424307414,1.7642124433697588,1.835957879845224
fixed_wing,"at limit (wind .15, r x1.0)",velocity noise 5%,pure_pursuit,2006,True,2.291326415236206,0.9603900588798464,3.581456245198881,2.871928198094281
fixed_wing,"at limit (wind .15, r x1.0)",velocity noise 5%,pure_pursuit,2007,True,1.969132352106668,0.9657326272448341,3.3972525950442587,2.402195046239534
fixed_wing,"at limit (wind .15, r x1.0)",velocity noise 5%,pure_pursuit,2008,True,3.42183067881064,1.1264983129580235,5.478879102361691,4.259419911340476
fixed_wing,"at limit (wind .15, r x1.0)",velocity noise 5%,pure_pursuit,2009,True,0.9909519825023015,0.7029382735861791,1.2522337229697933,1.6770612917381797
fixed_wing,"at limit (wind .15, r x1.0)",velocity noise 5%,pure_pursuit,2010,True,1.7859027883300547,0.7010133217843344,3.0811861715072326,2.164447450223101
fixed_wing,"at limit (wind .15, r x1.0)",velocity noise 5%,pure_pursuit,2011,True,0.8278889310462951,0.5439281005726516,1.187554381065083,1.3626845157435112
fixed_wing,"at limit (wind .15, r x1.0)",velocity noise 5%,l1,2000,True,0.8497575236027819,0.6175785921910711,0.9935593574801415,1.690894066647307
fixed_wing,"at limit (wind .15, r x1.0)",velocity noise 5%,l1,2001,True,2.568512802132254,0.88450080104968,4.321856536258539,4.2116067240473525
fixed_wing,"at limit (wind .15, r x1.0)",velocity noise 5%,l1,2002,True,1.691849449270384,0.811800163947604,2.609457073976913,2.023891024914443
fixed_wing,"at limit (wind .15, r x1.0)",velocity noise 5%,l1,2003,True,0.9940568995100543,0.6273703631340932,1.3614068416977656,1.3633559493851632
fixed_wing,"at limit (wind .15, r x1.0)",velocity noise 5%,l1,2004,True,2.226320855284946,0.8896713391619239,3.7526054143495173,3.5442238920691325
fixed_wing,"at limit (wind .15, r x1.0)",velocity noise 5%,l1,2005,True,1.133744604970295,0.6574246620573052,1.724304515788364,1.8252558673562238
fixed_wing,"at limit (wind .15, r x1.0)",velocity noise 5%,l1,2006,True,2.1924268519608376,0.8944973028136588,3.4084210531552404,2.8143885266240054
fixed_wing,"at limit (wind .15, r x1.0)",velocity noise 5%,l1,2007,True,1.8770259232378754,0.9041176590199441,3.2344862126898817,2.3327340509105836
fixed_wing,"at limit (wind .15, r x1.0)",velocity noise 5%,l1,2008,True,3.2794546690963062,1.042305485941665,5.2456469715227385,4.12618126338823
fixed_wing,"at limit (wind .15, r x1.0)",velocity noise 5%,l1,2009,True,0.9972181708609049,0.7034158657554684,1.2320746443229276,1.7488233844378887
fixed_wing,"at limit (wind .15, r x1.0)",velocity noise 5%,l1,2010,True,1.68027484261323,0.6653652149338726,2.880249156464203,2.090033556011004
fixed_wing,"at limit (wind .15, r x1.0)",velocity noise 5%,l1,2011,True,0.8283431744826304,0.5450804154831703,1.1805199645383255,1.3808315354568734
fixed_wing,"at limit (wind .15, r x1.0)",velocity noise 5%,vector_field,2000,True,2.0810510562015354,0.41553467425506396,3.6051929974070114,3.3664186557376303
fixed_wing,"at limit (wind .15, r x1.0)",velocity noise 5%,vector_field,2001,True,6.424980202179211,1.6337497182927714,9.85430302695521,12.587824273756716
fixed_wing,"at limit (wind .15, r x1.0)",velocity noise 5%,vector_field,2002,True,4.670210473166991,0.9447345958268415,6.9178202396150015,7.176675794363258
fixed_wing,"at limit (wind .15, r x1.0)",velocity noise 5%,vector_field,2003,True,1.0765254350801545,0.2920761870846892,0.7955637731394318,2.4116114866861977
fixed_wing,"at limit (wind .15, r x1.0)",velocity noise 5%,vector_field,2004,True,4.5391685852667205,0.9272994030703592,7.471809023552106,8.52894575281369
fixed_wing,"at limit (wind .15, r x1.0)",velocity noise 5%,vector_field,2005,True,2.466126636959634,0.4833023296378387,4.228162756728783,4.292676369401272
fixed_wing,"at limit (wind .15, r x1.0)",velocity noise 5%,vector_field,2006,True,5.236552799817739,0.8258404199389885,7.405833298730155,8.717519935095067
fixed_wing,"at limit (wind .15, r x1.0)",velocity noise 5%,vector_field,2007,True,3.9370266554971827,0.9791507917573327,6.77161513598448,6.189818697875456
fixed_wing,"at limit (wind .15, r x1.0)",velocity noise 5%,vector_field,2008,True,7.549212953225951,1.8816864388415648,10.22330007342268,12.326107610276196
fixed_wing,"at limit (wind .15, r x1.0)",velocity noise 5%,vector_field,2009,True,2.066111961061699,0.38131852310575043,2.962970493768844,4.410972362836565
fixed_wing,"at limit (wind .15, r x1.0)",velocity noise 5%,vector_field,2010,True,7.12086717164293,2.96351104601442,11.774207316424587,9.545171226161571
fixed_wing,"at limit (wind .15, r x1.0)",velocity noise 5%,vector_field,2011,True,0.9506959198124445,0.27053865928304927,1.1874739547163207,2.48636440306476
fixed_wing,"at limit (wind .15, r x1.0)",velocity noise 5%,lead_vf,2000,True,0.9659407924084257,0.5315408790609457,1.2623419240580802,2.120644717083967
fixed_wing,"at limit (wind .15, r x1.0)",velocity noise 5%,lead_vf,2001,True,2.5755107162792132,1.1895995880543175,4.209181501447951,4.0072985575140825
fixed_wing,"at limit (wind .15, r x1.0)",velocity noise 5%,lead_vf,2002,True,2.138425844231159,1.1052722713448808,3.291738633941647,2.4099436326199855
fixed_wing,"at limit (wind .15, r x1.0)",velocity noise 5%,lead_vf,2003,True,1.2118414283388887,0.6646428064905207,1.67683412242008,1.7979875128520546
fixed_wing,"at limit (wind .15, r x1.0)",velocity noise 5%,lead_vf,2004,True,2.060228836411217,1.0358412389695268,3.391599821627203,3.0178907464528155
fixed_wing,"at limit (wind .15, r x1.0)",velocity noise 5%,lead_vf,2005,True,1.3305399433029126,0.6871878102585983,2.131863477360358,2.0482826628409185
fixed_wing,"at limit (wind .15, r x1.0)",velocity noise 5%,lead_vf,2006,True,2.5361716063273487,1.2811607239036862,3.895146437435469,3.021167876006506
fixed_wing,"at limit (wind .15, r x1.0)",velocity noise 5%,lead_vf,2007,True,2.127490680173528,1.0688175765482928,3.6505263343807606,2.585806130435064
fixed_wing,"at limit (wind .15, r x1.0)",velocity noise 5%,lead_vf,2008,True,3.4396029610410963,1.5020352805680657,5.435013836974337,4.0209882189173385
fixed_wing,"at limit (wind .15, r x1.0)",velocity noise 5%,lead_vf,2009,True,1.209034444420568,0.7989152106912405,1.5780418096382653,2.1209718671717894
fixed_wing,"at limit (wind .15, r x1.0)",velocity noise 5%,lead_vf,2010,True,2.0060687995552513,0.9893917993230976,3.3583249524875014,2.329903068683626
fixed_wing,"at limit (wind .15, r x1.0)",velocity noise 5%,lead_vf,2011,True,0.9743820138913168,0.4995785685752807,1.4448689849823948,1.8830684510798164
fixed_wing,"at limit (wind .15, r x1.0)",velocity noise 5%,adaptive_vf,2000,True,2.135500881554351,0.5289166525465938,3.6418733528427545,3.5615657347847525
fixed_wing,"at limit (wind .15, r x1.0)",velocity noise 5%,adaptive_vf,2001,True,6.413661317909888,1.701598466680757,9.8288285208701,12.523353048550309
fixed_wing,"at limit (wind .15, r x1.0)",velocity noise 5%,adaptive_vf,2002,True,4.706124658350822,1.084386970255938,6.900815701256982,7.270435669040176
fixed_wing,"at limit (wind .15, r x1.0)",velocity noise 5%,adaptive_vf,2003,True,1.1063142984563497,0.34564396402131087,0.8222073323244884,2.45458808385163
fixed_wing,"at limit (wind .15, r x1.0)",velocity noise 5%,adaptive_vf,2004,True,4.688148848881509,1.0638943256174187,7.6273383038542155,8.951171225563247
fixed_wing,"at limit (wind .15, r x1.0)",velocity noise 5%,adaptive_vf,2005,True,2.5132453474951584,0.5399481444673667,4.261884529716759,4.462773362065006
fixed_wing,"at limit (wind .15, r x1.0)",velocity noise 5%,adaptive_vf,2006,True,5.1699379849385085,0.9090345081190788,7.28296277435046,8.623165043365063
fixed_wing,"at limit (wind .15, r x1.0)",velocity noise 5%,adaptive_vf,2007,True,3.8820082943536263,1.0611293985782584,6.646158229393246,6.09859713239081
fixed_wing,"at limit (wind .15, r x1.0)",velocity noise 5%,adaptive_vf,2008,True,7.4853807586486445,1.8239498847610356,10.04318019925678,12.33373440892795
fixed_wing,"at limit (wind .15, r x1.0)",velocity noise 5%,adaptive_vf,2009,True,2.031822029993225,0.4193995710534272,2.9651900196706316,4.245758015809136
fixed_wing,"at limit (wind .15, r x1.0)",velocity noise 5%,adaptive_vf,2010,True,7.14933480478964,2.9714450351102695,11.801294126552444,9.602456105862348
fixed_wing,"at limit (wind .15, r x1.0)",velocity noise 5%,adaptive_vf,2011,True,0.9626440962720166,0.291979986013243,1.2017594551413517,2.503304826792848
fixed_wing,"at limit (wind .15, r x1.0)",velocity noise 5%,carrot_chasing,2000,True,0.745124803769242,0.26381219464216416,0.7136414899660691,2.242637423541436
fixed_wing,"at limit (wind .15, r x1.0)",velocity noise 5%,carrot_chasing,2001,True,2.088990143250164,0.38200647541772775,3.5518224701756984,3.7204166103709855
fixed_wing,"at limit (wind .15, r x1.0)",velocity noise 5%,carrot_chasing,2002,True,1.2078033412175684,0.3213052081044832,1.5113280838308207,2.351814958186339
fixed_wing,"at limit (wind .15, r x1.0)",velocity noise 5%,carrot_chasing,2003,True,1.0242619072752275,0.2886060676042341,0.8099981375900209,2.339502939390033
fixed_wing,"at limit (wind .15, r x1.0)",velocity noise 5%,carrot_chasing,2004,True,1.5920153373732024,0.370171623558301,2.740909178610978,2.802375658139796
fixed_wing,"at limit (wind .15, r x1.0)",velocity noise 5%,carrot_chasing,2005,True,0.7550868574627418,0.357178106668479,0.8591253519746953,2.0203985685436776
fixed_wing,"at limit (wind .15, r x1.0)",velocity noise 5%,carrot_chasing,2006,True,1.5658073944663458,0.41363209671069123,2.3460038386469804,2.4274751445771092
fixed_wing,"at limit (wind .15, r x1.0)",velocity noise 5%,carrot_chasing,2007,True,1.2336401969973623,0.33932836276857214,2.0650860279827956,2.1415377844954135
fixed_wing,"at limit (wind .15, r x1.0)",velocity noise 5%,carrot_chasing,2008,True,2.7953351254340557,0.4452257853151729,4.499417964467083,3.7407504965867853
fixed_wing,"at limit (wind .15, r x1.0)",velocity noise 5%,carrot_chasing,2009,True,0.8640677111980682,0.2991304172927246,0.893165261868685,2.239233495755825
fixed_wing,"at limit (wind .15, r x1.0)",velocity noise 5%,carrot_chasing,2010,True,1.3417751381703944,0.2802407170286965,2.1794323785033796,2.305033103720474
fixed_wing,"at limit (wind .15, r x1.0)",velocity noise 5%,carrot_chasing,2011,True,0.7106573257308875,0.2583940356887844,0.7619761324773291,2.0181073541820345
fixed_wing,"at limit (wind .15, r x1.0)",sensor delay 0.2 s,pure_pursuit,2000,True,0.7812474246384244,0.6804483879329762,0.837216319398272,1.265226650087709
fixed_wing,"at limit (wind .15, r x1.0)",sensor delay 0.2 s,pure_pursuit,2001,True,3.047519528691285,0.9772367473732023,4.990534420750141,5.4061494935419665
fixed_wing,"at limit (wind .15, r x1.0)",sensor delay 0.2 s,pure_pursuit,2002,True,1.908873109896861,0.713162942807091,3.061507226039776,2.2331725058921337
fixed_wing,"at limit (wind .15, r x1.0)",sensor delay 0.2 s,pure_pursuit,2003,True,0.7953236768057041,0.6020271150972766,0.9971091164207729,1.039264131929619
fixed_wing,"at limit (wind .15, r x1.0)",sensor delay 0.2 s,pure_pursuit,2004,True,2.4583589614366916,0.8616321526447781,4.154853117163398,4.085223380126329
fixed_wing,"at limit (wind .15, r x1.0)",sensor delay 0.2 s,pure_pursuit,2005,True,1.2060255431096922,0.705202582215515,1.7996014089665608,2.023909744520291
fixed_wing,"at limit (wind .15, r x1.0)",sensor delay 0.2 s,pure_pursuit,2006,True,2.5001438698174874,0.828060186900756,3.9454647757644485,3.283905895980577
fixed_wing,"at limit (wind .15, r x1.0)",sensor delay 0.2 s,pure_pursuit,2007,True,2.242244690230884,1.0299477939229995,3.9372383838041123,2.6882982362461325
fixed_wing,"at limit (wind .15, r x1.0)",sensor delay 0.2 s,pure_pursuit,2008,True,3.891926929933302,1.0700418661390156,6.062973428165642,5.288603356850765
fixed_wing,"at limit (wind .15, r x1.0)",sensor delay 0.2 s,pure_pursuit,2009,True,0.9154268915638993,0.7377068186124222,1.1008804897346267,1.3790284642837072
fixed_wing,"at limit (wind .15, r x1.0)",sensor delay 0.2 s,pure_pursuit,2010,True,2.0287945464074566,0.6475167158944474,3.5949798718458754,2.4016408344342626
fixed_wing,"at limit (wind .15, r x1.0)",sensor delay 0.2 s,pure_pursuit,2011,True,0.7925677648786982,0.5887650433325622,1.0565021262889445,1.2573421132539864
fixed_wing,"at limit (wind .15, r x1.0)",sensor delay 0.2 s,l1,2000,True,0.7891548540614464,0.680270840002071,0.8337029628030063,1.3388262295566704
fixed_wing,"at limit (wind .15, r x1.0)",sensor delay 0.2 s,l1,2001,True,2.965836103817194,0.8927679107136892,4.9012692638130595,5.211986213389662
fixed_wing,"at limit (wind .15, r x1.0)",sensor delay 0.2 s,l1,2002,True,1.8194215004658332,0.7012071698967282,2.9159695107563444,2.1006439049580554
fixed_wing,"at limit (wind .15, r x1.0)",sensor delay 0.2 s,l1,2003,True,0.7973578346102338,0.5985814824212426,1.0023951044289716,1.0483580158897712
fixed_wing,"at limit (wind .15, r x1.0)",sensor delay 0.2 s,l1,2004,True,2.4030313893013546,0.8331128972597363,4.058975321034621,4.016541224049411
fixed_wing,"at limit (wind .15, r x1.0)",sensor delay 0.2 s,l1,2005,True,1.1939657447986962,0.7043850668943634,1.7722382304373079,2.011595778623401
fixed_wing,"at limit (wind .15, r x1.0)",sensor delay 0.2 s,l1,2006,True,2.3886955608382583,0.7753238085597333,3.7591614888066838,3.1713501380327913
fixed_wing,"at limit (wind .15, r x1.0)",sensor delay 0.2 s,l1,2007,True,2.127760741219051,0.9915650729587474,3.742656065112158,2.506590386627972
fixed_wing,"at limit (wind .15, r x1.0)",sensor delay 0.2 s,l1,2008,True,3.788622274967899,1.0076881521042518,5.972505765658823,5.057858379408837
fixed_wing,"at limit (wind .15, r x1.0)",sensor delay 0.2 s,l1,2009,True,0.9120331319707186,0.7341825559791015,1.0836185306578066,1.3980972673635592
fixed_wing,"at limit (wind .15, r x1.0)",sensor delay 0.2 s,l1,2010,True,1.906023999292496,0.6245699615825528,3.3580659784956697,2.293788291124445
fixed_wing,"at limit (wind .15, r x1.0)",sensor delay 0.2 s,l1,2011,True,0.7957507667331809,0.5908557300838035,1.0583208426730275,1.2698379079024595
fixed_wing,"at limit (wind .15, r x1.0)",sensor delay 0.2 s,vector_field,2000,True,4.202177335409483,1.5886373811771797,6.886645236472407,6.971563702788296
fixed_wing,"at limit (wind .15, r x1.0)",sensor delay 0.2 s,vector_field,2001,True,7.232978780480011,1.9025453762055327,11.161672599128645,13.888323242909909
fixed_wing,"at limit (wind .15, r x1.0)",sensor delay 0.2 s,vector_field,2002,True,8.233024175630762,2.075992251792701,11.115433292403885,13.6516711608764
fixed_wing,"at limit (wind .15, r x1.0)",sensor delay 0.2 s,vector_field,2003,True,2.4260475902927663,0.45716511150903993,2.561224098400675,4.983756254254628
fixed_wing,"at limit (wind .15, r x1.0)",sensor delay 0.2 s,vector_field,2004,True,6.891304715919532,2.007509328426357,10.900133490276502,13.213869801781085
fixed_wing,"at limit (wind .15, r x1.0)",sensor delay 0.2 s,vector_field,2005,True,2.8562753705221953,1.1397298868712467,4.4846383548164175,5.322293794678271
fixed_wing,"at limit (wind .15, r x1.0)",sensor delay 0.2 s,vector_field,2006,True,6.411272725191183,1.631194610293159,8.88047179398716,10.54220965891517
fixed_wing,"at limit (wind .15, r x1.0)",sensor delay 0.2 s,vector_field,2007,True,4.980648609629914,1.630899599209189,8.25851162572051,8.04126999594755
fixed_wing,"at limit (wind .15, r x1.0)",sensor delay 0.2 s,vector_field,2008,True,10.20320642038753,3.121466644932563,13.506639435616467,16.508978229088537
fixed_wing,"at limit (wind .15, r x1.0)",sensor delay 0.2 s,vector_field,2009,True,2.4369540049036034,0.6139568825702231,3.4802883817988244,5.116635232854159
fixed_wing,"at limit (wind .15, r x1.0)",sensor delay 0.2 s,vector_field,2010,True,7.898230379926199,4.22415711986019,12.671852720861335,9.860011993887884
fixed_wing,"at limit (wind .15, r x1.0)",sensor delay 0.2 s,vector_field,2011,True,1.204885107826709,0.4659839855972421,1.5539692837820331,2.9338971427280547
fixed_wing,"at limit (wind .15, r x1.0)",sensor delay 0.2 s,lead_vf,2000,True,0.8259289161051374,0.502175514490481,1.0597999898672021,1.7375929505841434
fixed_wing,"at limit (wind .15, r x1.0)",sensor delay 0.2 s,lead_vf,2001,True,2.4679304733048038,1.0013606041037675,4.0745865168655016,3.996114172165846
fixed_wing,"at limit (wind .15, r x1.0)",sensor delay 0.2 s,lead_vf,2002,True,1.9548915734047323,0.7630694258576134,3.174377988806964,2.1360578906236096
fixed_wing,"at limit (wind .15, r x1.0)",sensor delay 0.2 s,lead_vf,2003,True,0.9214672571067065,0.5240778965495017,1.2903177574667066,1.3181504986636376
fixed_wing,"at limit (wind .15, r x1.0)",sensor delay 0.2 s,lead_vf,2004,True,1.8529765919513306,0.7607912848706601,3.1916270053357003,2.682867098165609
fixed_wing,"at limit (wind .15, r x1.0)",sensor delay 0.2 s,lead_vf,2005,True,1.2696621702872877,0.6230047087783211,2.101860273428299,1.8123397992905301
fixed_wing,"at limit (wind .15, r x1.0)",sensor delay 0.2 s,lead_vf,2006,True,2.481167813167637,0.9905447263862401,3.906206598354366,3.0817768854207737
fixed_wing,"at limit (wind .15, r x1.0)",sensor delay 0.2 s,lead_vf,2007,True,2.16041400812476,0.9302023292058791,3.830658778968741,2.599328381017901
fixed_wing,"at limit (wind .15, r x1.0)",sensor delay 0.2 s,lead_vf,2008,True,3.5401702015035306,1.244133386122059,5.565286287551709,4.503100176269275
fixed_wing,"at limit (wind .15, r x1.0)",sensor delay 0.2 s,lead_vf,2009,True,0.9899645028285045,0.6373872130583333,1.3337113742103859,1.7025687313579627
fixed_wing,"at limit (wind .15, r x1.0)",sensor delay 0.2 s,lead_vf,2010,True,1.8125202518103078,0.6513391428322748,3.2023828073155864,2.087143309934361
fixed_wing,"at limit (wind .15, r x1.0)",sensor delay 0.2 s,lead_vf,2011,True,0.8497505478551626,0.44407715840446776,1.2921390201677159,1.5520986850161453
fixed_wing,"at limit (wind .15, r x1.0)",sensor delay 0.2 s,adaptive_vf,2000,True,2.424582455852083,0.5898487183746735,4.014376000947402,4.409751214616726
fixed_wing,"at limit (wind .15, r x1.0)",sensor delay 0.2 s,adaptive_vf,2001,True,7.638342612229979,1.9696104260946983,11.78132971810086,14.631958873840789
fixed_wing,"at limit (wind .15, r x1.0)",sensor delay 0.2 s,adaptive_vf,2002,True,7.530754447429945,1.826798930561791,10.53324159251775,12.048953254085584
fixed_wing,"at limit (wind .15, r x1.0)",sensor delay 0.2 s,adaptive_vf,2003,True,2.084472124264769,0.4281756186256094,2.0890000442887144,4.357183308647144
fixed_wing,"at limit (wind .15, r x1.0)",sensor delay 0.2 s,adaptive_vf,2004,True,5.135887349646958,1.179020395030632,8.573564029905473,9.24977015882973
fixed_wing,"at limit (wind .15, r x1.0)",sensor delay 0.2 s,adaptive_vf,2005,True,2.9390186486100967,0.8408273613503993,4.876804751493518,5.27678563564236
fixed_wing,"at limit (wind .15, r x1.0)",sensor delay 0.2 s,adaptive_vf,2006,True,6.696913080202352,1.6168777974790327,9.353175064657547,10.926120299065214
fixed_wing,"at limit (wind .15, r x1.0)",sensor delay 0.2 s,adaptive_vf,2007,True,5.44200087489243,1.7054199420837335,9.301395324735475,8.251113258287331
fixed_wing,"at limit (wind .15, r x1.0)",sensor delay 0.2 s,adaptive_vf,2008,True,9.066260658511684,2.4277869301244865,12.19851603008681,14.650570692668849
fixed_wing,"at limit (wind .15, r x1.0)",sensor delay 0.2 s,adaptive_vf,2009,True,2.408341416258535,0.4737035800329845,3.3659179206768837,5.217996276918305
fixed_wing,"at limit (wind .15, r x1.0)",sensor delay 0.2 s,adaptive_vf,2010,True,8.012626367534235,3.762060272874202,13.044390394128085,10.539672052842322
fixed_wing,"at limit (wind .15, r x1.0)",sensor delay 0.2 s,adaptive_vf,2011,True,1.3486121459555571,0.3870512757994014,1.7626914345204647,3.3880987382622894
fixed_wing,"at limit (wind .15, r x1.0)",sensor delay 0.2 s,carrot_chasing,2000,True,0.7335335486761725,0.4516216227616552,1.0323662063693064,1.30988736940246
fixed_wing,"at limit (wind .15, r x1.0)",sensor delay 0.2 s,carrot_chasing,2001,True,1.5683352343425467,0.46756120879636953,2.646987056343426,2.670944142716428
fixed_wing,"at limit (wind .15, r x1.0)",sensor delay 0.2 s,carrot_chasing,2002,True,1.2438044574052567,0.6226779961940607,1.775882806112916,1.7558134776415255
fixed_wing,"at limit (wind .15, r x1.0)",sensor delay 0.2 s,carrot_chasing,2003,True,1.1517050456952749,0.5258969915538446,1.058460455636403,2.4046239893261174
fixed_wing,"at limit (wind .15, r x1.0)",sensor delay 0.2 s,carrot_chasing,2004,True,2.301050048746976,0.5045915847456766,3.932175575021111,4.119706662921467
fixed_wing,"at limit (wind .15, r x1.0)",sensor delay 0.2 s,carrot_chasing,2005,True,0.8406986433215224,0.5443527273311807,0.9846820874221501,1.8872403243839475
fixed_wing,"at limit (wind .15, r x1.0)",sensor delay 0.2 s,carrot_chasing,2006,True,1.8122022444568227,0.649054011528563,2.6904016515933478,2.7026610148396832
fixed_wing,"at limit (wind .15, r x1.0)",sensor delay 0.2 s,carrot_chasing,2007,True,1.108372461400941,0.5379663763623034,1.724761017507093,1.8636166557625509
fixed_wing,"at limit (wind .15, r x1.0)",sensor delay 0.2 s,carrot_chasing,2008,True,3.780840859871667,0.8692291754358568,5.594518954196052,5.7515547687865025
fixed_wing,"at limit (wind .15, r x1.0)",sensor delay 0.2 s,carrot_chasing,2009,True,0.9818839036488508,0.42570529095212156,1.1383377859125692,2.3305093372161507
fixed_wing,"at limit (wind .15, r x1.0)",sensor delay 0.2 s,carrot_chasing,2010,True,1.8796356141519261,0.5889866204014994,3.152200205849272,2.788319854738652
fixed_wing,"at limit (wind .15, r x1.0)",sensor delay 0.2 s,carrot_chasing,2011,True,0.8496201412055817,0.4680305264326597,0.8960955129302746,2.2012303650942298
fixed_wing,"at limit (wind .15, r x1.0)",gusts x3 (std 75% of wind),pure_pursuit,2000,True,1.6836968247851014,1.6543003837274526,1.5098542524205953,2.3512710051968915
fixed_wing,"at limit (wind .15, r x1.0)",gusts x3 (std 75% of wind),pure_pursuit,2001,True,2.9984650509658453,1.9131046838291523,4.35893033428004,4.7231497125590405
fixed_wing,"at limit (wind .15, r x1.0)",gusts x3 (std 75% of wind),pure_pursuit,2002,True,2.550243782921209,1.6177631025951729,3.674558133966416,2.8571096776588765
fixed_wing,"at limit (wind .15, r x1.0)",gusts x3 (std 75% of wind),pure_pursuit,2003,True,1.6961055636301088,1.5630328632564383,1.966391272126773,1.728292036309982
fixed_wing,"at limit (wind .15, r x1.0)",gusts x3 (std 75% of wind),pure_pursuit,2004,True,2.402473551499463,1.6911941575421299,3.652617269968093,2.7662238981612193
fixed_wing,"at limit (wind .15, r x1.0)",gusts x3 (std 75% of wind),pure_pursuit,2005,True,1.8604081756724635,1.628402837371073,2.282522055430587,2.227764055527392
fixed_wing,"at limit (wind .15, r x1.0)",gusts x3 (std 75% of wind),pure_pursuit,2006,True,2.1410402593586055,1.9917693964187488,2.4434176488978157,2.0851250079069086
fixed_wing,"at limit (wind .15, r x1.0)",gusts x3 (std 75% of wind),pure_pursuit,2007,True,3.9916917855421183,3.054370676424119,6.077813914650194,3.5489673606717407
fixed_wing,"at limit (wind .15, r x1.0)",gusts x3 (std 75% of wind),pure_pursuit,2008,True,6.657399415894531,2.898101978772399,9.993085683715401,8.80483008681768
fixed_wing,"at limit (wind .15, r x1.0)",gusts x3 (std 75% of wind),pure_pursuit,2009,True,1.9986779163170032,1.957504829168819,1.8886502963603011,2.466788130023813
fixed_wing,"at limit (wind .15, r x1.0)",gusts x3 (std 75% of wind),pure_pursuit,2010,True,3.5260585110048197,2.2770722644550667,5.612068327110032,3.317001423629236
fixed_wing,"at limit (wind .15, r x1.0)",gusts x3 (std 75% of wind),pure_pursuit,2011,True,1.6535590295634301,1.5222793685953424,1.8969639941045269,1.9510494114650978
fixed_wing,"at limit (wind .15, r x1.0)",gusts x3 (std 75% of wind),l1,2000,True,1.6976448164879339,1.6522011277937272,1.507584468760601,2.500762941024819
fixed_wing,"at limit (wind .15, r x1.0)",gusts x3 (std 75% of wind),l1,2001,True,2.9556135808451645,1.8842940546002471,4.292369629865741,4.687192236969923
fixed_wing,"at limit (wind .15, r x1.0)",gusts x3 (std 75% of wind),l1,2002,True,2.5046426668707107,1.6069670384702548,3.5766798649979505,2.8467653099830486
fixed_wing,"at limit (wind .15, r x1.0)",gusts x3 (std 75% of wind),l1,2003,True,1.6900495442442127,1.5600341296191065,1.929627371267665,1.764784105557944
fixed_wing,"at limit (wind .15, r x1.0)",gusts x3 (std 75% of wind),l1,2004,True,2.3355186873831775,1.6658500200704889,3.5224598079673677,2.6741928567158326
fixed_wing,"at limit (wind .15, r x1.0)",gusts x3 (std 75% of wind),l1,2005,True,1.861274780794197,1.6281766042098056,2.2804878410254594,2.246254952679742
fixed_wing,"at limit (wind .15, r x1.0)",gusts x3 (std 75% of wind),l1,2006,True,2.1566091205925315,1.998855110040244,2.3827810690180646,2.2867782624406723
fixed_wing,"at limit (wind .15, r x1.0)",gusts x3 (std 75% of wind),l1,2007,True,3.643729460807648,2.753973211001319,5.548759185950144,3.435479240619561
fixed_wing,"at limit (wind .15, r x1.0)",gusts x3 (std 75% of wind),l1,2008,True,6.309189869008187,2.554493169687797,9.634662238900853,8.269243742680231
fixed_wing,"at limit (wind .15, r x1.0)",gusts x3 (std 75% of wind),l1,2009,True,1.999186251587188,1.9529147049042326,1.8559492527202257,2.5498967282659764
fixed_wing,"at limit (wind .15, r x1.0)",gusts x3 (std 75% of wind),l1,2010,True,3.4534909449487627,2.2580200007947084,5.4421332894450245,3.302830339911406
fixed_wing,"at limit (wind .15, r x1.0)",gusts x3 (std 75% of wind),l1,2011,True,1.6545923451597102,1.5231129466808329,1.8906931053675604,1.975013499013902
fixed_wing,"at limit (wind .15, r x1.0)",gusts x3 (std 75% of wind),vector_field,2000,True,2.781530623436156,0.8808695917176038,5.030512402881652,3.3964547401462832
fixed_wing,"at limit (wind .15, r x1.0)",gusts x3 (std 75% of wind),vector_field,2001,True,5.553809058734821,1.5274944115113123,8.798957218102803,10.457904074256232
fixed_wing,"at limit (wind .15, r x1.0)",gusts x3 (std 75% of wind),vector_field,2002,True,5.136888020046172,1.2529099600624776,7.597540861721366,7.789666146368863
fixed_wing,"at limit (wind .15, r x1.0)",gusts x3 (std 75% of wind),vector_field,2003,True,3.2791961640156804,0.5915015767495531,3.4533049839183043,6.794915504858424
fixed_wing,"at limit (wind .15, r x1.0)",gusts x3 (std 75% of wind),vector_field,2004,True,9.53979900970151,4.367516618714875,14.31643211887539,17.450555819265503
fixed_wing,"at limit (wind .15, r x1.0)",gusts x3 (std 75% of wind),vector_field,2005,True,2.6852204216514197,0.9854047423717602,4.873138855215898,2.9068113391898125
fixed_wing,"at limit (wind .15, r x1.0)",gusts x3 (std 75% of wind),vector_field,2006,True,3.9273354808534884,2.0941431164343913,5.67792632594948,5.054191132307963
fixed_wing,"at limit (wind .15, r x1.0)",gusts x3 (std 75% of wind),vector_field,2007,True,6.917397556825529,3.7261800761811887,11.149721160361281,9.584928721051552
fixed_wing,"at limit (wind .15, r x1.0)",gusts x3 (std 75% of wind),vector_field,2008,True,8.202091333968559,2.38576901391074,10.657113474823674,13.737772916151426
fixed_wing,"at limit (wind .15, r x1.0)",gusts x3 (std 75% of wind),vector_field,2009,True,1.5125629705108012,0.6111223801480845,1.639574463638417,3.5803022648008773
fixed_wing,"at limit (wind .15, r x1.0)",gusts x3 (std 75% of wind),vector_field,2010,True,11.191614596178269,5.645451128227034,17.75647718639182,15.158961136443661
fixed_wing,"at limit (wind .15, r x1.0)",gusts x3 (std 75% of wind),vector_field,2011,True,1.7925613821377056,0.5351520423436242,2.8257797879830635,3.6925082212804794
fixed_wing,"at limit (wind .15, r x1.0)",gusts x3 (std 75% of wind),lead_vf,2000,True,1.4755335576527797,1.2770200567439758,1.5320236489083066,2.5398420769424908
fixed_wing,"at limit (wind .15, r x1.0)",gusts x3 (std 75% of wind),lead_vf,2001,True,2.7747956032526857,1.7037670213938787,4.180438510266784,4.236039889770508
fixed_wing,"at limit (wind .15, r x1.0)",gusts x3 (std 75% of wind),lead_vf,2002,True,2.50589919280158,1.431382425127992,3.7802323969790534,2.7000714917027415
fixed_wing,"at limit (wind .15, r x1.0)",gusts x3 (std 75% of wind),lead_vf,2003,True,1.6209112611856948,1.3085830833890504,2.0600282474375926,1.898270423134723
fixed_wing,"at limit (wind .15, r x1.0)",gusts x3 (std 75% of wind),lead_vf,2004,True,2.9611198137264023,1.7336244502188094,4.847967964878109,3.6427224433038
fixed_wing,"at limit (wind .15, r x1.0)",gusts x3 (std 75% of wind),lead_vf,2005,True,1.5893921896524648,1.2987656683970221,2.033638946578992,2.1987023556121557
fixed_wing,"at limit (wind .15, r x1.0)",gusts x3 (std 75% of wind),lead_vf,2006,True,2.3664542594074756,1.8768463825519093,3.0999012989428643,2.4497134826735256
fixed_wing,"at limit (wind .15, r x1.0)",gusts x3 (std 75% of wind),lead_vf,2007,True,4.294403772553288,3.238200270276502,6.593097178321377,3.877119557843401
fixed_wing,"at limit (wind .15, r x1.0)",gusts x3 (std 75% of wind),lead_vf,2008,True,6.216563677951411,3.1109859194346856,9.4215419205884,7.590057409562754
fixed_wing,"at limit (wind .15, r x1.0)",gusts x3 (std 75% of wind),lead_vf,2009,True,1.861082063266624,1.6696937612033613,1.9354516511993798,2.6971430029484535
fixed_wing,"at limit (wind .15, r x1.0)",gusts x3 (std 75% of wind),lead_vf,2010,True,4.071334294412408,2.3989611263603345,6.69336292845523,3.8634143139662336
fixed_wing,"at limit (wind .15, r x1.0)",gusts x3 (std 75% of wind),lead_vf,2011,True,1.5035890731820298,1.2169520921290942,1.9356973899369538,2.1630963617818693
fixed_wing,"at limit (wind .15, r x1.0)",gusts x3 (std 75% of wind),adaptive_vf,2000,True,2.4667955795507726,0.7428546610754327,4.50039392625744,2.9294488543429376
fixed_wing,"at limit (wind .15, r x1.0)",gusts x3 (std 75% of wind),adaptive_vf,2001,True,5.7848333614408345,1.6855969612207549,9.084819958078086,10.941825902205004
fixed_wing,"at limit (wind .15, r x1.0)",gusts x3 (std 75% of wind),adaptive_vf,2002,True,5.084509540090537,1.3526710082729394,7.481749613095463,7.705190146244334
fixed_wing,"at limit (wind .15, r x1.0)",gusts x3 (std 75% of wind),adaptive_vf,2003,True,3.2394458428752935,0.6224989069487308,3.5035733764838097,6.627445882356046
fixed_wing,"at limit (wind .15, r x1.0)",gusts x3 (std 75% of wind),adaptive_vf,2004,True,9.217498610121984,4.12578682125299,13.966201149750065,16.687003807753566
fixed_wing,"at limit (wind .15, r x1.0)",gusts x3 (std 75% of wind),adaptive_vf,2005,True,2.6476018062178155,0.9754569049684269,4.7894528432970045,2.9457809813563305
fixed_wing,"at limit (wind .15, r x1.0)",gusts x3 (std 75% of wind),adaptive_vf,2006,True,3.6718206696283957,1.9327785242673527,5.291121505411777,4.810416999622095
fixed_wing,"at limit (wind .15, r x1.0)",gusts x3 (std 75% of wind),adaptive_vf,2007,True,6.948829178341957,3.7657733763841716,11.165833001554848,9.645463193115459
fixed_wing,"at limit (wind .15, r x1.0)",gusts x3 (std 75% of wind),adaptive_vf,2008,True,8.307438101813657,2.3452026067556075,10.760337210804261,13.962164804280674
fixed_wing,"at limit (wind .15, r x1.0)",gusts x3 (std 75% of wind),adaptive_vf,2009,True,1.5680257058680913,0.6602716784504603,1.6710752831390028,3.712632975524968
fixed_wing,"at limit (wind .15, r x1.0)",gusts x3 (std 75% of wind),adaptive_vf,2010,True,11.294354241403893,5.808279282910233,17.913801393019956,15.092994423059322
fixed_wing,"at limit (wind .15, r x1.0)",gusts x3 (std 75% of wind),adaptive_vf,2011,True,1.7440199653079895,0.5773910949977277,2.742032638203094,3.5489425144355233
fixed_wing,"at limit (wind .15, r x1.0)",gusts x3 (std 75% of wind),carrot_chasing,2000,True,0.9653031678712694,0.509423731813867,0.9251992522634359,2.6865582727289152
fixed_wing,"at limit (wind .15, r x1.0)",gusts x3 (std 75% of wind),carrot_chasing,2001,True,2.1347377467093502,0.6364301427413006,3.6097562775803467,3.6431233761520865
fixed_wing,"at limit (wind .15, r x1.0)",gusts x3 (std 75% of wind),carrot_chasing,2002,True,1.2462652388830218,0.4497847992422249,1.59527496661827,2.269681067534862
fixed_wing,"at limit (wind .15, r x1.0)",gusts x3 (std 75% of wind),carrot_chasing,2003,True,1.0852377488887197,0.5539561334690746,0.8483823227835228,2.315362745784716
fixed_wing,"at limit (wind .15, r x1.0)",gusts x3 (std 75% of wind),carrot_chasing,2004,True,2.180046743267709,0.6289103089778721,3.858039123233062,3.3576021103669187
fixed_wing,"at limit (wind .15, r x1.0)",gusts x3 (std 75% of wind),carrot_chasing,2005,True,1.0616154142607928,0.6790788328707273,1.0428153236693722,2.754811226260261
fixed_wing,"at limit (wind .15, r x1.0)",gusts x3 (std 75% of wind),carrot_chasing,2006,True,1.2360511318817224,0.5623390984477985,0.9010748682918148,2.7638688218131184
fixed_wing,"at limit (wind .15, r x1.0)",gusts x3 (std 75% of wind),carrot_chasing,2007,True,3.4243155205790408,2.2002438374859863,5.719720827688556,3.1758236004295104
fixed_wing,"at limit (wind .15, r x1.0)",gusts x3 (std 75% of wind),carrot_chasing,2008,True,5.923572324974004,1.9432609103892375,9.247369902381484,7.884884679014118
fixed_wing,"at limit (wind .15, r x1.0)",gusts x3 (std 75% of wind),carrot_chasing,2009,True,0.9675935856834967,0.5810973586091231,0.9813602639882671,2.2108186540694654
fixed_wing,"at limit (wind .15, r x1.0)",gusts x3 (std 75% of wind),carrot_chasing,2010,True,2.8735465516457555,1.1185648417363692,5.080509489782188,2.9897804328221453
fixed_wing,"at limit (wind .15, r x1.0)",gusts x3 (std 75% of wind),carrot_chasing,2011,True,0.8601195684605534,0.5448048986266585,0.9424806331361878,2.0954710774495386
fixed_wing,"at limit (wind .15, r x1.0)",wind 30%,pure_pursuit,2000,True,1.0350979695967535,0.975780718881711,1.1487990404968649,1.1430718703150113
fixed_wing,"at limit (wind .15, r x1.0)",wind 30%,pure_pursuit,2001,True,7.24513548354264,4.677935250642239,11.213186468970926,9.557313873332921
fixed_wing,"at limit (wind .15, r x1.0)",wind 30%,pure_pursuit,2002,True,4.248257205234618,2.624151202808166,6.5635168175503855,3.7812471663279488
fixed_wing,"at limit (wind .15, r x1.0)",wind 30%,pure_pursuit,2003,True,1.074349781192375,0.998379975254547,1.234123057553633,1.078945608603166
fixed_wing,"at limit (wind .15, r x1.0)",wind 30%,pure_pursuit,2004,True,6.9676992504935455,5.113072438670965,10.406166164007713,7.87320667558998
fixed_wing,"at limit (wind .15, r x1.0)",wind 30%,pure_pursuit,2005,True,1.652550362477486,1.2517232682149568,2.4578465713679227,1.4582860761283907
fixed_wing,"at limit (wind .15, r x1.0)",wind 30%,pure_pursuit,2006,True,5.989386667124164,3.171539896292398,9.484003090329557,5.824442729412875
fixed_wing,"at limit (wind .15, r x1.0)",wind 30%,pure_pursuit,2007,True,3.890019941582759,2.974929959665959,5.9139855215733155,3.2431998044059838
fixed_wing,"at limit (wind .15, r x1.0)",wind 30%,pure_pursuit,2008,True,7.2282463128777295,4.9594297357117005,10.766768408596084,6.474458730476695
fixed_wing,"at limit (wind .15, r x1.0)",wind 30%,pure_pursuit,2009,True,1.358394768175271,1.090466140995103,1.869731147211898,1.428269425974807
fixed_wing,"at limit (wind .15, r x1.0)",wind 30%,pure_pursuit,2010,True,7.889974603926494,5.930301906144213,11.872263227556127,6.424019796904956
fixed_wing,"at limit (wind .15, r x1.0)",wind 30%,pure_pursuit,2011,True,1.2275398751863464,1.0003932624870775,1.6398407376975217,1.5048735255643038
fixed_wing,"at limit (wind .15, r x1.0)",wind 30%,l1,2000,True,1.0365455967897492,0.9756613935898166,1.1464345551834114,1.1662974686624323
fixed_wing,"at limit (wind .15, r x1.0)",wind 30%,l1,2001,True,7.015580363840187,4.4078778567723065,10.960855488970601,9.413539261150703
fixed_wing,"at limit (wind .15, r x1.0)",wind 30%,l1,2002,True,3.940049984406815,2.299410034392205,6.201677126156362,3.506836573837995
fixed_wing,"at limit (wind .15, r x1.0)",wind 30%,l1,2003,True,1.0763045840451626,0.998377409703719,1.2323755545410298,1.0935518815305574
fixed_wing,"at limit (wind .15, r x1.0)",wind 30%,l1,2004,True,6.548069972399749,4.637939377349177,10.050698962721635,7.199213261371137
fixed_wing,"at limit (wind .15, r x1.0)",wind 30%,l1,2005,True,1.634470932928362,1.246679104473368,2.4209141943538595,1.4410705150146312
fixed_wing,"at limit (wind .15, r x1.0)",wind 30%,l1,2006,True,5.764183107943569,3.0192508821133224,9.124868463482702,5.664191947732004
fixed_wing,"at limit (wind .15, r x1.0)",wind 30%,l1,2007,True,3.663688658405537,2.782221515229427,5.563684402728145,3.165531682718573
fixed_wing,"at limit (wind .15, r x1.0)",wind 30%,l1,2008,True,6.72963307481714,4.423797354446154,10.230430488817056,5.913124648920541
fixed_wing,"at limit (wind .15, r x1.0)",wind 30%,l1,2009,True,1.357396847985226,1.0893185456937808,1.8563386696523196,1.4642769757810823
fixed_wing,"at limit (wind .15, r x1.0)",wind 30%,l1,2010,True,7.725095454557543,5.876449048283918,11.600302681423017,6.12119511903355
fixed_wing,"at limit (wind .15, r x1.0)",wind 30%,l1,2011,True,1.2280463321243094,1.0026370925605914,1.6317502428340085,1.5249755504729798
fixed_wing,"at limit (wind .15, r x1.0)",wind 30%,vector_field,2000,True,4.144285688512547,2.389541992072287,6.997959322116473,4.173208031340463
fixed_wing,"at limit (wind .15, r x1.0)",wind 30%,vector_field,2001,True,11.277022473566435,6.933064936861869,16.68978672112051,17.252289414678376
fixed_wing,"at limit (wind .15, r x1.0)",wind 30%,vector_field,2002,True,9.74772479144559,5.404389607536816,14.171709386747288,12.337245434093328
fixed_wing,"at limit (wind .15, r x1.0)",wind 30%,vector_field,2003,True,0.5236148289278716,0.3541765541455575,0.3948896655705555,0.9978888674590674
fixed_wing,"at limit (wind .15, r x1.0)",wind 30%,vector_field,2004,True,14.512396827597543,10.000214909871396,20.11115790253908,22.638696553192222
fixed_wing,"at limit (wind .15, r x1.0)",wind 30%,vector_field,2005,True,3.293873288396161,1.7877675132297868,5.631493772179461,3.127586723521431
fixed_wing,"at limit (wind .15, r x1.0)",wind 30%,vector_field,2006,True,8.966710019577775,3.3334351231936004,13.627368460231391,11.707019494463404
fixed_wing,"at limit (wind .15, r x1.0)",wind 30%,vector_field,2007,True,7.557126439961579,4.6249683051137565,12.24667763885918,8.965050435653888
fixed_wing,"at limit (wind .15, r x1.0)",wind 30%,vector_field,2008,True,12.798642587969423,6.234382566527553,15.886828364719772,20.128514870873648
fixed_wing,"at limit (wind .15, r x1.0)",wind 30%,vector_field,2009,True,1.4258394437914266,0.5467492163869324,2.4848883441221283,1.7444812820684876
fixed_wing,"at limit (wind .15, r x1.0)",wind 30%,vector_field,2010,True,16.345772548587494,13.848544281779057,22.31110851753967,14.625308471577597
fixed_wing,"at limit (wind .15, r x1.0)",wind 30%,vector_field,2011,True,0.5045188317087683,0.3742375781552922,0.687425525989178,0.7498225431795604
fixed_wing,"at limit (wind .15, r x1.0)",wind 30%,lead_vf,2000,True,1.0736937756195275,0.8210698455088449,1.5345836590228863,1.2201445851601826
fixed_wing,"at limit (wind .15, r x1.0)",wind 30%,lead_vf,2001,True,6.5370176297983775,4.328021755775759,10.065686026890129,8.300416298188901
fixed_wing,"at limit (wind .15, r x1.0)",wind 30%,lead_vf,2002,True,4.150428961044796,2.8090571209363673,6.236123382764831,3.5210825186303585
fixed_wing,"at limit (wind .15, r x1.0)",wind 30%,lead_vf,2003,True,1.0293350671420751,0.9420692772456707,1.1941681784661708,1.0607673249907101
fixed_wing,"at limit (wind .15, r x1.0)",wind 30%,lead_vf,2004,True,6.651467126039722,5.040635093351028,9.83216536238375,6.903721133098286
fixed_wing,"at limit (wind .15, r x1.0)",wind 30%,lead_vf,2005,True,2.113933969068018,1.2358139600393996,3.5511098332791025,1.9084563587201349
fixed_wing,"at limit (wind .15, r x1.0)",wind 30%,lead_vf,2006,True,5.66629460090167,3.195608656515334,8.909599694549518,5.249591072902468
fixed_wing,"at limit (wind .15, r x1.0)",wind 30%,lead_vf,2007,True,4.218398180905794,3.2280501700672266,6.3606379044415,3.6510686236042527
fixed_wing,"at limit (wind .15, r x1.0)",wind 30%,lead_vf,2008,True,6.958361238822603,5.066644994319966,10.26414430196289,5.6216748334508235
fixed_wing,"at limit (wind .15, r x1.0)",wind 30%,lead_vf,2009,True,1.3372357750039054,0.9258652091526217,1.970572484385884,1.6267700904599105
fixed_wing,"at limit (wind .15, r x1.0)",wind 30%,lead_vf,2010,True,9.40124919516928,7.357648989404516,13.585772373923099,8.209552741228023
fixed_wing,"at limit (wind .15, r x1.0)",wind 30%,lead_vf,2011,True,1.1034307194251447,0.8083548076693278,1.4997446965697792,1.701246940267134
fixed_wing,"at limit (wind .15, r x1.0)",wind 30%,adaptive_vf,2000,True,3.744812896712052,2.0757706820729926,6.370214917903747,3.936825051431853
fixed_wing,"at limit (wind .15, r x1.0)",wind 30%,adaptive_vf,2001,True,11.08554869436137,6.771654975088536,16.42060627653185,17.05602245191151
fixed_wing,"at limit (wind .15, r x1.0)",wind 30%,adaptive_vf,2002,True,9.697284450544608,5.380761919793636,14.079440557247263,12.287036407638324
fixed_wing,"at limit (wind .15, r x1.0)",wind 30%,adaptive_vf,2003,True,0.517583810923472,0.3772403411309264,0.4267908248989789,0.9255398252199655
fixed_wing,"at limit (wind .15, r x1.0)",wind 30%,adaptive_vf,2004,True,14.298960100474597,9.807649242005796,19.800954226992364,22.518361212794908
fixed_wing,"at limit (wind .15, r x1.0)",wind 30%,adaptive_vf,2005,True,3.178464812988898,1.607337812299934,5.515287251418205,3.1578429920375215
fixed_wing,"at limit (wind .15, r x1.0)",wind 30%,adaptive_vf,2006,True,8.9202126584458,3.2940670770730875,13.5281057245585,11.698500960987772
fixed_wing,"at limit (wind .15, r x1.0)",wind 30%,adaptive_vf,2007,True,7.731628841420745,4.716478253113671,12.563603829746642,9.047451667607293
fixed_wing,"at limit (wind .15, r x1.0)",wind 30%,adaptive_vf,2008,True,12.826136587390893,6.523350926759309,16.216376534808482,19.55847538396216
fixed_wing,"at limit (wind .15, r x1.0)",wind 30%,adaptive_vf,2009,True,1.3900277916702464,0.5478162657228554,2.4293284460033564,1.649301636996265
fixed_wing,"at limit (wind .15, r x1.0)",wind 30%,adaptive_vf,2010,True,16.18377067331293,13.516605783659381,22.367704634442287,14.49507208378386
fixed_wing,"at limit (wind .15, r x1.0)",wind 30%,adaptive_vf,2011,True,0.5146810373489926,0.3883137725692953,0.6731193886580592,0.8071834055148246
fixed_wing,"at limit (wind .15, r x1.0)",wind 30%,carrot_chasing,2000,True,0.779820614048654,0.330587155977296,0.6045203974143956,2.348019266647367
fixed_wing,"at limit (wind .15, r x1.0)",wind 30%,carrot_chasing,2001,True,4.784882628231378,2.543548487183336,8.051279141539732,6.013103177873191
fixed_wing,"at limit (wind .15, r x1.0)",wind 30%,carrot_chasing,2002,True,3.183856789825267,1.283020112376068,5.275466574471387,3.1206635745836864
fixed_wing,"at limit (wind .15, r x1.0)",wind 30%,carrot_chasing,2003,True,0.9222326973703904,0.33756341106554005,0.7523399232158289,2.0273801910157148
fixed_wing,"at limit (wind .15, r x1.0)",wind 30%,carrot_chasing,2004,True,7.097362279578764,4.807612309706374,10.963969326632178,8.726010698281158
fixed_wing,"at limit (wind .15, r x1.0)",wind 30%,carrot_chasing,2005,True,0.8252329282592541,0.36984056047364544,0.8142238768579935,2.3954324234098086
fixed_wing,"at limit (wind .15, r x1.0)",wind 30%,carrot_chasing,2006,True,4.188588772792595,1.2679083424675417,7.09793364052627,4.079242989492441
fixed_wing,"at limit (wind .15, r x1.0)",wind 30%,carrot_chasing,2007,True,3.3873457953207553,2.219346271732308,5.5925927377851945,2.8894458656447606
fixed_wing,"at limit (wind .15, r x1.0)",wind 30%,carrot_chasing,2008,True,7.151033348315799,4.629619779223442,10.82567063039374,6.650704637562309
fixed_wing,"at limit (wind .15, r x1.0)",wind 30%,carrot_chasing,2009,True,0.8203478586229768,0.32607463019232646,0.73551464926679,2.1610868651566655
fixed_wing,"at limit (wind .15, r x1.0)",wind 30%,carrot_chasing,2010,True,8.110670412454748,5.75772468606566,12.31895438415906,7.859139317482271
fixed_wing,"at limit (wind .15, r x1.0)",wind 30%,carrot_chasing,2011,True,0.6678548594341774,0.3538735061955398,0.6467892586253363,1.7845782785905486
quadcopter,"typical (wind .15, r x1.5)",none,pure_pursuit,2000,True,0.12183148696250656,0.08731538171049041,0.1364652467360359,0.1833227021400367
quadcopter,"typical (wind .15, r x1.5)",none,pure_pursuit,2001,True,0.16047218035530642,0.10258669803228389,0.1939434045994872,0.22493207945901242
quadcopter,"typical (wind .15, r x1.5)",none,pure_pursuit,2002,True,0.19658744995869684,0.11827251450298547,0.2071821374440717,0.27480986704723515
quadcopter,"typical (wind .15, r x1.5)",none,pure_pursuit,2003,True,0.1348478707284923,0.07193024740340892,0.15746767038090007,0.1621464812010298
quadcopter,"typical (wind .15, r x1.5)",none,pure_pursuit,2004,True,0.16689649436425652,0.09231079162731787,0.19166630535833876,0.2916175350106955
quadcopter,"typical (wind .15, r x1.5)",none,pure_pursuit,2005,True,0.17056342971786814,0.1036508720592185,0.19743364957627807,0.2866770216504628
quadcopter,"typical (wind .15, r x1.5)",none,pure_pursuit,2006,True,0.17177757806160346,0.1106370425857579,0.1979478885417913,0.20518548298222272
quadcopter,"typical (wind .15, r x1.5)",none,pure_pursuit,2007,True,0.18714084368274975,0.11037742398091892,0.21589169851037118,0.28747929153879526
quadcopter,"typical (wind .15, r x1.5)",none,pure_pursuit,2008,True,0.14844220514001352,0.10521097625885499,0.1615324280679118,0.1789189535226705
quadcopter,"typical (wind .15, r x1.5)",none,pure_pursuit,2009,True,0.14183096791818517,0.10204438064338178,0.17275017524553962,0.17405017644232953
quadcopter,"typical (wind .15, r x1.5)",none,pure_pursuit,2010,True,0.19612181495596584,0.10432268033907421,0.25284632577636534,0.24250806481671855
quadcopter,"typical (wind .15, r x1.5)",none,pure_pursuit,2011,True,0.11555359702816158,0.09170761108084953,0.13828567290358146,0.13535965105081274
quadcopter,"typical (wind .15, r x1.5)",none,l1,2000,True,0.12196257782373794,0.08712656359670444,0.13607490926888366,0.18526960402076575
quadcopter,"typical (wind .15, r x1.5)",none,l1,2001,True,0.16191136501469702,0.10278915382823796,0.19475240457458873,0.23024709986648342
quadcopter,"typical (wind .15, r x1.5)",none,l1,2002,True,0.19621138242512176,0.1183345401036045,0.20622258279063693,0.2747748666291928
quadcopter,"typical (wind .15, r x1.5)",none,l1,2003,True,0.13545152079019543,0.0720270691259336,0.15637693286669033,0.16568084655772405
quadcopter,"typical (wind .15, r x1.5)",none,l1,2004,True,0.16584641452743734,0.09270438991991005,0.19000330469400262,0.2891779519260954
quadcopter,"typical (wind .15, r x1.5)",none,l1,2005,True,0.17154971019240098,0.10351582753406209,0.1970858712753949,0.2927559522273107
quadcopter,"typical (wind .15, r x1.5)",none,l1,2006,True,0.17297510374394928,0.10924448840289679,0.19818257191146896,0.21056187461745268
quadcopter,"typical (wind .15, r x1.5)",none,l1,2007,True,0.18835772133630024,0.11043137642072134,0.21420625398687326,0.2950155110623816
quadcopter,"typical (wind .15, r x1.5)",none,l1,2008,True,0.148861613818815,0.10481932869183015,0.1619239529267698,0.1801854923237276
quadcopter,"typical (wind .15, r x1.5)",none,l1,2009,True,0.14323529248492628,0.10235043077033121,0.17464850676059676,0.17670244642061625
quadcopter,"typical (wind .15, r x1.5)",none,l1,2010,True,0.19619791249371402,0.10487906533141678,0.2516548772808271,0.2450177878523771
quadcopter,"typical (wind .15, r x1.5)",none,l1,2011,True,0.11533708319851019,0.09181206792339779,0.13744776524451308,0.13592152077473316
quadcopter,"typical (wind .15, r x1.5)",none,vector_field,2000,True,0.15520076683634537,0.03595868738652601,0.12201653344000213,0.3810693284637944
quadcopter,"typical (wind .15, r x1.5)",none,vector_field,2001,True,0.1876232737927668,0.042219648518706195,0.06701877793590531,0.4773934634863922
quadcopter,"typical (wind .15, r x1.5)",none,vector_field,2002,True,0.20327744177552134,0.0390602638884556,0.07504101074587818,0.42804845532945995
quadcopter,"typical (wind .15, r x1.5)",none,vector_field,2003,True,0.060716653002564645,0.03569351684406548,0.04878855369580616,0.09598885624240378
quadcopter,"typical (wind .15, r x1.5)",none,vector_field,2004,True,0.20837212336382901,0.039792205783933096,0.11028459790235283,0.5526178448087703
quadcopter,"typical (wind .15, r x1.5)",none,vector_field,2005,True,0.14399674701301834,0.04024225648511968,0.16808010106273047,0.28859321397421767
quadcopter,"typical (wind .15, r x1.5)",none,vector_field,2006,True,0.11183015269566361,0.04334782708625445,0.0690845148282359,0.210435433742218
quadcopter,"typical (wind .15, r x1.5)",none,vector_field,2007,True,0.11677359775363814,0.042891462589167435,0.10548181786857537,0.2370647692995369
quadcopter,"typical (wind .15, r x1.5)",none,vector_field,2008,True,0.11406727580705635,0.037605575890782124,0.07315227387381155,0.2066102257675819
quadcopter,"typical (wind .15, r x1.5)",none,vector_field,2009,True,0.06922214761240367,0.038828615517883476,0.06942275620361409,0.12414950953885841
quadcopter,"typical (wind .15, r x1.5)",none,vector_field,2010,True,0.42349103862231824,0.03422740493951377,0.2635834209336578,0.9481377593227187
quadcopter,"typical (wind .15, r x1.5)",none,vector_field,2011,True,0.06252341482396766,0.04089587312025888,0.052483553683642714,0.12779560647284186
quadcopter,"typical (wind .15, r x1.5)",none,lead_vf,2000,True,0.10475982478146784,0.07321953215813082,0.11935003391763692,0.15676183562349244
quadcopter,"typical (wind .15, r x1.5)",none,lead_vf,2001,True,0.1384798153971573,0.09498073399003178,0.17124500105017773,0.1738676307521621
quadcopter,"typical (wind .15, r x1.5)",none,lead_vf,2002,True,0.16745469592805406,0.08689812161877894,0.19177515175141482,0.21999142297831753
quadcopter,"typical (wind .15, r x1.5)",none,lead_vf,2003,True,0.13068136035901037,0.07782089892057763,0.1586778001381094,0.1411348143696519
quadcopter,"typical (wind .15, r x1.5)",none,lead_vf,2004,True,0.14492616563808,0.08950321200034467,0.16382559109933495,0.24401420658656411
quadcopter,"typical (wind .15, r x1.5)",none,lead_vf,2005,True,0.14647439395131706,0.08751792419761642,0.1780173626338593,0.22861977126302904
quadcopter,"typical (wind .15, r x1.5)",none,lead_vf,2006,True,0.14510886583021446,0.08814466303787767,0.16960115311265106,0.17385600215977737
quadcopter,"typical (wind .15, r x1.5)",none,lead_vf,2007,True,0.16027788572201254,0.10232987339982136,0.18478329672533658,0.2361967538312281
quadcopter,"typical (wind .15, r x1.5)",none,lead_vf,2008,True,0.12835198646316176,0.09408964417924452,0.14669144806920206,0.14058253508895233
quadcopter,"typical (wind .15, r x1.5)",none,lead_vf,2009,True,0.1268896355421374,0.09239216347512938,0.14919593684553245,0.16497823406309978
quadcopter,"typical (wind .15, r x1.5)",none,lead_vf,2010,True,0.1557423246071835,0.08444849111106631,0.20503301380338226,0.17984459405402625
quadcopter,"typical (wind .15, r x1.5)",none,lead_vf,2011,True,0.10277437478480204,0.0836564007567661,0.1213438662981117,0.11870571532583196
quadcopter,"typical (wind .15, r x1.5)",none,adaptive_vf,2000,True,0.16048870754717437,0.05672645263932093,0.12604182185342025,0.38391400689360267
quadcopter,"typical (wind .15, r x1.5)",none,adaptive_vf,2001,True,0.18291187814131152,0.05057933761701527,0.10786573937572673,0.44217615117415465
quadcopter,"typical (wind .15, r x1.5)",none,adaptive_vf,2002,True,0.19854576285535858,0.059249664894880545,0.1003239252148101,0.40281646681198874
quadcopter,"typical (wind .15, r x1.5)",none,adaptive_vf,2003,True,0.06199892334235795,0.03913442321503753,0.054418267760088,0.09253993544669745
quadcopter,"typical (wind .15, r x1.5)",none,adaptive_vf,2004,True,0.21584499472442364,0.06540822349561365,0.13091346058377998,0.5537179415468438
quadcopter,"typical (wind .15, r x1.5)",none,adaptive_vf,2005,True,0.1478165175405115,0.053478492635354515,0.16872751896191263,0.29407703942602215
quadcopter,"typical (wind .15, r x1.5)",none,adaptive_vf,2006,True,0.1288315823128411,0.05743058421431468,0.08747377889089654,0.2346576991431702
quadcopter,"typical (wind .15, r x1.5)",none,adaptive_vf,2007,True,0.11944718954854633,0.048145512307707784,0.11531370960441155,0.23229884417411262
quadcopter,"typical (wind .15, r x1.5)",none,adaptive_vf,2008,True,0.1158660486871324,0.041059203208043904,0.08655629353645158,0.20147917433481918
quadcopter,"typical (wind .15, r x1.5)",none,adaptive_vf,2009,True,0.0717560712580412,0.040188675823896486,0.07003705515090868,0.13093637702097138
quadcopter,"typical (wind .15, r x1.5)",none,adaptive_vf,2010,True,0.4041200200166572,0.1007547834576602,0.2506002282614956,0.8920799761898023
quadcopter,"typical (wind .15, r x1.5)",none,adaptive_vf,2011,True,0.06636964010099357,0.04450958140374205,0.06162192767599123,0.1271006449676503
quadcopter,"typical (wind .15, r x1.5)",none,carrot_chasing,2000,True,0.12213719530033015,0.028814495411252493,0.06957197797396397,0.32344064142033846
quadcopter,"typical (wind .15, r x1.5)",none,carrot_chasing,2001,True,0.1622917620041139,0.03422499699175448,0.08441862323690882,0.4109626118828551
quadcopter,"typical (wind .15, r x1.5)",none,carrot_chasing,2002,True,0.19500479609482285,0.030877904497054846,0.09261602725057722,0.4110214568311588
quadcopter,"typical (wind .15, r x1.5)",none,carrot_chasing,2003,True,0.15152410604390418,0.029976654772097683,0.06168487954615393,0.2939505507499393
quadcopter,"typical (wind .15, r x1.5)",none,carrot_chasing,2004,True,0.1411402900919019,0.032101760682397125,0.08884076113832452,0.3725073938651227
quadcopter,"typical (wind .15, r x1.5)",none,carrot_chasing,2005,True,0.1419995393535968,0.032441707040950306,0.09462852125061927,0.37947931531724666
quadcopter,"typical (wind .15, r x1.5)",none,carrot_chasing,2006,True,0.21229038813315773,0.03448685487958828,0.09350600456565682,0.4339581819229308
quadcopter,"typical (wind .15, r x1.5)",none,carrot_chasing,2007,True,0.17258534208741233,0.034988617438454106,0.0987908147714093,0.4091360038652253
quadcopter,"typical (wind .15, r x1.5)",none,carrot_chasing,2008,True,0.2280250622226889,0.030709416980418677,0.09661428067148337,0.4505091545438643
quadcopter,"typical (wind .15, r x1.5)",none,carrot_chasing,2009,True,0.141733090425904,0.030390260185845952,0.07939249071353949,0.33842679498014
quadcopter,"typical (wind .15, r x1.5)",none,carrot_chasing,2010,True,0.1982881164360458,0.03021187517559963,0.10096827140863278,0.4655351775776508
quadcopter,"typical (wind .15, r x1.5)",none,carrot_chasing,2011,True,0.11350717971175234,0.03343070717731825,0.06667045806422132,0.2934294210412245
quadcopter,"typical (wind .15, r x1.5)",lag x0.5,pure_pursuit,2000,True,0.13510662469593393,0.07954646899589411,0.1519667432872552,0.23142331065394114
quadcopter,"typical (wind .15, r x1.5)",lag x0.5,pure_pursuit,2001,True,0.17851232059420657,0.0942004652030632,0.2214393508685114,0.2683389407678167
quadcopter,"typical (wind .15, r x1.5)",lag x0.5,pure_pursuit,2002,True,0.21118601170853024,0.1074659488359705,0.24103429392958733,0.2808348937294789
quadcopter,"typical (wind .15, r x1.5)",lag x0.5,pure_pursuit,2003,True,0.151964471968711,0.06436969749079513,0.1827119119879267,0.18416836389582888
quadcopter,"typical (wind .15, r x1.5)",lag x0.5,pure_pursuit,2004,True,0.18116883213579732,0.0932636595671331,0.21488990953251735,0.3125833230492917
quadcopter,"typical (wind .15, r x1.5)",lag x0.5,pure_pursuit,2005,True,0.186562861171719,0.09832162876908407,0.21862514151445855,0.3306039442274316
quadcopter,"typical (wind .15, r x1.5)",lag x0.5,pure_pursuit,2006,True,0.20379045553942288,0.10417091799676194,0.23940790238997378,0.2578883240045691
quadcopter,"typical (wind .15, r x1.5)",lag x0.5,pure_pursuit,2007,True,0.21371897607929247,0.10772403771165175,0.2550892394324232,0.33501770133049713
quadcopter,"typical (wind .15, r x1.5)",lag x0.5,pure_pursuit,2008,True,0.18241635421512836,0.09915493118499089,0.20486996033650065,0.23364435374712986
quadcopter,"typical (wind .15, r x1.5)",lag x0.5,pure_pursuit,2009,True,0.1536694856181427,0.09623620093065945,0.19070452475450078,0.20598781077470946
quadcopter,"typical (wind .15, r x1.5)",lag x0.5,pure_pursuit,2010,True,0.2238227888202381,0.09857043435437468,0.28977632539227055,0.2959625495206442
quadcopter,"typical (wind .15, r x1.5)",lag x0.5,pure_pursuit,2011,True,0.12090430067986237,0.08205955663400882,0.1526182209278115,0.1546207724888952
quadcopter,"typical (wind .15, r x1.5)",lag x0.5,l1,2000,True,0.1354911001553081,0.07922923925654873,0.15147269153084622,0.23465948433351475
quadcopter,"typical (wind .15, r x1.5)",lag x0.5,l1,2001,True,0.18095222372252193,0.0944883173586641,0.22192401588578142,0.2785361096454085
quadcopter,"typical (wind .15, r x1.5)",lag x0.5,l1,2002,True,0.21173512986989984,0.10705567012342365,0.24081266637374332,0.28323875493339107
quadcopter,"typical (wind .15, r x1.5)",lag x0.5,l1,2003,True,0.1522726561220556,0.06439324509468199,0.1817680802861692,0.18681344773317451
quadcopter,"typical (wind .15, r x1.5)",lag x0.5,l1,2004,True,0.1829654249223485,0.09379634069445442,0.21405232925129203,0.3221584948961809
quadcopter,"typical (wind .15, r x1.5)",lag x0.5,l1,2005,True,0.18762168253417524,0.09853534779780392,0.21823777037852635,0.3363546410442592
quadcopter,"typical (wind .15, r x1.5)",lag x0.5,l1,2006,True,0.2062329181387017,0.10315571329901908,0.23980242376473862,0.2665824316782956
quadcopter,"typical (wind .15, r x1.5)",lag x0.5,l1,2007,True,0.21487360272132952,0.10735545132610257,0.2519513824352213,0.34583017878572475
quadcopter,"typical (wind .15, r x1.5)",lag x0.5,l1,2008,True,0.1841650841251627,0.0992800405962843,0.2056075041911961,0.23822792071333385
quadcopter,"typical (wind .15, r x1.5)",lag x0.5,l1,2009,True,0.155208646863607,0.09675481031336518,0.19239101705254938,0.20919038997376208
quadcopter,"typical (wind .15, r x1.5)",lag x0.5,l1,2010,True,0.2254049443768544,0.09929722955238691,0.2879392134709682,0.30689886148538553
quadcopter,"typical (wind .15, r x1.5)",lag x0.5,l1,2011,True,0.12073047916543315,0.08210869336339024,0.15151191105217637,0.15641442647990053
quadcopter,"typical (wind .15, r x1.5)",lag x0.5,vector_field,2000,True,0.07754447098369485,0.031894037717199925,0.042691948970277845,0.19707552223036928
quadcopter,"typical (wind .15, r x1.5)",lag x0.5,vector_field,2001,True,0.08793518099331343,0.03679829935776308,0.045650564410064765,0.21167488503445192
quadcopter,"typical (wind .15, r x1.5)",lag x0.5,vector_field,2002,True,0.07350624628485913,0.03592320404701976,0.03695131753775477,0.1450077395285274
quadcopter,"typical (wind .15, r x1.5)",lag x0.5,vector_field,2003,True,0.046475327945991116,0.029954090252725815,0.03653983673418919,0.07264173011127094
quadcopter,"typical (wind .15, r x1.5)",lag x0.5,vector_field,2004,True,0.05761644411294651,0.033420791147920126,0.04071602178118185,0.13182671879885796
quadcopter,"typical (wind .15, r x1.5)",lag x0.5,vector_field,2005,True,0.07495017865799258,0.034872915019357895,0.07604639818462965,0.15811134496498658
quadcopter,"typical (wind .15, r x1.5)",lag x0.5,vector_field,2006,True,0.05537888203848558,0.0371973938824108,0.03803588291732895,0.09391413242999777
quadcopter,"typical (wind .15, r x1.5)",lag x0.5,vector_field,2007,True,0.055635247245253844,0.03813251486094666,0.03699978176836317,0.10971353135175305
quadcopter,"typical (wind .15, r x1.5)",lag x0.5,vector_field,2008,True,0.05765832731822463,0.03400446473350216,0.043501005911799076,0.09438940068040352
quadcopter,"typical (wind .15, r x1.5)",lag x0.5,vector_field,2009,True,0.04907352749207052,0.03544150656424439,0.050893538312386605,0.07588303070690088
quadcopter,"typical (wind .15, r x1.5)",lag x0.5,vector_field,2010,True,0.2494263432631589,0.031002306451007152,0.11906318493125045,0.5798648019348309
quadcopter,"typical (wind .15, r x1.5)",lag x0.5,vector_field,2011,True,0.0465980598628009,0.03517594086438417,0.03604126894540275,0.09184401943944347
quadcopter,"typical (wind .15, r x1.5)",lag x0.5,lead_vf,2000,True,0.12076034135235297,0.06858236657244243,0.13375142126220885,0.2148623462259855
quadcopter,"typical (wind .15, r x1.5)",lag x0.5,lead_vf,2001,True,0.16014549321057603,0.09422092696260723,0.20143275185108508,0.2205045253653564
quadcopter,"typical (wind .15, r x1.5)",lag x0.5,lead_vf,2002,True,0.18422342154299928,0.08615403093737677,0.2204660739229717,0.23151933236118818
quadcopter,"typical (wind .15, r x1.5)",lag x0.5,lead_vf,2003,True,0.1468606773228291,0.08065384920292774,0.17914744665427335,0.16219115749249002
quadcopter,"typical (wind .15, r x1.5)",lag x0.5,lead_vf,2004,True,0.16082681114779637,0.09272101007671082,0.18499772678054635,0.27524946847178194
quadcopter,"typical (wind .15, r x1.5)",lag x0.5,lead_vf,2005,True,0.1623216512672704,0.0878772235113386,0.1978256835147433,0.26729862390006975
quadcopter,"typical (wind .15, r x1.5)",lag x0.5,lead_vf,2006,True,0.17865704233145266,0.08569563707800193,0.21067258523831137,0.22846344554948286
quadcopter,"typical (wind .15, r x1.5)",lag x0.5,lead_vf,2007,True,0.18739235454759928,0.1051669640046067,0.21867629784081755,0.2901845815326844
quadcopter,"typical (wind .15, r x1.5)",lag x0.5,lead_vf,2008,True,0.16354158265454816,0.09695911164055561,0.18861938517950833,0.1966028020153293
quadcopter,"typical (wind .15, r x1.5)",lag x0.5,lead_vf,2009,True,0.13845777977797916,0.0894027581175566,0.1628073161124012,0.19868952349334493
quadcopter,"typical (wind .15, r x1.5)",lag x0.5,lead_vf,2010,True,0.1903622732441783,0.08431051491134986,0.2443499336860759,0.2562511224168035
quadcopter,"typical (wind .15, r x1.5)",lag x0.5,lead_vf,2011,True,0.10856399865277354,0.08013177209731447,0.13219783872396076,0.13670866801537948
quadcopter,"typical (wind .15, r x1.5)",lag x0.5,adaptive_vf,2000,True,0.07816747032708751,0.037375109816555854,0.04605531893934574,0.1928298545278602
quadcopter,"typical (wind .15, r x1.5)",lag x0.5,adaptive_vf,2001,True,0.08421913047552222,0.03760538641979886,0.0576539027825686,0.19219243470195846
quadcopter,"typical (wind .15, r x1.5)",lag x0.5,adaptive_vf,2002,True,0.07102321636731702,0.04016994097479798,0.04208881618014337,0.13374059430254637
quadcopter,"typical (wind .15, r x1.5)",lag x0.5,adaptive_vf,2003,True,0.045333733373295694,0.032022178828768164,0.038642475043826646,0.06655058993604467
quadcopter,"typical (wind .15, r x1.5)",lag x0.5,adaptive_vf,2004,True,0.058011500039849485,0.03694161030853496,0.04524520963991346,0.12532574052390327
quadcopter,"typical (wind .15, r x1.5)",lag x0.5,adaptive_vf,2005,True,0.0655083215698885,0.03894842549998492,0.06348940246572506,0.1327044432004544
quadcopter,"typical (wind .15, r x1.5)",lag x0.5,adaptive_vf,2006,True,0.05299670988046015,0.041220249057678925,0.045762117007568666,0.07730341350318864
quadcopter,"typical (wind .15, r x1.5)",lag x0.5,adaptive_vf,2007,True,0.05703173270852145,0.039282002117091826,0.043306734670624465,0.10793069101282056
quadcopter,"typical (wind .15, r x1.5)",lag x0.5,adaptive_vf,2008,True,0.054691055148335624,0.035492129058494304,0.04786549358709076,0.08203069754260746
quadcopter,"typical (wind .15, r x1.5)",lag x0.5,adaptive_vf,2009,True,0.0469489033518711,0.035340984511365726,0.05055386861789554,0.06742495054197073
quadcopter,"typical (wind .15, r x1.5)",lag x0.5,adaptive_vf,2010,True,0.2540572687980004,0.07173945103472969,0.12212787519658336,0.5806561947466758
quadcopter,"typical (wind .15, r x1.5)",lag x0.5,adaptive_vf,2011,True,0.04825577695077185,0.037390334509847,0.03950130744990615,0.09120011833123684
quadcopter,"typical (wind .15, r x1.5)",lag x0.5,carrot_chasing,2000,True,0.12279205749519874,0.02468892946258934,0.061624517020600456,0.33232620681188846
quadcopter,"typical (wind .15, r x1.5)",lag x0.5,carrot_chasing,2001,True,0.1667926506361077,0.029066179132290346,0.0760688838528749,0.43010965929358286
quadcopter,"typical (wind .15, r x1.5)",lag x0.5,carrot_chasing,2002,True,0.1994773030448529,0.027821537818443324,0.07929604383337847,0.4268034340812834
quadcopter,"typical (wind .15, r x1.5)",lag x0.5,carrot_chasing,2003,True,0.1533438756382564,0.024132939312898883,0.05394525200627186,0.3011902646228229
quadcopter,"typical (wind .15, r x1.5)",lag x0.5,carrot_chasing,2004,True,0.15513162003673656,0.026765784069764955,0.07889917457477996,0.42412265480815037
quadcopter,"typical (wind .15, r x1.5)",lag x0.5,carrot_chasing,2005,True,0.14576214729629988,0.027747129172603892,0.0858613372466129,0.40065903959687643
quadcopter,"typical (wind .15, r x1.5)",lag x0.5,carrot_chasing,2006,True,0.21774814291252448,0.028634925211975245,0.0814339514106508,0.45118836320580724
quadcopter,"typical (wind .15, r x1.5)",lag x0.5,carrot_chasing,2007,True,0.17685937392184287,0.030102016811261192,0.08708050401222515,0.4291274895388114
quadcopter,"typical (wind .15, r x1.5)",lag x0.5,carrot_chasing,2008,True,0.23158401251959143,0.02702462361014903,0.08215778237406049,0.4621300130774825
quadcopter,"typical (wind .15, r x1.5)",lag x0.5,carrot_chasing,2009,True,0.1406614197163739,0.02638817601177684,0.07048308729197932,0.34106889029243664
quadcopter,"typical (wind .15, r x1.5)",lag x0.5,carrot_chasing,2010,True,0.2014281629716831,0.026075480221287674,0.08755817416611124,0.4813393157692446
quadcopter,"typical (wind .15, r x1.5)",lag x0.5,carrot_chasing,2011,True,0.11275731058653567,0.027235940017451908,0.056677519214798404,0.29955323664370104
quadcopter,"typical (wind .15, r x1.5)",lag x1.5,pure_pursuit,2000,True,0.11984486680800559,0.09825412486141756,0.13507541883435112,0.1495753214201961
quadcopter,"typical (wind .15, r x1.5)",lag x1.5,pure_pursuit,2001,True,0.17301043705281205,0.11790814154653591,0.1860459974700812,0.27533315026326194
quadcopter,"typical (wind .15, r x1.5)",lag x1.5,pure_pursuit,2002,True,0.21447560105724903,0.1340428686210002,0.19732934470710173,0.33393656370737684
quadcopter,"typical (wind .15, r x1.5)",lag x1.5,pure_pursuit,2003,True,0.1283752157952442,0.08198061492091158,0.13959595266932837,0.1600218128315367
quadcopter,"typical (wind .15, r x1.5)",lag x1.5,pure_pursuit,2004,True,0.18015885946870583,0.09757804821114675,0.18435099236350988,0.3546986478322543
quadcopter,"typical (wind .15, r x1.5)",lag x1.5,pure_pursuit,2005,True,0.16661436419144693,0.11450598456474337,0.18769247662820085,0.2664034946626296
quadcopter,"typical (wind .15, r x1.5)",lag x1.5,pure_pursuit,2006,True,0.15450571708532176,0.11845079438354554,0.1689742487712886,0.18020005822881924
quadcopter,"typical (wind .15, r x1.5)",lag x1.5,pure_pursuit,2007,True,0.17421593204486716,0.12066348873301926,0.18931062068466548,0.26196047337173173
quadcopter,"typical (wind .15, r x1.5)",lag x1.5,pure_pursuit,2008,True,0.13230150023188428,0.1175214990144507,0.13503784617447037,0.14798280144049716
quadcopter,"typical (wind .15, r x1.5)",lag x1.5,pure_pursuit,2009,True,0.13996748334394013,0.10927126460991217,0.1636262299105967,0.16918556478265645
quadcopter,"typical (wind .15, r x1.5)",lag x1.5,pure_pursuit,2010,True,0.22021165659977388,0.11948964784577108,0.2446483077620425,0.34462017922570337
quadcopter,"typical (wind .15, r x1.5)",lag x1.5,pure_pursuit,2011,True,0.12275616605907066,0.10560387345203766,0.1391167387203719,0.14042658428964172
quadcopter,"typical (wind .15, r x1.5)",lag x1.5,l1,2000,True,0.11986897832088035,0.09767783549007811,0.1352401513215819,0.150730247501891
quadcopter,"typical (wind .15, r x1.5)",lag x1.5,l1,2001,True,0.17086332731918819,0.11838371504258798,0.18482182843827658,0.2672541801829126
quadcopter,"typical (wind .15, r x1.5)",lag x1.5,l1,2002,True,0.2142298523553003,0.1346398481728398,0.1971028107662293,0.3330755976016066
quadcopter,"typical (wind .15, r x1.5)",lag x1.5,l1,2003,True,0.12828133551992324,0.08174498246258743,0.13863204697420478,0.1612298670936451
quadcopter,"typical (wind .15, r x1.5)",lag x1.5,l1,2004,True,0.17728030650847518,0.0979281435726616,0.1827017988659915,0.34532499421534046
quadcopter,"typical (wind .15, r x1.5)",lag x1.5,l1,2005,True,0.1672916887012271,0.11428809835128272,0.18775756139164343,0.2703624190061403
quadcopter,"typical (wind .15, r x1.5)",lag x1.5,l1,2006,True,0.15572471611977426,0.11843428175557565,0.1700907937266924,0.1831507537287669
quadcopter,"typical (wind .15, r x1.5)",lag x1.5,l1,2007,True,0.17528506674940414,0.1207380610137279,0.18814612059778232,0.26839922529795623
quadcopter,"typical (wind .15, r x1.5)",lag x1.5,l1,2008,True,0.13233610513388935,0.11693377723976765,0.13543753331474587,0.14822065947791171
quadcopter,"typical (wind .15, r x1.5)",lag x1.5,l1,2009,True,0.14095293451759883,0.1097054867810825,0.165349456501849,0.16998548222742726
quadcopter,"typical (wind .15, r x1.5)",lag x1.5,l1,2010,True,0.21738699716845217,0.11861472181976009,0.24183122502221122,0.33887286709481695
quadcopter,"typical (wind .15, r x1.5)",lag x1.5,l1,2011,True,0.12274792024849271,0.10585506337915276,0.1388875064510842,0.14019948362869172
quadcopter,"typical (wind .15, r x1.5)",lag x1.5,vector_field,2000,True,0.25445189817033165,0.04270247383831027,0.24557535673492784,0.5765580276969694
quadcopter,"typical (wind .15, r x1.5)",lag x1.5,vector_field,2001,True,0.31325067687449104,0.05033316374753791,0.10381258147419758,0.799158800712053
quadcopter,"typical (wind .15, r x1.5)",lag x1.5,vector_field,2002,True,0.3972948848168455,0.04389648415454177,0.19126317099889828,0.8187387526785361
quadcopter,"typical (wind .15, r x1.5)",lag x1.5,vector_field,2003,True,0.09450778522482234,0.04487541376149406,0.06791591349669958,0.16034164459766023
quadcopter,"typical (wind .15, r x1.5)",lag x1.5,vector_field,2004,True,0.36369474394932827,0.05332513999764624,0.22743401085131693,0.9406891510874197
quadcopter,"typical (wind .15, r x1.5)",lag x1.5,vector_field,2005,True,0.2131677359146424,0.04989306981443588,0.2686207417670857,0.3945052134312973
quadcopter,"typical (wind .15, r x1.5)",lag x1.5,vector_field,2006,True,0.24107405855233244,0.05301012467055244,0.13941783068260108,0.4672978952451908
quadcopter,"typical (wind .15, r x1.5)",lag x1.5,vector_field,2007,True,0.19440594665923736,0.049993198922400096,0.20048058084099749,0.37848802659272135
quadcopter,"typical (wind .15, r x1.5)",lag x1.5,vector_field,2008,True,0.24608023289395398,0.043401031945525644,0.11470400585214696,0.4722187763282787
quadcopter,"typical (wind .15, r x1.5)",lag x1.5,vector_field,2009,True,0.10762921895222399,0.043879700217386026,0.09226912028664212,0.22275105792179428
quadcopter,"typical (wind .15, r x1.5)",lag x1.5,vector_field,2010,True,0.6041806900956135,0.04275773996392935,0.4792267254623685,1.273512457666303
quadcopter,"typical (wind .15, r x1.5)",lag x1.5,vector_field,2011,True,0.08690725024538426,0.04866515505766788,0.07979893636583617,0.17969300253054252
quadcopter,"typical (wind .15, r x1.5)",lag x1.5,lead_vf,2000,True,0.09685622124740963,0.08108212722791312,0.10686550913598299,0.12229598923242663
quadcopter,"typical (wind .15, r x1.5)",lag x1.5,lead_vf,2001,True,0.1354247344061269,0.10119551127674953,0.15834440300269095,0.17513105968513704
quadcopter,"typical (wind .15, r x1.5)",lag x1.5,lead_vf,2002,True,0.1698696141763113,0.0936752004292734,0.17252310776490778,0.2529437497993732
quadcopter,"typical (wind .15, r x1.5)",lag x1.5,lead_vf,2003,True,0.11895709090737054,0.07897140045202779,0.13746542025201544,0.13385589622941974
quadcopter,"typical (wind .15, r x1.5)",lag x1.5,lead_vf,2004,True,0.1568652251316918,0.09122837857965718,0.15015150718031042,0.3161089491113915
quadcopter,"typical (wind .15, r x1.5)",lag x1.5,lead_vf,2005,True,0.13443556725547368,0.09330758803111706,0.16013829640132923,0.19202354944339964
quadcopter,"typical (wind .15, r x1.5)",lag x1.5,lead_vf,2006,True,0.12670585936676856,0.0973105554959285,0.13695705900751046,0.1501841316390465
quadcopter,"typical (wind .15, r x1.5)",lag x1.5,lead_vf,2007,True,0.14425156196464528,0.10513998550201227,0.16073191616896626,0.20233827150877323
quadcopter,"typical (wind .15, r x1.5)",lag x1.5,lead_vf,2008,True,0.10668937905478446,0.09709978092474705,0.1139710594807881,0.10819057640639958
quadcopter,"typical (wind .15, r x1.5)",lag x1.5,lead_vf,2009,True,0.12094989014697018,0.09739305870026936,0.14026899212812408,0.14246703865743157
quadcopter,"typical (wind .15, r x1.5)",lag x1.5,lead_vf,2010,True,0.16649474224237273,0.09150207973042035,0.20211889185213028,0.22892797059058498
quadcopter,"typical (wind .15, r x1.5)",lag x1.5,lead_vf,2011,True,0.10224427806867795,0.09008005579267785,0.11201390083943503,0.12053368536907161
quadcopter,"typical (wind .15, r x1.5)",lag x1.5,adaptive_vf,2000,True,0.2770428771651084,0.08223706572856739,0.27347740988643604,0.6070186467873601
quadcopter,"typical (wind .15, r x1.5)",lag x1.5,adaptive_vf,2001,True,0.3256932143430317,0.08295579740812684,0.18726838258790154,0.7902135105701709
quadcopter,"typical (wind .15, r x1.5)",lag x1.5,adaptive_vf,2002,True,0.4111094293310224,0.10647333557873387,0.2510200213401894,0.8104296880430311
quadcopter,"typical (wind .15, r x1.5)",lag x1.5,adaptive_vf,2003,True,0.10108199485689347,0.05147258469370319,0.08120710080973488,0.16370968449674764
quadcopter,"typical (wind .15, r x1.5)",lag x1.5,adaptive_vf,2004,True,0.386617267247474,0.11236599368707884,0.27459303935274576,0.9582329272061554
quadcopter,"typical (wind .15, r x1.5)",lag x1.5,adaptive_vf,2005,True,0.22316554744164147,0.07071576430465341,0.27937886322671823,0.4044289185829441
quadcopter,"typical (wind .15, r x1.5)",lag x1.5,adaptive_vf,2006,True,0.25728260969468814,0.0879204854304249,0.15869977066754112,0.4856535519701049
quadcopter,"typical (wind .15, r x1.5)",lag x1.5,adaptive_vf,2007,True,0.21481914331883445,0.06883960575936332,0.23581776171279775,0.3943474893330123
quadcopter,"typical (wind .15, r x1.5)",lag x1.5,adaptive_vf,2008,True,0.2437130557058484,0.07034443230917928,0.15362362206588512,0.4442230718622367
quadcopter,"typical (wind .15, r x1.5)",lag x1.5,adaptive_vf,2009,True,0.1059411140264731,0.04713173683344698,0.10452016512903656,0.20267892155972328
quadcopter,"typical (wind .15, r x1.5)",lag x1.5,adaptive_vf,2010,True,0.5878019697177209,0.13284749293807277,0.48416853893316447,1.206892188453301
quadcopter,"typical (wind .15, r x1.5)",lag x1.5,adaptive_vf,2011,True,0.09601663579607624,0.05497499139881731,0.09738632865503846,0.18532835077105708
quadcopter,"typical (wind .15, r x1.5)",lag x1.5,carrot_chasing,2000,True,0.11893294580358786,0.03415348556163699,0.07924604211638059,0.30234341868820175
quadcopter,"typical (wind .15, r x1.5)",lag x1.5,carrot_chasing,2001,True,0.1566251738169981,0.0417278246533041,0.09628847768638274,0.3842419919248146
quadcopter,"typical (wind .15, r x1.5)",lag x1.5,carrot_chasing,2002,True,0.19355777615159206,0.03472875462714292,0.10849645512457225,0.39848874583907334
quadcopter,"typical (wind .15, r x1.5)",lag x1.5,carrot_chasing,2003,True,0.15258892672710503,0.038854921050842914,0.07308072416585283,0.2903963137798203
quadcopter,"typical (wind .15, r x1.5)",lag x1.5,carrot_chasing,2004,True,0.1376387007299195,0.039777863254589346,0.10207567477264752,0.3460491963496877
quadcopter,"typical (wind .15, r x1.5)",lag x1.5,carrot_chasing,2005,True,0.13739718697123948,0.040138561638958854,0.10492703407072015,0.35311028983442055
quadcopter,"typical (wind .15, r x1.5)",lag x1.5,carrot_chasing,2006,True,0.20844201739509294,0.04412805418259776,0.11067341300000075,0.41673294314370535
quadcopter,"typical (wind .15, r x1.5)",lag x1.5,carrot_chasing,2007,True,0.1705441553630041,0.042833916175508066,0.1161568037989631,0.3911940094840122
quadcopter,"typical (wind .15, r x1.5)",lag x1.5,carrot_chasing,2008,True,0.2250910110920536,0.03684030369244831,0.11118715905255849,0.4364179704535785
quadcopter,"typical (wind .15, r x1.5)",lag x1.5,carrot_chasing,2009,True,0.1404013907266015,0.036579774161763584,0.08960206394236839,0.326529567962391
quadcopter,"typical (wind .15, r x1.5)",lag x1.5,carrot_chasing,2010,True,0.19406159970035528,0.03609733081124307,0.11632096980082929,0.44327826690418937
quadcopter,"typical (wind .15, r x1.5)",lag x1.5,carrot_chasing,2011,True,0.11457355787795852,0.041966720886795074,0.08023418148196822,0.28337899206776557
quadcopter,"typical (wind .15, r x1.5)",lag x2,pure_pursuit,2000,True,0.13571097867441467,0.11176004366705938,0.15815257819458273,0.15267472456419723
quadcopter,"typical (wind .15, r x1.5)",lag x2,pure_pursuit,2001,True,0.24708792325642892,0.14448381965465196,0.21514018904174229,0.4910592486850181
quadcopter,"typical (wind .15, r x1.5)",lag x2,pure_pursuit,2002,True,0.29580965755754596,0.16483444042231274,0.25732757848071636,0.4892640511405519
quadcopter,"typical (wind .15, r x1.5)",lag x2,pure_pursuit,2003,True,0.13698601190339216,0.09446219234040286,0.1363504752642626,0.18192019703624598
quadcopter,"typical (wind .15, r x1.5)",lag x2,pure_pursuit,2004,True,0.23097513300567,0.11416259831799548,0.215094766409797,0.4940237593740891
quadcopter,"typical (wind .15, r x1.5)",lag x2,pure_pursuit,2005,True,0.18159349682269074,0.13123671498739228,0.20422824884655577,0.2779278805959422
quadcopter,"typical (wind .15, r x1.5)",lag x2,pure_pursuit,2006,True,0.17138290795476072,0.13122158131704179,0.17554642512364305,0.21831687358328253
quadcopter,"typical (wind .15, r x1.5)",lag x2,pure_pursuit,2007,True,0.18715161189942986,0.1409944487527207,0.19377579869748204,0.2782761865397136
quadcopter,"typical (wind .15, r x1.5)",lag x2,pure_pursuit,2008,True,0.15148225395982343,0.137979331788095,0.14471667772829272,0.17904732432930048
quadcopter,"typical (wind .15, r x1.5)",lag x2,pure_pursuit,2009,True,0.15328819452051598,0.11986369852101736,0.17239187072952167,0.19885885296737296
quadcopter,"typical (wind .15, r x1.5)",lag x2,pure_pursuit,2010,True,0.33574133086839153,0.15110960265018322,0.3223996685822423,0.6178233802836387
quadcopter,"typical (wind .15, r x1.5)",lag x2,pure_pursuit,2011,True,0.14577527022551764,0.12451285989054851,0.16356293641859204,0.17367751087886785
quadcopter,"typical (wind .15, r x1.5)",lag x2,l1,2000,True,0.1351599217187612,0.11128829612696585,0.15772297153684256,0.15162191408035877
quadcopter,"typical (wind .15, r x1.5)",lag x2,l1,2001,True,0.2400197242204248,0.14486963042696926,0.21314220565177988,0.46751997412424495
quadcopter,"typical (wind .15, r x1.5)",lag x2,l1,2002,True,0.29247472271520386,0.16397445648548314,0.25384017579399404,0.4833148958521824
quadcopter,"typical (wind .15, r x1.5)",lag x2,l1,2003,True,0.1371972723409129,0.09451045939644774,0.13584627134445548,0.1831223984028879
quadcopter,"typical (wind .15, r x1.5)",lag x2,l1,2004,True,0.22779937981590545,0.1143331260299718,0.2123167180178751,0.4854315212507608
quadcopter,"typical (wind .15, r x1.5)",lag x2,l1,2005,True,0.18239824935991608,0.13127780394393732,0.204741967462664,0.2812144021351325
quadcopter,"typical (wind .15, r x1.5)",lag x2,l1,2006,True,0.1713113979431651,0.13160551757943878,0.17641118225721994,0.21641803205887147
quadcopter,"typical (wind .15, r x1.5)",lag x2,l1,2007,True,0.18808445157240525,0.14073179120276239,0.19333372889842643,0.2833220189388943
quadcopter,"typical (wind .15, r x1.5)",lag x2,l1,2008,True,0.15156972555714557,0.1370116038395108,0.14554184382442628,0.17950425493705777
quadcopter,"typical (wind .15, r x1.5)",lag x2,l1,2009,True,0.15431272202898036,0.12013266509880072,0.1754521071373248,0.19735155991335143
quadcopter,"typical (wind .15, r x1.5)",lag x2,l1,2010,True,0.32928691376240393,0.15073116793829006,0.31474401301184,0.6051590608727905
quadcopter,"typical (wind .15, r x1.5)",lag x2,l1,2011,True,0.14575978067174356,0.1247571076287291,0.1630278507377436,0.17422081737813075
quadcopter,"typical (wind .15, r x1.5)",lag x2,vector_field,2000,True,0.38794967932877383,0.06265717131623395,0.4311305377034505,0.7995500851499304
quadcopter,"typical (wind .15, r x1.5)",lag x2,vector_field,2001,True,0.4480644315381393,0.07464042628994157,0.20784132061607566,1.1159256908636344
quadcopter,"typical (wind .15, r x1.5)",lag x2,vector_field,2002,True,0.6160788438686898,0.07331491740320581,0.39230329300665673,1.2155599832169892
quadcopter,"typical (wind .15, r x1.5)",lag x2,vector_field,2003,True,0.1406072345592467,0.0589453948917388,0.0952821855917872,0.24486325542184095
quadcopter,"typical (wind .15, r x1.5)",lag x2,vector_field,2004,True,0.5925369201852723,0.07814516547013627,0.43035996933720677,1.475963836171591
quadcopter,"typical (wind .15, r x1.5)",lag x2,vector_field,2005,True,0.31018985379898967,0.07361420591215195,0.4108624813966809,0.5270638249360361
quadcopter,"typical (wind .15, r x1.5)",lag x2,vector_field,2006,True,0.4297017028123398,0.07363246612152029,0.2434304649358958,0.8356797148173203
quadcopter,"typical (wind .15, r x1.5)",lag x2,vector_field,2007,True,0.3259769158813404,0.07537017703468991,0.3665164017439654,0.5983128247015148
quadcopter,"typical (wind .15, r x1.5)",lag x2,vector_field,2008,True,0.3799243620448502,0.06255617965116887,0.16576091844809943,0.730565965614375
quadcopter,"typical (wind .15, r x1.5)",lag x2,vector_field,2009,True,0.14718676994315877,0.051734972961131886,0.11937419156224732,0.31428901523473757
quadcopter,"typical (wind .15, r x1.5)",lag x2,vector_field,2010,True,0.8160781374695301,0.08356504084271464,0.7459116851238787,1.6203157723231862
quadcopter,"typical (wind .15, r x1.5)",lag x2,vector_field,2011,True,0.12338966719037267,0.061198046861876514,0.12313364525912422,0.2509189257071683
quadcopter,"typical (wind .15, r x1.5)",lag x2,lead_vf,2000,True,0.10486409151177689,0.09163280345277827,0.11462640619188597,0.1239853678015562
quadcopter,"typical (wind .15, r x1.5)",lag x2,lead_vf,2001,True,0.17926874560726092,0.1136699641967107,0.16759899445592605,0.3326105628375177
quadcopter,"typical (wind .15, r x1.5)",lag x2,lead_vf,2002,True,0.22319734862695806,0.1045222399911304,0.1911513708267245,0.38459875782258185
quadcopter,"typical (wind .15, r x1.5)",lag x2,lead_vf,2003,True,0.11988116657174015,0.08332190623448278,0.12403662261680526,0.15294412675191282
quadcopter,"typical (wind .15, r x1.5)",lag x2,lead_vf,2004,True,0.20008957069433259,0.09806565989607345,0.16183812612422213,0.4572545650409374
quadcopter,"typical (wind .15, r x1.5)",lag x2,lead_vf,2005,True,0.1446194276911585,0.1043559716303655,0.17262182995228456,0.19665517691978207
quadcopter,"typical (wind .15, r x1.5)",lag x2,lead_vf,2006,True,0.1371294499540511,0.10966132032078418,0.1310924236450324,0.1823092811846963
quadcopter,"typical (wind .15, r x1.5)",lag x2,lead_vf,2007,True,0.1441925110832543,0.11505504178111707,0.1504352836356961,0.20204489918795912
quadcopter,"typical (wind .15, r x1.5)",lag x2,lead_vf,2008,True,0.11304725841926758,0.10617844606802494,0.11273225007117894,0.12311727122752472
quadcopter,"typical (wind .15, r x1.5)",lag x2,lead_vf,2009,True,0.12541743336550476,0.10446364801105806,0.13592305211625802,0.1592513447908715
quadcopter,"typical (wind .15, r x1.5)",lag x2,lead_vf,2010,True,0.2863227777202912,0.09832051603645152,0.27558011826501033,0.5436272735119063
quadcopter,"typical (wind .15, r x1.5)",lag x2,lead_vf,2011,True,0.11428560404306144,0.09999273168901797,0.11819233155610588,0.15277070893011346
quadcopter,"typical (wind .15, r x1.5)",lag x2,adaptive_vf,2000,True,0.47451884402571065,0.12313192292310991,0.563207704376687,0.897116861329852
quadcopter,"typical (wind .15, r x1.5)",lag x2,adaptive_vf,2001,True,0.4965276163595247,0.13022870804265185,0.3643811534044703,1.1410989153703306
quadcopter,"typical (wind .15, r x1.5)",lag x2,adaptive_vf,2002,True,0.7036180073984085,0.18910985611806086,0.5812109520060608,1.2695296703821584
quadcopter,"typical (wind .15, r x1.5)",lag x2,adaptive_vf,2003,True,0.15668389545585856,0.07186848480074798,0.11679000325810208,0.26358085777262275
quadcopter,"typical (wind .15, r x1.5)",lag x2,adaptive_vf,2004,True,0.6304133090344453,0.17357693922974543,0.5499796284848917,1.4568541606246828
quadcopter,"typical (wind .15, r x1.5)",lag x2,adaptive_vf,2005,True,0.35255984443189026,0.12639444648825277,0.4723807637720522,0.5491002555447468
quadcopter,"typical (wind .15, r x1.5)",lag x2,adaptive_vf,2006,True,0.4585565157952795,0.13631182135396747,0.3358741009022584,0.8352245418701189
quadcopter,"typical (wind .15, r x1.5)",lag x2,adaptive_vf,2007,True,0.34392673840210786,0.11804925535517753,0.41774893055757983,0.566544145586129
quadcopter,"typical (wind .15, r x1.5)",lag x2,adaptive_vf,2008,True,0.3921256890271536,0.11768785049982605,0.2827251496322157,0.6897520176570664
quadcopter,"typical (wind .15, r x1.5)",lag x2,adaptive_vf,2009,True,0.16077205826320698,0.06424813879054227,0.1466197607397144,0.3250922485462584
quadcopter,"typical (wind .15, r x1.5)",lag x2,adaptive_vf,2010,True,0.767891920595769,0.28035641890491336,0.7567868452897663,1.4075197655795466
quadcopter,"typical (wind .15, r x1.5)",lag x2,adaptive_vf,2011,True,0.14278308649697438,0.07645278474739868,0.15926260429242145,0.25907180005572195
quadcopter,"typical (wind .15, r x1.5)",lag x2,carrot_chasing,2000,True,0.1095532294365321,0.04129501115768491,0.09380388922347158,0.254095484041499
quadcopter,"typical (wind .15, r x1.5)",lag x2,carrot_chasing,2001,True,0.14297358338752544,0.05239280065695446,0.10938638102110543,0.32730804522062384
quadcopter,"typical (wind .15, r x1.5)",lag x2,carrot_chasing,2002,True,0.16518308701740708,0.04149794388388772,0.12615082552686763,0.314418416047076
quadcopter,"typical (wind .15, r x1.5)",lag x2,carrot_chasing,2003,True,0.15439652639377022,0.05316656337962484,0.08808011924031674,0.28373518685574595
quadcopter,"typical (wind .15, r x1.5)",lag x2,carrot_chasing,2004,True,0.13252681819456913,0.04849933789737545,0.12293265093115342,0.30060175141749135
quadcopter,"typical (wind .15, r x1.5)",lag x2,carrot_chasing,2005,True,0.13707843767737596,0.05063971662849978,0.11931848330226877,0.3297211529588076
quadcopter,"typical (wind .15, r x1.5)",lag x2,carrot_chasing,2006,True,0.19916749957660654,0.059912561186280064,0.12633096570842067,0.3826923784049802
quadcopter,"typical (wind .15, r x1.5)",lag x2,carrot_chasing,2007,True,0.16543234629820702,0.05491021236954963,0.1326337031825221,0.35799723200122097
quadcopter,"typical (wind .15, r x1.5)",lag x2,carrot_chasing,2008,True,0.2210912976033048,0.04549331804172366,0.12935359459782073,0.4183061634341835
quadcopter,"typical (wind .15, r x1.5)",lag x2,carrot_chasing,2009,True,0.1415271005341681,0.04471481806534164,0.10553375880177768,0.31553685544116283
quadcopter,"typical (wind .15, r x1.5)",lag x2,carrot_chasing,2010,True,0.1466484329697635,0.04327846095621096,0.12888520123001412,0.29774241457503786
quadcopter,"typical (wind .15, r x1.5)",lag x2,carrot_chasing,2011,True,0.11906972165078213,0.053644816792231924,0.09659573378526715,0.2747585585874019
quadcopter,"typical (wind .15, r x1.5)",true a_max x0.8,pure_pursuit,2000,True,0.12459960353093827,0.08758268387652014,0.14264540284659014,0.18386793490337178
quadcopter,"typical (wind .15, r x1.5)",true a_max x0.8,pure_pursuit,2001,True,0.5610240924431923,0.1021126532286196,0.6636536099917559,1.039632018904882
quadcopter,"typical (wind .15, r x1.5)",true a_max x0.8,pure_pursuit,2002,True,0.6501505262282303,0.13057924608955251,0.8118189727417227,0.8297562713961771
quadcopter,"typical (wind .15, r x1.5)",true a_max x0.8,pure_pursuit,2003,True,0.1348478707284923,0.07193024740340892,0.15746767038090007,0.1621464812010298
quadcopter,"typical (wind .15, r x1.5)",true a_max x0.8,pure_pursuit,2004,True,0.5835429981049498,0.09230735616848437,0.736671011797363,1.0764750931652822
quadcopter,"typical (wind .15, r x1.5)",true a_max x0.8,pure_pursuit,2005,True,0.18665226488428674,0.10402189854791301,0.21679716505727242,0.32612222856410517
quadcopter,"typical (wind .15, r x1.5)",true a_max x0.8,pure_pursuit,2006,True,0.35808376109715595,0.12259027407833366,0.43429040533818253,0.4634605009283812
quadcopter,"typical (wind .15, r x1.5)",true a_max x0.8,pure_pursuit,2007,True,0.23511455243843102,0.11128992066185996,0.2961607914192144,0.34745601609174787
quadcopter,"typical (wind .15, r x1.5)",true a_max x0.8,pure_pursuit,2008,True,0.395293668770699,0.11211034744341393,0.4608245366455773,0.5291787805864568
quadcopter,"typical (wind .15, r x1.5)",true a_max x0.8,pure_pursuit,2009,True,0.1417889866767556,0.10201205064956294,0.17261617664829337,0.17418446723311198
quadcopter,"typical (wind .15, r x1.5)",true a_max x0.8,pure_pursuit,2010,True,0.5704150309648053,0.13136317914960582,0.7414755596086136,0.8240830440941254
quadcopter,"typical (wind .15, r x1.5)",true a_max x0.8,pure_pursuit,2011,True,0.11555359702816158,0.09170761108084953,0.13828567290358146,0.13535965105081274
quadcopter,"typical (wind .15, r x1.5)",true a_max x0.8,l1,2000,True,0.12417903911943547,0.08708765299656154,0.14146536755226413,0.18526253614638707
quadcopter,"typical (wind .15, r x1.5)",true a_max x0.8,l1,2001,True,0.5433071893461342,0.10296448823476655,0.6377320602747202,1.0144839554216651
quadcopter,"typical (wind .15, r x1.5)",true a_max x0.8,l1,2002,True,0.6410536503840305,0.13631018042968163,0.7977394739927495,0.8222227602742403
quadcopter,"typical (wind .15, r x1.5)",true a_max x0.8,l1,2003,True,0.13545152079019543,0.0720270691259336,0.15637693286669033,0.16568084655772405
quadcopter,"typical (wind .15, r x1.5)",true a_max x0.8,l1,2004,True,0.5706998699198809,0.09322556203895266,0.715592196110109,1.0603799720566152
quadcopter,"typical (wind .15, r x1.5)",true a_max x0.8,l1,2005,True,0.18671635848581558,0.10398857881944118,0.21569052444455267,0.32879380201675823
quadcopter,"typical (wind .15, r x1.5)",true a_max x0.8,l1,2006,True,0.35368239767300014,0.12232915987515791,0.4268419059228036,0.460692368329449
quadcopter,"typical (wind .15, r x1.5)",true a_max x0.8,l1,2007,True,0.23596117540096043,0.11137028556879838,0.29469438183964475,0.3536016479547923
quadcopter,"typical (wind .15, r x1.5)",true a_max x0.8,l1,2008,True,0.3862452171383848,0.11185482038522573,0.45343860870046265,0.5119717434252533
quadcopter,"typical (wind .15, r x1.5)",true a_max x0.8,l1,2009,True,0.1431387611213474,0.10232502345244558,0.17452389591300835,0.17651601403540834
quadcopter,"typical (wind .15, r x1.5)",true a_max x0.8,l1,2010,True,0.557932677351014,0.13287830988417978,0.7222458463792999,0.8115064505255649
quadcopter,"typical (wind .15, r x1.5)",true a_max x0.8,l1,2011,True,0.11533708319851019,0.09181206792339779,0.13744776524451308,0.13592152077473316
quadcopter,"typical (wind .15, r x1.5)",true a_max x0.8,vector_field,2000,True,0.3689138086970305,0.038299234205300556,0.46556050206810096,0.668899538794829
quadcopter,"typical (wind .15, r x1.5)",true a_max x0.8,vector_field,2001,True,0.9865967408054888,0.06038164793416745,0.9846560937572628,2.061458051218106
quadcopter,"typical (wind .15, r x1.5)",true a_max x0.8,vector_field,2002,True,1.1996270882979883,0.08704031052094703,1.3450200188575272,1.800625328296587
quadcopter,"typical (wind .15, r x1.5)",true a_max x0.8,vector_field,2003,True,0.08149824695983607,0.035647605773915805,0.0484864200719884,0.1453331991638752
quadcopter,"typical (wind .15, r x1.5)",true a_max x0.8,vector_field,2004,True,1.0759895764268077,0.07563665956727962,1.2196252292973147,2.198715238574356
quadcopter,"typical (wind .15, r x1.5)",true a_max x0.8,vector_field,2005,True,0.326152105219377,0.043051058955119154,0.4635990651116512,0.48848674623054894
quadcopter,"typical (wind .15, r x1.5)",true a_max x0.8,vector_field,2006,True,0.7027864240924792,0.03750138488608858,0.6962477153970037,1.1468971937482304
quadcopter,"typical (wind .15, r x1.5)",true a_max x0.8,vector_field,2007,True,0.38568587035954327,0.0461815304950102,0.4674714754655478,0.6724860969341995
quadcopter,"typical (wind .15, r x1.5)",true a_max x0.8,vector_field,2008,True,0.9351646696333055,0.048359769279574055,0.8471472374430995,1.5335037236413185
quadcopter,"typical (wind .15, r x1.5)",true a_max x0.8,vector_field,2009,True,0.11319120258205521,0.038686800937029184,0.08502562446723824,0.24816767507875154
quadcopter,"typical (wind .15, r x1.5)",true a_max x0.8,vector_field,2010,True,1.3860488517810963,0.09471032251761641,1.7525386100331157,2.112704373368479
quadcopter,"typical (wind .15, r x1.5)",true a_max x0.8,vector_field,2011,True,0.07998811467075452,0.04092110856842646,0.06062876569187461,0.18274604636352462
quadcopter,"typical (wind .15, r x1.5)",true a_max x0.8,lead_vf,2000,True,0.11563050200056253,0.07413420361098977,0.1429331721412401,0.15834286267310918
quadcopter,"typical (wind .15, r x1.5)",true a_max x0.8,lead_vf,2001,True,0.5218841840120877,0.12958962073078353,0.630084888818733,0.9345321707187086
quadcopter,"typical (wind .15, r x1.5)",true a_max x0.8,lead_vf,2002,True,0.6548458839448875,0.1251971365885215,0.8293552636456444,0.8191153791885908
quadcopter,"typical (wind .15, r x1.5)",true a_max x0.8,lead_vf,2003,True,0.13068136035901037,0.07782089892057763,0.1586778001381094,0.1411348143696519
quadcopter,"typical (wind .15, r x1.5)",true a_max x0.8,lead_vf,2004,True,0.6070088754678997,0.14456989638280837,0.7774882146415437,1.0743454060553246
quadcopter,"typical (wind .15, r x1.5)",true a_max x0.8,lead_vf,2005,True,0.17285355024970078,0.0894457463944776,0.2244786757526386,0.2552103335878903
quadcopter,"typical (wind .15, r x1.5)",true a_max x0.8,lead_vf,2006,True,0.3770335049900373,0.0890620549349703,0.4779863534528856,0.46875307535393673
quadcopter,"typical (wind .15, r x1.5)",true a_max x0.8,lead_vf,2007,True,0.22921917019633528,0.10703864870986456,0.30501126461060457,0.3070508115898323
quadcopter,"typical (wind .15, r x1.5)",true a_max x0.8,lead_vf,2008,True,0.3939318042173948,0.11277173950368506,0.47362682058359906,0.5061201292934125
quadcopter,"typical (wind .15, r x1.5)",true a_max x0.8,lead_vf,2009,True,0.126875638292031,0.09238303103707837,0.14927064200403936,0.16477509543645424
quadcopter,"typical (wind .15, r x1.5)",true a_max x0.8,lead_vf,2010,True,0.5982204795787822,0.08600088699531333,0.7895936820206224,0.8582034949707048
quadcopter,"typical (wind .15, r x1.5)",true a_max x0.8,lead_vf,2011,True,0.10277437478480204,0.0836564007567661,0.1213438662981117,0.11870571532583196
quadcopter,"typical (wind .15, r x1.5)",true a_max x0.8,adaptive_vf,2000,True,0.378584336596875,0.112235780612334,0.46488927926822293,0.678391494513487
quadcopter,"typical (wind .15, r x1.5)",true a_max x0.8,adaptive_vf,2001,True,0.984871648981671,0.2815151456708264,0.9711290938554744,2.007654675468008
quadcopter,"typical (wind .15, r x1.5)",true a_max x0.8,adaptive_vf,2002,True,1.2301341140089546,0.4457604765240174,1.3135701014624228,1.8496210451337383
quadcopter,"typical (wind .15, r x1.5)",true a_max x0.8,adaptive_vf,2003,True,0.085487777295885,0.03833699512864025,0.05795925037251427,0.14813956108213816
quadcopter,"typical (wind .15, r x1.5)",true a_max x0.8,adaptive_vf,2004,True,1.0905094638657196,0.3049753565691509,1.201969485909168,2.1995253515248008
quadcopter,"typical (wind .15, r x1.5)",true a_max x0.8,adaptive_vf,2005,True,0.3289611934865872,0.08535276328943363,0.45627465720352633,0.4998442775283917
quadcopter,"typical (wind .15, r x1.5)",true a_max x0.8,adaptive_vf,2006,True,0.7092837344466251,0.19366223946368732,0.6777445366047424,1.1557659850933977
quadcopter,"typical (wind .15, r x1.5)",true a_max x0.8,adaptive_vf,2007,True,0.3703415684877051,0.12541785901689165,0.44208122674313927,0.6229081077507941
quadcopter,"typical (wind .15, r x1.5)",true a_max x0.8,adaptive_vf,2008,True,0.9820406194744478,0.3081699221675593,0.8918122420376495,1.5678596002792122
quadcopter,"typical (wind .15, r x1.5)",true a_max x0.8,adaptive_vf,2009,True,0.11993584068011794,0.044166275542035005,0.0878698760456859,0.2629371610735045
quadcopter,"typical (wind .15, r x1.5)",true a_max x0.8,adaptive_vf,2010,True,1.3500635693335499,0.42916194347321174,1.6544190984559453,2.0314552665957444
quadcopter,"typical (wind .15, r x1.5)",true a_max x0.8,adaptive_vf,2011,True,0.08317597602433806,0.04437264973073838,0.06991242090186313,0.1816429132563282
quadcopter,"typical (wind .15, r x1.5)",true a_max x0.8,carrot_chasing,2000,True,0.10844292445033309,0.028802494784728985,0.05707845933945333,0.28764636700091617
quadcopter,"typical (wind .15, r x1.5)",true a_max x0.8,carrot_chasing,2001,True,0.2946154430281867,0.03544810617178894,0.3271824328190492,0.5869005099599058
quadcopter,"typical (wind .15, r x1.5)",true a_max x0.8,carrot_chasing,2002,True,0.4324425516293201,0.029455046663981486,0.5194376318052625,0.6043976390975923
quadcopter,"typical (wind .15, r x1.5)",true a_max x0.8,carrot_chasing,2003,True,0.1512113064550862,0.029965257292841344,0.06168351478599086,0.2933018962798154
quadcopter,"typical (wind .15, r x1.5)",true a_max x0.8,carrot_chasing,2004,True,0.42285698215246814,0.036053405813245724,0.524161027639555,0.8099284573871137
quadcopter,"typical (wind .15, r x1.5)",true a_max x0.8,carrot_chasing,2005,True,0.12716829539895352,0.032452320396378735,0.08324449244195957,0.3420059974543426
quadcopter,"typical (wind .15, r x1.5)",true a_max x0.8,carrot_chasing,2006,True,0.21863299689923862,0.034326145501780356,0.20308555875776765,0.37552488234677694
quadcopter,"typical (wind .15, r x1.5)",true a_max x0.8,carrot_chasing,2007,True,0.1537226783256565,0.035042989490152686,0.09348060938947293,0.36035433984026666
quadcopter,"typical (wind .15, r x1.5)",true a_max x0.8,carrot_chasing,2008,True,0.21575421341617915,0.03132456666170428,0.18511675832165864,0.3697485959496351
quadcopter,"typical (wind .15, r x1.5)",true a_max x0.8,carrot_chasing,2009,True,0.13967986796011703,0.030408229713603074,0.07832066301651222,0.33334553281989265
quadcopter,"typical (wind .15, r x1.5)",true a_max x0.8,carrot_chasing,2010,True,0.2922626277766578,0.027525518710727233,0.34423919699796024,0.5005908052224262
quadcopter,"typical (wind .15, r x1.5)",true a_max x0.8,carrot_chasing,2011,True,0.11345903960076922,0.03342312516503271,0.06658739000722153,0.29333614269915437
quadcopter,"typical (wind .15, r x1.5)",true a_max x0.6,pure_pursuit,2000,True,0.22458648791343014,0.09319375878652819,0.3165798046693393,0.2745547719208701
quadcopter,"typical (wind .15, r x1.5)",true a_max x0.6,pure_pursuit,2001,True,2.353567148700442,1.164181782039807,3.159684157124267,3.0665713375497288
quadcopter,"typical (wind .15, r x1.5)",true a_max x0.6,pure_pursuit,2002,True,2.38428086236152,1.2575629328663651,3.1372395207382584,2.2546133475453525
quadcopter,"typical (wind .15, r x1.5)",true a_max x0.6,pure_pursuit,2003,True,0.13672984981751518,0.07202836874930739,0.15874371152155722,0.16641349731318142
quadcopter,"typical (wind .15, r x1.5)",true a_max x0.6,pure_pursuit,2004,True,2.0342538150763385,0.977086754406089,2.839994987091809,2.513725207424836
quadcopter,"typical (wind .15, r x1.5)",true a_max x0.6,pure_pursuit,2005,True,0.7891855665041585,0.1851032061208195,1.1298199422117075,1.1089148902247163
quadcopter,"typical (wind .15, r x1.5)",true a_max x0.6,pure_pursuit,2006,True,2.1878240649642207,0.8079581098086113,2.9851681525465543,2.122898838517721
quadcopter,"typical (wind .15, r x1.5)",true a_max x0.6,pure_pursuit,2007,True,0.9875065705278757,0.4122384271435454,1.458016496465889,0.9998239606888832
quadcopter,"typical (wind .15, r x1.5)",true a_max x0.6,pure_pursuit,2008,True,2.6095997022190285,1.1958008079250908,3.3896703541187945,2.7031424503026757
quadcopter,"typical (wind .15, r x1.5)",true a_max x0.6,pure_pursuit,2009,True,0.15890725838812797,0.10254623516545817,0.18516122171077617,0.2307602356121933
quadcopter,"typical (wind .15, r x1.5)",true a_max x0.6,pure_pursuit,2010,True,2.1155554283650515,0.8192180163023153,3.071305841510839,2.025855214817552
quadcopter,"typical (wind .15, r x1.5)",true a_max x0.6,pure_pursuit,2011,True,0.12029115546294471,0.09172191511476757,0.14534417415242779,0.14713185818685465
quadcopter,"typical (wind .15, r x1.5)",true a_max x0.6,l1,2000,True,0.22167521361589546,0.09258639719232402,0.3122157141090399,0.2710403848268696
quadcopter,"typical (wind .15, r x1.5)",true a_max x0.6,l1,2001,True,2.3271824612075345,1.1891582324641417,3.1264498784955705,2.98475073820945
quadcopter,"typical (wind .15, r x1.5)",true a_max x0.6,l1,2002,True,2.3784926673515345,1.1974558091949072,3.1451033434043247,2.270699939308933
quadcopter,"typical (wind .15, r x1.5)",true a_max x0.6,l1,2003,True,0.13738074468751696,0.07177892800372085,0.15770224540046957,0.1702825751764132
quadcopter,"typical (wind .15, r x1.5)",true a_max x0.6,l1,2004,True,2.013508595578682,0.9404199045583732,2.8217191529473986,2.4991233413448715
quadcopter,"typical (wind .15, r x1.5)",true a_max x0.6,l1,2005,True,0.7792681689014268,0.17368058351376592,1.1164085986728982,1.0991214788751444
quadcopter,"typical (wind .15, r x1.5)",true a_max x0.6,l1,2006,True,2.1783270042870306,0.7874602141139451,2.9809810581815075,2.114385451787603
quadcopter,"typical (wind .15, r x1.5)",true a_max x0.6,l1,2007,True,0.9846074454857325,0.4059719284889061,1.4570831932489121,0.9976175945032667
quadcopter,"typical (wind .15, r x1.5)",true a_max x0.6,l1,2008,True,2.59185336546726,1.1955145648751975,3.372901831643763,2.6752986283954256
quadcopter,"typical (wind .15, r x1.5)",true a_max x0.6,l1,2009,True,0.15793040030863797,0.10276548497351645,0.1858861310882654,0.22489644538343836
quadcopter,"typical (wind .15, r x1.5)",true a_max x0.6,l1,2010,True,2.0958201278961623,0.8152715158841887,3.0419867096572895,2.0112118096442377
quadcopter,"typical (wind .15, r x1.5)",true a_max x0.6,l1,2011,True,0.11972916643032482,0.09166706182455285,0.1438194365470485,0.14772737740332564
quadcopter,"typical (wind .15, r x1.5)",true a_max x0.6,vector_field,2000,True,0.9553074836353918,0.17032702786619788,1.2726116008035946,1.5460242561826623
quadcopter,"typical (wind .15, r x1.5)",true a_max x0.6,vector_field,2001,True,3.3948335487210475,1.6586698831477344,4.299421946748254,4.9207650638553195
quadcopter,"typical (wind .15, r x1.5)",true a_max x0.6,vector_field,2002,True,3.6495643768079877,1.940690055298178,4.420062250753136,4.25222688488416
quadcopter,"typical (wind .15, r x1.5)",true a_max x0.6,vector_field,2003,True,0.37406993490154106,0.03757845469654489,0.25185553212070283,0.6747877044629071
quadcopter,"typical (wind .15, r x1.5)",true a_max x0.6,vector_field,2004,True,3.240250752283991,1.6582715772049614,4.207637447646938,4.63556346358348
quadcopter,"typical (wind .15, r x1.5)",true a_max x0.6,vector_field,2005,True,1.4111024271908899,0.3549513392526163,2.0062719060919063,1.9717577419494912
quadcopter,"typical (wind .15, r x1.5)",true a_max x0.6,vector_field,2006,True,3.694663496143244,1.4028378901840983,4.638756858326165,4.313676466089038
quadcopter,"typical (wind .15, r x1.5)",true a_max x0.6,vector_field,2007,True,2.0104273194138154,0.773209751878811,2.8985165787067793,2.2965483132411655
quadcopter,"typical (wind .15, r x1.5)",true a_max x0.6,vector_field,2008,True,4.112411843724206,1.984488408542049,4.923867492871489,4.8446934502749945
quadcopter,"typical (wind .15, r x1.5)",true a_max x0.6,vector_field,2009,True,0.4402049568859306,0.03876705234333623,0.3698244919575287,0.9589983754278752
quadcopter,"typical (wind .15, r x1.5)",true a_max x0.6,vector_field,2010,True,3.466060343259034,1.7846633968119434,4.794069167961191,3.5620699606714434
quadcopter,"typical (wind .15, r x1.5)",true a_max x0.6,vector_field,2011,True,0.2515452328514039,0.0415216178043728,0.21271297832687555,0.6016631462785795
quadcopter,"typical (wind .15, r x1.5)",true a_max x0.6,lead_vf,2000,True,0.25840021549042497,0.08975881193764532,0.3752411587763667,0.29886878856369103
quadcopter,"typical (wind .15, r x1.5)",true a_max x0.6,lead_vf,2001,True,2.2974314101662134,1.2246905110826236,3.056153368089783,2.921494089151335
quadcopter,"typical (wind .15, r x1.5)",true a_max x0.6,lead_vf,2002,True,2.368611353726979,1.3649334399589697,3.076742776149272,2.2101412466983783
quadcopter,"typical (wind .15, r x1.5)",true a_max x0.6,lead_vf,2003,True,0.13434914014327348,0.07849885765267606,0.16417100453120803,0.14457657460813353
quadcopter,"typical (wind .15, r x1.5)",true a_max x0.6,lead_vf,2004,True,2.096958456956979,1.1126443102395653,2.8605638459969476,2.6128084239634677
quadcopter,"typical (wind .15, r x1.5)",true a_max x0.6,lead_vf,2005,True,0.7934685059282253,0.25066544782880323,1.1343463905823656,1.06196188108362
quadcopter,"typical (wind .15, r x1.5)",true a_max x0.6,lead_vf,2006,True,2.201371169585626,1.0057739078302022,2.97265041355261,2.0872914772001288
quadcopter,"typical (wind .15, r x1.5)",true a_max x0.6,lead_vf,2007,True,1.0203235515289957,0.45657285939135805,1.5062681538266323,1.000492518265371
quadcopter,"typical (wind .15, r x1.5)",true a_max x0.6,lead_vf,2008,True,2.735853400605414,1.4083894392903802,3.472861449833624,2.8805901280018724
quadcopter,"typical (wind .15, r x1.5)",true a_max x0.6,lead_vf,2009,True,0.1441309496993305,0.09230019416837196,0.18054174008871413,0.1859464102108338
quadcopter,"typical (wind .15, r x1.5)",true a_max x0.6,lead_vf,2010,True,2.4489453340705127,1.212966640442973,3.4318795131312356,2.4008726891515906
quadcopter,"typical (wind .15, r x1.5)",true a_max x0.6,lead_vf,2011,True,0.11041183080564683,0.08457266005126127,0.13652601391273297,0.12523052456424338
quadcopter,"typical (wind .15, r x1.5)",true a_max x0.6,adaptive_vf,2000,True,1.0140364138949558,0.4770333756623281,1.2974876701392664,1.524511850220027
quadcopter,"typical (wind .15, r x1.5)",true a_max x0.6,adaptive_vf,2001,True,3.5497006437306395,2.187085384494713,4.393171699188772,4.844678369254248
quadcopter,"typical (wind .15, r x1.5)",true a_max x0.6,adaptive_vf,2002,True,4.329429918664833,2.182030668369346,4.9983534683960835,5.512834451707316
quadcopter,"typical (wind .15, r x1.5)",true a_max x0.6,adaptive_vf,2003,True,0.4107680001545254,0.13465692939985555,0.2823440385914863,0.7216667472853835
quadcopter,"typical (wind .15, r x1.5)",true a_max x0.6,adaptive_vf,2004,True,3.3531210079206395,2.1147485700702346,4.203126552470465,4.565683963011702
quadcopter,"typical (wind .15, r x1.5)",true a_max x0.6,adaptive_vf,2005,True,1.5357475638802798,0.8746406077312043,2.0403869022873553,1.9575667272998019
quadcopter,"typical (wind .15, r x1.5)",true a_max x0.6,adaptive_vf,2006,True,3.7064293039370475,2.0544225745862597,4.481014484416767,4.268321799290937
quadcopter,"typical (wind .15, r x1.5)",true a_max x0.6,adaptive_vf,2007,True,2.2141682200925734,1.5560233161503652,2.8918266943226794,2.272861355600688
quadcopter,"typical (wind .15, r x1.5)",true a_max x0.6,adaptive_vf,2008,True,4.039295137376379,2.504994011897031,4.745494030606202,4.572219992137182
quadcopter,"typical (wind .15, r x1.5)",true a_max x0.6,adaptive_vf,2009,True,0.4671748167504524,0.15573739228767022,0.38588174415188714,0.9878262859898803
quadcopter,"typical (wind .15, r x1.5)",true a_max x0.6,adaptive_vf,2010,True,3.8926666643033947,2.5238138186550874,5.215512820110872,3.796404663911139
quadcopter,"typical (wind .15, r x1.5)",true a_max x0.6,adaptive_vf,2011,True,0.25019918854955825,0.07741939496698588,0.2184013022648271,0.5769433175151292
quadcopter,"typical (wind .15, r x1.5)",true a_max x0.6,carrot_chasing,2000,True,0.22789207203793407,0.030294934180977742,0.32638225662451165,0.3182848340344488
quadcopter,"typical (wind .15, r x1.5)",true a_max x0.6,carrot_chasing,2001,True,2.227790232172844,1.092213473546376,2.994248798234299,2.920050996677685
quadcopter,"typical (wind .15, r x1.5)",true a_max x0.6,carrot_chasing,2002,True,2.4411545483637327,1.1760652474271442,3.1487352614848945,2.559208633588631
quadcopter,"typical (wind .15, r x1.5)",true a_max x0.6,carrot_chasing,2003,True,0.11746282088264709,0.030108655455367724,0.05324149190035644,0.22403872021299065
quadcopter,"typical (wind .15, r x1.5)",true a_max x0.6,carrot_chasing,2004,True,1.9765569734007662,0.9210794212913428,2.762966130379197,2.48896039046916
quadcopter,"typical (wind .15, r x1.5)",true a_max x0.6,carrot_chasing,2005,True,0.6330974303093352,0.06909992134112669,0.9292907837671792,0.8629287324746003
quadcopter,"typical (wind .15, r x1.5)",true a_max x0.6,carrot_chasing,2006,True,1.9678977238807394,0.7189269710323145,2.710271653799802,1.8649389296632508
quadcopter,"typical (wind .15, r x1.5)",true a_max x0.6,carrot_chasing,2007,True,0.7898948150188215,0.26949301483159976,1.19568045310061,0.7789833732772414
quadcopter,"typical (wind .15, r x1.5)",true a_max x0.6,carrot_chasing,2008,True,2.434461302403935,1.1584924376018673,3.195844489785175,2.4410090500246477
quadcopter,"typical (wind .15, r x1.5)",true a_max x0.6,carrot_chasing,2009,True,0.10793958180310485,0.030364054635679306,0.07090894338971176,0.24858641491315245
quadcopter,"typical (wind .15, r x1.5)",true a_max x0.6,carrot_chasing,2010,True,1.8380962053096033,0.6537268976993027,2.703560186375589,1.6887480285692198
quadcopter,"typical (wind .15, r x1.5)",true a_max x0.6,carrot_chasing,2011,True,0.10225144169149905,0.033449884374057645,0.06245293737217859,0.2618875720850489
quadcopter,"typical (wind .15, r x1.5)",position noise 2% r_min,pure_pursuit,2000,True,0.1336228494746927,0.09346216369307048,0.15683795535730286,0.18874142954053305
quadcopter,"typical (wind .15, r x1.5)",position noise 2% r_min,pure_pursuit,2001,True,0.16806905933361274,0.10502307681111112,0.19830701961917535,0.24970181515840928
quadcopter,"typical (wind .15, r x1.5)",position noise 2% r_min,pure_pursuit,2002,True,0.216228747631761,0.13915708730403237,0.22568626219829102,0.29793547124585507
quadcopter,"typical (wind .15, r x1.5)",position noise 2% r_min,pure_pursuit,2003,True,0.14755110158262685,0.08748371851418493,0.16645225144263978,0.18033379930919416
quadcopter,"typical (wind .15, r x1.5)",position noise 2% r_min,pure_pursuit,2004,True,0.18520766522102716,0.09486918703247696,0.2062643086625623,0.34477422678047653
quadcopter,"typical (wind .15, r x1.5)",position noise 2% r_min,pure_pursuit,2005,True,0.17894635925254698,0.11392332502683786,0.20859538621888954,0.28891600275076557
quadcopter,"typical (wind .15, r x1.5)",position noise 2% r_min,pure_pursuit,2006,True,0.1888906073574251,0.12749651662914005,0.21195652714540886,0.22961698773471947
quadcopter,"typical (wind .15, r x1.5)",position noise 2% r_min,pure_pursuit,2007,True,0.18941277204573811,0.11075233507179616,0.22225414667262028,0.28561152086665814
quadcopter,"typical (wind .15, r x1.5)",position noise 2% r_min,pure_pursuit,2008,True,0.16002739747711425,0.10448639329728227,0.17448322674619995,0.19985599304635118
quadcopter,"typical (wind .15, r x1.5)",position noise 2% r_min,pure_pursuit,2009,True,0.15392366722211526,0.11681981784022381,0.18389225597637635,0.18445623198491415
quadcopter,"typical (wind .15, r x1.5)",position noise 2% r_min,pure_pursuit,2010,True,0.21224648145020272,0.1062258164549579,0.2727728994796847,0.2715757946102798
quadcopter,"typical (wind .15, r x1.5)",position noise 2% r_min,pure_pursuit,2011,True,0.11903147898122858,0.09574280549525685,0.1373849149456906,0.14912726070446222
quadcopter,"typical (wind .15, r x1.5)",position noise 2% r_min,l1,2000,True,0.13205831102028984,0.09324223220375118,0.15398558877117743,0.18717411918875923
quadcopter,"typical (wind .15, r x1.5)",position noise 2% r_min,l1,2001,True,0.16799358346767027,0.10404088182239737,0.19741522437072712,0.25277042143619316
quadcopter,"typical (wind .15, r x1.5)",position noise 2% r_min,l1,2002,True,0.21157767585546938,0.13914388056330265,0.2186066158779887,0.29232039810109856
quadcopter,"typical (wind .15, r x1.5)",position noise 2% r_min,l1,2003,True,0.14500647354877122,0.08661110245235427,0.16188751632455825,0.17938173563645823
quadcopter,"typical (wind .15, r x1.5)",position noise 2% r_min,l1,2004,True,0.18175056516363666,0.09456326178340747,0.20066523410321344,0.3396393667232464
quadcopter,"typical (wind .15, r x1.5)",position noise 2% r_min,l1,2005,True,0.17728978378529683,0.11358538108343201,0.20422764473105057,0.29051412807919386
quadcopter,"typical (wind .15, r x1.5)",position noise 2% r_min,l1,2006,True,0.1881320914684708,0.12707366908287313,0.20956434628203624,0.23113189090807965
quadcopter,"typical (wind .15, r x1.5)",position noise 2% r_min,l1,2007,True,0.18860853121335522,0.1100908485754214,0.21647579591394273,0.2927689811253441
quadcopter,"typical (wind .15, r x1.5)",position noise 2% r_min,l1,2008,True,0.15846512327961532,0.10437271551280453,0.17264349096848872,0.1974275507594083
quadcopter,"typical (wind .15, r x1.5)",position noise 2% r_min,l1,2009,True,0.15351944188608696,0.11649799009074802,0.18384726475304525,0.18318855478553442
quadcopter,"typical (wind .15, r x1.5)",position noise 2% r_min,l1,2010,True,0.2078263387484187,0.10519165162109043,0.2662119884756857,0.26661355760364297
quadcopter,"typical (wind .15, r x1.5)",position noise 2% r_min,l1,2011,True,0.11698737041768971,0.09498792825359524,0.133779960004937,0.1473181684261641
quadcopter,"typical (wind .15, r x1.5)",position noise 2% r_min,vector_field,2000,True,0.16175320808828791,0.04925588883360392,0.1296150710151818,0.3872821871638336
quadcopter,"typical (wind .15, r x1.5)",position noise 2% r_min,vector_field,2001,True,0.2196145587703633,0.050958609463694494,0.09561644703487095,0.5525945977250926
quadcopter,"typical (wind .15, r x1.5)",position noise 2% r_min,vector_field,2002,True,0.18921392362446848,0.06858843636898432,0.07823132712575172,0.3883748698786643
quadcopter,"typical (wind .15, r x1.5)",position noise 2% r_min,vector_field,2003,True,0.07101769275562576,0.0539079481892356,0.056708258313628655,0.10490165467320192
quadcopter,"typical (wind .15, r x1.5)",position noise 2% r_min,vector_field,2004,True,0.18551312460906358,0.05684124175786515,0.1431383938890553,0.45149101450309137
quadcopter,"typical (wind .15, r x1.5)",position noise 2% r_min,vector_field,2005,True,0.13700434136829018,0.06464228398944853,0.15096963012145828,0.2684207292687257
quadcopter,"typical (wind .15, r x1.5)",position noise 2% r_min,vector_field,2006,True,0.1375525461978671,0.06457890580491094,0.0770590719172039,0.2585362230193504
quadcopter,"typical (wind .15, r x1.5)",position noise 2% r_min,vector_field,2007,True,0.1033995305256486,0.057815974400648444,0.07178847426421366,0.2145134711163111
quadcopter,"typical (wind .15, r x1.5)",position noise 2% r_min,vector_field,2008,True,0.1697859956608657,0.05104420373396789,0.06478822221621823,0.32731309896280636
quadcopter,"typical (wind .15, r x1.5)",position noise 2% r_min,vector_field,2009,True,0.07492235399016592,0.05465768436864962,0.06990162148022236,0.12550601832724306
quadcopter,"typical (wind .15, r x1.5)",position noise 2% r_min,vector_field,2010,True,0.4295166034383204,0.05304256670622706,0.28625919940591577,0.9460203147679713
quadcopter,"typical (wind .15, r x1.5)",position noise 2% r_min,vector_field,2011,True,0.06802047368257906,0.04831623044398137,0.05862019104681452,0.13180949897217795
quadcopter,"typical (wind .15, r x1.5)",position noise 2% r_min,lead_vf,2000,True,0.11055578741368002,0.07565249724758866,0.12787424747908427,0.16382984120862268
quadcopter,"typical (wind .15, r x1.5)",position noise 2% r_min,lead_vf,2001,True,0.1341251185650374,0.09214119285606552,0.15540808105825116,0.19137085917802174
quadcopter,"typical (wind .15, r x1.5)",position noise 2% r_min,lead_vf,2002,True,0.18971798606991455,0.10430787860155312,0.2178355543032051,0.24377900103485983
quadcopter,"typical (wind .15, r x1.5)",position noise 2% r_min,lead_vf,2003,True,0.13730635787201342,0.08774751831195648,0.16270683119278695,0.15065650844478795
quadcopter,"typical (wind .15, r x1.5)",position noise 2% r_min,lead_vf,2004,True,0.16557659838068708,0.09217632813142919,0.17354659948927922,0.31711935870079483
quadcopter,"typical (wind .15, r x1.5)",position noise 2% r_min,lead_vf,2005,True,0.15658622845339426,0.09537902850169458,0.1938791358556599,0.23252269896751768
quadcopter,"typical (wind .15, r x1.5)",position noise 2% r_min,lead_vf,2006,True,0.1573069109846998,0.10093986814089216,0.17337975794148697,0.20124831609575486
quadcopter,"typical (wind .15, r x1.5)",position noise 2% r_min,lead_vf,2007,True,0.16455059118866086,0.10112831645052739,0.17969139673886853,0.26370797121692774
quadcopter,"typical (wind .15, r x1.5)",position noise 2% r_min,lead_vf,2008,True,0.13402691868496575,0.09535695151326315,0.15166454868203494,0.15203827581510204
quadcopter,"typical (wind .15, r x1.5)",position noise 2% r_min,lead_vf,2009,True,0.13232455513896466,0.10496103088846528,0.15056974824955252,0.1652710400699697
quadcopter,"typical (wind .15, r x1.5)",position noise 2% r_min,lead_vf,2010,True,0.1823707930553615,0.08198011169233811,0.24278381220099504,0.2239843253801693
quadcopter,"typical (wind .15, r x1.5)",position noise 2% r_min,lead_vf,2011,True,0.09707801662121103,0.08199861636600426,0.10959606344456298,0.11692687130156983
quadcopter,"typical (wind .15, r x1.5)",position noise 2% r_min,adaptive_vf,2000,True,0.16654518809556643,0.06367551034168958,0.1342778083162886,0.3910020665362305
quadcopter,"typical (wind .15, r x1.5)",position noise 2% r_min,adaptive_vf,2001,True,0.22964242479778474,0.06482161602073075,0.1451142044885287,0.5493537791764811
quadcopter,"typical (wind .15, r x1.5)",position noise 2% r_min,adaptive_vf,2002,True,0.1840763894558712,0.07737031976133187,0.10387184887112676,0.36104363220120206
quadcopter,"typical (wind .15, r x1.5)",position noise 2% r_min,adaptive_vf,2003,True,0.07765067260449358,0.05920386055148647,0.06473376691723774,0.11212976674652807
quadcopter,"typical (wind .15, r x1.5)",position noise 2% r_min,adaptive_vf,2004,True,0.19268149635167,0.07811700504282298,0.15387864300280482,0.4513280833810811
quadcopter,"typical (wind .15, r x1.5)",position noise 2% r_min,adaptive_vf,2005,True,0.14181624121446296,0.0776361374497201,0.15349116307482613,0.2701373434214288
quadcopter,"typical (wind .15, r x1.5)",position noise 2% r_min,adaptive_vf,2006,True,0.1552378854624521,0.07842644898552653,0.09405490086692689,0.28556219900798174
quadcopter,"typical (wind .15, r x1.5)",position noise 2% r_min,adaptive_vf,2007,True,0.10840026097790298,0.06359438309116146,0.08719545523863818,0.21253206915143733
quadcopter,"typical (wind .15, r x1.5)",position noise 2% r_min,adaptive_vf,2008,True,0.18966357581706944,0.05771942815464739,0.09228742391268166,0.35736383132673527
quadcopter,"typical (wind .15, r x1.5)",position noise 2% r_min,adaptive_vf,2009,True,0.08159641729214498,0.05701357011549421,0.07742787824399415,0.13839884566966737
quadcopter,"typical (wind .15, r x1.5)",position noise 2% r_min,adaptive_vf,2010,True,0.4478975825010517,0.11476007035778031,0.2833172306403746,0.9816150752895662
quadcopter,"typical (wind .15, r x1.5)",position noise 2% r_min,adaptive_vf,2011,True,0.07588892713294199,0.05247682804076426,0.07277559334915695,0.13997217794910072
quadcopter,"typical (wind .15, r x1.5)",position noise 2% r_min,carrot_chasing,2000,True,0.10869874114070333,0.048405156446962874,0.06470117259883537,0.27283638332120175
quadcopter,"typical (wind .15, r x1.5)",position noise 2% r_min,carrot_chasing,2001,True,0.14115478180681695,0.04863416133197788,0.0894294627064789,0.33991899210297305
quadcopter,"typical (wind .15, r x1.5)",position noise 2% r_min,carrot_chasing,2002,True,0.1653549363162442,0.06705150046101321,0.0814864329594167,0.33629225219891107
quadcopter,"typical (wind .15, r x1.5)",position noise 2% r_min,carrot_chasing,2003,True,0.15066002595452593,0.05464366219782849,0.07147826872953313,0.2829514824484257
quadcopter,"typical (wind .15, r x1.5)",position noise 2% r_min,carrot_chasing,2004,True,0.1304578671906406,0.052486696615363294,0.08291855434087911,0.32880911528028345
quadcopter,"typical (wind .15, r x1.5)",position noise 2% r_min,carrot_chasing,2005,True,0.13738389313985738,0.06105465620991011,0.09817691753218373,0.3454238034641729
quadcopter,"typical (wind .15, r x1.5)",position noise 2% r_min,carrot_chasing,2006,True,0.18053274711305403,0.059567642235786165,0.0940734413504166,0.3556566565238552
quadcopter,"typical (wind .15, r x1.5)",position noise 2% r_min,carrot_chasing,2007,True,0.16492967999097097,0.056370595289278916,0.09411410582996181,0.38200368582907984
quadcopter,"typical (wind .15, r x1.5)",position noise 2% r_min,carrot_chasing,2008,True,0.18948923199897816,0.049768409672937525,0.09228629298817767,0.36481086372613475
quadcopter,"typical (wind .15, r x1.5)",position noise 2% r_min,carrot_chasing,2009,True,0.13559175115791827,0.04987246655313085,0.07911409969593745,0.3130227252372621
quadcopter,"typical (wind .15, r x1.5)",position noise 2% r_min,carrot_chasing,2010,True,0.13547666450006524,0.047665875189040155,0.07073387178076881,0.30727106373350704
quadcopter,"typical (wind .15, r x1.5)",position noise 2% r_min,carrot_chasing,2011,True,0.11091269471170279,0.04760137142168808,0.08150200075402113,0.2664477808232386
quadcopter,"typical (wind .15, r x1.5)",velocity noise 5%,pure_pursuit,2000,True,0.14445760942559352,0.10442059231588939,0.1723303218569015,0.18952843077731515
quadcopter,"typical (wind .15, r x1.5)",velocity noise 5%,pure_pursuit,2001,True,0.18331941445675606,0.10997827772256347,0.20659537884903664,0.29750127181834574
quadcopter,"typical (wind .15, r x1.5)",velocity noise 5%,pure_pursuit,2002,True,0.23979237365113754,0.1610733215101448,0.2478134386841642,0.328149569323191
quadcopter,"typical (wind .15, r x1.5)",velocity noise 5%,pure_pursuit,2003,True,0.1563916084769824,0.10357941083184985,0.16909810908973769,0.19379974683335585
quadcopter,"typical (wind .15, r x1.5)",velocity noise 5%,pure_pursuit,2004,True,0.20832653128072026,0.10256608692782816,0.22342644319980673,0.4061061446223719
quadcopter,"typical (wind .15, r x1.5)",velocity noise 5%,pure_pursuit,2005,True,0.19068417624179607,0.12858024550901076,0.21875289981699136,0.302648366262244
quadcopter,"typical (wind .15, r x1.5)",velocity noise 5%,pure_pursuit,2006,True,0.21085511106720897,0.1450128346709185,0.22742417248127114,0.2680015420262942
quadcopter,"typical (wind .15, r x1.5)",velocity noise 5%,pure_pursuit,2007,True,0.1961041897538792,0.11710806627757042,0.2295458924276791,0.2933762381433966
quadcopter,"typical (wind .15, r x1.5)",velocity noise 5%,pure_pursuit,2008,True,0.18536128438667748,0.1093627692450053,0.1975078447265715,0.24599645905261525
quadcopter,"typical (wind .15, r x1.5)",velocity noise 5%,pure_pursuit,2009,True,0.16428220461189375,0.13076109775122918,0.1934696541931998,0.1903259285063127
quadcopter,"typical (wind .15, r x1.5)",velocity noise 5%,pure_pursuit,2010,True,0.2380646865624944,0.11252109822273042,0.30349077186308326,0.3167715976561998
quadcopter,"typical (wind .15, r x1.5)",velocity noise 5%,pure_pursuit,2011,True,0.12342034040187724,0.1035073575377018,0.13613720091489065,0.15858632849738455
quadcopter,"typical (wind .15, r x1.5)",velocity noise 5%,l1,2000,True,0.1445853120109789,0.10394667658367039,0.17160716488343056,0.19330559353527235
quadcopter,"typical (wind .15, r x1.5)",velocity noise 5%,l1,2001,True,0.1839858691782641,0.11016650528602831,0.2078209597577654,0.29811573731225394
quadcopter,"typical (wind .15, r x1.5)",velocity noise 5%,l1,2002,True,0.23787311459403415,0.1608489860142762,0.2453827987457786,0.3255492747454399
quadcopter,"typical (wind .15, r x1.5)",velocity noise 5%,l1,2003,True,0.15597336277849458,0.10323229948614995,0.16795162902385546,0.19430172084204553
quadcopter,"typical (wind .15, r x1.5)",velocity noise 5%,l1,2004,True,0.20404411244288256,0.10335367691892623,0.22003147138444054,0.39284051954143634
quadcopter,"typical (wind .15, r x1.5)",velocity noise 5%,l1,2005,True,0.19082717795843093,0.12846009792190244,0.21759075327841618,0.30598210463901904
quadcopter,"typical (wind .15, r x1.5)",velocity noise 5%,l1,2006,True,0.20949845730427671,0.1431169615131869,0.22511254857015928,0.26844860211109367
quadcopter,"typical (wind .15, r x1.5)",velocity noise 5%,l1,2007,True,0.1974805343237848,0.11699595267360577,0.23067236967215618,0.29767272484753754
quadcopter,"typical (wind .15, r x1.5)",velocity noise 5%,l1,2008,True,0.1853811950334214,0.1105122909019474,0.19722759426422704,0.24553558728979819
quadcopter,"typical (wind .15, r x1.5)",velocity noise 5%,l1,2009,True,0.1641481476357704,0.13098130295830565,0.19250597810697873,0.19124020855987195
quadcopter,"typical (wind .15, r x1.5)",velocity noise 5%,l1,2010,True,0.2368067978418341,0.11329004054628461,0.30135361771415525,0.3153089394493034
quadcopter,"typical (wind .15, r x1.5)",velocity noise 5%,l1,2011,True,0.12366700043119536,0.1030883733650954,0.13621667746033864,0.16105024103488907
quadcopter,"typical (wind .15, r x1.5)",velocity noise 5%,vector_field,2000,True,0.1764227755800245,0.062414628322529815,0.1429554179830781,0.41762121169137645
quadcopter,"typical (wind .15, r x1.5)",velocity noise 5%,vector_field,2001,True,0.23270034437146067,0.05964550572572823,0.11569508688197434,0.5772454650888121
quadcopter,"typical (wind .15, r x1.5)",velocity noise 5%,vector_field,2002,True,0.19775332298658402,0.08800534222412444,0.08974586779800944,0.3962757262623291
quadcopter,"typical (wind .15, r x1.5)",velocity noise 5%,vector_field,2003,True,0.10054265062537047,0.07001589078069931,0.0679640822720435,0.162079389451497
quadcopter,"typical (wind .15, r x1.5)",velocity noise 5%,vector_field,2004,True,0.23184550390581868,0.06700584051313402,0.1805781765942879,0.5650459999282156
quadcopter,"typical (wind .15, r x1.5)",velocity noise 5%,vector_field,2005,True,0.15556602468014,0.076199779334688,0.1671658264355228,0.308647982358924
quadcopter,"typical (wind .15, r x1.5)",velocity noise 5%,vector_field,2006,True,0.20851761078202616,0.07401845190837097,0.10402923795717611,0.40546802496149664
quadcopter,"typical (wind .15, r x1.5)",velocity noise 5%,vector_field,2007,True,0.16116834467583593,0.06898960077806832,0.12315517528230617,0.33977225909005077
quadcopter,"typical (wind .15, r x1.5)",velocity noise 5%,vector_field,2008,True,0.22252850523977602,0.06026820070182136,0.07116624656311005,0.4335222195152973
quadcopter,"typical (wind .15, r x1.5)",velocity noise 5%,vector_field,2009,True,0.09760113563627627,0.07017399802745022,0.07641137184572364,0.1803503395923458
quadcopter,"typical (wind .15, r x1.5)",velocity noise 5%,vector_field,2010,True,0.43281952124185163,0.060822008498394496,0.2872781736953185,0.9549232617809612
quadcopter,"typical (wind .15, r x1.5)",velocity noise 5%,vector_field,2011,True,0.098404620742975,0.059762321921638925,0.07974843535789658,0.20966818933930662
quadcopter,"typical (wind .15, r x1.5)",velocity noise 5%,lead_vf,2000,True,0.14041402954522758,0.09944836018779568,0.17526660738052857,0.16680710387071374
quadcopter,"typical (wind .15, r x1.5)",velocity noise 5%,lead_vf,2001,True,0.16185748748187037,0.10175033852027118,0.18435862879649093,0.2523612389052211
quadcopter,"typical (wind .15, r x1.5)",velocity noise 5%,lead_vf,2002,True,0.23396797926052207,0.14636193255606958,0.2672276126772877,0.28770626888456535
quadcopter,"typical (wind .15, r x1.5)",velocity noise 5%,lead_vf,2003,True,0.16362902519020117,0.1188441132238911,0.17448069808491046,0.19757634486402129
quadcopter,"typical (wind .15, r x1.5)",velocity noise 5%,lead_vf,2004,True,0.21069608320002187,0.11171731317777517,0.22992955595663167,0.39525783578913554
quadcopter,"typical (wind .15, r x1.5)",velocity noise 5%,lead_vf,2005,True,0.17585450674779596,0.11884387790778697,0.20799270873860282,0.26264904296330466
quadcopter,"typical (wind .15, r x1.5)",velocity noise 5%,lead_vf,2006,True,0.19704179204882455,0.12777191227024545,0.22344530143808966,0.24003124888983826
quadcopter,"typical (wind .15, r x1.5)",velocity noise 5%,lead_vf,2007,True,0.18598556363544422,0.11487941546077546,0.2280308963566112,0.25382544289044023
quadcopter,"typical (wind .15, r x1.5)",velocity noise 5%,lead_vf,2008,True,0.19129275515831892,0.11989832898064684,0.21558211514419806,0.23242407403592316
quadcopter,"typical (wind .15, r x1.5)",velocity noise 5%,lead_vf,2009,True,0.16129360668233486,0.13955894225953427,0.1854513083693278,0.16996574100962542
quadcopter,"typical (wind .15, r x1.5)",velocity noise 5%,lead_vf,2010,True,0.2351706890051216,0.09334118280621807,0.32524472109213587,0.2689979930748682
quadcopter,"typical (wind .15, r x1.5)",velocity noise 5%,lead_vf,2011,True,0.1152067902168617,0.09367902339260051,0.1284465330802376,0.15258710189335678
quadcopter,"typical (wind .15, r x1.5)",velocity noise 5%,adaptive_vf,2000,True,0.174348704452622,0.07044172561161148,0.13797099300254595,0.41025477421971795
quadcopter,"typical (wind .15, r x1.5)",velocity noise 5%,adaptive_vf,2001,True,0.23038871930044255,0.06834636829499541,0.1497738509814633,0.5472502063131107
quadcopter,"typical (wind .15, r x1.5)",velocity noise 5%,adaptive_vf,2002,True,0.19241741415489272,0.08826731795299252,0.10755681672155594,0.3750256151464026
quadcopter,"typical (wind .15, r x1.5)",velocity noise 5%,adaptive_vf,2003,True,0.09356961007002926,0.06919817757638048,0.07156736035937203,0.1421750737133053
quadcopter,"typical (wind .15, r x1.5)",velocity noise 5%,adaptive_vf,2004,True,0.22934815882077786,0.08397571772871991,0.18224144550211452,0.5464978959998092
quadcopter,"typical (wind .15, r x1.5)",velocity noise 5%,adaptive_vf,2005,True,0.15690412318971472,0.08197929924703368,0.16770712011531716,0.3072397124627331
quadcopter,"typical (wind .15, r x1.5)",velocity noise 5%,adaptive_vf,2006,True,0.2014121636859146,0.09156301333749224,0.1118236068121259,0.37990717620343817
quadcopter,"typical (wind .15, r x1.5)",velocity noise 5%,adaptive_vf,2007,True,0.15170418929207138,0.07028049619358828,0.12242485842914741,0.3121126548596917
quadcopter,"typical (wind .15, r x1.5)",velocity noise 5%,adaptive_vf,2008,True,0.21420759364439776,0.06230481710302477,0.09620923902420998,0.40828440784076264
quadcopter,"typical (wind .15, r x1.5)",velocity noise 5%,adaptive_vf,2009,True,0.09220923659895577,0.06613032026187768,0.07494158440226183,0.16817004065349764
quadcopter,"typical (wind .15, r x1.5)",velocity noise 5%,adaptive_vf,2010,True,0.4148328336869643,0.10494095184241037,0.25877062283101715,0.9145174261216641
quadcopter,"typical (wind .15, r x1.5)",velocity noise 5%,adaptive_vf,2011,True,0.09623967048516699,0.060789504007963804,0.08755144931171148,0.19165014526155827
quadcopter,"typical (wind .15, r x1.5)",velocity noise 5%,carrot_chasing,2000,True,0.09938118634506114,0.05553211644876095,0.06429423692064962,0.23580147123985368
quadcopter,"typical (wind .15, r x1.5)",velocity noise 5%,carrot_chasing,2001,True,0.131414307196739,0.0538752679259806,0.08920826601038215,0.30678916261428363
quadcopter,"typical (wind .15, r x1.5)",velocity noise 5%,carrot_chasing,2002,True,0.15064556252876565,0.07674869093227038,0.07558821573102822,0.29805586292209707
quadcopter,"typical (wind .15, r x1.5)",velocity noise 5%,carrot_chasing,2003,True,0.1449536345238545,0.06274614911337041,0.0738679871363792,0.26686656116600793
quadcopter,"typical (wind .15, r x1.5)",velocity noise 5%,carrot_chasing,2004,True,0.12842998882082027,0.05996254508754855,0.08423594218009552,0.3163941567125812
quadcopter,"typical (wind .15, r x1.5)",velocity noise 5%,carrot_chasing,2005,True,0.13202002905344445,0.07012712943029814,0.09821688875970505,0.31687912803400786
quadcopter,"typical (wind .15, r x1.5)",velocity noise 5%,carrot_chasing,2006,True,0.17134852051702087,0.06698858881771123,0.09635878509538565,0.3303273574308397
quadcopter,"typical (wind .15, r x1.5)",velocity noise 5%,carrot_chasing,2007,True,0.1544948818776074,0.06460652736846627,0.09135475670643523,0.34979880055368157
quadcopter,"typical (wind .15, r x1.5)",velocity noise 5%,carrot_chasing,2008,True,0.16613442144147017,0.05663587314646012,0.08789448306472804,0.3124987400969944
quadcopter,"typical (wind .15, r x1.5)",velocity noise 5%,carrot_chasing,2009,True,0.12894197712515845,0.05683804340282096,0.07999533483386026,0.28943944141661876
quadcopter,"typical (wind .15, r x1.5)",velocity noise 5%,carrot_chasing,2010,True,0.12333127746937754,0.054705283640557344,0.06773729658341157,0.2726965934014365
quadcopter,"typical (wind .15, r x1.5)",velocity noise 5%,carrot_chasing,2011,True,0.1050230284485212,0.0540804029668238,0.08297070635563454,0.23845703864144144
quadcopter,"typical (wind .15, r x1.5)",sensor delay 0.2 s,pure_pursuit,2000,True,0.11630052950779006,0.104099176315894,0.12797261668351653,0.12744733254044796
quadcopter,"typical (wind .15, r x1.5)",sensor delay 0.2 s,pure_pursuit,2001,True,0.1690660546522892,0.12499229814193176,0.1757958337084789,0.26356754672952537
quadcopter,"typical (wind .15, r x1.5)",sensor delay 0.2 s,pure_pursuit,2002,True,0.19460457796224986,0.13083146437833137,0.16932700742362258,0.3070173657005566
quadcopter,"typical (wind .15, r x1.5)",sensor delay 0.2 s,pure_pursuit,2003,True,0.12518254707284018,0.08877728634799112,0.13400118087777432,0.15213102679718102
quadcopter,"typical (wind .15, r x1.5)",sensor delay 0.2 s,pure_pursuit,2004,True,0.17005188309062425,0.10562348536715428,0.16075943526212313,0.3373870926689576
quadcopter,"typical (wind .15, r x1.5)",sensor delay 0.2 s,pure_pursuit,2005,True,0.1574199552899992,0.12086422662159196,0.1720883528739083,0.2373114263732093
quadcopter,"typical (wind .15, r x1.5)",sensor delay 0.2 s,pure_pursuit,2006,True,0.14219910131674807,0.12076525933248139,0.1494304810225607,0.16160816685638693
quadcopter,"typical (wind .15, r x1.5)",sensor delay 0.2 s,pure_pursuit,2007,True,0.16038269051053203,0.1272244224199603,0.16291070770446628,0.23323113274875537
quadcopter,"typical (wind .15, r x1.5)",sensor delay 0.2 s,pure_pursuit,2008,True,0.12246733721259392,0.12327864006357617,0.12137713845522022,0.12299584325097399
quadcopter,"typical (wind .15, r x1.5)",sensor delay 0.2 s,pure_pursuit,2009,True,0.1364663850059449,0.1104304746517161,0.15576102727037539,0.16507083673701511
quadcopter,"typical (wind .15, r x1.5)",sensor delay 0.2 s,pure_pursuit,2010,True,0.2058996921331755,0.11632160507362363,0.20946560366779396,0.34638602143315905
quadcopter,"typical (wind .15, r x1.5)",sensor delay 0.2 s,pure_pursuit,2011,True,0.12455999994159186,0.1125600653300575,0.1336488286486823,0.14512663700097386
quadcopter,"typical (wind .15, r x1.5)",sensor delay 0.2 s,l1,2000,True,0.11610203398457067,0.10374246950307381,0.12755487940912774,0.12843059916652144
quadcopter,"typical (wind .15, r x1.5)",sensor delay 0.2 s,l1,2001,True,0.16638070886085785,0.1253206366597772,0.1754337867298917,0.2509387491512204
quadcopter,"typical (wind .15, r x1.5)",sensor delay 0.2 s,l1,2002,True,0.19453479699378826,0.13043727263927624,0.16935439841711755,0.3067279234577522
quadcopter,"typical (wind .15, r x1.5)",sensor delay 0.2 s,l1,2003,True,0.12487473393665882,0.08853439541468812,0.13271687688817374,0.1531401086442208
quadcopter,"typical (wind .15, r x1.5)",sensor delay 0.2 s,l1,2004,True,0.16707486399203667,0.10616308087380563,0.15809113959542917,0.3274827657525051
quadcopter,"typical (wind .15, r x1.5)",sensor delay 0.2 s,l1,2005,True,0.15813782332949552,0.12077623504724318,0.17191730669172853,0.24203803240187713
quadcopter,"typical (wind .15, r x1.5)",sensor delay 0.2 s,l1,2006,True,0.1424268616236291,0.11999021818131342,0.14998927863932585,0.16261862309434008
quadcopter,"typical (wind .15, r x1.5)",sensor delay 0.2 s,l1,2007,True,0.16146827606114433,0.12748469695560533,0.16162640762271457,0.23949585721438654
quadcopter,"typical (wind .15, r x1.5)",sensor delay 0.2 s,l1,2008,True,0.12254442453184548,0.12288155711736451,0.12169251096580068,0.12340186253514679
quadcopter,"typical (wind .15, r x1.5)",sensor delay 0.2 s,l1,2009,True,0.1374241589917013,0.11088378741749734,0.15775123013682607,0.1649708437701017
quadcopter,"typical (wind .15, r x1.5)",sensor delay 0.2 s,l1,2010,True,0.2020551314206354,0.11619105940794684,0.20676436924776953,0.33574234537559733
quadcopter,"typical (wind .15, r x1.5)",sensor delay 0.2 s,l1,2011,True,0.12479257655426634,0.1130019607123636,0.13362085213993705,0.14537099556764596
quadcopter,"typical (wind .15, r x1.5)",sensor delay 0.2 s,vector_field,2000,True,0.2926332801512478,0.05963479511630281,0.28261373228916775,0.6617139527133392
quadcopter,"typical (wind .15, r x1.5)",sensor delay 0.2 s,vector_field,2001,True,0.39590489338097545,0.07002724102047322,0.2202753280464156,0.9709238720905301
quadcopter,"typical (wind .15, r x1.5)",sensor delay 0.2 s,vector_field,2002,True,0.5760213268720011,0.0604267563523986,0.29631002012346735,1.1710919225120076
quadcopter,"typical (wind .15, r x1.5)",sensor delay 0.2 s,vector_field,2003,True,0.1390280177755087,0.059117214950108965,0.09609006437414087,0.239940527437428
quadcopter,"typical (wind .15, r x1.5)",sensor delay 0.2 s,vector_field,2004,True,0.4986264424192149,0.08223020763445149,0.2921704671618366,1.2956616800803689
quadcopter,"typical (wind .15, r x1.5)",sensor delay 0.2 s,vector_field,2005,True,0.27378011749501063,0.08350901542623534,0.33633077949431495,0.5113607621982877
quadcopter,"typical (wind .15, r x1.5)",sensor delay 0.2 s,vector_field,2006,True,0.34172844603524216,0.08071771525012668,0.2306651662873872,0.6393302573878967
quadcopter,"typical (wind .15, r x1.5)",sensor delay 0.2 s,vector_field,2007,True,0.2330758800777748,0.07611717179103797,0.20738997688560035,0.481378890452518
quadcopter,"typical (wind .15, r x1.5)",sensor delay 0.2 s,vector_field,2008,True,0.31429618889187155,0.0634024132613733,0.14901847624884693,0.5969581600419315
quadcopter,"typical (wind .15, r x1.5)",sensor delay 0.2 s,vector_field,2009,True,0.15866376921214337,0.05883435767199063,0.11503420762897222,0.348159284220534
quadcopter,"typical (wind .15, r x1.5)",sensor delay 0.2 s,vector_field,2010,True,0.6640098504025759,0.07682226816250472,0.5459788627896203,1.3809767748193054
quadcopter,"typical (wind .15, r x1.5)",sensor delay 0.2 s,vector_field,2011,True,0.12909529810992862,0.06197439747685092,0.11456248360346079,0.28211563743150564
quadcopter,"typical (wind .15, r x1.5)",sensor delay 0.2 s,lead_vf,2000,True,0.09354415705130778,0.08600108913147161,0.09994181982114703,0.10352502154265276
quadcopter,"typical (wind .15, r x1.5)",sensor delay 0.2 s,lead_vf,2001,True,0.1269475778416492,0.10562015538766437,0.1464478619581138,0.143536136637756
quadcopter,"typical (wind .15, r x1.5)",sensor delay 0.2 s,lead_vf,2002,True,0.14820896933961653,0.0957457545424255,0.1354431131548776,0.22950427437331394
quadcopter,"typical (wind .15, r x1.5)",sensor delay 0.2 s,lead_vf,2003,True,0.11542548007545546,0.08333852023724392,0.1292821704208946,0.13028989913387
quadcopter,"typical (wind .15, r x1.5)",sensor delay 0.2 s,lead_vf,2004,True,0.14438358966701262,0.09819288524085287,0.1275899254357806,0.2858898228476876
quadcopter,"typical (wind .15, r x1.5)",sensor delay 0.2 s,lead_vf,2005,True,0.12609971568286094,0.09861142815458909,0.1463373734146243,0.16347880020386266
quadcopter,"typical (wind .15, r x1.5)",sensor delay 0.2 s,lead_vf,2006,True,0.11823021658574819,0.10141280150805787,0.12139619579069717,0.1376396840548157
quadcopter,"typical (wind .15, r x1.5)",sensor delay 0.2 s,lead_vf,2007,True,0.13020780704783128,0.10851639824970129,0.1328905141278229,0.17874725637195443
quadcopter,"typical (wind .15, r x1.5)",sensor delay 0.2 s,lead_vf,2008,True,0.09942367098859832,0.10014000123956511,0.10702642235792958,0.08452365805202285
quadcopter,"typical (wind .15, r x1.5)",sensor delay 0.2 s,lead_vf,2009,True,0.11596252501256997,0.09937774564020152,0.130558707213199,0.13096681273111913
quadcopter,"typical (wind .15, r x1.5)",sensor delay 0.2 s,lead_vf,2010,True,0.16260256188548647,0.09323726008950556,0.18241191135887716,0.24679874097486212
quadcopter,"typical (wind .15, r x1.5)",sensor delay 0.2 s,lead_vf,2011,True,0.10160225801310484,0.09376877709898016,0.10394501393987854,0.12412265042291366
quadcopter,"typical (wind .15, r x1.5)",sensor delay 0.2 s,adaptive_vf,2000,True,0.3099260260076894,0.10802807673175327,0.312690652087456,0.6603385970407626
quadcopter,"typical (wind .15, r x1.5)",sensor delay 0.2 s,adaptive_vf,2001,True,0.42124862399902274,0.14158195224820297,0.29923327097056823,0.9672260988166267
quadcopter,"typical (wind .15, r x1.5)",sensor delay 0.2 s,adaptive_vf,2002,True,0.7199334702609034,0.16324074189764456,0.5147026315416957,1.3675560370597895
quadcopter,"typical (wind .15, r x1.5)",sensor delay 0.2 s,adaptive_vf,2003,True,0.14222640484697058,0.07323171072570968,0.12139630209089743,0.22361540822213097
quadcopter,"typical (wind .15, r x1.5)",sensor delay 0.2 s,adaptive_vf,2004,True,0.4798841397197421,0.16319415083713018,0.36997933935149124,1.1464166466295347
quadcopter,"typical (wind .15, r x1.5)",sensor delay 0.2 s,adaptive_vf,2005,True,0.3073800980991626,0.13853826079361858,0.3759722497301955,0.5362874361428751
quadcopter,"typical (wind .15, r x1.5)",sensor delay 0.2 s,adaptive_vf,2006,True,0.4312933470982805,0.14960972208997717,0.33260970458204087,0.7646079863455966
quadcopter,"typical (wind .15, r x1.5)",sensor delay 0.2 s,adaptive_vf,2007,True,0.2306783426323392,0.10742426057644515,0.24435788345496803,0.41264190071958207
quadcopter,"typical (wind .15, r x1.5)",sensor delay 0.2 s,adaptive_vf,2008,True,0.377162584767838,0.12150559525992821,0.24214847971599154,0.6763832984726165
quadcopter,"typical (wind .15, r x1.5)",sensor delay 0.2 s,adaptive_vf,2009,True,0.16819102654078602,0.0772602239298012,0.14337140948413923,0.3423431397618258
quadcopter,"typical (wind .15, r x1.5)",sensor delay 0.2 s,adaptive_vf,2010,True,0.6564222343868936,0.15702266472358256,0.553953839306472,1.338469863189579
quadcopter,"typical (wind .15, r x1.5)",sensor delay 0.2 s,adaptive_vf,2011,True,0.14354255134676025,0.07798100795061415,0.15433113244991578,0.269562369061183
quadcopter,"typical (wind .15, r x1.5)",sensor delay 0.2 s,carrot_chasing,2000,True,0.12373351359838221,0.0750482377897098,0.09166202911697505,0.27716220565590644
quadcopter,"typical (wind .15, r x1.5)",sensor delay 0.2 s,carrot_chasing,2001,True,0.15791915783764882,0.09696853402163053,0.12432562095937136,0.32598964146734705
quadcopter,"typical (wind .15, r x1.5)",sensor delay 0.2 s,carrot_chasing,2002,True,0.18422872732201773,0.06613507813671111,0.12848478594279814,0.35265930198273876
quadcopter,"typical (wind .15, r x1.5)",sensor delay 0.2 s,carrot_chasing,2003,True,0.15963127470493993,0.08532089944153295,0.1080267015616343,0.27230630930930305
quadcopter,"typical (wind .15, r x1.5)",sensor delay 0.2 s,carrot_chasing,2004,True,0.1409814224027369,0.10449621284492616,0.1399236588175732,0.24374528867563103
quadcopter,"typical (wind .15, r x1.5)",sensor delay 0.2 s,carrot_chasing,2005,True,0.14759656717857222,0.08009160442712752,0.12622030827599892,0.3349531799522206
quadcopter,"typical (wind .15, r x1.5)",sensor delay 0.2 s,carrot_chasing,2006,True,0.2050313398670576,0.09628355355488674,0.1371337893161526,0.3751056188313424
quadcopter,"typical (wind .15, r x1.5)",sensor delay 0.2 s,carrot_chasing,2007,True,0.18225930432243032,0.09378111121397162,0.14222604088748828,0.3761560798017104
quadcopter,"typical (wind .15, r x1.5)",sensor delay 0.2 s,carrot_chasing,2008,True,0.21302727678012406,0.08048721164114789,0.13710454536445096,0.3853163523583661
quadcopter,"typical (wind .15, r x1.5)",sensor delay 0.2 s,carrot_chasing,2009,True,0.14647414806105644,0.07518088626991967,0.11914803249348645,0.29933703923636046
quadcopter,"typical (wind .15, r x1.5)",sensor delay 0.2 s,carrot_chasing,2010,True,0.1801183040410445,0.08085655742818608,0.13929142014761606,0.36981735453758885
quadcopter,"typical (wind .15, r x1.5)",sensor delay 0.2 s,carrot_chasing,2011,True,0.14498981781823037,0.10805721007913228,0.11755596461358549,0.28430449929319757
quadcopter,"typical (wind .15, r x1.5)",gusts x3 (std 75% of wind),pure_pursuit,2000,True,0.27995155210795597,0.27434107784531997,0.29068839182519757,0.27169804367994516
quadcopter,"typical (wind .15, r x1.5)",gusts x3 (std 75% of wind),pure_pursuit,2001,True,0.35622952008930936,0.3287959634617896,0.331261914306425,0.4839448251130319
quadcopter,"typical (wind .15, r x1.5)",gusts x3 (std 75% of wind),pure_pursuit,2002,True,0.4113068422675564,0.3318043244324426,0.32776541805412496,0.6353807691998461
quadcopter,"typical (wind .15, r x1.5)",gusts x3 (std 75% of wind),pure_pursuit,2003,True,0.291431232294129,0.24757134725592808,0.32968478235429316,0.2842905014216552
quadcopter,"typical (wind .15, r x1.5)",gusts x3 (std 75% of wind),pure_pursuit,2004,True,0.49418834927340194,0.2727370028371044,0.5178938511930551,0.9757684636142295
quadcopter,"typical (wind .15, r x1.5)",gusts x3 (std 75% of wind),pure_pursuit,2005,True,0.37306001516484105,0.3204386489208626,0.4026148178243209,0.4878597694093141
quadcopter,"typical (wind .15, r x1.5)",gusts x3 (std 75% of wind),pure_pursuit,2006,True,0.4194059667908646,0.25426447364422455,0.39316570098171894,0.6275111716223626
quadcopter,"typical (wind .15, r x1.5)",gusts x3 (std 75% of wind),pure_pursuit,2007,True,0.36414022601268786,0.32728111404866167,0.3520897020589884,0.480470190634886
quadcopter,"typical (wind .15, r x1.5)",gusts x3 (std 75% of wind),pure_pursuit,2008,True,0.30350263612509865,0.286433739766115,0.33693608356277427,0.26914981084229506
quadcopter,"typical (wind .15, r x1.5)",gusts x3 (std 75% of wind),pure_pursuit,2009,True,0.35174019633894577,0.2901907858769235,0.4305835483940828,0.3454444464428448
quadcopter,"typical (wind .15, r x1.5)",gusts x3 (std 75% of wind),pure_pursuit,2010,True,1.2291926647598972,0.3726971712759662,1.4495399136695848,1.9667332976948664
quadcopter,"typical (wind .15, r x1.5)",gusts x3 (std 75% of wind),pure_pursuit,2011,True,0.279944323143752,0.2812279114057925,0.25435989575949697,0.3372148606178939
quadcopter,"typical (wind .15, r x1.5)",gusts x3 (std 75% of wind),l1,2000,True,0.28047746231844445,0.27452622041687214,0.2919866356189657,0.27130865962790873
quadcopter,"typical (wind .15, r x1.5)",gusts x3 (std 75% of wind),l1,2001,True,0.35451520659113406,0.3280145581065991,0.32951535316665675,0.4795350649349869
quadcopter,"typical (wind .15, r x1.5)",gusts x3 (std 75% of wind),l1,2002,True,0.40690820453499454,0.3310954175846775,0.32723077357602653,0.6221522606386157
quadcopter,"typical (wind .15, r x1.5)",gusts x3 (std 75% of wind),l1,2003,True,0.290471682987852,0.24766987465751017,0.32781498577097296,0.2836582258292356
quadcopter,"typical (wind .15, r x1.5)",gusts x3 (std 75% of wind),l1,2004,True,0.4809773493172777,0.27294928696632054,0.49979350257722316,0.9440763494506518
quadcopter,"typical (wind .15, r x1.5)",gusts x3 (std 75% of wind),l1,2005,True,0.3732376256702624,0.32000575455182606,0.4001133136460451,0.4965446473315535
quadcopter,"typical (wind .15, r x1.5)",gusts x3 (std 75% of wind),l1,2006,True,0.4133347444084065,0.253872961417698,0.388268863240173,0.6158011358984037
quadcopter,"typical (wind .15, r x1.5)",gusts x3 (std 75% of wind),l1,2007,True,0.36502491095585476,0.3268050432173799,0.3514181406726465,0.48718227156259686
quadcopter,"typical (wind .15, r x1.5)",gusts x3 (std 75% of wind),l1,2008,True,0.30421144096483343,0.28558129518378844,0.3381328382248085,0.27176616718618596
quadcopter,"typical (wind .15, r x1.5)",gusts x3 (std 75% of wind),l1,2009,True,0.351616191688542,0.2882882365208002,0.43082689501162513,0.34920095996897993
quadcopter,"typical (wind .15, r x1.5)",gusts x3 (std 75% of wind),l1,2010,True,1.2106410000479453,0.40866048396022503,1.4090524890446157,1.9462377083389217
quadcopter,"typical (wind .15, r x1.5)",gusts x3 (std 75% of wind),l1,2011,True,0.2799854571907682,0.2807741118468388,0.25460545238678167,0.3385775258833658
quadcopter,"typical (wind .15, r x1.5)",gusts x3 (std 75% of wind),vector_field,2000,True,0.2408041708315228,0.11450858258930559,0.24588573222721527,0.47589534112562176
quadcopter,"typical (wind .15, r x1.5)",gusts x3 (std 75% of wind),vector_field,2001,True,0.20980031549293066,0.1320928367440939,0.1517753273914359,0.4326661379382053
quadcopter,"typical (wind .15, r x1.5)",gusts x3 (std 75% of wind),vector_field,2002,True,0.6505557855299193,0.12816096002629113,0.1916576502063997,1.385039989391558
quadcopter,"typical (wind .15, r x1.5)",gusts x3 (std 75% of wind),vector_field,2003,True,0.1284896416117511,0.11679266114940753,0.12089816950116784,0.15276492597274213
quadcopter,"typical (wind .15, r x1.5)",gusts x3 (std 75% of wind),vector_field,2004,True,0.9238055809994332,0.11994389631092983,0.7313076819851727,2.2962552584542335
quadcopter,"typical (wind .15, r x1.5)",gusts x3 (std 75% of wind),vector_field,2005,True,0.3735933919463449,0.11908401650395604,0.5463237322976975,0.4601920890252584
quadcopter,"typical (wind .15, r x1.5)",gusts x3 (std 75% of wind),vector_field,2006,True,0.3998470890725204,0.10313158756569497,0.1594915948078651,0.7878823184485511
quadcopter,"typical (wind .15, r x1.5)",gusts x3 (std 75% of wind),vector_field,2007,True,0.24637615051695766,0.1305267169005887,0.2614921655256356,0.42251184678404635
quadcopter,"typical (wind .15, r x1.5)",gusts x3 (std 75% of wind),vector_field,2008,True,0.36794461749598373,0.11440508103914813,0.13391781039412048,0.7141565268293069
quadcopter,"typical (wind .15, r x1.5)",gusts x3 (std 75% of wind),vector_field,2009,True,0.1517405949800657,0.11595147875173457,0.16954635672879492,0.20475668991120652
quadcopter,"typical (wind .15, r x1.5)",gusts x3 (std 75% of wind),vector_field,2010,True,1.715462796950779,0.10636422812841437,1.962657405991873,2.920456986429273
quadcopter,"typical (wind .15, r x1.5)",gusts x3 (std 75% of wind),vector_field,2011,True,0.1679456479926439,0.12430479144932499,0.1500461262246299,0.31635645885970054
quadcopter,"typical (wind .15, r x1.5)",gusts x3 (std 75% of wind),lead_vf,2000,True,0.24877325025558936,0.2316804393787492,0.27029716926461056,0.25204760024290546
quadcopter,"typical (wind .15, r x1.5)",gusts x3 (std 75% of wind),lead_vf,2001,True,0.32201276652489197,0.2929630076103518,0.309746403278705,0.4309044896762805
quadcopter,"typical (wind .15, r x1.5)",gusts x3 (std 75% of wind),lead_vf,2002,True,0.3992586606384338,0.27018365748537665,0.30755609491371605,0.6726517139879699
quadcopter,"typical (wind .15, r x1.5)",gusts x3 (std 75% of wind),lead_vf,2003,True,0.2792180201481175,0.22762132324080486,0.31206744928532476,0.28929083144333906
quadcopter,"typical (wind .15, r x1.5)",gusts x3 (std 75% of wind),lead_vf,2004,True,0.48962987966556915,0.2623104245088612,0.5299617026134544,0.9478940250672652
quadcopter,"typical (wind .15, r x1.5)",gusts x3 (std 75% of wind),lead_vf,2005,True,0.3183735790123377,0.263618687544181,0.3574883229181801,0.4082653745306833
quadcopter,"typical (wind .15, r x1.5)",gusts x3 (std 75% of wind),lead_vf,2006,True,0.3685706027950513,0.200785848832684,0.3341200069803138,0.5755377303080735
quadcopter,"typical (wind .15, r x1.5)",gusts x3 (std 75% of wind),lead_vf,2007,True,0.3238744618122525,0.28331053345464874,0.332419969100964,0.4119706271375805
quadcopter,"typical (wind .15, r x1.5)",gusts x3 (std 75% of wind),lead_vf,2008,True,0.24963426992942245,0.23465487565390936,0.273254973739275,0.2307167209288983
quadcopter,"typical (wind .15, r x1.5)",gusts x3 (std 75% of wind),lead_vf,2009,True,0.31476579814719413,0.2789205747055771,0.36779607463239883,0.30042276085417124
quadcopter,"typical (wind .15, r x1.5)",gusts x3 (std 75% of wind),lead_vf,2010,True,1.302622712138564,0.19299743837870365,1.573927906309402,2.1016379940797947
quadcopter,"typical (wind .15, r x1.5)",gusts x3 (std 75% of wind),lead_vf,2011,True,0.24925680859524676,0.2513476402048609,0.22905325627000273,0.29109699737000205
quadcopter,"typical (wind .15, r x1.5)",gusts x3 (std 75% of wind),adaptive_vf,2000,True,0.26629302903676655,0.139344672709357,0.2744420634647513,0.5114650115841018
quadcopter,"typical (wind .15, r x1.5)",gusts x3 (std 75% of wind),adaptive_vf,2001,True,0.20695185877946068,0.14613804838020245,0.1711742529072921,0.388326857672813
quadcopter,"typical (wind .15, r x1.5)",gusts x3 (std 75% of wind),adaptive_vf,2002,True,0.6426880357687856,0.15266959874445432,0.32676449226190174,1.3185620043343864
quadcopter,"typical (wind .15, r x1.5)",gusts x3 (std 75% of wind),adaptive_vf,2003,True,0.13279218572413368,0.12884087448337667,0.12586249043958356,0.14771207964103597
quadcopter,"typical (wind .15, r x1.5)",gusts x3 (std 75% of wind),adaptive_vf,2004,True,0.963253222006789,0.24214163307581474,0.7326114490972758,2.374884967374184
quadcopter,"typical (wind .15, r x1.5)",gusts x3 (std 75% of wind),adaptive_vf,2005,True,0.3760716882342412,0.16228594170957467,0.5338625385899474,0.4615329987947101
quadcopter,"typical (wind .15, r x1.5)",gusts x3 (std 75% of wind),adaptive_vf,2006,True,0.4350014346594632,0.13700012270316864,0.2314611887147017,0.8268712332540585
quadcopter,"typical (wind .15, r x1.5)",gusts x3 (std 75% of wind),adaptive_vf,2007,True,0.24629041756301,0.1471855679250526,0.26815698217856615,0.39517918982078903
quadcopter,"typical (wind .15, r x1.5)",gusts x3 (std 75% of wind),adaptive_vf,2008,True,0.3728234628571888,0.13555355742024539,0.1851843609554037,0.7000269559920498
quadcopter,"typical (wind .15, r x1.5)",gusts x3 (std 75% of wind),adaptive_vf,2009,True,0.1557755904461179,0.11959904064849165,0.1695621983083074,0.21713139145336363
quadcopter,"typical (wind .15, r x1.5)",gusts x3 (std 75% of wind),adaptive_vf,2010,True,1.7042279548952113,0.23527827415844096,1.9074244925848618,2.948303736911791
quadcopter,"typical (wind .15, r x1.5)",gusts x3 (std 75% of wind),adaptive_vf,2011,True,0.17901051691102288,0.13474124695229783,0.16352059642004943,0.3289199043457469
quadcopter,"typical (wind .15, r x1.5)",gusts x3 (std 75% of wind),carrot_chasing,2000,True,0.13406653782210268,0.08988454646005271,0.10339928352968229,0.2793496735525135
quadcopter,"typical (wind .15, r x1.5)",gusts x3 (std 75% of wind),carrot_chasing,2001,True,0.1525426756722109,0.1074826803010817,0.13625296738810766,0.27681142849284707
quadcopter,"typical (wind .15, r x1.5)",gusts x3 (std 75% of wind),carrot_chasing,2002,True,0.22488295037201625,0.09619221482922082,0.0974130959736518,0.46215445675573835
quadcopter,"typical (wind .15, r x1.5)",gusts x3 (std 75% of wind),carrot_chasing,2003,True,0.15817383467969756,0.09374733375508387,0.09950697440894113,0.26653734499874177
quadcopter,"typical (wind .15, r x1.5)",gusts x3 (std 75% of wind),carrot_chasing,2004,True,0.3741611413563609,0.10005501946567084,0.2988606104883088,0.9389796526397742
quadcopter,"typical (wind .15, r x1.5)",gusts x3 (std 75% of wind),carrot_chasing,2005,True,0.16133993031152327,0.09932963125362053,0.1452620146564992,0.34511893684481126
quadcopter,"typical (wind .15, r x1.5)",gusts x3 (std 75% of wind),carrot_chasing,2006,True,0.18635549608743568,0.09326160570208904,0.12028916918080114,0.3359496659937158
quadcopter,"typical (wind .15, r x1.5)",gusts x3 (std 75% of wind),carrot_chasing,2007,True,0.1908590241386306,0.10581723636259174,0.12082745349075862,0.40596009950449086
quadcopter,"typical (wind .15, r x1.5)",gusts x3 (std 75% of wind),carrot_chasing,2008,True,0.19928058999108023,0.0909193784053807,0.1404843067667161,0.35253971177216464
quadcopter,"typical (wind .15, r x1.5)",gusts x3 (std 75% of wind),carrot_chasing,2009,True,0.16675803873957365,0.09324331763029907,0.13543332482030318,0.33549672813493053
quadcopter,"typical (wind .15, r x1.5)",gusts x3 (std 75% of wind),carrot_chasing,2010,True,1.1006038136930951,0.1433357438689088,1.213503017167623,1.9617742104255451
quadcopter,"typical (wind .15, r x1.5)",gusts x3 (std 75% of wind),carrot_chasing,2011,True,0.14801404245650715,0.1016347396604613,0.11395947768997078,0.3163729852310036
quadcopter,"typical (wind .15, r x1.5)",wind 30%,pure_pursuit,2000,True,0.22684954031329022,0.18445532597123188,0.2654024373477045,0.26050589221973347
quadcopter,"typical (wind .15, r x1.5)",wind 30%,pure_pursuit,2001,True,0.7749310760949044,0.19916415408788515,0.9232591273302224,1.411618894046595
quadcopter,"typical (wind .15, r x1.5)",wind 30%,pure_pursuit,2002,True,0.7589905348608508,0.23498365458477077,0.7700414166934175,1.2635604254300508
quadcopter,"typical (wind .15, r x1.5)",wind 30%,pure_pursuit,2003,True,0.20721167592314227,0.2064188250114782,0.19112615721838375,0.23261927904383883
quadcopter,"typical (wind .15, r x1.5)",wind 30%,pure_pursuit,2004,True,0.7211503678567769,0.19595866899726355,0.9702358719331649,1.1214734973723686
quadcopter,"typical (wind .15, r x1.5)",wind 30%,pure_pursuit,2005,True,0.2557555886777192,0.18496111043369404,0.2927816048074535,0.38189289577197855
quadcopter,"typical (wind .15, r x1.5)",wind 30%,pure_pursuit,2006,True,0.30181542140040074,0.16709153972918098,0.3718880968033668,0.33971132703293827
quadcopter,"typical (wind .15, r x1.5)",wind 30%,pure_pursuit,2007,True,0.31419371188137435,0.1972751029089913,0.41083814550705766,0.3683406500917854
quadcopter,"typical (wind .15, r x1.5)",wind 30%,pure_pursuit,2008,True,0.6776237413090249,0.219497582489259,0.6928357270202883,1.012059476858069
quadcopter,"typical (wind .15, r x1.5)",wind 30%,pure_pursuit,2009,True,0.22003724671039718,0.23585425777084945,0.20809131177389653,0.19174588977603724
quadcopter,"typical (wind .15, r x1.5)",wind 30%,pure_pursuit,2010,True,0.4080712322959365,0.1748043606426983,0.5662956468642708,0.43736334594415444
quadcopter,"typical (wind .15, r x1.5)",wind 30%,pure_pursuit,2011,True,0.20216753615971741,0.17046105444174792,0.24253055462039186,0.20767847385990665
quadcopter,"typical (wind .15, r x1.5)",wind 30%,l1,2000,True,0.2246817842768136,0.18470473253641786,0.26134431818184045,0.25623722571119983
quadcopter,"typical (wind .15, r x1.5)",wind 30%,l1,2001,True,0.7517569622189422,0.20130805127681278,0.8846043283545462,1.3852620019802753
quadcopter,"typical (wind .15, r x1.5)",wind 30%,l1,2002,True,0.7436181558289742,0.2387448671659403,0.7493530410078288,1.2435807197224478
quadcopter,"typical (wind .15, r x1.5)",wind 30%,l1,2003,True,0.20781129640930807,0.2061050933237801,0.19100406645849247,0.23542546111899135
quadcopter,"typical (wind .15, r x1.5)",wind 30%,l1,2004,True,0.712426086235459,0.1965675757677075,0.9551771659628966,1.1144134107012926
quadcopter,"typical (wind .15, r x1.5)",wind 30%,l1,2005,True,0.25648169945081184,0.18527373160039348,0.29254216809996036,0.38633316802772566
quadcopter,"typical (wind .15, r x1.5)",wind 30%,l1,2006,True,0.3029037985401607,0.1668301148097396,0.37336978208707167,0.34088727167120814
quadcopter,"typical (wind .15, r x1.5)",wind 30%,l1,2007,True,0.31130768679946824,0.19731403191859753,0.40426964696088935,0.36859927040766555
quadcopter,"typical (wind .15, r x1.5)",wind 30%,l1,2008,True,0.668865738921895,0.21870995977696067,0.6726489229230694,1.0103857891729235
quadcopter,"typical (wind .15, r x1.5)",wind 30%,l1,2009,True,0.2195514382680216,0.23444728270066012,0.20822951321114624,0.1933695219759823
quadcopter,"typical (wind .15, r x1.5)",wind 30%,l1,2010,True,0.3991830657866771,0.17408987364051964,0.5520326882944353,0.43061825098788725
quadcopter,"typical (wind .15, r x1.5)",wind 30%,l1,2011,True,0.20258431091299303,0.17082115713700288,0.24192125085435542,0.21135352756550943
quadcopter,"typical (wind .15, r x1.5)",wind 30%,vector_field,2000,True,0.5655070884149586,0.07776584954502029,0.7979416105547379,0.8188603611389841
quadcopter,"typical (wind .15, r x1.5)",wind 30%,vector_field,2001,True,1.1899536623317108,0.09578257897135975,1.2539060708669938,2.431028491105485
quadcopter,"typical (wind .15, r x1.5)",wind 30%,vector_field,2002,True,1.3735116281168454,0.09466378990048595,1.2453254827121898,2.4925347848787966
quadcopter,"typical (wind .15, r x1.5)",wind 30%,vector_field,2003,True,0.09428672386359967,0.08608971877954194,0.09770216462786135,0.1001724911233693
quadcopter,"typical (wind .15, r x1.5)",wind 30%,vector_field,2004,True,1.4284640236086439,0.12533726943807455,1.730777584095148,2.7059441442833205
quadcopter,"typical (wind .15, r x1.5)",wind 30%,vector_field,2005,True,0.4135181374312122,0.07836140555690566,0.6083661224523865,0.5612508203369776
quadcopter,"typical (wind .15, r x1.5)",wind 30%,vector_field,2006,True,0.2127854032833121,0.08382609399638709,0.14185671517193557,0.39012178298563027
quadcopter,"typical (wind .15, r x1.5)",wind 30%,vector_field,2007,True,0.5087919729520688,0.08596339987478657,0.6671681693960043,0.8018788044758485
quadcopter,"typical (wind .15, r x1.5)",wind 30%,vector_field,2008,True,1.1393671612890486,0.07653141606634882,0.8372225452277187,1.9962424349150858
quadcopter,"typical (wind .15, r x1.5)",wind 30%,vector_field,2009,True,0.10633964105817204,0.09466680803208426,0.10106528462620952,0.14457450843004493
quadcopter,"typical (wind .15, r x1.5)",wind 30%,vector_field,2010,True,1.4553398262874437,0.11484027196126963,1.9365931169845794,1.9902650641893773
quadcopter,"typical (wind .15, r x1.5)",wind 30%,vector_field,2011,True,0.09108696591574303,0.07958317129649095,0.09888167927658023,0.11284361145002549
quadcopter,"typical (wind .15, r x1.5)",wind 30%,lead_vf,2000,True,0.22257927861402974,0.15303317252940743,0.2863487210256072,0.24900496051655452
quadcopter,"typical (wind .15, r x1.5)",wind 30%,lead_vf,2001,True,0.7764516922207595,0.22068997638534998,0.9471955402467563,1.360571394223899
quadcopter,"typical (wind .15, r x1.5)",wind 30%,lead_vf,2002,True,0.7571544934384304,0.17654406779274592,0.8029216381621013,1.2355827260105774
quadcopter,"typical (wind .15, r x1.5)",wind 30%,lead_vf,2003,True,0.19826858349533388,0.19402488459438003,0.18847760130821342,0.2194442287752005
quadcopter,"typical (wind .15, r x1.5)",wind 30%,lead_vf,2004,True,0.7561735664172015,0.21151632230603049,1.0242652590291024,1.1538726243525734
quadcopter,"typical (wind .15, r x1.5)",wind 30%,lead_vf,2005,True,0.2265370217359008,0.16366845988534665,0.2740292293743305,0.3013827762350225
quadcopter,"typical (wind .15, r x1.5)",wind 30%,lead_vf,2006,True,0.28145182882434894,0.16150941606422242,0.3593145044313972,0.28690983384507335
quadcopter,"typical (wind .15, r x1.5)",wind 30%,lead_vf,2007,True,0.28981206869170983,0.17057381939493052,0.3895087273847475,0.3326297140621608
quadcopter,"typical (wind .15, r x1.5)",wind 30%,lead_vf,2008,True,0.6947332356421005,0.21061058892906812,0.7355678133300823,1.0129397097751225
quadcopter,"typical (wind .15, r x1.5)",wind 30%,lead_vf,2009,True,0.20846355278997833,0.2283082955068318,0.1998836640360668,0.1545191961148603
quadcopter,"typical (wind .15, r x1.5)",wind 30%,lead_vf,2010,True,0.46691763975009476,0.1513273710697197,0.6630401648977504,0.5047230261289251
quadcopter,"typical (wind .15, r x1.5)",wind 30%,lead_vf,2011,True,0.18067198670611864,0.15951610828987642,0.2143257585708792,0.16640564278978345
quadcopter,"typical (wind .15, r x1.5)",wind 30%,adaptive_vf,2000,True,0.5764207036646148,0.1446463824157719,0.8010220165178187,0.8288200273401357
quadcopter,"typical (wind .15, r x1.5)",wind 30%,adaptive_vf,2001,True,1.2863682859564434,0.2647959337474782,1.318418552120588,2.6174919698364243
quadcopter,"typical (wind .15, r x1.5)",wind 30%,adaptive_vf,2002,True,1.4040317535514588,0.3790903386209361,1.228939665685089,2.547220355426986
quadcopter,"typical (wind .15, r x1.5)",wind 30%,adaptive_vf,2003,True,0.0980392459587086,0.08989597097205561,0.10731412811273977,0.09356973624416967
quadcopter,"typical (wind .15, r x1.5)",wind 30%,adaptive_vf,2004,True,1.4229746319300298,0.3074785312687968,1.6839611235746483,2.6986860059616298
quadcopter,"typical (wind .15, r x1.5)",wind 30%,adaptive_vf,2005,True,0.43434649359004857,0.11395947997053994,0.6330457815935113,0.5844580058352031
quadcopter,"typical (wind .15, r x1.5)",wind 30%,adaptive_vf,2006,True,0.21111113263814524,0.10708326921706059,0.16773979663916186,0.357964278408905
quadcopter,"typical (wind .15, r x1.5)",wind 30%,adaptive_vf,2007,True,0.5057133503538865,0.18137190776539575,0.6640104779879431,0.7438588429292518
quadcopter,"typical (wind .15, r x1.5)",wind 30%,adaptive_vf,2008,True,1.1292761940722866,0.26554986540241715,0.8195991211364517,1.9622135888278762
quadcopter,"typical (wind .15, r x1.5)",wind 30%,adaptive_vf,2009,True,0.10809237288776778,0.10027050313436169,0.10272807592819971,0.13825239871395445
quadcopter,"typical (wind .15, r x1.5)",wind 30%,adaptive_vf,2010,True,1.5306399929485495,0.46460756351114313,1.970711246606273,2.0894603413269808
quadcopter,"typical (wind .15, r x1.5)",wind 30%,adaptive_vf,2011,True,0.09776297538813764,0.08502612273204749,0.1066473692083436,0.12093219442336257
quadcopter,"typical (wind .15, r x1.5)",wind 30%,carrot_chasing,2000,True,0.13165769633199031,0.058433619527087595,0.11175858749224066,0.2993889524256464
quadcopter,"typical (wind .15, r x1.5)",wind 30%,carrot_chasing,2001,True,0.5246701832159869,0.07103614515451356,0.5852543054006093,1.0494943863187103
quadcopter,"typical (wind .15, r x1.5)",wind 30%,carrot_chasing,2002,True,0.705363476308743,0.06588143953008466,0.7042105288076572,1.2340840915737008
quadcopter,"typical (wind .15, r x1.5)",wind 30%,carrot_chasing,2003,True,0.13827052059403236,0.06518921451924133,0.08701573277741738,0.24797261806573587
quadcopter,"typical (wind .15, r x1.5)",wind 30%,carrot_chasing,2004,True,0.5707887873943027,0.061312538327500034,0.7767182850953027,0.9166794687493979
quadcopter,"typical (wind .15, r x1.5)",wind 30%,carrot_chasing,2005,True,0.145884276537358,0.05855400086500156,0.13432555389377657,0.3386725776209385
quadcopter,"typical (wind .15, r x1.5)",wind 30%,carrot_chasing,2006,True,0.20133553783279404,0.07106792559452221,0.1027429187051825,0.3942784854119222
quadcopter,"typical (wind .15, r x1.5)",wind 30%,carrot_chasing,2007,True,0.1636733689510412,0.06805677177930797,0.12635230457638644,0.3504309086404358
quadcopter,"typical (wind .15, r x1.5)",wind 30%,carrot_chasing,2008,True,0.46654749082431546,0.06398114534892098,0.4276141509414313,0.7709699407308904
quadcopter,"typical (wind .15, r x1.5)",wind 30%,carrot_chasing,2009,True,0.1365307172800691,0.06898697253295931,0.08915503920941129,0.29292095818584835
quadcopter,"typical (wind .15, r x1.5)",wind 30%,carrot_chasing,2010,True,0.1945343908682804,0.05557378309524802,0.2180990826418279,0.3364222630247223
quadcopter,"typical (wind .15, r x1.5)",wind 30%,carrot_chasing,2011,True,0.11881001494425852,0.06265769433262738,0.08674975424840486,0.2763399355354102
quadcopter,"at limit (wind .15, r x1.0)",none,pure_pursuit,2000,True,0.1428800255089497,0.08961664663481983,0.1939712656496961,0.2656029077235026
quadcopter,"at limit (wind .15, r x1.0)",none,pure_pursuit,2001,True,0.6504590034768174,0.17824113967335042,1.1035189607850375,1.0895536004565085
quadcopter,"at limit (wind .15, r x1.0)",none,pure_pursuit,2002,True,0.7433731234460785,0.27970826263095394,1.2696301230896616,0.8481532433216512
quadcopter,"at limit (wind .15, r x1.0)",none,pure_pursuit,2003,True,0.1619637070786505,0.07750862782976166,0.23192507394021458,0.24219376873974321
quadcopter,"at limit (wind .15, r x1.0)",none,pure_pursuit,2004,True,0.6990267394666663,0.22682480686150805,1.213549096297583,1.1201463625116874
quadcopter,"at limit (wind .15, r x1.0)",none,pure_pursuit,2005,True,0.2731007180084944,0.12155518052332612,0.4377356954256956,0.4856751169546126
quadcopter,"at limit (wind .15, r x1.0)",none,pure_pursuit,2006,True,0.5717450583766189,0.1829931105313245,0.9927123898594634,0.6584716124659376
quadcopter,"at limit (wind .15, r x1.0)",none,pure_pursuit,2007,True,0.3224595671953474,0.13765147054273,0.5370543595500982,0.48427349393397945
quadcopter,"at limit (wind .15, r x1.0)",none,pure_pursuit,2008,True,0.6329373009625809,0.18790470359508768,1.0311089506780071,0.7836001068610589
quadcopter,"at limit (wind .15, r x1.0)",none,pure_pursuit,2009,True,0.15729862864279817,0.10182359993384664,0.23315205099742004,0.22728144762593802
quadcopter,"at limit (wind .15, r x1.0)",none,pure_pursuit,2010,True,0.5161941180495437,0.1771980114167177,0.8998116570779106,0.6391511263985609
quadcopter,"at limit (wind .15, r x1.0)",none,pure_pursuit,2011,True,0.13417116795594153,0.0893181809957898,0.19864224555888185,0.20315427391193222
quadcopter,"at limit (wind .15, r x1.0)",none,l1,2000,True,0.14465153618909612,0.08913884296277272,0.1956593631938276,0.2749973852618963
quadcopter,"at limit (wind .15, r x1.0)",none,l1,2001,True,0.6260712982319282,0.15832167754492418,1.0750091600216676,1.0282834693667071
quadcopter,"at limit (wind .15, r x1.0)",none,l1,2002,True,0.7076412409421444,0.25583984747266697,1.2154652591326633,0.8037884248200252
quadcopter,"at limit (wind .15, r x1.0)",none,l1,2003,True,0.16312629891386718,0.07748922502650996,0.2295929558677183,0.250701688675186
quadcopter,"at limit (wind .15, r x1.0)",none,l1,2004,True,0.6741816770816451,0.19976792244540392,1.1751133170611447,1.0963194962582772
quadcopter,"at limit (wind .15, r x1.0)",none,l1,2005,True,0.2687003732194039,0.12036619809500995,0.4279069824627416,0.48364697951728636
quadcopter,"at limit (wind .15, r x1.0)",none,l1,2006,True,0.546164156441241,0.17509031651554469,0.9451965783528806,0.6416182952958334
quadcopter,"at limit (wind .15, r x1.0)",none,l1,2007,True,0.3171179076516488,0.13439724066818695,0.5220805466150357,0.4951679355125313
quadcopter,"at limit (wind .15, r x1.0)",none,l1,2008,True,0.6041458568891251,0.17616041826094758,0.9886846438448587,0.7452014864651371
quadcopter,"at limit (wind .15, r x1.0)",none,l1,2009,True,0.1601557832892496,0.10226153142745868,0.23564544444865637,0.23939458099433097
quadcopter,"at limit (wind .15, r x1.0)",none,l1,2010,True,0.5061563435414298,0.17192205436851654,0.8780887157550501,0.6421033319645345
quadcopter,"at limit (wind .15, r x1.0)",none,l1,2011,True,0.13488602600433816,0.08939379650815503,0.19809772158390457,0.2096516388151633
quadcopter,"at limit (wind .15, r x1.0)",none,vector_field,2000,True,0.48212484791554266,0.08867663377492777,0.7651064668442199,0.9768907417790301
quadcopter,"at limit (wind .15, r x1.0)",none,vector_field,2001,True,1.2314654867961952,0.26102876483063275,1.9153649024200512,2.4193800324063512
quadcopter,"at limit (wind .15, r x1.0)",none,vector_field,2002,True,1.6289939937738795,0.5319677565688267,2.550284450688408,2.38112299634727
quadcopter,"at limit (wind .15, r x1.0)",none,vector_field,2003,True,0.1543815897926676,0.03763401795060462,0.07983321121028988,0.36412947383272976
quadcopter,"at limit (wind .15, r x1.0)",none,vector_field,2004,True,1.531206957380266,0.46644731596244965,2.390691555977569,3.0525477603385207
quadcopter,"at limit (wind .15, r x1.0)",none,vector_field,2005,True,0.6416617962413755,0.10539875325947194,1.0504491537143708,1.2920935091357755
quadcopter,"at limit (wind .15, r x1.0)",none,vector_field,2006,True,1.5529034955022496,0.34174893825519054,2.419158696154323,2.3779976436151498
quadcopter,"at limit (wind .15, r x1.0)",none,vector_field,2007,True,0.863232526212677,0.1640324597156074,1.4705812772653042,1.4163833908157644
quadcopter,"at limit (wind .15, r x1.0)",none,vector_field,2008,True,1.7663831177925036,0.42663144258056906,2.429892147119713,2.888713552076287
quadcopter,"at limit (wind .15, r x1.0)",none,vector_field,2009,True,0.18953311023335326,0.03863616711994813,0.16516979122583683,0.5186217663539229
quadcopter,"at limit (wind .15, r x1.0)",none,vector_field,2010,True,1.6512560572681336,0.5825789908807699,2.768649978105442,2.2596530314947825
quadcopter,"at limit (wind .15, r x1.0)",none,vector_field,2011,True,0.10694217127732539,0.03963625604200825,0.13319357617791922,0.27348809509539396
quadcopter,"at limit (wind .15, r x1.0)",none,lead_vf,2000,True,0.1477626739418538,0.08872685275629386,0.232880776011118,0.19289525733418586
quadcopter,"at limit (wind .15, r x1.0)",none,lead_vf,2001,True,0.6504868820553005,0.2571793435521503,1.0837737810122037,1.0197217590748922
quadcopter,"at limit (wind .15, r x1.0)",none,lead_vf,2002,True,0.7577702585964379,0.34806617780654453,1.2733113835815735,0.8208872277181294
quadcopter,"at limit (wind .15, r x1.0)",none,lead_vf,2003,True,0.14479697007219655,0.09517378865089642,0.1993843455198266,0.18986178173805876
quadcopter,"at limit (wind .15, r x1.0)",none,lead_vf,2004,True,0.7204420800689272,0.3054752036795689,1.218308214381057,1.1186316887164212
quadcopter,"at limit (wind .15, r x1.0)",none,lead_vf,2005,True,0.27168851149324247,0.12498071835660239,0.45044364079493726,0.42560665923579827
quadcopter,"at limit (wind .15, r x1.0)",none,lead_vf,2006,True,0.5921291851242052,0.24218597324983893,1.0141849639482545,0.6523205112804349
quadcopter,"at limit (wind .15, r x1.0)",none,lead_vf,2007,True,0.3220310283979751,0.15037903409024048,0.5452012470354468,0.4292395706958818
quadcopter,"at limit (wind .15, r x1.0)",none,lead_vf,2008,True,0.6807349542367116,0.2717822485847505,1.08823849201784,0.8187344539121238
quadcopter,"at limit (wind .15, r x1.0)",none,lead_vf,2009,True,0.1347064146651262,0.09481733766155535,0.1769831020677307,0.21909077309946964
quadcopter,"at limit (wind .15, r x1.0)",none,lead_vf,2010,True,0.6764064482969865,0.2678579355514331,1.1549746120742461,0.8528440334516566
quadcopter,"at limit (wind .15, r x1.0)",none,lead_vf,2011,True,0.11980233939947271,0.08340566122306468,0.17702765860259614,0.16793144298865065
quadcopter,"at limit (wind .15, r x1.0)",none,adaptive_vf,2000,True,0.4859331050870538,0.11449089820203848,0.7574471960243232,0.9941102014000269
quadcopter,"at limit (wind .15, r x1.0)",none,adaptive_vf,2001,True,1.2363086091862763,0.26398164552100956,1.9320711868401526,2.4173617918030414
quadcopter,"at limit (wind .15, r x1.0)",none,adaptive_vf,2002,True,1.6147385580321725,0.4830779599283716,2.516345101195786,2.419280955042888
quadcopter,"at limit (wind .15, r x1.0)",none,adaptive_vf,2003,True,0.16383020042635132,0.048411526133391884,0.10274471969761191,0.37509091835593866
quadcopter,"at limit (wind .15, r x1.0)",none,adaptive_vf,2004,True,1.5174215735051424,0.40729200345282146,2.389275314512038,3.041671083851993
quadcopter,"at limit (wind .15, r x1.0)",none,adaptive_vf,2005,True,0.6552418290843397,0.18367207995799245,1.047303260819612,1.3087495654685322
quadcopter,"at limit (wind .15, r x1.0)",none,adaptive_vf,2006,True,1.5571183748731316,0.4343749914711029,2.359842677994814,2.4265607744998277
quadcopter,"at limit (wind .15, r x1.0)",none,adaptive_vf,2007,True,0.8650048599098045,0.29504719456197737,1.4332666054160053,1.3797091957260215
quadcopter,"at limit (wind .15, r x1.0)",none,adaptive_vf,2008,True,1.762751980567022,0.4786671045264447,2.3627245133776005,2.9242812196173453
quadcopter,"at limit (wind .15, r x1.0)",none,adaptive_vf,2009,True,0.19731163489722878,0.058789401574633415,0.17368775818403648,0.5281101961561049
quadcopter,"at limit (wind .15, r x1.0)",none,adaptive_vf,2010,True,1.5930012055873297,0.5223197813953512,2.696060506801479,2.1851416180595566
quadcopter,"at limit (wind .15, r x1.0)",none,adaptive_vf,2011,True,0.10941964254773169,0.04559418957203033,0.13912438567944038,0.2693749594620252
quadcopter,"at limit (wind .15, r x1.0)",none,carrot_chasing,2000,True,0.11752800935701656,0.029499925719249635,0.07157406216405819,0.39231693012180313
quadcopter,"at limit (wind .15, r x1.0)",none,carrot_chasing,2001,True,0.43251524902717975,0.057055071321665686,0.7541997567602587,0.7248255826579143
quadcopter,"at limit (wind .15, r x1.0)",none,carrot_chasing,2002,True,0.6062191919110702,0.11190497125848241,1.0551158173630852,0.7606304362057671
quadcopter,"at limit (wind .15, r x1.0)",none,carrot_chasing,2003,True,0.17468575448368007,0.030015972084465554,0.12010551767883505,0.41323724208980334
quadcopter,"at limit (wind .15, r x1.0)",none,carrot_chasing,2004,True,0.639672158118617,0.11167881346755533,1.1203738621136963,1.1127289013161765
quadcopter,"at limit (wind .15, r x1.0)",none,carrot_chasing,2005,True,0.13967315809132183,0.032013314420419464,0.18688567524213334,0.37256754973461664
quadcopter,"at limit (wind .15, r x1.0)",none,carrot_chasing,2006,True,0.37660956791252453,0.05391142364757523,0.6557743329507941,0.49025214299288056
quadcopter,"at limit (wind .15, r x1.0)",none,carrot_chasing,2007,True,0.2064015930523042,0.03814112344160193,0.2921675269339946,0.4622337304695195
quadcopter,"at limit (wind .15, r x1.0)",none,carrot_chasing,2008,True,0.47410136844300865,0.06509040069897153,0.7693875836255979,0.6462826161195028
quadcopter,"at limit (wind .15, r x1.0)",none,carrot_chasing,2009,True,0.1540734153530235,0.03109809826477433,0.12519918089804938,0.43995104435394966
quadcopter,"at limit (wind .15, r x1.0)",none,carrot_chasing,2010,True,0.4133728813058579,0.05040121211303353,0.724166301982882,0.5987647262986515
quadcopter,"at limit (wind .15, r x1.0)",none,carrot_chasing,2011,True,0.118331768373309,0.03307198569590177,0.10394596930179802,0.3673105042395225
quadcopter,"at limit (wind .15, r x1.0)",lag x0.5,pure_pursuit,2000,True,0.16290338324834716,0.08841612609145834,0.21772265602993376,0.3450745851522918
quadcopter,"at limit (wind .15, r x1.0)",lag x0.5,pure_pursuit,2001,True,0.5717928441112109,0.1820207380997339,0.9803185702522893,0.896825216838062
quadcopter,"at limit (wind .15, r x1.0)",lag x0.5,pure_pursuit,2002,True,0.6394234497954735,0.26727323046916296,1.0897542199658528,0.6986815666203514
quadcopter,"at limit (wind .15, r x1.0)",lag x0.5,pure_pursuit,2003,True,0.19006396318167093,0.08075309349918773,0.2757162181683019,0.29072778506401087
quadcopter,"at limit (wind .15, r x1.0)",lag x0.5,pure_pursuit,2004,True,0.6102379535945454,0.21836866204679284,1.0560458200644747,0.9532490054437096
quadcopter,"at limit (wind .15, r x1.0)",lag x0.5,pure_pursuit,2005,True,0.2607177323602272,0.13113614071710858,0.3971508286946846,0.4880611885469129
quadcopter,"at limit (wind .15, r x1.0)",lag x0.5,pure_pursuit,2006,True,0.5054103282274253,0.1978679494041989,0.8653005410235658,0.5735920570587655
quadcopter,"at limit (wind .15, r x1.0)",lag x0.5,pure_pursuit,2007,True,0.3130968271964911,0.15040494909913107,0.48700007332220724,0.5213636333880499
quadcopter,"at limit (wind .15, r x1.0)",lag x0.5,pure_pursuit,2008,True,0.5561957599594842,0.19501100088939222,0.9070887048235019,0.6595101952783675
quadcopter,"at limit (wind .15, r x1.0)",lag x0.5,pure_pursuit,2009,True,0.17816154228073502,0.10164710736073063,0.2612457768795079,0.29933342812134794
quadcopter,"at limit (wind .15, r x1.0)",lag x0.5,pure_pursuit,2010,True,0.4427144741431898,0.18592088351534472,0.7409819634677844,0.5885089061539311
quadcopter,"at limit (wind .15, r x1.0)",lag x0.5,pure_pursuit,2011,True,0.14537371774938254,0.08209439356687331,0.22383906523214558,0.2452107470391577
quadcopter,"at limit (wind .15, r x1.0)",lag x0.5,l1,2000,True,0.16545525168764869,0.08820458807542464,0.21926011510390137,0.35692558214628073
quadcopter,"at limit (wind .15, r x1.0)",lag x0.5,l1,2001,True,0.5484724912627035,0.16282192033886192,0.940499192059338,0.878096215017534
quadcopter,"at limit (wind .15, r x1.0)",lag x0.5,l1,2002,True,0.6087458381155435,0.24354815122475995,1.0370042714001682,0.6804629651074521
quadcopter,"at limit (wind .15, r x1.0)",lag x0.5,l1,2003,True,0.19011851542401473,0.08059217752534588,0.2712005539076328,0.29772511140427643
quadcopter,"at limit (wind .15, r x1.0)",lag x0.5,l1,2004,True,0.5821324200942867,0.19227715801125797,1.0125266645644344,0.9292567268473814
quadcopter,"at limit (wind .15, r x1.0)",lag x0.5,l1,2005,True,0.25735818642945435,0.12945796455663897,0.3886764880409381,0.4922108965983101
quadcopter,"at limit (wind .15, r x1.0)",lag x0.5,l1,2006,True,0.47970065076734664,0.1912355180103662,0.815548382329387,0.558136543209832
quadcopter,"at limit (wind .15, r x1.0)",lag x0.5,l1,2007,True,0.30962996168196966,0.147083290094395,0.4730687343941024,0.5353597062634019
quadcopter,"at limit (wind .15, r x1.0)",lag x0.5,l1,2008,True,0.525898920418453,0.1804216891513026,0.8578061075734266,0.6309834906420857
quadcopter,"at limit (wind .15, r x1.0)",lag x0.5,l1,2009,True,0.18139547680907536,0.10245300486660754,0.261451358504591,0.31542753666199996
quadcopter,"at limit (wind .15, r x1.0)",lag x0.5,l1,2010,True,0.4322413922949104,0.18010338381472268,0.7168253848208187,0.6003896812205853
quadcopter,"at limit (wind .15, r x1.0)",lag x0.5,l1,2011,True,0.1467309616085499,0.08217399131925496,0.22299256386608632,0.2566413178801768
quadcopter,"at limit (wind .15, r x1.0)",lag x0.5,vector_field,2000,True,0.35319520414227284,0.06636271664344955,0.58291927375614,0.665759439519909
quadcopter,"at limit (wind .15, r x1.0)",lag x0.5,vector_field,2001,True,1.0502071391790864,0.23144658629700346,1.6521436142945132,2.0424594990888667
quadcopter,"at limit (wind .15, r x1.0)",lag x0.5,vector_field,2002,True,1.3558355839286633,0.4419038922105865,2.1739582728373352,1.9084967893207578
quadcopter,"at limit (wind .15, r x1.0)",lag x0.5,vector_field,2003,True,0.08928204286336901,0.03154972982254473,0.047249412869588545,0.20600419386272065
quadcopter,"at limit (wind .15, r x1.0)",lag x0.5,vector_field,2004,True,1.2778654271263459,0.37313622527401435,2.036400816613265,2.5075293017672484
quadcopter,"at limit (wind .15, r x1.0)",lag x0.5,vector_field,2005,True,0.4519925463483635,0.07313774591054253,0.744757477170503,0.9058215660874078
quadcopter,"at limit (wind .15, r x1.0)",lag x0.5,vector_field,2006,True,1.1671144257857222,0.2423482716589563,1.855080069344593,1.7552252450248453
quadcopter,"at limit (wind .15, r x1.0)",lag x0.5,vector_field,2007,True,0.5911035359239378,0.10534962407447127,1.0160739577199747,0.96105712145646
quadcopter,"at limit (wind .15, r x1.0)",lag x0.5,vector_field,2008,True,1.4216983278967694,0.3169804188899856,2.0025133744569543,2.301352246869682
quadcopter,"at limit (wind .15, r x1.0)",lag x0.5,vector_field,2009,True,0.10064857013119675,0.034229501827976856,0.09067591053522203,0.26664330643843187
quadcopter,"at limit (wind .15, r x1.0)",lag x0.5,vector_field,2010,True,1.3805487867973572,0.44171403215329846,2.3328539607947203,1.9264334921709791
quadcopter,"at limit (wind .15, r x1.0)",lag x0.5,vector_field,2011,True,0.057861528649233177,0.034047472708755785,0.06213589559335812,0.1416025810119853
quadcopter,"at limit (wind .15, r x1.0)",lag x0.5,lead_vf,2000,True,0.14698309029735096,0.0882639748612431,0.20575042750667277,0.27013379737487614
quadcopter,"at limit (wind .15, r x1.0)",lag x0.5,lead_vf,2001,True,0.5788794762808624,0.2602068768769321,0.9648009039865819,0.8526271701719365
quadcopter,"at limit (wind .15, r x1.0)",lag x0.5,lead_vf,2002,True,0.6911015333434453,0.35462543315694184,1.1468429295488294,0.7180048928312995
quadcopter,"at limit (wind .15, r x1.0)",lag x0.5,lead_vf,2003,True,0.17168891777916961,0.10757561488195623,0.23143315086202404,0.24252878845045675
quadcopter,"at limit (wind .15, r x1.0)",lag x0.5,lead_vf,2004,True,0.6470203936008421,0.298305177411077,1.085675835781674,0.9672154124189738
quadcopter,"at limit (wind .15, r x1.0)",lag x0.5,lead_vf,2005,True,0.25729437452524523,0.13570889439377917,0.41098863136389613,0.40767634089167004
quadcopter,"at limit (wind .15, r x1.0)",lag x0.5,lead_vf,2006,True,0.5449682489455734,0.2592728417596841,0.9197740952212015,0.5756428307001425
quadcopter,"at limit (wind .15, r x1.0)",lag x0.5,lead_vf,2007,True,0.312473605279025,0.16807105957617793,0.4999030726044435,0.4485585230407543
quadcopter,"at limit (wind .15, r x1.0)",lag x0.5,lead_vf,2008,True,0.6226289363812345,0.2855408954229671,1.0021651008316323,0.6832199918904311
quadcopter,"at limit (wind .15, r x1.0)",lag x0.5,lead_vf,2009,True,0.15668566737256098,0.1012057897231623,0.20289232924149228,0.2839472292971916
quadcopter,"at limit (wind .15, r x1.0)",lag x0.5,lead_vf,2010,True,0.5219330143375687,0.24344521233289104,0.8834095732834841,0.6093920860495999
quadcopter,"at limit (wind .15, r x1.0)",lag x0.5,lead_vf,2011,True,0.13432856178953884,0.08643760232023612,0.1986816572693806,0.21464874470561254
quadcopter,"at limit (wind .15, r x1.0)",lag x0.5,adaptive_vf,2000,True,0.34595978862606597,0.08938763037745737,0.5696645405265535,0.6288637392285592
quadcopter,"at limit (wind .15, r x1.0)",lag x0.5,adaptive_vf,2001,True,1.0708365201098236,0.23402179901159528,1.6716288954081888,2.109747290001812
quadcopter,"at limit (wind .15, r x1.0)",lag x0.5,adaptive_vf,2002,True,1.3169619884078987,0.3730174188276251,2.1158774634035873,1.894998477257278
quadcopter,"at limit (wind .15, r x1.0)",lag x0.5,adaptive_vf,2003,True,0.09173840389135711,0.03388026154994297,0.05742301169235507,0.2076436266906044
quadcopter,"at limit (wind .15, r x1.0)",lag x0.5,adaptive_vf,2004,True,1.2730421024265546,0.33084461422116596,2.0428695485751356,2.518054390146382
quadcopter,"at limit (wind .15, r x1.0)",lag x0.5,adaptive_vf,2005,True,0.46441306072554434,0.1257602772355654,0.7497973393729858,0.9244546204646297
quadcopter,"at limit (wind .15, r x1.0)",lag x0.5,adaptive_vf,2006,True,1.1624216517555135,0.27906558034073775,1.8268722145695606,1.7649911575912325
quadcopter,"at limit (wind .15, r x1.0)",lag x0.5,adaptive_vf,2007,True,0.6171543874406349,0.19047407795504312,1.0270574993825803,1.0052566466396013
quadcopter,"at limit (wind .15, r x1.0)",lag x0.5,adaptive_vf,2008,True,1.450290660331515,0.3575797733509874,2.0263893660731993,2.3493246449585765
quadcopter,"at limit (wind .15, r x1.0)",lag x0.5,adaptive_vf,2009,True,0.09248701422098629,0.03811964860202652,0.08712858094789723,0.23548013876530346
quadcopter,"at limit (wind .15, r x1.0)",lag x0.5,adaptive_vf,2010,True,1.3390040904238447,0.375724049209973,2.273553779489839,1.8847125969648935
quadcopter,"at limit (wind .15, r x1.0)",lag x0.5,adaptive_vf,2011,True,0.06157220378626541,0.03707934947573801,0.07044058338129186,0.1435843766210616
quadcopter,"at limit (wind .15, r x1.0)",lag x0.5,carrot_chasing,2000,True,0.1284021522655064,0.025186625903994123,0.07532570467634958,0.43294764933888397
quadcopter,"at limit (wind .15, r x1.0)",lag x0.5,carrot_chasing,2001,True,0.40657244683528504,0.062312841461988844,0.6995628253672564,0.705324422213027
quadcopter,"at limit (wind .15, r x1.0)",lag x0.5,carrot_chasing,2002,True,0.5292864441066526,0.11447641701198505,0.9133523547807122,0.6740755156235714
quadcopter,"at limit (wind .15, r x1.0)",lag x0.5,carrot_chasing,2003,True,0.17721830886357795,0.023983074714735472,0.10192262398242312,0.4286674000070023
quadcopter,"at limit (wind .15, r x1.0)",lag x0.5,carrot_chasing,2004,True,0.5564799041077525,0.10757649399109967,0.9828504648290155,0.9426479247011901
quadcopter,"at limit (wind .15, r x1.0)",lag x0.5,carrot_chasing,2005,True,0.14701474133234133,0.027733373224981286,0.16617549024329928,0.43962385142656213
quadcopter,"at limit (wind .15, r x1.0)",lag x0.5,carrot_chasing,2006,True,0.33655758437046074,0.05571081928683867,0.5611510300969614,0.49092875007960574
quadcopter,"at limit (wind .15, r x1.0)",lag x0.5,carrot_chasing,2007,True,0.1965888725111835,0.03326958317204481,0.23103131256195938,0.5029855715075244
quadcopter,"at limit (wind .15, r x1.0)",lag x0.5,carrot_chasing,2008,True,0.41187273654712386,0.06435955659133456,0.6641414977508312,0.5675305987344639
quadcopter,"at limit (wind .15, r x1.0)",lag x0.5,carrot_chasing,2009,True,0.1554260341397078,0.026317763154026157,0.11046839461625553,0.45460865320243626
quadcopter,"at limit (wind .15, r x1.0)",lag x0.5,carrot_chasing,2010,True,0.3445812600070664,0.046448983826460705,0.5818550981423879,0.5557762579615336
quadcopter,"at limit (wind .15, r x1.0)",lag x0.5,carrot_chasing,2011,True,0.11982718936180543,0.0268858828913753,0.09266064313365809,0.3872037970106262
quadcopter,"at limit (wind .15, r x1.0)",lag x1.5,pure_pursuit,2000,True,0.1398642327967518,0.0985477960102296,0.19816312747823683,0.19983518834687292
quadcopter,"at limit (wind .15, r x1.0)",lag x1.5,pure_pursuit,2001,True,0.7834919824254285,0.20089365786527136,1.3072281185435697,1.372037681385024
quadcopter,"at limit (wind .15, r x1.0)",lag x1.5,pure_pursuit,2002,True,0.9031504409542254,0.33088531599826637,1.5385479337909422,1.055625377947389
quadcopter,"at limit (wind .15, r x1.0)",lag x1.5,pure_pursuit,2003,True,0.1490646705800505,0.08296403976097305,0.1996729020712354,0.22703466927611848
quadcopter,"at limit (wind .15, r x1.0)",lag x1.5,pure_pursuit,2004,True,0.8162781614294433,0.25077875526505206,1.4029163393587496,1.3738648270545752
quadcopter,"at limit (wind .15, r x1.0)",lag x1.5,pure_pursuit,2005,True,0.3108457001811504,0.12505414226797693,0.5036473660876869,0.5629403374126614
quadcopter,"at limit (wind .15, r x1.0)",lag x1.5,pure_pursuit,2006,True,0.7056306597367094,0.1948629026787455,1.2163996268296389,0.8655942887638688
quadcopter,"at limit (wind .15, r x1.0)",lag x1.5,pure_pursuit,2007,True,0.3887552563672785,0.1470895254572737,0.6721242056748282,0.5506969034325745
quadcopter,"at limit (wind .15, r x1.0)",lag x1.5,pure_pursuit,2008,True,0.7838196930074683,0.2187287162607649,1.2562783141660256,1.0255896559230033
quadcopter,"at limit (wind .15, r x1.0)",lag x1.5,pure_pursuit,2009,True,0.15102495971083976,0.10912335569337264,0.2206404554199965,0.1879770139949958
quadcopter,"at limit (wind .15, r x1.0)",lag x1.5,pure_pursuit,2010,True,0.6592139726375786,0.2092308719885349,1.1588101334066256,0.8058300631830532
quadcopter,"at limit (wind .15, r x1.0)",lag x1.5,pure_pursuit,2011,True,0.13727765191194713,0.1069552888281995,0.18560923559613282,0.1920394414383601
quadcopter,"at limit (wind .15, r x1.0)",lag x1.5,l1,2000,True,0.14014825160017907,0.09793771005286257,0.19885367393999484,0.20265448093196783
quadcopter,"at limit (wind .15, r x1.0)",lag x1.5,l1,2001,True,0.764072637198105,0.18441399787277332,1.2890885292057501,1.3144206257335174
quadcopter,"at limit (wind .15, r x1.0)",lag x1.5,l1,2002,True,0.8680948538776541,0.30900616641727563,1.4851259873305502,1.00485830586334
quadcopter,"at limit (wind .15, r x1.0)",lag x1.5,l1,2003,True,0.14846677081506776,0.08264047309554154,0.19607950303654292,0.23007930844049884
quadcopter,"at limit (wind .15, r x1.0)",lag x1.5,l1,2004,True,0.790384597950668,0.22046409016523613,1.3785566648555936,1.3062217877765934
quadcopter,"at limit (wind .15, r x1.0)",lag x1.5,l1,2005,True,0.3068869257951157,0.12509262367400178,0.4955698358673658,0.5587456953422979
quadcopter,"at limit (wind .15, r x1.0)",lag x1.5,l1,2006,True,0.6789158255598956,0.18674585936597748,1.1740092323868558,0.8203135500538025
quadcopter,"at limit (wind .15, r x1.0)",lag x1.5,l1,2007,True,0.37668383631534025,0.1424081850040391,0.6473796735338178,0.5414211146919341
quadcopter,"at limit (wind .15, r x1.0)",lag x1.5,l1,2008,True,0.750162450807206,0.2091405245032213,1.208466124365039,0.9736330577659194
quadcopter,"at limit (wind .15, r x1.0)",lag x1.5,l1,2009,True,0.15230312066578536,0.10924466003643175,0.22200539771448966,0.19386315586163488
quadcopter,"at limit (wind .15, r x1.0)",lag x1.5,l1,2010,True,0.6492548406313832,0.19863151734932663,1.1393256659906772,0.806069803712684
quadcopter,"at limit (wind .15, r x1.0)",lag x1.5,l1,2011,True,0.1368725590397303,0.10668954724455304,0.18440823345917504,0.19304543435794483
quadcopter,"at limit (wind .15, r x1.0)",lag x1.5,vector_field,2000,True,0.620676307722534,0.11495901640952141,0.9504590195530633,1.3233368011571676
quadcopter,"at limit (wind .15, r x1.0)",lag x1.5,vector_field,2001,True,1.400531353607695,0.29391297051349446,2.199432754275842,2.7046910351337186
quadcopter,"at limit (wind .15, r x1.0)",lag x1.5,vector_field,2002,True,1.8947275551225338,0.6204506381285558,2.9175356487941424,2.825841969325906
quadcopter,"at limit (wind .15, r x1.0)",lag x1.5,vector_field,2003,True,0.2641420091419398,0.04772329845306386,0.16322476489545415,0.6145242227942135
quadcopter,"at limit (wind .15, r x1.0)",lag x1.5,vector_field,2004,True,1.7926437259162902,0.5622822159179809,2.785469161630467,3.555506838262569
quadcopter,"at limit (wind .15, r x1.0)",lag x1.5,vector_field,2005,True,0.8439280690892281,0.1538656279271674,1.3754837217289444,1.6837230349137267
quadcopter,"at limit (wind .15, r x1.0)",lag x1.5,vector_field,2006,True,1.8597947929142953,0.42556089317949586,2.863759234663115,2.858686058284712
quadcopter,"at limit (wind .15, r x1.0)",lag x1.5,vector_field,2007,True,1.1230924334025059,0.24306488278603547,1.9125296814491364,1.8029421124381682
quadcopter,"at limit (wind .15, r x1.0)",lag x1.5,vector_field,2008,True,2.0601942591860296,0.5062613312091525,2.8069906918264933,3.3693602018156845
quadcopter,"at limit (wind .15, r x1.0)",lag x1.5,vector_field,2009,True,0.3092819600567065,0.047996442213309815,0.2985697733527951,0.8229964299352119
quadcopter,"at limit (wind .15, r x1.0)",lag x1.5,vector_field,2010,True,1.8907646566189464,0.7460490233151003,3.150090651364659,2.5385194098404744
quadcopter,"at limit (wind .15, r x1.0)",lag x1.5,vector_field,2011,True,0.1713508524108555,0.04797396461344978,0.20970226064112635,0.45819370109325175
quadcopter,"at limit (wind .15, r x1.0)",lag x1.5,lead_vf,2000,True,0.1743313362267589,0.0898852108913396,0.29330661165688937,0.20389052954633155
quadcopter,"at limit (wind .15, r x1.0)",lag x1.5,lead_vf,2001,True,0.7951522949610644,0.2766123448756976,1.305112666817046,1.3523651657124216
quadcopter,"at limit (wind .15, r x1.0)",lag x1.5,lead_vf,2002,True,0.873726393374726,0.3639080294329383,1.462927575987355,1.0218734239216085
quadcopter,"at limit (wind .15, r x1.0)",lag x1.5,lead_vf,2003,True,0.1272393796133276,0.08688211420761358,0.16162421925932358,0.18107817608272986
quadcopter,"at limit (wind .15, r x1.0)",lag x1.5,lead_vf,2004,True,0.828941825385666,0.3237125023240653,1.4015172824566247,1.3407595714006764
quadcopter,"at limit (wind .15, r x1.0)",lag x1.5,lead_vf,2005,True,0.30689349829123447,0.11726147399305203,0.5203127261684611,0.4979608517048191
quadcopter,"at limit (wind .15, r x1.0)",lag x1.5,lead_vf,2006,True,0.6879278633963355,0.233732164620533,1.1823410104749277,0.8099341572737123
quadcopter,"at limit (wind .15, r x1.0)",lag x1.5,lead_vf,2007,True,0.3752555791582458,0.1469862528888771,0.660148943193022,0.4892345094593644
quadcopter,"at limit (wind .15, r x1.0)",lag x1.5,lead_vf,2008,True,0.8300958649923839,0.2796293444509799,1.2975611160764304,1.1076656623848107
quadcopter,"at limit (wind .15, r x1.0)",lag x1.5,lead_vf,2009,True,0.12287535861084205,0.09523827907830659,0.16713880644379456,0.1591096606725088
quadcopter,"at limit (wind .15, r x1.0)",lag x1.5,lead_vf,2010,True,0.8669360896416902,0.31618284025163923,1.4745293439279863,1.1542503054061213
quadcopter,"at limit (wind .15, r x1.0)",lag x1.5,lead_vf,2011,True,0.11470328122723644,0.0872213598201534,0.1628215446314983,0.14754993219531246
quadcopter,"at limit (wind .15, r x1.0)",lag x1.5,adaptive_vf,2000,True,0.6156060071273998,0.1493932334676931,0.9692844695318147,1.224345610050566
quadcopter,"at limit (wind .15, r x1.0)",lag x1.5,adaptive_vf,2001,True,1.4108151252581422,0.3768102539374162,2.1659024783291723,2.7516382165360773
quadcopter,"at limit (wind .15, r x1.0)",lag x1.5,adaptive_vf,2002,True,1.916051571277623,0.7188548559480317,2.886032758986459,2.8916034786829417
quadcopter,"at limit (wind .15, r x1.0)",lag x1.5,adaptive_vf,2003,True,0.2876039418597223,0.07950825261552606,0.19919825119683754,0.6491317936848072
quadcopter,"at limit (wind .15, r x1.0)",lag x1.5,adaptive_vf,2004,True,1.7674346909911651,0.5599134575555834,2.7190895027894593,3.563730082622029
quadcopter,"at limit (wind .15, r x1.0)",lag x1.5,adaptive_vf,2005,True,0.9016679787071269,0.38694725981250777,1.3970195111303567,1.693238917112834
quadcopter,"at limit (wind .15, r x1.0)",lag x1.5,adaptive_vf,2006,True,1.952169836021494,0.8092806655068759,2.838049417203275,2.970129623362077
quadcopter,"at limit (wind .15, r x1.0)",lag x1.5,adaptive_vf,2007,True,1.230397925063866,0.5408997605012098,1.9962087509714086,1.8636029793444124
quadcopter,"at limit (wind .15, r x1.0)",lag x1.5,adaptive_vf,2008,True,2.1069808883336236,0.771620337748893,2.779048746430724,3.410629534802421
quadcopter,"at limit (wind .15, r x1.0)",lag x1.5,adaptive_vf,2009,True,0.30754651978249065,0.0897413953533306,0.3005748008278437,0.7951048525084694
quadcopter,"at limit (wind .15, r x1.0)",lag x1.5,adaptive_vf,2010,True,1.837531032156578,0.7723701200877917,3.052303665046373,2.4559228622651594
quadcopter,"at limit (wind .15, r x1.0)",lag x1.5,adaptive_vf,2011,True,0.17697509010371157,0.059428394080224704,0.22340335367347688,0.4535811213815828
quadcopter,"at limit (wind .15, r x1.0)",lag x1.5,carrot_chasing,2000,True,0.11895650307247403,0.03693703780492484,0.10965530642336653,0.36279960010638684
quadcopter,"at limit (wind .15, r x1.0)",lag x1.5,carrot_chasing,2001,True,0.5221852937289099,0.05556549922741994,0.8981291966648673,0.9085836113173383
quadcopter,"at limit (wind .15, r x1.0)",lag x1.5,carrot_chasing,2002,True,0.8104345177157192,0.23344459579466303,1.3762750677676547,1.0331507805449427
quadcopter,"at limit (wind .15, r x1.0)",lag x1.5,carrot_chasing,2003,True,0.16467816646132039,0.03972192320412116,0.13417951531645672,0.37370132333911604
quadcopter,"at limit (wind .15, r x1.0)",lag x1.5,carrot_chasing,2004,True,0.7832048874636122,0.1378745384708242,1.3517782911854277,1.409805323650272
quadcopter,"at limit (wind .15, r x1.0)",lag x1.5,carrot_chasing,2005,True,0.1898324570671631,0.0425970311764409,0.3037649710238558,0.40488964712116676
quadcopter,"at limit (wind .15, r x1.0)",lag x1.5,carrot_chasing,2006,True,0.4933868954789637,0.061394960743062825,0.8699082829253507,0.6101602659329761
quadcopter,"at limit (wind .15, r x1.0)",lag x1.5,carrot_chasing,2007,True,0.23435128778768896,0.046340915461908515,0.38253593125366514,0.4339963044749531
quadcopter,"at limit (wind .15, r x1.0)",lag x1.5,carrot_chasing,2008,True,0.6502767214981026,0.06546163655586344,1.0297109940434825,0.9302817317379766
quadcopter,"at limit (wind .15, r x1.0)",lag x1.5,carrot_chasing,2009,True,0.14221748254987768,0.03852909307737655,0.13763878197264656,0.38386274458852065
quadcopter,"at limit (wind .15, r x1.0)",lag x1.5,carrot_chasing,2010,True,0.4942974671649862,0.060424962881120196,0.8834582864438398,0.6506455783479439
quadcopter,"at limit (wind .15, r x1.0)",lag x1.5,carrot_chasing,2011,True,0.11818632798552633,0.0426046602599278,0.11885924427333915,0.34261853614034343
quadcopter,"at limit (wind .15, r x1.0)",lag x2,pure_pursuit,2000,True,0.16740713000847027,0.11824377880019563,0.2467792178689176,0.20573972098695395
quadcopter,"at limit (wind .15, r x1.0)",lag x2,pure_pursuit,2001,True,0.9647360389812352,0.2643367377986562,1.5869434807652474,1.7160934718627463
quadcopter,"at limit (wind .15, r x1.0)",lag x2,pure_pursuit,2002,True,1.1234092918257386,0.4343570403630202,1.8727178340450839,1.3735398362421791
quadcopter,"at limit (wind .15, r x1.0)",lag x2,pure_pursuit,2003,True,0.16152201288041362,0.09909087597263125,0.20060959790351218,0.2533589935113675
quadcopter,"at limit (wind .15, r x1.0)",lag x2,pure_pursuit,2004,True,0.9513505560397437,0.30079697970984826,1.617601597503528,1.6276458991806817
quadcopter,"at limit (wind .15, r x1.0)",lag x2,pure_pursuit,2005,True,0.3772620847379351,0.15334830567434724,0.6112144327290127,0.6773026212688196
quadcopter,"at limit (wind .15, r x1.0)",lag x2,pure_pursuit,2006,True,0.9164102184602647,0.2770784870495542,1.5459645786630944,1.1692744150336833
quadcopter,"at limit (wind .15, r x1.0)",lag x2,pure_pursuit,2007,True,0.5019519867259704,0.18896527080638534,0.8699587343802213,0.6993383445790029
quadcopter,"at limit (wind .15, r x1.0)",lag x2,pure_pursuit,2008,True,0.9947377626731788,0.2959966355486676,1.5541163519373133,1.3574103913829205
quadcopter,"at limit (wind .15, r x1.0)",lag x2,pure_pursuit,2009,True,0.17486464413390626,0.12839597476015827,0.24133033552937647,0.2445367626024395
quadcopter,"at limit (wind .15, r x1.0)",lag x2,pure_pursuit,2010,True,0.8612080628287383,0.29525602858034566,1.4920294937772782,1.0950235909951367
quadcopter,"at limit (wind .15, r x1.0)",lag x2,pure_pursuit,2011,True,0.16140974704141883,0.13712134836779508,0.19741264876306985,0.2236768919011333
quadcopter,"at limit (wind .15, r x1.0)",lag x2,l1,2000,True,0.1656114939571696,0.1183756505687507,0.24273466897990473,0.20171945863908314
quadcopter,"at limit (wind .15, r x1.0)",lag x2,l1,2001,True,0.9439562930237325,0.2441492007521442,1.5516004170824935,1.695269197457808
quadcopter,"at limit (wind .15, r x1.0)",lag x2,l1,2002,True,1.0922226436529674,0.44281933832881776,1.8199470521354482,1.3119958653257535
quadcopter,"at limit (wind .15, r x1.0)",lag x2,l1,2003,True,0.16058698233470786,0.09942204585124258,0.19650747575583963,0.25434980604826435
quadcopter,"at limit (wind .15, r x1.0)",lag x2,l1,2004,True,0.929979283736055,0.2788227261254347,1.5847146028017456,1.6037299989223346
quadcopter,"at limit (wind .15, r x1.0)",lag x2,l1,2005,True,0.3755070020954814,0.15592758391833653,0.6046830150553695,0.6780183404619002
quadcopter,"at limit (wind .15, r x1.0)",lag x2,l1,2006,True,0.8827948830601872,0.26525933747799374,1.4880392681201497,1.1281124659306054
quadcopter,"at limit (wind .15, r x1.0)",lag x2,l1,2007,True,0.48772445739126785,0.18914228611322864,0.8430896249919145,0.680791543547528
quadcopter,"at limit (wind .15, r x1.0)",lag x2,l1,2008,True,0.9609916808963506,0.2867630079825277,1.499899880393284,1.3092907648920782
quadcopter,"at limit (wind .15, r x1.0)",lag x2,l1,2009,True,0.17379133309206238,0.1287998240501456,0.24123322387631338,0.2356816677648586
quadcopter,"at limit (wind .15, r x1.0)",lag x2,l1,2010,True,0.8518858319704168,0.28892803090515246,1.468597102782976,1.097439451671892
quadcopter,"at limit (wind .15, r x1.0)",lag x2,l1,2011,True,0.161208672047291,0.1373167155621538,0.19577719061462742,0.22486610667296486
quadcopter,"at limit (wind .15, r x1.0)",lag x2,vector_field,2000,True,0.7640138170784762,0.15649904770618533,1.185239415373553,1.5724892614471289
quadcopter,"at limit (wind .15, r x1.0)",lag x2,vector_field,2001,True,1.5726435826275842,0.3279837276972577,2.47050143488209,3.0147774999131385
quadcopter,"at limit (wind .15, r x1.0)",lag x2,vector_field,2002,True,2.1462773352803373,0.6944065773445274,3.254171289926695,3.270470092993228
quadcopter,"at limit (wind .15, r x1.0)",lag x2,vector_field,2003,True,0.3662069002218762,0.06892341101470545,0.27480645458405467,0.8228773485517318
quadcopter,"at limit (wind .15, r x1.0)",lag x2,vector_field,2004,True,2.044076286039709,0.6863394549479048,3.1208284977905105,4.078862177761303
quadcopter,"at limit (wind .15, r x1.0)",lag x2,vector_field,2005,True,1.0419366620080148,0.2615444118025703,1.6833443788846212,2.0279753602637496
quadcopter,"at limit (wind .15, r x1.0)",lag x2,vector_field,2006,True,2.1894905917204257,0.5383970132787511,3.315722631803988,3.393392880890534
quadcopter,"at limit (wind .15, r x1.0)",lag x2,vector_field,2007,True,1.4057812977996436,0.40512613447445456,2.4015711536800044,2.14339431108019
quadcopter,"at limit (wind .15, r x1.0)",lag x2,vector_field,2008,True,2.4019211413553663,0.6616724896587244,3.2201198988261384,3.9195193280923686
quadcopter,"at limit (wind .15, r x1.0)",lag x2,vector_field,2009,True,0.4283831938434839,0.06436268513742305,0.4899277037320421,1.0692972141288442
quadcopter,"at limit (wind .15, r x1.0)",lag x2,vector_field,2010,True,2.161154355346987,0.9583195393174259,3.5727620053164517,2.80904897912036
quadcopter,"at limit (wind .15, r x1.0)",lag x2,vector_field,2011,True,0.2429288891773967,0.062299748371164705,0.2703240496823666,0.6798746893049632
quadcopter,"at limit (wind .15, r x1.0)",lag x2,lead_vf,2000,True,0.21413348056353498,0.09451652709661587,0.36700188237055953,0.27377674522612244
quadcopter,"at limit (wind .15, r x1.0)",lag x2,lead_vf,2001,True,1.0057533606492324,0.33283928911554655,1.6069102991886117,1.8159477006129887
quadcopter,"at limit (wind .15, r x1.0)",lag x2,lead_vf,2002,True,1.0639939414598858,0.42492396919524145,1.7699985743588653,1.2899004777408611
quadcopter,"at limit (wind .15, r x1.0)",lag x2,lead_vf,2003,True,0.12421830550160928,0.08576508252421208,0.13490824944081625,0.202356027795849
quadcopter,"at limit (wind .15, r x1.0)",lag x2,lead_vf,2004,True,0.9640006549439589,0.3703353259159934,1.5979710633515158,1.646660142464575
quadcopter,"at limit (wind .15, r x1.0)",lag x2,lead_vf,2005,True,0.376488862658457,0.1180571795051757,0.6422652860925602,0.6369283235779061
quadcopter,"at limit (wind .15, r x1.0)",lag x2,lead_vf,2006,True,0.8602288766405276,0.2512714438422893,1.4534221539923993,1.1014940916929008
quadcopter,"at limit (wind .15, r x1.0)",lag x2,lead_vf,2007,True,0.46656391952254744,0.15674171600412087,0.8237343912567484,0.6398870294678942
quadcopter,"at limit (wind .15, r x1.0)",lag x2,lead_vf,2008,True,1.0315138533387227,0.30644409908004766,1.5720898078188243,1.4728073527950512
quadcopter,"at limit (wind .15, r x1.0)",lag x2,lead_vf,2009,True,0.13613116050769689,0.10166083379027394,0.18707512877029134,0.18636032026772706
quadcopter,"at limit (wind .15, r x1.0)",lag x2,lead_vf,2010,True,1.0887868780273422,0.38015134076161705,1.8495486706780608,1.4600093692827534
quadcopter,"at limit (wind .15, r x1.0)",lag x2,lead_vf,2011,True,0.12739019130895768,0.09884870387851176,0.17054497498192084,0.18368043832893716
quadcopter,"at limit (wind .15, r x1.0)",lag x2,adaptive_vf,2000,True,0.8467671719992422,0.3080351772592507,1.3068653743603453,1.6126499322588574
quadcopter,"at limit (wind .15, r x1.0)",lag x2,adaptive_vf,2001,True,1.5921817149279938,0.5800784451118309,2.4510366677980118,2.9230003255876817
quadcopter,"at limit (wind .15, r x1.0)",lag x2,adaptive_vf,2002,True,2.073396417344595,1.0214085773935135,3.0730516892954247,2.9479413609272127
quadcopter,"at limit (wind .15, r x1.0)",lag x2,adaptive_vf,2003,True,0.4108761533026932,0.11732253480008192,0.35340423456140446,0.8859061303895844
quadcopter,"at limit (wind .15, r x1.0)",lag x2,adaptive_vf,2004,True,1.96546747220635,0.7684290433640795,2.9781965756805766,3.852911557732841
quadcopter,"at limit (wind .15, r x1.0)",lag x2,adaptive_vf,2005,True,1.2496688199044783,0.7921740841215749,1.8026497346575086,2.0404907670961956
quadcopter,"at limit (wind .15, r x1.0)",lag x2,adaptive_vf,2006,True,2.221279503740558,1.1826878443806053,3.1036341002275623,3.256281565320396
quadcopter,"at limit (wind .15, r x1.0)",lag x2,adaptive_vf,2007,True,1.4526573060561054,0.8930291149401672,2.2084923104779346,2.0041165814693254
quadcopter,"at limit (wind .15, r x1.0)",lag x2,adaptive_vf,2008,True,2.5208088201184395,1.2447310252086254,3.2447367025519034,3.889881163593891
quadcopter,"at limit (wind .15, r x1.0)",lag x2,adaptive_vf,2009,True,0.43646546808629494,0.1531644966485008,0.5146587340536123,1.0218736497770107
quadcopter,"at limit (wind .15, r x1.0)",lag x2,adaptive_vf,2010,True,2.214202272892045,1.2391350714525045,3.529012102983203,2.7774696538268895
quadcopter,"at limit (wind .15, r x1.0)",lag x2,adaptive_vf,2011,True,0.27309849215220844,0.09246106727876673,0.3249756301251858,0.7234543009139635
quadcopter,"at limit (wind .15, r x1.0)",lag x2,carrot_chasing,2000,True,0.17479307544791295,0.05689875698523316,0.2561179081798264,0.3875572878043318
quadcopter,"at limit (wind .15, r x1.0)",lag x2,carrot_chasing,2001,True,0.6524053926673807,0.1219555518920887,1.0946942515636606,1.161949717513535
quadcopter,"at limit (wind .15, r x1.0)",lag x2,carrot_chasing,2002,True,1.1037279400130116,0.48842076485259184,1.7757089736506582,1.4132065940908332
quadcopter,"at limit (wind .15, r x1.0)",lag x2,carrot_chasing,2003,True,0.15134779809980867,0.05718066604988881,0.15319678973023515,0.3105734501689568
quadcopter,"at limit (wind .15, r x1.0)",lag x2,carrot_chasing,2004,True,0.9738314929496927,0.26088987087705834,1.6462381893003495,1.763289546113824
quadcopter,"at limit (wind .15, r x1.0)",lag x2,carrot_chasing,2005,True,0.32260922422489624,0.09133163842446967,0.5218090389548156,0.645234484707653
quadcopter,"at limit (wind .15, r x1.0)",lag x2,carrot_chasing,2006,True,0.7319465302581185,0.17422214736927216,1.2583897777771822,0.9234468199127512
quadcopter,"at limit (wind .15, r x1.0)",lag x2,carrot_chasing,2007,True,0.29336295553235986,0.07027589677185354,0.5180813388181773,0.43994959590968663
quadcopter,"at limit (wind .15, r x1.0)",lag x2,carrot_chasing,2008,True,0.8816286232172802,0.2022204735030816,1.356775603266552,1.2802332676422294
quadcopter,"at limit (wind .15, r x1.0)",lag x2,carrot_chasing,2009,True,0.11804327599864445,0.04938890511271527,0.14855632930114682,0.2656922754343856
quadcopter,"at limit (wind .15, r x1.0)",lag x2,carrot_chasing,2010,True,0.633450923096388,0.18471543645650934,1.1125921698810677,0.792291822057852
quadcopter,"at limit (wind .15, r x1.0)",lag x2,carrot_chasing,2011,True,0.121727837999029,0.05619121892541125,0.13941747494886236,0.3189147985844653
quadcopter,"at limit (wind .15, r x1.0)",true a_max x0.8,pure_pursuit,2000,True,0.1810486925707622,0.0930317780480612,0.27429539347179294,0.3186220315731214
quadcopter,"at limit (wind .15, r x1.0)",true a_max x0.8,pure_pursuit,2001,True,1.5635496689572774,0.9489274581862513,2.4685829013079497,2.033623926915961
quadcopter,"at limit (wind .15, r x1.0)",true a_max x0.8,pure_pursuit,2002,True,1.7037722107100397,1.216455312979376,2.602638726105859,1.4765612127758572
quadcopter,"at limit (wind .15, r x1.0)",true a_max x0.8,pure_pursuit,2003,True,0.19997399186176865,0.07828398130835561,0.29993306063165426,0.2968359220534793
quadcopter,"at limit (wind .15, r x1.0)",true a_max x0.8,pure_pursuit,2004,True,1.5305694859064907,0.9965029975156862,2.394322753742796,1.9285021953471229
quadcopter,"at limit (wind .15, r x1.0)",true a_max x0.8,pure_pursuit,2005,True,0.6118671619303729,0.2757403742030593,1.0468520745135885,0.8508979856977752
quadcopter,"at limit (wind .15, r x1.0)",true a_max x0.8,pure_pursuit,2006,True,1.5861367982452486,0.9004356118772213,2.626328293149559,1.4726063441693735
quadcopter,"at limit (wind .15, r x1.0)",true a_max x0.8,pure_pursuit,2007,True,0.7376071323400597,0.42174010884266216,1.2550479659897393,0.7519120144031425
quadcopter,"at limit (wind .15, r x1.0)",true a_max x0.8,pure_pursuit,2008,True,1.854201709411546,1.0846903308764058,2.8806117662666133,1.87905391622093
quadcopter,"at limit (wind .15, r x1.0)",true a_max x0.8,pure_pursuit,2009,True,0.19148305158142645,0.1026192827164897,0.3012779584218441,0.2908709881882182
quadcopter,"at limit (wind .15, r x1.0)",true a_max x0.8,pure_pursuit,2010,True,1.2362223766778144,0.7276850871499974,2.064714220647739,1.0933825683687857
quadcopter,"at limit (wind .15, r x1.0)",true a_max x0.8,pure_pursuit,2011,True,0.1727635520266248,0.09123803650815435,0.27727236180325404,0.2765625870248417
quadcopter,"at limit (wind .15, r x1.0)",true a_max x0.8,l1,2000,True,0.17588844025199699,0.09217050589115026,0.26673054993359346,0.3047906098241744
quadcopter,"at limit (wind .15, r x1.0)",true a_max x0.8,l1,2001,True,1.530152020047822,0.9221089344050849,2.41584800681056,2.0151635891705038
quadcopter,"at limit (wind .15, r x1.0)",true a_max x0.8,l1,2002,True,1.6587581779811134,1.1762442646740516,2.5395214725567143,1.4601375828621264
quadcopter,"at limit (wind .15, r x1.0)",true a_max x0.8,l1,2003,True,0.20082655362586843,0.07846149036271502,0.29718729145958456,0.3048804196589865
quadcopter,"at limit (wind .15, r x1.0)",true a_max x0.8,l1,2004,True,1.4961457215201517,0.947627147970754,2.3679760691299685,1.9054320955361737
quadcopter,"at limit (wind .15, r x1.0)",true a_max x0.8,l1,2005,True,0.6060008417416336,0.2661867175771763,1.0411359868514793,0.8496288398930748
quadcopter,"at limit (wind .15, r x1.0)",true a_max x0.8,l1,2006,True,1.5347839162624417,0.8576169441579458,2.55662432771021,1.4275456688558188
quadcopter,"at limit (wind .15, r x1.0)",true a_max x0.8,l1,2007,True,0.7221375376113525,0.4055765546801049,1.2317829708341903,0.749345184772482
quadcopter,"at limit (wind .15, r x1.0)",true a_max x0.8,l1,2008,True,1.8050711243031077,1.0386499690857924,2.810922685712861,1.8590739429386
quadcopter,"at limit (wind .15, r x1.0)",true a_max x0.8,l1,2009,True,0.18793979027457414,0.10289926407919285,0.29230331924764175,0.28864659608761206
quadcopter,"at limit (wind .15, r x1.0)",true a_max x0.8,l1,2010,True,1.2176303728960567,0.7181800295068237,2.028388704350755,1.0955107460501659
quadcopter,"at limit (wind .15, r x1.0)",true a_max x0.8,l1,2011,True,0.1717332102786028,0.09156425904836878,0.27244463540871944,0.28200786543083356
quadcopter,"at limit (wind .15, r x1.0)",true a_max x0.8,vector_field,2000,True,0.9715241826654881,0.3055382910043092,1.409137279752333,2.096806621225109
quadcopter,"at limit (wind .15, r x1.0)",true a_max x0.8,vector_field,2001,True,2.482125175423152,1.4482404059148772,3.723739290609836,3.793968712492855
quadcopter,"at limit (wind .15, r x1.0)",true a_max x0.8,vector_field,2002,True,3.0221931950496086,1.9758589029489975,4.382569821759945,3.6226115741026854
quadcopter,"at limit (wind .15, r x1.0)",true a_max x0.8,vector_field,2003,True,0.45158004456167916,0.05979077123099427,0.5619853429270014,0.8632739884543712
quadcopter,"at limit (wind .15, r x1.0)",true a_max x0.8,vector_field,2004,True,2.77528824540658,1.7946590107319211,4.014478266133622,4.3508900329121865
quadcopter,"at limit (wind .15, r x1.0)",true a_max x0.8,vector_field,2005,True,1.3703510450821899,0.6555889787316644,2.216427247889193,2.1688914616309334
quadcopter,"at limit (wind .15, r x1.0)",true a_max x0.8,vector_field,2006,True,3.206261845204006,1.8721614469813748,4.837571086491439,3.9174885577831464
quadcopter,"at limit (wind .15, r x1.0)",true a_max x0.8,vector_field,2007,True,1.814879326626134,1.0238266712391297,2.9702416237150944,2.257091742641308
quadcopter,"at limit (wind .15, r x1.0)",true a_max x0.8,vector_field,2008,True,3.5811791408409284,2.1570217149488715,4.953206372656922,4.611838475413461
quadcopter,"at limit (wind .15, r x1.0)",true a_max x0.8,vector_field,2009,True,0.5047138009392946,0.05778768173740143,0.7218385627511985,1.098877679513048
quadcopter,"at limit (wind .15, r x1.0)",true a_max x0.8,vector_field,2010,True,2.8208441833813684,1.9819109833824606,4.263758189561249,2.958638735462143
quadcopter,"at limit (wind .15, r x1.0)",true a_max x0.8,vector_field,2011,True,0.31519326750414584,0.044545585371070076,0.4574810841423222,0.7604662577999536
quadcopter,"at limit (wind .15, r x1.0)",true a_max x0.8,lead_vf,2000,True,0.288959777668133,0.13619339884539847,0.49368505975034704,0.35192392814070994
quadcopter,"at limit (wind .15, r x1.0)",true a_max x0.8,lead_vf,2001,True,1.7340435133636587,1.1064860041636086,2.6564643839797486,2.305553489726474
quadcopter,"at limit (wind .15, r x1.0)",true a_max x0.8,lead_vf,2002,True,1.8221401667364043,1.3367415402663239,2.7283417573964246,1.621977910792752
quadcopter,"at limit (wind .15, r x1.0)",true a_max x0.8,lead_vf,2003,True,0.2133975687817419,0.11047911096137356,0.3307464636663131,0.2635139458564349
quadcopter,"at limit (wind .15, r x1.0)",true a_max x0.8,lead_vf,2004,True,1.6188745607466482,1.1041161494515184,2.471521335396966,2.040079698638264
quadcopter,"at limit (wind .15, r x1.0)",true a_max x0.8,lead_vf,2005,True,0.6370594046293594,0.32204600530924427,1.083188795225913,0.800467131600073
quadcopter,"at limit (wind .15, r x1.0)",true a_max x0.8,lead_vf,2006,True,1.626972508404299,0.995842993437511,2.6415388561321764,1.4916575399342598
quadcopter,"at limit (wind .15, r x1.0)",true a_max x0.8,lead_vf,2007,True,0.7700529276409352,0.45505452902672666,1.3092409500836246,0.7376779429267973
quadcopter,"at limit (wind .15, r x1.0)",true a_max x0.8,lead_vf,2008,True,2.066214778075806,1.2915707827071712,3.096623534630414,2.206690974076625
quadcopter,"at limit (wind .15, r x1.0)",true a_max x0.8,lead_vf,2009,True,0.18398119580747552,0.1043798104025027,0.2962209684563716,0.2474498508569124
quadcopter,"at limit (wind .15, r x1.0)",true a_max x0.8,lead_vf,2010,True,1.670045640436409,1.1244581468436199,2.622052874553961,1.5889488118438149
quadcopter,"at limit (wind .15, r x1.0)",true a_max x0.8,lead_vf,2011,True,0.1793296056277825,0.09444060862871001,0.3006031398089047,0.24821650097748044
quadcopter,"at limit (wind .15, r x1.0)",true a_max x0.8,adaptive_vf,2000,True,0.946015721886713,0.3535776426894689,1.372275557217424,1.9796113861402256
quadcopter,"at limit (wind .15, r x1.0)",true a_max x0.8,adaptive_vf,2001,True,2.490914865694271,1.47064030258718,3.735686822222285,3.822384481821026
quadcopter,"at limit (wind .15, r x1.0)",true a_max x0.8,adaptive_vf,2002,True,2.928107739892952,1.947687041776161,4.243279786631311,3.497741857502648
quadcopter,"at limit (wind .15, r x1.0)",true a_max x0.8,adaptive_vf,2003,True,0.450271751483095,0.12502260128028045,0.5360167174869391,0.8590845789866519
quadcopter,"at limit (wind .15, r x1.0)",true a_max x0.8,adaptive_vf,2004,True,2.8189855958117915,1.8036806276691857,4.058598787865265,4.547050799562662
quadcopter,"at limit (wind .15, r x1.0)",true a_max x0.8,adaptive_vf,2005,True,1.4791364254519859,0.8771880165440658,2.283641818156419,2.1970701892154896
quadcopter,"at limit (wind .15, r x1.0)",true a_max x0.8,adaptive_vf,2006,True,3.0901693243949415,1.8460536191710457,4.630288515727579,3.799492594152902
quadcopter,"at limit (wind .15, r x1.0)",true a_max x0.8,adaptive_vf,2007,True,1.814290097943477,1.2057173974304318,2.837281056260407,2.0989995888634616
quadcopter,"at limit (wind .15, r x1.0)",true a_max x0.8,adaptive_vf,2008,True,3.5301605400766682,2.1882044049212803,4.8593709349041685,4.5161653979714185
quadcopter,"at limit (wind .15, r x1.0)",true a_max x0.8,adaptive_vf,2009,True,0.5046240566165643,0.15907423259503364,0.6904427508433433,1.083237725089765
quadcopter,"at limit (wind .15, r x1.0)",true a_max x0.8,adaptive_vf,2010,True,2.934724949038533,2.1197216611416496,4.391918641092493,3.0499356931720922
quadcopter,"at limit (wind .15, r x1.0)",true a_max x0.8,adaptive_vf,2011,True,0.31943353507033867,0.1064497800234457,0.4414344052995741,0.7561623370308723
quadcopter,"at limit (wind .15, r x1.0)",true a_max x0.8,carrot_chasing,2000,True,0.14255243467053483,0.03330712222058613,0.23926390234590322,0.2560366345582257
quadcopter,"at limit (wind .15, r x1.0)",true a_max x0.8,carrot_chasing,2001,True,1.3891663836271717,0.7834379873700633,2.255191828621001,1.8166850712688547
quadcopter,"at limit (wind .15, r x1.0)",true a_max x0.8,carrot_chasing,2002,True,1.6827190102764404,1.1622472785469968,2.591006077080564,1.5427983438437445
quadcopter,"at limit (wind .15, r x1.0)",true a_max x0.8,carrot_chasing,2003,True,0.1691338398258907,0.030611606918241437,0.15621377774015247,0.37471453968660456
quadcopter,"at limit (wind .15, r x1.0)",true a_max x0.8,carrot_chasing,2004,True,1.5575502945271293,0.9751622955696815,2.4532269629260073,2.06008024440017
quadcopter,"at limit (wind .15, r x1.0)",true a_max x0.8,carrot_chasing,2005,True,0.538892296928548,0.1720750684452335,0.9658995822663288,0.7499868289271061
quadcopter,"at limit (wind .15, r x1.0)",true a_max x0.8,carrot_chasing,2006,True,1.493957270198438,0.770606035165531,2.538532273047373,1.3863842923784984
quadcopter,"at limit (wind .15, r x1.0)",true a_max x0.8,carrot_chasing,2007,True,0.6357648791291549,0.3254855830557187,1.1082153517087123,0.6817123946700648
quadcopter,"at limit (wind .15, r x1.0)",true a_max x0.8,carrot_chasing,2008,True,1.853167648934835,1.0322040705708062,2.8901773069113608,1.978740102033838
quadcopter,"at limit (wind .15, r x1.0)",true a_max x0.8,carrot_chasing,2009,True,0.12439264206555338,0.03146180164953807,0.12670052288762312,0.3293151520575621
quadcopter,"at limit (wind .15, r x1.0)",true a_max x0.8,carrot_chasing,2010,True,1.1969728296829358,0.6658049281430555,2.026885434664244,1.0936854351797782
quadcopter,"at limit (wind .15, r x1.0)",true a_max x0.8,carrot_chasing,2011,True,0.10301938809849819,0.03272849511908933,0.0911428096107022,0.31525110146842583
quadcopter,"at limit (wind .15, r x1.0)",true a_max x0.6,pure_pursuit,2000,True,0.8357581129152429,0.23647866339695742,1.3949075574700793,1.4470644249002365
quadcopter,"at limit (wind .15, r x1.0)",true a_max x0.6,pure_pursuit,2001,True,3.7734605053208417,3.4626373213990576,4.545216406262103,3.7810585559331265
quadcopter,"at limit (wind .15, r x1.0)",true a_max x0.6,pure_pursuit,2002,True,4.006160741678939,3.7980311658749555,4.941071279097404,2.9608210712617944
quadcopter,"at limit (wind .15, r x1.0)",true a_max x0.6,pure_pursuit,2003,True,0.7889395162147046,0.26830423811966986,1.3491265593464075,0.8884548547659065
quadcopter,"at limit (wind .15, r x1.0)",true a_max x0.6,pure_pursuit,2004,True,3.432675831676272,3.200513497413544,4.083458212117222,3.2620892992414303
quadcopter,"at limit (wind .15, r x1.0)",true a_max x0.6,pure_pursuit,2005,True,1.5990435668154939,1.3150112346622729,2.2182254976603084,1.563821642739053
quadcopter,"at limit (wind .15, r x1.0)",true a_max x0.6,pure_pursuit,2006,True,4.234750214508795,3.93972987214478,5.421421236795392,3.1117517996120476
quadcopter,"at limit (wind .15, r x1.0)",true a_max x0.6,pure_pursuit,2007,True,1.9607417851522462,1.757949741283345,2.621764896325171,1.4145286876095857
quadcopter,"at limit (wind .15, r x1.0)",true a_max x0.6,pure_pursuit,2008,True,4.794575960365705,4.490266844818693,5.937439002126205,3.8039419725083867
quadcopter,"at limit (wind .15, r x1.0)",true a_max x0.6,pure_pursuit,2009,True,0.6327673757711357,0.23723222935387203,1.1311542160088752,0.7994263127152094
quadcopter,"at limit (wind .15, r x1.0)",true a_max x0.6,pure_pursuit,2010,True,3.031502754015726,2.823201978025878,3.8645571842763924,1.9279300595821647
quadcopter,"at limit (wind .15, r x1.0)",true a_max x0.6,pure_pursuit,2011,True,0.5862225913899197,0.27510930214572826,1.0212629901906822,0.7650117209046142
quadcopter,"at limit (wind .15, r x1.0)",true a_max x0.6,l1,2000,True,0.8132498659067009,0.2180015305649943,1.3607915194227125,1.4135012785835541
quadcopter,"at limit (wind .15, r x1.0)",true a_max x0.6,l1,2001,True,3.8301719536587973,3.566640904639105,4.532828711576639,3.7517350298685224
quadcopter,"at limit (wind .15, r x1.0)",true a_max x0.6,l1,2002,True,4.546718610165356,4.003749194961054,6.017387612971318,3.785110274329978
quadcopter,"at limit (wind .15, r x1.0)",true a_max x0.6,l1,2003,True,0.7765584743866467,0.25290662028501437,1.3314780313243326,0.8808106084456654
quadcopter,"at limit (wind .15, r x1.0)",true a_max x0.6,l1,2004,True,3.464212838259682,3.2824996577310355,4.013327172559237,3.2578326183482296
quadcopter,"at limit (wind .15, r x1.0)",true a_max x0.6,l1,2005,True,1.5945831769739327,1.3085101421524372,2.2085945397137396,1.5766525340141233
quadcopter,"at limit (wind .15, r x1.0)",true a_max x0.6,l1,2006,True,4.229222144603018,3.9312041229517027,5.4186697491196085,3.1224621772999908
quadcopter,"at limit (wind .15, r x1.0)",true a_max x0.6,l1,2007,True,1.9429900939230267,1.7361634889084634,2.617537352734642,1.3679499064437737
quadcopter,"at limit (wind .15, r x1.0)",true a_max x0.6,l1,2008,True,4.7906971521378745,4.503049698327968,5.918648803291089,3.767224173507161
quadcopter,"at limit (wind .15, r x1.0)",true a_max x0.6,l1,2009,True,0.6182837250387804,0.22930491325856517,1.1071302610686353,0.7893489123560948
quadcopter,"at limit (wind .15, r x1.0)",true a_max x0.6,l1,2010,True,3.0132175933882093,2.8130211983818585,3.8272175872559946,1.92359896408233
quadcopter,"at limit (wind .15, r x1.0)",true a_max x0.6,l1,2011,True,0.5782007665597491,0.2634667627763996,1.0126454820611341,0.7596738279012579
quadcopter,"at limit (wind .15, r x1.0)",true a_max x0.6,vector_field,2000,True,2.1741313043379944,1.1440066792260053,3.1616115169528882,3.8728135323726836
quadcopter,"at limit (wind .15, r x1.0)",true a_max x0.6,vector_field,2001,True,5.1003825464108585,4.537874829985527,6.1168841720070946,5.902551929609472
quadcopter,"at limit (wind .15, r x1.0)",true a_max x0.6,vector_field,2002,True,5.663953919982561,5.122319433353794,6.977005326021886,5.385737851331082
quadcopter,"at limit (wind .15, r x1.0)",true a_max x0.6,vector_field,2003,True,1.584948330110007,0.6116643421526223,2.509520294058951,2.0657833864857817
quadcopter,"at limit (wind .15, r x1.0)",true a_max x0.6,vector_field,2004,True,5.469593545401875,4.94001049622224,6.3142987673143685,6.622042647498305
quadcopter,"at limit (wind .15, r x1.0)",true a_max x0.6,vector_field,2005,True,2.937467607657449,2.431489411674546,3.849993925851317,3.502272009298164
quadcopter,"at limit (wind .15, r x1.0)",true a_max x0.6,vector_field,2006,True,5.859415187226715,5.182720488289785,7.482903333341621,5.525514426804232
quadcopter,"at limit (wind .15, r x1.0)",true a_max x0.6,vector_field,2007,True,3.5531702189654513,3.212623359179351,4.597973592581,3.0407883138647196
quadcopter,"at limit (wind .15, r x1.0)",true a_max x0.6,vector_field,2008,True,7.288579329881607,6.54116912893916,8.76963404257395,7.275364418731554
quadcopter,"at limit (wind .15, r x1.0)",true a_max x0.6,vector_field,2009,True,1.3250260654706725,0.46950608985110304,2.30905073684555,1.8525248774430032
quadcopter,"at limit (wind .15, r x1.0)",true a_max x0.6,vector_field,2010,True,5.414455301317872,5.228192643489992,6.459245223627712,4.007449585700649
quadcopter,"at limit (wind .15, r x1.0)",true a_max x0.6,vector_field,2011,True,1.0675374786537088,0.4973962108309826,1.7577877047198238,1.6908827473082852
quadcopter,"at limit (wind .15, r x1.0)",true a_max x0.6,lead_vf,2000,True,1.2084624479682786,0.6168566641238384,1.884793920466361,1.9437736741401814
quadcopter,"at limit (wind .15, r x1.0)",true a_max x0.6,lead_vf,2001,True,4.269339240402082,3.8862417667818168,5.110823574178352,4.5278820881336195
quadcopter,"at limit (wind .15, r x1.0)",true a_max x0.6,lead_vf,2002,True,4.515875526544164,4.312502822646818,5.420461838285852,3.60456939213207
quadcopter,"at limit (wind .15, r x1.0)",true a_max x0.6,lead_vf,2003,True,0.9204255882653198,0.45191991757480854,1.5128463362664586,0.9859083717978488
quadcopter,"at limit (wind .15, r x1.0)",true a_max x0.6,lead_vf,2004,True,3.894021459483304,3.633912243754047,4.557211815410959,3.9103881233507027
quadcopter,"at limit (wind .15, r x1.0)",true a_max x0.6,lead_vf,2005,True,1.7896378697171083,1.48087075845578,2.463719137889977,1.7534069609753502
quadcopter,"at limit (wind .15, r x1.0)",true a_max x0.6,lead_vf,2006,True,4.739644176376328,4.406472293394171,6.010914140794559,3.7065840521580005
quadcopter,"at limit (wind .15, r x1.0)",true a_max x0.6,lead_vf,2007,True,2.296392034369749,2.0616488075545703,3.063471224121404,1.700923299276944
quadcopter,"at limit (wind .15, r x1.0)",true a_max x0.6,lead_vf,2008,True,5.604530248270302,5.223457474533465,6.8171657323315,4.833045417404957
quadcopter,"at limit (wind .15, r x1.0)",true a_max x0.6,lead_vf,2009,True,0.6619367887551509,0.2989733543614523,1.1578182536436752,0.8091463984984891
quadcopter,"at limit (wind .15, r x1.0)",true a_max x0.6,lead_vf,2010,True,3.8369231262343515,3.6499419786317744,4.700874296397801,2.672828150899332
quadcopter,"at limit (wind .15, r x1.0)",true a_max x0.6,lead_vf,2011,True,0.6070168696444135,0.32241630837788005,1.0345863281219907,0.7686699828548734
quadcopter,"at limit (wind .15, r x1.0)",true a_max x0.6,adaptive_vf,2000,True,2.188654641573125,1.3143278267685858,3.111697015969662,3.7225542765526916
quadcopter,"at limit (wind .15, r x1.0)",true a_max x0.6,adaptive_vf,2001,True,5.197768631508945,4.734056251690837,6.078043027690795,5.898070627966292
quadcopter,"at limit (wind .15, r x1.0)",true a_max x0.6,adaptive_vf,2002,True,7.953179093861012,7.353514064831105,9.587476305739065,7.583521650857312
quadcopter,"at limit (wind .15, r x1.0)",true a_max x0.6,adaptive_vf,2003,True,1.5887165179422857,0.7728048554097832,2.440092686595537,2.0312960497631627
quadcopter,"at limit (wind .15, r x1.0)",true a_max x0.6,adaptive_vf,2004,True,5.460946167494971,4.9494297570851735,6.278025762490465,6.632997529479976
quadcopter,"at limit (wind .15, r x1.0)",true a_max x0.6,adaptive_vf,2005,True,3.151988651505226,2.677574400973814,4.075526623973055,3.534626710804763
quadcopter,"at limit (wind .15, r x1.0)",true a_max x0.6,adaptive_vf,2006,True,5.705621744743944,5.241186457701229,7.120089219095224,5.097819354089332
quadcopter,"at limit (wind .15, r x1.0)",true a_max x0.6,adaptive_vf,2007,True,4.0725833130795825,3.9180886090937492,4.847325102549181,3.225019883787029
quadcopter,"at limit (wind .15, r x1.0)",true a_max x0.6,adaptive_vf,2008,True,7.554424007223245,6.676505987875279,9.162504638475712,7.777290945097459
quadcopter,"at limit (wind .15, r x1.0)",true a_max x0.6,adaptive_vf,2009,True,1.3820385082870328,0.7033467417131588,2.304912894960349,1.823056007619743
quadcopter,"at limit (wind .15, r x1.0)",true a_max x0.6,adaptive_vf,2010,True,5.286337690465866,5.0882470760677885,6.319064247754257,4.001708140628478
quadcopter,"at limit (wind .15, r x1.0)",true a_max x0.6,adaptive_vf,2011,True,1.1002223830575162,0.6131423928795398,1.7470408844510004,1.6701655772901685
quadcopter,"at limit (wind .15, r x1.0)",true a_max x0.6,carrot_chasing,2000,True,0.8466989107764019,0.260856882743447,1.4290011759586865,1.3826302039710265
quadcopter,"at limit (wind .15, r x1.0)",true a_max x0.6,carrot_chasing,2001,True,3.742128398766767,3.4075187353691634,4.574619312445604,3.7498728151803893
quadcopter,"at limit (wind .15, r x1.0)",true a_max x0.6,carrot_chasing,2002,True,4.45692697914376,3.9417069722122933,5.800270550231147,3.8970124700110236
quadcopter,"at limit (wind .15, r x1.0)",true a_max x0.6,carrot_chasing,2003,True,0.6451099500121458,0.16349586711021571,1.138018933850874,0.7033468722002447
quadcopter,"at limit (wind .15, r x1.0)",true a_max x0.6,carrot_chasing,2004,True,3.709907161401439,3.4430893665035107,4.385787513927867,3.753477829561949
quadcopter,"at limit (wind .15, r x1.0)",true a_max x0.6,carrot_chasing,2005,True,1.696879748813433,1.378626005439646,2.360884707898795,1.73843384456748
quadcopter,"at limit (wind .15, r x1.0)",true a_max x0.6,carrot_chasing,2006,True,4.396063880644312,4.02946597755527,5.669706923875809,3.458729829029108
quadcopter,"at limit (wind .15, r x1.0)",true a_max x0.6,carrot_chasing,2007,True,2.1206193686677204,1.8876424553011015,2.865280860685726,1.5333762061390017
quadcopter,"at limit (wind .15, r x1.0)",true a_max x0.6,carrot_chasing,2008,True,5.019649734968399,4.649387573091656,6.230450637462631,4.168730383104888
quadcopter,"at limit (wind .15, r x1.0)",true a_max x0.6,carrot_chasing,2009,True,0.5972191977851286,0.1660506767044064,1.0766872299624317,0.824354606213977
quadcopter,"at limit (wind .15, r x1.0)",true a_max x0.6,carrot_chasing,2010,True,3.111864343053372,2.920053225789482,3.9292044208432593,1.966323249957486
quadcopter,"at limit (wind .15, r x1.0)",true a_max x0.6,carrot_chasing,2011,True,0.5534846235036185,0.22655696471674255,0.9845491997013609,0.7472624972435353
quadcopter,"at limit (wind .15, r x1.0)",position noise 2% r_min,pure_pursuit,2000,True,0.1535803574664241,0.09543731951723256,0.22433512082553317,0.24773692945985257
quadcopter,"at limit (wind .15, r x1.0)",position noise 2% r_min,pure_pursuit,2001,True,0.685361605094717,0.1847394568676422,1.1684673861498092,1.1313063471013047
quadcopter,"at limit (wind .15, r x1.0)",position noise 2% r_min,pure_pursuit,2002,True,0.760837594702565,0.2999207642150121,1.300954023238334,0.8462737477000771
quadcopter,"at limit (wind .15, r x1.0)",position noise 2% r_min,pure_pursuit,2003,True,0.17294783536417535,0.0882959703726728,0.2436527053155444,0.2573933413081205
quadcopter,"at limit (wind .15, r x1.0)",position noise 2% r_min,pure_pursuit,2004,True,0.7402979859071119,0.24357273012385353,1.274974337800978,1.2110350754482146
quadcopter,"at limit (wind .15, r x1.0)",position noise 2% r_min,pure_pursuit,2005,True,0.2766806503010692,0.13427632116303267,0.4379771880259652,0.4840887456443424
quadcopter,"at limit (wind .15, r x1.0)",position noise 2% r_min,pure_pursuit,2006,True,0.5864764925625868,0.19846170908051944,1.0143264042574445,0.676729993178428
quadcopter,"at limit (wind .15, r x1.0)",position noise 2% r_min,pure_pursuit,2007,True,0.33195206092741764,0.14471171844017675,0.5536901142431647,0.49348118088762916
quadcopter,"at limit (wind .15, r x1.0)",position noise 2% r_min,pure_pursuit,2008,True,0.6500587412778627,0.1941258112726393,1.0550466412271156,0.8166617707449668
quadcopter,"at limit (wind .15, r x1.0)",position noise 2% r_min,pure_pursuit,2009,True,0.16890977665092385,0.11301437478349464,0.2511016882836351,0.23121663729204617
quadcopter,"at limit (wind .15, r x1.0)",position noise 2% r_min,pure_pursuit,2010,True,0.5401949581509112,0.19131746811153794,0.9457595640118024,0.647691193608274
quadcopter,"at limit (wind .15, r x1.0)",position noise 2% r_min,pure_pursuit,2011,True,0.14110085170111614,0.09320223284557465,0.20858830706836468,0.21744093043292495
quadcopter,"at limit (wind .15, r x1.0)",position noise 2% r_min,l1,2000,True,0.1520788534326047,0.09483242304159233,0.21796322496029935,0.2559328210615177
quadcopter,"at limit (wind .15, r x1.0)",position noise 2% r_min,l1,2001,True,0.6518358849778019,0.1581495475183141,1.1117938502850704,1.0940263544362423
quadcopter,"at limit (wind .15, r x1.0)",position noise 2% r_min,l1,2002,True,0.7238889468384061,0.26512619579752716,1.2489668249769457,0.7990110379289448
quadcopter,"at limit (wind .15, r x1.0)",position noise 2% r_min,l1,2003,True,0.1697252588657944,0.08721264001689973,0.23370674133346647,0.2599953829721014
quadcopter,"at limit (wind .15, r x1.0)",position noise 2% r_min,l1,2004,True,0.711675994759584,0.20971895667844365,1.2431806740933267,1.1515822377756482
quadcopter,"at limit (wind .15, r x1.0)",position noise 2% r_min,l1,2005,True,0.2702656164965332,0.13132096447310068,0.42549052194841214,0.4792135030571861
quadcopter,"at limit (wind .15, r x1.0)",position noise 2% r_min,l1,2006,True,0.5568347886306402,0.18533349809177516,0.9616575919317768,0.6496422097474094
quadcopter,"at limit (wind .15, r x1.0)",position noise 2% r_min,l1,2007,True,0.32734706507357936,0.14068309243134888,0.5414164751307231,0.5000415593846026
quadcopter,"at limit (wind .15, r x1.0)",position noise 2% r_min,l1,2008,True,0.6192755710675237,0.17984486850991835,1.009323604541929,0.7712470778239586
quadcopter,"at limit (wind .15, r x1.0)",position noise 2% r_min,l1,2009,True,0.16915488469009252,0.11295946956599816,0.2477620865885424,0.24107743497894082
quadcopter,"at limit (wind .15, r x1.0)",position noise 2% r_min,l1,2010,True,0.5274257264156035,0.18258772376582577,0.9224735447042597,0.6429142349007233
quadcopter,"at limit (wind .15, r x1.0)",position noise 2% r_min,l1,2011,True,0.13801905912306042,0.09265080789477623,0.20009715636280478,0.21781288553888162
quadcopter,"at limit (wind .15, r x1.0)",position noise 2% r_min,vector_field,2000,True,0.4875872640657704,0.09543704446236785,0.7640091560223488,1.0067012787623095
quadcopter,"at limit (wind .15, r x1.0)",position noise 2% r_min,vector_field,2001,True,1.290543929055832,0.27940784363000193,1.9932082146734866,2.56255848784909
quadcopter,"at limit (wind .15, r x1.0)",position noise 2% r_min,vector_field,2002,True,1.683901257240308,0.5576471941010829,2.6367536477811417,2.446374575139931
quadcopter,"at limit (wind .15, r x1.0)",position noise 2% r_min,vector_field,2003,True,0.1456031104318773,0.05160510862518963,0.07682757706057208,0.33482509216067763
quadcopter,"at limit (wind .15, r x1.0)",position noise 2% r_min,vector_field,2004,True,1.544858026190915,0.4724979399489495,2.434952099856224,3.029380271963759
quadcopter,"at limit (wind .15, r x1.0)",position noise 2% r_min,vector_field,2005,True,0.5642811004248731,0.10220828670683212,0.9369972794460263,1.0975053094613638
quadcopter,"at limit (wind .15, r x1.0)",position noise 2% r_min,vector_field,2006,True,1.5896828841354835,0.35825943439846025,2.454341756664227,2.46008841806212
quadcopter,"at limit (wind .15, r x1.0)",position noise 2% r_min,vector_field,2007,True,0.7779665460170403,0.13911054027913855,1.3305289885259621,1.2727124418036107
quadcopter,"at limit (wind .15, r x1.0)",position noise 2% r_min,vector_field,2008,True,1.7625419147119845,0.40230456180769697,2.3785611098909136,2.9386756300348233
quadcopter,"at limit (wind .15, r x1.0)",position noise 2% r_min,vector_field,2009,True,0.22738376724724654,0.05519380208914552,0.20123642037054293,0.6131485935354516
quadcopter,"at limit (wind .15, r x1.0)",position noise 2% r_min,vector_field,2010,True,1.6355969986092338,0.5770589746408767,2.7374616271581784,2.2711540772044168
quadcopter,"at limit (wind .15, r x1.0)",position noise 2% r_min,vector_field,2011,True,0.11181429513755518,0.04715618176490162,0.13860682207759095,0.279656820555978
quadcopter,"at limit (wind .15, r x1.0)",position noise 2% r_min,lead_vf,2000,True,0.14283839644561586,0.0909055899682221,0.22544686672503464,0.16231900608874517
quadcopter,"at limit (wind .15, r x1.0)",position noise 2% r_min,lead_vf,2001,True,0.6687147925993642,0.2565779797256362,1.120854373525941,1.0419974554263736
quadcopter,"at limit (wind .15, r x1.0)",position noise 2% r_min,lead_vf,2002,True,0.7505482446049918,0.34501682332329026,1.2642291379991162,0.8049020920709145
quadcopter,"at limit (wind .15, r x1.0)",position noise 2% r_min,lead_vf,2003,True,0.1482124432856044,0.09735273970268771,0.17604499059345463,0.23349284485669608
quadcopter,"at limit (wind .15, r x1.0)",position noise 2% r_min,lead_vf,2004,True,0.7331849147947713,0.31436627739681705,1.2324774755642707,1.1528452737192656
quadcopter,"at limit (wind .15, r x1.0)",position noise 2% r_min,lead_vf,2005,True,0.2593029833404946,0.12790679482996392,0.4267030887415748,0.3939457015016034
quadcopter,"at limit (wind .15, r x1.0)",position noise 2% r_min,lead_vf,2006,True,0.5983510393167683,0.2468635764118621,1.0266605524154726,0.654456643373823
quadcopter,"at limit (wind .15, r x1.0)",position noise 2% r_min,lead_vf,2007,True,0.32505686185422566,0.15175811704650413,0.5458536089941832,0.4486474775377904
quadcopter,"at limit (wind .15, r x1.0)",position noise 2% r_min,lead_vf,2008,True,0.6736502176767455,0.2692605128123246,1.0709328454425484,0.8280488771031423
quadcopter,"at limit (wind .15, r x1.0)",position noise 2% r_min,lead_vf,2009,True,0.1412695366095722,0.10519443327752392,0.1808274139858869,0.2215301304692007
quadcopter,"at limit (wind .15, r x1.0)",position noise 2% r_min,lead_vf,2010,True,0.6885243730605793,0.28327544987101577,1.1724057465913413,0.8552398942898025
quadcopter,"at limit (wind .15, r x1.0)",position noise 2% r_min,lead_vf,2011,True,0.12880454637745903,0.08407557079109819,0.19754676465410614,0.18075977670574916
quadcopter,"at limit (wind .15, r x1.0)",position noise 2% r_min,adaptive_vf,2000,True,0.5151764115710799,0.12278120483345699,0.7568362321553641,1.1433906717465945
quadcopter,"at limit (wind .15, r x1.0)",position noise 2% r_min,adaptive_vf,2001,True,1.2419580882200483,0.2816229477746168,1.925296244116376,2.441462403782017
quadcopter,"at limit (wind .15, r x1.0)",position noise 2% r_min,adaptive_vf,2002,True,1.7639677209806799,0.5589644304779022,2.7221686224923975,2.6553227363820877
quadcopter,"at limit (wind .15, r x1.0)",position noise 2% r_min,adaptive_vf,2003,True,0.1517065125072007,0.059972530569378825,0.1049418755479239,0.3352852462210973
quadcopter,"at limit (wind .15, r x1.0)",position noise 2% r_min,adaptive_vf,2004,True,1.51954940883394,0.42074332721132607,2.382963821255625,3.056261632277772
quadcopter,"at limit (wind .15, r x1.0)",position noise 2% r_min,adaptive_vf,2005,True,0.5517704374780512,0.17271215986964455,0.8773094597940145,1.096888940182413
quadcopter,"at limit (wind .15, r x1.0)",position noise 2% r_min,adaptive_vf,2006,True,1.5437450464204623,0.416499337535583,2.352519040439969,2.3903235863139045
quadcopter,"at limit (wind .15, r x1.0)",position noise 2% r_min,adaptive_vf,2007,True,0.811103903230756,0.28589980479751836,1.334663512785029,1.3065945067586606
quadcopter,"at limit (wind .15, r x1.0)",position noise 2% r_min,adaptive_vf,2008,True,1.8120180170069047,0.5339079568247426,2.414187265186468,2.9942756769875167
quadcopter,"at limit (wind .15, r x1.0)",position noise 2% r_min,adaptive_vf,2009,True,0.2161832719471271,0.07087029205477338,0.17496663883423666,0.5831416945688972
quadcopter,"at limit (wind .15, r x1.0)",position noise 2% r_min,adaptive_vf,2010,True,1.588680952803953,0.5173084747671715,2.6798375450828797,2.201874893606818
quadcopter,"at limit (wind .15, r x1.0)",position noise 2% r_min,adaptive_vf,2011,True,0.12745143866803607,0.055460453409689706,0.14901828734702732,0.327656535838686
quadcopter,"at limit (wind .15, r x1.0)",position noise 2% r_min,carrot_chasing,2000,True,0.09398658826507363,0.04854898009146591,0.07854476101006802,0.26959608084531084
quadcopter,"at limit (wind .15, r x1.0)",position noise 2% r_min,carrot_chasing,2001,True,0.5559720973981468,0.07526094084923318,0.962948565881077,0.9450642807048992
quadcopter,"at limit (wind .15, r x1.0)",position noise 2% r_min,carrot_chasing,2002,True,0.683265182176313,0.14737000640664888,1.1829762464140576,0.8523386289636417
quadcopter,"at limit (wind .15, r x1.0)",position noise 2% r_min,carrot_chasing,2003,True,0.15601910328508445,0.0513772413776524,0.11420861532815385,0.3531465432544755
quadcopter,"at limit (wind .15, r x1.0)",position noise 2% r_min,carrot_chasing,2004,True,0.7585425414706513,0.15904806297223847,1.3128484688297828,1.338703490049668
quadcopter,"at limit (wind .15, r x1.0)",position noise 2% r_min,carrot_chasing,2005,True,0.14090903664686613,0.06204180470448067,0.19315172710402068,0.331505161175857
quadcopter,"at limit (wind .15, r x1.0)",position noise 2% r_min,carrot_chasing,2006,True,0.5240370999648062,0.08471766604027263,0.9170945299399376,0.6571583961804098
quadcopter,"at limit (wind .15, r x1.0)",position noise 2% r_min,carrot_chasing,2007,True,0.2404515362504773,0.061247837441767344,0.38381960389400355,0.4516649358089122
quadcopter,"at limit (wind .15, r x1.0)",position noise 2% r_min,carrot_chasing,2008,True,0.5951267799034414,0.08706611011601713,0.9626300796901092,0.8082348772339559
quadcopter,"at limit (wind .15, r x1.0)",position noise 2% r_min,carrot_chasing,2009,True,0.13199822465255565,0.05114162845069402,0.11519670577127364,0.35340000998194954
quadcopter,"at limit (wind .15, r x1.0)",position noise 2% r_min,carrot_chasing,2010,True,0.46247686327146603,0.06909544416148694,0.827888282902498,0.6032095180869554
quadcopter,"at limit (wind .15, r x1.0)",position noise 2% r_min,carrot_chasing,2011,True,0.09725174771143306,0.04748112195497457,0.09451888728550659,0.2689354629608723
quadcopter,"at limit (wind .15, r x1.0)",velocity noise 5%,pure_pursuit,2000,True,0.16659983505508316,0.10589036687082133,0.24890212767642628,0.24320711717879698
quadcopter,"at limit (wind .15, r x1.0)",velocity noise 5%,pure_pursuit,2001,True,0.7112952990007327,0.194972500394148,1.215595676692406,1.1657426556388262
quadcopter,"at limit (wind .15, r x1.0)",velocity noise 5%,pure_pursuit,2002,True,0.7842359789173531,0.3130198447331672,1.3369656314447609,0.8784538119748903
quadcopter,"at limit (wind .15, r x1.0)",velocity noise 5%,pure_pursuit,2003,True,0.18304224847724615,0.0999896128493528,0.248524561538995,0.2776693478619643
quadcopter,"at limit (wind .15, r x1.0)",velocity noise 5%,pure_pursuit,2004,True,0.773610585270396,0.2630071511572643,1.3301694819628926,1.259031866884533
quadcopter,"at limit (wind .15, r x1.0)",velocity noise 5%,pure_pursuit,2005,True,0.29183334100162217,0.1466375685840899,0.4626021720569307,0.4959572444105298
quadcopter,"at limit (wind .15, r x1.0)",velocity noise 5%,pure_pursuit,2006,True,0.6178011690888849,0.2150138983050104,1.064043035968424,0.7157273987056375
quadcopter,"at limit (wind .15, r x1.0)",velocity noise 5%,pure_pursuit,2007,True,0.3480489773001265,0.15385106742193005,0.5852123558417417,0.49703081987596665
quadcopter,"at limit (wind .15, r x1.0)",velocity noise 5%,pure_pursuit,2008,True,0.6923949572045771,0.2046125911005853,1.1197811751305835,0.8765761681676708
quadcopter,"at limit (wind .15, r x1.0)",velocity noise 5%,pure_pursuit,2009,True,0.18091431041078998,0.1255962747188581,0.2638134135226303,0.244365738859333
quadcopter,"at limit (wind .15, r x1.0)",velocity noise 5%,pure_pursuit,2010,True,0.5844464183601638,0.20997368047073686,1.021449854478369,0.6966492427675177
quadcopter,"at limit (wind .15, r x1.0)",velocity noise 5%,pure_pursuit,2011,True,0.1509755705039249,0.10234705084604674,0.2171620947275663,0.2382971719456272
quadcopter,"at limit (wind .15, r x1.0)",velocity noise 5%,l1,2000,True,0.16607279024504734,0.10567021414410921,0.24701034352093593,0.2461679140319618
quadcopter,"at limit (wind .15, r x1.0)",velocity noise 5%,l1,2001,True,0.6836865159485518,0.17060271747826133,1.1670368970592102,1.1398510293575421
quadcopter,"at limit (wind .15, r x1.0)",velocity noise 5%,l1,2002,True,0.7507434016521131,0.28042617545643905,1.2903388385438712,0.834459717928348
quadcopter,"at limit (wind .15, r x1.0)",velocity noise 5%,l1,2003,True,0.1836457535329526,0.1001645548893708,0.2450649418344204,0.2847468812932088
quadcopter,"at limit (wind .15, r x1.0)",velocity noise 5%,l1,2004,True,0.7458549576102022,0.23177129062966387,1.2982549109825503,1.2021068473976237
quadcopter,"at limit (wind .15, r x1.0)",velocity noise 5%,l1,2005,True,0.28419281850115036,0.14710535174565945,0.44447733379839677,0.490295048715029
quadcopter,"at limit (wind .15, r x1.0)",velocity noise 5%,l1,2006,True,0.589396209397207,0.20335537874920553,1.0173439714730705,0.6823589315173397
quadcopter,"at limit (wind .15, r x1.0)",velocity noise 5%,l1,2007,True,0.34225169048712767,0.15014123259800907,0.5716207821539657,0.5037217244204513
quadcopter,"at limit (wind .15, r x1.0)",velocity noise 5%,l1,2008,True,0.6598175826926699,0.1874860469366405,1.0690463962535417,0.8366105650759866
quadcopter,"at limit (wind .15, r x1.0)",velocity noise 5%,l1,2009,True,0.18133567462524602,0.12611379424433988,0.26126759395679616,0.2521869122794233
quadcopter,"at limit (wind .15, r x1.0)",velocity noise 5%,l1,2010,True,0.5613654422087768,0.1935183514299913,0.982716241889081,0.6821221104939046
quadcopter,"at limit (wind .15, r x1.0)",velocity noise 5%,l1,2011,True,0.1504463319766228,0.10188931557907487,0.21572371125393866,0.23996587618740114
quadcopter,"at limit (wind .15, r x1.0)",velocity noise 5%,vector_field,2000,True,0.5590077826192114,0.1085814026055096,0.82392401908498,1.253688021203324
quadcopter,"at limit (wind .15, r x1.0)",velocity noise 5%,vector_field,2001,True,1.265129729139582,0.26543836748062033,1.9778402427989488,2.4733788484772554
quadcopter,"at limit (wind .15, r x1.0)",velocity noise 5%,vector_field,2002,True,1.6745041808417802,0.5514289787677926,2.6157641246130603,2.4539736670268044
quadcopter,"at limit (wind .15, r x1.0)",velocity noise 5%,vector_field,2003,True,0.16856227901201495,0.06643006163820409,0.09249943181297014,0.3815403989710794
quadcopter,"at limit (wind .15, r x1.0)",velocity noise 5%,vector_field,2004,True,1.5932424125281923,0.4991804704992294,2.488312885383063,3.159279930774891
quadcopter,"at limit (wind .15, r x1.0)",velocity noise 5%,vector_field,2005,True,0.5564290131332541,0.10066161587400524,0.9036336895200303,1.1311048953660203
quadcopter,"at limit (wind .15, r x1.0)",velocity noise 5%,vector_field,2006,True,1.5649658577230396,0.3522478804881752,2.4191638253201417,2.4197312318775017
quadcopter,"at limit (wind .15, r x1.0)",velocity noise 5%,vector_field,2007,True,0.8231927493566379,0.16054544844376073,1.4024061078982974,1.348576766230367
quadcopter,"at limit (wind .15, r x1.0)",velocity noise 5%,vector_field,2008,True,1.8143213742365758,0.42634762566687556,2.4794738188087226,2.9874889481078863
quadcopter,"at limit (wind .15, r x1.0)",velocity noise 5%,vector_field,2009,True,0.23705969556267137,0.06987012189248365,0.2134078340596138,0.6290947200971331
quadcopter,"at limit (wind .15, r x1.0)",velocity noise 5%,vector_field,2010,True,1.5939771824004203,0.5494975542211855,2.669649664061652,2.2234708449784044
quadcopter,"at limit (wind .15, r x1.0)",velocity noise 5%,vector_field,2011,True,0.14353744891079162,0.05984195335046305,0.1591837486449603,0.38281918606939896
quadcopter,"at limit (wind .15, r x1.0)",velocity noise 5%,lead_vf,2000,True,0.1694148780218414,0.11304451836714406,0.26515393370267093,0.17480572809902614
quadcopter,"at limit (wind .15, r x1.0)",velocity noise 5%,lead_vf,2001,True,0.730120368296028,0.27619363841200184,1.2180888115366344,1.164472476207864
quadcopter,"at limit (wind .15, r x1.0)",velocity noise 5%,lead_vf,2002,True,0.8172245620698648,0.3899255077982772,1.3573104043018642,0.9010474441714622
quadcopter,"at limit (wind .15, r x1.0)",velocity noise 5%,lead_vf,2003,True,0.19396920784048408,0.13179648182339437,0.2628861881540772,0.2526041100822042
quadcopter,"at limit (wind .15, r x1.0)",velocity noise 5%,lead_vf,2004,True,0.8011016364471568,0.3615120460797493,1.3266754608676639,1.2737435470087672
quadcopter,"at limit (wind .15, r x1.0)",velocity noise 5%,lead_vf,2005,True,0.29201754529362584,0.1524353875409077,0.47768710044417395,0.4318229293106727
quadcopter,"at limit (wind .15, r x1.0)",velocity noise 5%,lead_vf,2006,True,0.6589399356742093,0.2814418912889325,1.1217907826094269,0.723430540359861
quadcopter,"at limit (wind .15, r x1.0)",velocity noise 5%,lead_vf,2007,True,0.34462480158129594,0.1748062604409999,0.5837112314847116,0.4293736395524315
quadcopter,"at limit (wind .15, r x1.0)",velocity noise 5%,lead_vf,2008,True,0.7750941702670099,0.31963562259456496,1.2088511838282097,0.982175295152093
quadcopter,"at limit (wind .15, r x1.0)",velocity noise 5%,lead_vf,2009,True,0.1774572351099322,0.14111825712785092,0.24087523737526545,0.21689861541145647
quadcopter,"at limit (wind .15, r x1.0)",velocity noise 5%,lead_vf,2010,True,0.7517356034813022,0.3285602813391867,1.2702010495399298,0.9269813378414306
quadcopter,"at limit (wind .15, r x1.0)",velocity noise 5%,lead_vf,2011,True,0.15478697075989178,0.09984421223267623,0.23526662897014405,0.22876179055562093
quadcopter,"at limit (wind .15, r x1.0)",velocity noise 5%,adaptive_vf,2000,True,0.5298032486687999,0.12581710590592857,0.800721775129235,1.129025832643583
quadcopter,"at limit (wind .15, r x1.0)",velocity noise 5%,adaptive_vf,2001,True,1.2582132191829178,0.29406829823770947,1.9509994105921944,2.4719225824868745
quadcopter,"at limit (wind .15, r x1.0)",velocity noise 5%,adaptive_vf,2002,True,1.7195255751190683,0.5406463824679515,2.674566542753162,2.567782626763501
quadcopter,"at limit (wind .15, r x1.0)",velocity noise 5%,adaptive_vf,2003,True,0.17016496154791058,0.06972435463332352,0.10581424590646667,0.37944379201088557
quadcopter,"at limit (wind .15, r x1.0)",velocity noise 5%,adaptive_vf,2004,True,1.5631416834842389,0.44483126325463496,2.4541945861963694,3.1300120561305773
quadcopter,"at limit (wind .15, r x1.0)",velocity noise 5%,adaptive_vf,2005,True,0.5854336046515841,0.18059892677156542,0.9270349959874863,1.170519723006887
quadcopter,"at limit (wind .15, r x1.0)",velocity noise 5%,adaptive_vf,2006,True,1.5878231982685012,0.4558539614991803,2.3930621007207327,2.479226111798236
quadcopter,"at limit (wind .15, r x1.0)",velocity noise 5%,adaptive_vf,2007,True,0.8545266544284507,0.28885753460291747,1.419415584985748,1.3583816244436464
quadcopter,"at limit (wind .15, r x1.0)",velocity noise 5%,adaptive_vf,2008,True,1.8149178471297567,0.5207199688129666,2.4328649004686316,3.002499643817435
quadcopter,"at limit (wind .15, r x1.0)",velocity noise 5%,adaptive_vf,2009,True,0.23630747521879758,0.07950001300494272,0.2078070974833328,0.6249403004263588
quadcopter,"at limit (wind .15, r x1.0)",velocity noise 5%,adaptive_vf,2010,True,1.541075842199699,0.4940207309249241,2.604532107200332,2.1449809728172538
quadcopter,"at limit (wind .15, r x1.0)",velocity noise 5%,adaptive_vf,2011,True,0.14208269640317672,0.06399583812709837,0.1650559595959901,0.3640767028269106
quadcopter,"at limit (wind .15, r x1.0)",velocity noise 5%,carrot_chasing,2000,True,0.09145951682575282,0.055668985799941485,0.08191053240548182,0.24146398397036087
quadcopter,"at limit (wind .15, r x1.0)",velocity noise 5%,carrot_chasing,2001,True,0.5931971236250593,0.07804115762166665,1.0190415303699496,1.0287823967540137
quadcopter,"at limit (wind .15, r x1.0)",velocity noise 5%,carrot_chasing,2002,True,0.717210638931375,0.16415851221066016,1.2398988429702804,0.8917587861106955
quadcopter,"at limit (wind .15, r x1.0)",velocity noise 5%,carrot_chasing,2003,True,0.13696281764579032,0.058815882924691615,0.10518425413381094,0.29865660788963466
quadcopter,"at limit (wind .15, r x1.0)",velocity noise 5%,carrot_chasing,2004,True,0.7927180246221561,0.16667489418319031,1.373190999025449,1.3862455869550434
quadcopter,"at limit (wind .15, r x1.0)",velocity noise 5%,carrot_chasing,2005,True,0.154195643523614,0.07119795926078819,0.22271055795264966,0.3306749936153443
quadcopter,"at limit (wind .15, r x1.0)",velocity noise 5%,carrot_chasing,2006,True,0.5637976023353266,0.09367867866400675,0.9829996192990944,0.7098857981391684
quadcopter,"at limit (wind .15, r x1.0)",velocity noise 5%,carrot_chasing,2007,True,0.25055547007162404,0.06765111947285067,0.4164260140631898,0.43232286889819904
quadcopter,"at limit (wind .15, r x1.0)",velocity noise 5%,carrot_chasing,2008,True,0.6455038195994589,0.09425554726707025,1.029750744468188,0.9070773781522873
quadcopter,"at limit (wind .15, r x1.0)",velocity noise 5%,carrot_chasing,2009,True,0.12003580188904665,0.058362107233889314,0.10980763249749234,0.3042561772148166
quadcopter,"at limit (wind .15, r x1.0)",velocity noise 5%,carrot_chasing,2010,True,0.48100349312208873,0.07501809526199621,0.8581367784737607,0.6358920500594332
quadcopter,"at limit (wind .15, r x1.0)",velocity noise 5%,carrot_chasing,2011,True,0.09261768109300883,0.05409819865624392,0.08904909193865782,0.24142489726570923
quadcopter,"at limit (wind .15, r x1.0)",sensor delay 0.2 s,pure_pursuit,2000,True,0.1362538588609464,0.10451142914763425,0.19140934423153808,0.1608880220120565
quadcopter,"at limit (wind .15, r x1.0)",sensor delay 0.2 s,pure_pursuit,2001,True,0.7846086737274064,0.1892402190500966,1.3105563776940574,1.3819402099231626
quadcopter,"at limit (wind .15, r x1.0)",sensor delay 0.2 s,pure_pursuit,2002,True,0.9152432524233026,0.3135043888109104,1.5556965368541558,1.1085246750306619
quadcopter,"at limit (wind .15, r x1.0)",sensor delay 0.2 s,pure_pursuit,2003,True,0.13637571705261647,0.08823645819044254,0.1708128460437063,0.20594435519435034
quadcopter,"at limit (wind .15, r x1.0)",sensor delay 0.2 s,pure_pursuit,2004,True,0.8276258649764505,0.23726413494096393,1.4272479528928441,1.4075104904972389
quadcopter,"at limit (wind .15, r x1.0)",sensor delay 0.2 s,pure_pursuit,2005,True,0.3007011687997264,0.12604435466791136,0.48398921156107405,0.5450462145098354
quadcopter,"at limit (wind .15, r x1.0)",sensor delay 0.2 s,pure_pursuit,2006,True,0.7004934808825771,0.17375064983895883,1.2045861306589296,0.8867152365493884
quadcopter,"at limit (wind .15, r x1.0)",sensor delay 0.2 s,pure_pursuit,2007,True,0.3847866060105395,0.14233799143625062,0.6623160821295877,0.5592684093679193
quadcopter,"at limit (wind .15, r x1.0)",sensor delay 0.2 s,pure_pursuit,2008,True,0.7703948138971118,0.19450993299414843,1.2264753935448334,1.031417150336935
quadcopter,"at limit (wind .15, r x1.0)",sensor delay 0.2 s,pure_pursuit,2009,True,0.14234856299373805,0.11105483552637296,0.2002171561236168,0.1656894317303157
quadcopter,"at limit (wind .15, r x1.0)",sensor delay 0.2 s,pure_pursuit,2010,True,0.6670970141905955,0.1882319872885838,1.1744289435639708,0.8490515034428953
quadcopter,"at limit (wind .15, r x1.0)",sensor delay 0.2 s,pure_pursuit,2011,True,0.13328741702652283,0.11384770928363663,0.16293713805678178,0.1819395002826364
quadcopter,"at limit (wind .15, r x1.0)",sensor delay 0.2 s,l1,2000,True,0.13606249660247183,0.10387277549250679,0.19208509703817767,0.15954330734665328
quadcopter,"at limit (wind .15, r x1.0)",sensor delay 0.2 s,l1,2001,True,0.7697763913166302,0.1720173704903859,1.2912368203820892,1.358549823045073
quadcopter,"at limit (wind .15, r x1.0)",sensor delay 0.2 s,l1,2002,True,0.8895981957586034,0.2897040463609452,1.5273754083877984,1.058581854191009
quadcopter,"at limit (wind .15, r x1.0)",sensor delay 0.2 s,l1,2003,True,0.1364689396449863,0.08803372787950943,0.16845618117012645,0.20976483817775968
quadcopter,"at limit (wind .15, r x1.0)",sensor delay 0.2 s,l1,2004,True,0.8029247148561417,0.20843469816259594,1.389848590689785,1.3792697433311858
quadcopter,"at limit (wind .15, r x1.0)",sensor delay 0.2 s,l1,2005,True,0.2984303256094976,0.12666215790531174,0.4782673390304448,0.5434760817987515
quadcopter,"at limit (wind .15, r x1.0)",sensor delay 0.2 s,l1,2006,True,0.6778500949924182,0.16820561869383283,1.165073371271711,0.8570764399304119
quadcopter,"at limit (wind .15, r x1.0)",sensor delay 0.2 s,l1,2007,True,0.37109083903989215,0.13839650571459652,0.6426387419131514,0.5259158201362351
quadcopter,"at limit (wind .15, r x1.0)",sensor delay 0.2 s,l1,2008,True,0.7382577050146406,0.18657674785603406,1.1768204018149107,0.9881589546142783
quadcopter,"at limit (wind .15, r x1.0)",sensor delay 0.2 s,l1,2009,True,0.14314942631566846,0.11102264326974019,0.20224220101873044,0.16703976204264936
quadcopter,"at limit (wind .15, r x1.0)",sensor delay 0.2 s,l1,2010,True,0.6569055954814947,0.18419131877540512,1.1553955799531477,0.8450963196515651
quadcopter,"at limit (wind .15, r x1.0)",sensor delay 0.2 s,l1,2011,True,0.13302252508458867,0.11383789631771586,0.16080915223669281,0.18491802865524984
quadcopter,"at limit (wind .15, r x1.0)",sensor delay 0.2 s,vector_field,2000,True,0.6563854556345703,0.10253693810050327,0.915806560405455,1.5681985147245916
quadcopter,"at limit (wind .15, r x1.0)",sensor delay 0.2 s,vector_field,2001,True,1.4752407439995483,0.2870175517123246,2.2964605213290845,2.884266343740853
quadcopter,"at limit (wind .15, r x1.0)",sensor delay 0.2 s,vector_field,2002,True,1.8606701029544337,0.5498289837528261,2.866430061513435,2.822289577873514
quadcopter,"at limit (wind .15, r x1.0)",sensor delay 0.2 s,vector_field,2003,True,0.2967167781899471,0.06381817929124468,0.17575161902577305,0.6886464552011206
quadcopter,"at limit (wind .15, r x1.0)",sensor delay 0.2 s,vector_field,2004,True,1.8461821028666845,0.5490613009560382,2.8490735051441614,3.727604256392218
quadcopter,"at limit (wind .15, r x1.0)",sensor delay 0.2 s,vector_field,2005,True,0.9872694683395798,0.24012081910574007,1.6055972081644656,1.9204768618807107
quadcopter,"at limit (wind .15, r x1.0)",sensor delay 0.2 s,vector_field,2006,True,2.0259504365043086,0.44117954328383524,3.042280514299053,3.2123321622318324
quadcopter,"at limit (wind .15, r x1.0)",sensor delay 0.2 s,vector_field,2007,True,1.2981784941017254,0.3188253828821119,2.1709123884389636,2.1292471491576657
quadcopter,"at limit (wind .15, r x1.0)",sensor delay 0.2 s,vector_field,2008,True,2.1455432172143643,0.46548585570911893,2.811880144009745,3.6330483212136007
quadcopter,"at limit (wind .15, r x1.0)",sensor delay 0.2 s,vector_field,2009,True,0.34881511506414764,0.06992924825872654,0.3206075722994153,0.9318018937624635
quadcopter,"at limit (wind .15, r x1.0)",sensor delay 0.2 s,vector_field,2010,True,2.0919514642766996,0.8493451301995119,3.4558389790428876,2.8478869857651765
quadcopter,"at limit (wind .15, r x1.0)",sensor delay 0.2 s,vector_field,2011,True,0.20542155796936779,0.06590683645124912,0.24986768976511342,0.5396354754872489
quadcopter,"at limit (wind .15, r x1.0)",sensor delay 0.2 s,lead_vf,2000,True,0.20000204964042387,0.09793153976733317,0.33456070894907913,0.26226102279554914
quadcopter,"at limit (wind .15, r x1.0)",sensor delay 0.2 s,lead_vf,2001,True,0.8421767743259064,0.2800813748117424,1.3525193888788474,1.5159014649892733
quadcopter,"at limit (wind .15, r x1.0)",sensor delay 0.2 s,lead_vf,2002,True,0.8856622052731578,0.3373991829821631,1.4885610189724279,1.0629339027535283
quadcopter,"at limit (wind .15, r x1.0)",sensor delay 0.2 s,lead_vf,2003,True,0.11471844402906806,0.0896782642814928,0.13000685851256624,0.16235004663227817
quadcopter,"at limit (wind .15, r x1.0)",sensor delay 0.2 s,lead_vf,2004,True,0.8317600700503317,0.31044962838379153,1.4005281649976742,1.3929371641127952
quadcopter,"at limit (wind .15, r x1.0)",sensor delay 0.2 s,lead_vf,2005,True,0.3028524937510386,0.11579598758643608,0.5181381513615938,0.4761595001763773
quadcopter,"at limit (wind .15, r x1.0)",sensor delay 0.2 s,lead_vf,2006,True,0.6604044868042235,0.20530955930473824,1.1258398412218504,0.8207227627137939
quadcopter,"at limit (wind .15, r x1.0)",sensor delay 0.2 s,lead_vf,2007,True,0.3491311387852316,0.1323912050870931,0.612852901074542,0.46605671212998867
quadcopter,"at limit (wind .15, r x1.0)",sensor delay 0.2 s,lead_vf,2008,True,0.8543703395370905,0.2653375241962572,1.3120450825267893,1.1968397540283555
quadcopter,"at limit (wind .15, r x1.0)",sensor delay 0.2 s,lead_vf,2009,True,0.11736326557276763,0.09680215243771371,0.15998448592872216,0.12623891308941276
quadcopter,"at limit (wind .15, r x1.0)",sensor delay 0.2 s,lead_vf,2010,True,0.8907635005527116,0.2955929292693468,1.5196610977909932,1.2166592242821572
quadcopter,"at limit (wind .15, r x1.0)",sensor delay 0.2 s,lead_vf,2011,True,0.11185863006246871,0.09174509738916918,0.14541464450912067,0.1499561754488751
quadcopter,"at limit (wind .15, r x1.0)",sensor delay 0.2 s,adaptive_vf,2000,True,0.6521351950071613,0.1766755355065217,0.8977506682271463,1.5277460910669645
quadcopter,"at limit (wind .15, r x1.0)",sensor delay 0.2 s,adaptive_vf,2001,True,1.457220533141397,0.44135396877630334,2.235727083542079,2.788541071294502
quadcopter,"at limit (wind .15, r x1.0)",sensor delay 0.2 s,adaptive_vf,2002,True,1.8425420853720957,0.7565909934091657,2.733271581543876,2.772302814755445
quadcopter,"at limit (wind .15, r x1.0)",sensor delay 0.2 s,adaptive_vf,2003,True,0.33143133585841067,0.09814259299278294,0.2461362873669682,0.7356533300411449
quadcopter,"at limit (wind .15, r x1.0)",sensor delay 0.2 s,adaptive_vf,2004,True,1.7886730381844556,0.607223228044005,2.747477306369969,3.5753712663884376
quadcopter,"at limit (wind .15, r x1.0)",sensor delay 0.2 s,adaptive_vf,2005,True,1.2088351819712648,0.6847957645279337,1.8027823928561864,2.0531643752057267
quadcopter,"at limit (wind .15, r x1.0)",sensor delay 0.2 s,adaptive_vf,2006,True,2.0665038145632812,0.973532256326248,2.91576665388227,3.1415649862381803
quadcopter,"at limit (wind .15, r x1.0)",sensor delay 0.2 s,adaptive_vf,2007,True,1.3304997435833508,0.7562736602425509,2.042914913374661,1.9396540855097857
quadcopter,"at limit (wind .15, r x1.0)",sensor delay 0.2 s,adaptive_vf,2008,True,2.274889929481207,0.8195145601095153,2.8703817219602996,3.805571024485858
quadcopter,"at limit (wind .15, r x1.0)",sensor delay 0.2 s,adaptive_vf,2009,True,0.3729246745912399,0.12429456548345791,0.3865291564101454,0.9340244960004593
quadcopter,"at limit (wind .15, r x1.0)",sensor delay 0.2 s,adaptive_vf,2010,True,2.213281343783432,1.1146536734602912,3.5723519970292767,2.9137494646290185
quadcopter,"at limit (wind .15, r x1.0)",sensor delay 0.2 s,adaptive_vf,2011,True,0.22745406919836955,0.08303837076794172,0.28972846094097054,0.5703359061934157
quadcopter,"at limit (wind .15, r x1.0)",sensor delay 0.2 s,carrot_chasing,2000,True,0.14799065408439094,0.08013600634028017,0.16700563469279134,0.36641477304479547
quadcopter,"at limit (wind .15, r x1.0)",sensor delay 0.2 s,carrot_chasing,2001,True,0.5280999831946458,0.12087003737668027,0.8968029500386595,0.9016341968885121
quadcopter,"at limit (wind .15, r x1.0)",sensor delay 0.2 s,carrot_chasing,2002,True,0.7368621031950673,0.25358001745400977,1.2488006786293482,0.8935309989948228
quadcopter,"at limit (wind .15, r x1.0)",sensor delay 0.2 s,carrot_chasing,2003,True,0.16294572489090525,0.10306469141935758,0.15760944673351907,0.29877617148255364
quadcopter,"at limit (wind .15, r x1.0)",sensor delay 0.2 s,carrot_chasing,2004,True,1.0229899361434736,0.23377099763004916,1.683115293580978,2.0066497121836773
quadcopter,"at limit (wind .15, r x1.0)",sensor delay 0.2 s,carrot_chasing,2005,True,0.25579772009142576,0.1147940782165527,0.38411211693167685,0.5170301828667894
quadcopter,"at limit (wind .15, r x1.0)",sensor delay 0.2 s,carrot_chasing,2006,True,0.7053628694334934,0.15161417362632712,1.1678033212177128,0.993055435467578
quadcopter,"at limit (wind .15, r x1.0)",sensor delay 0.2 s,carrot_chasing,2007,True,0.32592404024687655,0.10968787014098996,0.5593139663637748,0.49250420095012143
quadcopter,"at limit (wind .15, r x1.0)",sensor delay 0.2 s,carrot_chasing,2008,True,0.6566036818124835,0.1284884423480148,1.0368372266967258,0.9209316164030023
quadcopter,"at limit (wind .15, r x1.0)",sensor delay 0.2 s,carrot_chasing,2009,True,0.1325166713308846,0.08482157109172506,0.15569781829876847,0.2657978932284254
quadcopter,"at limit (wind .15, r x1.0)",sensor delay 0.2 s,carrot_chasing,2010,True,0.5086274270104545,0.1280172749981726,0.8882596275576378,0.6850804621878555
quadcopter,"at limit (wind .15, r x1.0)",sensor delay 0.2 s,carrot_chasing,2011,True,0.14970130221380956,0.11116518362720959,0.15015087594179816,0.32799450199560576
quadcopter,"at limit (wind .15, r x1.0)",gusts x3 (std 75% of wind),pure_pursuit,2000,True,0.2889862637794597,0.27886806206155607,0.2942093093907424,0.34521386572170176
quadcopter,"at limit (wind .15, r x1.0)",gusts x3 (std 75% of wind),pure_pursuit,2001,True,0.8337463065733325,0.3596035811068835,1.2585111787769838,1.548640104126703
quadcopter,"at limit (wind .15, r x1.0)",gusts x3 (std 75% of wind),pure_pursuit,2002,True,0.9503020599370074,0.3623128807631766,1.4124623236999738,1.518195871930278
quadcopter,"at limit (wind .15, r x1.0)",gusts x3 (std 75% of wind),pure_pursuit,2003,True,0.30959954273303153,0.26516698884071216,0.3685049358097303,0.35410721423272534
quadcopter,"at limit (wind .15, r x1.0)",gusts x3 (std 75% of wind),pure_pursuit,2004,True,1.1894275068480937,0.5929369985820713,1.9643502351885656,1.8763900909728846
quadcopter,"at limit (wind .15, r x1.0)",gusts x3 (std 75% of wind),pure_pursuit,2005,True,0.4346825758525039,0.3289899762208311,0.5731989467037796,0.6912412076721365
quadcopter,"at limit (wind .15, r x1.0)",gusts x3 (std 75% of wind),pure_pursuit,2006,True,1.142668911104765,0.46821555053506847,1.7712410255050564,1.5887105421112364
quadcopter,"at limit (wind .15, r x1.0)",gusts x3 (std 75% of wind),pure_pursuit,2007,True,0.614658976271742,0.40445127035691164,0.940299531477739,0.7718773007493673
quadcopter,"at limit (wind .15, r x1.0)",gusts x3 (std 75% of wind),pure_pursuit,2008,True,0.8856926593201095,0.3635226168799532,1.3945217694488294,1.1186848691871518
quadcopter,"at limit (wind .15, r x1.0)",gusts x3 (std 75% of wind),pure_pursuit,2009,True,0.36215781773591876,0.2981652179745194,0.5035901140606898,0.37295378334671436
quadcopter,"at limit (wind .15, r x1.0)",gusts x3 (std 75% of wind),pure_pursuit,2010,True,1.8718021597736005,1.105419100520269,3.022859695019599,2.0184594234910502
quadcopter,"at limit (wind .15, r x1.0)",gusts x3 (std 75% of wind),pure_pursuit,2011,True,0.29328954884532016,0.26632481935001384,0.3475151530182304,0.34630702863929985
quadcopter,"at limit (wind .15, r x1.0)",gusts x3 (std 75% of wind),l1,2000,True,0.28915456085563657,0.2788877952687081,0.2940564860625519,0.3471553761037968
quadcopter,"at limit (wind .15, r x1.0)",gusts x3 (std 75% of wind),l1,2001,True,0.8165761321639907,0.34480788945738094,1.2287537446180228,1.535327870701227
quadcopter,"at limit (wind .15, r x1.0)",gusts x3 (std 75% of wind),l1,2002,True,0.9351252870934362,0.35477660158014873,1.3861295991209157,1.5062658083468174
quadcopter,"at limit (wind .15, r x1.0)",gusts x3 (std 75% of wind),l1,2003,True,0.3070341260634061,0.26482900240473695,0.36159934030715346,0.352103211145713
quadcopter,"at limit (wind .15, r x1.0)",gusts x3 (std 75% of wind),l1,2004,True,1.1438003393264764,0.5455227758579563,1.9188891779698232,1.7816669302260888
quadcopter,"at limit (wind .15, r x1.0)",gusts x3 (std 75% of wind),l1,2005,True,0.43054500838844256,0.3296101570527748,0.5646544245637357,0.6785934441673179
quadcopter,"at limit (wind .15, r x1.0)",gusts x3 (std 75% of wind),l1,2006,True,1.1099821362378055,0.45669360043575374,1.7286713447619821,1.5313336776465158
quadcopter,"at limit (wind .15, r x1.0)",gusts x3 (std 75% of wind),l1,2007,True,0.6013328897802562,0.3912786597309541,0.9193729823667146,0.7675813154434222
quadcopter,"at limit (wind .15, r x1.0)",gusts x3 (std 75% of wind),l1,2008,True,0.8591223852134762,0.3551943803313652,1.346855870006194,1.0945602314293288
quadcopter,"at limit (wind .15, r x1.0)",gusts x3 (std 75% of wind),l1,2009,True,0.3622702655031664,0.29891810859592477,0.4982316858585783,0.384149165705694
quadcopter,"at limit (wind .15, r x1.0)",gusts x3 (std 75% of wind),l1,2010,True,1.9504085837309126,1.3144269042957768,3.015240653186968,2.0190786522884197
quadcopter,"at limit (wind .15, r x1.0)",gusts x3 (std 75% of wind),l1,2011,True,0.2923913099234053,0.2659079880193583,0.3449603743354878,0.3468292537383212
quadcopter,"at limit (wind .15, r x1.0)",gusts x3 (std 75% of wind),vector_field,2000,True,0.6347470213884238,0.17455575871660928,1.0783943623732488,1.0378381352188213
quadcopter,"at limit (wind .15, r x1.0)",gusts x3 (std 75% of wind),vector_field,2001,True,1.4574719555093727,0.3347614554531242,2.1093256264331828,3.113827212632731
quadcopter,"at limit (wind .15, r x1.0)",gusts x3 (std 75% of wind),vector_field,2002,True,1.452375676035027,0.30600930712841795,2.0310066018364608,2.6057181465348678
quadcopter,"at limit (wind .15, r x1.0)",gusts x3 (std 75% of wind),vector_field,2003,True,0.21914630266879281,0.12164231058604513,0.28909216826356693,0.332101615895962
quadcopter,"at limit (wind .15, r x1.0)",gusts x3 (std 75% of wind),vector_field,2004,True,1.913884618614012,0.8113923972123656,3.0112684513279286,3.5905412124201685
quadcopter,"at limit (wind .15, r x1.0)",gusts x3 (std 75% of wind),vector_field,2005,True,1.1543253611392488,0.6926053036990057,1.7919995846636991,1.6721180385866548
quadcopter,"at limit (wind .15, r x1.0)",gusts x3 (std 75% of wind),vector_field,2006,True,1.4011567656747943,0.2456371028917528,1.9976100270175536,2.3780055881476128
quadcopter,"at limit (wind .15, r x1.0)",gusts x3 (std 75% of wind),vector_field,2007,True,1.1036674606080124,0.5187300520840007,1.7673073921771951,1.6533037669907948
quadcopter,"at limit (wind .15, r x1.0)",gusts x3 (std 75% of wind),vector_field,2008,True,2.362395584709215,0.6528124929449681,3.180026470488247,3.912836737119254
quadcopter,"at limit (wind .15, r x1.0)",gusts x3 (std 75% of wind),vector_field,2009,True,0.35707256030917456,0.11899234380741132,0.4721591444947196,0.7919710980179452
quadcopter,"at limit (wind .15, r x1.0)",gusts x3 (std 75% of wind),vector_field,2010,True,2.6225954295720735,1.5716844985386649,4.124790301775706,3.0136494272888146
quadcopter,"at limit (wind .15, r x1.0)",gusts x3 (std 75% of wind),vector_field,2011,True,0.185828224528271,0.12083821727876369,0.23356151572598974,0.3899617829050045
quadcopter,"at limit (wind .15, r x1.0)",gusts x3 (std 75% of wind),lead_vf,2000,True,0.26024238590377363,0.2432637245292173,0.30110571084879967,0.2613651349371847
quadcopter,"at limit (wind .15, r x1.0)",gusts x3 (std 75% of wind),lead_vf,2001,True,0.8481844737999761,0.419394738085425,1.276878352105672,1.4903389865888803
quadcopter,"at limit (wind .15, r x1.0)",gusts x3 (std 75% of wind),lead_vf,2002,True,1.1136942491701018,0.4177625700014795,1.6134958390336678,1.8462159406211252
quadcopter,"at limit (wind .15, r x1.0)",gusts x3 (std 75% of wind),lead_vf,2003,True,0.3125996284234001,0.26699835628491525,0.3823500999576268,0.3414243709926705
quadcopter,"at limit (wind .15, r x1.0)",gusts x3 (std 75% of wind),lead_vf,2004,True,1.2277555707089876,0.6986385819609869,1.9536099565338998,1.9014726724247426
quadcopter,"at limit (wind .15, r x1.0)",gusts x3 (std 75% of wind),lead_vf,2005,True,0.41331218070394576,0.2973630027744503,0.5932340060692779,0.5840348789237294
quadcopter,"at limit (wind .15, r x1.0)",gusts x3 (std 75% of wind),lead_vf,2006,True,1.2011550615519364,0.44765351279032867,1.8507666068445199,1.7376516255100078
quadcopter,"at limit (wind .15, r x1.0)",gusts x3 (std 75% of wind),lead_vf,2007,True,0.6040283472799243,0.37900231078355623,0.9518570838344964,0.7414503434918895
quadcopter,"at limit (wind .15, r x1.0)",gusts x3 (std 75% of wind),lead_vf,2008,True,0.9627667382150197,0.4219646507869904,1.51325664460747,1.185639405558662
quadcopter,"at limit (wind .15, r x1.0)",gusts x3 (std 75% of wind),lead_vf,2009,True,0.3294988843179665,0.2677941160724872,0.4772387404966536,0.2951947638083858
quadcopter,"at limit (wind .15, r x1.0)",gusts x3 (std 75% of wind),lead_vf,2010,True,2.3470645853662937,1.4906379038397526,3.6134126524597465,2.727127921419901
quadcopter,"at limit (wind .15, r x1.0)",gusts x3 (std 75% of wind),lead_vf,2011,True,0.26915132754627885,0.23606414298552278,0.3422522811464125,0.30323223167933827
quadcopter,"at limit (wind .15, r x1.0)",gusts x3 (std 75% of wind),adaptive_vf,2000,True,0.6257617720569635,0.16773073478623027,1.0889092056848362,0.9480560673084759
quadcopter,"at limit (wind .15, r x1.0)",gusts x3 (std 75% of wind),adaptive_vf,2001,True,1.4340866002398172,0.29696584181220054,2.0949449336980233,3.061181391885381
quadcopter,"at limit (wind .15, r x1.0)",gusts x3 (std 75% of wind),adaptive_vf,2002,True,1.428829691078075,0.44799070682342557,1.9457948894192634,2.546049497332746
quadcopter,"at limit (wind .15, r x1.0)",gusts x3 (std 75% of wind),adaptive_vf,2003,True,0.21610406887392364,0.13656178395292787,0.26700639444877217,0.3283088751476412
quadcopter,"at limit (wind .15, r x1.0)",gusts x3 (std 75% of wind),adaptive_vf,2004,True,1.8864078992867557,0.7233014908963925,3.0103997874377,3.589792773540614
quadcopter,"at limit (wind .15, r x1.0)",gusts x3 (std 75% of wind),adaptive_vf,2005,True,1.2890720111290406,0.8835379855349872,1.902695741776528,1.7638307307616403
quadcopter,"at limit (wind .15, r x1.0)",gusts x3 (std 75% of wind),adaptive_vf,2006,True,1.3126880940301608,0.5097556769793147,1.7712837508079158,2.189401555594196
quadcopter,"at limit (wind .15, r x1.0)",gusts x3 (std 75% of wind),adaptive_vf,2007,True,1.2052962854816138,0.734235198132627,1.8230262867606741,1.6850013880645407
quadcopter,"at limit (wind .15, r x1.0)",gusts x3 (std 75% of wind),adaptive_vf,2008,True,2.4119331964908737,0.7639906362390173,3.1340238357338817,4.0572747360305526
quadcopter,"at limit (wind .15, r x1.0)",gusts x3 (std 75% of wind),adaptive_vf,2009,True,0.37693485997075904,0.15061289292819047,0.46941407299627547,0.8449673395769758
quadcopter,"at limit (wind .15, r x1.0)",gusts x3 (std 75% of wind),adaptive_vf,2010,True,2.445660945273318,1.3799935038615208,3.9277242259327445,2.8631864672494998
quadcopter,"at limit (wind .15, r x1.0)",gusts x3 (std 75% of wind),adaptive_vf,2011,True,0.18645352735137433,0.1361075141847554,0.23220873058056335,0.35048790464783
quadcopter,"at limit (wind .15, r x1.0)",gusts x3 (std 75% of wind),carrot_chasing,2000,True,0.1285639647250124,0.08970759866210948,0.11288299042490182,0.30806787293005644
quadcopter,"at limit (wind .15, r x1.0)",gusts x3 (std 75% of wind),carrot_chasing,2001,True,0.6681938698724248,0.1260124331870522,1.0823004683998938,1.2780604964150784
quadcopter,"at limit (wind .15, r x1.0)",gusts x3 (std 75% of wind),carrot_chasing,2002,True,0.9643254603608311,0.18565268120089562,1.451206481329536,1.6578460978061598
quadcopter,"at limit (wind .15, r x1.0)",gusts x3 (std 75% of wind),carrot_chasing,2003,True,0.16669340000425797,0.09652020552414896,0.13664625185082946,0.3300594373758854
quadcopter,"at limit (wind .15, r x1.0)",gusts x3 (std 75% of wind),carrot_chasing,2004,True,1.2179833947821872,0.4482113629212827,2.0226816611469856,2.2215757687226727
quadcopter,"at limit (wind .15, r x1.0)",gusts x3 (std 75% of wind),carrot_chasing,2005,True,0.21742813246284257,0.09526759890356618,0.30734220197110623,0.49425452399639147
quadcopter,"at limit (wind .15, r x1.0)",gusts x3 (std 75% of wind),carrot_chasing,2006,True,0.9640795467128517,0.28256061036177554,1.4948208834955894,1.453252689155868
quadcopter,"at limit (wind .15, r x1.0)",gusts x3 (std 75% of wind),carrot_chasing,2007,True,0.42438494882446054,0.16126985886121498,0.7395360181867489,0.5694790075114525
quadcopter,"at limit (wind .15, r x1.0)",gusts x3 (std 75% of wind),carrot_chasing,2008,True,0.8462752355868929,0.12597578404276702,1.2338861360474749,1.400592611143667
quadcopter,"at limit (wind .15, r x1.0)",gusts x3 (std 75% of wind),carrot_chasing,2009,True,0.17007145627007111,0.09473480688284021,0.15123080401400693,0.4176858056764647
quadcopter,"at limit (wind .15, r x1.0)",gusts x3 (std 75% of wind),carrot_chasing,2010,True,1.7774111616791515,0.8600795906002558,2.9786185057968835,2.056862338114679
quadcopter,"at limit (wind .15, r x1.0)",gusts x3 (std 75% of wind),carrot_chasing,2011,True,0.15256569079257445,0.10254850550890834,0.11836253113008753,0.40860240290744265
quadcopter,"at limit (wind .15, r x1.0)",wind 30%,pure_pursuit,2000,True,0.2721204436994316,0.19594644302301667,0.4044739218115264,0.29739223871868037
quadcopter,"at limit (wind .15, r x1.0)",wind 30%,pure_pursuit,2001,True,1.790883809060606,1.1441498394736263,2.7720326227243524,2.260366484939225
quadcopter,"at limit (wind .15, r x1.0)",wind 30%,pure_pursuit,2002,True,1.6308684026923936,0.9403690811932301,2.5808229371281235,1.862159895555744
quadcopter,"at limit (wind .15, r x1.0)",wind 30%,pure_pursuit,2003,True,0.22410509372412105,0.19666220121752603,0.2519682248062547,0.27297023250139624
quadcopter,"at limit (wind .15, r x1.0)",wind 30%,pure_pursuit,2004,True,1.6624268237840911,1.2519257224781712,2.4404030833429085,1.78481124807545
quadcopter,"at limit (wind .15, r x1.0)",wind 30%,pure_pursuit,2005,True,0.47059885726121237,0.24389978445827162,0.7369658204090966,0.8068819514592823
quadcopter,"at limit (wind .15, r x1.0)",wind 30%,pure_pursuit,2006,True,0.9871690052014478,0.5365024425813267,1.6336511518403176,1.0006968348936518
quadcopter,"at limit (wind .15, r x1.0)",wind 30%,pure_pursuit,2007,True,0.7147110887185173,0.4469747160912259,1.1890348129435566,0.6868819954647294
quadcopter,"at limit (wind .15, r x1.0)",wind 30%,pure_pursuit,2008,True,1.8794208875076384,1.1064527229814685,2.775963715280332,2.170938262107318
quadcopter,"at limit (wind .15, r x1.0)",wind 30%,pure_pursuit,2009,True,0.23422328697074513,0.22939763829323662,0.237596798490449,0.2557105298646703
quadcopter,"at limit (wind .15, r x1.0)",wind 30%,pure_pursuit,2010,True,0.9562309623923154,0.5704983997308835,1.6001784172561382,0.8117871630813877
quadcopter,"at limit (wind .15, r x1.0)",wind 30%,pure_pursuit,2011,True,0.19379746102310166,0.17484985639458125,0.2375423847446983,0.20703347505626787
quadcopter,"at limit (wind .15, r x1.0)",wind 30%,l1,2000,True,0.2630893184391848,0.19370701615243405,0.3834994643759577,0.29893410950336485
quadcopter,"at limit (wind .15, r x1.0)",wind 30%,l1,2001,True,1.732857177344569,1.0776430291907386,2.7126652203804458,2.2133323294998237
quadcopter,"at limit (wind .15, r x1.0)",wind 30%,l1,2002,True,1.5983111892548298,0.8948024545290111,2.5578823135655218,1.8305815481585777
quadcopter,"at limit (wind .15, r x1.0)",wind 30%,l1,2003,True,0.22509633595561782,0.19681870797260517,0.25187013682455806,0.2779577026598214
quadcopter,"at limit (wind .15, r x1.0)",wind 30%,l1,2004,True,1.614948969329576,1.1859437832440913,2.405894681821382,1.7627116808829277
quadcopter,"at limit (wind .15, r x1.0)",wind 30%,l1,2005,True,0.46837505135356144,0.24107630814196956,0.732139500215596,0.8087750124854125
quadcopter,"at limit (wind .15, r x1.0)",wind 30%,l1,2006,True,0.9474193922928227,0.48937976911951403,1.585940038949123,0.9632348995254243
quadcopter,"at limit (wind .15, r x1.0)",wind 30%,l1,2007,True,0.6938494818532175,0.42771549468890363,1.1589067108632507,0.6788914589762248
quadcopter,"at limit (wind .15, r x1.0)",wind 30%,l1,2008,True,1.8331853971443495,1.0407675878022276,2.7455104229827807,2.105238922959588
quadcopter,"at limit (wind .15, r x1.0)",wind 30%,l1,2009,True,0.23419958690664075,0.22858126089686728,0.2357550208974967,0.26355200820478775
quadcopter,"at limit (wind .15, r x1.0)",wind 30%,l1,2010,True,0.9209509756962483,0.5265836574243491,1.5552259593879523,0.789872424979876
quadcopter,"at limit (wind .15, r x1.0)",wind 30%,l1,2011,True,0.19498217197876422,0.17549078959371303,0.23833257603773253,0.21352635927687408
quadcopter,"at limit (wind .15, r x1.0)",wind 30%,vector_field,2000,True,1.0315352098124688,0.6165778468147175,1.6253124246990847,1.3357272939091578
quadcopter,"at limit (wind .15, r x1.0)",wind 30%,vector_field,2001,True,2.8459465831954556,1.585802530310391,4.333197486439842,4.358446669904451
quadcopter,"at limit (wind .15, r x1.0)",wind 30%,vector_field,2002,True,2.780162189251207,1.5915478825746059,3.9979042883934834,3.98154921288639
quadcopter,"at limit (wind .15, r x1.0)",wind 30%,vector_field,2003,True,0.12510885118852963,0.0855106722320405,0.1155635628335395,0.22699272165149106
quadcopter,"at limit (wind .15, r x1.0)",wind 30%,vector_field,2004,True,2.957685460313878,2.141057341446985,4.181930775882233,4.070017395350385
quadcopter,"at limit (wind .15, r x1.0)",wind 30%,vector_field,2005,True,0.7739257533437963,0.38966320253094106,1.2932187581428096,1.099980119174529
quadcopter,"at limit (wind .15, r x1.0)",wind 30%,vector_field,2006,True,2.2384538437154506,1.1413026686292285,3.4275736933184433,2.948822553844038
quadcopter,"at limit (wind .15, r x1.0)",wind 30%,vector_field,2007,True,1.3205587724716654,0.7426901288773456,2.191871452876799,1.58310681832511
quadcopter,"at limit (wind .15, r x1.0)",wind 30%,vector_field,2008,True,3.1280941772732698,1.8796706408063595,4.282777236448514,4.098007915550538
quadcopter,"at limit (wind .15, r x1.0)",wind 30%,vector_field,2009,True,0.2916788230600059,0.09525564105825955,0.4019757308108839,0.6188240447785126
quadcopter,"at limit (wind .15, r x1.0)",wind 30%,vector_field,2010,True,3.0673182562055263,2.3834255198504226,4.478172320401233,2.8188780297296967
quadcopter,"at limit (wind .15, r x1.0)",wind 30%,vector_field,2011,True,0.105518333736562,0.07850900432497224,0.10712283857933293,0.2283248933384111
quadcopter,"at limit (wind .15, r x1.0)",wind 30%,lead_vf,2000,True,0.38385582092422116,0.22681967696564678,0.6332258586994263,0.3796260324783243
quadcopter,"at limit (wind .15, r x1.0)",wind 30%,lead_vf,2001,True,1.8525110849045292,1.2371504645151257,2.797843853611579,2.345038133485028
quadcopter,"at limit (wind .15, r x1.0)",wind 30%,lead_vf,2002,True,2.008651206076389,1.2348450506044713,3.006158576553075,2.526328736632862
quadcopter,"at limit (wind .15, r x1.0)",wind 30%,lead_vf,2003,True,0.211054912318204,0.18276900941943325,0.24776770728487726,0.24767903769956456
quadcopter,"at limit (wind .15, r x1.0)",wind 30%,lead_vf,2004,True,1.9243618409977712,1.4694416511357944,2.753673198862221,2.2005124756602177
quadcopter,"at limit (wind .15, r x1.0)",wind 30%,lead_vf,2005,True,0.46383123659860165,0.24181490766254116,0.7420813149352842,0.7431882131468298
quadcopter,"at limit (wind .15, r x1.0)",wind 30%,lead_vf,2006,True,0.9981200426899811,0.5445080135762221,1.638503457012996,1.0380468898223412
quadcopter,"at limit (wind .15, r x1.0)",wind 30%,lead_vf,2007,True,0.7817035662738184,0.47374342059435554,1.3269863087696332,0.7188984951452497
quadcopter,"at limit (wind .15, r x1.0)",wind 30%,lead_vf,2008,True,2.147048561303621,1.3027468721084021,3.0553784886765194,2.6311897984134203
quadcopter,"at limit (wind .15, r x1.0)",wind 30%,lead_vf,2009,True,0.225957837581976,0.22394196490494978,0.24171677320015944,0.20250563143932815
quadcopter,"at limit (wind .15, r x1.0)",wind 30%,lead_vf,2010,True,1.412556543232956,0.9824546280845694,2.2137518196186883,1.2105032288982145
quadcopter,"at limit (wind .15, r x1.0)",wind 30%,lead_vf,2011,True,0.17610436664670592,0.1644780745931853,0.20486127354497416,0.18232615918686823
quadcopter,"at limit (wind .15, r x1.0)",wind 30%,adaptive_vf,2000,True,1.0392432422009168,0.6204687966529245,1.649778993292502,1.3114836092290383
quadcopter,"at limit (wind .15, r x1.0)",wind 30%,adaptive_vf,2001,True,2.75849845409085,1.4990278637350867,4.19647307429805,4.354372956322638
quadcopter,"at limit (wind .15, r x1.0)",wind 30%,adaptive_vf,2002,True,2.625836093357501,1.4430195894285192,3.834933091021059,3.7967430691503843
quadcopter,"at limit (wind .15, r x1.0)",wind 30%,adaptive_vf,2003,True,0.12501093144221992,0.0936585707262097,0.11259271566626991,0.2165157348955936
quadcopter,"at limit (wind .15, r x1.0)",wind 30%,adaptive_vf,2004,True,2.9257564427964593,2.0755548037136773,4.169108986001805,4.152738412077608
quadcopter,"at limit (wind .15, r x1.0)",wind 30%,adaptive_vf,2005,True,0.7983297623085706,0.43246260733784064,1.31845426213364,1.0909711089987733
quadcopter,"at limit (wind .15, r x1.0)",wind 30%,adaptive_vf,2006,True,2.1985215548779222,1.1507755045632662,3.369411880769816,2.844482524169081
quadcopter,"at limit (wind .15, r x1.0)",wind 30%,adaptive_vf,2007,True,1.3675442921101537,0.9092824525067598,2.1667928626797694,1.520801691050591
quadcopter,"at limit (wind .15, r x1.0)",wind 30%,adaptive_vf,2008,True,3.149933484852055,2.0012760227452637,4.2212807394586696,4.122524252534226
quadcopter,"at limit (wind .15, r x1.0)",wind 30%,adaptive_vf,2009,True,0.29067480040936733,0.12247551238353578,0.38928644278900615,0.603194464221017
quadcopter,"at limit (wind .15, r x1.0)",wind 30%,adaptive_vf,2010,True,3.0375459325004552,2.3521471142035026,4.471993021157409,2.7804561236147047
quadcopter,"at limit (wind .15, r x1.0)",wind 30%,adaptive_vf,2011,True,0.11010055155424692,0.08392534451602494,0.11646211608800602,0.22591258882855217
quadcopter,"at limit (wind .15, r x1.0)",wind 30%,carrot_chasing,2000,True,0.2517632470211818,0.06777540549360202,0.44696563414385004,0.3506086987867847
quadcopter,"at limit (wind .15, r x1.0)",wind 30%,carrot_chasing,2001,True,1.6828296511745413,0.9521239278463443,2.6756612976288916,2.2880977049990157
quadcopter,"at limit (wind .15, r x1.0)",wind 30%,carrot_chasing,2002,True,1.7798372088088474,0.9822622537632845,2.790861521581176,2.2150068152982554
quadcopter,"at limit (wind .15, r x1.0)",wind 30%,carrot_chasing,2003,True,0.14404512003029837,0.06778745931916791,0.10189708195850264,0.3202934917137221
quadcopter,"at limit (wind .15, r x1.0)",wind 30%,carrot_chasing,2004,True,1.7451250257465885,1.2751330295299868,2.573030259908781,2.0453520247134303
quadcopter,"at limit (wind .15, r x1.0)",wind 30%,carrot_chasing,2005,True,0.24311357364780903,0.07156237834382248,0.4221505389007694,0.40935719999366726
quadcopter,"at limit (wind .15, r x1.0)",wind 30%,carrot_chasing,2006,True,0.948295005664018,0.37409812456531655,1.613893953835846,1.093372109004794
quadcopter,"at limit (wind .15, r x1.0)",wind 30%,carrot_chasing,2007,True,0.5033775425248738,0.21966146933525432,0.9160987133935441,0.4942288012056931
quadcopter,"at limit (wind .15, r x1.0)",wind 30%,carrot_chasing,2008,True,1.8054641000050484,0.9770931193353892,2.7115116100963337,2.144910274240151
quadcopter,"at limit (wind .15, r x1.0)",wind 30%,carrot_chasing,2009,True,0.1422342234091775,0.07073501514102752,0.11116286219000628,0.36574409306474553
quadcopter,"at limit (wind .15, r x1.0)",wind 30%,carrot_chasing,2010,True,0.9491373982868891,0.4804888225634311,1.6439333626724877,0.839850711938427
quadcopter,"at limit (wind .15, r x1.0)",wind 30%,carrot_chasing,2011,True,0.12627049163318202,0.06223949871002431,0.11984327708122915,0.3544645072994295
