t_s,x_east,y_north,v_east,v_north,a_cmd,path_idx,cte_m
2.493338584899902344e-01,8.185064070858061314e-04,4.945826367475092411e-04,2.664498984813690186e-03,-4.694811068475246429e-03,-3.332919812497637579e+00,0.000000000000000000e+00,7.782832367218749060e-04
4.993650913238525391e-01,1.295526861213147640e-03,1.605727156857028604e-04,2.974347956478595734e-02,-7.265182677656412125e-03,-3.332660027008647941e+00,0.000000000000000000e+00,8.704867013855523529e-04
7.516789436340332031e-01,3.168989717960357666e-02,-8.844007737934589386e-03,2.808040380477905273e-01,-9.366816282272338867e-02,-3.356948346863658283e+00,1.000000000000000000e+00,1.922465090402321330e-02
9.990718364715576172e-01,1.654918044805526733e-01,-5.445261299610137939e-02,8.689824342727661133e-01,-3.059138059616088867e-01,2.007372625586348325e-01,1.000000000000000000e+00,1.296211635775917359e-01
1.247583866119384766e+00,4.614415168762207031e-01,-1.551567018032073975e-01,1.591623663902282715e+00,-5.337986946105957031e-01,5.727938860459416137e-01,2.000000000000000000e+00,1.732963530391225526e-01
1.502892017364501953e+00,9.319971799850463867e-01,-2.914247810840606689e-01,2.293312072753906250e+00,-5.967534780502319336e-01,6.940277232999659818e-01,3.000000000000000000e+00,3.049784195150300747e-01
1.746224880218505859e+00,1.566364049911499023e+00,-4.259474575519561768e-01,2.941849470138549805e+00,-5.332710146903991699e-01,7.110902993951710993e-01,4.000000000000000000e+00,4.189426338979980180e-01
1.996133089065551758e+00,2.356741666793823242e+00,-5.448955893516540527e-01,3.556052684783935547e+00,-4.430827200412750244e-01,7.168957528757615716e-01,6.000000000000000000e+00,5.553276694780824307e-01
2.245342969894409180e+00,3.301848173141479492e+00,-6.430545449256896973e-01,4.142311096191406250e+00,-3.405112624168395996e-01,7.160045716270047045e-01,8.000000000000000000e+00,6.564439388782923324e-01
2.498101949691772461e+00,4.382279872894287109e+00,-7.159022092819213867e-01,4.560038089752197266e+00,-2.257749289274215698e-01,6.840644538945152009e-01,1.000000000000000000e+01,6.989591498915416201e-01
2.753000736236572266e+00,5.544401645660400391e+00,-7.586277127265930176e-01,4.731800079345703125e+00,-9.750553965568542480e-02,5.980811746382320715e-01,1.200000000000000000e+01,7.275687950599154519e-01
2.999942779541015625e+00,6.723151683807373047e+00,-7.669287323951721191e-01,4.782103061676025391e+00,4.029658809304237366e-02,4.661825552563123032e-01,1.500000000000000000e+01,8.533095305352583759e-02
3.250010728836059570e+00,7.911745071411132812e+00,-7.435641884803771973e-01,4.814621448516845703e+00,1.563055366277694702e-01,3.312226586874363332e-01,1.700000000000000000e+01,6.968309520283059166e-01
3.498731851577758789e+00,9.115152359008789062e+00,-6.966839432716369629e-01,4.851108074188232422e+00,2.328039407730102539e-01,2.182845616699950198e-01,1.900000000000000000e+01,6.623060913862514054e-01
3.748202800750732422e+00,1.033353614807128906e+01,-6.357078552246093750e-01,4.897065162658691406e+00,2.764763832092285156e-01,1.274556022886056128e-01,2.200000000000000000e+01,5.807513576635748853e-01
3.997620820999145508e+00,1.155187129974365234e+01,-5.668582916259765625e-01,4.947545051574707031e+00,2.978704571723937988e-01,5.199363459954037259e-02,2.400000000000000000e+01,5.124938424214972033e-01
4.249715805053710938e+00,1.278837203979492188e+01,-4.936713874340057373e-01,4.999105930328369141e+00,3.032450079917907715e-01,-1.224820326830112875e-02,2.700000000000000000e+01,4.314222065987534105e-01
4.495965719223022461e+00,1.404575824737548828e+01,-4.195679128170013428e-01,5.046555995941162109e+00,2.960827350616455078e-01,-6.643400756189352108e-02,2.900000000000000000e+01,3.648786385410855426e-01
4.749677896499633789e+00,1.531916809082031250e+01,-3.471765816211700439e-01,5.083653450012207031e+00,2.793768346309661865e-01,-1.114760244933992311e-01,3.200000000000000000e+01,2.600192165119201704e-01
4.998248815536499023e+00,1.658489608764648438e+01,-2.803515493869781494e-01,5.110145568847656250e+00,2.558605968952178955e-01,-1.464659752069056575e-01,3.400000000000000000e+01,2.784188238152184858e-01
5.248648881912231445e+00,1.785647583007812500e+01,-2.203610539436340332e-01,5.130443096160888672e+00,2.271834760904312134e-01,-1.715784931783060907e-01,3.700000000000000000e+01,1.099151118048541792e-01
5.497611999511718750e+00,1.912948799133300781e+01,-1.681535840034484863e-01,5.144146442413330078e+00,1.974772661924362183e-01,-1.898779926367530901e-01,4.000000000000000000e+01,2.157278214178247333e-01
5.748073816299438477e+00,2.041522979736328125e+01,-1.234691590070724487e-01,5.150677680969238281e+00,1.674111932516098022e-01,-2.020471589544293178e-01,4.200000000000000000e+01,8.625011526927524319e-02
5.995806932449340820e+00,2.168978500366210938e+01,-8.765293657779693604e-02,5.148873805999755859e+00,1.381195634603500366e-01,-2.078040482574296799e-01,4.500000000000000000e+01,1.320390826331654111e-01
6.246725797653198242e+00,2.296951484680175781e+01,-5.914833024144172668e-02,5.141218662261962891e+00,1.094767376780509949e-01,-2.082359130489352117e-01,4.700000000000000000e+01,1.863597240162088997e-01
6.497215986251831055e+00,2.425212097167968750e+01,-3.775597363710403442e-02,5.129776477813720703e+00,8.189120143651962280e-02,-2.038783544745897680e-01,5.000000000000000000e+01,1.179348695518699919e-01
6.752479791641235352e+00,2.554964447021484375e+01,-2.321410924196243286e-02,5.115562915802001953e+00,5.550470948219299316e-02,-1.951594891758663408e-01,5.300000000000000000e+01,2.594805675602768757e-01
7.001368045806884766e+00,2.682712173461914062e+01,-1.560588646680116653e-02,5.099358081817626953e+00,3.104956075549125671e-02,-1.826155279884049409e-01,5.500000000000000000e+01,1.650025996774985015e-01
7.249655961990356445e+00,2.810100364685058594e+01,-1.375523675233125687e-02,5.082870483398437500e+00,8.266197517514228821e-03,-1.670917839854228482e-01,5.800000000000000000e+01,2.154448405185705462e-01
7.501391649246215820e+00,2.936654853820800781e+01,-1.675194688141345978e-02,5.067204952239990234e+00,-1.228876691311597824e-02,-1.499176596429224184e-01,6.000000000000000000e+01,2.122911213078562120e-01
7.747853040695190430e+00,3.063354301452636719e+01,-2.441785857081413269e-02,5.054283142089843750e+00,-3.143930807709693909e-02,-1.305562300629330152e-01,6.300000000000000000e+01,1.860567007823746011e-01
8.000980854034423828e+00,3.189547538757324219e+01,-3.736952692270278931e-02,5.043769836425781250e+00,-4.982323944568634033e-02,-1.078717362783647160e-01,6.500000000000000000e+01,2.477679270677917711e-01
8.246105909347534180e+00,3.315836715698242188e+01,-5.503464117646217346e-02,5.033295631408691406e+00,-6.561620533466339111e-02,-8.411352032534066825e-02,6.800000000000000000e+01,1.545454694996017675e-01
8.496609926223754883e+00,3.442032241821289062e+01,-7.662549614906311035e-02,5.020352840423583984e+00,-7.817456126213073730e-02,-6.048203098249934490e-02,7.000000000000000000e+01,2.767039733521294287e-01
8.745329856872558594e+00,3.568275451660156250e+01,-1.011784225702285767e-01,5.008946418762207031e+00,-8.694304525852203369e-02,-3.842696098366595731e-02,7.300000000000000000e+01,1.221677865109167954e-01
8.998985767364501953e+00,3.695214843750000000e+01,-1.278714537620544434e-01,5.001899719238281250e+00,-9.178984910249710083e-02,-1.881589987931890987e-02,7.600000000000000000e+01,2.206521579457701721e-01
9.252584934234619141e+00,3.820757293701171875e+01,-1.549554616212844849e-01,4.996832370758056641e+00,-9.341955184936523438e-02,-2.125961672235590107e-03,7.800000000000000000e+01,1.087327568230304353e-01
9.498148918151855469e+00,3.945674896240234375e+01,-1.813031584024429321e-01,4.992420196533203125e+00,-9.250053018331527710e-02,1.143530743624999665e-02,8.100000000000000000e+01,1.762121275994545933e-01
9.750086784362792969e+00,4.070922851562500000e+01,-2.074991166591644287e-01,4.989482402801513672e+00,-8.811665326356887817e-02,2.135433345789545384e-02,8.300000000000000000e+01,1.092625245326918210e-01
1.000272202491760254e+01,4.196499252319335938e+01,-2.330238074064254761e-01,4.987590789794921875e+00,-8.100660890340805054e-02,2.798326133172309924e-02,8.600000000000000000e+01,1.319347674886934552e-01
1.024828267097473145e+01,4.320618438720703125e+01,-2.559684514999389648e-01,4.985054492950439453e+00,-7.221236079931259155e-02,3.099243428000334963e-02,8.800000000000000000e+01,1.237712466055339439e-01
1.049687480926513672e+01,4.444720458984375000e+01,-2.769284546375274658e-01,4.982868194580078125e+00,-6.256829202175140381e-02,3.159983386632369412e-02,9.100000000000000000e+01,1.197684355163774750e-01
1.074634790420532227e+01,4.569637298583984375e+01,-2.953952550888061523e-01,4.984965801239013672e+00,-5.230648070573806763e-02,2.958940908112610291e-02,9.300000000000000000e+01,1.405902116151289127e-01
1.100491189956665039e+01,4.695498657226562500e+01,-3.114415109157562256e-01,4.989007472991943359e+00,-4.286324605345726013e-02,2.647424572918614938e-02,9.600000000000000000e+01,8.723894128095317779e-02
1.125262784957885742e+01,4.820317840576171875e+01,-3.256453573703765869e-01,4.992690086364746094e+00,-3.425629436969757080e-02,2.282593211757416238e-02,9.800000000000000000e+01,1.756603286986179180e-01
1.150073885917663574e+01,4.945340728759765625e+01,-3.374812901020050049e-01,4.995592594146728516e+00,-2.545396238565444946e-02,1.714056284471420291e-02,1.010000000000000000e+02,6.676955563953688999e-02
1.175262093544006348e+01,5.070055770874023438e+01,-3.462051749229431152e-01,4.997618198394775391e+00,-1.630786992609500885e-02,8.711706396569710714e-03,1.030000000000000000e+02,2.002769416084153042e-01
1.200381469726562500e+01,5.195757675170898438e+01,-3.526482284069061279e-01,4.999252319335937500e+00,-9.916642680764198303e-03,1.217259444157802167e-03,1.060000000000000000e+02,4.101252919722749024e-02
1.224834609031677246e+01,5.320387649536132812e+01,-3.571258783340454102e-01,4.998693943023681641e+00,-5.887799896299839020e-03,-5.387293439601305474e-03,1.080000000000000000e+02,2.294250336959381686e-01
1.249960088729858398e+01,5.445604705810546875e+01,-3.603048324584960938e-01,4.996664524078369141e+00,-2.609697636216878891e-03,-1.227438164272611279e-02,1.110000000000000000e+02,2.138708792136613523e-02
1.274737286567687988e+01,5.571332168579101562e+01,-3.632801473140716553e-01,4.993924140930175781e+00,-2.852774341590702534e-04,-1.838522774876674704e-02,1.140000000000000000e+02,2.311196196438823625e-01
1.300056600570678711e+01,5.698844146728515625e+01,-3.663765490055084229e-01,4.989339351654052734e+00,5.201687454245984554e-04,-2.295727315844692945e-02,1.160000000000000000e+02,5.637619419861994441e-02
1.324823498725891113e+01,5.824615097045898438e+01,-3.689156770706176758e-01,4.982750415802001953e+00,6.153680151328444481e-04,-2.714916923801601045e-02,1.190000000000000000e+02,1.711522799737089928e-01
1.349958181381225586e+01,5.950187301635742188e+01,-3.710207045078277588e-01,4.975557804107666016e+00,-1.095453553716652095e-04,-3.083269560717172980e-02,1.210000000000000000e+02,9.533856812043967066e-02
1.374836707115173340e+01,6.075062561035156250e+01,-3.730137050151824951e-01,4.968318939208984375e+00,-1.759427832439541817e-03,-3.363097517119124913e-02,1.240000000000000000e+02,1.400187477416529325e-01
1.399994993209838867e+01,6.200279235839843750e+01,-3.752599060535430908e-01,4.963349819183349609e+00,-4.154032096266746521e-03,-3.551065145189338107e-02,1.260000000000000000e+02,1.234337682545375847e-01
1.424828195571899414e+01,6.324892044067382812e+01,-3.778581917285919189e-01,4.959811210632324219e+00,-7.332135923206806183e-03,-3.631011155844576094e-02,1.290000000000000000e+02,1.161004677440787697e-01
1.449644589424133301e+01,6.449388885498046875e+01,-3.809105455875396729e-01,4.956561565399169922e+00,-1.113062351942062378e-02,-3.613058151986296707e-02,1.310000000000000000e+02,1.422742616480306144e-01
1.475221276283264160e+01,6.574221801757812500e+01,-3.852601051330566406e-01,4.954789638519287109e+00,-1.570984907448291779e-02,-3.419715226729942020e-02,1.340000000000000000e+02,9.807920866818173322e-02
1.500049304962158203e+01,6.699636840820312500e+01,-3.909024298191070557e-01,4.955997943878173828e+00,-2.042394690215587616e-02,-3.119005833726757465e-02,1.360000000000000000e+02,1.719783741273694933e-01
1.524825382232666016e+01,6.825834655761718750e+01,-3.975392580032348633e-01,4.956008911132812500e+00,-2.485050261020660400e-02,-2.772953443869303342e-02,1.390000000000000000e+02,5.915978774350705294e-02
1.550213789939880371e+01,6.950676727294921875e+01,-4.051044583320617676e-01,4.955247879028320312e+00,-2.880363911390304565e-02,-2.395319038672168513e-02,1.410000000000000000e+02,2.089319304015611056e-01
1.575110173225402832e+01,7.075039672851562500e+01,-4.129212498664855957e-01,4.955214500427246094e+00,-3.213742747902870178e-02,-2.058688721439613095e-02,1.440000000000000000e+02,4.365765165113411755e-02
1.600328803062438965e+01,7.199894714355468750e+01,-4.215605258941650391e-01,4.956802845001220703e+00,-3.508708253502845764e-02,-1.701150514461747393e-02,1.460000000000000000e+02,2.275902310904403536e-01
1.624959468841552734e+01,7.324977111816406250e+01,-4.311068952083587646e-01,4.957677364349365234e+00,-3.769803047180175781e-02,-1.307841956668738190e-02,1.490000000000000000e+02,2.663909158241110561e-02
1.649858283996582031e+01,7.448425292968750000e+01,-4.408531188964843750e-01,4.957022666931152344e+00,-3.963186964392662048e-02,-9.573793701251456789e-03,1.510000000000000000e+02,2.391754974228291752e-01
1.674848580360412598e+01,7.572293090820312500e+01,-4.512667953968048096e-01,4.959996223449707031e+00,-4.111533239483833313e-02,-6.060057789676553952e-03,1.540000000000000000e+02,2.217490497305515951e-02
1.700033879280090332e+01,7.697187042236328125e+01,-4.616276323795318604e-01,4.965793132781982422e+00,-4.196742549538612366e-02,-3.291228481934503364e-03,1.570000000000000000e+02,2.429640425277174443e-01
1.725261878967285156e+01,7.823194885253906250e+01,-4.722373187541961670e-01,4.971153259277343750e+00,-4.244930297136306763e-02,-7.455932368716170627e-04,1.590000000000000000e+02,3.254917776139015784e-02
1.750436496734619141e+01,7.948191833496093750e+01,-4.826106727123260498e-01,4.974462985992431641e+00,-4.274462163448333740e-02,1.501026759039937163e-03,1.620000000000000000e+02,2.058634144337164740e-01
1.775121498107910156e+01,8.073287963867187500e+01,-4.927502274513244629e-01,4.975942134857177734e+00,-4.301296919584274292e-02,3.551995932951805286e-03,1.640000000000000000e+02,5.725684482022492389e-02
1.800178670883178711e+01,8.198058319091796875e+01,-5.030077695846557617e-01,4.976527214050292969e+00,-4.327891767024993896e-02,5.715511143755096744e-03,1.670000000000000000e+02,1.802041605145149328e-01
1.824834394454956055e+01,8.323688507080078125e+01,-5.128591656684875488e-01,4.976461887359619141e+00,-4.310613498091697693e-02,7.089396183375710862e-03,1.690000000000000000e+02,8.723419944563333417e-02
1.850107884407043457e+01,8.448356628417968750e+01,-5.228557586669921875e-01,4.976078987121582031e+00,-4.320645332336425781e-02,8.897485726014602719e-03,1.720000000000000000e+02,1.503192778352235026e-01
1.875144171714782715e+01,8.573352813720703125e+01,-5.333283543586730957e-01,4.972451686859130859e+00,-4.331560060381889343e-02,1.108772753234053832e-02,1.740000000000000000e+02,1.104265816805386768e-01
1.900128197669982910e+01,8.698609161376953125e+01,-5.441641211509704590e-01,4.968746185302734375e+00,-4.314255341887474060e-02,1.326138986993356285e-02,1.770000000000000000e+02,1.209717976587352251e-01
1.925541806221008301e+01,8.825388336181640625e+01,-5.544904470443725586e-01,4.965355396270751953e+00,-4.196963086724281311e-02,1.396294826341054444e-02,1.790000000000000000e+02,1.575946900261605832e-01
1.950014686584472656e+01,8.950261688232421875e+01,-5.644379258155822754e-01,4.961807250976562500e+00,-4.043056815862655640e-02,1.409621045640546515e-02,1.820000000000000000e+02,7.790550488377893934e-02
1.975251770019531250e+01,9.075028228759765625e+01,-5.737343430519104004e-01,4.960080623626708984e+00,-3.909845650196075439e-02,1.392779887948561966e-02,1.840000000000000000e+02,1.808651699614997888e-01
2.000185084342956543e+01,9.199385070800781250e+01,-5.826570987701416016e-01,4.960257530212402344e+00,-3.784138709306716919e-02,1.355584953898775029e-02,1.870000000000000000e+02,6.031191437130414140e-02
2.024858689308166504e+01,9.324227142333984375e+01,-5.917382240295410156e-01,4.962138652801513672e+00,-3.663217648863792419e-02,1.332260764599987532e-02,1.890000000000000000e+02,1.997005859798466620e-01
2.050163078308105469e+01,9.448701477050781250e+01,-6.004607081413269043e-01,4.963655948638916016e+00,-3.531127423048019409e-02,1.272089022387252154e-02,1.920000000000000000e+02,4.123707634346545498e-02
2.075216674804687500e+01,9.572893524169921875e+01,-6.087232828140258789e-01,4.962857246398925781e+00,-3.359590470790863037e-02,1.139392609252745138e-02,1.940000000000000000e+02,2.131692513026934577e-01
2.100083780288696289e+01,9.697324371337890625e+01,-6.169002056121826172e-01,4.963790893554687500e+00,-3.212664276361465454e-02,1.022766485922438004e-02,1.970000000000000000e+02,2.928303202546829465e-02
2.125305080413818359e+01,9.822256469726562500e+01,-6.244221925735473633e-01,4.967466831207275391e+00,-3.042379952967166901e-02,4.053927285789199253e+00,1.990000000000000000e+02,2.141741215330894565e-01
2.150459694862365723e+01,9.948108673095703125e+01,-6.300268769264221191e-01,4.961779594421386719e+00,-4.381419275887310505e-04,5.264940504807039012e+00,2.020000000000000000e+02,4.468612737787809319e-01
2.174980878829956055e+01,1.007185287475585938e+02,-6.029707193374633789e-01,4.879143238067626953e+00,2.610938549041748047e-01,5.840958423313851178e+00,2.040000000000000000e+02,8.530694831535523548e-01
2.200280785560607910e+01,1.019153518676757812e+02,-4.722504019737243652e-01,4.661542892456054688e+00,8.358753919601440430e-01,5.904426075611167057e+00,2.060000000000000000e+02,1.331222154496425336e+00
2.225347495079040527e+01,1.030520782470703125e+02,-1.857395172119140625e-01,4.379811286926269531e+00,1.514699459075927734e+00,5.865656283155956885e+00,2.080000000000000000e+02,1.786286634313505539e+00
2.250447201728820801e+01,1.041178359985351562e+02,2.586497068405151367e-01,4.067990303039550781e+00,2.123869419097900391e+00,2.826481477169838108e+00,2.100000000000000000e+02,2.191172089283552893e+00
2.275060486793518066e+01,1.050903549194335938e+02,8.384875655174255371e-01,3.734827518463134766e+00,2.653827667236328125e+00,2.352812651797082655e+00,2.120000000000000000e+02,2.456412800081410275e+00
2.299792098999023438e+01,1.059954833984375000e+02,1.545144677162170410e+00,3.535361289978027344e+00,3.130133628845214844e+00,1.996065734543954084e+00,2.140000000000000000e+02,2.590807282734019168e+00
2.324954485893249512e+01,1.068605499267578125e+02,2.361009836196899414e+00,3.369748830795288086e+00,3.484434604644775391e+00,1.687765429809374940e+00,2.170000000000000000e+02,2.614072777098500833e+00
2.350315785408020020e+01,1.076808471679687500e+02,3.260342359542846680e+00,3.171516656875610352e+00,3.734031915664672852e+00,1.349140937777055349e+00,2.190000000000000000e+02,2.543931594476445568e+00
2.375292778015136719e+01,1.084438552856445312e+02,4.206673622131347656e+00,2.989282369613647461e+00,3.912391185760498047e+00,1.014765815415854311e+00,2.220000000000000000e+02,2.410933428528338140e+00
2.400142979621887207e+01,1.091665267944335938e+02,5.194824695587158203e+00,2.846600532531738281e+00,4.044814586639404297e+00,6.992941482701667821e-01,2.240000000000000000e+02,2.203089234030514820e+00
2.424959397315979004e+01,1.098584899902343750e+02,6.211159706115722656e+00,2.747405290603637695e+00,4.142831325531005859e+00,4.067838907147663940e-01,2.260000000000000000e+02,1.974759596745436774e+00
2.450329184532165527e+01,1.105368347167968750e+02,7.258922576904296875e+00,2.688091039657592773e+00,4.212701320648193359e+00,1.339963293186564042e-01,2.290000000000000000e+02,1.690845118951294968e+00
2.475013184547424316e+01,1.111996383666992188e+02,8.314166069030761719e+00,2.663607835769653320e+00,4.255794525146484375e+00,-1.149934430802556501e-01,2.310000000000000000e+02,1.411087639508123992e+00
2.499890780448913574e+01,1.118639984130859375e+02,9.384003639221191406e+00,2.667885541915893555e+00,4.273812770843505859e+00,-3.410890073682986134e-01,2.340000000000000000e+02,1.107803055486605848e+00
2.524919891357421875e+01,1.125365905761718750e+02,1.046092414855957031e+01,2.697546720504760742e+00,4.268002510070800781e+00,-5.388572508382697412e-01,2.360000000000000000e+02,8.180005868998778684e-01
2.550599074363708496e+01,1.132281112670898438e+02,1.154691314697265625e+01,2.748208999633789062e+00,4.238306522369384766e+00,-7.047474679345763215e-01,2.390000000000000000e+02,5.241129451087016555e-01
2.575576996803283691e+01,1.139248733520507812e+02,1.260749435424804688e+01,2.814602375030517578e+00,4.188657283782958984e+00,-8.310560412008686226e-01,2.410000000000000000e+02,2.891772514589284193e-01
2.600374293327331543e+01,1.146417999267578125e+02,1.365491104125976562e+01,2.896729469299316406e+00,4.124277591705322266e+00,-9.180008616856051296e-01,2.440000000000000000e+02,9.373910160497737898e-02
2.625426387786865234e+01,1.153793792724609375e+02,1.468254280090332031e+01,2.989000797271728516e+00,4.047532558441162109e+00,-9.663168695474635417e-01,2.460000000000000000e+02,2.676976787355458409e-01
2.650107169151306152e+01,1.161444549560546875e+02,1.569376945495605469e+01,3.087055444717407227e+00,3.961058139801025391e+00,-9.786929372330163135e-01,2.490000000000000000e+02,4.082931835983741875e-01
2.674897289276123047e+01,1.169333953857421875e+02,1.667958450317382812e+01,3.186472892761230469e+00,3.866515159606933594e+00,-9.563712655786804628e-01,2.510000000000000000e+02,5.815017777427039514e-01
2.700003886222839355e+01,1.177494583129882812e+02,1.764307785034179688e+01,3.283375740051269531e+00,3.768701314926147461e+00,-9.058696836228857796e-01,2.540000000000000000e+02,6.695707530767402993e-01
2.725289487838745117e+01,1.185932006835937500e+02,1.858649253845214844e+01,3.374590396881103516e+00,3.670745611190795898e+00,-8.330135913169401940e-01,2.560000000000000000e+02,7.815267284544581416e-01
2.749887585639953613e+01,1.194621047973632812e+02,1.950811958312988281e+01,3.457839488983154297e+00,3.575403451919555664e+00,-7.421684984867595869e-01,2.590000000000000000e+02,7.989354347654811228e-01
2.775615000724792480e+01,1.203569412231445312e+02,2.041170120239257812e+01,3.531655788421630859e+00,3.484271049499511719e+00,-6.373374830670508473e-01,2.620000000000000000e+02,8.468054932475058694e-01
2.800198388099670410e+01,1.212610168457031250e+02,2.128438377380371094e+01,3.594563722610473633e+00,3.403856754302978516e+00,-5.266122112783581111e-01,2.640000000000000000e+02,8.073118158859448057e-01
2.825521779060363770e+01,1.221774902343750000e+02,2.213534545898437500e+01,3.648017168045043945e+00,3.335568904876708984e+00,-4.134158652067073114e-01,2.670000000000000000e+02,7.971068281827895508e-01
2.850306487083435059e+01,1.231084060668945312e+02,2.297248077392578125e+01,3.691471099853515625e+00,3.280374288558959961e+00,-3.018334876840718106e-01,2.690000000000000000e+02,7.191229876918372454e-01
2.875295305252075195e+01,1.240547714233398438e+02,2.380205917358398438e+01,3.724836826324462891e+00,3.238323211669921875e+00,-1.945936465657746861e-01,2.720000000000000000e+02,6.695876261448305833e-01
2.900444269180297852e+01,1.249958190917968750e+02,2.461072921752929688e+01,3.748074769973754883e+00,3.209758043289184570e+00,-9.560513002500381496e-02,2.740000000000000000e+02,5.678518679314517037e-01
2.924918699264526367e+01,1.259457626342773438e+02,2.541634178161621094e+01,3.760492801666259766e+00,3.192439317703247070e+00,-5.593545101521373887e-03,2.770000000000000000e+02,5.062362731150551465e-01
2.950329995155334473e+01,1.269022903442382812e+02,2.622268104553222656e+01,3.763479948043823242e+00,3.188389301300048828e+00,7.152484997171028314e-02,2.790000000000000000e+02,3.857426280033481314e-01
2.975055885314941406e+01,1.278628158569335938e+02,2.703325653076171875e+01,3.757863759994506836e+00,3.195832252502441406e+00,1.343640146233518740e-01,2.820000000000000000e+02,3.274527751156806055e-01
3.000557374954223633e+01,1.288121643066406250e+02,2.783885383605957031e+01,3.746614456176757812e+00,3.213154554367065430e+00,1.830093623067943487e-01,2.840000000000000000e+02,2.120152861387367971e-01
3.025118780136108398e+01,1.297565002441406250e+02,2.864866828918457031e+01,3.729622840881347656e+00,3.237996339797973633e+00,2.174069291779146540e-01,2.870000000000000000e+02,1.971850382576374461e-01
3.050119280815124512e+01,1.306910400390625000e+02,2.946189689636230469e+01,3.708504915237426758e+00,3.268863201141357422e+00,2.375945654116590200e-01,2.890000000000000000e+02,8.747849617134377531e-02
3.075565981864929199e+01,1.316248321533203125e+02,3.028783798217773438e+01,3.685232639312744141e+00,3.303889751434326172e+00,2.460505928965834588e-01,2.920000000000000000e+02,1.679760235426044912e-01
3.100348782539367676e+01,1.325419769287109375e+02,3.111354827880859375e+01,3.661035537719726562e+00,3.338957309722900391e+00,2.450923603129373518e-01,2.940000000000000000e+02,1.103947001173593567e-01
3.125336790084838867e+01,1.334523162841796875e+02,3.194792366027832031e+01,3.636122703552246094e+00,3.372801542282104492e+00,2.361332220861636633e-01,2.970000000000000000e+02,2.204334450277858626e-01
3.150229597091674805e+01,1.343583068847656250e+02,3.279286193847656250e+01,3.614326238632202148e+00,3.407234430313110352e+00,2.209024169445047703e-01,2.990000000000000000e+02,1.681447273371587114e-01
3.175395774841308594e+01,1.352711944580078125e+02,3.365792083740234375e+01,3.595325469970703125e+00,3.441380023956298828e+00,2.006036407803839516e-01,3.020000000000000000e+02,2.461159051292533262e-01
3.200098872184753418e+01,1.361679840087890625e+02,3.452051162719726562e+01,3.577957630157470703e+00,3.472400903701782227e+00,1.763526026690845072e-01,3.040000000000000000e+02,2.072298611280207203e-01
3.225034284591674805e+01,1.370606231689453125e+02,3.539110946655273438e+01,3.561961174011230469e+00,3.499525308609008789e+00,1.491436608689598597e-01,3.070000000000000000e+02,2.536093082637367324e-01
3.250482201576232910e+01,1.379461975097656250e+02,3.626536560058593750e+01,3.547722339630126953e+00,3.521659851074218750e+00,1.208021870561485633e-01,3.090000000000000000e+02,2.107972424926064514e-01
3.275485682487487793e+01,1.388314819335937500e+02,3.714804458618164062e+01,3.536065340042114258e+00,3.539529323577880859e+00,9.244593420120685023e-02,3.120000000000000000e+02,2.364756433006965919e-01
3.300009489059448242e+01,1.397120361328125000e+02,3.803295135498046875e+01,3.526006698608398438e+00,3.554011821746826172e+00,6.376547889526347490e-02,3.140000000000000000e+02,1.962914991417015198e-01
3.325459980964660645e+01,1.405926208496093750e+02,3.892485427856445312e+01,3.517030000686645508e+00,3.564338922500610352e+00,3.487198401472538234e-02,3.170000000000000000e+02,1.989202258954986535e-01
3.350267004966735840e+01,1.414735412597656250e+02,3.981987762451171875e+01,3.509762287139892578e+00,3.566864013671875000e+00,1.109878185415694857e-02,3.190000000000000000e+02,1.797466798527349585e-01
3.375180482864379883e+01,1.423554382324218750e+02,4.071788406372070312e+01,3.504936456680297852e+00,3.565370559692382812e+00,-9.218607935193324013e-03,3.220000000000000000e+02,1.456194511208479814e-01
3.400643777847290039e+01,1.432424011230468750e+02,4.162229537963867188e+01,3.502283573150634766e+00,3.561506032943725586e+00,-2.708860333523338548e-02,3.240000000000000000e+02,1.870791548675038718e-01
3.425396704673767090e+01,1.441203155517578125e+02,4.251705551147460938e+01,3.501810073852539062e+00,3.555439233779907227e+00,-4.140260089317900072e-02,3.270000000000000000e+02,8.680934142267958398e-02
3.450312495231628418e+01,1.449950408935546875e+02,4.340733718872070312e+01,3.503119230270385742e+00,3.547621011734008789e+00,-5.243948305903274598e-02,3.290000000000000000e+02,1.901148794373775375e-01
3.475269079208374023e+01,1.458729400634765625e+02,4.429825210571289062e+01,3.507203578948974609e+00,3.539246559143066406e+00,-5.972820143061495501e-02,3.320000000000000000e+02,5.357362896608132419e-02
3.500111889839172363e+01,1.467498321533203125e+02,4.518410491943359375e+01,3.513727188110351562e+00,3.530510425567626953e+00,-6.278020598273459374e-02,3.340000000000000000e+02,2.006908686555789745e-01
3.525258493423461914e+01,1.476311035156250000e+02,4.607094955444335938e+01,3.520808935165405273e+00,3.521114110946655273e+00,-6.313315558344892442e-02,3.370000000000000000e+02,4.501117424693265590e-02
3.550346899032592773e+01,1.485111236572265625e+02,4.695308685302734375e+01,3.528498649597167969e+00,3.512248754501342773e+00,-6.151322818777985729e-02,3.390000000000000000e+02,2.158718306835236411e-01
3.575032997131347656e+01,1.493987731933593750e+02,4.783911132812500000e+01,3.536590337753295898e+00,3.503819704055786133e+00,-5.793363752562085550e-02,3.420000000000000000e+02,5.070802913781586457e-02
3.600358176231384277e+01,1.502950286865234375e+02,4.872895812988281250e+01,3.544363737106323242e+00,3.494489669799804688e+00,-5.137051283604563562e-02,3.440000000000000000e+02,2.519884069837109442e-01
3.625102782249450684e+01,1.511842193603515625e+02,4.960686492919921875e+01,3.551456451416015625e+00,3.485052347183227539e+00,-4.243625987861023019e-02,3.470000000000000000e+02,5.625616045974009272e-02
3.650546383857727051e+01,1.520747985839843750e+02,5.048194122314453125e+01,3.558524847030639648e+00,3.477106094360351562e+00,-3.227527572149997692e-02,3.500000000000000000e+02,2.424861561033098412e-01
3.675218605995178223e+01,1.529634704589843750e+02,5.135214614868164062e+01,3.564638614654541016e+00,3.471312999725341797e+00,-2.267066836678280004e-02,3.520000000000000000e+02,5.689915252750515212e-02
3.700181078910827637e+01,1.538592987060546875e+02,5.222684097290039062e+01,3.570077896118164062e+00,3.467207193374633789e+00,-1.334794973174653274e-02,3.550000000000000000e+02,2.295332873563820930e-01
3.725030279159545898e+01,1.547445831298828125e+02,5.308865356445312500e+01,3.573856353759765625e+00,3.463076353073120117e+00,-3.762055358643615066e-03,3.570000000000000000e+02,5.001320766091151004e-02
3.750197482109069824e+01,1.556335144042968750e+02,5.395283508300781250e+01,3.578220367431640625e+00,3.461747646331787109e+00,4.888130385272213517e-03,3.600000000000000000e+02,2.355756143046635886e-01
3.775259375572204590e+01,1.565270996093750000e+02,5.482022094726562500e+01,3.583549022674560547e+00,3.463160991668701172e+00,1.300216797696506811e-02,3.620000000000000000e+02,3.890668123377345744e-02
3.800681686401367188e+01,1.574344787597656250e+02,5.570050430297851562e+01,3.587884902954101562e+00,3.465236902236938477e+00,2.031568061221507987e-02,3.650000000000000000e+02,2.078620390444063104e-01
3.825493884086608887e+01,1.583322143554687500e+02,5.657124710083007812e+01,3.590465068817138672e+00,3.467075347900390625e+00,2.662449232086363735e-02,3.670000000000000000e+02,5.421171685190695477e-02
3.850467991828918457e+01,1.592314300537109375e+02,5.744263458251953125e+01,3.591403722763061523e+00,3.468320131301879883e+00,3.266508516085432634e-02,3.700000000000000000e+02,1.874135290473205595e-01
3.875144386291503906e+01,1.601277160644531250e+02,5.831121826171875000e+01,3.590119600296020508e+00,3.469007968902587891e+00,3.751066422184920479e-02,3.720000000000000000e+02,6.753895576713694893e-02
3.900269794464111328e+01,1.610265350341796875e+02,5.918324279785156250e+01,3.587916851043701172e+00,3.470190048217773438e+00,4.082978440812978088e-02,3.750000000000000000e+02,1.704735361019239226e-01
3.924928498268127441e+01,1.619222717285156250e+02,6.005326461791992188e+01,3.584879636764526367e+00,3.471267938613891602e+00,4.306897737353485023e-02,3.770000000000000000e+02,8.560828360721209340e-02
3.950025987625122070e+01,1.628171997070312500e+02,6.092348861694335938e+01,3.580454826354980469e+00,3.471733570098876953e+00,4.421462134434576974e-02,3.800000000000000000e+02,1.580717361545230792e-01
3.975037693977355957e+01,1.637139892578125000e+02,6.179681777954101562e+01,3.575773715972900391e+00,3.473246574401855469e+00,4.372293794697118541e-02,3.820000000000000000e+02,1.036486183180428122e-01
3.999996685981750488e+01,1.646127319335937500e+02,6.267406463623046875e+01,3.571369647979736328e+00,3.475109577178955078e+00,4.206734167151664205e-02,3.850000000000000000e+02,1.356168557037423228e-01
4.025152492523193359e+01,1.655165405273437500e+02,6.355823898315429688e+01,3.566634416580200195e+00,3.476285696029663086e+00,3.958399617807623061e-02,3.870000000000000000e+02,1.406546227728849296e-01
4.050482892990112305e+01,1.664101409912109375e+02,6.443344879150390625e+01,3.562656879425048828e+00,3.476898193359375000e+00,3.744897843105288171e-02,3.900000000000000000e+02,1.058080850675596069e-01
4.075099897384643555e+01,1.672999420166015625e+02,6.530520629882812500e+01,3.559322357177734375e+00,3.477302312850952148e+00,3.576035221655326363e-02,3.920000000000000000e+02,1.537447263902408101e-01
4.100193500518798828e+01,1.681925201416015625e+02,6.618013763427734375e+01,3.557143449783325195e+00,3.478586912155151367e+00,3.401206916904280647e-02,3.950000000000000000e+02,9.513171298421371769e-02
4.125044775009155273e+01,1.690812225341796875e+02,6.705238342285156250e+01,3.555237531661987305e+00,3.480369806289672852e+00,3.148399296795780650e-02,3.970000000000000000e+02,1.651733735983756113e-01
4.149953985214233398e+01,1.699704284667968750e+02,6.792559051513671875e+01,3.552161455154418945e+00,3.480678558349609375e+00,2.892109678742356763e-02,4.000000000000000000e+02,8.773344480193792649e-02
4.175284695625305176e+01,1.708540496826171875e+02,6.879495239257812500e+01,3.550111770629882812e+00,3.482332706451416016e+00,2.522177808402793417e-02,4.020000000000000000e+02,1.670245811789661528e-01
4.200248694419860840e+01,1.717434387207031250e+02,6.967066955566406250e+01,3.551029920578002930e+00,3.486004590988159180e+00,2.179457271328459622e-02,4.050000000000000000e+02,8.275505920768842782e-02
4.225283074378967285e+01,1.726394500732421875e+02,7.055363464355468750e+01,3.552949666976928711e+00,3.489902257919311523e+00,1.849651390510517746e-02,4.070000000000000000e+02,1.885112475859998249e-01
4.250643491744995117e+01,1.735277709960937500e+02,7.142945861816406250e+01,3.555142164230346680e+00,3.493098020553588867e+00,4.012772727181301846e+00,4.100000000000000000e+02,8.793189068337381453e-02
4.275618600845336914e+01,1.744157257080078125e+02,7.230704498291015625e+01,3.531544446945190430e+00,3.509153842926025391e+00,4.806336629460709275e+00,4.120000000000000000e+02,3.861373637337133791e-01
4.300466299057006836e+01,1.752732238769531250e+02,7.319881439208984375e+01,3.294964313507080078e+00,3.638159751892089844e+00,5.681326178556613371e+00,4.150000000000000000e+02,7.462607260693857603e-01
4.325363707542419434e+01,1.760386352539062500e+02,7.414833068847656250e+01,2.742657184600830078e+00,3.914588212966918945e+00,5.793060885200361554e+00,4.170000000000000000e+02,1.187923519334525002e+00
4.350335407257080078e+01,1.766439666748046875e+02,7.516167449951171875e+01,2.071094512939453125e+00,4.205588340759277344e+00,5.809683954224432512e+00,4.190000000000000000e+02,1.619137079569192172e+00
4.375389790534973145e+01,1.770893707275390625e+02,7.623771667480468750e+01,1.421038508415222168e+00,4.410527229309082031e+00,5.596135947101331887e+00,4.200000000000000000e+02,2.014791329363014416e+00
4.400393009185791016e+01,1.773795318603515625e+02,7.735221099853515625e+01,7.939363718032836914e-01,4.510634899139404297e+00,5.707804659103427269e+00,4.220000000000000000e+02,2.365959141476010164e+00
4.425191187858581543e+01,1.775149993896484375e+02,7.849626922607421875e+01,1.679537296295166016e-01,4.532539844512939453e+00,5.804371584867947576e+00,4.240000000000000000e+02,2.707503703827068620e+00
4.450626397132873535e+01,1.774925842285156250e+02,7.962004089355468750e+01,-4.444370269775390625e-01,4.469092369079589844e+00,5.568731242834251915e+00,4.250000000000000000e+02,3.001066828635116313e+00
4.475249886512756348e+01,1.773166046142578125e+02,8.071810913085937500e+01,-1.048131227493286133e+00,4.325824737548828125e+00,5.606346245793289107e+00,4.270000000000000000e+02,3.253921050494616107e+00
4.500310707092285156e+01,1.769922332763671875e+02,8.176969909667968750e+01,-1.634374380111694336e+00,4.116657257080078125e+00,5.343389997080359777e+00,4.280000000000000000e+02,3.462364196650478565e+00
4.525685596466064453e+01,1.765225982666015625e+02,8.276477050781250000e+01,-2.195325374603271484e+00,3.835180282592773438e+00,2.135713201548030682e+00,4.310000000000000000e+02,3.554838306933640446e+00
4.550168681144714355e+01,1.759181823730468750e+02,8.368119812011718750e+01,-2.723078966140747070e+00,3.526078224182128906e+00,1.509172660733977933e+00,4.330000000000000000e+02,3.484408892044792427e+00
4.575040388107299805e+01,1.751878356933593750e+02,8.454222106933593750e+01,-3.165709495544433594e+00,3.399909496307373047e+00,1.045223438030659979e+00,4.350000000000000000e+02,3.280027088564925641e+00
4.600565481185913086e+01,1.743635864257812500e+02,8.539494323730468750e+01,-3.442296028137207031e+00,3.395151138305664062e+00,7.266739369161969719e-01,4.370000000000000000e+02,2.996215877807181904e+00
4.625448274612426758e+01,1.734803466796875000e+02,8.624235534667968750e+01,-3.609843492507934570e+00,3.360489368438720703e+00,4.000579482090605432e-01,4.400000000000000000e+02,2.655091473814469971e+00
4.650301885604858398e+01,1.725583190917968750e+02,8.708190917968750000e+01,-3.705296993255615234e+00,3.324797868728637695e+00,7.625708543340853351e-02,4.420000000000000000e+02,2.271418370527354291e+00
4.675259590148925781e+01,1.716251678466796875e+02,8.790734863281250000e+01,-3.753217697143554688e+00,3.320194482803344727e+00,-2.219648481334266232e-01,4.440000000000000000e+02,1.888409337499302731e+00
4.700537896156311035e+01,1.706851501464843750e+02,8.873342895507812500e+01,-3.766709566116333008e+00,3.347601890563964844e+00,-4.945739852734519770e-01,4.470000000000000000e+02,1.476013768169476936e+00
4.725322580337524414e+01,1.697404632568359375e+02,8.957314300537109375e+01,-3.750375986099243164e+00,3.401641130447387695e+00,-7.404982646471829355e-01,4.490000000000000000e+02,1.081827182938220444e+00
4.750153994560241699e+01,1.688051452636718750e+02,9.042781066894531250e+01,-3.704363346099853516e+00,3.476918697357177734e+00,-9.498908453610128699e-01,4.520000000000000000e+02,7.102323310465158412e-01
4.775181984901428223e+01,1.678813476562500000e+02,9.130757904052734375e+01,-3.627928018569946289e+00,3.568391799926757812e+00,-1.114847811245887499e+00,4.540000000000000000e+02,3.380280922017067091e-01
4.800216889381408691e+01,1.669810180664062500e+02,9.221022033691406250e+01,-3.526272535324096680e+00,3.670331239700317383e+00,-1.231132155860916733e+00,4.570000000000000000e+02,1.909564211798348565e-01
4.825432276725769043e+01,1.661018524169921875e+02,9.314704895019531250e+01,-3.402275562286376953e+00,3.779074430465698242e+00,-1.297079339317106728e+00,4.590000000000000000e+02,2.987128202098074392e-01
4.850322389602661133e+01,1.652510986328125000e+02,9.411850738525390625e+01,-3.259102582931518555e+00,3.887026548385620117e+00,-1.312346389253215007e+00,4.620000000000000000e+02,5.657009219622523011e-01
4.875542092323303223e+01,1.644463043212890625e+02,9.510694885253906250e+01,-3.105116367340087891e+00,3.990652084350585938e+00,-1.280811293321605149e+00,4.640000000000000000e+02,7.536823299250144936e-01
4.900689768791198730e+01,1.636807861328125000e+02,9.612123870849609375e+01,-2.946199893951416016e+00,4.088692665100097656e+00,-1.210205200364827149e+00,4.670000000000000000e+02,9.111566238939313722e-01
4.925683498382568359e+01,1.629578247070312500e+02,9.715715789794921875e+01,-2.790399551391601562e+00,4.179330825805664062e+00,-1.109284044628790600e+00,4.690000000000000000e+02,1.020941521615801095e+00
4.950754594802856445e+01,1.622695007324218750e+02,9.822249603271484375e+01,-2.640385866165161133e+00,4.261288642883300781e+00,-9.840865986118445541e-01,4.720000000000000000e+02,1.078575248305140288e+00
4.975627994537353516e+01,1.616242218017578125e+02,9.929659271240234375e+01,-2.502606868743896484e+00,4.330611228942871094e+00,-8.447961959124932196e-01,4.740000000000000000e+02,1.111363144073487907e+00
5.000291991233825684e+01,1.610093688964843750e+02,1.003919372558593750e+02,-2.378825664520263672e+00,4.389179229736328125e+00,-6.958557840070057621e-01,4.770000000000000000e+02,1.084628374944614393e+00
5.025217986106872559e+01,1.604227447509765625e+02,1.015054168701171875e+02,-2.272291660308837891e+00,4.437781810760498047e+00,-5.423401471876924118e-01,4.790000000000000000e+02,1.054474570995403315e+00
5.050341987609863281e+01,1.598538818359375000e+02,1.026443328857421875e+02,-2.184302330017089844e+00,4.475729465484619141e+00,-3.893070330232256682e-01,4.820000000000000000e+02,9.586545355464550777e-01
5.075764179229736328e+01,1.593129425048828125e+02,1.037760848999023438e+02,-2.118125677108764648e+00,4.502695560455322266e+00,-2.450924555269599070e-01,4.840000000000000000e+02,8.942141349841611353e-01
5.100756192207336426e+01,1.587866973876953125e+02,1.049140701293945312e+02,-2.073285579681396484e+00,4.520541191101074219e+00,-1.117944205700954763e-01,4.870000000000000000e+02,7.489135729854824453e-01
5.125488567352294922e+01,1.582719573974609375e+02,1.060502777099609375e+02,-2.049382925033569336e+00,4.530145645141601562e+00,6.409277710962726742e-03,4.890000000000000000e+02,6.729664953375150693e-01
5.150751590728759766e+01,1.577599487304687500e+02,1.071903228759765625e+02,-2.044926881790161133e+00,4.533542156219482422e+00,1.081793435462298364e-01,4.920000000000000000e+02,5.010465592959690850e-01
5.175530099868774414e+01,1.572493438720703125e+02,1.083258132934570312e+02,-2.056855201721191406e+00,4.530543804168701172e+00,1.921391222808028487e-01,4.940000000000000000e+02,4.466679688344986632e-01
5.200349473953247070e+01,1.567362060546875000e+02,1.094545135498046875e+02,-2.081345796585083008e+00,4.518798351287841797e+00,2.570202827291611092e-01,4.970000000000000000e+02,2.570757515162058193e-01
5.225356483459472656e+01,1.562152099609375000e+02,1.105817794799804688e+02,-2.116991758346557617e+00,4.504692077636718750e+00,3.053601404518233031e-01,4.990000000000000000e+02,2.690362998526223959e-01
5.250190305709838867e+01,1.556824188232421875e+02,1.117093353271484375e+02,-2.162461996078491211e+00,4.490251541137695312e+00,3.373824029114183554e-01,5.020000000000000000e+02,4.785981431398993874e-02
5.275640988349914551e+01,1.551332244873046875e+02,1.128402633666992188e+02,-2.214249134063720703e+00,4.472935676574707031e+00,3.530320703762206414e-01,5.040000000000000000e+02,2.431304672800694289e-01
5.300555205345153809e+01,1.545759277343750000e+02,1.139555816650390625e+02,-2.267740726470947266e+00,4.453572750091552734e+00,3.548705296371961193e-01,5.070000000000000000e+02,1.212205867654078117e-01
5.325392079353332520e+01,1.540070648193359375e+02,1.150618820190429688e+02,-2.321106433868408203e+00,4.432323932647705078e+00,3.447002512505957239e-01,5.090000000000000000e+02,3.010465899870644058e-01
5.350299477577209473e+01,1.534224395751953125e+02,1.161659011840820312e+02,-2.373021841049194336e+00,4.410035133361816406e+00,3.238226325847500253e-01,5.120000000000000000e+02,2.261180374895888079e-01
5.375145077705383301e+01,1.528262786865234375e+02,1.172605438232421875e+02,-2.421400070190429688e+00,4.387867450714111328e+00,2.946739454130964386e-01,5.150000000000000000e+02,3.562078200800026795e-01
5.400566387176513672e+01,1.522136230468750000e+02,1.183579711914062500e+02,-2.464853763580322266e+00,4.366390228271484375e+00,2.600830532769229930e-01,5.170000000000000000e+02,2.746515309240061264e-01
5.425476384162902832e+01,1.515937500000000000e+02,1.194451446533203125e+02,-2.500605106353759766e+00,4.344378948211669922e+00,2.228947248457628649e-01,5.200000000000000000e+02,3.589244052742427971e-01
5.450587272644042969e+01,1.509612121582031250e+02,1.205336380004882812e+02,-2.530520677566528320e+00,4.322860717773437500e+00,1.828990712392007389e-01,5.220000000000000000e+02,2.793498400187438557e-01
5.475908279418945312e+01,1.503172912597656250e+02,1.216235580444335938e+02,-2.554547071456909180e+00,4.303451061248779297e+00,1.419212391709371301e-01,5.250000000000000000e+02,3.212922844816236689e-01
5.500832390785217285e+01,1.496733093261718750e+02,1.226981124877929688e+02,-2.573335886001586914e+00,4.287206172943115234e+00,1.010858304375187589e-01,5.270000000000000000e+02,2.532401105832172705e-01
5.525405383110046387e+01,1.490244140625000000e+02,1.237686767578125000e+02,-2.587258815765380859e+00,4.274574279785156250e+00,6.146672316947966730e-02,5.300000000000000000e+02,2.712112879436990309e-01
5.550975465774536133e+01,1.483746185302734375e+02,1.248327636718750000e+02,-2.596047878265380859e+00,4.266473293304443359e+00,2.550109082994526238e-02,5.320000000000000000e+02,2.032446517980322498e-01
5.575810194015502930e+01,1.477191467285156250e+02,1.259023208618164062e+02,-2.598724365234375000e+00,4.264364719390869141e+00,-3.810338246874351176e-03,5.350000000000000000e+02,2.124544155397165845e-01
5.600535798072814941e+01,1.470695343017578125e+02,1.269614181518554688e+02,-2.596693038940429688e+00,4.265927314758300781e+00,-2.731826156631984165e-02,5.370000000000000000e+02,1.522690143930142126e-01
5.625406002998352051e+01,1.464187469482421875e+02,1.280249786376953125e+02,-2.590140819549560547e+00,4.268245697021484375e+00,-4.562322279215699078e-02,5.400000000000000000e+02,1.693831408503137514e-01
5.650400686264038086e+01,1.457674407958984375e+02,1.290928955078125000e+02,-2.580506086349487305e+00,4.271996021270751953e+00,-5.919537193948244680e-02,5.420000000000000000e+02,1.220291745619128121e-01
5.675404787063598633e+01,1.451099700927734375e+02,1.301759033203125000e+02,-2.569076299667358398e+00,4.276656150817871094e+00,-6.903748251866913266e-02,5.450000000000000000e+02,1.176658915251381082e-01
5.700581979751586914e+01,1.444640808105468750e+02,1.312456359863281250e+02,-2.556073665618896484e+00,4.282215118408203125e+00,-7.441546497701462259e-02,5.470000000000000000e+02,1.403807667057138941e-01
5.725539875030517578e+01,1.438217010498046875e+02,1.323167419433593750e+02,-2.542023658752441406e+00,4.289676666259765625e+00,-7.503539648891256741e-02,5.500000000000000000e+02,1.040665209152296655e-01
5.750386786460876465e+01,1.431853027343750000e+02,1.333856506347656250e+02,-2.528094768524169922e+00,4.297871112823486328e+00,-7.222669280535400083e-02,5.520000000000000000e+02,1.527593769731145079e-01
5.775452780723571777e+01,1.425501098632812500e+02,1.344601745605468750e+02,-2.514647245407104492e+00,4.307275772094726562e+00,-6.625500191733742217e-02,5.550000000000000000e+02,1.081251248130462445e-01
5.800537991523742676e+01,1.419196166992187500e+02,1.355343475341796875e+02,-2.501889467239379883e+00,4.316674232482910156e+00,-5.787000767305157389e-02,5.570000000000000000e+02,1.678971715852943247e-01
5.825202679634094238e+01,1.412928161621093750e+02,1.366100311279296875e+02,-2.489205360412597656e+00,4.323856830596923828e+00,-4.757295372819042578e-02,5.600000000000000000e+02,1.117108077112690806e-01
5.850421595573425293e+01,1.406687469482421875e+02,1.376879730224609375e+02,-2.477898120880126953e+00,4.330037117004394531e+00,-3.625618723797999904e-02,5.620000000000000000e+02,1.757135152983174409e-01
5.875210905075073242e+01,1.400455169677734375e+02,1.387710113525390625e+02,-2.468205451965332031e+00,4.337551593780517578e+00,-2.315235526874381486e-02,5.650000000000000000e+02,1.043784641454525847e-01
5.900855588912963867e+01,1.394196624755859375e+02,1.398645324707031250e+02,-2.460444211959838867e+00,4.345787525177001953e+00,-9.074664206393207727e-03,5.670000000000000000e+02,1.965317771612550835e-01
5.925553393363952637e+01,1.388008270263671875e+02,1.409492797851562500e+02,-2.454810619354248047e+00,4.352553844451904297e+00,3.750723282124705620e-03,5.700000000000000000e+02,8.014120978904500092e-02
5.950728583335876465e+01,1.381851959228515625e+02,1.420326690673828125e+02,-2.450211524963378906e+00,4.357400894165039062e+00,1.636683132694487924e-02,5.720000000000000000e+02,2.019498338300846907e-01
5.975622296333312988e+01,1.375685424804687500e+02,1.431221771240234375e+02,-2.446929931640625000e+00,4.361242294311523438e+00,2.903484643268097742e-02,5.750000000000000000e+02,5.832031914865664496e-02
6.000362586975097656e+01,1.369542541503906250e+02,1.442086486816406250e+02,-2.445172309875488281e+00,4.362415790557861328e+00,3.947602098858941227e-02,5.770000000000000000e+02,2.125371849781670652e-01
6.025548100471496582e+01,1.363377532958984375e+02,1.452994689941406250e+02,-2.444200277328491211e+00,4.361047267913818359e+00,4.817146906909432896e-02,5.800000000000000000e+02,3.251703362812074366e-02
6.050633692741394043e+01,1.357236022949218750e+02,1.463876190185546875e+02,-2.444126844406127930e+00,4.358777046203613281e+00,5.617790477595451665e-02,5.820000000000000000e+02,2.279387636119358518e-01
6.075666403770446777e+01,1.351056823730468750e+02,1.474821472167968750e+02,-2.445556640625000000e+00,4.355230808258056641e+00,6.217624034766776331e-02,5.850000000000000000e+02,8.706220757731213469e-03
6.100583600997924805e+01,1.344822235107421875e+02,1.485828247070312500e+02,-2.448899269104003906e+00,4.349611282348632812e+00,6.413062416169897084e-02,5.880000000000000000e+02,2.330522301706079158e-01
6.125663590431213379e+01,1.338642578125000000e+02,1.496709899902343750e+02,-2.452721118927001953e+00,4.343333721160888672e+00,6.417125701683079608e-02,5.900000000000000000e+02,3.462296679428015361e-02
6.150638484954833984e+01,1.332454071044921875e+02,1.507573547363281250e+02,-2.457110881805419922e+00,4.337550163269042969e+00,6.266894548252675834e-02,5.930000000000000000e+02,2.182545776990951203e-01
6.175754785537719727e+01,1.326282348632812500e+02,1.518387451171875000e+02,-2.461323261260986328e+00,4.333119869232177734e+00,6.119736842052910658e-02,5.950000000000000000e+02,5.059527942203937562e-02
6.200616908073425293e+01,1.320053100585937500e+02,1.529262542724609375e+02,-2.466029167175292969e+00,4.330216884613037109e+00,5.857573863529742797e-02,5.980000000000000000e+02,2.068058404882455459e-01
6.225232386589050293e+01,1.313886566162109375e+02,1.540010070800781250e+02,-2.469104290008544922e+00,4.327332496643066406e+00,5.664125848225511767e-02,6.000000000000000000e+02,6.032224256459774170e-02
6.250384092330932617e+01,1.307707977294921875e+02,1.550762786865234375e+02,-2.471027851104736328e+00,4.325393676757812500e+00,5.556945556725399055e-02,6.030000000000000000e+02,2.135860307686623938e-01
6.275305795669555664e+01,1.301503143310546875e+02,1.561556091308593750e+02,-2.474635124206542969e+00,4.326821327209472656e+00,5.455789324155423115e-02,6.050000000000000000e+02,6.306702564182885273e-02
6.300946283340454102e+01,1.295198059082031250e+02,1.572503662109375000e+02,-2.479239940643310547e+00,4.328757762908935547e+00,5.218754752192059782e-02,6.080000000000000000e+02,1.916415666161179199e-01
6.325534796714782715e+01,1.288955383300781250e+02,1.583326873779296875e+02,-2.483862638473510742e+00,4.329708576202392578e+00,4.867711356996978073e-02,6.100000000000000000e+02,8.453552965699581700e-02
6.350797677040100098e+01,1.282700500488281250e+02,1.594153747558593750e+02,-2.487896442413330078e+00,4.329322814941406250e+00,4.431910081627370157e-02,6.130000000000000000e+02,1.772311562215453384e-01
6.375610589981079102e+01,1.276458892822265625e+02,1.604939880371093750e+02,-2.490999460220336914e+00,4.327953338623046875e+00,4.071237141961423056e+00,6.150000000000000000e+02,1.505065419801667748e-01
6.400843000411987305e+01,1.270174407958984375e+02,1.615755310058593750e+02,-2.514344215393066406e+00,4.304917335510253906e+00,5.205342906775124234e+00,6.180000000000000000e+02,4.371204407221397914e-01
6.425438404083251953e+01,1.263676986694335938e+02,1.626287536621093750e+02,-2.697248458862304688e+00,4.100219249725341797e+00,5.763454303973716719e+00,6.200000000000000000e+02,8.119512116099337762e-01
6.450467395782470703e+01,1.256462097167968750e+02,1.635971679687500000e+02,-3.086454391479492188e+00,3.622831106185913086e+00,5.851057050504752333e+00,6.220000000000000000e+02,1.271740205112547928e+00
6.475458884239196777e+01,1.248170471191406250e+02,1.644355316162109375e+02,-3.535759925842285156e+00,3.037662506103515625e+00,5.850768356350630306e+00,6.240000000000000000e+02,1.713663524104888536e+00
6.500630974769592285e+01,1.238849868774414062e+02,1.651352386474609375e+02,-3.904879093170166016e+00,2.460641384124755859e+00,5.638702771416632231e+00,6.250000000000000000e+02,2.122481598170435024e+00
6.525641798973083496e+01,1.228705062866210938e+02,1.656943511962890625e+02,-4.163231849670410156e+00,1.875202655792236328e+00,5.735704125415097110e+00,6.270000000000000000e+02,2.478492624956685653e+00
6.550548386573791504e+01,1.218126296997070312e+02,1.660996856689453125e+02,-4.339011669158935547e+00,1.282886266708374023e+00,5.824212345625005227e+00,6.290000000000000000e+02,2.811120808842291208e+00
6.575549197196960449e+01,1.207238769531250000e+02,1.663527984619140625e+02,-4.431125640869140625e+00,6.755614876747131348e-01,5.580096133152922633e+00,6.300000000000000000e+02,3.106835865198856794e+00
6.600952005386352539e+01,1.196177291870117188e+02,1.664521942138671875e+02,-4.443181037902832031e+00,5.481304228305816650e-02,2.667176765676502193e+00,6.320000000000000000e+02,3.335414707869520878e+00
6.625575494766235352e+01,1.185174331665039062e+02,1.663963012695312500e+02,-4.426523208618164062e+00,-5.594984889030456543e-01,2.103992221573442123e+00,6.340000000000000000e+02,3.429059777681067622e+00
6.650510001182556152e+01,1.174011154174804688e+02,1.661965637207031250e+02,-4.525030612945556641e+00,-1.064622044563293457e+00,1.676352914374859671e+00,6.370000000000000000e+02,3.370073413140559637e+00
6.675704383850097656e+01,1.162619857788085938e+02,1.658899688720703125e+02,-4.603453636169433594e+00,-1.416002631187438965e+00,1.331153032559446947e+00,6.390000000000000000e+02,3.213218792140638769e+00
6.700708198547363281e+01,1.151082916259765625e+02,1.655027313232421875e+02,-4.596873283386230469e+00,-1.682758331298828125e+00,9.673025328800327616e-01,6.420000000000000000e+02,2.987256051936608703e+00
6.726012372970581055e+01,1.139574966430664062e+02,1.650533752441406250e+02,-4.560587406158447266e+00,-1.881994962692260742e+00,6.034657754586855161e-01,6.440000000000000000e+02,2.683248697444072572e+00
6.751098799705505371e+01,1.128252792358398438e+02,1.645645446777343750e+02,-4.537348270416259766e+00,-2.017076730728149414e+00,2.657447594474284802e-01,6.460000000000000000e+02,2.353123905888967471e+00
6.775449180603027344e+01,1.116950607299804688e+02,1.640468597412109375e+02,-4.535164833068847656e+00,-2.097755670547485352e+00,-4.684478651179004027e-02,6.490000000000000000e+02,1.983184835862603412e+00
6.800818085670471191e+01,1.105650253295898438e+02,1.635150756835937500e+02,-4.553408145904541016e+00,-2.130801677703857422e+00,-3.328689370071497011e-01,6.510000000000000000e+02,1.602207970738875664e+00
6.825652384757995605e+01,1.094201431274414062e+02,1.629747924804687500e+02,-4.587277889251708984e+00,-2.122087001800537109e+00,-5.939613811360575646e-01,6.540000000000000000e+02,1.228412644865735759e+00
6.850470805168151855e+01,1.082734146118164062e+02,1.624444732666015625e+02,-4.630634784698486328e+00,-2.074718713760375977e+00,-8.201392893511316728e-01,6.560000000000000000e+02,8.371988359412796399e-01
6.875635981559753418e+01,1.071105651855468750e+02,1.619283599853515625e+02,-4.678553581237792969e+00,-1.989078044891357422e+00,-1.003906663976861902e+00,6.590000000000000000e+02,5.335082426814188317e-01
6.900671291351318359e+01,1.059320755004882812e+02,1.614362335205078125e+02,-4.727652549743652344e+00,-1.870345473289489746e+00,-1.138883225410759037e+00,6.610000000000000000e+02,1.421719443447208575e-01
6.925702595710754395e+01,1.047253494262695312e+02,1.609708862304687500e+02,-4.776232719421386719e+00,-1.723091125488281250e+00,-1.222779734847860400e+00,6.640000000000000000e+02,2.765271478913803871e-01
6.950808787345886230e+01,1.035218963623046875e+02,1.605513763427734375e+02,-4.821281909942626953e+00,-1.558641791343688965e+00,-1.253780519948762162e+00,6.660000000000000000e+02,4.226657255093234089e-01
6.975955605506896973e+01,1.023070297241210938e+02,1.601756134033203125e+02,-4.861538410186767578e+00,-1.381306529045104980e+00,-1.236023545728392348e+00,6.690000000000000000e+02,6.653214752571725565e-01
7.001014971733093262e+01,1.010855102539062500e+02,1.598458709716796875e+02,-4.895052433013916016e+00,-1.201201438903808594e+00,-1.179142062294929572e+00,6.710000000000000000e+02,8.063151046668266542e-01
7.026043581962585449e+01,9.985166168212890625e+01,1.595597381591796875e+02,-4.922070980072021484e+00,-1.024358749389648438e+00,-1.091327520473034607e+00,6.740000000000000000e+02,9.394525127923343266e-01
7.050536990165710449e+01,9.861621856689453125e+01,1.593184204101562500e+02,-4.941662311553955078e+00,-8.557913303375244141e-01,-9.785279072429111658e-01,6.760000000000000000e+02,1.010914206064947196e+00
7.075533366203308105e+01,9.737499237060546875e+01,1.591191406250000000e+02,-4.955072402954101562e+00,-6.987708210945129395e-01,-8.461660039769053343e-01,6.790000000000000000e+02,1.047242123795065538e+00
7.100455498695373535e+01,9.612524414062500000e+01,1.589564056396484375e+02,-4.964803218841552734e+00,-5.587579011917114258e-01,-7.037434460529307101e-01,6.810000000000000000e+02,1.050657165787131309e+00
7.125859785079956055e+01,9.486923980712890625e+01,1.588266448974609375e+02,-4.970175266265869141e+00,-4.381747543811798096e-01,-5.563377793532819915e-01,6.840000000000000000e+02,1.006670668280303493e+00
7.150708198547363281e+01,9.360513305664062500e+01,1.587255096435546875e+02,-4.971096515655517578e+00,-3.379940390586853027e-01,-4.076185781059995517e-01,6.860000000000000000e+02,9.629417855236397372e-01
7.175968289375305176e+01,9.235408020019531250e+01,1.586489105224609375e+02,-4.970747947692871094e+00,-2.609755396842956543e-01,-2.651313014645684252e-01,6.890000000000000000e+02,8.533741584970381266e-01
7.201146888732910156e+01,9.110730743408203125e+01,1.585887756347656250e+02,-4.970930099487304688e+00,-2.069191783666610718e-01,-1.334793457592492183e-01,6.910000000000000000e+02,7.845460370883901025e-01
7.225870084762573242e+01,8.985729217529296875e+01,1.585394592285156250e+02,-4.971500873565673828e+00,-1.742808371782302856e-01,-1.434791321131049548e-02,6.940000000000000000e+02,6.364026501103494660e-01
7.250399398803710938e+01,8.861222839355468750e+01,1.584970550537109375e+02,-4.972785472869873047e+00,-1.611554920673370361e-01,9.055427384700209803e-02,6.960000000000000000e+02,5.698560132665388966e-01
7.275516486167907715e+01,8.736690521240234375e+01,1.584562225341796875e+02,-4.972052097320556641e+00,-1.665001064538955688e-01,1.785861672304304704e-01,6.990000000000000000e+02,3.945211224758265467e-01
7.300383877754211426e+01,8.612851715087890625e+01,1.584123687744140625e+02,-4.972997665405273438e+00,-1.875612735748291016e-01,2.484168129851925810e-01,7.010000000000000000e+02,3.669950112012581034e-01
7.325465989112854004e+01,8.488143157958984375e+01,1.583614654541015625e+02,-4.977348804473876953e+00,-2.210795730352401733e-01,3.019659643167195151e-01,7.040000000000000000e+02,1.647450091554607254e-01
7.350694966316223145e+01,8.362512207031250000e+01,1.583011322021484375e+02,-4.982101440429687500e+00,-2.643019855022430420e-01,3.399299573424249266e-01,7.070000000000000000e+02,2.388824987236532471e-01
7.375888991355895996e+01,8.238031005859375000e+01,1.582298278808593750e+02,-4.984537124633789062e+00,-3.140475451946258545e-01,3.617754723298569064e-01,7.090000000000000000e+02,3.817877190922126796e-02
7.400678968429565430e+01,8.113521575927734375e+01,1.581449279785156250e+02,-4.985081672668457031e+00,-3.683383762836456299e-01,3.685613913481378678e-01,7.120000000000000000e+02,2.415237642060107659e-01
7.425868201255798340e+01,7.989468383789062500e+01,1.580456085205078125e+02,-4.984196662902832031e+00,-4.249922931194305420e-01,3.613201167572108186e-01,7.140000000000000000e+02,1.756417767529589169e-01
7.450823974609375000e+01,7.864582824707031250e+01,1.579308166503906250e+02,-4.982525348663330078e+00,-4.814151227474212646e-01,3.431789108171717229e-01,7.170000000000000000e+02,2.933520349743908850e-01
7.475457286834716797e+01,7.740888977050781250e+01,1.578034362792968750e+02,-4.979257583618164062e+00,-5.341653227806091309e-01,3.175551380536432711e-01,7.190000000000000000e+02,2.621538940616883195e-01
7.500433874130249023e+01,7.616740417480468750e+01,1.576616363525390625e+02,-4.973927974700927734e+00,-5.831944942474365234e-01,2.846404412351407065e-01,7.220000000000000000e+02,3.271115832521557798e-01
7.525893187522888184e+01,7.492172241210937500e+01,1.575068664550781250e+02,-4.968710899353027344e+00,-6.267435550689697266e-01,2.476101318273671859e-01,7.240000000000000000e+02,2.991743038572251545e-01
7.551193475723266602e+01,7.366091156005859375e+01,1.573399200439453125e+02,-4.961266994476318359e+00,-6.635524630546569824e-01,2.090093918980235888e-01,7.270000000000000000e+02,3.088634505148308840e-01
7.575937986373901367e+01,7.241897583007812500e+01,1.571669006347656250e+02,-4.951623439788818359e+00,-6.929466128349304199e-01,1.707710733865134001e-01,7.290000000000000000e+02,3.088421470663341162e-01
7.600903487205505371e+01,7.117950439453125000e+01,1.569858551025390625e+02,-4.942784309387207031e+00,-7.173740267753601074e-01,1.311724313950727860e-01,7.320000000000000000e+02,2.710844356268319877e-01
7.625666666030883789e+01,6.994645690917968750e+01,1.567994537353515625e+02,-4.937007427215576172e+00,-7.359035611152648926e-01,9.316625170880173112e-02,7.340000000000000000e+02,2.861823329258765258e-01
7.651036095619201660e+01,6.871052551269531250e+01,1.566081848144531250e+02,-4.934131145477294922e+00,-7.487279176712036133e-01,5.782671671927412660e-02,7.370000000000000000e+02,2.135279934284191050e-01
7.675477790832519531e+01,6.747927093505859375e+01,1.564146270751953125e+02,-4.932207584381103516e+00,-7.551175355911254883e-01,2.675853949135341414e-02,7.390000000000000000e+02,2.562412753364246010e-01
7.700869703292846680e+01,6.624783325195312500e+01,1.562192382812500000e+02,-4.930895805358886719e+00,-7.558137774467468262e-01,2.007379600447793441e-05,7.420000000000000000e+02,1.461173645676888955e-01
7.725511479377746582e+01,6.501282501220703125e+01,1.560239715576171875e+02,-4.930035591125488281e+00,-7.512019276618957520e-01,-2.094405085886672652e-02,7.440000000000000000e+02,2.375184833357936731e-01
7.750531768798828125e+01,6.377404022216796875e+01,1.558307189941406250e+02,-4.930455684661865234e+00,-7.415983676910400391e-01,-3.484677659047209775e-02,7.470000000000000000e+02,7.729402025891753125e-02
7.775931000709533691e+01,6.252738952636718750e+01,1.556387176513671875e+02,-4.931666851043701172e+00,-7.292111515998840332e-01,-4.412201622927144212e-02,7.500000000000000000e+02,2.459035990625589863e-01
7.800715279579162598e+01,6.129320526123046875e+01,1.554503784179687500e+02,-4.933617115020751953e+00,-7.168674468994140625e-01,-5.178253189566121156e-02,7.520000000000000000e+02,2.734697635468074858e-02
7.825605583190917969e+01,6.006257247924804688e+01,1.552664184570312500e+02,-4.936329364776611328e+00,-7.026436328887939453e-01,-5.447349941199784024e-02,7.550000000000000000e+02,2.228849490358950358e-01
7.850978994369506836e+01,5.882684707641601562e+01,1.550864105224609375e+02,-4.940055370330810547e+00,-6.871481537818908691e-01,-5.222503121709354268e-02,7.570000000000000000e+02,4.066123789070005823e-02
7.875945067405700684e+01,5.759471893310546875e+01,1.549112396240234375e+02,-4.943149089813232422e+00,-6.720963716506958008e-01,-4.714643770620618318e-02,7.600000000000000000e+02,2.060946240028855847e-01
7.900592780113220215e+01,5.635747146606445312e+01,1.547386474609375000e+02,-4.945209026336669922e+00,-6.579261422157287598e-01,-4.057317824095860864e-02,7.620000000000000000e+02,6.979790345707630184e-02
7.925422692298889160e+01,5.512780380249023438e+01,1.545698547363281250e+02,-4.946333408355712891e+00,-6.453403234481811523e-01,-3.353067451355004613e-02,7.650000000000000000e+02,1.934075161827888412e-01
7.950379991531372070e+01,5.389022827148437500e+01,1.544030609130859375e+02,-4.949591159820556641e+00,-6.330730319023132324e-01,-2.420632054239518077e-02,7.670000000000000000e+02,8.949818949936813595e-02
7.975637173652648926e+01,5.264205551147460938e+01,1.542379760742187500e+02,-4.954407691955566406e+00,-6.206223368644714355e-01,-1.212513916818316884e-02,7.700000000000000000e+02,1.624810891999421414e-01
8.000875782966613770e+01,5.140348052978515625e+01,1.540775146484375000e+02,-4.959764003753662109e+00,-6.094018816947937012e-01,1.390731862335845394e-03,7.720000000000000000e+02,1.182155557603442875e-01
8.025763177871704102e+01,5.016324615478515625e+01,1.539195404052734375e+02,-4.963455200195312500e+00,-6.003285646438598633e-01,1.466004603460050078e-02,7.750000000000000000e+02,1.362501559199081613e-01
8.050887084007263184e+01,4.892601394653320312e+01,1.537649078369140625e+02,-4.965608596801757812e+00,-5.929256677627563477e-01,2.835858422782828667e-02,7.770000000000000000e+02,1.352281680116828866e-01
8.075761675834655762e+01,4.767980194091796875e+01,1.536114807128906250e+02,-4.966942787170410156e+00,-5.876994729042053223e-01,4.163783525843634675e-02,7.800000000000000000e+02,1.034680695440025333e-01
8.100586104393005371e+01,4.644465637207031250e+01,1.534605255126953125e+02,-4.966319084167480469e+00,-5.851339697837829590e-01,5.281635952711728754e-02,7.820000000000000000e+02,1.564478220603149339e-01
8.125599575042724609e+01,4.520465087890625000e+01,1.533092041015625000e+02,-4.964570045471191406e+00,-5.852153897285461426e-01,6.143132803599862107e-02,7.850000000000000000e+02,7.998403262394107593e-02
8.150632786750793457e+01,4.396037673950195312e+01,1.531572570800781250e+02,-4.962631702423095703e+00,-5.875757336616516113e-01,6.770588706416338920e-02,7.870000000000000000e+02,1.842618283827582304e-01
8.175916481018066406e+01,4.270027542114257812e+01,1.530024261474609375e+02,-4.958989143371582031e+00,-5.914382934570312500e-01,7.163928654438121713e-02,7.900000000000000000e+02,3.436201282349276437e-02
8.200756692886352539e+01,4.145746994018554688e+01,1.528482208251953125e+02,-4.954436779022216797e+00,-5.961977839469909668e-01,7.328400143641101983e-02,7.920000000000000000e+02,2.334786621987344490e-01
8.226072597503662109e+01,4.021554183959960938e+01,1.526928710937500000e+02,-4.950544834136962891e+00,-6.016366481781005859e-01,7.336507952260504228e-02,7.950000000000000000e+02,3.236481295053714180e-02
8.250999593734741211e+01,3.897917556762695312e+01,1.525365600585937500e+02,-4.947284698486328125e+00,-6.071541309356689453e-01,7.214616527690788372e-02,7.980000000000000000e+02,2.417441170220585855e-01
8.275797796249389648e+01,3.773976898193359375e+01,1.523783111572265625e+02,-4.945367336273193359e+00,-6.122347116470336914e-01,7.035705616438334142e-02,8.000000000000000000e+02,4.790048229178451439e-02
8.300436687469482422e+01,3.650474929809570312e+01,1.522191619873046875e+02,-4.943988800048828125e+00,-6.165625452995300293e-01,6.825145680275776505e-02,8.030000000000000000e+02,2.226412365407760552e-01
8.325616407394409180e+01,3.527074813842773438e+01,1.520592651367187500e+02,-4.942196846008300781e+00,-6.195369958877563477e-01,6.675162128432762798e-02,8.050000000000000000e+02,6.070433191679339147e-02
8.350816583633422852e+01,3.403629684448242188e+01,1.518987274169921875e+02,-4.941000461578369141e+00,-6.222121715545654297e-01,6.518270482989529935e-02,8.080000000000000000e+02,2.085616274211931354e-01
8.375776672363281250e+01,3.279851913452148438e+01,1.517372131347656250e+02,-4.942365169525146484e+00,-6.259773969650268555e-01,6.247301197625895752e-02,8.100000000000000000e+02,7.579189792747320631e-02
8.400902175903320312e+01,3.155126953125000000e+01,1.515731506347656250e+02,-4.945016384124755859e+00,-6.300674676895141602e-01,5.861763774920696057e-02,8.130000000000000000e+02,1.774990228357516409e-01
8.425678086280822754e+01,3.031494903564453125e+01,1.514093170166015625e+02,-4.948081016540527344e+00,-6.337545514106750488e-01,5.428991290181683221e-02,8.150000000000000000e+02,1.003620631090221954e-01
8.451085305213928223e+01,2.908122253417968750e+01,1.512462310791015625e+02,-4.951120376586914062e+00,-6.360316276550292969e-01,5.166710792395565882e-02,8.180000000000000000e+02,1.598341709930639620e-01
8.475697612762451172e+01,2.784187507629394531e+01,1.510827484130859375e+02,-4.953928470611572266e+00,-6.376554965972900391e-01,4.992166134666681243e-02,8.200000000000000000e+02,1.181361594488977707e-01
8.500522685050964355e+01,2.660565185546875000e+01,1.509190216064453125e+02,-4.955186843872070312e+00,-6.394667625427246094e-01,4.518030199724254459e+00,8.230000000000000000e+02,2.997377986997817878e-01
8.525803089141845703e+01,2.536560058593750000e+01,1.507523193359375000e+02,-4.939577102661132812e+00,-6.688195466995239258e-01,5.412166698828045241e+00,8.250000000000000000e+02,5.001894178410859482e-01
8.550466084480285645e+01,2.414518165588378906e+01,1.505560150146484375e+02,-4.806500911712646484e+00,-9.138678312301635742e-01,5.991462996661027773e+00,8.270000000000000000e+02,9.386270483359343553e-01
8.575758385658264160e+01,2.297157096862792969e+01,1.502583312988281250e+02,-4.498037815093994141e+00,-1.458056330680847168e+00,6.052637894415810571e+00,8.290000000000000000e+02,1.432324168237868900e+00
8.600795984268188477e+01,2.187716102600097656e+01,1.498079833984375000e+02,-4.117681026458740234e+00,-2.098740100860595703e+00,6.020258947788471815e+00,8.310000000000000000e+02,1.902077554186126118e+00
8.625839400291442871e+01,2.088932991027832031e+01,1.492180023193359375e+02,-3.721069097518920898e+00,-2.651464939117431641e+00,5.793828735224604287e+00,8.320000000000000000e+02,2.309049171640723319e+00
8.651251387596130371e+01,2.000646972656250000e+01,1.485054779052734375e+02,-3.279170274734497070e+00,-3.104749917984008789e+00,2.514938803662542188e+00,8.350000000000000000e+02,2.604109811258342955e+00
8.676018595695495605e+01,1.924034500122070312e+01,1.476895294189453125e+02,-2.838968753814697266e+00,-3.517393112182617188e+00,1.990031793091885604e+00,8.370000000000000000e+02,2.737851749503619203e+00
8.700898504257202148e+01,1.855799293518066406e+01,1.467631072998046875e+02,-2.584197998046875000e+00,-3.919162273406982422e+00,1.619699056291700412e+00,8.390000000000000000e+02,2.745145155763741851e+00
8.725728583335876465e+01,1.793472290039062500e+01,1.457593536376953125e+02,-2.409458875656127930e+00,-4.188552379608154297e+00,1.322952395266592251e+00,8.420000000000000000e+02,2.668759685890319755e+00
8.750911092758178711e+01,1.735794448852539062e+01,1.446963195800781250e+02,-2.223746776580810547e+00,-4.350731849670410156e+00,1.000812668960177509e+00,8.440000000000000000e+02,2.500330997868048133e+00
8.775698971748352051e+01,1.682514572143554688e+01,1.435940093994140625e+02,-2.062321662902832031e+00,-4.456398487091064453e+00,6.791222498416294995e-01,8.460000000000000000e+02,2.290644023372756521e+00
8.800940370559692383e+01,1.632149124145507812e+01,1.424524688720703125e+02,-1.945392012596130371e+00,-4.529526710510253906e+00,3.744420124592002797e-01,8.490000000000000000e+02,2.021623119705138194e+00
8.825956869125366211e+01,1.584926319122314453e+01,1.413128662109375000e+02,-1.876018643379211426e+00,-4.578134059906005859e+00,9.874065387717699538e-02,8.510000000000000000e+02,1.736201980068074358e+00
8.851057791709899902e+01,1.538988590240478516e+01,1.401629638671875000e+02,-1.848797917366027832e+00,-4.612082481384277344e+00,-1.526690596328352800e-01,8.540000000000000000e+02,1.437599140437830769e+00
8.876110887527465820e+01,1.493471431732177734e+01,1.390088653564453125e+02,-1.857926964759826660e+00,-4.632936477661132812e+00,-3.787424176089025374e-01,8.560000000000000000e+02,1.118382169484122501e+00
8.901234889030456543e+01,1.447180747985839844e+01,1.378459167480468750e+02,-1.899787187576293945e+00,-4.641735076904296875e+00,-5.774079554515826329e-01,8.590000000000000000e+02,8.421754875840103960e-01
8.925721597671508789e+01,1.399579334259033203e+01,1.366838836669921875e+02,-1.966936469078063965e+00,-4.634514808654785156e+00,-7.439942143932309904e-01,8.610000000000000000e+02,5.107435662608439397e-01
8.951028871536254883e+01,1.349897861480712891e+01,1.355231018066406250e+02,-2.054973363876342773e+00,-4.607597827911376953e+00,-8.727349499723571213e-01,8.630000000000000000e+02,3.256473180006442814e-01
8.975998473167419434e+01,1.297651958465576172e+01,1.343675689697265625e+02,-2.158995151519775391e+00,-4.561903476715087891e+00,-9.607039464924588268e-01,8.660000000000000000e+02,3.114801719756876003e-02
9.000847101211547852e+01,1.242433071136474609e+01,1.332210693359375000e+02,-2.274789094924926758e+00,-4.501152038574218750e+00,-1.007372690768915779e+00,8.680000000000000000e+02,3.507480679856681549e-01
9.026140379905700684e+01,1.183801651000976562e+01,1.320839996337890625e+02,-2.398003578186035156e+00,-4.427129745483398438e+00,-1.013493230170076975e+00,8.710000000000000000e+02,4.477145363307110104e-01
9.051220083236694336e+01,1.122581005096435547e+01,1.309774627685546875e+02,-2.521607398986816406e+00,-4.346142292022705078e+00,-9.840719381149237721e-01,8.740000000000000000e+02,6.399624170742276297e-01
9.075858592987060547e+01,1.058423900604248047e+01,1.298955535888671875e+02,-2.643707275390625000e+00,-4.261425495147705078e+00,-9.236089646422668276e-01,8.760000000000000000e+02,7.206732022646687996e-01
9.100882196426391602e+01,9.910224914550781250e+00,1.288306121826171875e+02,-2.760682582855224609e+00,-4.176402568817138672e+00,-8.391955006311728749e-01,8.790000000000000000e+02,8.216564408219434457e-01
9.126146984100341797e+01,9.209933280944824219e+00,1.277895202636718750e+02,-2.868243932723999023e+00,-4.094706535339355469e+00,-7.375833523135243430e-01,8.810000000000000000e+02,8.485900257925742540e-01
9.150920176506042480e+01,8.480402946472167969e+00,1.267648086547851562e+02,-2.963805437088012695e+00,-4.016999721527099609e+00,-6.227706866655896567e-01,8.840000000000000000e+02,8.718016894412358164e-01
9.175682091712951660e+01,7.729459762573242188e+00,1.257614822387695312e+02,-3.046029329299926758e+00,-3.946930408477783203e+00,-5.007842856917100738e-01,8.860000000000000000e+02,8.459745694814024830e-01
9.201268386840820312e+01,6.953154563903808594e+00,1.247672348022460938e+02,-3.115233421325683594e+00,-3.887433528900146484e+00,-3.762983643189635741e-01,8.890000000000000000e+02,8.058334477261862583e-01
9.226075792312622070e+01,6.155603885650634766e+00,1.237816314697265625e+02,-3.168830156326293945e+00,-3.837891340255737305e+00,-2.532696441027486589e-01,8.910000000000000000e+02,7.449897431482619403e-01
9.251392889022827148e+01,5.353875160217285156e+00,1.228169403076171875e+02,-3.206748723983764648e+00,-3.799883127212524414e+00,-1.376531141404303271e-01,8.940000000000000000e+02,6.546180562490814259e-01
9.276189088821411133e+01,4.544388294219970703e+00,1.218610916137695312e+02,-3.230097770690917969e+00,-3.773933887481689453e+00,-3.206024761826801323e-02,8.960000000000000000e+02,5.800924322817310186e-01
9.301325798034667969e+01,3.733486175537109375e+00,1.209139175415039062e+02,-3.241195201873779297e+00,-3.761287689208984375e+00,6.053138152652586673e-02,8.990000000000000000e+02,4.629052797734895530e-01
9.325678777694702148e+01,2.916835546493530273e+00,1.199633941650390625e+02,-3.240921258926391602e+00,-3.761135339736938477e+00,1.386716494066353444e-01,9.010000000000000000e+02,3.961473288435188866e-01
9.350728178024291992e+01,2.110579967498779297e+00,1.190228347778320312e+02,-3.229950428009033203e+00,-3.769814491271972656e+00,2.011809243851092055e-01,9.040000000000000000e+02,2.660061517849700574e-01
9.375601291656494141e+01,1.307606577873229980e+00,1.180791625976562500e+02,-3.210337162017822266e+00,-3.785904407501220703e+00,2.489879982105248635e-01,9.060000000000000000e+02,2.304458277331285498e-01
9.400962185859680176e+01,5.090955495834350586e-01,1.171286621093750000e+02,-3.186356782913208008e+00,-3.811437606811523438e+00,2.818373307229309899e-01,9.090000000000000000e+02,1.113830223051241602e-01
9.426325798034667969e+01,-2.929306328296661377e-01,1.161591567993164062e+02,-3.158846855163574219e+00,-3.842331171035766602e+00,3.023931647776472720e-01,9.110000000000000000e+02,1.785989457018357096e-01
9.451059293746948242e+01,-1.076293110847473145e+00,1.151948165893554688e+02,-3.128496170043945312e+00,-3.874627351760864258e+00,3.106453153956568736e-01,9.140000000000000000e+02,1.014463802201052839e-01
9.476165986061096191e+01,-1.852235198020935059e+00,1.142218399047851562e+02,-3.097010135650634766e+00,-3.908559799194335938e+00,3.085695623919647579e-01,9.160000000000000000e+02,2.221935631561786362e-01
9.501253175735473633e+01,-2.618278980255126953e+00,1.132431564331054688e+02,-3.066218614578247070e+00,-3.941622257232666016e+00,2.988683624807451644e-01,9.190000000000000000e+02,1.860803601243470884e-01
9.526104593276977539e+01,-3.379193067550659180e+00,1.122521667480468750e+02,-3.035596609115600586e+00,-3.972588539123535156e+00,2.817485758374780325e-01,9.210000000000000000e+02,2.809519188914138543e-01
9.551110696792602539e+01,-4.130057334899902344e+00,1.112559814453125000e+02,-3.005480289459228516e+00,-3.999761581420898438e+00,2.585494322949306589e-01,9.240000000000000000e+02,2.346790750482395937e-01
9.575696396827697754e+01,-4.874326229095458984e+00,1.102524719238281250e+02,-2.976671218872070312e+00,-4.022958278656005859e+00,2.311986265917552741e-01,9.260000000000000000e+02,3.164815197447126693e-01
9.600726485252380371e+01,-5.614486694335937500e+00,1.092389450073242188e+02,-2.949000120162963867e+00,-4.042541980743408203e+00,1.996670411457706351e-01,9.290000000000000000e+02,2.459935036571550826e-01
9.625558090209960938e+01,-6.350347995758056641e+00,1.082170333862304688e+02,-2.923850774765014648e+00,-4.057578563690185547e+00,1.662470614309501382e-01,9.310000000000000000e+02,3.369019087733464701e-01
9.651043176651000977e+01,-7.084919929504394531e+00,1.071839294433593750e+02,-2.901950120925903320e+00,-4.069071769714355469e+00,1.315983179225951039e-01,9.340000000000000000e+02,2.265563754796362239e-01
9.675938677787780762e+01,-7.807619571685791016e+00,1.061591110229492188e+02,-2.884353399276733398e+00,-4.075570583343505859e+00,9.965821071597071035e-02,9.370000000000000000e+02,3.022789781574465318e-01
9.701291203498840332e+01,-8.523427009582519531e+00,1.051363143920898438e+02,-2.869629383087158203e+00,-4.079370021820068359e+00,6.823752007039550482e-02,9.390000000000000000e+02,1.897629398864115191e-01
9.726317787170410156e+01,-9.237973213195800781e+00,1.041087646484375000e+02,-2.860394954681396484e+00,-4.081568717956542969e+00,3.932434854749163738e-02,9.420000000000000000e+02,2.572967651512577114e-01
9.750923991203308105e+01,-9.948028564453125000e+00,1.030845947265625000e+02,-2.857118368148803711e+00,-4.081274509429931641e+00,1.547263680797700443e-02,9.440000000000000000e+02,1.426282282760680531e-01
9.776082777976989746e+01,-1.065982627868652344e+01,1.020573120117187500e+02,-2.858095884323120117e+00,-4.078094482421875000e+00,-3.552471565471101555e-03,9.470000000000000000e+02,2.148324826757258277e-01
9.801219987869262695e+01,-1.136998748779296875e+01,1.010335235595703125e+02,-2.862688779830932617e+00,-4.073183536529541016e+00,-1.804903947859731045e-02,9.490000000000000000e+02,1.015637481594644509e-01
9.826074695587158203e+01,-1.208668708801269531e+01,1.000050125122070312e+02,-2.870387077331542969e+00,-4.067199707031250000e+00,-2.744067451489385148e-02,9.520000000000000000e+02,1.781980402361302840e-01
9.851372575759887695e+01,-1.280987548828125000e+01,9.897234344482421875e+01,-2.879410743713378906e+00,-4.059948921203613281e+00,-3.284289525898700934e-02,9.540000000000000000e+02,1.024921238378179167e-01
9.876078367233276367e+01,-1.352796363830566406e+01,9.795236968994140625e+01,-2.889216899871826172e+00,-4.052612781524658203e+00,-3.497507281923525196e-02,9.570000000000000000e+02,1.445979113142337735e-01
9.901304292678833008e+01,-1.424803733825683594e+01,9.693333435058593750e+01,-2.899672985076904297e+00,-4.046411514282226562e+00,-3.557755421028636900e-02,9.590000000000000000e+02,1.110008717502701109e-01
9.925755786895751953e+01,-1.496792030334472656e+01,9.591934204101562500e+01,-2.910768508911132812e+00,-4.040761947631835938e+00,-3.381841860809189915e-02,9.620000000000000000e+02,1.357507384393872862e-01
9.951356577873229980e+01,-1.569588184356689453e+01,9.490039825439453125e+01,-2.922884941101074219e+00,-4.035443305969238281e+00,-2.863018919505542006e-02,9.640000000000000000e+02,1.279496001142646222e-01
9.976215696334838867e+01,-1.641799354553222656e+01,9.389562225341796875e+01,-2.933217763900756836e+00,-4.028620719909667969e+00,-2.120988757472135749e-02,9.670000000000000000e+02,1.312023311417770677e-01
1.000093338489532471e+02,-1.714333534240722656e+01,9.288998413085937500e+01,-2.942313194274902344e+00,-4.022901535034179688e+00,-1.380834794372608025e-02,9.690000000000000000e+02,1.264271779055603506e-01
1.002579576969146729e+02,-1.787337112426757812e+01,9.188144683837890625e+01,-2.952625751495361328e+00,-4.020373821258544922e+00,-5.696530117833847710e-03,9.720000000000000000e+02,1.299100690991207840e-01
1.005094339847564697e+02,-1.861730003356933594e+01,9.085932159423828125e+01,-2.963431596755981445e+00,-4.018867492675781250e+00,4.730523401464219006e-03,9.740000000000000000e+02,1.531780754605855666e-01
1.007629706859588623e+02,-1.935512161254882812e+01,8.985040283203125000e+01,-2.972003698348999023e+00,-4.016425609588623047e+00,1.610725787018739766e-02,9.770000000000000000e+02,9.770525614396502467e-02
1.010147569179534912e+02,-2.009527397155761719e+01,8.884172058105468750e+01,-2.978144168853759766e+00,-4.013857841491699219e+00,2.717619217509432278e-02,9.790000000000000000e+02,1.699467962913573937e-01
1.012598938941955566e+02,-2.083415412902832031e+01,8.783618927001953125e+01,-2.981706142425537109e+00,-4.011747360229492188e+00,3.653724780914114484e-02,9.820000000000000000e+02,7.728422634622848786e-02
1.015086817741394043e+02,-2.157658195495605469e+01,8.682720184326171875e+01,-2.983844518661499023e+00,-4.010299205780029297e+00,4.501110444241573916e-02,9.840000000000000000e+02,1.867695433521404380e-01
1.017572019100189209e+02,-2.231758308410644531e+01,8.582200622558593750e+01,-2.984096050262451172e+00,-4.008114814758300781e+00,5.322873229126946076e-02,9.870000000000000000e+02,5.448504612493754867e-02
1.020068228244781494e+02,-2.305940818786621094e+01,8.481629943847656250e+01,-2.982650041580200195e+00,-4.005916595458984375e+00,6.036090092593070916e-02,9.890000000000000000e+02,2.029182678546998519e-01
1.022598598003387451e+02,-2.380315780639648438e+01,8.380675506591796875e+01,-2.979875326156616211e+00,-4.004996299743652344e+00,6.511735116115457966e-02,9.920000000000000000e+02,3.396572819131148807e-02
1.025077028274536133e+02,-2.454845046997070312e+01,8.279434204101562500e+01,-2.976082324981689453e+00,-4.004026889801025391e+00,6.873091215982259083e-02,9.940000000000000000e+02,2.330034581006144856e-01
1.027622950077056885e+02,-2.529743766784667969e+01,8.177574157714843750e+01,-2.971017837524414062e+00,-4.002473831176757812e+00,7.114390177566738693e-02,9.970000000000000000e+02,2.699288945094604347e-02
1.030125727653503418e+02,-2.603786277770996094e+01,8.076794433593750000e+01,-2.966237306594848633e+00,-4.001646518707275391e+00,7.290717840939055228e-02,1.000000000000000000e+03,2.332093673644863863e-01
1.032625238895416260e+02,-2.677459907531738281e+01,7.976393890380859375e+01,-2.961957216262817383e+00,-4.002067565917968750e+00,7.375699529574770985e-02,1.002000000000000000e+03,4.417480794555329882e-02
1.035127818584442139e+02,-2.751277542114257812e+01,7.875712585449218750e+01,-2.958264112472534180e+00,-4.004035472869873047e+00,7.380363787133183140e-02,1.005000000000000000e+03,2.232472793503625097e-01
1.037591137886047363e+02,-2.824768066406250000e+01,7.775332641601562500e+01,-2.954806804656982422e+00,-4.006738185882568359e+00,7.293608475105899103e-02,1.007000000000000000e+03,5.832532374767448319e-02
1.040113408565521240e+02,-2.898412704467773438e+01,7.674485778808593750e+01,-2.950701713562011719e+00,-4.009092330932617188e+00,7.058447402435572005e-02,1.010000000000000000e+03,2.140591165908711790e-01
1.042608287334442139e+02,-2.971523284912109375e+01,7.574225616455078125e+01,-2.946672201156616211e+00,-4.011414527893066406e+00,6.763728845478622631e-02,1.012000000000000000e+03,6.716513471729800011e-02
1.045102188587188721e+02,-3.044981765747070312e+01,7.473280334472656250e+01,-2.944216966629028320e+00,-4.015754699707031250e+00,6.386053432156335585e-02,1.015000000000000000e+03,2.074801687779571080e-01
1.047643277645111084e+02,-3.118943214416503906e+01,7.371504211425781250e+01,-2.943062067031860352e+00,-4.020734786987304688e+00,6.014026662496274600e-02,1.017000000000000000e+03,8.520809280085475668e-02
1.050152239799499512e+02,-3.192142677307128906e+01,7.270477294921875000e+01,-2.941985607147216797e+00,-4.025651454925537109e+00,5.515521849858910641e-02,1.020000000000000000e+03,1.839890300914361343e-01
1.052590389251708984e+02,-3.265356826782226562e+01,7.169303131103515625e+01,-2.941327571868896484e+00,-4.029848098754882812e+00,5.034814744634618505e-02,1.022000000000000000e+03,9.478801920218146715e-02
1.055112078189849854e+02,-3.338364028930664062e+01,7.068341064453125000e+01,-2.941224098205566406e+00,-4.032960414886474609e+00,4.628875754530132475e-02,1.025000000000000000e+03,1.699638493036756681e-01
1.057618279457092285e+02,-3.411893463134765625e+01,6.966597747802734375e+01,-2.941298723220825195e+00,-4.034935951232910156e+00,4.274868984676738481e-02,1.027000000000000000e+03,1.092215102982901087e-01
1.060118908882141113e+02,-3.484725189208984375e+01,6.865841674804687500e+01,-2.940758943557739258e+00,-4.034558296203613281e+00,4.020125164026917136e-02,1.030000000000000000e+03,1.520570135660964106e-01
1.062583129405975342e+02,-3.557839584350585938e+01,6.764656066894531250e+01,-2.940242052078247070e+00,-4.033712387084960938e+00,3.776123367107218215e-02,1.032000000000000000e+03,1.161070337734184249e-01
1.065093169212341309e+02,-3.631209564208984375e+01,6.663122558593750000e+01,-2.940165996551513672e+00,-4.033006668090820312e+00,3.711102962803507044e+00,1.035000000000000000e+03,1.627560576905098533e-01
1.067641677856445312e+02,-3.705391693115234375e+01,6.560276794433593750e+01,-2.910114049911499023e+00,-4.041806697845458984e+00,4.489304773968090245e+00,1.037000000000000000e+03,2.100457330495216213e-01
1.070121090412139893e+02,-3.775343322753906250e+01,6.457649230957031250e+01,-2.648322343826293945e+00,-4.137735843658447266e+00,5.043929435758634838e+00,1.039000000000000000e+03,5.454118298822384636e-01
1.072638666629791260e+02,-3.834590530395507812e+01,6.351180267333984375e+01,-2.058760404586791992e+00,-4.342856407165527344e+00,5.206971636240893098e+00,1.041000000000000000e+03,9.208715933332061176e-01
1.075120549201965332e+02,-3.877429199218750000e+01,6.239903259277343750e+01,-1.353540658950805664e+00,-4.553073406219482422e+00,5.303799175114473741e+00,1.043000000000000000e+03,1.279749701972236364e+00
1.077625699043273926e+02,-3.903617858886718750e+01,6.124310684204101562e+01,-6.822699904441833496e-01,-4.672319889068603516e+00,5.405553775231227931e+00,1.045000000000000000e+03,1.627898872819602882e+00
1.080123708248138428e+02,-3.913801956176757812e+01,6.007748031616210938e+01,-5.115285515785217285e-02,-4.676369667053222656e+00,5.501083019208635960e+00,1.047000000000000000e+03,1.956250042654879229e+00
1.082618989944458008e+02,-3.908345413208007812e+01,5.892143249511718750e+01,5.593833923339843750e-01,-4.586871623992919922e+00,5.560624601424427382e+00,1.049000000000000000e+03,2.264722662726984304e+00
1.085084710121154785e+02,-3.887569808959960938e+01,5.779176330566406250e+01,1.154160499572753906e+00,-4.421760082244873047e+00,5.594954749673493488e+00,1.051000000000000000e+03,2.552673804275470637e+00
1.087615628242492676e+02,-3.851968383789062500e+01,5.670818328857421875e+01,1.726336717605590820e+00,-4.182554244995117188e+00,5.319152912259955457e+00,1.052000000000000000e+03,2.816289325606116112e+00
1.090136568546295166e+02,-3.802368545532226562e+01,5.568944168090820312e+01,2.270599603652954102e+00,-3.872616052627563477e+00,2.331925452022764578e+00,1.055000000000000000e+03,3.005179151522489267e+00
1.092607798576354980e+02,-3.740149688720703125e+01,5.476239776611328125e+01,2.785886764526367188e+00,-3.552413463592529297e+00,1.758966220076568332e+00,1.057000000000000000e+03,3.042006221018114687e+00
1.095125150680541992e+02,-3.666003417968750000e+01,5.389766311645507812e+01,3.222187757492065430e+00,-3.405764102935791016e+00,1.344022608943390651e+00,1.059000000000000000e+03,2.950729975206714872e+00
1.097608990669250488e+02,-3.582438659667968750e+01,5.305435562133789062e+01,3.510620594024658203e+00,-3.337581872940063477e+00,1.030658008591780250e+00,1.061000000000000000e+03,2.780304676495376714e+00
1.100089740753173828e+02,-3.492921447753906250e+01,5.223659896850585938e+01,3.702865600585937500e+00,-3.245213985443115234e+00,7.035691359606975892e-01,1.064000000000000000e+03,2.531441624731943119e+00
1.102611529827117920e+02,-3.398702621459960938e+01,5.143978118896484375e+01,3.833001375198364258e+00,-3.162118196487426758e+00,3.777494452202490582e-01,1.066000000000000000e+03,2.240602738297750030e+00
1.105156068801879883e+02,-3.301802444458007812e+01,5.066090011596679688e+01,3.916423797607421875e+00,-3.114766359329223633e+00,7.540826101212336208e-02,1.069000000000000000e+03,1.921791287555914218e+00
1.107631840705871582e+02,-3.202336120605468750e+01,4.988249206542968750e+01,3.964236259460449219e+00,-3.102388381958007812e+00,-2.047993571416359404e-01,1.071000000000000000e+03,1.568309203239616867e+00
1.110148158073425293e+02,-3.101222991943359375e+01,4.909793472290039062e+01,3.978178501129150391e+00,-3.118557453155517578e+00,-4.606352123230329498e-01,1.074000000000000000e+03,1.233822646987449811e+00
1.112635078430175781e+02,-3.000997161865234375e+01,4.831406021118164062e+01,3.962798833847045898e+00,-3.159411430358886719e+00,-6.833930554761808995e-01,1.076000000000000000e+03,8.643721064183328417e-01
1.115163769721984863e+02,-2.901456832885742188e+01,4.751585388183593750e+01,3.919912099838256836e+00,-3.223974704742431641e+00,-8.660258656768582419e-01,1.078000000000000000e+03,5.797974577662575735e-01
1.117606399059295654e+02,-2.803618431091308594e+01,4.670061874389648438e+01,3.852533578872680664e+00,-3.306226968765258789e+00,-1.003749502731562826e+00,1.081000000000000000e+03,2.207663542799356560e-01
1.120138988494873047e+02,-2.707014656066894531e+01,4.585659790039062500e+01,3.763156175613403320e+00,-3.401330471038818359e+00,-1.096235113768754710e+00,1.083000000000000000e+03,2.389720356807469581e-01
1.122623028755187988e+02,-2.613685226440429688e+01,4.499545288085937500e+01,3.657231092453002930e+00,-3.501104116439819336e+00,-1.143397174701774377e+00,1.086000000000000000e+03,3.119361590197843870e-01
1.125130748748779297e+02,-2.522796058654785156e+01,4.410497665405273438e+01,3.537649154663085938e+00,-3.603317737579345703e+00,-1.147733198097392160e+00,1.088000000000000000e+03,5.739306117623607095e-01
1.127619409561157227e+02,-2.434713745117187500e+01,4.318531036376953125e+01,3.409866333007812500e+00,-3.704683780670166016e+00,-1.113587171704554901e+00,1.091000000000000000e+03,6.917609183217756641e-01
1.130151438713073730e+02,-2.348704528808593750e+01,4.222646331787109375e+01,3.276975154876708984e+00,-3.802420854568481445e+00,-1.045726515577112714e+00,1.094000000000000000e+03,8.475738500562062239e-01
1.132614667415618896e+02,-2.267255783081054688e+01,4.125551986694335938e+01,3.146018505096435547e+00,-3.891304969787597656e+00,-9.505248121761524782e-01,1.096000000000000000e+03,9.106723533406489990e-01
1.135164368152618408e+02,-2.189110374450683594e+01,4.026360321044921875e+01,3.020692586898803711e+00,-3.970634460449218750e+00,-8.358707132484005653e-01,1.099000000000000000e+03,9.711017383896951571e-01
1.137596158981323242e+02,-2.114316368103027344e+01,3.925692367553710938e+01,2.906449317932128906e+00,-4.039536476135253906e+00,-7.097703851544150400e-01,1.101000000000000000e+03,9.714367294947759968e-01
1.140107970237731934e+02,-2.042033767700195312e+01,3.823043441772460938e+01,2.806852817535400391e+00,-4.100666046142578125e+00,-5.770062314747866905e-01,1.104000000000000000e+03,9.593988973510939600e-01
1.142624177932739258e+02,-1.972399711608886719e+01,3.719313812255859375e+01,2.723878145217895508e+00,-4.152251720428466797e+00,-4.430497450554315431e-01,1.106000000000000000e+03,9.045457029203822774e-01
1.145117759704589844e+02,-1.904863929748535156e+01,3.614775085449218750e+01,2.656460046768188477e+00,-4.190719604492187500e+00,-3.128495054347790738e-01,1.109000000000000000e+03,8.431269212751870690e-01
1.147583677768707275e+02,-1.838764572143554688e+01,3.509345626831054688e+01,2.606081962585449219e+00,-4.220262527465820312e+00,-1.890891628515743716e-01,1.111000000000000000e+03,7.482232252925926641e-01
1.150134940147399902e+02,-1.773548889160156250e+01,3.402920150756835938e+01,2.574743270874023438e+00,-4.243698120117187500e+00,-7.470776796317035728e-02,1.114000000000000000e+03,6.619355325455635874e-01
1.152605450153350830e+02,-1.708504295349121094e+01,3.295262145996093750e+01,2.560430526733398438e+00,-4.259076595306396484e+00,2.803422198769033036e-02,1.116000000000000000e+03,5.434578098890016085e-01
1.155150308609008789e+02,-1.644345855712890625e+01,3.188411521911621094e+01,2.560754299163818359e+00,-4.266450405120849609e+00,1.165446724370290260e-01,1.119000000000000000e+03,4.509789277247960859e-01
1.157647459506988525e+02,-1.580275058746337891e+01,3.081827354431152344e+01,2.573506832122802734e+00,-4.265899181365966797e+00,1.901789348262396817e-01,1.121000000000000000e+03,3.257999178256593131e-01
1.160159039497375488e+02,-1.515555000305175781e+01,2.974956321716308594e+01,2.597563505172729492e+00,-4.258815765380859375e+00,2.484619230176658145e-01,1.124000000000000000e+03,2.631855909459450138e-01
1.162608609199523926e+02,-1.450324821472167969e+01,2.868678855895996094e+01,2.629796266555786133e+00,-4.245159149169921875e+00,2.907055187938620833e-01,1.126000000000000000e+03,1.377696735319767773e-01
1.165147178173065186e+02,-1.383906459808349609e+01,2.762439346313476562e+01,2.667681217193603516e+00,-4.224540710449218750e+00,3.168735851421499716e-01,1.129000000000000000e+03,1.614117488144687362e-01
1.167597527503967285e+02,-1.316608715057373047e+01,2.657048988342285156e+01,2.708401441574096680e+00,-4.199930191040039062e+00,3.290714962767595231e-01,1.131000000000000000e+03,1.077836717835060909e-01
1.170137369632720947e+02,-1.247726249694824219e+01,2.551543807983398438e+01,2.750649452209472656e+00,-4.172175884246826172e+00,3.287605527120673887e-01,1.134000000000000000e+03,1.891281896017622255e-01
1.172650249004364014e+02,-1.177207374572753906e+01,2.446023941040039062e+01,2.790979146957397461e+00,-4.141062259674072266e+00,3.177201686500918942e-01,1.136000000000000000e+03,2.146963684270690731e-01
1.175149669647216797e+02,-1.106489086151123047e+01,2.342405319213867188e+01,2.827867269515991211e+00,-4.108750820159912109e+00,2.986868868909531294e-01,1.139000000000000000e+03,2.405376469467524481e-01
1.177619638442993164e+02,-1.034868144989013672e+01,2.239654350280761719e+01,2.862457990646362305e+00,-4.077214717864990234e+00,2.722907653829811925e-01,1.141000000000000000e+03,2.773119177983564554e-01
1.180127568244934082e+02,-9.625796318054199219e+00,2.138013458251953125e+01,2.894293069839477539e+00,-4.049635410308837891e+00,2.412687108108302336e-01,1.144000000000000000e+03,2.737234522479237708e-01
1.182624759674072266e+02,-8.890280723571777344e+00,2.036393165588378906e+01,2.923226833343505859e+00,-4.026827812194824219e+00,2.075141862010422278e-01,1.146000000000000000e+03,2.985572481457293148e-01
1.185150587558746338e+02,-8.155482292175292969e+00,1.936416435241699219e+01,2.947525262832641602e+00,-4.007125854492187500e+00,1.723110779593947928e-01,1.149000000000000000e+03,2.712177631772033637e-01
1.187622439861297607e+02,-7.412850856781005859e+00,1.836654663085937500e+01,2.967755556106567383e+00,-3.990315198898315430e+00,1.362407353932513498e-01,1.151000000000000000e+03,2.799484142181814517e-01
1.190104098320007324e+02,-6.661084175109863281e+00,1.736916160583496094e+01,2.985255479812622070e+00,-3.978868961334228516e+00,9.982983892893369793e-02,1.154000000000000000e+03,2.405065098435254789e-01
1.192637379169464111e+02,-5.895045280456542969e+00,1.636159706115722656e+01,2.998318433761596680e+00,-3.971113920211791992e+00,6.489457441713275543e-02,1.156000000000000000e+03,2.566411839523053962e-01
1.195160019397735596e+02,-5.137235641479492188e+00,1.536926174163818359e+01,3.004358768463134766e+00,-3.967396020889282227e+00,3.617380826060306170e-02,1.159000000000000000e+03,1.822082823747886715e-01
1.197605028152465820e+02,-4.379041671752929688e+00,1.437803745269775391e+01,3.005048274993896484e+00,-3.966863870620727539e+00,1.287968434650136468e-02,1.161000000000000000e+03,2.208388509186624826e-01
1.200140898227691650e+02,-3.622796297073364258e+00,1.339028835296630859e+01,3.002487182617187500e+00,-3.969131708145141602e+00,-6.505264018805564930e-03,1.164000000000000000e+03,1.314780134053794847e-01
1.202616057395935059e+02,-2.864991426467895508e+00,1.239766883850097656e+01,2.998013973236083984e+00,-3.975826740264892578e+00,-2.047130199215971280e-02,1.166000000000000000e+03,1.919821778478189300e-01
1.205140509605407715e+02,-2.113146305084228516e+00,1.140827178955078125e+01,2.990126848220825195e+00,-3.983624935150146484e+00,-2.880304354742624015e-02,1.169000000000000000e+03,9.402056945226827667e-02
1.207599411010742188e+02,-1.364421010017395020e+00,1.041863346099853516e+01,2.981758594512939453e+00,-3.990961313247680664e+00,-3.497073956077880602e-02,1.171000000000000000e+03,1.701651354876322353e-01
1.210119588375091553e+02,-6.148998141288757324e-01,9.423844337463378906e+00,2.974190235137939453e+00,-4.000688552856445312e+00,-3.852698017320846380e-02,1.174000000000000000e+03,8.282973597411670552e-02
1.212604269981384277e+02,1.361221224069595337e-01,8.422819137573242188e+00,2.966817378997802734e+00,-4.011505126953125000e+00,-3.971270214671634297e-02,1.176000000000000000e+03,1.729851998378926781e-01
1.215162098407745361e+02,8.909636735916137695e-01,7.411806583404541016e+00,2.958897352218627930e+00,-4.022252559661865234e+00,-3.834814012315135995e-02,1.179000000000000000e+03,6.347669749704827613e-02
1.217615847587585449e+02,1.636797189712524414e+00,6.406599521636962891e+00,2.949697256088256836e+00,-4.032559871673583984e+00,-3.321955956666705623e-02,1.181000000000000000e+03,1.975999119597677267e-01
1.220145969390869141e+02,2.378216028213500977e+00,5.401458263397216797e+00,2.938713788986206055e+00,-4.040394306182861328e+00,-2.535331586706570522e-02,1.184000000000000000e+03,6.347420229772696154e-02
1.222660410404205322e+02,3.120010852813720703e+00,4.390557289123535156e+00,2.927402973175048828e+00,-4.046058177947998047e+00,-1.608786330987979282e-02,1.186000000000000000e+03,2.112651842752831244e-01
1.225128040313720703e+02,3.856640577316284180e+00,3.381752252578735352e+00,2.916814088821411133e+00,-4.049736976623535156e+00,-6.281494402197848256e-03,1.189000000000000000e+03,5.835547934009722992e-02
1.227619040012359619e+02,4.592977523803710938e+00,2.368067741394042969e+00,2.906464099884033203e+00,-4.052202701568603516e+00,5.037009283246303426e-03,1.191000000000000000e+03,2.219023400958280157e-01
1.230101249217987061e+02,5.325059413909912109e+00,1.356368064880371094e+00,2.898081064224243164e+00,-4.054251670837402344e+00,1.627255919191774799e-02,1.194000000000000000e+03,4.693377326710618247e-02
1.232597348690032959e+02,6.060654640197753906e+00,3.370453417301177979e-01,2.891990423202514648e+00,-4.055997848510742188e+00,2.674582938531501128e-02,1.196000000000000000e+03,2.348526650729078902e-01
1.235132977962493896e+02,6.799671649932861328e+00,-6.894982457160949707e-01,2.887079954147338867e+00,-4.056446552276611328e+00,3.665066982366390475e-02,1.199000000000000000e+03,2.476766191214602175e-02
1.237629380226135254e+02,7.529562473297119141e+00,-1.705585718154907227e+00,2.883180379867553711e+00,-4.055596351623535156e+00,4.591168177181955551e-02,1.202000000000000000e+03,2.411967178647915488e-01
1.240150697231292725e+02,8.259188652038574219e+00,-2.721493721008300781e+00,2.881121397018432617e+00,-4.054402828216552734e+00,5.355788036750835923e-02,1.204000000000000000e+03,1.555700632280342804e-02
1.242617378234863281e+02,8.985886573791503906e+00,-3.733362913131713867e+00,2.880924701690673828e+00,-4.053194999694824219e+00,5.967559031612708342e-02,1.207000000000000000e+03,2.352089051312555579e-01
1.245118887424468994e+02,9.717008590698242188e+00,-4.751067161560058594e+00,2.881954431533813477e+00,-4.052066326141357422e+00,6.473939454724614295e-02,1.209000000000000000e+03,2.352949859790845477e-02
1.247602429389953613e+02,1.044107818603515625e+01,-5.758515357971191406e+00,2.883049726486206055e+00,-4.050292015075683594e+00,6.910434475210619487e-02,1.212000000000000000e+03,2.332202109543308199e-01
1.250100789070129395e+02,1.116591072082519531e+01,-6.765895843505859375e+00,2.884380102157592773e+00,-4.047282218933105469e+00,7.203850620726745535e-02,1.214000000000000000e+03,2.802663466617487734e-02
1.252595839500427246e+02,1.189319515228271484e+01,-7.775269031524658203e+00,2.888038635253906250e+00,-4.046365261077880859e+00,7.371039995204478612e-02,1.217000000000000000e+03,2.406047354406416205e-01
1.255124547481536865e+02,1.263099956512451172e+01,-8.798779487609863281e+00,2.892853498458862305e+00,-4.046873092651367188e+00,7.516441824994528342e-02,1.219000000000000000e+03,4.689505940423681352e-02
1.257661170959472656e+02,1.336049365997314453e+01,-9.809970855712890625e+00,2.897958993911743164e+00,-4.047377109527587891e+00,7.597164366344670572e-02,1.222000000000000000e+03,2.253803309523883525e-01
1.260159730911254883e+02,1.409189128875732422e+01,-1.082123756408691406e+01,2.903756141662597656e+00,-4.047140121459960938e+00,7.463060772779585295e-02,1.224000000000000000e+03,5.771968850532058215e-02
1.262659497261047363e+02,1.482285404205322266e+01,-1.182938766479492188e+01,2.909359455108642578e+00,-4.046578884124755859e+00,7.210618649536053304e-02,1.227000000000000000e+03,2.247743349353247266e-01
1.265158088207244873e+02,1.555732059478759766e+01,-1.284138202667236328e+01,2.914323329925537109e+00,-4.045904636383056641e+00,6.959041323697977288e-02,1.229000000000000000e+03,6.477357682766216040e-02
1.267621998786926270e+02,1.629068946838378906e+01,-1.385033988952636719e+01,2.918250322341918945e+00,-4.043844699859619141e+00,6.638410159750637862e-02,1.232000000000000000e+03,2.192108788486776261e-01
1.270153398513793945e+02,1.702581977844238281e+01,-1.485859298706054688e+01,2.921294927597045898e+00,-4.040408134460449219e+00,6.164013945140471573e-02,1.234000000000000000e+03,6.805678003431907264e-02
1.272613370418548584e+02,1.776458930969238281e+01,-1.586978816986083984e+01,2.923899173736572266e+00,-4.037432670593261719e+00,5.658779268206375751e-02,1.237000000000000000e+03,2.099637175417639057e-01
1.275129368305206299e+02,1.850614547729492188e+01,-1.688381195068359375e+01,2.925348997116088867e+00,-4.034656047821044922e+00,5.212734329480402107e-02,1.239000000000000000e+03,7.699107688752217238e-02
1.277655568122863770e+02,1.925227737426757812e+01,-1.790343666076660156e+01,2.925045013427734375e+00,-4.030908584594726562e+00,4.818998056188449064e-02,1.242000000000000000e+03,1.810872742932777002e-01
1.280172829627990723e+02,1.999093246459960938e+01,-1.891243743896484375e+01,2.924300432205200195e+00,-4.028364658355712891e+00,4.515937734691378297e-02,1.244000000000000000e+03,9.242652099287279599e-02
1.282614719867706299e+02,2.072728157043457031e+01,-1.991742706298828125e+01,2.924157619476318359e+00,-4.026856899261474609e+00,4.187690991436959775e-02,1.247000000000000000e+03,1.744029494117632084e-01
1.285120470523834229e+02,2.146619415283203125e+01,-2.092551612854003906e+01,2.924471616744995117e+00,-4.026701927185058594e+00,3.884102868206829734e-02,1.249000000000000000e+03,9.348734973159465722e-02
1.287635607719421387e+02,2.220268440246582031e+01,-2.193033790588378906e+01,2.924227476119995117e+00,-4.026662349700927734e+00,3.634866573655196748e-02,1.252000000000000000e+03,1.682440946309518848e-01
1.290126399993896484e+02,2.294215011596679688e+01,-2.293927383422851562e+01,2.923022985458374023e+00,-4.026199340820312500e+00,3.439269788288706886e-02,1.254000000000000000e+03,9.608869414023242517e-02
1.292635879516601562e+02,2.367923927307128906e+01,-2.394591903686523438e+01,2.921732425689697266e+00,-4.026777267456054688e+00,4.035983419229136615e+00,1.257000000000000000e+03,1.907107774841165504e-01
1.295126760005950928e+02,2.442157363891601562e+01,-2.495841789245605469e+01,2.938052177429199219e+00,-4.003695964813232422e+00,4.845818014081756608e+00,1.259000000000000000e+03,3.135848857764099717e-01
1.297670509815216064e+02,2.518587684631347656e+01,-2.594775199890136719e+01,3.098786115646362305e+00,-3.779138565063476562e+00,5.373240345856234335e+00,1.261000000000000000e+03,7.280419562605242589e-01
1.300157239437103271e+02,2.600580596923828125e+01,-2.683256530761718750e+01,3.455005645751953125e+00,-3.270635843276977539e+00,5.729873408535297585e+00,1.264000000000000000e+03,1.158823238063923622e+00
1.302658748626708984e+02,2.692022514343261719e+01,-2.757689094543457031e+01,3.860297918319702148e+00,-2.655573368072509766e+00,5.722310893147806610e+00,1.266000000000000000e+03,1.565602259437535393e+00
1.305166568756103516e+02,2.791714096069335938e+01,-2.817103767395019531e+01,4.164937496185302734e+00,-2.050603389739990234e+00,2.315357545324410182e+00,1.268000000000000000e+03,1.894362551953466811e+00
1.307658460140228271e+02,2.898310470581054688e+01,-2.862102508544921875e+01,4.390378475189208984e+00,-1.477850556373596191e+00,1.809403201130396432e+00,1.270000000000000000e+03,2.076806394782022114e+00
1.310147368907928467e+02,3.009762001037597656e+01,-2.894901847839355469e+01,4.629199504852294922e+00,-1.117433786392211914e+00,1.475415703577982685e+00,1.272000000000000000e+03,2.141609216420297557e+00
1.312654027938842773e+02,3.126861000061035156e+01,-2.920520019531250000e+01,4.790729522705078125e+00,-8.909749984741210938e-01,1.232450150380079323e+00,1.275000000000000000e+03,2.100585303969851214e+00
1.315124599933624268e+02,3.247386169433593750e+01,-2.940443229675292969e+01,4.868337154388427734e+00,-6.863376498222351074e-01,9.670488836223636309e-01,1.277000000000000000e+03,2.012898259360217601e+00
1.317633330821990967e+02,3.371180343627929688e+01,-2.955419731140136719e+01,4.906815052032470703e+00,-5.108987689018249512e-01,6.917422605335301622e-01,1.280000000000000000e+03,1.859690253030829465e+00
1.320123538970947266e+02,3.494343948364257812e+01,-2.966282272338867188e+01,4.930079460144042969e+00,-3.830484151840209961e-01,4.355452591431209219e-01,1.282000000000000000e+03,1.675586492352762802e+00
1.322649588584899902e+02,3.618176269531250000e+01,-2.974360275268554688e+01,4.949007034301757812e+00,-2.963255345821380615e-01,1.969198895092557633e-01,1.285000000000000000e+03,1.459808963414250149e+00
1.325146689414978027e+02,3.742149734497070312e+01,-2.980673027038574219e+01,4.966549396514892578e+00,-2.471902817487716675e-01,-2.119223738739454965e-02,1.287000000000000000e+03,1.223905002442800205e+00
1.327623469829559326e+02,3.867019653320312500e+01,-2.986133003234863281e+01,4.982268810272216797e+00,-2.310444116592407227e-01,-2.187287767076795675e-01,1.290000000000000000e+03,9.910969214679355987e-01
1.330127580165863037e+02,3.991987228393554688e+01,-2.991556167602539062e+01,4.994971275329589844e+00,-2.436535507440567017e-01,-3.921494659946982986e-01,1.292000000000000000e+03,7.343561945581533745e-01
1.332648608684539795e+02,4.117428970336914062e+01,-2.997592926025390625e+01,5.002271175384521484e+00,-2.818432450294494629e-01,-5.391580286603031569e-01,1.295000000000000000e+03,5.293200781326568016e-01
1.335151929855346680e+02,4.243461227416992188e+01,-3.004925918579101562e+01,5.003426551818847656e+00,-3.419995903968811035e-01,-6.569603681594404776e-01,1.297000000000000000e+03,2.685669133592019642e-01
1.337634909152984619e+02,4.369919967651367188e+01,-3.014065551757812500e+01,4.997932434082031250e+00,-4.212694764137268066e-01,-7.428158834858501480e-01,1.300000000000000000e+03,1.948101586398261198e-01
1.340125679969787598e+02,4.497152328491210938e+01,-3.025522804260253906e+01,4.986040592193603516e+00,-5.170276761054992676e-01,-7.951562260241117341e-01,1.302000000000000000e+03,1.620012987086080769e-01
1.342660028934478760e+02,4.622817611694335938e+01,-3.039448165893554688e+01,4.967581748962402344e+00,-6.232912540435791016e-01,-8.137577436423155675e-01,1.305000000000000000e+03,3.411170679065912426e-01
1.345176429748535156e+02,4.747546005249023438e+01,-3.056084060668945312e+01,4.943956851959228516e+00,-7.352545857429504395e-01,-8.028503190752415142e-01,1.307000000000000000e+03,4.505169633378562910e-01
1.347662498950958252e+02,4.871981048583984375e+01,-3.075685310363769531e+01,4.916728496551513672e+00,-8.496212363243103027e-01,-7.654918613623739043e-01,1.310000000000000000e+03,5.604754486511407396e-01
1.350170819759368896e+02,4.995276641845703125e+01,-3.098104286193847656e+01,4.888556957244873047e+00,-9.612482190132141113e-01,-7.073014073193960582e-01,1.312000000000000000e+03,6.322339174900091230e-01
1.352611908912658691e+02,5.117778778076171875e+01,-3.123205947875976562e+01,4.857811927795410156e+00,-1.066258668899536133e+00,-6.333018714569503826e-01,1.315000000000000000e+03,6.776977091492937255e-01
1.355161767005920410e+02,5.239111328125000000e+01,-3.150794982910156250e+01,4.831098079681396484e+00,-1.163850069046020508e+00,-5.473890892490197446e-01,1.317000000000000000e+03,7.010201165576063209e-01
1.357648329734802246e+02,5.360673522949218750e+01,-3.180983352661132812e+01,4.809586048126220703e+00,-1.251953959465026855e+00,-4.536755475713416530e-01,1.320000000000000000e+03,6.920509352197492525e-01
1.360168108940124512e+02,5.482563018798828125e+01,-3.213530349731445312e+01,4.791136741638183594e+00,-1.327447056770324707e+00,-3.562348900667251517e-01,1.322000000000000000e+03,6.778880810551489722e-01
1.362646009922027588e+02,5.602882766723632812e+01,-3.247469329833984375e+01,4.775608539581298828e+00,-1.387794852256774902e+00,-2.609705401913146594e-01,1.325000000000000000e+03,6.194161510966517126e-01
1.365186128616333008e+02,5.722874832153320312e+01,-3.282807159423828125e+01,4.763278484344482422e+00,-1.435027480125427246e+00,-1.681275586763194274e-01,1.327000000000000000e+03,5.844556461944993009e-01
1.367685699462890625e+02,5.842143630981445312e+01,-3.319128036499023438e+01,4.754473686218261719e+00,-1.468966126441955566e+00,-8.024917699990247177e-02,1.330000000000000000e+03,4.922910740323470646e-01
1.370180699825286865e+02,5.962062072753906250e+01,-3.356425094604492188e+01,4.750055313110351562e+00,-1.488991260528564453e+00,-6.843064085153408894e-04,1.332000000000000000e+03,4.533411884631313171e-01
1.372610058784484863e+02,6.080811691284179688e+01,-3.393773651123046875e+01,4.748695373535156250e+00,-1.495700001716613770e+00,6.796646860384414346e-02,1.335000000000000000e+03,3.350454762770169181e-01
1.375165460109710693e+02,6.200048828125000000e+01,-3.431312561035156250e+01,4.749927520751953125e+00,-1.490019440650939941e+00,1.246700176182228420e-01,1.337000000000000000e+03,3.181790739287697622e-01
1.377631258964538574e+02,6.319807052612304688e+01,-3.468709182739257812e+01,4.753389835357666016e+00,-1.474243044853210449e+00,1.691008273416536312e-01,1.340000000000000000e+03,1.757452014120589878e-01
1.380157067775726318e+02,6.441361999511718750e+01,-3.506125640869140625e+01,4.757885456085205078e+00,-1.450189232826232910e+00,2.021301811674437177e-01,1.342000000000000000e+03,2.544058635095922671e-01
1.382633090019226074e+02,6.561370849609375000e+01,-3.542361831665039062e+01,4.761817932128906250e+00,-1.419639825820922852e+00,2.229420923388436560e-01,1.345000000000000000e+03,3.038703590726674411e-02
1.385183737277984619e+02,6.681405639648437500e+01,-3.577680969238281250e+01,4.767114639282226562e+00,-1.384741544723510742e+00,2.321901767012436724e-01,1.348000000000000000e+03,2.454770428564683193e-01
1.387672469615936279e+02,6.801058959960937500e+01,-3.611945724487304688e+01,4.774254322052001953e+00,-1.349344968795776367e+00,2.332581467806744968e-01,1.350000000000000000e+03,7.575590277516015825e-02
1.390160968303680420e+02,6.921340942382812500e+01,-3.645362091064453125e+01,4.783820629119873047e+00,-1.314232587814331055e+00,2.265223412114537871e-01,1.353000000000000000e+03,2.626625136165397500e-01
1.392643649578094482e+02,7.041590881347656250e+01,-3.677770233154296875e+01,4.794780254364013672e+00,-1.280448317527770996e+00,2.132915634657430726e-01,1.355000000000000000e+03,1.434641758937446332e-01
1.395164520740509033e+02,7.162059020996093750e+01,-3.709339141845703125e+01,4.803986072540283203e+00,-1.249157071113586426e+00,1.962041869088130275e-01,1.358000000000000000e+03,2.822242815022056872e-01
1.397629737854003906e+02,7.282962799072265625e+01,-3.740195083618164062e+01,4.811588287353515625e+00,-1.220154643058776855e+00,1.755645994242304997e-01,1.360000000000000000e+03,1.764488252718638128e-01
1.400165040493011475e+02,7.404347991943359375e+01,-3.770486831665039062e+01,4.818432331085205078e+00,-1.194546222686767578e+00,1.533007989069042065e-01,1.363000000000000000e+03,2.813476395412380371e-01
1.402678968906402588e+02,7.526517486572265625e+01,-3.800265884399414062e+01,4.823576927185058594e+00,-1.171744227409362793e+00,1.288646687970799731e-01,1.365000000000000000e+03,1.852796288308241890e-01
1.405174019336700439e+02,7.647527313232421875e+01,-3.829149246215820312e+01,4.828955173492431641e+00,-1.153193473815917969e+00,1.039559368733810468e-01,1.368000000000000000e+03,2.625051572080411844e-01
1.407672939300537109e+02,7.768285369873046875e+01,-3.857505798339843750e+01,4.835534572601318359e+00,-1.138983368873596191e+00,7.954416037356555613e-02,1.370000000000000000e+03,1.669477509602021736e-01
1.410144128799438477e+02,7.889656066894531250e+01,-3.885587692260742188e+01,4.844248294830322266e+00,-1.128504872322082520e+00,5.511559252460491998e-02,1.373000000000000000e+03,2.437359050798978688e-01
1.412652778625488281e+02,8.010647583007812500e+01,-3.913338088989257812e+01,4.850592613220214844e+00,-1.122748970985412598e+00,3.398712345574274318e-02,1.375000000000000000e+03,1.355308145808783449e-01
1.415145368576049805e+02,8.131885528564453125e+01,-3.940978622436523438e+01,4.853961467742919922e+00,-1.120147109031677246e+00,1.528288138980763225e-02,1.378000000000000000e+03,2.230173322716175743e-01
1.417652919292449951e+02,8.252871704101562500e+01,-3.968549346923828125e+01,4.858656406402587891e+00,-1.121423721313476562e+00,-2.114229827452145750e-05,1.380000000000000000e+03,9.958695942115082522e-02
1.420157659053802490e+02,8.374925231933593750e+01,-3.996292114257812500e+01,4.863659858703613281e+00,-1.125179052352905273e+00,-1.368821963829971317e-02,1.383000000000000000e+03,1.991843195534203914e-01
1.422685489654541016e+02,8.498004913330078125e+01,-4.024252319335937500e+01,4.865805625915527344e+00,-1.130633115768432617e+00,-2.533631822749784698e-02,1.385000000000000000e+03,9.112027893250405908e-02
1.425186469554901123e+02,8.620076751708984375e+01,-4.052190017700195312e+01,4.866521358489990234e+00,-1.138465285301208496e+00,-3.266653698329240879e-02,1.388000000000000000e+03,1.602972887608766495e-01
1.427676069736480713e+02,8.742190551757812500e+01,-4.080311203002929688e+01,4.864369392395019531e+00,-1.146899461746215820e+00,-3.743953057515199412e-02,1.390000000000000000e+03,1.011817603926061515e-01
1.430186290740966797e+02,8.863880920410156250e+01,-4.108579254150390625e+01,4.860340118408203125e+00,-1.156867265701293945e+00,-3.838198379452260195e-02,1.393000000000000000e+03,1.405773389615020685e-01
1.432650458812713623e+02,8.986312866210937500e+01,-4.137390899658203125e+01,4.855856418609619141e+00,-1.169337987899780273e+00,-3.404671658934337042e-02,1.395000000000000000e+03,1.251172162126965304e-01
1.435133018493652344e+02,9.107484436035156250e+01,-4.166236495971679688e+01,4.850215435028076172e+00,-1.180858731269836426e+00,-2.776343874010682444e-02,1.398000000000000000e+03,1.242622086010218008e-01
1.437646069526672363e+02,9.228955841064453125e+01,-4.195503997802734375e+01,4.843370437622070312e+00,-1.191361784934997559e+00,-1.954169143125079194e-02,1.400000000000000000e+03,1.381978731815926842e-01
1.440150179862976074e+02,9.350772094726562500e+01,-4.225128173828125000e+01,4.836919784545898438e+00,-1.200511574745178223e+00,-1.067286828937631833e-02,1.403000000000000000e+03,1.077484014397873530e-01
1.442699906826019287e+02,9.474117279052734375e+01,-4.255320739746093750e+01,4.831766128540039062e+00,-1.207915425300598145e+00,-2.351119159226722558e-03,1.405000000000000000e+03,1.771373877020967214e-01
1.445194039344787598e+02,9.595599365234375000e+01,-4.285308074951171875e+01,4.826517105102539062e+00,-1.213736414909362793e+00,6.346178849800623162e-03,1.408000000000000000e+03,7.259049570732538370e-02
1.447901077270507812e+02,9.716906738281250000e+01,-4.315423583984375000e+01,4.822296142578125000e+00,-1.218232154846191406e+00,1.479074057896098866e-02,1.410000000000000000e+03,1.928542458868427178e-01
1.450227320194244385e+02,9.837784576416015625e+01,-4.345536041259765625e+01,4.820127010345458984e+00,-1.221310853958129883e+00,2.212848795038746541e-02,1.413000000000000000e+03,5.850933769431844456e-02
1.452676339149475098e+02,9.959024047851562500e+01,-4.375835037231445312e+01,4.819476127624511719e+00,-1.223319530487060547e+00,2.879640253909113157e-02,1.415000000000000000e+03,2.027632214876419203e-01
1.455245218276977539e+02,1.007953872680664062e+02,-4.405995941162109375e+01,4.818505287170410156e+00,-1.223870038986206055e+00,3.442102224026061946e-02,1.418000000000000000e+03,4.732217496225738645e-02
1.457651669979095459e+02,1.019979476928710938e+02,-4.436049270629882812e+01,4.817975044250488281e+00,-1.223435282707214355e+00,3.864992434210347272e-02,1.420000000000000000e+03,1.997753644355413916e-01
1.460158298015594482e+02,1.032054824829101562e+02,-4.466170501708984375e+01,4.821538925170898438e+00,-1.223221063613891602e+00,4.171349225593337651e-02,1.423000000000000000e+03,4.626517204419791640e-02
1.462643978595733643e+02,1.044190063476562500e+02,-4.496492385864257812e+01,4.826184272766113281e+00,-1.223524808883666992e+00,4.543571160804573544e-02,1.425000000000000000e+03,2.109886051404943341e-01
1.465189490318298340e+02,1.056418914794921875e+02,-4.527048492431640625e+01,4.829359531402587891e+00,-1.223018288612365723e+00,4.876315544055591367e-02,1.428000000000000000e+03,2.282223273175082445e-02
1.467646617889404297e+02,1.068541717529296875e+02,-4.557334899902343750e+01,4.831849098205566406e+00,-1.221951723098754883e+00,5.163765830703762744e-02,1.430000000000000000e+03,2.374068953652041236e-01
1.470144898891448975e+02,1.080637207031250000e+02,-4.587519836425781250e+01,4.833621501922607422e+00,-1.220027685165405273e+00,5.358988906828172222e-02,1.433000000000000000e+03,2.474579751094501887e-02
1.472646079063415527e+02,1.092782745361328125e+02,-4.617762374877929688e+01,4.835323810577392578e+00,-1.217279553413391113e+00,5.426976940517903164e-02,1.436000000000000000e+03,2.476894301419725053e-01
1.475165078639984131e+02,1.104891967773437500e+02,-4.647810745239257812e+01,4.836025238037109375e+00,-1.213840484619140625e+00,5.371945818953421936e-02,1.438000000000000000e+03,3.329233820460238136e-02
1.477666878700256348e+02,1.117046890258789062e+02,-4.677845001220703125e+01,4.835136413574218750e+00,-1.209829926490783691e+00,5.203361669801422063e-02,1.441000000000000000e+03,2.331606635112337678e-01
1.480144128799438477e+02,1.129168472290039062e+02,-4.707663345336914062e+01,4.834492683410644531e+00,-1.205881714820861816e+00,4.933934925862489690e-02,1.443000000000000000e+03,4.349252065187588639e-02
1.482643349170684814e+02,1.141373901367187500e+02,-4.737574005126953125e+01,4.833539009094238281e+00,-1.202757954597473145e+00,4.666783138046958629e-02,1.446000000000000000e+03,2.128880778523625505e-01
1.485163328647613525e+02,1.153648223876953125e+02,-4.767629623413085938e+01,4.830720901489257812e+00,-1.200220942497253418e+00,4.482144283167442678e-02,1.448000000000000000e+03,7.038508319505025479e-02
1.487640678882598877e+02,1.165787124633789062e+02,-4.797352218627929688e+01,4.827812671661376953e+00,-1.198240160942077637e+00,4.352675996536487651e-02,1.451000000000000000e+03,1.840998387454448604e-01
1.490181899070739746e+02,1.177921142578125000e+02,-4.827026748657226562e+01,4.826508045196533203e+00,-1.196656346321105957e+00,4.197430458416362420e-02,1.453000000000000000e+03,8.314770442156586838e-02
1.492651808261871338e+02,1.190014953613281250e+02,-4.856595993041992188e+01,4.826969146728515625e+00,-1.195491075515747070e+00,4.036736250115219998e-02,1.456000000000000000e+03,1.741368819195761031e-01
1.495178318023681641e+02,1.202191390991210938e+02,-4.886312866210937500e+01,4.828252315521240234e+00,-1.194332242012023926e+00,3.816421533882501105e-02,1.458000000000000000e+03,9.561933106373546321e-02
1.497642838954925537e+02,1.214289550781250000e+02,-4.915784835815429688e+01,4.829575538635253906e+00,-1.193419933319091797e+00,3.579133599184666087e-02,1.461000000000000000e+03,1.595238147669380546e-01
1.500161318778991699e+02,1.226423110961914062e+02,-4.945336914062500000e+01,4.828228473663330078e+00,-1.192362785339355469e+00,3.385013961263982907e-02,1.463000000000000000e+03,1.038854458413070309e-01
1.502634589672088623e+02,1.238582153320312500e+02,-4.974928283691406250e+01,4.826240539550781250e+00,-1.191247701644897461e+00,3.182933452100808469e-02,1.466000000000000000e+03,1.431266305985926246e-01
1.505198299884796143e+02,1.250862350463867188e+02,-5.004808807373046875e+01,4.822865962982177734e+00,-1.190107464790344238e+00,-3.284411681540600370e+00,1.469000000000000000e+03,9.803788969363572137e-02
