t_s,x_east,y_north,v_east,v_north,a_cmd,path_idx,cte_m
2.507739067077636719e-01,5.383872776292264462e-04,1.105013536289334297e-03,2.177655929699540138e-03,-4.965670872479677200e-03,-4.201241690173992960e-02,0.000000000000000000e+00,9.157561539487065307e-04
5.018711090087890625e-01,9.378532413393259048e-04,1.204145140945911407e-03,3.050303086638450623e-02,2.674866700544953346e-03,-4.204658698543912304e-02,0.000000000000000000e+00,5.775797487909365303e-04
7.503941059112548828e-01,3.291488438844680786e-02,3.817668883129954338e-03,2.990347445011138916e-01,5.760385654866695404e-03,-4.309633692860093124e-02,0.000000000000000000e+00,3.175060138359584588e-02
9.972229003906250000e-01,1.744336634874343872e-01,4.810941405594348907e-03,9.231612682342529297e-01,-5.579721648246049881e-03,-2.896644193975727276e-03,1.000000000000000000e+00,4.032244736275791136e-02
1.253392934799194336e+00,4.903428554534912109e-01,3.466091351583600044e-03,1.686837911605834961e+00,-1.439818646758794785e-02,-4.284222347113489718e-03,2.000000000000000000e+00,1.405508952972604197e-01
1.501045942306518555e+00,9.831851124763488770e-01,1.807699562050402164e-03,2.391489744186401367e+00,-1.351748965680599213e-02,-1.238829871545201952e-02,3.000000000000000000e+00,1.443309007727856808e-01
1.748667955398559570e+00,1.640024662017822266e+00,-2.642101026140153408e-04,3.034753084182739258e+00,-1.758550480008125305e-02,-1.560259343198856091e-02,4.000000000000000000e+00,2.208361839467541665e-02
1.999473094940185547e+00,2.456743717193603516e+00,-6.245942320674657822e-03,3.647387742996215820e+00,-3.682526946067810059e-02,-6.579830242975201644e-03,6.000000000000000000e+00,1.606328258722473090e-01
2.250982046127319336e+00,3.427611589431762695e+00,-1.910263299942016602e-02,4.213649272918701172e+00,-6.611352413892745972e-02,1.216764673759136543e-02,8.000000000000000000e+00,1.821742337138950729e-01
2.503254890441894531e+00,4.525687694549560547e+00,-3.720240294933319092e-02,4.573667526245117188e+00,-7.856193929910659790e-02,2.106828363008000915e-02,1.000000000000000000e+01,7.666075670295058320e-02
2.751636981964111328e+00,5.674948215484619141e+00,-5.428139865398406982e-02,4.722323894500732422e+00,-6.115958094596862793e-02,7.509985327538931145e-03,1.200000000000000000e+01,8.045061288264369892e-02
3.001660823822021484e+00,6.849681377410888672e+00,-6.699883192777633667e-02,4.785729408264160156e+00,-4.591099917888641357e-02,-5.051684854774751710e-03,1.500000000000000000e+01,2.341040521863317070e-01
3.249922990798950195e+00,8.044724464416503906e+00,-7.792729884386062622e-02,4.828788757324218750e+00,-4.288023337721824646e-02,-8.209053660471286179e-03,1.700000000000000000e+01,3.225290759235407284e-02
3.497989177703857422e+00,9.248801231384277344e+00,-8.922181278467178345e-02,4.875132083892822266e+00,-4.519126564264297485e-02,-7.510275380810596882e-03,1.900000000000000000e+01,1.796117727173266732e-01
3.749588966369628906e+00,1.047065830230712891e+01,-1.016513183712959290e-01,4.926508903503417969e+00,-4.819570854306221008e-02,-5.645484076638821250e-03,2.200000000000000000e+01,8.815260637815133804e-02
4.000838756561279297e+00,1.170269012451171875e+01,-1.150568276643753052e-01,4.979175567626953125e+00,-5.058728903532028198e-02,-4.050908699313268517e-03,2.400000000000000000e+01,1.515987211962132597e-01
4.249708890914916992e+00,1.295616436004638672e+01,-1.299201101064682007e-01,5.029178142547607422e+00,-5.276279896497726440e-02,-2.271783110364082765e-03,2.700000000000000000e+01,8.443575163058437971e-02
4.502131938934326172e+00,1.422542095184326172e+01,-1.460343301296234131e-01,5.068742752075195312e+00,-5.500875040888786316e-02,-1.085054681024069802e-04,2.900000000000000000e+01,1.922980708074373546e-01
4.748594999313354492e+00,1.548684215545654297e+01,-1.626412570476531982e-01,5.098691463470458984e+00,-5.574949085712432861e-02,1.223037146866588938e-03,3.200000000000000000e+01,3.544404694430480091e-02
5.001969814300537109e+00,1.675549697875976562e+01,-1.788317710161209106e-01,5.124200344085693359e+00,-5.408712476491928101e-02,5.161059437750691557e-04,3.400000000000000000e+01,2.404991338485050756e-01
5.250644922256469727e+00,1.802643775939941406e+01,-1.939315497875213623e-01,5.142789840698242188e+00,-5.046416819095611572e-02,-1.997880075717757206e-03,3.700000000000000000e+01,2.270799330866812155e-02
5.501034975051879883e+00,1.931100273132324219e+01,-2.087071090936660767e-01,5.154187679290771484e+00,-4.733525589108467102e-02,-4.208071740192416768e-03,4.000000000000000000e+01,1.824139206987564210e-01
5.747156858444213867e+00,2.058532142639160156e+01,-2.232539206743240356e-01,5.156909942626953125e+00,-4.464645311236381531e-02,-5.980790878508038602e-03,4.200000000000000000e+01,9.945732741491129791e-02
5.998045921325683594e+00,2.186660575866699219e+01,-2.370683401823043823e-01,5.153884410858154297e+00,-4.173780977725982666e-02,-8.289606384070096617e-03,4.500000000000000000e+01,1.088513821182710284e-01
6.249200105667114258e+00,2.315205192565917969e+01,-2.500994503498077393e-01,5.144086837768554688e+00,-3.889212012290954590e-02,-1.051326035060331371e-02,4.700000000000000000e+01,1.841377333768350055e-01
6.504131078720092773e+00,2.445186805725097656e+01,-2.627049684524536133e-01,5.128618240356445312e+00,-3.624556213617324829e-02,-1.305209975446770636e-02,5.000000000000000000e+01,7.193425239194462667e-03
6.753484964370727539e+00,2.573126411437988281e+01,-2.748167216777801514e-01,5.111339569091796875e+00,-3.418029844760894775e-02,-1.475210138166777735e-02,5.300000000000000000e+01,2.151485708890574500e-01
6.998803853988647461e+00,2.700710487365722656e+01,-2.859649658203125000e-01,5.094317436218261719e+00,-3.167717158794403076e-02,-1.761669440357332278e-02,5.500000000000000000e+01,6.794005172529098135e-02
7.248718976974487305e+00,2.827484130859375000e+01,-2.959996163845062256e-01,5.078227996826171875e+00,-2.928224019706249237e-02,-2.004427460092124413e-02,5.800000000000000000e+01,1.535608771717649479e-01
7.502701044082641602e+00,2.954336929321289062e+01,-3.057795763015747070e-01,5.064387321472167969e+00,-2.769447118043899536e-02,-2.274538537064498683e-02,6.000000000000000000e+01,1.223528783257640806e-01
7.748609066009521484e+00,3.080687332153320312e+01,-3.160562515258789062e-01,5.052770137786865234e+00,-2.727529965341091156e-02,-2.344835996581242504e-02,6.300000000000000000e+01,1.039444087623373897e-01
7.996941089630126953e+00,3.207041168212890625e+01,-3.260585963726043701e-01,5.041533946990966797e+00,-2.723190002143383026e-02,-2.496836629616035197e-02,6.500000000000000000e+01,1.677289640836847340e-01
8.248531818389892578e+00,3.333355331420898438e+01,-3.357973992824554443e-01,5.029450416564941406e+00,-2.703640609979629517e-02,-2.556330729975484981e-02,6.800000000000000000e+01,6.114346222982693785e-02
8.496279954910278320e+00,3.459722518920898438e+01,-3.457038402557373047e-01,5.018835544586181641e+00,-2.691041678190231323e-02,-2.727001621120569291e-02,7.000000000000000000e+01,2.129924438045373292e-01
8.754395008087158203e+00,3.586777496337890625e+01,-3.553583920001983643e-01,5.010293006896972656e+00,-2.701816335320472717e-02,-2.765862531688189838e-02,7.300000000000000000e+01,2.493653780689601002e-02
9.003204107284545898e+00,3.712381362915039062e+01,-3.651799559593200684e-01,5.003366947174072266e+00,-2.790074236690998077e-02,-2.869223522320804229e-02,7.600000000000000000e+01,2.413837735698860232e-01
9.251902818679809570e+00,3.837343978881835938e+01,-3.755131959915161133e-01,4.998009681701660156e+00,-2.866476774215698242e-02,-2.821875660136668670e-02,7.800000000000000000e+01,3.498412907902562902e-02
9.499413013458251953e+00,3.962623214721679688e+01,-3.856932520866394043e-01,4.995031833648681641e+00,-2.891259267926216125e-02,-2.973596156640177443e-02,8.100000000000000000e+01,2.219572715834915999e-01
9.752349853515625000e+00,4.087500381469726562e+01,-3.961109220981597900e-01,4.993532180786132812e+00,-2.936668880283832550e-02,-2.947639227930947195e-02,8.300000000000000000e+01,5.175234275765198261e-02
1.000054502487182617e+01,4.212490844726562500e+01,-4.067248702049255371e-01,4.990370273590087891e+00,-2.992050908505916595e-02,-3.065772687858639087e-02,8.600000000000000000e+01,2.064692927810823919e-01
1.025115275382995605e+01,4.336729049682617188e+01,-4.171573817729949951e-01,4.988461494445800781e+00,-3.044918924570083618e-02,-3.023644172604750269e-02,8.800000000000000000e+01,6.300182247785883483e-02
1.049738287925720215e+01,4.461802673339843750e+01,-4.275028705596923828e-01,4.990204334259033203e+00,-3.092432208359241486e-02,-3.170471388969930970e-02,9.100000000000000000e+01,1.967988904004904505e-01
1.074918508529663086e+01,4.587911605834960938e+01,-4.386487901210784912e-01,4.993052482604980469e+00,-3.197161108255386353e-02,-3.081848313033998601e-02,9.300000000000000000e+01,9.014940916199132293e-02
1.099959182739257812e+01,4.712875366210937500e+01,-4.497825205326080322e-01,4.995158195495605469e+00,-3.313266485929489136e-02,-3.154653898645296689e-02,9.600000000000000000e+01,1.701829472371328145e-01
1.125463390350341797e+01,4.837964630126953125e+01,-4.606898725032806396e-01,4.996879100799560547e+00,-3.435919433832168579e-02,-3.048073657975721926e-02,9.800000000000000000e+01,1.084968070442037663e-01
1.150108790397644043e+01,4.962788391113281250e+01,-4.718777835369110107e-01,4.998107910156250000e+00,-3.575611487030982971e-02,-3.100425985395110010e-02,1.010000000000000000e+02,1.553648141502259328e-01
1.175435590744018555e+01,5.088693237304687500e+01,-4.840359389781951904e-01,4.999276638031005859e+00,-3.780134394764900208e-02,-2.894583238352602464e-02,1.030000000000000000e+02,1.326473733229603935e-01
1.200133490562438965e+01,5.213442611694335938e+01,-4.956543147563934326e-01,4.997463226318359375e+00,-3.926583006978034973e-02,-2.921239328472004931e-02,1.060000000000000000e+02,1.338039211159704756e-01
1.225215101242065430e+01,5.338723754882812500e+01,-5.075735449790954590e-01,4.994094848632812500e+00,-4.094502702355384827e-02,-2.740399629480951005e-02,1.080000000000000000e+02,1.506801862095858702e-01
1.250104594230651855e+01,5.464501953125000000e+01,-5.201053619384765625e-01,4.990374088287353516e+00,-4.268948733806610107e-02,-2.718537606891622063e-02,1.110000000000000000e+02,1.097805097478700420e-01
1.275159096717834473e+01,5.591971206665039062e+01,-5.335450768470764160e-01,4.984694004058837891e+00,-4.464051127433776855e-02,-2.482667745385704755e-02,1.130000000000000000e+02,1.985339704647956505e-01
1.300368499755859375e+01,5.717598724365234375e+01,-5.473175644874572754e-01,4.977454662322998047e+00,-4.646400362253189087e-02,-2.403430763985707833e-02,1.160000000000000000e+02,7.318470006244928716e-02
1.324951696395874023e+01,5.843027496337890625e+01,-5.614867806434631348e-01,4.970234394073486328e+00,-4.793299734592437744e-02,-2.172590449319908648e-02,1.180000000000000000e+02,2.257151115182886303e-01
1.350371885299682617e+01,5.967862319946289062e+01,-5.759318470954895020e-01,4.964170455932617188e+00,-4.900214821100234985e-02,-2.122263726659311123e-02,1.210000000000000000e+02,6.129447364644134699e-02
1.374994492530822754e+01,6.093084716796875000e+01,-5.906823277473449707e-01,4.960700511932373047e+00,-4.923248663544654846e-02,-1.982138782857338286e-02,1.230000000000000000e+02,2.431989552505795238e-01
1.400014305114746094e+01,6.217687225341796875e+01,-6.051630377769470215e-01,4.957149982452392578e+00,-4.936308413743972778e-02,-2.003036161548738328e-02,1.260000000000000000e+02,5.466965559508780992e-02
1.425246882438659668e+01,6.342121505737304688e+01,-6.195049881935119629e-01,4.953720569610595703e+00,-5.003279075026512146e-02,-1.840201425851127962e-02,1.280000000000000000e+02,2.509412928991167080e-01
1.450033998489379883e+01,6.466958618164062500e+01,-6.339194774627685547e-01,4.953089237213134766e+00,-5.081918090581893921e-02,-1.812714023974872427e-02,1.310000000000000000e+02,5.226715880415510468e-02
1.475022196769714355e+01,6.592321014404296875e+01,-6.486104726791381836e-01,4.953979969024658203e+00,-5.165769532322883606e-02,-1.642873808620322340e-02,1.340000000000000000e+02,2.365934466469553077e-01
1.499899601936340332e+01,6.718349456787109375e+01,-6.633521914482116699e-01,4.953139781951904297e+00,-5.257502943277359009e-02,-1.475356501483481193e-02,1.360000000000000000e+02,6.139671060052504653e-02
1.525368189811706543e+01,6.843023681640625000e+01,-6.779869198799133301e-01,4.952748775482177734e+00,-5.369365960359573364e-02,-1.404723504678784783e-02,1.390000000000000000e+02,2.114970062840389742e-01
1.550151085853576660e+01,6.967253875732421875e+01,-6.926183104515075684e-01,4.953666210174560547e+00,-5.413106456398963928e-02,-1.275741956760422652e-02,1.410000000000000000e+02,6.383580854501205715e-02
1.575018501281738281e+01,7.091982269287109375e+01,-7.072753310203552246e-01,4.956453800201416016e+00,-5.437170341610908508e-02,-1.272329369545501486e-02,1.440000000000000000e+02,2.033856596350732127e-01
1.599847078323364258e+01,7.216067504882812500e+01,-7.216740250587463379e-01,4.958300113677978516e+00,-5.455811694264411926e-02,-1.173972761421156023e-02,1.460000000000000000e+02,6.651240409871876647e-02
1.625275993347167969e+01,7.340327453613281250e+01,-7.359983325004577637e-01,4.959405422210693359e+00,-5.510587990283966064e-02,-1.148203901549841276e-02,1.490000000000000000e+02,2.013825869725187623e-01
1.650043272972106934e+01,7.464225769042968750e+01,-7.502487897872924805e-01,4.963454246520996094e+00,-5.587943270802497864e-02,-1.014403040711664081e-02,1.510000000000000000e+02,6.485162633004215582e-02
1.674833607673645020e+01,7.589278411865234375e+01,-7.648156285285949707e-01,4.970104217529296875e+00,-5.686678364872932434e-02,-9.530511515497722824e-03,1.540000000000000000e+02,1.934642624354284968e-01
1.699976181983947754e+01,7.715344238281250000e+01,-7.795686125755310059e-01,4.974961757659912109e+00,-5.800962075591087341e-02,-7.912963728551691486e-03,1.560000000000000000e+02,8.803929180319244874e-02
1.725417280197143555e+01,7.840438842773437500e+01,-7.943674921989440918e-01,4.977918624877929688e+00,-5.941182747483253479e-02,-6.785179843075428603e-03,1.590000000000000000e+02,1.638714848339843655e-01
1.750104689598083496e+01,7.965621185302734375e+01,-8.093641400337219238e-01,4.978748321533203125e+00,-6.076288968324661255e-02,-4.897971361359046080e-03,1.610000000000000000e+02,1.060012551657731061e-01
1.775059509277343750e+01,8.090511322021484375e+01,-8.244599103927612305e-01,4.978804588317871094e+00,-6.192587316036224365e-02,-3.736816036118673599e-03,1.640000000000000000e+02,1.447535523439737737e-01
1.799905514717102051e+01,8.216228485107421875e+01,-8.397694230079650879e-01,4.978031635284423828e+00,-6.293334811925888062e-02,-2.098594344132760550e-03,1.660000000000000000e+02,1.279987146858907465e-01
1.825088882446289062e+01,8.340975189208984375e+01,-8.550906777381896973e-01,4.976434707641601562e+00,-6.406809389591217041e-02,1.277439321937457774e-02,1.690000000000000000e+02,1.217238891414781782e-01
1.849863696098327637e+01,8.465959167480468750e+01,-8.713258504867553711e-01,4.971935749053955078e+00,-6.461679190397262573e-02,8.112978991369813875e-02,1.710000000000000000e+02,1.419291672533238291e-01
1.875105881690979004e+01,8.591224670410156250e+01,-8.873655796051025391e-01,4.967963695526123047e+00,-5.818320810794830322e-02,1.590680398941575202e-01,1.740000000000000000e+02,1.003489296353706622e-01
1.900402998924255371e+01,8.717927551269531250e+01,-8.999097943305969238e-01,4.964065551757812500e+00,-3.652476519346237183e-02,2.971008200736610094e-01,1.760000000000000000e+02,1.788728790701901994e-01
1.925031018257141113e+01,8.842787170410156250e+01,-9.049916267395019531e-01,4.960329055786132812e+00,3.015515860170125961e-03,4.165225953758384114e-01,1.790000000000000000e+02,7.212322747382080013e-02
1.950428891181945801e+01,8.967526245117187500e+01,-8.966937065124511719e-01,4.957800388336181641e+00,6.892237812280654907e-02,5.926515417199875735e-01,1.810000000000000000e+02,1.986601996058705299e-01
1.975515007972717285e+01,9.091817474365234375e+01,-8.696533441543579102e-01,4.955530643463134766e+00,1.576958894729614258e-01,7.420354277699635626e-01,1.840000000000000000e+02,1.109041632137543892e-01
2.000005197525024414e+01,9.216361236572265625e+01,-8.176472187042236328e-01,4.950867176055908203e+00,2.762653231620788574e-01,9.420575940025315287e-01,1.860000000000000000e+02,2.536965887277020104e-01
2.024823093414306641e+01,9.340224456787109375e+01,-7.341119647026062012e-01,4.939778804779052734e+00,4.226100742816925049e-01,1.103423911291886883e+00,1.890000000000000000e+02,2.636523287012228489e-01
2.049827885627746582e+01,9.463368988037109375e+01,-6.106816530227661133e-01,4.918786048889160156e+00,6.019356250762939453e-01,1.205662480237825962e+00,1.910000000000000000e+02,4.341259441719330092e-01
2.075022792816162109e+01,9.586135101318359375e+01,-4.396311342716217041e-01,4.890619754791259766e+00,8.065064549446105957e-01,1.276734681045076814e+00,1.940000000000000000e+02,5.500017065559168472e-01
2.099722218513488770e+01,9.708461761474609375e+01,-2.149583399295806885e-01,4.853712558746337891e+00,1.023924350738525391e+00,1.329522552881730046e+00,1.960000000000000000e+02,6.469340940142913610e-01
2.125089097023010254e+01,9.830500793457031250e+01,6.668221950531005859e-02,4.804205894470214844e+00,1.250321865081787109e+00,1.337156076094399682e+00,1.990000000000000000e+02,6.312447721372118625e-01
2.150442481040954590e+01,9.949904632568359375e+01,4.028267264366149902e-01,4.743418216705322266e+00,1.477830648422241211e+00,1.349264477990014255e+00,2.010000000000000000e+02,5.961182416620389724e-01
2.175352692604064941e+01,1.006738281250000000e+02,7.938754558563232422e-01,4.674114227294921875e+00,1.699103951454162598e+00,1.310842140271219369e+00,2.040000000000000000e+02,4.298518319152840328e-01
2.199945902824401855e+01,1.018341827392578125e+02,1.241829872131347656e+00,4.593726158142089844e+00,1.917540311813354492e+00,1.296188230248468853e+00,2.060000000000000000e+02,2.995965798656287649e-01
2.225502586364746094e+01,1.029696731567382812e+02,1.741889357566833496e+00,4.505336761474609375e+00,2.124993085861206055e+00,1.273349202031168748e+00,2.090000000000000000e+02,1.055139245647164908e-01
2.250271892547607422e+01,1.040892486572265625e+02,2.297327756881713867e+00,4.408386707305908203e+00,2.325592279434204102e+00,1.188678518670386541e+00,2.110000000000000000e+02,3.823112045078387311e-01
2.274978613853454590e+01,1.051784591674804688e+02,2.899804115295410156e+00,4.304433822631835938e+00,2.515245437622070312e+00,1.142613153788259339e+00,2.140000000000000000e+02,7.295647101803330870e-01
2.299820899963378906e+01,1.062475967407226562e+02,3.551457643508911133e+00,4.198849678039550781e+00,2.690063714981079102e+00,1.040752204699390226e+00,2.160000000000000000e+02,9.740231572221919043e-01
2.325486993789672852e+01,1.072961730957031250e+02,4.249790191650390625e+00,4.090005874633789062e+00,2.854187011718750000e+00,9.830899995523124657e-01,2.190000000000000000e+02,1.224853609453822267e+00
2.350146889686584473e+01,1.083080596923828125e+02,4.980481147766113281e+00,3.986502408981323242e+00,3.001066923141479492e+00,9.242350461102224468e-01,2.210000000000000000e+02,1.380301967560578325e+00
2.375355291366577148e+01,1.092948074340820312e+02,5.747583866119384766e+00,3.882651090621948242e+00,3.139852285385131836e+00,8.060206199835380225e-01,2.240000000000000000e+02,1.535675359614134150e+00
2.400424289703369141e+01,1.102526473999023438e+02,6.546021938323974609e+00,3.781805753707885742e+00,3.266930103302001953e+00,7.334719325943876989e-01,2.260000000000000000e+02,1.608020051956031260e+00
2.425421786308288574e+01,1.111931152343750000e+02,7.379375457763671875e+00,3.689663171768188477e+00,3.377364158630371094e+00,6.173724586444160334e-01,2.290000000000000000e+02,1.680246969291393278e+00
2.450177693367004395e+01,1.121034622192382812e+02,8.231376647949218750e+00,3.603268623352050781e+00,3.474879503250122070e+00,5.444723965668415433e-01,2.310000000000000000e+02,1.684491471322365541e+00
2.475269985198974609e+01,1.129986419677734375e+02,9.111029624938964844e+00,3.525115013122558594e+00,3.558455944061279297e+00,4.335026107840518339e-01,2.340000000000000000e+02,1.689903866478905448e+00
2.500046300888061523e+01,1.138788528442382812e+02,1.001359367370605469e+01,3.453891038894653320e+00,3.630294322967529297e+00,3.290322512724713211e-01,2.360000000000000000e+02,1.639312424017725478e+00
2.525450897216796875e+01,1.147517318725585938e+02,1.094211006164550781e+01,3.390162706375122070e+00,3.685895204544067383e+00,2.620242136441934822e-01,2.390000000000000000e+02,1.588828565900564316e+00
2.550256609916687012e+01,1.155970611572265625e+02,1.186817455291748047e+01,3.336049795150756836e+00,3.728473663330078125e+00,1.720535643846381468e-01,2.410000000000000000e+02,1.503402270361667403e+00
2.575455498695373535e+01,1.164308700561523438e+02,1.280436611175537109e+01,3.291851997375488281e+00,3.765961885452270508e+00,1.104563075980055376e-01,2.440000000000000000e+02,1.418269954225398477e+00
2.600367212295532227e+01,1.172530822753906250e+02,1.374704933166503906e+01,3.258733749389648438e+00,3.797143936157226562e+00,3.367348822447729234e-02,2.460000000000000000e+02,1.306142412220897331e+00
2.625490999221801758e+01,1.180706024169921875e+02,1.470087242126464844e+01,3.233386278152465820e+00,3.822437763214111328e+00,-2.212999412144894124e-02,2.490000000000000000e+02,1.196693141357082713e+00
2.649970197677612305e+01,1.188804550170898438e+02,1.565714645385742188e+01,3.215639352798461914e+00,3.838277816772460938e+00,-8.439901718352928184e-02,2.510000000000000000e+02,1.067162722124998853e+00
2.675346994400024414e+01,1.196894836425781250e+02,1.661876869201660156e+01,3.205214977264404297e+00,3.846293926239013672e+00,-1.301524548211972776e-01,2.540000000000000000e+02,9.459411354464584143e-01
2.700077795982360840e+01,1.204991912841796875e+02,1.758555984497070312e+01,3.200506925582885742e+00,3.846848249435424805e+00,-1.758780702622432801e-01,2.560000000000000000e+02,8.110449060366640150e-01
2.725170397758483887e+01,1.213109054565429688e+02,1.855522727966308594e+01,3.201005935668945312e+00,3.839916944503784180e+00,-2.118858900270334245e-01,2.590000000000000000e+02,6.820681973948955479e-01
2.750421810150146484e+01,1.221300201416015625e+02,1.952925491333007812e+01,3.207753896713256836e+00,3.825562477111816406e+00,-2.396243247059783310e-01,2.610000000000000000e+02,5.609821317016776554e-01
2.775529384613037109e+01,1.229436569213867188e+02,2.048975944519042969e+01,3.219344854354858398e+00,3.806392431259155273e+00,-2.628228671685597373e-01,2.640000000000000000e+02,4.266635801573072095e-01
2.800265693664550781e+01,1.237575836181640625e+02,2.144240951538085938e+01,3.235234737396240234e+00,3.784610509872436523e+00,-2.751225995039975891e-01,2.660000000000000000e+02,3.389412105381254259e-01
2.825507998466491699e+01,1.245785293579101562e+02,2.239291954040527344e+01,3.255261182785034180e+00,3.761069774627685547e+00,-2.894073338266902606e-01,2.690000000000000000e+02,2.033207275055103347e-01
2.850317883491516113e+01,1.254029464721679688e+02,2.333432960510253906e+01,3.277683258056640625e+00,3.735708236694335938e+00,-2.895394672792521717e-01,2.710000000000000000e+02,1.902011685842464328e-01
2.874988889694213867e+01,1.262383728027343750e+02,2.427505302429199219e+01,3.301660537719726562e+00,3.708530426025390625e+00,-2.958274538950798616e-01,2.740000000000000000e+02,6.825823251023208083e-02
2.900379204750061035e+01,1.270746383666992188e+02,2.520451927185058594e+01,3.325206756591796875e+00,3.678989648818969727e+00,-2.864349752930571147e-01,2.760000000000000000e+02,2.089733009251917573e-01
2.925401806831359863e+01,1.279215164184570312e+02,2.613177490234375000e+01,3.350199460983276367e+00,3.649008512496948242e+00,-2.859621212373172905e-01,2.790000000000000000e+02,1.829739978659924715e-01
2.950146412849426270e+01,1.287806243896484375e+02,2.705667114257812500e+01,3.376190185546875000e+00,3.618447780609130859e+00,-2.685181589043337258e-01,2.810000000000000000e+02,3.207259446038712158e-01
2.975203204154968262e+01,1.296380310058593750e+02,2.796493911743164062e+01,3.403264522552490234e+00,3.589629173278808594e+00,-2.615756824923569646e-01,2.840000000000000000e+02,2.998123590071729017e-01
3.000546097755432129e+01,1.305012054443359375e+02,2.886598968505859375e+01,3.430269479751586914e+00,3.562962770462036133e+00,-2.394015691141792579e-01,2.860000000000000000e+02,4.078023379346828459e-01
3.025515794754028320e+01,1.313676605224609375e+02,2.975731086730957031e+01,3.457227468490600586e+00,3.537875890731811523e+00,-2.290005216764652574e-01,2.890000000000000000e+02,3.840250165376180580e-01
3.050382089614868164e+01,1.322457885742187500e+02,3.064764785766601562e+01,3.483119010925292969e+00,3.515195131301879883e+00,-2.045903893014341113e-01,2.910000000000000000e+02,4.677815536332901591e-01
3.075171184539794922e+01,1.331199645996093750e+02,3.152320861816406250e+01,3.507037162780761719e+00,3.493595123291015625e+00,-1.922429405981793960e-01,2.940000000000000000e+02,4.338915284924290683e-01
3.099902200698852539e+01,1.339992523193359375e+02,3.239303970336914062e+01,3.528525590896606445e+00,3.472538948059082031e+00,-1.664061271262977926e-01,2.960000000000000000e+02,4.922157587341986495e-01
3.125078701972961426e+01,1.348852081298828125e+02,3.325997924804687500e+01,3.550897836685180664e+00,3.455145120620727539e+00,-1.524399462907249925e-01,2.990000000000000000e+02,4.548856788328041190e-01
3.150470590591430664e+01,1.357884674072265625e+02,3.413437271118164062e+01,3.573493957519531250e+00,3.441719532012939453e+00,-1.276671516625299263e-01,3.010000000000000000e+02,5.019760636584159608e-01
3.175293898582458496e+01,1.366860656738281250e+02,3.499384689331054688e+01,3.595004796981811523e+00,3.430205583572387695e+00,-1.127581150849551600e-01,3.040000000000000000e+02,4.470710408780236844e-01
3.200165510177612305e+01,1.375886840820312500e+02,3.585118103027343750e+01,3.614290237426757812e+00,3.421470403671264648e+00,-8.925268573999466104e-02,3.060000000000000000e+02,4.850768747464401232e-01
3.225467109680175781e+01,1.384934082031250000e+02,3.670475006103515625e+01,3.631575345993041992e+00,3.413819074630737305e+00,-7.497806254971238482e-02,3.090000000000000000e+02,4.192849306432483436e-01
3.250420808792114258e+01,1.394057006835937500e+02,3.755947494506835938e+01,3.646049261093139648e+00,3.406591653823852539e+00,-5.302668543809558460e-02,3.110000000000000000e+02,4.555611837166336220e-01
3.275185775756835938e+01,1.403202514648437500e+02,3.841114425659179688e+01,3.658004999160766602e+00,3.399980306625366211e+00,-3.267872205096224170e-02,3.140000000000000000e+02,3.739934533449213450e-01
3.300297379493713379e+01,1.412380371093750000e+02,3.926276016235351562e+01,3.663679122924804688e+00,3.393749952316284180e+00,-2.082070010925066508e-02,3.160000000000000000e+02,4.193893871659825079e-01
3.325260496139526367e+01,1.421587066650390625e+02,4.011492538452148438e+01,3.664019107818603516e+00,3.387239456176757812e+00,-6.261405706588937803e-03,3.190000000000000000e+02,3.188446209997925496e-01
3.350236487388610840e+01,1.430822906494140625e+02,4.096832656860351562e+01,3.662807703018188477e+00,3.381545305252075195e+00,3.299237777386779084e-03,3.220000000000000000e+02,3.751732437118625030e-01
3.375220394134521484e+01,1.440121765136718750e+02,4.182652664184570312e+01,3.660527706146240234e+00,3.377190351486206055e+00,1.503864021096236979e-02,3.240000000000000000e+02,2.613164892643599080e-01
3.400375390052795410e+01,1.449318695068359375e+02,4.267510223388671875e+01,3.658020734786987305e+00,3.374601840972900391e+00,2.316933529232784519e-02,3.270000000000000000e+02,3.113145195815853472e-01
3.425211906433105469e+01,1.458473815917968750e+02,4.352024841308593750e+01,3.654840707778930664e+00,3.374161958694458008e+00,3.140881641809706998e-02,3.290000000000000000e+02,2.038554652439057702e-01
3.450341606140136719e+01,1.467645568847656250e+02,4.436857604980468750e+01,3.652002811431884766e+00,3.375880241394042969e+00,3.709586850978578015e-02,3.320000000000000000e+02,2.662690988188264329e-01
3.475141501426696777e+01,1.476777343750000000e+02,4.521511459350585938e+01,3.649189472198486328e+00,3.378718376159667969e+00,4.231298488823780068e-02,3.340000000000000000e+02,1.516916014602697760e-01
3.500261497497558594e+01,1.485924530029296875e+02,4.606502914428710938e+01,3.645711898803710938e+00,3.381558895111083984e+00,4.668869134933239379e-02,3.370000000000000000e+02,2.313153883372297270e-01
3.525050902366638184e+01,1.495034179687500000e+02,4.691281890869140625e+01,3.642656326293945312e+00,3.385294198989868164e+00,5.006600150813467903e-02,3.390000000000000000e+02,1.071970666192497562e-01
3.550529885292053223e+01,1.504197540283203125e+02,4.776746749877929688e+01,3.640019893646240234e+00,3.390008449554443359e+00,5.362123788108470041e-02,3.420000000000000000e+02,2.022471944481649131e-01
3.575563311576843262e+01,1.513415985107421875e+02,4.862894058227539062e+01,3.636656761169433594e+00,3.394084692001342773e+00,5.562316119681377791e-02,3.440000000000000000e+02,9.128625726765418613e-02
3.600543689727783203e+01,1.522522888183593750e+02,4.948209381103515625e+01,3.632645130157470703e+00,3.397814273834228516e+00,5.848198155493097156e-02,3.470000000000000000e+02,1.704000301118998306e-01
3.625660586357116699e+01,1.531616973876953125e+02,5.033559036254882812e+01,3.628895521163940430e+00,3.402405738830566406e+00,5.874454729351337445e-02,3.490000000000000000e+02,8.437400136042556842e-02
3.650461578369140625e+01,1.540663452148437500e+02,5.118704223632812500e+01,3.625324487686157227e+00,3.408267259597778320e+00,6.001181220209559491e-02,3.520000000000000000e+02,1.668992436442585381e-01
3.675511908531188965e+01,1.549757080078125000e+02,5.204479217529296875e+01,3.622014284133911133e+00,3.415116310119628906e+00,5.812908115516857849e-02,3.540000000000000000e+02,9.142878894457190375e-02
3.700400614738464355e+01,1.558721618652343750e+02,5.289324569702148438e+01,3.617332458496093750e+00,3.421525001525878906e+00,5.751769825602003755e-02,3.570000000000000000e+02,1.747096942066126979e-01
3.725379896163940430e+01,1.567708435058593750e+02,5.374633407592773438e+01,3.614937067031860352e+00,3.429586648941040039e+00,5.406747057472947177e-02,3.590000000000000000e+02,8.913075826559449522e-02
3.750359010696411133e+01,1.576731719970703125e+02,5.460606765747070312e+01,3.614667415618896484e+00,3.439803361892700195e+00,5.269145982792866612e-02,3.620000000000000000e+02,1.832822083665806012e-01
3.775465178489685059e+01,1.585885009765625000e+02,5.548136138916015625e+01,3.613464832305908203e+00,3.448412895202636719e+00,4.839157437810460982e-02,3.640000000000000000e+02,1.195808876912975299e-01
3.800248003005981445e+01,1.594920043945312500e+02,5.634691238403320312e+01,3.610529661178588867e+00,3.454004287719726562e+00,4.707873870660152921e-02,3.670000000000000000e+02,1.616421625790385730e-01
3.825757098197937012e+01,1.603953399658203125e+02,5.721422576904296875e+01,3.606814384460449219e+00,3.458570003509521484e+00,4.276344091643774492e-02,3.690000000000000000e+02,1.390078880721393184e-01
3.850476694107055664e+01,1.612946014404296875e+02,5.808087158203125000e+01,3.602055788040161133e+00,3.462453365325927734e+00,4.015113857803282588e-02,3.720000000000000000e+02,1.541364808358756111e-01
3.875505781173706055e+01,1.621960601806640625e+02,5.895154953002929688e+01,3.597972393035888672e+00,3.465313911437988281e+00,3.552605888446978832e-02,3.740000000000000000e+02,1.531636427447571336e-01
3.900165915489196777e+01,1.630930023193359375e+02,5.981941604614257812e+01,3.593250274658203125e+00,3.466350317001342773e+00,4.650055386343075747e-02,3.770000000000000000e+02,1.440039606425317920e-01
3.925063180923461914e+01,1.639890899658203125e+02,6.068802642822265625e+01,3.588132858276367188e+00,3.467347621917724609e+00,1.061513025579036429e-01,3.790000000000000000e+02,1.597468751854043967e-01
3.950270414352416992e+01,1.648871154785156250e+02,6.156123733520507812e+01,3.579890012741088867e+00,3.473471879959106445e+00,1.783938586178792918e-01,3.820000000000000000e+02,1.317484007159195614e-01
3.975255489349365234e+01,1.657859344482421875e+02,6.244072341918945312e+01,3.562697410583496094e+00,3.488362789154052734e+00,3.091884041306655062e-01,3.840000000000000000e+02,1.747550916475579252e-01
4.000259304046630859e+01,1.666849060058593750e+02,6.333001327514648438e+01,3.531929254531860352e+00,3.513761043548583984e+00,4.282027119937572568e-01,3.870000000000000000e+02,9.249399224426502197e-02
4.025751280784606934e+01,1.675646972656250000e+02,6.421874237060546875e+01,3.484271287918090820e+00,3.555727243423461914e+00,6.044195453107864546e-01,3.890000000000000000e+02,1.881055568644941223e-01
4.050776195526123047e+01,1.684279632568359375e+02,6.511635589599609375e+01,3.419571161270141602e+00,3.613476037979125977e+00,7.957900665296173681e-01,3.920000000000000000e+02,6.404345582963669181e-02
4.075842308998107910e+01,1.692759094238281250e+02,6.603323364257812500e+01,3.331343412399291992e+00,3.691991329193115234e+00,9.937920155943090750e-01,3.940000000000000000e+02,2.047807719638104762e-01
4.100332498550415039e+01,1.700954284667968750e+02,6.696830749511718750e+01,3.215102672576904297e+00,3.790179967880249023e+00,1.155282837709048049e+00,3.970000000000000000e+02,1.927663535693456276e-01
4.125204396247863770e+01,1.708833923339843750e+02,6.793062591552734375e+01,3.068726539611816406e+00,3.904478311538696289e+00,1.351777383868648874e+00,3.990000000000000000e+02,3.691743610844367418e-01
4.150124311447143555e+01,1.716279449462890625e+02,6.891762542724609375e+01,2.896416425704956055e+00,4.031057834625244141e+00,1.542674355720411894e+00,4.020000000000000000e+02,4.884406675662978370e-01
4.175398898124694824e+01,1.723306121826171875e+02,6.994429016113281250e+01,2.691788196563720703e+00,4.170664310455322266e+00,1.703197493365238735e+00,4.040000000000000000e+02,6.089944793038887250e-01
4.200240898132324219e+01,1.729831542968750000e+02,7.101403045654296875e+01,2.453190803527832031e+00,4.316566467285156250e+00,1.873163026976735424e+00,4.070000000000000000e+02,6.038826261303562593e-01
4.225588989257812500e+01,1.735666656494140625e+02,7.210981750488281250e+01,2.186120271682739258e+00,4.458621025085449219e+00,1.982938000373960730e+00,4.100000000000000000e+02,6.131886746161394619e-01
4.250306773185729980e+01,1.740797424316406250e+02,7.324069213867187500e+01,1.887339949607849121e+00,4.592751979827880859e+00,2.055543195801404099e+00,4.120000000000000000e+02,4.984757038684592412e-01
4.275599193572998047e+01,1.745140686035156250e+02,7.439945220947265625e+01,1.565702676773071289e+00,4.711560249328613281e+00,2.098187215586376553e+00,4.150000000000000000e+02,4.129400344043043236e-01
4.300429487228393555e+01,1.748682250976562500e+02,7.559407806396484375e+01,1.226011872291564941e+00,4.810802459716796875e+00,2.116752424358568252e+00,4.170000000000000000e+02,2.216739880064094725e-01
4.325419211387634277e+01,1.751336822509765625e+02,7.680210113525390625e+01,8.792839646339416504e-01,4.885995388031005859e+00,2.112912019765278426e+00,4.200000000000000000e+02,1.895618521102724052e-01
4.350366210937500000e+01,1.753126678466796875e+02,7.802799987792968750e+01,5.239024162292480469e-01,4.934215545654296875e+00,2.015634672415374862e+00,4.220000000000000000e+02,2.169920824846542362e-01
4.375360894203186035e+01,1.754036102294921875e+02,7.926675415039062500e+01,1.690154373645782471e-01,4.958770275115966797e+00,1.968631913471363681e+00,4.240000000000000000e+02,5.181920568229761992e-01
4.400369882583618164e+01,1.754068298339843750e+02,8.052533721923828125e+01,-1.749636232852935791e-01,4.960629463195800781e+00,1.918645173145017813e+00,4.270000000000000000e+02,7.754343474331794051e-01
4.425497603416442871e+01,1.753254852294921875e+02,8.176465606689453125e+01,-5.069724917411804199e-01,4.940288543701171875e+00,1.855558313246893132e+00,4.290000000000000000e+02,1.079252263740121398e+00
4.450652313232421875e+01,1.751617431640625000e+02,8.299627685546875000e+01,-8.324503302574157715e-01,4.900764465332031250e+00,1.780299966898759356e+00,4.310000000000000000e+02,1.422664814830159052e+00
4.475687909126281738e+01,1.749196014404296875e+02,8.421240234375000000e+01,-1.143013000488281250e+00,4.845530033111572266e+00,1.613269600435665918e+00,4.330000000000000000e+02,1.790960416149493195e+00
4.500376176834106445e+01,1.746004028320312500e+02,8.541745758056640625e+01,-1.437380313873291016e+00,4.777624607086181641e+00,1.522938025157425601e+00,4.360000000000000000e+02,2.117861715318328564e+00
4.525174093246459961e+01,1.742119140625000000e+02,8.660077667236328125e+01,-1.702377676963806152e+00,4.701236248016357422e+00,1.432915989449057959e+00,4.380000000000000000e+02,2.373744450526327654e+00
4.550597190856933594e+01,1.737579803466796875e+02,8.776521301269531250e+01,-1.951834082603454590e+00,4.613553524017333984e+00,1.252279680794465166e+00,4.410000000000000000e+02,2.570112466194047318e+00
4.575385999679565430e+01,1.732413330078125000e+02,8.891172027587890625e+01,-2.181899070739746094e+00,4.520519256591796875e+00,1.145161361608629358e+00,4.430000000000000000e+02,2.695163119037385258e+00
4.600023698806762695e+01,1.726700134277343750e+02,9.003690338134765625e+01,-2.379823684692382812e+00,4.427965641021728516e+00,9.684794907166790479e-01,4.460000000000000000e+02,2.768837961078328025e+00
4.625475978851318359e+01,1.720487976074218750e+02,9.114279174804687500e+01,-2.557068109512329102e+00,4.333124160766601562e+00,8.580661116042800352e-01,4.480000000000000000e+02,2.786316569876719385e+00
4.650759696960449219e+01,1.713930358886718750e+02,9.221544647216796875e+01,-2.707288503646850586e+00,4.248859405517578125e+00,6.888607519625140618e-01,4.510000000000000000e+02,2.757346147661444480e+00
4.675318193435668945e+01,1.707043304443359375e+02,9.326561737060546875e+01,-2.838093757629394531e+00,4.172453403472900391e+00,5.293164602313851219e-01,4.530000000000000000e+02,2.691518744594405099e+00
4.700487399101257324e+01,1.699823913574218750e+02,9.430220794677734375e+01,-2.944717884063720703e+00,4.107438087463378906e+00,4.300808636669764540e-01,4.560000000000000000e+02,2.585092981772842968e+00
4.725663995742797852e+01,1.692380065917968750e+02,9.532019805908203125e+01,-3.029250383377075195e+00,4.051136970520019531e+00,2.915803563150730082e-01,4.580000000000000000e+02,2.457872219419767745e+00
4.750189208984375000e+01,1.684709472656250000e+02,9.632820892333984375e+01,-3.097821235656738281e+00,4.000622272491455078e+00,1.974767455748108191e-01,4.610000000000000000e+02,2.295397288372794886e+00
4.775280189514160156e+01,1.676898651123046875e+02,9.732300567626953125e+01,-3.148510217666625977e+00,3.960450410842895508e+00,7.731981231403915744e-02,4.630000000000000000e+02,2.128288848616619600e+00
4.800109004974365234e+01,1.668921966552734375e+02,9.831575012207031250e+01,-3.184078931808471680e+00,3.928950786590576172e+00,-2.798227616883501925e-02,4.660000000000000000e+02,1.928301979467143878e+00
4.825835013389587402e+01,1.660820770263671875e+02,9.930892944335937500e+01,-3.201648712158203125e+00,3.907952308654785156e+00,-9.933741001645009228e-02,4.680000000000000000e+02,1.742479811925657485e+00
4.850517797470092773e+01,1.652778015136718750e+02,1.002875595092773438e+02,-3.205641508102416992e+00,3.895238637924194336e+00,-1.763261355268914699e-01,4.710000000000000000e+02,1.522625905927349699e+00
4.875363874435424805e+01,1.644735260009765625e+02,1.012646560668945312e+02,-3.200026273727416992e+00,3.891032457351684570e+00,-2.323900911564363569e-01,4.730000000000000000e+02,1.341080149785803366e+00
4.900313687324523926e+01,1.636746215820312500e+02,1.022386856079101562e+02,-3.184044599533081055e+00,3.895373106002807617e+00,-2.837618695469858454e-01,4.760000000000000000e+02,1.116545241477315376e+00
4.925877809524536133e+01,1.628750305175781250e+02,1.032204742431640625e+02,-3.161078214645385742e+00,3.906457901000976562e+00,-3.242391633589813971e-01,4.790000000000000000e+02,9.500362271082021248e-01
4.950523805618286133e+01,1.620894165039062500e+02,1.041966018676757812e+02,-3.131084442138671875e+00,3.922098398208618164e+00,-3.536093472971028051e-01,4.810000000000000000e+02,7.294293653118582021e-01
4.975183415412902832e+01,1.613084259033203125e+02,1.051824035644531250e+02,-3.095372438430786133e+00,3.942684173583984375e+00,-3.793413069850050112e-01,4.840000000000000000e+02,6.024636131421002849e-01
5.000568389892578125e+01,1.605343017578125000e+02,1.061772918701171875e+02,-3.054813385009765625e+00,3.966702938079833984e+00,-3.891710541582430460e-01,4.860000000000000000e+02,3.798332478847237792e-01
5.025576686859130859e+01,1.597609863281250000e+02,1.071911010742187500e+02,-3.009431123733520508e+00,3.991891622543334961e+00,-4.030405403246168361e-01,4.890000000000000000e+02,3.118435148157833181e-01
5.050834083557128906e+01,1.590095214843750000e+02,1.081976623535156250e+02,-2.961517095565795898e+00,4.017394065856933594e+00,-3.970616984488026802e-01,4.910000000000000000e+02,8.280797420427785105e-02
5.075496387481689453e+01,1.582707672119140625e+02,1.092118835449218750e+02,-2.911590576171875000e+00,4.046209335327148438e+00,-3.985866347200034965e-01,4.940000000000000000e+02,2.187035817691554973e-01
5.100841379165649414e+01,1.575469665527343750e+02,1.102293853759765625e+02,-2.863143682479858398e+00,4.075834274291992188e+00,-3.804543278201699685e-01,4.960000000000000000e+02,1.715762079261674566e-01
5.125521707534790039e+01,1.568330078125000000e+02,1.112571563720703125e+02,-2.815055370330810547e+00,4.106385231018066406e+00,-3.752071490189304859e-01,4.990000000000000000e+02,3.404048337354274589e-01
5.150641393661499023e+01,1.561333465576171875e+02,1.122885894775390625e+02,-2.767898559570312500e+00,4.135541439056396484e+00,-3.491743825276939495e-01,5.010000000000000000e+02,3.577543731835564622e-01
5.175661993026733398e+01,1.554487609863281250e+02,1.133221511840820312e+02,-2.719497919082641602e+00,4.162178993225097656e+00,-3.364912579737430742e-01,5.040000000000000000e+02,4.794684113809778991e-01
5.200417780876159668e+01,1.547737579345703125e+02,1.143649444580078125e+02,-2.675964593887329102e+00,4.191738128662109375e+00,-3.048084564209513347e-01,5.060000000000000000e+02,4.890503664988818389e-01
5.225566697120666504e+01,1.541068725585937500e+02,1.154191741943359375e+02,-2.635390281677246094e+00,4.223957061767578125e+00,-2.885283658687196606e-01,5.090000000000000000e+02,5.769773927244419287e-01
5.250616908073425293e+01,1.534459228515625000e+02,1.164885559082031250e+02,-2.597345113754272461e+00,4.254771709442138672e+00,-2.537188218051319444e-01,5.110000000000000000e+02,5.713101066701536945e-01
5.275590085983276367e+01,1.528008728027343750e+02,1.175552444458007812e+02,-2.561375856399536133e+00,4.283435821533203125e+00,-2.336591216851478525e-01,5.140000000000000000e+02,6.242905499674984426e-01
5.300930094718933105e+01,1.521658325195312500e+02,1.186258239746093750e+02,-2.529133081436157227e+00,4.309007167816162109e+00,-1.980314390521419332e-01,5.160000000000000000e+02,6.046883610939715048e-01
5.325560188293457031e+01,1.515361480712890625e+02,1.197063217163085938e+02,-2.499311923980712891e+00,4.331636905670166016e+00,-1.772821342077956774e-01,5.190000000000000000e+02,6.341794858202514096e-01
5.350566291809082031e+01,1.509146728515625000e+02,1.207898941040039062e+02,-2.472027063369750977e+00,4.349281787872314453e+00,-1.432925619661039873e-01,5.210000000000000000e+02,6.005596108364498198e-01
5.375421404838562012e+01,1.502955474853515625e+02,1.218846817016601562e+02,-2.446113348007202148e+00,4.363141059875488281e+00,-1.222064727159016817e-01,5.240000000000000000e+02,6.078714550518041770e-01
5.400304293632507324e+01,1.496852874755859375e+02,1.229766921997070312e+02,-2.422931194305419922e+00,4.371554851531982422e+00,-9.116222778938413984e-02,5.260000000000000000e+02,5.679066522827808106e-01
5.425301599502563477e+01,1.490769348144531250e+02,1.240775756835937500e+02,-2.401694774627685547e+00,4.378590583801269531e+00,-7.062018152249043002e-02,5.290000000000000000e+02,5.560611706610616434e-01
5.450771594047546387e+01,1.484696044921875000e+02,1.251877593994140625e+02,-2.383920192718505859e+00,4.383113384246826172e+00,-4.266992692193458114e-02,5.310000000000000000e+02,5.159115672452191381e-01
5.475876975059509277e+01,1.478721313476562500e+02,1.262881546020507812e+02,-2.370393991470336914e+00,4.386319637298583984e+00,-2.462927730933455947e-02,5.340000000000000000e+02,4.820629007615327422e-01
5.500364112854003906e+01,1.472774810791015625e+02,1.273880691528320312e+02,-2.360707759857177734e+00,4.388152122497558594e+00,-2.504223072464837382e-03,5.360000000000000000e+02,4.475714080752047352e-01
5.525438594818115234e+01,1.466874542236328125e+02,1.284840393066406250e+02,-2.354038953781127930e+00,4.389543056488037109e+00,1.270773867943165124e-02,5.390000000000000000e+02,4.045410475452224652e-01
5.550377106666564941e+01,1.460951080322265625e+02,1.295876159667968750e+02,-2.351334333419799805e+00,4.391143798828125000e+00,2.993870829304541917e-02,5.410000000000000000e+02,3.725120041294194828e-01
5.575705289840698242e+01,1.455088043212890625e+02,1.306806335449218750e+02,-2.350966691970825195e+00,4.391839027404785156e+00,4.222900939346931060e-02,5.440000000000000000e+02,3.233250876050376976e-01
5.600138211250305176e+01,1.449197235107421875e+02,1.317772064208984375e+02,-2.353134870529174805e+00,4.391599655151367188e+00,5.423663186726415675e-02,5.460000000000000000e+02,2.949436024027589087e-01
5.625425291061401367e+01,1.443272094726562500e+02,1.328773193359375000e+02,-2.357692718505859375e+00,4.391055583953857422e+00,6.306097540245697575e-02,5.490000000000000000e+02,2.458417691979371544e-01
5.650942516326904297e+01,1.437255249023437500e+02,1.339908752441406250e+02,-2.363046407699584961e+00,4.388529777526855469e+00,7.047214818963137839e-02,5.510000000000000000e+02,2.442915461016083589e-01
5.676050710678100586e+01,1.431303100585937500e+02,1.350882110595703125e+02,-2.368350982666015625e+00,4.385049819946289062e+00,7.729963118250485210e-02,5.540000000000000000e+02,1.669050121792181873e-01
5.700523996353149414e+01,1.425344696044921875e+02,1.361844940185546875e+02,-2.374228239059448242e+00,4.382163047790527344e+00,8.241001663565410140e-02,5.560000000000000000e+02,2.028604193063041350e-01
5.725666189193725586e+01,1.419388732910156250e+02,1.372764129638671875e+02,-2.381669282913208008e+00,4.379110813140869141e+00,8.766428224289876669e-02,5.590000000000000000e+02,1.097072660337368027e-01
5.750518703460693359e+01,1.413393096923828125e+02,1.383708190917968750e+02,-2.390146493911743164e+00,4.376605510711669922e+00,8.932167271245276818e-02,5.610000000000000000e+02,1.795623631229400496e-01
5.775700712203979492e+01,1.407390594482421875e+02,1.394602813720703125e+02,-2.399314880371093750e+00,4.373384952545166016e+00,9.221553119037959045e-02,5.640000000000000000e+02,7.698537172684698227e-02
5.800581908226013184e+01,1.401372222900390625e+02,1.405480651855468750e+02,-2.408032417297363281e+00,4.369025230407714844e+00,9.087745570105883186e-02,5.660000000000000000e+02,1.730308611403051922e-01
5.825233411788940430e+01,1.395328063964843750e+02,1.416359710693359375e+02,-2.417349100112915039e+00,4.365233898162841797e+00,9.242062783352157640e-02,5.690000000000000000e+02,8.235809520408229889e-02
5.850617098808288574e+01,1.389238433837890625e+02,1.427263793945312500e+02,-2.427417278289794922e+00,4.363270759582519531e+00,8.943323978818083775e-02,5.710000000000000000e+02,1.864520875573668357e-01
5.875916695594787598e+01,1.383079833984375000e+02,1.438246307373046875e+02,-2.437466144561767578e+00,4.362039566040039062e+00,9.045961669423500939e-02,5.740000000000000000e+02,9.190986255477485989e-02
5.900690412521362305e+01,1.376957855224609375e+02,1.449124603271484375e+02,-2.448051691055297852e+00,4.360249042510986328e+00,8.574608619798625153e-02,5.760000000000000000e+02,2.177858153484171500e-01
5.925794792175292969e+01,1.370823364257812500e+02,1.459968261718750000e+02,-2.459128379821777344e+00,4.357741832733154297e+00,7.956245071979040073e-02,5.790000000000000000e+02,1.157047953637101029e-01
5.950928878784179688e+01,1.364635620117187500e+02,1.470843353271484375e+02,-2.469370126724243164e+00,4.355268955230712891e+00,8.044051385426484457e-02,5.810000000000000000e+02,2.378304431680128561e-01
5.975754117965698242e+01,1.358436126708984375e+02,1.481674194335937500e+02,-2.478296279907226562e+00,4.350878715515136719e+00,1.155213344948385623e-01,5.840000000000000000e+02,1.296831129767234969e-01
6.000447201728820801e+01,1.352187652587890625e+02,1.492536163330078125e+02,-2.488178491592407227e+00,4.342621326446533203e+00,1.703692194278903782e-01,5.860000000000000000e+02,2.562478782673954791e-01
6.025692105293273926e+01,1.345926513671875000e+02,1.503341522216796875e+02,-2.503741741180419922e+00,4.328722000122070312e+00,2.777836496221622320e-01,5.890000000000000000e+02,1.330051886285281426e-01
6.050188899040222168e+01,1.339572448730468750e+02,1.514187622070312500e+02,-2.530743598937988281e+00,4.308203220367431641e+00,4.166991034506106195e-01,5.910000000000000000e+02,2.707736657088553600e-01
6.075941991806030273e+01,1.333080596923828125e+02,1.525041198730468750e+02,-2.577826976776123047e+00,4.275919437408447266e+00,5.382790183641564807e-01,5.940000000000000000e+02,1.110034114898939966e-01
6.100564980506896973e+01,1.326513671875000000e+02,1.535693511962890625e+02,-2.645098447799682617e+00,4.231235027313232422e+00,7.152335111285582636e-01,5.970000000000000000e+02,2.427945908665274100e-01
6.125717496871948242e+01,1.319761505126953125e+02,1.546221313476562500e+02,-2.731212615966796875e+00,4.172269821166992188e+00,9.078773002810464066e-01,5.990000000000000000e+02,3.340565751344012208e-02
6.150814700126647949e+01,1.312791290283203125e+02,1.556539001464843750e+02,-2.841753959655761719e+00,4.093069553375244141e+00,1.103344005500591862e+00,6.020000000000000000e+02,2.339930774017330850e-01
6.175535202026367188e+01,1.305465850830078125e+02,1.566692199707031250e+02,-2.977960109710693359e+00,3.990863800048828125e+00,1.265114188491131220e+00,6.040000000000000000e+02,1.867199476728386154e-01
6.200360083580017090e+01,1.297871093750000000e+02,1.576449127197265625e+02,-3.133234500885009766e+00,3.864242076873779297e+00,1.456274076927805972e+00,6.070000000000000000e+02,4.114989247980559983e-01
6.225494289398193359e+01,1.289868316650390625e+02,1.585877075195312500e+02,-3.305160522460937500e+00,3.713008880615234375e+00,1.636601536129001833e+00,6.090000000000000000e+02,4.862612985383082398e-01
6.250783109664916992e+01,1.281400451660156250e+02,1.594931488037109375e+02,-3.493782997131347656e+00,3.535449028015136719e+00,1.768520269667867018e+00,6.120000000000000000e+02,5.481339457336320553e-01
6.275883197784423828e+01,1.272320480346679688e+02,1.603624420166015625e+02,-3.694867134094238281e+00,3.326059103012084961e+00,1.854025599983866401e+00,6.150000000000000000e+02,5.845921340359400142e-01
6.300694608688354492e+01,1.262854843139648438e+02,1.611659698486328125e+02,-3.892867803573608398e+00,3.093309879302978516e+00,1.914313115144550492e+00,6.170000000000000000e+02,5.048257858975399026e-01
6.325943398475646973e+01,1.252902908325195312e+02,1.619082946777343750e+02,-4.082793235778808594e+00,2.837875604629516602e+00,1.948877683635458213e+00,6.200000000000000000e+02,3.941532607679769651e-01
6.350586891174316406e+01,1.242525253295898438e+02,1.625830535888671875e+02,-4.258604049682617188e+00,2.566253900527954102e+00,1.961564783863960271e+00,6.220000000000000000e+02,3.262044981559202861e-01
6.375628995895385742e+01,1.231687850952148438e+02,1.631906890869140625e+02,-4.419609546661376953e+00,2.279012441635131836e+00,1.892284746505414228e+00,6.250000000000000000e+02,6.028107409134136202e-02
6.400320291519165039e+01,1.220504074096679688e+02,1.637236633300781250e+02,-4.560741424560546875e+00,1.982428550720214844e+00,1.860164529574422243e+00,6.270000000000000000e+02,2.551696607345421697e-01
6.425308799743652344e+01,1.208986434936523438e+02,1.641828155517578125e+02,-4.679016113281250000e+00,1.687709569931030273e+00,1.819918919384933442e+00,6.300000000000000000e+02,4.682215824393456960e-01
6.450532078742980957e+01,1.197148437500000000e+02,1.645690460205078125e+02,-4.778176784515380859e+00,1.389508605003356934e+00,1.767551769856901434e+00,6.320000000000000000e+02,7.514011641852071932e-01
6.475688791275024414e+01,1.185037612915039062e+02,1.648810577392578125e+02,-4.857535839080810547e+00,1.091404914855957031e+00,1.627189413138919072e+00,6.340000000000000000e+02,1.099964056201477414e+00
6.500948500633239746e+01,1.172672195434570312e+02,1.651203460693359375e+02,-4.916834354400634766e+00,8.000579476356506348e-01,1.553659457986317438e+00,6.370000000000000000e+02,1.480992306678814874e+00
6.525938391685485840e+01,1.160307617187500000e+02,1.652875823974609375e+02,-4.957587718963623047e+00,5.311560034751892090e-01,1.480125580892447612e+00,6.390000000000000000e+02,1.794873567112762913e+00
6.550908207893371582e+01,1.147901382446289062e+02,1.653879394531250000e+02,-4.983316898345947266e+00,2.698227167129516602e-01,1.319813901450280103e+00,6.410000000000000000e+02,2.070195143539290239e+00
6.575600194931030273e+01,1.135402526855468750e+02,1.654238128662109375e+02,-4.997287273406982422e+00,1.860014349222183228e-02,1.227108683564452241e+00,6.440000000000000000e+02,2.266804648096957919e+00
6.600266098976135254e+01,1.122921905517578125e+02,1.653994445800781250e+02,-5.001079082489013672e+00,-2.072446942329406738e-01,1.136091517645495319e+00,6.460000000000000000e+02,2.416133591254810753e+00
6.625832891464233398e+01,1.110394897460937500e+02,1.653195037841796875e+02,-4.994142532348632812e+00,-4.210805594921112061e-01,9.666258082577918742e-01,6.490000000000000000e+02,2.500771868479473525e+00
6.650360012054443359e+01,1.097918777465820312e+02,1.651889801025390625e+02,-4.980906486511230469e+00,-6.155937910079956055e-01,8.021309748802887274e-01,6.510000000000000000e+02,2.545752916532157517e+00
6.675789093971252441e+01,1.085401382446289062e+02,1.650131072998046875e+02,-4.963545799255371094e+00,-7.810845375061035156e-01,7.062473733544857302e-01,6.540000000000000000e+02,2.533833972431404735e+00
6.700710487365722656e+01,1.072898101806640625e+02,1.647980041503906250e+02,-4.940988540649414062e+00,-9.221481680870056152e-01,5.594746435968136478e-01,6.560000000000000000e+02,2.499566535994480088e+00
6.726039695739746094e+01,1.060582046508789062e+02,1.645509643554687500e+02,-4.919333934783935547e+00,-1.046322584152221680e+00,4.643333873349679286e-01,6.590000000000000000e+02,2.410507873255340883e+00
6.751035690307617188e+01,1.048310317993164062e+02,1.642747802734375000e+02,-4.901555061340332031e+00,-1.148880004882812500e+00,3.308082073152235902e-01,6.610000000000000000e+02,2.315428157007803467e+00
6.776154279708862305e+01,1.036111068725585938e+02,1.639753723144531250e+02,-4.886566638946533203e+00,-1.234460711479187012e+00,2.428011676577009892e-01,6.640000000000000000e+02,2.170371388791512590e+00
6.800717782974243164e+01,1.023867340087890625e+02,1.636546478271484375e+02,-4.873438358306884766e+00,-1.301296114921569824e+00,1.270537321523375895e-01,6.670000000000000000e+02,2.031806574452502012e+00
6.825708317756652832e+01,1.011735305786132812e+02,1.633214111328125000e+02,-4.862563133239746094e+00,-1.351038098335266113e+00,2.518606689852972286e-02,6.690000000000000000e+02,1.851369905457510567e+00
6.850677919387817383e+01,9.995910644531250000e+01,1.629766387939453125e+02,-4.851919174194335938e+00,-1.381054520606994629e+00,-4.287732988734902634e-02,6.720000000000000000e+02,1.689584064385349249e+00
6.875510597229003906e+01,9.874341583251953125e+01,1.626254730224609375e+02,-4.843338489532470703e+00,-1.394745469093322754e+00,-1.183013313294602464e-01,6.740000000000000000e+02,1.489871078442057017e+00
6.900883102416992188e+01,9.751380157470703125e+01,1.622675933837890625e+02,-4.836442470550537109e+00,-1.396755576133728027e+00,-1.726902273448381320e-01,6.770000000000000000e+02,1.316909566270811460e+00
6.925808000564575195e+01,9.630212402343750000e+01,1.619155578613281250e+02,-4.831866264343261719e+00,-1.386529445648193359e+00,-2.255767814374572966e-01,6.790000000000000000e+02,1.116718526279350199e+00
6.950602102279663086e+01,9.509102630615234375e+01,1.615668029785156250e+02,-4.830531597137451172e+00,-1.366538286209106445e+00,-2.647315881120766434e-01,6.820000000000000000e+02,9.546594514734735304e-01
6.975553894042968750e+01,9.388301086425781250e+01,1.612247619628906250e+02,-4.833134651184082031e+00,-1.338440656661987305e+00,-2.960625379466665374e-01,6.840000000000000000e+02,7.591343392770452114e-01
7.000844693183898926e+01,9.266948699951171875e+01,1.608897399902343750e+02,-4.838623046875000000e+00,-1.303660511970520020e+00,-3.218759841859263338e-01,6.870000000000000000e+02,6.223257202546190747e-01
7.025606489181518555e+01,9.145835876464843750e+01,1.605651702880859375e+02,-4.844623088836669922e+00,-1.262860178947448730e+00,-3.343969566083888623e-01,6.890000000000000000e+02,4.339584854612852927e-01
7.050483798980712891e+01,9.024453735351562500e+01,1.602511138916015625e+02,-4.851366519927978516e+00,-1.217224359512329102e+00,-3.475593754642413158e-01,6.920000000000000000e+02,3.480490369470781720e-01
7.075520682334899902e+01,8.902378845214843750e+01,1.599477539062500000e+02,-4.859310150146484375e+00,-1.168072104454040527e+00,-3.444650913329505570e-01,6.940000000000000000e+02,1.572227114694787209e-01
7.100937008857727051e+01,8.779718780517578125e+01,1.596571502685546875e+02,-4.866331577301025391e+00,-1.115980029106140137e+00,-3.467916605365829463e-01,6.970000000000000000e+02,1.886840189419395353e-01
7.125985407829284668e+01,8.656109619140625000e+01,1.593777465820312500e+02,-4.872324466705322266e+00,-1.063548207283020020e+00,-3.323390803273839067e-01,6.990000000000000000e+02,1.157963509214835346e-01
7.150654411315917969e+01,8.533493041992187500e+01,1.591139678955078125e+02,-4.878389358520507812e+00,-1.011347055435180664e+00,-3.275006535706617705e-01,7.020000000000000000e+02,2.441599001720763940e-01
7.175902986526489258e+01,8.411116790771484375e+01,1.588637237548828125e+02,-4.884462833404541016e+00,-9.600218534469604492e-01,-3.045477311590547576e-01,7.040000000000000000e+02,2.766536210665750950e-01
7.200782990455627441e+01,8.288298034667968750e+01,1.586257324218750000e+02,-4.890393257141113281e+00,-9.094551801681518555e-01,-2.935597035117591957e-01,7.070000000000000000e+02,3.696065477151606049e-01
7.225501990318298340e+01,8.165858459472656250e+01,1.584013671875000000e+02,-4.896605968475341797e+00,-8.613568544387817383e-01,-2.652176208292402748e-01,7.090000000000000000e+02,3.999341681355363387e-01
7.250559997558593750e+01,8.043229675292968750e+01,1.581891784667968750e+02,-4.902185440063476562e+00,-8.146466016769409180e-01,-2.493831854759477051e-01,7.120000000000000000e+02,4.647683087444451910e-01
7.275570607185363770e+01,7.921047210693359375e+01,1.579883728027343750e+02,-4.910092830657958984e+00,-7.722185850143432617e-01,-2.187548832228825846e-01,7.140000000000000000e+02,4.755974702797396425e-01
7.300861597061157227e+01,7.797801208496093750e+01,1.577961730957031250e+02,-4.921937465667724609e+00,-7.327846288681030273e-01,-2.018055549017366834e-01,7.170000000000000000e+02,5.215426704995703711e-01
7.325866889953613281e+01,7.673468780517578125e+01,1.576121673583984375e+02,-4.933124065399169922e+00,-6.955786943435668945e-01,-1.703716970817468201e-01,7.190000000000000000e+02,5.159525296161444619e-01
7.350722098350524902e+01,7.550084686279296875e+01,1.574395446777343750e+02,-4.942467689514160156e+00,-6.602061986923217773e-01,-1.498508844862576350e-01,7.220000000000000000e+02,5.360150615316123801e-01
7.376013398170471191e+01,7.426406097412109375e+01,1.572745056152343750e+02,-4.951206684112548828e+00,-6.294872760772705078e-01,-1.187323167607079039e-01,7.240000000000000000e+02,5.176266871088471833e-01
7.400785303115844727e+01,7.302873992919921875e+01,1.571172943115234375e+02,-4.958997726440429688e+00,-6.020618081092834473e-01,-9.864289337386672463e-02,7.270000000000000000e+02,5.216935624624851053e-01
7.425985193252563477e+01,7.178274536132812500e+01,1.569652252197265625e+02,-4.965437889099121094e+00,-5.790255665779113770e-01,-7.044338409116002175e-02,7.290000000000000000e+02,4.916814028618735066e-01
7.450380682945251465e+01,7.054667663574218750e+01,1.568201293945312500e+02,-4.968799114227294922e+00,-5.588036179542541504e-01,-5.130323103190240902e-02,7.320000000000000000e+02,4.804490863127669487e-01
7.475795984268188477e+01,6.930431365966796875e+01,1.566792144775390625e+02,-4.970269680023193359e+00,-5.415415167808532715e-01,-2.568790955869203890e-02,7.340000000000000000e+02,4.427743439276054516e-01
7.500887393951416016e+01,6.805674743652343750e+01,1.565410308837890625e+02,-4.970926761627197266e+00,-5.282216668128967285e-01,-8.461526767813238800e-03,7.370000000000000000e+02,4.195534428208525513e-01
7.525753688812255859e+01,6.679298400878906250e+01,1.564038696289062500e+02,-4.969136238098144531e+00,-5.182008743286132812e-01,1.198954170685980966e-02,7.390000000000000000e+02,3.903017907052395152e-01
7.550746202468872070e+01,6.554611968994140625e+01,1.562705841064453125e+02,-4.965178489685058594e+00,-5.107380151748657227e-01,2.691428760191942604e-02,7.420000000000000000e+02,3.419313455094768472e-01
7.575850701332092285e+01,6.430045318603515625e+01,1.561381378173828125e+02,-4.960529804229736328e+00,-5.063992142677307129e-01,4.244934302281727634e-02,7.440000000000000000e+02,3.301675077938501790e-01
7.600827908515930176e+01,6.306073760986328125e+01,1.560076904296875000e+02,-4.956558227539062500e+00,-5.038005709648132324e-01,5.515865292169110090e-02,7.470000000000000000e+02,2.684887880449395303e-01
7.625884890556335449e+01,6.181849288940429688e+01,1.558773498535156250e+02,-4.954566001892089844e+00,-5.036036968231201172e-01,6.721357922733867118e-02,7.490000000000000000e+02,2.675773932935212596e-01
7.650712895393371582e+01,6.058086776733398438e+01,1.557471466064453125e+02,-4.953338623046875000e+00,-5.054708123207092285e-01,7.760557951430141488e-02,7.520000000000000000e+02,1.975580171578361077e-01
7.675634288787841797e+01,5.934265518188476562e+01,1.556154327392578125e+02,-4.952534675598144531e+00,-5.096031427383422852e-01,8.495541445041233930e-02,7.540000000000000000e+02,2.110734342824194809e-01
7.700686693191528320e+01,5.810072326660156250e+01,1.554826354980468750e+02,-4.952870368957519531e+00,-5.149239301681518555e-01,9.300571030262953787e-02,7.570000000000000000e+02,1.353667992172884194e-01
7.725741410255432129e+01,5.685507202148437500e+01,1.553481903076171875e+02,-4.952932357788085938e+00,-5.214126110076904297e-01,9.744070228648228638e-02,7.590000000000000000e+02,1.820646403600785779e-01
7.751216411590576172e+01,5.560234832763671875e+01,1.552105712890625000e+02,-4.951314926147460938e+00,-5.290560126304626465e-01,1.031731677127958602e-01,7.620000000000000000e+02,7.499338440961339503e-02
7.775729775428771973e+01,5.436294174194335938e+01,1.550715484619140625e+02,-4.950526237487792969e+00,-5.380555391311645508e-01,1.033239060505688894e-01,7.640000000000000000e+02,1.847487294644601097e-01
7.800677704811096191e+01,5.312830352783203125e+01,1.549318542480468750e+02,-4.950652599334716797e+00,-5.474607944488525391e-01,1.068562053395222117e-01,7.670000000000000000e+02,7.105250894157179309e-02
7.825961899757385254e+01,5.188978576660156250e+01,1.547897491455078125e+02,-4.952239036560058594e+00,-5.568969249725341797e-01,1.055920937648342633e-01,7.690000000000000000e+02,1.887463518322378409e-01
7.850963711738586426e+01,5.065520477294921875e+01,1.546447448730468750e+02,-4.953689575195312500e+00,-5.678801536560058594e-01,1.067865947829733236e-01,7.720000000000000000e+02,9.917136347757166126e-02
7.875737595558166504e+01,4.941644287109375000e+01,1.544968414306640625e+02,-4.953812599182128906e+00,-5.792804956436157227e-01,1.018048666601921171e-01,7.740000000000000000e+02,2.038276409034558700e-01
7.900883197784423828e+01,4.818571853637695312e+01,1.543468475341796875e+02,-4.953185558319091797e+00,-5.907099246978759766e-01,1.008044281376447165e-01,7.770000000000000000e+02,1.312034366187738998e-01
7.925969409942626953e+01,4.694773483276367188e+01,1.541927490234375000e+02,-4.955038547515869141e+00,-6.019792556762695312e-01,9.413886029498706731e-02,7.790000000000000000e+02,2.170628198414981391e-01
7.950811600685119629e+01,4.569918823242187500e+01,1.540346374511718750e+02,-4.958684444427490234e+00,-6.129934191703796387e-01,9.249915330168489991e-02,7.820000000000000000e+02,1.471072862478915444e-01
7.975665092468261719e+01,4.446098709106445312e+01,1.538741760253906250e+02,-4.961701869964599609e+00,-6.234518289566040039e-01,8.469550997682691318e-02,7.840000000000000000e+02,2.418798505879914962e-01
8.000794005393981934e+01,4.322171783447265625e+01,1.537117309570312500e+02,-4.963129997253417969e+00,-6.324110031127929688e-01,7.752633552110080317e-02,7.870000000000000000e+02,1.578420853321504391e-01
8.026204991340637207e+01,4.198567199707031250e+01,1.535483245849609375e+02,-4.964040756225585938e+00,-6.381533741950988770e-01,8.022110940497835518e-02,7.890000000000000000e+02,2.533272598017833888e-01
8.051107192039489746e+01,4.074074554443359375e+01,1.533822174072265625e+02,-4.964368343353271484e+00,-6.432461142539978027e-01,1.071285814535990893e-01,7.920000000000000000e+02,1.625174628041031744e-01
8.075507307052612305e+01,3.950734329223632812e+01,1.532155303955078125e+02,-4.962559700012207031e+00,-6.507110595703125000e-01,1.853169701508083356e-01,7.940000000000000000e+02,2.639969143887765379e-01
8.100802898406982422e+01,3.826951217651367188e+01,1.530457763671875000e+02,-4.958195686340332031e+00,-6.667199134826660156e-01,2.723651792455412668e-01,7.970000000000000000e+02,1.618894966601594487e-01
8.125526809692382812e+01,3.702848052978515625e+01,1.528692932128906250e+02,-4.951378822326660156e+00,-6.992306709289550781e-01,4.133831241138479773e-01,7.990000000000000000e+02,2.689234205671486300e-01
8.150698280334472656e+01,3.577301406860351562e+01,1.526801605224609375e+02,-4.939907550811767578e+00,-7.512996792793273926e-01,5.735940869886532179e-01,8.020000000000000000e+02,1.327994588873083748e-01
8.176196408271789551e+01,3.453716659545898438e+01,1.524775238037109375e+02,-4.922461509704589844e+00,-8.288496732711791992e-01,7.093353147749636989e-01,8.050000000000000000e+02,2.639590153611761081e-01
8.200865602493286133e+01,3.330701065063476562e+01,1.522526855468750000e+02,-4.899197578430175781e+00,-9.333083629608154297e-01,8.942485605913531588e-01,8.070000000000000000e+02,4.277445194486130531e-02
8.225896906852722168e+01,3.208743286132812500e+01,1.520005493164062500e+02,-4.869417667388916016e+00,-1.061619043350219727e+00,1.079554696746939824e+00,8.100000000000000000e+02,2.476233424623531243e-01
8.251100492477416992e+01,3.087213897705078125e+01,1.517119903564453125e+02,-4.828687191009521484e+00,-1.220973372459411621e+00,1.216085646670700626e+00,8.120000000000000000e+02,1.652205125648224526e-01
8.275673389434814453e+01,2.967351722717285156e+01,1.513820495605468750e+02,-4.773879051208496094e+00,-1.406042218208312988e+00,1.305749289014666026e+00,8.140000000000000000e+02,4.077028274698688559e-01
8.300641512870788574e+01,2.849209022521972656e+01,1.510057067871093750e+02,-4.704442024230957031e+00,-1.607856869697570801e+00,1.372631984665491300e+00,8.170000000000000000e+02,4.568494374453956897e-01
8.325997781753540039e+01,2.732782745361328125e+01,1.505783081054687500e+02,-4.623562335968017578e+00,-1.819804787635803223e+00,1.395455386468681391e+00,8.190000000000000000e+02,5.476081733678133112e-01
8.350736188888549805e+01,2.618180847167968750e+01,1.500954895019531250e+02,-4.532756805419921875e+00,-2.036947727203369141e+00,1.420590911199805184e+00,8.220000000000000000e+02,4.957859512211021391e-01
8.375742697715759277e+01,2.505158805847167969e+01,1.495541839599609375e+02,-4.431143760681152344e+00,-2.253875255584716797e+00,1.392536193751189755e+00,8.240000000000000000e+02,4.503393252712902251e-01
8.400660395622253418e+01,2.395839118957519531e+01,1.489638519287109375e+02,-4.320340633392333984e+00,-2.466234207153320312e+00,1.385533023987384649e+00,8.270000000000000000e+02,2.542673695814036128e-01
8.426209998130798340e+01,2.289704513549804688e+01,1.483232269287109375e+02,-4.202575206756591797e+00,-2.668306827545166016e+00,1.369804697994456477e+00,8.300000000000000000e+02,1.885752659448010071e-01
8.451203799247741699e+01,2.186258888244628906e+01,1.476300048828125000e+02,-4.076392650604248047e+00,-2.862708568572998047e+00,1.289297464742563459e+00,8.320000000000000000e+02,2.485872726799124854e-01
8.475559806823730469e+01,2.086378479003906250e+01,1.468910369873046875e+02,-3.944546461105346680e+00,-3.046202659606933594e+00,1.249275642729688496e+00,8.350000000000000000e+02,6.197074628908186833e-01
8.500790286064147949e+01,1.989434051513671875e+01,1.461055908203125000e+02,-3.811085939407348633e+00,-3.214429855346679688e+00,1.205093194151230174e+00,8.370000000000000000e+02,8.904566828632272113e-01
8.525799894332885742e+01,1.896114158630371094e+01,1.452812042236328125e+02,-3.675100088119506836e+00,-3.372216701507568359e+00,1.093525213820493613e+00,8.390000000000000000e+02,1.171433934762123430e+00
8.550622797012329102e+01,1.805582046508789062e+01,1.444128570556640625e+02,-3.538269042968750000e+00,-3.519171714782714844e+00,1.031732100829273246e+00,8.420000000000000000e+02,1.368783841988922667e+00
8.575741314888000488e+01,1.717850303649902344e+01,1.435030670166015625e+02,-3.406427621841430664e+00,-3.649286746978759766e+00,9.132243097490365669e-01,8.440000000000000000e+02,1.549469311401500571e+00
8.600786876678466797e+01,1.634255599975585938e+01,1.425713500976562500e+02,-3.279062747955322266e+00,-3.766017675399780273e+00,8.432780340563283961e-01,8.470000000000000000e+02,1.656812110521477699e+00
8.626209402084350586e+01,1.553736972808837891e+01,1.416125793457031250e+02,-3.160964012145996094e+00,-3.868086576461791992e+00,7.224426748475866189e-01,8.490000000000000000e+02,1.750539356931994472e+00
8.650960993766784668e+01,1.476326847076416016e+01,1.406325683593750000e+02,-3.051146030426025391e+00,-3.959078788757324219e+00,6.496719993176180985e-01,8.520000000000000000e+02,1.779553008824880322e+00
8.675902795791625977e+01,1.401077270507812500e+01,1.396244659423828125e+02,-2.952227830886840820e+00,-4.037151813507080078e+00,5.340009059085566445e-01,8.540000000000000000e+02,1.804160132313466391e+00
8.700747394561767578e+01,1.328915882110595703e+01,1.386079864501953125e+02,-2.862477302551269531e+00,-4.103795528411865234e+00,4.612948967178095439e-01,8.570000000000000000e+02,1.766818593582158758e+00
8.725937509536743164e+01,1.258505916595458984e+01,1.375716094970703125e+02,-2.784966707229614258e+00,-4.159151554107666016e+00,3.546729737582832165e-01,8.600000000000000000e+02,1.736735957082841342e+00
8.751034116744995117e+01,1.189665031433105469e+01,1.365177154541015625e+02,-2.717407226562500000e+00,-4.205610275268554688e+00,2.560545400773374114e-01,8.620000000000000000e+02,1.649695775226125871e+00
8.776203799247741699e+01,1.121519088745117188e+01,1.354402465820312500e+02,-2.662010192871093750e+00,-4.239700317382812500e+00,1.939937746541949282e-01,8.650000000000000000e+02,1.572501146857399945e+00
8.801201891899108887e+01,1.055702400207519531e+01,1.343742523193359375e+02,-2.617569446563720703e+00,-4.261926174163818359e+00,1.130964637023339908e-01,8.670000000000000000e+02,1.459277012767510318e+00
8.826323103904724121e+01,9.909259796142578125e+00,1.333039703369140625e+02,-2.583335399627685547e+00,-4.281067848205566406e+00,5.854951727060075939e-02,8.700000000000000000e+02,1.358851700738003432e+00
8.850715208053588867e+01,9.270801544189453125e+00,1.322320861816406250e+02,-2.560630083084106445e+00,-4.297216415405273438e+00,-7.980397148188437401e-03,8.720000000000000000e+02,1.226006285392525097e+00
8.876243996620178223e+01,8.634482383728027344e+00,1.311521148681640625e+02,-2.547986984252929688e+00,-4.309026241302490234e+00,-5.374979946365504579e-02,8.750000000000000000e+02,1.112587486406413584e+00
8.900685477256774902e+01,8.000699043273925781e+00,1.300710754394531250e+02,-2.543865919113159180e+00,-4.315950393676757812e+00,-1.039406141580686005e-01,8.770000000000000000e+02,9.691710493727001552e-01
8.925746703147888184e+01,7.366658210754394531e+00,1.289878387451171875e+02,-2.545244693756103516e+00,-4.315455913543701172e+00,-1.401801388175020757e-01,8.800000000000000000e+02,8.537561196183779400e-01
8.950973296165466309e+01,6.729142189025878906e+00,1.279026641845703125e+02,-2.553601026535034180e+00,-4.306344509124755859e+00,-1.722559695255634071e-01,8.820000000000000000e+02,7.106675019480167554e-01
8.975917887687683105e+01,6.086702346801757812e+00,1.268164291381835938e+02,-2.567122220993041992e+00,-4.293170928955078125e+00,-1.962916407227464910e-01,8.850000000000000000e+02,5.993412269961888583e-01
9.000924801826477051e+01,5.436728954315185547e+00,1.257264099121093750e+02,-2.584926843643188477e+00,-4.276265144348144531e+00,-2.141682285048692180e-01,8.870000000000000000e+02,4.716442976373409479e-01
9.025993704795837402e+01,4.788094520568847656e+00,1.246524353027343750e+02,-2.606537580490112305e+00,-4.256501674652099609e+00,-2.283978394722789851e-01,8.900000000000000000e+02,3.650420871815340806e-01
9.050785994529724121e+01,4.135580062866210938e+00,1.235870208740234375e+02,-2.631967782974243164e+00,-4.235804080963134766e+00,-2.325096394003850764e-01,8.920000000000000000e+02,2.684643634884654184e-01
9.076077008247375488e+01,3.473909616470336914e+00,1.225224761962890625e+02,-2.660104036331176758e+00,-4.215752124786376953e+00,-2.391244584678557661e-01,8.950000000000000000e+02,1.807569536396466114e-01
9.100788879394531250e+01,2.807476758956909180e+00,1.214665832519531250e+02,-2.689009189605712891e+00,-4.194848060607910156e+00,-2.344631083813843442e-01,8.970000000000000000e+02,1.450265029032002384e-01
9.125610995292663574e+01,2.130823373794555664e+00,1.204124374389648438e+02,-2.718912124633789062e+00,-4.172394752502441406e+00,-2.342506316080735784e-01,9.000000000000000000e+02,1.088376924009582802e-01
9.150663805007934570e+01,1.448652029037475586e+00,1.193666076660156250e+02,-2.749469041824340820e+00,-4.150436401367187500e+00,-2.215379376273658441e-01,9.020000000000000000e+02,1.786280896032108045e-01
9.176046895980834961e+01,7.536637187004089355e-01,1.183191223144531250e+02,-2.780518293380737305e+00,-4.128486633300781250e+00,-2.158097259828927472e-01,9.050000000000000000e+02,1.832015066115404156e-01
9.200927591323852539e+01,4.652595892548561096e-02,1.172708053588867188e+02,-2.810495615005493164e+00,-4.105436801910400391e+00,-1.971857093527271676e-01,9.070000000000000000e+02,2.801440947396263703e-01
9.225834584236145020e+01,-6.617041230201721191e-01,1.162381896972656250e+02,-2.839376449584960938e+00,-4.082498550415039062e+00,-1.862991835146978747e-01,9.100000000000000000e+02,2.607124173171909143e-01
9.250822710990905762e+01,-1.374123215675354004e+00,1.152144088745117188e+02,-2.865501880645751953e+00,-4.060513496398925781e+00,-1.644893298551004801e-01,9.120000000000000000e+02,3.475891453345555937e-01
9.276139688491821289e+01,-2.095030784606933594e+00,1.141922607421875000e+02,-2.890476703643798828e+00,-4.039909839630126953e+00,-1.518147709629697195e-01,9.150000000000000000e+02,3.156208672240165547e-01
9.300730395317077637e+01,-2.824122428894042969e+00,1.131728591918945312e+02,-2.913892984390258789e+00,-4.020979404449462891e+00,-1.287427361638707191e-01,9.170000000000000000e+02,3.930656445860247206e-01
9.325973296165466309e+01,-3.551011562347412109e+00,1.121688461303710938e+02,-2.935961008071899414e+00,-4.004097938537597656e+00,-1.141791252597527950e-01,9.200000000000000000e+02,3.409359247377639068e-01
9.350971007347106934e+01,-4.283268928527832031e+00,1.111691741943359375e+02,-2.955945253372192383e+00,-3.989183187484741211e+00,-9.117919627725708243e-02,9.220000000000000000e+02,4.001277149209425121e-01
9.375759291648864746e+01,-5.021708965301513672e+00,1.101703186035156250e+02,-2.975932359695434570e+00,-3.978722810745239258e+00,-7.660336511369308932e-02,9.250000000000000000e+02,3.412266326490486779e-01
9.400917696952819824e+01,-5.774732589721679688e+00,1.091612319946289062e+02,-2.994697332382202148e+00,-3.970711469650268555e+00,-5.530258857842392656e-02,9.270000000000000000e+02,3.995453521101829941e-01
9.426084804534912109e+01,-6.522180557250976562e+00,1.081677322387695312e+02,-3.011673450469970703e+00,-3.964411258697509766e+00,-4.050701309410086048e-02,9.300000000000000000e+02,3.179757323330167917e-01
9.451216983795166016e+01,-7.273444175720214844e+00,1.071750564575195312e+02,-3.027150869369506836e+00,-3.959931373596191406e+00,-2.091118969910532588e-02,9.320000000000000000e+02,3.770222098917425657e-01
9.475829911231994629e+01,-8.025761604309082031e+00,1.061850738525390625e+02,-3.040066003799438477e+00,-3.957943677902221680e+00,-4.265540096609235325e-03,9.350000000000000000e+02,2.818407949622059872e-01
9.501169776916503906e+01,-8.786042213439941406e+00,1.051889343261718750e+02,-3.049361228942871094e+00,-3.956501483917236328e+00,7.210201475186539706e-03,9.370000000000000000e+02,3.526813407168566950e-01
9.526210498809814453e+01,-9.541689872741699219e+00,1.042028274536132812e+02,-3.055760145187377930e+00,-3.954048871994018555e+00,2.089379718283097820e-02,9.400000000000000000e+02,2.351539974365710051e-01
9.550753879547119141e+01,-1.030214405059814453e+01,1.032121124267578125e+02,-3.060143470764160156e+00,-3.951813936233520508e+00,3.157169866316886231e-02,9.420000000000000000e+02,3.225347610637891993e-01
9.576053190231323242e+01,-1.106691932678222656e+01,1.022166900634765625e+02,-3.062841176986694336e+00,-3.950256824493408203e+00,4.235879184825960819e-02,9.450000000000000000e+02,1.838176479486055837e-01
9.600735402107238770e+01,-1.183474254608154297e+01,1.012188339233398438e+02,-3.062900066375732422e+00,-3.947368621826171875e+00,5.190662376217294871e-02,9.480000000000000000e+02,2.723636778537374958e-01
9.625941300392150879e+01,-1.260764694213867188e+01,1.002151718139648438e+02,-3.060579776763916016e+00,-3.943628311157226562e+00,6.043468094376502897e-02,9.500000000000000000e+02,1.380803857649348654e-01
9.651273488998413086e+01,-1.337224769592285156e+01,9.922200012207031250e+01,-3.057196140289306641e+00,-3.940680503845214844e+00,6.858573396563748259e-02,9.530000000000000000e+02,2.138447090585888222e-01
9.676098513603210449e+01,-1.413352870941162109e+01,9.823242950439453125e+01,-3.052942037582397461e+00,-3.939294338226318359e+00,7.385286666872102612e-02,9.550000000000000000e+02,9.994705496905194331e-02
9.700775909423828125e+01,-1.489602851867675781e+01,9.723986816406250000e+01,-3.048163652420043945e+00,-3.939595699310302734e+00,7.977526010868153661e-02,9.580000000000000000e+02,1.802067141611223833e-01
9.725841999053955078e+01,-1.565447521209716797e+01,9.625088500976562500e+01,-3.042630434036254883e+00,-3.940623283386230469e+00,8.201836705833036312e-02,9.600000000000000000e+02,8.239726632263216777e-02
9.751237702369689941e+01,-1.641116333007812500e+01,9.526185607910156250e+01,-3.035617589950561523e+00,-3.942216157913208008e+00,8.552663447338938740e-02,9.630000000000000000e+02,1.671001852571801782e-01
9.775820207595825195e+01,-1.716789817810058594e+01,9.426863098144531250e+01,-3.029285907745361328e+00,-3.945451974868774414e+00,8.472037227546924676e-02,9.650000000000000000e+02,8.967674744986516011e-02
9.800986003875732422e+01,-1.792547988891601562e+01,9.327113342285156250e+01,-3.024116277694702148e+00,-3.949507951736450195e+00,8.733930778963452934e-02,9.680000000000000000e+02,1.559610322209114830e-01
9.826255679130554199e+01,-1.868659973144531250e+01,9.226697540283203125e+01,-3.019401311874389648e+00,-3.952571630477905273e+00,8.658136104686173229e-02,9.700000000000000000e+02,1.281809498857625351e-01
9.850981497764587402e+01,-1.943864250183105469e+01,9.127268981933593750e+01,-3.014944314956665039e+00,-3.956009864807128906e+00,8.937962871189214509e-02,9.730000000000000000e+02,1.487258566238954804e-01
9.876344585418701172e+01,-2.018715858459472656e+01,9.028020477294921875e+01,-3.010805845260620117e+00,-3.961009979248046875e+00,8.678280513812136610e-02,9.750000000000000000e+02,1.484685412575182106e-01
9.901164197921752930e+01,-2.093685531616210938e+01,8.928355407714843750e+01,-3.007153034210205078e+00,-3.966720819473266602e+00,8.825522521015095878e-02,9.780000000000000000e+02,1.601341778229247170e-01
9.926117396354675293e+01,-2.168755340576171875e+01,8.828253173828125000e+01,-3.003837347030639648e+00,-3.972529888153076172e+00,8.476523332072588568e-02,9.800000000000000000e+02,1.742032059577667547e-01
9.950950694084167480e+01,-2.242790985107421875e+01,8.729293060302734375e+01,-2.999204635620117188e+00,-3.976799249649047852e+00,8.520581101238232369e-02,9.830000000000000000e+02,1.727278350266308049e-01
9.975676488876342773e+01,-2.316887283325195312e+01,8.630006408691406250e+01,-2.994935512542724609e+00,-3.982995510101318359e+00,7.984044236315726573e-02,9.850000000000000000e+02,1.793597080524967080e-01
1.000103900432586670e+02,-2.391393089294433594e+01,8.529811096191406250e+01,-2.992034673690795898e+00,-3.991598844528198242e+00,7.848132923393627558e-02,9.880000000000000000e+02,1.816742730352397528e-01
1.002595200538635254e+02,-2.466436386108398438e+01,8.428582763671875000e+01,-2.989815235137939453e+00,-3.999948501586914062e+00,7.252714998156928328e-02,9.900000000000000000e+02,2.037841774340216350e-01
1.005093538761138916e+02,-2.540794944763183594e+01,8.328047943115234375e+01,-2.987162828445434570e+00,-4.006372451782226562e+00,7.123928541374488499e-02,9.930000000000000000e+02,1.722119740911329522e-01
1.007606031894683838e+02,-2.615088081359863281e+01,8.227324676513671875e+01,-2.983947753906250000e+00,-4.010682106018066406e+00,6.550139266120866277e-02,9.950000000000000000e+02,2.194709158156905315e-01
1.010106720924377441e+02,-2.689061164855957031e+01,8.126898956298828125e+01,-2.980455875396728516e+00,-4.013381004333496094e+00,6.442839422915336289e-02,9.980000000000000000e+02,1.668073204801565068e-01
1.012603130340576172e+02,-2.763474273681640625e+01,8.025752258300781250e+01,-2.977515220642089844e+00,-4.015408515930175781e+00,5.955385273231813409e-02,1.000000000000000000e+03,2.336642405169101211e-01
1.015067589282989502e+02,-2.837108039855957031e+01,7.925566864013671875e+01,-2.974335908889770508e+00,-4.016276359558105469e+00,8.121035531150350151e-02,1.003000000000000000e+03,1.597874439393189572e-01
1.017571420669555664e+02,-2.910986137390136719e+01,7.824880218505859375e+01,-2.969744920730590820e+00,-4.017897129058837891e+00,1.284984182036881251e-01,1.005000000000000000e+03,2.379731501515440217e-01
1.020109901428222656e+02,-2.984961509704589844e+01,7.723709106445312500e+01,-2.959690093994140625e+00,-4.023627281188964844e+00,2.278897691610976828e-01,1.008000000000000000e+03,1.483369333633929033e-01
1.022618880271911621e+02,-3.059529685974121094e+01,7.620997619628906250e+01,-2.938109397888183594e+00,-4.035916328430175781e+00,3.258199707152305002e-01,1.010000000000000000e+03,2.627552005565800819e-01
1.025130679607391357e+02,-3.132383155822753906e+01,7.519222259521484375e+01,-2.901072978973388672e+00,-4.057525634765625000e+00,4.794113567954041422e-01,1.013000000000000000e+03,1.164173762774875359e-01
1.027607789039611816e+02,-3.204077529907226562e+01,7.416728973388671875e+01,-2.846965789794921875e+00,-4.091103553771972656e+00,6.539819291584072491e-01,1.015000000000000000e+03,2.588440520594156302e-01
1.030133519172668457e+02,-3.273929595947265625e+01,7.313583374023437500e+01,-2.768458366394042969e+00,-4.140785694122314453e+00,8.000414938176211299e-01,1.018000000000000000e+03,3.714429446981156596e-02
1.032640628814697266e+02,-3.341796875000000000e+01,7.208699798583984375e+01,-2.664755105972290039e+00,-4.205184459686279297e+00,9.955953210854909807e-01,1.021000000000000000e+03,2.487191748825678117e-01
1.035099499225616455e+02,-3.406619262695312500e+01,7.102442932128906250e+01,-2.537814378738403320e+00,-4.279885292053222656e+00,1.197621928702598426e+00,1.023000000000000000e+03,1.455208793046060545e-01
1.037633988857269287e+02,-3.467869186401367188e+01,6.994252777099609375e+01,-2.377708911895751953e+00,-4.365280628204345703e+00,1.393504848546995634e+00,1.025000000000000000e+03,3.795270172189947888e-01
1.040129239559173584e+02,-3.524829483032226562e+01,6.883840942382812500e+01,-2.184320449829101562e+00,-4.459934711456298828e+00,1.555558272391762920e+00,1.028000000000000000e+03,4.501259447332648933e-01
1.042611708641052246e+02,-3.576752090454101562e+01,6.770729827880859375e+01,-1.958771824836730957e+00,-4.560662746429443359e+00,1.736652880484810701e+00,1.031000000000000000e+03,5.661393169071765596e-01
1.045139009952545166e+02,-3.622990798950195312e+01,6.654318237304687500e+01,-1.702211737632751465e+00,-4.661376476287841797e+00,1.878756955250958649e+00,1.033000000000000000e+03,5.808051256442985366e-01
1.047611267566680908e+02,-3.661985015869140625e+01,6.536528778076171875e+01,-1.416647672653198242e+00,-4.754987716674804688e+00,1.974144450861907707e+00,1.036000000000000000e+03,5.332378668649199183e-01
1.050139210224151611e+02,-3.693474960327148438e+01,6.416917419433593750e+01,-1.105020761489868164e+00,-4.836159706115722656e+00,2.037953361575160827e+00,1.038000000000000000e+03,5.096928409987024899e-01
1.052617368698120117e+02,-3.717074966430664062e+01,6.295096588134765625e+01,-7.751752138137817383e-01,-4.899299144744873047e+00,2.075659722412130481e+00,1.041000000000000000e+03,3.215287621272023277e-01
1.055131080150604248e+02,-3.732342910766601562e+01,6.171494674682617188e+01,-4.322681427001953125e-01,-4.941168308258056641e+00,2.031857322966243995e+00,1.044000000000000000e+03,2.477378386259040666e-01
1.057589969635009766e+02,-3.738939666748046875e+01,6.048339843750000000e+01,-8.805453777313232422e-02,-4.958374023437500000e+00,2.014980093707047004e+00,1.046000000000000000e+03,6.094603610866231730e-02
1.060077779293060303e+02,-3.737034606933593750e+01,5.924596786499023438e+01,2.519402503967285156e-01,-4.952768325805664062e+00,1.985961511031627769e+00,1.048000000000000000e+03,3.749330103361953603e-01
1.062594401836395264e+02,-3.726567077636718750e+01,5.800418853759765625e+01,5.910897254943847656e-01,-4.925593376159667969e+00,1.943627317510207231e+00,1.051000000000000000e+03,5.720228904432140826e-01
1.065145788192749023e+02,-3.707515335083007812e+01,5.676366424560546875e+01,9.248443841934204102e-01,-4.876131534576416016e+00,1.888825885613697242e+00,1.053000000000000000e+03,8.734432009585807455e-01
1.067630310058593750e+02,-3.680466079711914062e+01,5.555030059814453125e+01,1.243056654930114746e+00,-4.808024883270263672e+00,1.740726075479645862e+00,1.055000000000000000e+03,1.215785517855058728e+00
1.070125250816345215e+02,-3.645593261718750000e+01,5.435509490966796875e+01,1.548497915267944336e+00,-4.724448204040527344e+00,1.662306300280028459e+00,1.058000000000000000e+03,1.577866389409803949e+00
1.072606620788574219e+02,-3.603502273559570312e+01,5.318592071533203125e+01,1.826906085014343262e+00,-4.631892681121826172e+00,1.583572183030813596e+00,1.060000000000000000e+03,1.913642145044405884e+00
1.075090219974517822e+02,-3.554292678833007812e+01,5.203349685668945312e+01,2.091641187667846680e+00,-4.527179718017578125e+00,1.414977529929306366e+00,1.062000000000000000e+03,2.208485118693066962e+00
1.077613539695739746e+02,-3.499193954467773438e+01,5.091887664794921875e+01,2.335049629211425781e+00,-4.415444850921630859e+00,1.317639819885983554e+00,1.065000000000000000e+03,2.423945620076024543e+00
1.080136530399322510e+02,-3.438043212890625000e+01,4.982711029052734375e+01,2.550286531448364258e+00,-4.304258823394775391e+00,1.147728289064466001e+00,1.067000000000000000e+03,2.584313770356909679e+00
1.082635021209716797e+02,-3.371401977539062500e+01,4.875876998901367188e+01,2.745301961898803711e+00,-4.192348957061767578e+00,1.047913444948741946e+00,1.070000000000000000e+03,2.680155291316869803e+00
1.085109307765960693e+02,-3.299262237548828125e+01,4.770385742187500000e+01,2.914378404617309570e+00,-4.083081245422363281e+00,8.823367969631914498e-01,1.072000000000000000e+03,2.734683304009370097e+00
1.087643909454345703e+02,-3.224309539794921875e+01,4.669322204589843750e+01,3.060437440872192383e+00,-3.975508689880371094e+00,7.773190936689543529e-01,1.075000000000000000e+03,2.724817105346376778e+00
1.090138139724731445e+02,-3.146033477783203125e+01,4.570996856689453125e+01,3.184521436691284180e+00,-3.879670143127441406e+00,6.173335605093818179e-01,1.078000000000000000e+03,2.691211918975200845e+00
1.092651569843292236e+02,-3.065139389038085938e+01,4.475279998779296875e+01,3.292343616485595703e+00,-3.795136928558349609e+00,5.160633830957308543e-01,1.080000000000000000e+03,2.598978962779271651e+00
1.095148117542266846e+02,-2.981471443176269531e+01,4.381175613403320312e+01,3.382267475128173828e+00,-3.724476099014282227e+00,3.719377537639771414e-01,1.083000000000000000e+03,2.495090400073685100e+00
1.097608780860900879e+02,-2.895947456359863281e+01,4.288973236083984375e+01,3.456489562988281250e+00,-3.663894653320312500e+00,2.390372878815500701e-01,1.085000000000000000e+03,2.346933638947582335e+00
1.100109670162200928e+02,-2.808774566650390625e+01,4.198028182983398438e+01,3.510552644729614258e+00,-3.616301059722900391e+00,1.532919319469580044e-01,1.088000000000000000e+03,2.194754194198011543e+00
1.102632520198822021e+02,-2.720128250122070312e+01,4.107729339599609375e+01,3.548592090606689453e+00,-3.580751895904541016e+00,4.605774257328385662e-02,1.090000000000000000e+03,2.011984220603173501e+00
1.105076470375061035e+02,-2.630304718017578125e+01,4.017860794067382812e+01,3.574743986129760742e+00,-3.553658962249755859e+00,-2.851832338305228601e-02,1.093000000000000000e+03,1.829627321571625220e+00
1.107600917816162109e+02,-2.539212989807128906e+01,3.927836227416992188e+01,3.588385820388793945e+00,-3.535870552062988281e+00,-1.150618543633402380e-01,1.095000000000000000e+03,1.630204996810649121e+00
1.110129699707031250e+02,-2.448816108703613281e+01,3.839167785644531250e+01,3.590634822845458984e+00,-3.526051759719848633e+00,-1.870519336481962502e-01,1.098000000000000000e+03,1.431078160649116748e+00
1.112612740993499756e+02,-2.358762168884277344e+01,3.750878143310546875e+01,3.581447839736938477e+00,-3.525579690933227539e+00,-2.381422545140674807e-01,1.100000000000000000e+03,1.235186098372323515e+00
1.115125789642333984e+02,-2.268733787536621094e+01,3.662094116210937500e+01,3.563220262527465820e+00,-3.533607959747314453e+00,-2.838307233230815130e-01,1.103000000000000000e+03,1.036036736968682259e+00
1.117607448101043701e+02,-2.178887748718261719e+01,3.572692871093750000e+01,3.538823604583740234e+00,-3.547855377197265625e+00,-3.200038426690126059e-01,1.105000000000000000e+03,8.569101712339555199e-01
1.120132029056549072e+02,-2.090594863891601562e+01,3.483756256103515625e+01,3.508559703826904297e+00,-3.566402196884155273e+00,-3.450290319375849402e-01,1.108000000000000000e+03,6.645064639386177863e-01
1.122609348297119141e+02,-2.002744293212890625e+01,3.393932342529296875e+01,3.473533391952514648e+00,-3.589283466339111328e+00,-3.678237961457656580e-01,1.110000000000000000e+03,5.179530581198212857e-01
1.125138070583343506e+02,-1.915208625793457031e+01,3.302864456176757812e+01,3.435410499572753906e+00,-3.617349624633789062e+00,-3.751104550564801632e-01,1.113000000000000000e+03,3.303929031958317553e-01
1.127669339179992676e+02,-1.828051948547363281e+01,3.210388565063476562e+01,3.393783807754516602e+00,-3.648482561111450195e+00,-3.862928845918301435e-01,1.115000000000000000e+03,2.759644949595304042e-01
1.130160779953002930e+02,-1.742815017700195312e+01,3.117987442016601562e+01,3.349432229995727539e+00,-3.679873228073120117e+00,-3.780730877986352434e-01,1.118000000000000000e+03,4.433388466568017466e-02
1.132631070613861084e+02,-1.658772659301757812e+01,3.024872589111328125e+01,3.303271055221557617e+00,-3.712764263153076172e+00,-3.780573740984027875e-01,1.120000000000000000e+03,2.507100732242305563e-01
1.135097999572753906e+02,-1.576184558868408203e+01,2.931314468383789062e+01,3.257210254669189453e+00,-3.745795726776123047e+00,-3.581953250577876724e-01,1.123000000000000000e+03,1.910934081277939900e-01
1.137619149684906006e+02,-1.494210147857666016e+01,2.836305427551269531e+01,3.211898088455200195e+00,-3.781626224517822266e+00,-3.501812704578577407e-01,1.126000000000000000e+03,3.723743059868288574e-01
1.140106780529022217e+02,-1.414225864410400391e+01,2.741449737548828125e+01,3.168469429016113281e+00,-3.815630674362182617e+00,-3.225485265895112197e-01,1.128000000000000000e+03,3.642241168487013181e-01
1.142618968486785889e+02,-1.335277175903320312e+01,2.645721435546875000e+01,3.124458551406860352e+00,-3.847746133804321289e+00,-3.081668403234054665e-01,1.131000000000000000e+03,4.909770561963930358e-01
1.145141789913177490e+02,-1.257313823699951172e+01,2.549031639099121094e+01,3.084799051284790039e+00,-3.881203174591064453e+00,-2.754472292882211848e-01,1.133000000000000000e+03,4.816564158270050799e-01
1.147625329494476318e+02,-1.179230594635009766e+01,2.450111389160156250e+01,3.049381256103515625e+00,-3.916680812835693359e+00,-2.581949491461213442e-01,1.136000000000000000e+03,5.627238916444782246e-01
1.150148978233337402e+02,-1.103048610687255859e+01,2.351666069030761719e+01,3.016788482666015625e+00,-3.948703050613403320e+00,-2.239490958180093694e-01,1.138000000000000000e+03,5.497185752898683386e-01
1.152616980075836182e+02,-1.027660655975341797e+01,2.252469444274902344e+01,2.986094713211059570e+00,-3.978025674819946289e+00,-2.040943121383883008e-01,1.141000000000000000e+03,5.980117316582814757e-01
1.155149779319763184e+02,-9.531672477722167969e+00,2.152934837341308594e+01,2.958307504653930664e+00,-4.004019260406494141e+00,-1.701139478713783182e-01,1.143000000000000000e+03,5.740864349797193400e-01
1.157604720592498779e+02,-8.790060997009277344e+00,2.052391242980957031e+01,2.933241844177246094e+00,-4.028377056121826172e+00,-1.496326172892085415e-01,1.146000000000000000e+03,5.977433988550716615e-01
1.160109109878540039e+02,-8.055932998657226562e+00,1.951573944091796875e+01,2.910593032836914062e+00,-4.049845695495605469e+00,-1.169363491398256044e-01,1.148000000000000000e+03,5.656788738459201937e-01
1.162610979080200195e+02,-7.327068328857421875e+00,1.850144767761230469e+01,2.888488054275512695e+00,-4.067370414733886719e+00,-9.519044935167615684e-02,1.151000000000000000e+03,5.664843422763335967e-01
1.165130281448364258e+02,-6.599820613861083984e+00,1.747877120971679688e+01,2.869456291198730469e+00,-4.081170082092285156e+00,-6.496395304182056574e-02,1.153000000000000000e+03,5.303064455488419870e-01
1.167600188255310059e+02,-5.874250411987304688e+00,1.644938659667968750e+01,2.851770877838134766e+00,-4.091446399688720703e+00,-4.441271134909040991e-02,1.156000000000000000e+03,5.060804124387741076e-01
1.170139570236206055e+02,-5.148122310638427734e+00,1.541153240203857422e+01,2.835188865661621094e+00,-4.097578048706054688e+00,-1.732332542413649035e-02,1.158000000000000000e+03,4.830633984741743991e-01
1.172643709182739258e+02,-4.433315277099609375e+00,1.438246917724609375e+01,2.821213006973266602e+00,-4.101716995239257812e+00,2.267373676347599499e-03,1.161000000000000000e+03,4.279093948707483053e-01
1.175121359825134277e+02,-3.724080324172973633e+00,1.335662555694580078e+01,2.810684204101562500e+00,-4.103971481323242188e+00,2.468975751822288095e-02,1.163000000000000000e+03,4.201483218167998968e-01
1.177609021663665771e+02,-3.014815807342529297e+00,1.232624053955078125e+01,2.803474187850952148e+00,-4.105274677276611328e+00,4.158948022060248578e-02,1.166000000000000000e+03,3.431958580831270256e-01
1.180109238624572754e+02,-2.304466009140014648e+00,1.129206752777099609e+01,2.800752639770507812e+00,-4.106494903564453125e+00,5.855827229215086055e-02,1.168000000000000000e+03,3.594232729511964153e-01
1.182638309001922607e+02,-1.602252006530761719e+00,1.026920700073242188e+01,2.800307273864746094e+00,-4.105444431304931641e+00,7.186709945759121865e-02,1.171000000000000000e+03,2.538705720446138847e-01
1.185108978748321533e+02,-8.973333835601806641e-01,9.243849754333496094e+00,2.802711725234985352e+00,-4.103191852569580078e+00,8.245932468500703771e-02,1.173000000000000000e+03,2.983644473444315159e-01
1.187609550952911377e+02,-1.856014281511306763e-01,8.211768150329589844e+00,2.807957649230957031e+00,-4.101177215576171875e+00,9.026933907682403724e-02,1.176000000000000000e+03,1.673359750142121571e-01
1.190126247406005859e+02,5.313553214073181152e-01,7.173795223236083984e+00,2.813616514205932617e+00,-4.097479343414306641e+00,9.846058667057035196e-02,1.179000000000000000e+03,2.732175355021529417e-01
1.192630629539489746e+02,1.242628931999206543e+00,6.148076057434082031e+00,2.819982290267944336e+00,-4.092059612274169922e+00,1.022629122272348812e-01,1.181000000000000000e+03,8.869704899836942935e-02
1.195160009860992432e+02,1.955417990684509277e+00,5.124222278594970703e+00,2.827434539794921875e+00,-4.086364269256591797e+00,1.075164284316195568e-01,1.184000000000000000e+03,2.294218220225131832e-01
1.197610869407653809e+02,2.667576551437377930e+00,4.105565071105957031e+00,2.835886240005493164e+00,-4.081482887268066406e+00,1.082210585287461252e-01,1.186000000000000000e+03,3.420973221524378771e-02
1.200167360305786133e+02,3.386305332183837891e+00,3.081448793411254883e+00,2.845490455627441406e+00,-4.077157497406005859e+00,1.119685231225777677e-01,1.189000000000000000e+03,2.061652459741779853e-01
1.202618060111999512e+02,4.098849296569824219e+00,2.071250438690185547e+00,2.854780197143554688e+00,-4.071806430816650391e+00,1.098393489264090361e-01,1.191000000000000000e+03,5.681548157291270440e-02
1.205117650032043457e+02,4.815312862396240234e+00,1.060975551605224609e+00,2.864648103713989258e+00,-4.066698551177978516e+00,1.113359318259870279e-01,1.194000000000000000e+03,2.170952406544135183e-01
1.207601649761199951e+02,5.537277221679687500e+00,4.783415794372558594e-02,2.875888109207153320e+00,-4.065010547637939453e+00,1.078311632012071003e-01,1.196000000000000000e+03,9.882533148056722727e-02
1.210108621120452881e+02,6.272919178009033203e+00,-9.792143106460571289e-01,2.887706756591796875e+00,-4.064908981323242188e+00,1.094315847258362506e-01,1.199000000000000000e+03,2.052874868056722424e-01
1.212657389640808105e+02,7.001803874969482422e+00,-1.993811368942260742e+00,2.898756027221679688e+00,-4.063677787780761719e+00,1.047189303430222651e-01,1.201000000000000000e+03,1.492367970514609510e-01
1.215145950317382812e+02,7.734117507934570312e+00,-3.008625507354736328e+00,2.909104108810424805e+00,-4.059547901153564453e+00,1.038555123196515384e-01,1.204000000000000000e+03,2.044948810070669476e-01
1.217651581764221191e+02,8.466865539550781250e+00,-4.019206047058105469e+00,2.917068243026733398e+00,-4.052676677703857422e+00,9.650735830161599749e-02,1.206000000000000000e+03,1.847425209971393645e-01
1.220146379470825195e+02,9.204043388366699219e+00,-5.031199455261230469e+00,2.924913167953491211e+00,-4.044980049133300781e+00,9.366953241370155891e-02,1.209000000000000000e+03,2.030140230690406500e-01
1.222628309726715088e+02,9.940610885620117188e+00,-6.037716388702392578e+00,2.931325197219848633e+00,-4.037786960601806641e+00,8.548434739102364621e-02,1.211000000000000000e+03,2.113353938597531401e-01
1.225128569602966309e+02,1.067891502380371094e+01,-7.043463230133056641e+00,2.935865879058837891e+00,-4.031741619110107422e+00,8.389195384868416983e-02,1.214000000000000000e+03,2.006874824809679048e-01
1.227603929042816162e+02,1.142206859588623047e+01,-8.052429199218750000e+00,2.940411090850830078e+00,-4.027331829071044922e+00,7.720695856092960052e-02,1.216000000000000000e+03,2.329837737298433298e-01
1.230132629871368408e+02,1.216847038269042969e+01,-9.064070701599121094e+00,2.943732261657714844e+00,-4.023069858551025391e+00,7.131780430496599543e-02,1.219000000000000000e+03,1.882529320395182892e-01
1.232617011070251465e+02,1.292002868652343750e+01,-1.008079147338867188e+01,2.945101499557495117e+00,-4.017983913421630859e+00,7.077967488175300470e-02,1.221000000000000000e+03,2.672743610850505935e-01
1.235169918537139893e+02,1.366398239135742188e+01,-1.108639717102050781e+01,2.946176052093505859e+00,-4.013430118560791016e+00,6.565811713120273119e-02,1.224000000000000000e+03,1.771755721345352474e-01
1.237634139060974121e+02,1.440658092498779297e+01,-1.208729743957519531e+01,2.948684692382812500e+00,-4.009094715118408203e+00,6.381812717049850647e-02,1.226000000000000000e+03,2.828209693599028629e-01
1.240135140419006348e+02,1.515197563171386719e+01,-1.308957195281982422e+01,2.951252937316894531e+00,-4.005846500396728516e+00,8.517044094552748967e-02,1.229000000000000000e+03,1.695524009882170002e-01
1.242678110599517822e+02,1.590031623840332031e+01,-1.409479904174804688e+01,2.955734252929687500e+00,-4.003058433532714844e+00,1.344194921786152630e-01,1.232000000000000000e+03,2.948058961908530118e-01
1.245136749744415283e+02,1.664324569702148438e+01,-1.508983612060546875e+01,2.965301275253295898e+00,-3.996480703353881836e+00,2.082185538721323947e-01,1.234000000000000000e+03,1.597759475008335150e-01
1.247634968757629395e+02,1.738961410522460938e+01,-1.608241653442382812e+01,2.982822656631469727e+00,-3.980582952499389648e+00,3.397963431926679378e-01,1.237000000000000000e+03,2.795348500013941639e-01
1.250146191120147705e+02,1.814611053466796875e+01,-1.707624244689941406e+01,3.015899419784545898e+00,-3.955628156661987305e+00,4.997811165075035089e-01,1.239000000000000000e+03,1.344410126234031888e-01
1.252636830806732178e+02,1.891864204406738281e+01,-1.806919479370117188e+01,3.070408344268798828e+00,-3.915607452392578125e+00,6.376742687492983341e-01,1.242000000000000000e+03,2.288724322256835420e-01
1.255133459568023682e+02,1.969997024536132812e+01,-1.904083633422851562e+01,3.145535230636596680e+00,-3.857460260391235352e+00,8.235712252977986925e-01,1.244000000000000000e+03,7.221027184741231342e-02
1.257668027877807617e+02,2.050267219543457031e+01,-1.999696922302246094e+01,3.239975690841674805e+00,-3.780604839324951172e+00,9.766748963280871276e-01,1.247000000000000000e+03,1.903008952257965736e-01
1.260144450664520264e+02,2.132811546325683594e+01,-2.092844009399414062e+01,3.353954792022705078e+00,-3.680518865585327148e+00,1.078121497815564211e+00,1.249000000000000000e+03,1.481968147887699483e-01
1.262643871307373047e+02,2.218898391723632812e+01,-2.183899116516113281e+01,3.482534646987915039e+00,-3.558375597000122070e+00,1.153217292630439150e+00,1.252000000000000000e+03,3.379357661846466021e-01
1.265095639228820801e+02,2.307396316528320312e+01,-2.270836448669433594e+01,3.614454030990600586e+00,-3.421247005462646484e+00,1.206332240598274597e+00,1.254000000000000000e+03,4.386414339387857964e-01
1.267635409832000732e+02,2.399524879455566406e+01,-2.354530525207519531e+01,3.748061180114746094e+00,-3.269947052001953125e+00,1.219153759172249885e+00,1.257000000000000000e+03,5.405015630659847359e-01
1.270136969089508057e+02,2.495298385620117188e+01,-2.434597969055175781e+01,3.880043506622314453e+00,-3.108834266662597656e+00,1.236039935464207096e+00,1.259000000000000000e+03,5.086768879762267881e-01
1.272674798965454102e+02,2.595666885375976562e+01,-2.511523056030273438e+01,4.006050586700439453e+00,-2.940825700759887695e+00,1.244747558633034323e+00,1.262000000000000000e+03,4.403142181473170269e-01
1.275150098800659180e+02,2.697764968872070312e+01,-2.583140563964843750e+01,4.123039722442626953e+00,-2.768126964569091797e+00,1.197807003336988529e+00,1.264000000000000000e+03,2.790595902639059767e-01
1.277652668952941895e+02,2.802661514282226562e+01,-2.650306701660156250e+01,4.233984470367431641e+00,-2.590563535690307617e+00,1.176364360427657241e+00,1.267000000000000000e+03,1.935816506412946225e-01
1.280127317905426025e+02,2.909803962707519531e+01,-2.712831497192382812e+01,4.334611892700195312e+00,-2.416945695877075195e+00,1.102675160087064565e+00,1.269000000000000000e+03,2.702368745393720073e-01
1.282639629840850830e+02,3.019767951965332031e+01,-2.771197509765625000e+01,4.429050445556640625e+00,-2.243955373764038086e+00,1.065738922921052767e+00,1.271000000000000000e+03,6.100189891525082952e-01
1.285145940780639648e+02,3.131577682495117188e+01,-2.825191688537597656e+01,4.512198448181152344e+00,-2.078465461730957031e+00,1.025913100630058139e+00,1.274000000000000000e+03,8.447503484999672185e-01
1.287627251148223877e+02,3.245471572875976562e+01,-2.875082778930664062e+01,4.586687564849853516e+00,-1.914307832717895508e+00,9.272861567935856142e-01,1.276000000000000000e+03,1.070503212467122989e+00
1.290111119747161865e+02,3.361619186401367188e+01,-2.921097373962402344e+01,4.654845714569091797e+00,-1.753963232040405273e+00,8.710283810185445175e-01,1.279000000000000000e+03,1.237058955890334877e+00
1.292630350589752197e+02,3.479787063598632812e+01,-2.963396644592285156e+01,4.712463378906250000e+00,-1.604770064353942871e+00,7.661163009673082058e-01,1.281000000000000000e+03,1.377944224847765797e+00
1.295174930095672607e+02,3.599753952026367188e+01,-3.002155113220214844e+01,4.759008407592773438e+00,-1.461806893348693848e+00,7.026739716904004673e-01,1.284000000000000000e+03,1.464201964551901769e+00
1.297646460533142090e+02,3.719390487670898438e+01,-3.037058448791503906e+01,4.797432422637939453e+00,-1.334525704383850098e+00,5.962303068997125699e-01,1.286000000000000000e+03,1.534135167198479532e+00
1.300129330158233643e+02,3.839493942260742188e+01,-3.068808937072753906e+01,4.832764148712158203e+00,-1.217940926551818848e+00,5.308626435838379454e-01,1.289000000000000000e+03,1.549160239930947647e+00
1.302679867744445801e+02,3.960888671875000000e+01,-3.097924232482910156e+01,4.865032672882080078e+00,-1.115036487579345703e+00,4.295209285807554678e-01,1.291000000000000000e+03,1.561142397956945427e+00
1.305124700069427490e+02,4.083508682250976562e+01,-3.124679756164550781e+01,4.892587184906005859e+00,-1.023109555244445801e+00,3.335301471295725184e-01,1.294000000000000000e+03,1.519173444954330821e+00
1.307635960578918457e+02,4.205649566650390625e+01,-3.149114799499511719e+01,4.913326263427734375e+00,-9.478765726089477539e-01,2.741314549280020607e-01,1.296000000000000000e+03,1.489087759108450371e+00
1.310105659961700439e+02,4.328749465942382812e+01,-3.171895790100097656e+01,4.929180622100830078e+00,-8.853572010993957520e-01,1.919235984698648145e-01,1.299000000000000000e+03,1.402680845813373933e+00
1.312612919807434082e+02,4.453082656860351562e+01,-3.193378829956054688e+01,4.940669536590576172e+00,-8.319137096405029297e-01,1.364496240082623268e-01,1.302000000000000000e+03,1.338398588758112240e+00
1.315168728828430176e+02,4.578589248657226562e+01,-3.213796234130859375e+01,4.946913242340087891e+00,-7.897771596908569336e-01,6.531334027910316864e-02,1.304000000000000000e+03,1.225101980541013269e+00
1.317665541172027588e+02,4.703076553344726562e+01,-3.233089065551757812e+01,4.949442386627197266e+00,-7.580499649047851562e-01,1.653562850532998285e-02,1.307000000000000000e+03,1.132592749147308897e+00
1.320136120319366455e+02,4.827568817138671875e+01,-3.251726150512695312e+01,4.948691844940185547e+00,-7.365983128547668457e-01,-4.017784999150289527e-02,1.309000000000000000e+03,1.012506345336329661e+00
1.322633519172668457e+02,4.951609420776367188e+01,-3.269890213012695312e+01,4.945728778839111328e+00,-7.252891659736633301e-01,-7.927062516152053040e-02,1.312000000000000000e+03,9.055854892063507355e-01
1.325145409107208252e+02,5.076403808593750000e+01,-3.287997817993164062e+01,4.941395759582519531e+00,-7.233348488807678223e-01,-1.193954951111352858e-01,1.314000000000000000e+03,7.865642147040670107e-01
1.327634990215301514e+02,5.200029754638671875e+01,-3.305961608886718750e+01,4.936641216278076172e+00,-7.280001640319824219e-01,-1.491873887032636459e-01,1.317000000000000000e+03,6.724212106954775559e-01
1.330139949321746826e+02,5.324018096923828125e+01,-3.324200057983398438e+01,4.930607795715332031e+00,-7.390706539154052734e-01,-1.755362863403368279e-01,1.319000000000000000e+03,5.655226870923550919e-01
1.332663879394531250e+02,5.448241424560546875e+01,-3.342857360839843750e+01,4.923525810241699219e+00,-7.564978599548339844e-01,-1.958336455430564893e-01,1.322000000000000000e+03,4.480286440680203430e-01
1.335156469345092773e+02,5.573890304565429688e+01,-3.362246704101562500e+01,4.915587425231933594e+00,-7.790904045104980469e-01,-2.087589781591895621e-01,1.324000000000000000e+03,3.790272754747286976e-01
1.337647180557250977e+02,5.697872543334960938e+01,-3.382119750976562500e+01,4.906906604766845703e+00,-8.054894208908081055e-01,-2.142931164072016947e-01,1.327000000000000000e+03,2.391809431168776257e-01
1.340174350738525391e+02,5.821591949462890625e+01,-3.402710342407226562e+01,4.897907733917236328e+00,-8.340259194374084473e-01,-2.214303346173766562e-01,1.329000000000000000e+03,2.563153376034544295e-01
1.342656738758087158e+02,5.944572448730468750e+01,-3.423887252807617188e+01,4.888731956481933594e+00,-8.634334206581115723e-01,-2.187885864624882215e-01,1.332000000000000000e+03,6.702877213650075550e-02
1.345158100128173828e+02,6.067636489868164062e+01,-3.445832061767578125e+01,4.880040168762207031e+00,-8.940420150756835938e-01,-2.209998939126253392e-01,1.334000000000000000e+03,2.314069715271996064e-01
1.347660338878631592e+02,6.189983749389648438e+01,-3.468544769287109375e+01,4.872593879699707031e+00,-9.253634214401245117e-01,-2.115289835443461830e-01,1.337000000000000000e+03,8.112381269840314435e-02
1.350108380317687988e+02,6.311648941040039062e+01,-3.491961669921875000e+01,4.864036560058593750e+00,-9.565547108650207520e-01,-2.084516367510755308e-01,1.339000000000000000e+03,2.745049195798319186e-01
1.352637250423431396e+02,6.433467102050781250e+01,-3.516191482543945312e+01,4.859154224395751953e+00,-9.878809452056884766e-01,-1.943465960413839344e-01,1.342000000000000000e+03,1.885830764131497805e-01
1.355157837867736816e+02,6.555659484863281250e+01,-3.541266250610351562e+01,4.857786178588867188e+00,-1.019722819328308105e+00,-1.884032268070021388e-01,1.345000000000000000e+03,3.362923144976912027e-01
1.357668941020965576e+02,6.678752899169921875e+01,-3.567266082763671875e+01,4.857694625854492188e+00,-1.050399780273437500e+00,-1.718513412344726266e-01,1.347000000000000000e+03,2.685412965499957005e-01
1.360150198936462402e+02,6.800613403320312500e+01,-3.593760681152343750e+01,4.856800556182861328e+00,-1.080402493476867676e+00,-1.629557064933305210e-01,1.350000000000000000e+03,3.649529999608919772e-01
1.362657070159912109e+02,6.922041320800781250e+01,-3.620904541015625000e+01,4.854866504669189453e+00,-1.108774781227111816e+00,-1.429947522097450574e-01,1.352000000000000000e+03,3.194596619769036194e-01
1.365145719051361084e+02,7.043831634521484375e+01,-3.648867797851562500e+01,4.851922035217285156e+00,-1.135748982429504395e+00,-1.311626843053937952e-01,1.355000000000000000e+03,3.835535883117123235e-01
1.367668468952178955e+02,7.166063690185546875e+01,-3.677501678466796875e+01,4.848946094512939453e+00,-1.160255908966064453e+00,-1.105722541375646351e-01,1.357000000000000000e+03,3.466662169861218779e-01
1.370155780315399170e+02,7.287055969238281250e+01,-3.706514358520507812e+01,4.843619346618652344e+00,-1.182879328727722168e+00,-9.706335430692596133e-02,1.360000000000000000e+03,3.804465291705956820e-01
1.372661628723144531e+02,7.408449554443359375e+01,-3.736212158203125000e+01,4.838066101074218750e+00,-1.202521800994873047e+00,-7.621974489228514060e-02,1.362000000000000000e+03,3.493465241604866156e-01
1.375154399871826172e+02,7.530615997314453125e+01,-3.766567993164062500e+01,4.832037925720214844e+00,-1.219871044158935547e+00,-6.280619280813079519e-02,1.365000000000000000e+03,3.550171907534285243e-01
1.377674958705902100e+02,7.653520965576171875e+01,-3.797529220581054688e+01,4.824757099151611328e+00,-1.234528660774230957e+00,-4.352444705245183537e-02,1.367000000000000000e+03,3.471718589395919041e-01
1.380161378383636475e+02,7.775006866455078125e+01,-3.828503799438476562e+01,4.816982269287109375e+00,-1.246673703193664551e+00,-3.039935901142079566e-02,1.370000000000000000e+03,3.124185997164151685e-01
1.382649459838867188e+02,7.896257781982421875e+01,-3.859773254394531250e+01,4.809902191162109375e+00,-1.256519675254821777e+00,-1.324081489189331620e-02,1.372000000000000000e+03,3.307359468035563355e-01
1.385167479515075684e+02,8.016936492919921875e+01,-3.891119384765625000e+01,4.804274082183837891e+00,-1.264183163642883301e+00,-1.362104535522869371e-03,1.375000000000000000e+03,2.663835760751301351e-01
1.387649247646331787e+02,8.138314819335937500e+01,-3.922867202758789062e+01,4.801249980926513672e+00,-1.270031452178955078e+00,1.250666723056956080e-02,1.377000000000000000e+03,3.100855736503858040e-01
1.390149528980255127e+02,8.258554077148437500e+01,-3.954474639892578125e+01,4.799633502960205078e+00,-1.274020075798034668e+00,2.432865071963705508e-02,1.380000000000000000e+03,2.135722649560118924e-01
1.392623379230499268e+02,8.379044342041015625e+01,-3.986217498779296875e+01,4.796717166900634766e+00,-1.275360345840454102e+00,3.308529182322503259e-02,1.382000000000000000e+03,2.844640621225016930e-01
1.395129551887512207e+02,8.499776458740234375e+01,-4.018037414550781250e+01,4.795080661773681641e+00,-1.275173783302307129e+00,4.138971924990423462e-02,1.385000000000000000e+03,1.591680962917671194e-01
1.397642748355865479e+02,8.622043609619140625e+01,-4.050231170654296875e+01,4.794673919677734375e+00,-1.273703217506408691e+00,4.827606838987209825e-02,1.388000000000000000e+03,2.735172289538123080e-01
1.400138189792633057e+02,8.742501068115234375e+01,-4.081870651245117188e+01,4.794383525848388672e+00,-1.271365880966186523e+00,5.385527137011011933e-02,1.390000000000000000e+03,1.081392750170528938e-01
1.402685098648071289e+02,8.862876892089843750e+01,-4.113447570800781250e+01,4.796378135681152344e+00,-1.268583297729492188e+00,5.940545075765542998e-02,1.393000000000000000e+03,2.388952549391858970e-01
1.405152549743652344e+02,8.982959747314453125e+01,-4.144850540161132812e+01,4.800624370574951172e+00,-1.264477252960205078e+00,6.195463647710348215e-02,1.395000000000000000e+03,6.484531038766806754e-02
1.407640738487243652e+02,9.103627014160156250e+01,-4.176202392578125000e+01,4.806632041931152344e+00,-1.259910345077514648e+00,6.503186357923038119e-02,1.398000000000000000e+03,2.139989835220608150e-01
1.410127649307250977e+02,9.223757171630859375e+01,-4.207279586791992188e+01,4.810714244842529297e+00,-1.254858493804931641e+00,6.557712319691400005e-02,1.400000000000000000e+03,4.375666785615409116e-02
1.412657070159912109e+02,9.343672180175781250e+01,-4.238101196289062500e+01,4.813949584960937500e+00,-1.249258041381835938e+00,6.759895444639434092e-02,1.403000000000000000e+03,2.061100523121837946e-01
1.415155928134918213e+02,9.464072418212890625e+01,-4.268916702270507812e+01,4.820024013519287109e+00,-1.244877099990844727e+00,6.711606935610399394e-02,1.405000000000000000e+03,5.043537275214703131e-02
1.417653770446777344e+02,9.585181427001953125e+01,-4.299689865112304688e+01,4.828232288360595703e+00,-1.240708470344543457e+00,6.870581364972741523e-02,1.408000000000000000e+03,1.909110247818117667e-01
1.420133759975433350e+02,9.707395935058593750e+01,-4.330646514892578125e+01,4.835212707519531250e+00,-1.236603617668151855e+00,6.734262979562813389e-02,1.410000000000000000e+03,9.572440929572367807e-02
1.422689878940582275e+02,9.828649902343750000e+01,-4.361276626586914062e+01,4.839976310729980469e+00,-1.232326030731201172e+00,6.912755928551028717e-02,1.413000000000000000e+03,1.626041005968899555e-01
1.425181779861450195e+02,9.949667358398437500e+01,-4.391636657714843750e+01,4.842337608337402344e+00,-1.226841449737548828e+00,6.633261224969216885e-02,1.415000000000000000e+03,1.291618777431519371e-01
1.427636468410491943e+02,1.007128448486328125e+02,-4.421884155273437500e+01,4.844054698944091797e+00,-1.220726490020751953e+00,6.591586616988170944e-02,1.418000000000000000e+03,1.479846006789959367e-01
1.430151689052581787e+02,1.019334259033203125e+02,-4.452035140991210938e+01,4.844502925872802734e+00,-1.214635848999023438e+00,6.160919272515356232e-02,1.420000000000000000e+03,1.681424521794620541e-01
1.432658998966217041e+02,1.031414871215820312e+02,-4.481831359863281250e+01,4.842663764953613281e+00,-1.209418058395385742e+00,5.819372628077359999e-02,1.423000000000000000e+03,1.345355120367282553e-01
1.435152807235717773e+02,1.043541259765625000e+02,-4.511663055419921875e+01,4.841009616851806641e+00,-1.204973816871643066e+00,5.851489243219718667e-02,1.425000000000000000e+03,1.904427911592807277e-01
1.437658009529113770e+02,1.055757522583007812e+02,-4.541614913940429688e+01,4.840358257293701172e+00,-1.200774192810058594e+00,5.525492002042454998e-02,1.428000000000000000e+03,1.218766524327174333e-01
1.440148589611053467e+02,1.068052291870117188e+02,-4.571671295166015625e+01,4.838192939758300781e+00,-1.196345567703247070e+00,5.525419147088173055e-02,1.430000000000000000e+03,2.376840159143033260e-01
1.442690958976745605e+02,1.080215072631835938e+02,-4.601329803466796875e+01,4.835104942321777344e+00,-1.191796898841857910e+00,5.161929798404080172e-02,1.433000000000000000e+03,1.122523116369937568e-01
1.445191950798034668e+02,1.092368545532226562e+02,-4.630835723876953125e+01,4.832740783691406250e+00,-1.187425732612609863e+00,5.093384801968502823e-02,1.435000000000000000e+03,2.653609613989281191e-01
1.447684028148651123e+02,1.104480667114257812e+02,-4.660075759887695312e+01,4.831824302673339844e+00,-1.183211088180541992e+00,4.634312042690830191e-02,1.438000000000000000e+03,1.121383148437164051e-01
1.450183908939361572e+02,1.116670074462890625e+02,-4.689407348632812500e+01,4.832221508026123047e+00,-1.179577946662902832e+00,4.489590431298893375e-02,1.441000000000000000e+03,2.542115672009385707e-01
1.452663638591766357e+02,1.128707656860351562e+02,-4.718309020996093750e+01,4.830958366394042969e+00,-1.176652669906616211e+00,4.316919774202308824e-02,1.443000000000000000e+03,1.115590748254211562e-01
1.455164799690246582e+02,1.140761642456054688e+02,-4.747196960449218750e+01,4.830513000488281250e+00,-1.174421906471252441e+00,4.959133003374580767e-02,1.446000000000000000e+03,2.495984380359889676e-01
1.457635288238525391e+02,1.152866516113281250e+02,-4.776119995117187500e+01,4.834250926971435547e+00,-1.172806143760681152e+00,5.792685735381702256e-02,1.448000000000000000e+03,1.091129407340543506e-01
1.460138978958129883e+02,1.165149765014648438e+02,-4.805420684814453125e+01,4.839530944824218750e+00,-1.170215368270874023e+00,6.861239956579748278e-02,1.451000000000000000e+03,2.170672062428064264e-01
1.462694089412689209e+02,1.177289733886718750e+02,-4.834325790405273438e+01,4.844027519226074219e+00,-1.165524005889892578e+00,8.221061472696408745e-02,1.453000000000000000e+03,1.182285625178489674e-01
1.465169529914855957e+02,1.189448623657226562e+02,-4.863138961791992188e+01,4.848271846771240234e+00,-1.158774375915527344e+00,1.010756788203370227e-01,1.456000000000000000e+03,1.921605080401996013e-01
1.467702090740203857e+02,1.201590652465820312e+02,-4.891676330566406250e+01,4.852760791778564453e+00,-1.148966193199157715e+00,1.276484862167188983e-01,1.458000000000000000e+03,1.233398469116803731e-01
1.470140159130096436e+02,1.213787536621093750e+02,-4.919999694824218750e+01,4.857695579528808594e+00,-1.133870244026184082e+00,1.664063481057492522e-01,1.461000000000000000e+03,1.612078675309817910e-01
1.472673809528350830e+02,1.225957107543945312e+02,-4.947795486450195312e+01,4.862231254577636719e+00,-1.112351775169372559e+00,2.400302736721603158e-01,1.463000000000000000e+03,1.296953348181895393e-01
1.475167419910430908e+02,1.238149261474609375e+02,-4.975011062622070312e+01,4.867329597473144531e+00,-1.081173300743103027e+00,5.063135068693985774e-01,1.466000000000000000e+03,1.255990830035915440e-01
1.477668399810791016e+02,1.250410614013671875e+02,-5.001303863525390625e+01,4.875905513763427734e+00,-1.026698827743530273e+00,1.711550390325195679e+02,1.469000000000000000e+03,4.246587472702552379e-02
