t_s,x_east,y_north,v_east,v_north,a_cmd,path_idx,cte_m
2.463390827178955078e-01,-5.093639250844717026e-03,6.618902552872896194e-03,5.488103721290826797e-03,-8.809098973870277405e-03,1.716366598905061380e-03,0.000000000000000000e+00,2.282011968887076494e-03
4.991209506988525391e-01,-4.397271666675806046e-03,6.776790134608745575e-03,3.158137947320938110e-02,3.037785878404974937e-03,1.593565168693800160e-03,0.000000000000000000e+00,2.414552318296543567e-03
7.479491233825683594e-01,2.664601244032382965e-02,1.150937937200069427e-02,2.908151149749755859e-01,1.455316506326198578e-02,-2.087337281857504223e-03,0.000000000000000000e+00,3.243208660604928600e-02
9.931499958038330078e-01,1.664273291826248169e-01,1.510343234986066818e-02,9.081862568855285645e-01,1.442275475710630417e-03,-3.532133341914519414e-02,0.000000000000000000e+00,1.722166343098094077e-01
1.245224952697753906e+00,4.795283675193786621e-01,1.523913536220788956e-02,1.668781518936157227e+00,-1.442642230540513992e-02,-2.607554073226638763e-02,1.000000000000000000e+00,7.975791805112110444e-02
1.498681068420410156e+00,9.761874079704284668e-01,1.151138357818126678e-02,2.379994392395019531e+00,-2.930944599211215973e-02,-3.122379274583666001e-02,2.000000000000000000e+00,8.195663050645574099e-02
1.745019912719726562e+00,1.641613006591796875e+00,4.460930358618497849e-03,3.029031038284301758e+00,-4.261707887053489685e-02,-3.817682700871896651e-02,3.000000000000000000e+00,9.197940557093983727e-02
1.997347116470336914e+00,2.450931787490844727e+00,-8.476348593831062317e-03,3.634383440017700195e+00,-7.315742224454879761e-02,-2.679925671459910605e-02,5.000000000000000000e+00,1.024768511921777814e-01
2.247383117675781250e+00,3.409376621246337891e+00,-3.119088895618915558e-02,4.197299480438232422e+00,-1.155755519866943359e-01,8.366664813620973331e-04,7.000000000000000000e+00,1.371286478857560165e-01
2.495830059051513672e+00,4.484795093536376953e+00,-6.309292465448379517e-02,4.561226367950439453e+00,-1.399277895689010620e-01,2.065505531336118625e-02,9.000000000000000000e+00,5.753814023615171080e-02
2.744047164916992188e+00,5.633557796478271484e+00,-9.674558043479919434e-02,4.720507144927978516e+00,-1.284860819578170776e-01,1.073279371217974662e-02,1.100000000000000000e+01,1.027114112719507005e-01
2.993643999099731445e+00,6.802233219146728516e+00,-1.272816509008407593e-01,4.790543079376220703e+00,-1.137419566512107849e-01,-2.647736483093810107e-03,1.400000000000000000e+01,2.220516602437545284e-01
3.243027925491333008e+00,7.994964599609375000e+00,-1.566260010004043579e-01,4.837166786193847656e+00,-1.092139855027198792e-01,-6.476291385735966077e-03,1.600000000000000000e+01,2.517094844497880582e-02
3.497605085372924805e+00,9.206932067871093750e+00,-1.856486797332763672e-01,4.885308265686035156e+00,-1.093750372529029846e-01,-6.191922981606521638e-03,1.800000000000000000e+01,1.938856372593806554e-01
3.750046968460083008e+00,1.044904994964599609e+01,-2.147862315177917480e-01,4.936833858489990234e+00,-1.094609126448631287e-01,-6.470957453916887855e-03,2.100000000000000000e+01,5.649761650560545384e-02
4.000450134277343750e+00,1.168700599670410156e+01,-2.442804127931594849e-01,4.986244201660156250e+00,-1.097801849246025085e-01,-6.100106470982413764e-03,2.300000000000000000e+01,1.872332323987952463e-01
4.248697996139526367e+00,1.293630599975585938e+01,-2.734063267707824707e-01,5.031360626220703125e+00,-1.096989661455154419e-01,-6.495454598323182997e-03,2.600000000000000000e+01,5.568766877335679794e-02
4.498999118804931641e+00,1.419176578521728516e+01,-3.020789325237274170e-01,5.070392131805419922e+00,-1.097068414092063904e-01,-7.116117920433667580e-03,2.800000000000000000e+01,2.052906917171898604e-01
4.747756004333496094e+00,1.545986366271972656e+01,-3.302862644195556641e-01,5.102170944213867188e+00,-1.100647300481796265e-01,-7.811571240229991941e-03,3.100000000000000000e+01,1.904483037421083463e-02
4.995265960693359375e+00,1.673108482360839844e+01,-3.595112264156341553e-01,5.125030994415283203e+00,-1.110301911830902100e-01,-6.941967447224054941e-03,3.400000000000000000e+01,2.395910967010536075e-01
5.242299079895019531e+00,1.801117324829101562e+01,-3.894960284233093262e-01,5.139897823333740234e+00,-1.118032783269882202e-01,-5.630004742926226699e-03,3.600000000000000000e+01,4.596587523486741350e-02
5.496406078338623047e+00,1.929623413085937500e+01,-4.201855063438415527e-01,5.142303943634033203e+00,-1.114481613039970398e-01,-4.684441141109271962e-03,3.900000000000000000e+01,1.610490945477565938e-01
5.744731903076171875e+00,2.058451461791992188e+01,-4.507893025875091553e-01,5.136832714080810547e+00,-1.095828041434288025e-01,-5.198205709215595986e-03,4.100000000000000000e+01,1.326649338013373425e-01
5.995834112167358398e+00,2.188006782531738281e+01,-4.807044565677642822e-01,5.126829624176025391e+00,-1.071733683347702026e-01,-6.838432137690392265e-03,4.400000000000000000e+01,6.388279402420113384e-02
6.245872020721435547e+00,2.316034698486328125e+01,-5.090152621269226074e-01,5.114626407623291016e+00,-1.047241613268852234e-01,-9.474075516309804143e-03,4.600000000000000000e+01,2.218119085718183447e-01
6.495845794677734375e+00,2.443296813964843750e+01,-5.357451438903808594e-01,5.101426601409912109e+00,-1.023280397057533264e-01,-1.314949161009651944e-02,4.900000000000000000e+01,2.350952108732840343e-03
6.746142864227294922e+00,2.570650100708007812e+01,-5.627185702323913574e-01,5.088700294494628906e+00,-1.012880355119705200e-01,-1.529533944257761499e-02,5.200000000000000000e+01,2.162965741191075764e-01
6.994480133056640625e+00,2.697183799743652344e+01,-5.904542803764343262e-01,5.076387882232666016e+00,-1.014095470309257507e-01,-1.553465854331897988e-02,5.400000000000000000e+01,5.450461239771266231e-02
7.247454881668090820e+00,2.823662948608398438e+01,-6.190837025642395020e-01,5.063748836517333984e+00,-1.014077588915824890e-01,-1.517293613155203287e-02,5.700000000000000000e+01,1.728953129983930581e-01
7.494691133499145508e+00,2.949152755737304688e+01,-6.477811336517333984e-01,5.053307533264160156e+00,-1.010318621993064880e-01,-1.500722338613646491e-02,5.900000000000000000e+01,8.745756376289054446e-02
7.748313188552856445e+00,3.075309371948242188e+01,-6.763209700584411621e-01,5.047892093658447266e+00,-9.979981184005737305e-02,-1.605564477534959095e-02,6.200000000000000000e+01,1.431179275924082117e-01
7.995278120040893555e+00,3.202230453491210938e+01,-7.046154737472534180e-01,5.044110774993896484e+00,-9.803634136915206909e-02,-1.800077093105003842e-02,6.400000000000000000e+01,1.315242941277141309e-01
8.248070001602172852e+00,3.327880096435546875e+01,-7.311018705368041992e-01,5.041008949279785156e+00,-9.596968442201614380e-02,-2.145706160485880490e-02,6.700000000000000000e+01,1.042432079977482356e-01
8.498556852340698242e+00,3.453599548339843750e+01,-7.568536996841430664e-01,5.038854598999023438e+00,-9.483970701694488525e-02,-2.458551390848525212e-02,6.900000000000000000e+01,1.585511907373337581e-01
8.746312856674194336e+00,3.578976821899414062e+01,-7.815653681755065918e-01,5.036771297454833984e+00,-9.421851485967636108e-02,-2.795967270809723848e-02,7.200000000000000000e+01,8.074988510188012281e-02
9.000582933425903320e+00,3.705229568481445312e+01,-8.065596818923950195e-01,5.034492015838623047e+00,-9.525949507951736450e-02,-2.959828997161511113e-02,7.400000000000000000e+01,1.883724003058470375e-01
9.246388912200927734e+00,3.830296325683593750e+01,-8.327761292457580566e-01,5.030498027801513672e+00,-9.764523059129714966e-02,-2.868099407296840347e-02,7.700000000000000000e+01,5.608956884276030536e-02
9.493914127349853516e+00,3.955898666381835938e+01,-8.596731424331665039e-01,5.025513172149658203e+00,-1.001825332641601562e-01,-2.714700624505580681e-02,7.900000000000000000e+01,2.084961978019672091e-01
9.742604017257690430e+00,4.081937026977539062e+01,-8.875696063041687012e-01,5.020100116729736328e+00,-1.023489236831665039e-01,-2.526705551077487039e-02,8.200000000000000000e+01,3.020936760481281180e-02
9.997822046279907227e+00,4.209759140014648438e+01,-9.161015152931213379e-01,5.013534545898437500e+00,-1.041159927845001221e-01,-2.357432829172999636e-02,8.500000000000000000e+01,2.385778997176306315e-01
1.024701809883117676e+01,4.335750961303710938e+01,-9.446359872817993164e-01,5.005127906799316406e+00,-1.055578812956809998e-01,-2.183558123899203077e-02,8.700000000000000000e+01,3.315156371450706657e-02
1.049981212615966797e+01,4.461537933349609375e+01,-9.739611744880676270e-01,4.996397495269775391e+00,-1.067800968885421753e-01,-1.965803015314190882e-02,9.000000000000000000e+01,2.074844933483524501e-01
1.074575591087341309e+01,4.586723327636718750e+01,-1.002793312072753906e+00,4.988354682922363281e+00,-1.070980802178382874e-01,-1.868153628497348784e-02,9.200000000000000000e+01,5.331321434870973930e-02
1.099529910087585449e+01,4.712178421020507812e+01,-1.032026529312133789e+00,4.982242107391357422e+00,-1.071318164467811584e-01,-1.777547596090815404e-02,9.500000000000000000e+01,1.876915925656393869e-01
1.124557590484619141e+01,4.836999511718750000e+01,-1.060197114944458008e+00,4.976677417755126953e+00,-1.061179861426353455e-01,-1.864394458394103005e-02,9.700000000000000000e+01,6.851505880872063581e-02
1.149802398681640625e+01,4.961723709106445312e+01,-1.088244557380676270e+00,4.971781253814697266e+00,-1.046767532825469971e-01,-2.003477863496980552e-02,1.000000000000000000e+02,1.789883968643694034e-01
1.174295902252197266e+01,5.086769485473632812e+01,-1.116621494293212891e+00,4.969099044799804688e+00,-1.042265668511390686e-01,-2.029168389386002205e-02,1.020000000000000000e+02,7.923085202091552370e-02
1.199756908416748047e+01,5.212318420410156250e+01,-1.146362066268920898e+00,4.967853546142578125e+00,-1.050881072878837585e-01,-1.830733947543981832e-02,1.050000000000000000e+02,1.596457126172179664e-01
1.224945688247680664e+01,5.338669204711914062e+01,-1.176541328430175781e+00,4.965629577636718750e+00,-1.063844114542007446e-01,-1.566571355105891156e-02,1.070000000000000000e+02,1.107176172133142456e-01
1.249603104591369629e+01,5.463666152954101562e+01,-1.206465601921081543e+00,4.963350772857666016e+00,-1.077693551778793335e-01,-1.289630919036692698e-02,1.100000000000000000e+02,1.325986919376610229e-01
1.274637007713317871e+01,5.588109588623046875e+01,-1.236232042312622070e+00,4.961547851562500000e+00,-1.082265153527259827e-01,-1.109248959816221472e-02,1.120000000000000000e+02,1.181178178813319241e-01
1.299628210067749023e+01,5.712888717651367188e+01,-1.264994502067565918e+00,4.961673736572265625e+00,-1.065425798296928406e-01,-1.230929681480537156e-02,1.150000000000000000e+02,1.268664892535429356e-01
1.324871087074279785e+01,5.837003707885742188e+01,-1.293194293975830078e+00,4.961888313293457031e+00,-1.045924574136734009e-01,-1.411293823165282041e-02,1.170000000000000000e+02,1.203011271131156218e-01
1.349755501747131348e+01,5.961271286010742188e+01,-1.320910573005676270e+00,4.962165832519531250e+00,-1.029091924428939819e-01,-1.605107006743772269e-02,1.200000000000000000e+02,1.297543810392698671e-01
1.374558997154235840e+01,6.085284805297851562e+01,-1.347376704216003418e+00,4.965945720672607422e+00,-1.017667651176452637e-01,-1.845405075384486809e-02,1.220000000000000000e+02,1.165246554053920580e-01
1.399376988410949707e+01,6.210371017456054688e+01,-1.374270081520080566e+00,4.971412181854248047e+00,-1.018532142043113708e-01,-1.952827418300429052e-02,1.250000000000000000e+02,1.257764964549803188e-01
1.424883294105529785e+01,6.336503219604492188e+01,-1.400792121887207031e+00,4.975397586822509766e+00,-1.025283560156822205e-01,-2.044981039932692451e-02,1.270000000000000000e+02,1.421281269396071911e-01
1.450225782394409180e+01,6.461558532714843750e+01,-1.427207231521606445e+00,4.977379322052001953e+00,-1.042305082082748413e-01,-2.019160693302288201e-02,1.300000000000000000e+02,1.013378038652608532e-01
1.474694609642028809e+01,6.586696624755859375e+01,-1.454177737236022949e+00,4.977836608886718750e+00,-1.067693233489990234e-01,-1.864402338176958732e-02,1.320000000000000000e+02,1.575230127749905340e-01
1.500046110153198242e+01,6.711529541015625000e+01,-1.481141805648803711e+00,4.977875232696533203e+00,-1.093956902623176575e-01,-1.695016023938934052e-02,1.350000000000000000e+02,8.903499106615848924e-02
1.524830889701843262e+01,6.837219238281250000e+01,-1.509564638137817383e+00,4.977222919464111328e+00,-1.124934554100036621e-01,-1.378768720033993894e-02,1.370000000000000000e+02,1.760373019591937038e-01
1.549849700927734375e+01,6.961981201171875000e+01,-1.538686394691467285e+00,4.975850105285644531e+00,-1.153666377067565918e-01,-1.012846902455404041e-02,1.400000000000000000e+02,7.140918597835733961e-02
1.574886918067932129e+01,7.086985778808593750e+01,-1.568459749221801758e+00,4.970812320709228516e+00,-1.175500229001045227e-01,-6.605857006561767324e-03,1.420000000000000000e+02,1.867718412676196982e-01
1.599836277961730957e+01,7.212290954589843750e+01,-1.598546504974365234e+00,4.966288089752197266e+00,-1.184956654906272888e-01,-4.146017530225075756e-03,1.450000000000000000e+02,5.461250924506413224e-02
1.625032186508178711e+01,7.339032745361328125e+01,-1.629332661628723145e+00,4.962407588958740234e+00,-1.190735548734664917e-01,-1.782388487338675259e-03,1.470000000000000000e+02,2.202877657945327694e-01
1.649794292449951172e+01,7.463856506347656250e+01,-1.659633159637451172e+00,4.958656787872314453e+00,-1.195631474256515503e-01,4.464259198282010429e-04,1.500000000000000000e+02,2.559279272903815933e-02
1.674632191658020020e+01,7.588610839843750000e+01,-1.689389944076538086e+00,4.957117080688476562e+00,-1.195169836282730103e-01,1.677592051419930915e-03,1.520000000000000000e+02,2.292779250940316371e-01
1.699719500541687012e+01,7.712960052490234375e+01,-1.719478964805603027e+00,4.957361698150634766e+00,-1.193182766437530518e-01,3.040231375468878654e-03,1.550000000000000000e+02,2.023341528400356484e-02
1.724927520751953125e+01,7.837733459472656250e+01,-1.749982714653015137e+00,4.959177494049072266e+00,-1.189745143055915833e-01,4.467768382844043359e-03,1.570000000000000000e+02,2.337888474275852946e-01
1.749799489974975586e+01,7.962136077880859375e+01,-1.780696034431457520e+00,4.960414409637451172e+00,-1.182929351925849915e-01,5.798318771033862846e-03,1.600000000000000000e+02,1.425708230053793386e-02
1.774482893943786621e+01,8.086199188232421875e+01,-1.810878396034240723e+00,4.959222793579101562e+00,-1.166232377290725708e-01,5.845548167335815233e-03,1.620000000000000000e+02,2.318264755144407163e-01
1.799554109573364258e+01,8.210599517822265625e+01,-1.840353846549987793e+00,4.960811138153076172e+00,-1.146021708846092224e-01,4.875287496734390449e-03,1.650000000000000000e+02,1.648045159795870004e-02
1.824984812736511230e+01,8.335481262207031250e+01,-1.868639230728149414e+00,4.964868068695068359e+00,-1.124716848134994507e-01,2.739265851446186402e-03,1.670000000000000000e+02,2.379886534630747119e-01
1.850208783149719238e+01,8.461402130126953125e+01,-1.896347522735595703e+00,4.968677043914794922e+00,-1.110655888915061951e-01,7.058201822197708629e-04,1.700000000000000000e+02,5.559487578362691182e-03
1.875128602981567383e+01,8.586241149902343750e+01,-1.923851132392883301e+00,4.971565723419189453e+00,-1.107345148921012878e-01,-2.026793649123735002e-04,1.730000000000000000e+02,2.386382566154107154e-01
1.900166702270507812e+01,8.710920715332031250e+01,-1.951353549957275391e+00,4.974050045013427734e+00,-1.111553907394409180e-01,9.898171395004172757e-01,1.750000000000000000e+02,1.356407185912566864e-02
1.924634003639221191e+01,8.836022186279296875e+01,-1.977584004402160645e+00,4.974474430084228516e+00,-8.327499032020568848e-02,9.603416384652658788e-01,1.780000000000000000e+02,2.275894840572275091e-01
1.949445605278015137e+01,8.960709381103515625e+01,-1.978097915649414062e+00,4.969410896301269531e+00,8.904965221881866455e-02,7.647988691360829705e-01,1.800000000000000000e+02,3.739315927098209313e-02
1.974717903137207031e+01,9.085958862304687500e+01,-1.932387232780456543e+00,4.962440013885498047e+00,2.676128149032592773e-01,8.431538852491091696e-01,1.830000000000000000e+02,1.909235393285103055e-01
1.999930191040039062e+01,9.210401153564453125e+01,-1.852872610092163086e+00,4.951509475708007812e+00,3.983713984489440918e-01,8.947456742786101813e-01,1.850000000000000000e+02,1.307425037273274304e-01
2.025011706352233887e+01,9.335094451904296875e+01,-1.738358855247497559e+00,4.933297157287597656e+00,5.483211278915405273e-01,1.043459793243330935e+00,1.880000000000000000e+02,1.202772934355022388e-01
2.049936890602111816e+01,9.459960937500000000e+01,-1.583414316177368164e+00,4.907629966735839844e+00,7.149502038955688477e-01,1.095310172553819239e+00,1.900000000000000000e+02,1.910477321217839419e-01
2.075095391273498535e+01,9.582733917236328125e+01,-1.386074900627136230e+00,4.872910976409912109e+00,9.005208015441894531e-01,1.237244394746456200e+00,1.930000000000000000e+02,3.725731149749966081e-02
2.099918007850646973e+01,9.704525756835937500e+01,-1.140671491622924805e+00,4.831912517547607422e+00,1.096706271171569824e+00,1.280768001669714051e+00,1.950000000000000000e+02,2.588589416094504991e-01
2.125025296211242676e+01,9.824613952636718750e+01,-8.444073200225830078e-01,4.779081821441650391e+00,1.311333894729614258e+00,1.408149478099690821e+00,1.980000000000000000e+02,1.710755585388337996e-01
2.149643802642822266e+01,9.943983459472656250e+01,-4.914341866970062256e-01,4.715311527252197266e+00,1.534196853637695312e+00,1.528030981259987264e+00,2.010000000000000000e+02,3.307769513642390691e-01
2.174716210365295410e+01,1.006034545898437500e+02,-8.399777114391326904e-02,4.633118629455566406e+00,1.772251844406127930e+00,1.535395889684246562e+00,2.030000000000000000e+02,3.308804045466228749e-01
2.199724698066711426e+01,1.017495040893554688e+02,3.861649334430694580e-01,4.531624317169189453e+00,2.024285554885864258e+00,1.522308043294402946e+00,2.050000000000000000e+02,4.626736139636667966e-01
2.224514293670654297e+01,1.028724441528320312e+02,9.206904768943786621e-01,4.418973922729492188e+00,2.269084453582763672e+00,1.608419493835354652e+00,2.080000000000000000e+02,4.792098057704122782e-01
2.250139284133911133e+01,1.039770202636718750e+02,1.521261334419250488e+00,4.289529800415039062e+00,2.507216691970825195e+00,1.586105210646767016e+00,2.100000000000000000e+02,5.563737921908007422e-01
2.274765396118164062e+01,1.050300827026367188e+02,2.171228170394897461e+00,4.142030715942382812e+00,2.744308471679687500e+00,1.649023939478713174e+00,2.130000000000000000e+02,6.110276643177093847e-01
2.299896597862243652e+01,1.060443572998046875e+02,2.879167795181274414e+00,3.985017061233520508e+00,2.975849151611328125e+00,6.169836309396260488e-01,2.150000000000000000e+02,6.350200393773955954e-01
2.325179600715637207e+01,1.070168304443359375e+02,3.641789197921752930e+00,3.845582008361816406e+00,3.172428131103515625e+00,6.043542728640373118e-01,2.170000000000000000e+02,7.091610698221811893e-01
2.350296282768249512e+01,1.079723663330078125e+02,4.441082477569580078e+00,3.803405046463012695e+00,3.249383926391601562e+00,7.627456900084133018e-01,2.200000000000000000e+02,7.220308805730839552e-01
2.374587011337280273e+01,1.089144363403320312e+02,5.257095336914062500e+00,3.745258331298828125e+00,3.331206083297729492e+00,6.969557276245967881e-01,2.220000000000000000e+02,7.892481995518181304e-01
2.399710798263549805e+01,1.098378677368164062e+02,6.100562572479248047e+00,3.654565811157226562e+00,3.439393997192382812e+00,5.643300710808861753e-01,2.250000000000000000e+02,7.742234927914208864e-01
2.424748206138610840e+01,1.107439956665039062e+02,6.973770141601562500e+00,3.573937892913818359e+00,3.531897544860839844e+00,4.244152296408869596e-01,2.270000000000000000e+02,7.822893915665367626e-01
2.449753594398498535e+01,1.116357879638671875e+02,7.871158599853515625e+00,3.506867885589599609e+00,3.603617191314697266e+00,2.874838910332526698e-01,2.300000000000000000e+02,6.986613268167252144e-01
2.475086498260498047e+01,1.125187835693359375e+02,8.791092872619628906e+00,3.449952363967895508e+00,3.657317399978637695e+00,1.526997131954596076e-01,2.330000000000000000e+02,6.637369758976684464e-01
2.499792098999023438e+01,1.133819351196289062e+02,9.714115142822265625e+00,3.407431840896606445e+00,3.694325208663940430e+00,2.744620351125837132e-02,2.350000000000000000e+02,5.375669151991345762e-01
2.524802684783935547e+01,1.142341308593750000e+02,1.064215183258056641e+01,3.379586458206176758e+00,3.715137243270874023e+00,-8.486080182638822134e-02,2.380000000000000000e+02,4.763090928568467497e-01
2.549828290939331055e+01,1.150842361450195312e+02,1.157693195343017578e+01,3.364902257919311523e+00,3.721426248550415039e+00,-1.827108750388010128e-01,2.400000000000000000e+02,3.363311546473527480e-01
2.574966096878051758e+01,1.159302978515625000e+02,1.251004123687744141e+01,3.363172292709350586e+00,3.715498447418212891e+00,-2.639872787904546936e-01,2.430000000000000000e+02,2.756572064898760166e-01
2.599710583686828613e+01,1.167844238281250000e+02,1.344731330871582031e+01,3.372048377990722656e+00,3.697352647781372070e+00,-3.271477952966533320e-01,2.450000000000000000e+02,1.543153024258020756e-01
2.624908804893493652e+01,1.176382369995117188e+02,1.437371730804443359e+01,3.388117551803588867e+00,3.668212890625000000e+00,-3.711403119013308993e-01,2.480000000000000000e+02,1.334264725496168147e-01
2.649751901626586914e+01,1.185028915405273438e+02,1.529777145385742188e+01,3.411382675170898438e+00,3.632693529129028320e+00,-3.981949394104546402e-01,2.500000000000000000e+02,1.536125380646340965e-01
2.675235986709594727e+01,1.193795547485351562e+02,1.621903991699218750e+01,3.439078807830810547e+00,3.592442035675048828e+00,-4.105701141186052783e-01,2.530000000000000000e+02,1.747630333379670275e-01
2.700065517425537109e+01,1.202558975219726562e+02,1.712151908874511719e+01,3.470199823379516602e+00,3.551158905029296875e+00,-4.092045564330947793e-01,2.550000000000000000e+02,2.781522731869243703e-01
2.724847102165222168e+01,1.211397323608398438e+02,1.801260757446289062e+01,3.503170728683471680e+00,3.508930206298828125e+00,-3.954039812314633084e-01,2.580000000000000000e+02,2.758799204296257801e-01
2.749817705154418945e+01,1.220282211303710938e+02,1.888945770263671875e+01,3.535737037658691406e+00,3.468069076538085938e+00,-3.723721716392955905e-01,2.600000000000000000e+02,3.605890209272412661e-01
2.775216794013977051e+01,1.229303359985351562e+02,1.976170730590820312e+01,3.567842006683349609e+00,3.430344581604003906e+00,-3.423135321746774706e-01,2.630000000000000000e+02,3.356417140149807188e-01
2.799597001075744629e+01,1.238306579589843750e+02,2.061490058898925781e+01,3.597143411636352539e+00,3.395899772644042969e+00,-3.068142090099149621e-01,2.650000000000000000e+02,3.978606291819705709e-01
2.824988794326782227e+01,1.247373275756835938e+02,2.145945549011230469e+01,3.623100757598876953e+00,3.364151239395141602e+00,-2.673945903618499265e-01,2.680000000000000000e+02,3.515101178482368804e-01
2.849524092674255371e+01,1.256521682739257812e+02,2.229974555969238281e+01,3.648769140243530273e+00,3.339786052703857422e+00,-2.272075501755554117e-01,2.700000000000000000e+02,3.914829873225259549e-01
2.874770998954772949e+01,1.265854949951171875e+02,2.314658164978027344e+01,3.673215150833129883e+00,3.320661783218383789e+00,-1.858690131419512837e-01,2.730000000000000000e+02,3.287101331426275919e-01
2.899835109710693359e+01,1.275137786865234375e+02,2.397756004333496094e+01,3.694564342498779297e+00,3.305430650711059570e+00,-1.431918677962296105e-01,2.750000000000000000e+02,3.706608137652927515e-01
2.924856400489807129e+01,1.284465332031250000e+02,2.480478668212890625e+01,3.711634397506713867e+00,3.293753862380981445e+00,-1.014931203775210899e-01,2.780000000000000000e+02,2.776306670209370830e-01
2.949967694282531738e+01,1.293794860839843750e+02,2.562715339660644531e+01,3.724291324615478516e+00,3.286126852035522461e+00,-6.283723714520217385e-02,2.800000000000000000e+02,3.251925169216660638e-01
2.974979710578918457e+01,1.303176574707031250e+02,2.645088005065917969e+01,3.732037544250488281e+00,3.282521963119506836e+00,-2.840869319745186958e-02,2.830000000000000000e+02,2.110530894514424383e-01
2.999740386009216309e+01,1.312563323974609375e+02,2.727271080017089844e+01,3.736241340637207031e+00,3.281948804855346680e+00,2.794510080250506810e-03,2.850000000000000000e+02,2.829098884773195710e-01
3.024634003639221191e+01,1.321971893310546875e+02,2.809665679931640625e+01,3.736312627792358398e+00,3.283526182174682617e+00,2.963874014383055533e-02,2.880000000000000000e+02,1.378098770461134437e-01
3.049598908424377441e+01,1.331389617919921875e+02,2.892316246032714844e+01,3.731036424636840820e+00,3.287287712097167969e+00,5.033696114540986422e-02,2.900000000000000000e+02,2.607766063072545215e-01
3.074520611763000488e+01,1.340812225341796875e+02,2.975332641601562500e+01,3.722813129425048828e+00,3.293936491012573242e+00,6.509168561060245384e-02,2.930000000000000000e+02,6.920647991520946507e-02
3.099925613403320312e+01,1.350281982421875000e+02,3.059134101867675781e+01,3.713132381439208984e+00,3.302546501159667969e+00,7.543462939241615817e-02,2.960000000000000000e+02,2.274880666625905823e-01
3.125074100494384766e+01,1.359622344970703125e+02,3.142224693298339844e+01,3.701966285705566406e+00,3.311371088027954102e+00,8.182358279373694310e-02,2.980000000000000000e+02,3.360262736999610617e-02
3.149837899208068848e+01,1.368898315429687500e+02,3.225255966186523438e+01,3.689795494079589844e+00,3.320637226104736328e+00,8.413847115866461557e-02,3.010000000000000000e+02,2.162393523861281808e-01
3.174834203720092773e+01,1.378167266845703125e+02,3.308770751953125000e+01,3.678343057632446289e+00,3.331171035766601562e+00,8.289631842049770272e-02,3.030000000000000000e+02,4.656004836258684915e-02
3.199754810333251953e+01,1.387371826171875000e+02,3.392288208007812500e+01,3.668359518051147461e+00,3.342770099639892578e+00,7.848113596202339892e-02,3.060000000000000000e+02,2.164012737978183998e-01
3.224877500534057617e+01,1.396577301025390625e+02,3.476326370239257812e+01,3.659264802932739258e+00,3.353727579116821289e+00,7.224671851610645068e-02,3.080000000000000000e+02,6.603537667050947413e-02
3.249857306480407715e+01,1.405727386474609375e+02,3.560315704345703125e+01,3.652180671691894531e+00,3.364750623703002930e+00,6.471553144530664547e-02,3.110000000000000000e+02,2.185656219017245439e-01
3.274974203109741211e+01,1.414922485351562500e+02,3.645178604125976562e+01,3.646660089492797852e+00,3.375627279281616211e+00,5.578987469868257332e-02,3.130000000000000000e+02,7.852813856966596451e-02
3.299950480461120605e+01,1.424165954589843750e+02,3.730934524536132812e+01,3.641309022903442383e+00,3.384946584701538086e+00,4.559880593121114906e-02,3.160000000000000000e+02,1.952495915998667952e-01
3.325132012367248535e+01,1.433290252685546875e+02,3.816044616699218750e+01,3.635997772216796875e+00,3.392843008041381836e+00,3.385901488606007231e-02,3.180000000000000000e+02,9.153406826042723154e-02
3.349873995780944824e+01,1.442401123046875000e+02,3.901317214965820312e+01,3.632273435592651367e+00,3.399336099624633789e+00,2.259940169024868967e-02,3.210000000000000000e+02,1.839923954849860266e-01
3.375379776954650879e+01,1.451474151611328125e+02,3.986412811279296875e+01,3.631086587905883789e+00,3.403490543365478516e+00,1.379069232577623087e-02,3.230000000000000000e+02,8.867456039462073836e-02
3.399858307838439941e+01,1.460590820312500000e+02,4.072061157226562500e+01,3.630880117416381836e+00,3.406172037124633789e+00,5.884431659484765272e-03,3.260000000000000000e+02,1.722421660651131670e-01
3.424721407890319824e+01,1.469590911865234375e+02,4.156626892089843750e+01,3.631022453308105469e+00,3.406744718551635742e+00,-2.464410339724943809e-04,3.280000000000000000e+02,8.072407877227606721e-02
3.449699091911315918e+01,1.478624267578125000e+02,4.241515350341796875e+01,3.633894920349121094e+00,3.408313989639282227e+00,-5.319857459551401158e-03,3.310000000000000000e+02,1.810507546550443048e-01
3.474939584732055664e+01,1.487700500488281250e+02,4.326814270019531250e+01,3.638934850692749023e+00,3.410965204238891602e+00,-9.783323463222446531e-03,3.330000000000000000e+02,7.421600729215571679e-02
3.499980211257934570e+01,1.496923522949218750e+02,4.413470458984375000e+01,3.644388437271118164e+00,3.412943124771118164e+00,-1.345531711409291703e-02,3.360000000000000000e+02,1.549648395746170970e-01
3.524944686889648438e+01,1.506046447753906250e+02,4.499063110351562500e+01,3.648689746856689453e+00,3.412403583526611328e+00,-1.531476875312500104e-02,3.380000000000000000e+02,1.018705568948048840e-01
3.550058388710021973e+01,1.515179290771484375e+02,4.584642410278320312e+01,3.651837587356567383e+00,3.410196542739868164e+00,-1.614138122201359479e-02,3.410000000000000000e+02,1.385493426427239494e-01
3.575059795379638672e+01,1.524290466308593750e+02,4.669933700561523438e+01,3.654144525527954102e+00,3.407124519348144531e+00,-1.641129444934620943e-02,3.430000000000000000e+02,1.150900674600471019e-01
3.600277400016784668e+01,1.533448181152343750e+02,4.755488204956054688e+01,3.657015085220336914e+00,3.404111146926879883e+00,-1.537954712980009811e-02,3.460000000000000000e+02,1.242404523207653461e-01
3.624732995033264160e+01,1.542582397460937500e+02,4.840671539306640625e+01,3.658344984054565430e+00,3.399790287017822266e+00,-1.356163933903344054e-02,3.480000000000000000e+02,1.313315073832568292e-01
3.649935102462768555e+01,1.551719360351562500e+02,4.925817871093750000e+01,3.658526420593261719e+00,3.394937515258789062e+00,-1.177469966247388436e-02,3.510000000000000000e+02,1.134982023992636008e-01
3.674807500839233398e+01,1.560892028808593750e+02,5.011205291748046875e+01,3.659317970275878906e+00,3.390657186508178711e+00,-9.478425660426802180e-03,3.530000000000000000e+02,1.473433580588071612e-01
3.699808597564697266e+01,1.570105590820312500e+02,5.096806335449218750e+01,3.660164833068847656e+00,3.385869503021240234e+00,-5.827020064483248198e-03,3.560000000000000000e+02,8.992624351667360960e-02
3.724914312362670898e+01,1.579382476806640625e+02,5.182828903198242188e+01,3.660011053085327148e+00,3.380439758300781250e+00,-1.437412274030678032e-03,3.580000000000000000e+02,1.834190159296435474e-01
3.750457119941711426e+01,1.588560028076171875e+02,5.267840194702148438e+01,3.659380435943603516e+00,3.375681877136230469e+00,2.640716281172292897e-03,3.610000000000000000e+02,6.065422985433238656e-02
3.774886083602905273e+01,1.597701873779296875e+02,5.352457427978515625e+01,3.658895015716552734e+00,3.371971130371093750e+00,6.401994115853878835e-03,3.630000000000000000e+02,1.933051191868602470e-01
3.800466990470886230e+01,1.606877746582031250e+02,5.437307739257812500e+01,3.659822463989257812e+00,3.370037794113159180e+00,1.028515500610930646e-02,3.660000000000000000e+02,5.091801644539941524e-02
3.825159192085266113e+01,1.616027832031250000e+02,5.521780776977539062e+01,3.660937547683715820e+00,3.368667840957641602e+00,1.466397776438068887e-02,3.680000000000000000e+02,2.015369565207928704e-01
3.849824094772338867e+01,1.625193023681640625e+02,5.606253433227539062e+01,3.660293579101562500e+00,3.366493225097656250e+00,1.923451547210270132e-02,3.710000000000000000e+02,4.438065063183032483e-02
3.874762606620788574e+01,1.634310607910156250e+02,5.690265655517578125e+01,3.660003423690795898e+00,3.366540431976318359e+00,2.251964238783641173e-02,3.730000000000000000e+02,2.010607010629148483e-01
3.899737405776977539e+01,1.643485412597656250e+02,5.774938201904296875e+01,3.661350965499877930e+00,3.369948863983154297e+00,2.372468552055810240e-02,3.760000000000000000e+02,4.249605653751082485e-02
3.925290894508361816e+01,1.652729492187500000e+02,5.860338973999023438e+01,3.662855148315429688e+00,3.373948812484741211e+00,1.016124875965596530e+00,3.780000000000000000e+02,2.216642459958286515e-01
3.950098109245300293e+01,1.661883392333984375e+02,5.945175933837890625e+01,3.643819332122802734e+00,3.397435426712036133e+00,9.875143260499417153e-01,3.810000000000000000e+02,2.347712660342253510e-02
3.975107598304748535e+01,1.670861053466796875e+02,6.031912612915039062e+01,3.519852876663208008e+00,3.521304607391357422e+00,7.917871772706108757e-01,3.830000000000000000e+02,2.318840662700903110e-01
3.999992179870605469e+01,1.679490966796875000e+02,6.121572494506835938e+01,3.391912937164306641e+00,3.647820234298706055e+00,7.695041808394947891e-01,3.860000000000000000e+02,6.861302447131964466e-02
4.025428199768066406e+01,1.687918395996093750e+02,6.214400482177734375e+01,3.296385288238525391e+00,3.738445520401000977e+00,9.122017438413154711e-01,3.890000000000000000e+02,2.447070166633967536e-01
4.049975919723510742e+01,1.696036224365234375e+02,6.308715057373046875e+01,3.192466259002685547e+00,3.827135086059570312e+00,9.750892289655220813e-01,3.910000000000000000e+02,9.920938579121689471e-02
4.074690508842468262e+01,1.703877716064453125e+02,6.405658721923828125e+01,3.062123775482177734e+00,3.926192283630371094e+00,1.124681167006509108e+00,3.940000000000000000e+02,1.996505599735883540e-01
4.099694418907165527e+01,1.711392059326171875e+02,6.505364227294921875e+01,2.917479991912841797e+00,4.028918266296386719e+00,1.178298328939640705e+00,3.960000000000000000e+02,7.720910970953087649e-02
4.125345683097839355e+01,1.718607177734375000e+02,6.609037780761718750e+01,2.748914480209350586e+00,4.139686584472656250e+00,1.316962676828738799e+00,3.990000000000000000e+02,1.490479132996127831e-01
4.150315594673156738e+01,1.725294342041015625e+02,6.714031219482421875e+01,2.570901155471801758e+00,4.248373508453369141e+00,1.359528218705421843e+00,4.010000000000000000e+02,1.640008921509041873e-01
4.175086903572082520e+01,1.731498565673828125e+02,6.821685791015625000e+01,2.370225191116333008e+00,4.360376834869384766e+00,1.483362383598441747e+00,4.040000000000000000e+02,2.406063682096537260e-01
4.200331115722656250e+01,1.737169494628906250e+02,6.931715393066406250e+01,2.156305074691772461e+00,4.470211029052734375e+00,1.502016742809840322e+00,4.060000000000000000e+02,3.008059805391229968e-01
4.224868392944335938e+01,1.742297058105468750e+02,7.044869995117187500e+01,1.921419024467468262e+00,4.577971935272216797e+00,1.599803295610517928e+00,4.090000000000000000e+02,3.926095496290339382e-01
4.250182604789733887e+01,1.746809997558593750e+02,7.160193634033203125e+01,1.676128506660461426e+00,4.675990581512451172e+00,1.591195449904839743e+00,4.110000000000000000e+02,4.463588261914622768e-01
4.274728918075561523e+01,1.750689697265625000e+02,7.277957153320312500e+01,1.413163423538208008e+00,4.763700485229492188e+00,1.660523724752102748e+00,4.140000000000000000e+02,5.389286746289910779e-01
4.299731087684631348e+01,1.753920288085937500e+02,7.398310852050781250e+01,1.143797993659973145e+00,4.838978767395019531e+00,1.624634928667864076e+00,4.160000000000000000e+02,5.693377457541506370e-01
4.324719786643981934e+01,1.756465606689453125e+02,7.520526885986328125e+01,8.607884645462036133e-01,4.898837089538574219e+00,1.667300141094436139e+00,4.190000000000000000e+02,6.507465548573249103e-01
4.350554490089416504e+01,1.758312530517578125e+02,7.644514465332031250e+01,5.770666003227233887e-01,4.940894603729248047e+00,1.606965649785775163e+00,4.210000000000000000e+02,6.562540520445473424e-01
4.375294494628906250e+01,1.759428710937500000e+02,7.768111419677734375e+01,2.917842864990234375e-01,4.969043254852294922e+00,1.635648994153644953e+00,4.240000000000000000e+02,7.235202816722604569e-01
4.400208210945129395e+01,1.759839172363281250e+02,7.891857147216796875e+01,1.350452192127704620e-02,4.984302997589111328e+00,1.569997546280785583e+00,4.260000000000000000e+02,6.993013315556222409e-01
4.425328683853149414e+01,1.759547119140625000e+02,8.016293334960937500e+01,-2.701378762722015381e-01,4.985106945037841797e+00,1.490971215117782744e+00,4.280000000000000000e+02,7.368509678534035379e-01
4.449886417388916016e+01,1.758561096191406250e+02,8.140332031250000000e+01,-5.405203700065612793e-01,4.972253799438476562e+00,1.518418463483196090e+00,4.310000000000000000e+02,7.044990556683645710e-01
4.474673509597778320e+01,1.756913757324218750e+02,8.264383697509765625e+01,-7.991740703582763672e-01,4.943946838378906250e+00,1.451849221510566945e+00,4.330000000000000000e+02,7.168221796254626854e-01
4.499753284454345703e+01,1.754621582031250000e+02,8.387321472167968750e+01,-1.061280488967895508e+00,4.899474620819091797e+00,1.475010178812106387e+00,4.360000000000000000e+02,6.862254631016375672e-01
4.524984812736511230e+01,1.751667785644531250e+02,8.509900665283203125e+01,-1.315062642097473145e+00,4.842050552368164062e+00,1.401114507261174147e+00,4.380000000000000000e+02,6.839615480800678160e-01
4.550255298614501953e+01,1.748055877685546875e+02,8.631666564941406250e+01,-1.566672563552856445e+00,4.767950534820556641e+00,1.420477013638463459e+00,4.410000000000000000e+02,6.485794192401500569e-01
4.575229096412658691e+01,1.743867340087890625e+02,8.750176239013671875e+01,-1.803428053855895996e+00,4.683938026428222656e+00,1.349181362468546030e+00,4.430000000000000000e+02,6.427170039781509026e-01
4.600121498107910156e+01,1.739085693359375000e+02,8.866464233398437500e+01,-2.038436889648437500e+00,4.587143898010253906e+00,1.373189578846283787e+00,4.460000000000000000e+02,6.027356486574574346e-01
4.625019693374633789e+01,1.733741760253906250e+02,8.979931640625000000e+01,-2.261832475662231445e+00,4.483986377716064453e+00,2.970676291166669536e-01,4.480000000000000000e+02,5.921237118149220713e-01
4.650143885612487793e+01,1.727822418212890625e+02,9.091610717773437500e+01,-2.444983720779418945e+00,4.392646789550781250e+00,3.718415801268013521e-01,4.510000000000000000e+02,5.541999124055897452e-01
4.674717903137207031e+01,1.721694183349609375e+02,9.200951385498046875e+01,-2.489223480224609375e+00,4.372797966003417969e+00,5.288308396374816756e-01,4.530000000000000000e+02,5.789810730086365487e-01
4.700141787528991699e+01,1.715402069091796875e+02,9.310117340087890625e+01,-2.554078340530395508e+00,4.335867404937744141e+00,4.674607929358595704e-01,4.560000000000000000e+02,5.771171081626429444e-01
4.725078201293945312e+01,1.708851776123046875e+02,9.418222808837890625e+01,-2.651130914688110352e+00,4.276906013488769531e+00,3.457465913991892847e-01,4.580000000000000000e+02,5.995688103209640962e-01
4.750427484512329102e+01,1.701989593505859375e+02,9.526348114013671875e+01,-2.729936122894287109e+00,4.225728034973144531e+00,2.229275140016807322e-01,4.610000000000000000e+02,5.255672658532367647e-01
4.775216412544250488e+01,1.695052185058593750e+02,9.632011413574218750e+01,-2.786643266677856445e+00,4.185871601104736328e+00,1.099764321963795227e-01,4.640000000000000000e+02,5.199232668905472421e-01
4.800429010391235352e+01,1.687993621826171875e+02,9.736865234375000000e+01,-2.827622413635253906e+00,4.155739307403564453e+00,4.153580485265679668e-03,4.660000000000000000e+02,4.012305429200159201e-01
4.824896097183227539e+01,1.680877380371093750e+02,9.840657806396484375e+01,-2.851652383804321289e+00,4.135155677795410156e+00,-9.042624633568570325e-02,4.690000000000000000e+02,3.666501000800014842e-01
4.850185894966125488e+01,1.673705749511718750e+02,9.944377899169921875e+01,-2.859844684600830078e+00,4.124821662902832031e+00,-1.701774286607640185e-01,4.710000000000000000e+02,2.454057477743553373e-01
4.874972009658813477e+01,1.666557159423828125e+02,1.004755325317382812e+02,-2.854886770248413086e+00,4.123002529144287109e+00,-2.348779894534214763e-01,4.740000000000000000e+02,2.088013115716658985e-01
4.899922513961791992e+01,1.659456634521484375e+02,1.015043106079101562e+02,-2.838567256927490234e+00,4.127489089965820312e+00,-2.844889710851971065e-01,4.760000000000000000e+02,1.202072141564008712e-01
4.924722003936767578e+01,1.652385559082031250e+02,1.025373382568359375e+02,-2.816269874572753906e+00,4.140595436096191406e+00,-3.207724754320704919e-01,4.790000000000000000e+02,1.343762381271291217e-01
4.949748516082763672e+01,1.645347900390625000e+02,1.035781707763671875e+02,-2.788536787033081055e+00,4.160626411437988281e+00,-3.434890979981111148e-01,4.810000000000000000e+02,1.604905323732157552e-01
4.975185680389404297e+01,1.638341979980468750e+02,1.046319885253906250e+02,-2.754861593246459961e+00,4.184048652648925781e+00,-3.520687680934239672e-01,4.840000000000000000e+02,1.823561315683223383e-01
5.000573205947875977e+01,1.631488952636718750e+02,1.056820220947265625e+02,-2.718694686889648438e+00,4.208632946014404297e+00,-3.491835964083008226e-01,4.860000000000000000e+02,2.693456549454517623e-01
5.025241589546203613e+01,1.624744110107421875e+02,1.067347564697265625e+02,-2.681439161300659180e+00,4.232384681701660156e+00,-3.374419010090229376e-01,4.890000000000000000e+02,2.603152518490694511e-01
5.050055599212646484e+01,1.618067474365234375e+02,1.077972869873046875e+02,-2.643695116043090820e+00,4.255779266357421875e+00,-3.169950798008535631e-01,4.910000000000000000e+02,3.432240916173245893e-01
5.074947786331176758e+01,1.611503906250000000e+02,1.088630752563476562e+02,-2.606564044952392578e+00,4.277549266815185547e+00,-2.890247018918467581e-01,4.940000000000000000e+02,3.042151317287651868e-01
5.099991798400878906e+01,1.604978332519531250e+02,1.099427642822265625e+02,-2.571034669876098633e+00,4.296905040740966797e+00,-2.555670392020591430e-01,4.960000000000000000e+02,3.869762036948896089e-01
5.125103783607482910e+01,1.598571166992187500e+02,1.110216064453125000e+02,-2.537039279937744141e+00,4.310551166534423828e+00,-2.185985994815974054e-01,4.990000000000000000e+02,3.100598068016183206e-01
5.150105905532836914e+01,1.592216186523437500e+02,1.121097564697265625e+02,-2.506450653076171875e+00,4.320320606231689453e+00,-1.793189415178885193e-01,5.020000000000000000e+02,3.768620065945521014e-01
5.175344800949096680e+01,1.585891723632812500e+02,1.132081375122070312e+02,-2.480338335037231445e+00,4.328204631805419922e+00,-1.388308808189606391e-01,5.040000000000000000e+02,2.865266075193447781e-01
5.200496315956115723e+01,1.579683227539062500e+02,1.142969894409179688e+02,-2.460157394409179688e+00,4.334119319915771484e+00,-1.005898596466874850e-01,5.070000000000000000e+02,3.188582024866455922e-01
5.225448083877563477e+01,1.573516845703125000e+02,1.153861465454101562e+02,-2.445637226104736328e+00,4.337997436523437500e+00,-6.540283870397561872e-02,5.090000000000000000e+02,2.447447177298767429e-01
5.250386500358581543e+01,1.567407379150390625e+02,1.164716186523437500e+02,-2.435667037963867188e+00,4.340443134307861328e+00,-3.258740062232688695e-02,5.120000000000000000e+02,2.627733428848523234e-01
5.275262784957885742e+01,1.561281433105468750e+02,1.175651855468750000e+02,-2.429839849472045898e+00,4.342345714569091797e+00,-1.564839241411293894e-03,5.140000000000000000e+02,1.958384121470458372e-01
5.300242900848388672e+01,1.555224151611328125e+02,1.186476287841796875e+02,-2.428176403045654297e+00,4.342098712921142578e+00,2.494211767398087434e-02,5.170000000000000000e+02,2.050431980741717897e-01
5.325252103805541992e+01,1.549146270751953125e+02,1.197337646484375000e+02,-2.431546449661254883e+00,4.340147972106933594e+00,4.632295211474474900e-02,5.190000000000000000e+02,1.467902471582397672e-01
5.350271320343017578e+01,1.543036346435546875e+02,1.208225326538085938e+02,-2.439091920852661133e+00,4.336835384368896484e+00,6.232391734817534223e-02,5.220000000000000000e+02,1.557577673900621962e-01
5.375281000137329102e+01,1.536825714111328125e+02,1.219240417480468750e+02,-2.449401140213012695e+00,4.332235336303710938e+00,7.364145740072984558e-02,5.240000000000000000e+02,1.436168692225003873e-01
5.400280404090881348e+01,1.530666503906250000e+02,1.230098190307617188e+02,-2.461163997650146484e+00,4.327128887176513672e+00,8.065885815024356753e-02,5.270000000000000000e+02,1.042913437930735876e-01
5.425435400009155273e+01,1.524481048583984375e+02,1.240926361083984375e+02,-2.473589181900024414e+00,4.321062564849853516e+00,8.370914040210308826e-02,5.290000000000000000e+02,1.533369834874635518e-01
5.450110483169555664e+01,1.518286743164062500e+02,1.251692504882812500e+02,-2.485874414443969727e+00,4.314824104309082031e+00,8.375290705629881427e-02,5.320000000000000000e+02,9.350743658204699327e-02
5.475292277336120605e+01,1.512039337158203125e+02,1.262480850219726562e+02,-2.498388528823852539e+00,4.310331821441650391e+00,8.184847062472892787e-02,5.340000000000000000e+02,1.675450501925750124e-01
5.500342512130737305e+01,1.505777587890625000e+02,1.273230438232421875e+02,-2.510715723037719727e+00,4.307496070861816406e+00,7.848005167745643329e-02,5.370000000000000000e+02,9.074574433182702737e-02
5.525230908393859863e+01,1.499494018554687500e+02,1.283957824707031250e+02,-2.521961450576782227e+00,4.304468631744384766e+00,7.361440316135177409e-02,5.390000000000000000e+02,1.814281184331363872e-01
5.550039911270141602e+01,1.493179473876953125e+02,1.294684600830078125e+02,-2.531434535980224609e+00,4.300285339355468750e+00,6.758090955897225194e-02,5.420000000000000000e+02,9.036664765504243135e-02
5.574921798706054688e+01,1.486814117431640625e+02,1.305431518554687500e+02,-2.540805101394653320e+00,4.297068119049072266e+00,5.954754479478758383e-02,5.440000000000000000e+02,1.989163682244116937e-01
5.600337314605712891e+01,1.480376129150390625e+02,1.316251068115234375e+02,-2.549890518188476562e+00,4.295141220092773438e+00,5.046346027835935111e-02,5.470000000000000000e+02,7.168040894280607034e-02
5.625477981567382812e+01,1.473976745605468750e+02,1.326973876953125000e+02,-2.557006359100341797e+00,4.294896125793457031e+00,4.267163535164152782e-02,5.490000000000000000e+02,2.269161389004783758e-01
5.650516891479492188e+01,1.467575225830078125e+02,1.337664337158203125e+02,-2.562504768371582031e+00,4.294450283050537109e+00,3.472778714080007600e-02,5.520000000000000000e+02,5.869610322133653191e-02
5.675323295593261719e+01,1.461138000488281250e+02,1.348390350341796875e+02,-2.566390037536621094e+00,4.294167041778564453e+00,2.727101853175553994e-02,5.540000000000000000e+02,2.434768237641813937e-01
5.700119090080261230e+01,1.454708251953125000e+02,1.359079437255859375e+02,-2.568674087524414062e+00,4.293641567230224609e+00,2.008823633800049108e-02,5.570000000000000000e+02,4.316847490764705308e-02
5.724806308746337891e+01,1.448250579833984375e+02,1.369804229736328125e+02,-2.568728923797607422e+00,4.292387962341308594e+00,1.399011154761906940e-02,5.600000000000000000e+02,2.385334999838129300e-01
5.749834489822387695e+01,1.441811981201171875e+02,1.380500335693359375e+02,-2.567640781402587891e+00,4.292125701904296875e+00,9.519288631552543650e-03,5.620000000000000000e+02,3.647397180527330723e-02
5.775403118133544922e+01,1.435332641601562500e+02,1.391274566650390625e+02,-2.565369844436645508e+00,4.292146682739257812e+00,6.592020095925954330e-03,5.650000000000000000e+02,2.092304496447429940e-01
5.800329089164733887e+01,1.428808441162109375e+02,1.402120971679687500e+02,-2.562175512313842773e+00,4.291046142578125000e+00,3.753594912797035728e-03,5.670000000000000000e+02,6.871019128484762151e-02
5.825368285179138184e+01,1.422361297607421875e+02,1.412856903076171875e+02,-2.557854890823364258e+00,4.289602279663085938e+00,2.470796739470090993e-03,5.700000000000000000e+02,1.681405243492345436e-01
5.850470614433288574e+01,1.415925598144531250e+02,1.423593444824218750e+02,-2.553276777267456055e+00,4.288706302642822266e+00,2.483437154461510653e-03,5.720000000000000000e+02,9.310798180022000770e-02
5.875215315818786621e+01,1.409524841308593750e+02,1.434293365478515625e+02,-2.548992395401000977e+00,4.289118289947509766e+00,3.795288018288610603e-03,5.750000000000000000e+02,1.470567621618110721e-01
5.900127506256103516e+01,1.403088073730468750e+02,1.445067901611328125e+02,-2.545664310455322266e+00,4.290115356445312500e+00,5.143383045849899034e-03,5.770000000000000000e+02,1.169317210982393218e-01
5.925287604331970215e+01,1.396736297607421875e+02,1.455718994140625000e+02,-2.541752099990844727e+00,4.289474010467529297e+00,6.930192779850736888e-03,5.800000000000000000e+02,1.296497750132526716e-01
5.950038290023803711e+01,1.390382385253906250e+02,1.466383361816406250e+02,-2.538476943969726562e+00,4.289035320281982422e+00,8.657736852972580666e-03,5.820000000000000000e+02,1.206072727343553003e-01
5.975374698638916016e+01,1.384014434814453125e+02,1.477086944580078125e+02,-2.537049293518066406e+00,4.291538238525390625e+00,1.091827246062660080e-02,5.850000000000000000e+02,1.206645459068792087e-01
6.000237488746643066e+01,1.377561340332031250e+02,1.487944183349609375e+02,-2.536601781845092773e+00,4.294930458068847656e+00,1.320495429299148663e-02,5.870000000000000000e+02,1.512552467467526141e-01
6.025566697120666504e+01,1.371189575195312500e+02,1.498673400878906250e+02,-2.536515951156616211e+00,4.297679901123046875e+00,1.520009252316576603e-02,5.900000000000000000e+02,8.760644256261934659e-02
6.050171995162963867e+01,1.364813385009765625e+02,1.509411468505859375e+02,-2.536557674407958984e+00,4.300168991088867188e+00,1.014032040818820590e+00,5.920000000000000000e+02,1.701178926013734716e-01
6.075525093078613281e+01,1.358446655273437500e+02,1.520110473632812500e+02,-2.561524152755737305e+00,4.285414218902587891e+00,9.847098027049084878e-01,5.950000000000000000e+02,7.158367795250693277e-02
6.100155687332153320e+01,1.351834411621093750e+02,1.530716094970703125e+02,-2.707973957061767578e+00,4.190106391906738281e+00,7.882096552651101096e-01,5.970000000000000000e+02,1.888043586100056070e-01
6.124868512153625488e+01,1.344861602783203125e+02,1.541040344238281250e+02,-2.855495929718017578e+00,4.091816425323486328e+00,8.819496138643991845e-01,6.000000000000000000e+02,7.113031350072852865e-02
6.150273895263671875e+01,1.337593841552734375e+02,1.551162414550781250e+02,-2.963202238082885742e+00,4.014751911163330078e+00,9.414520379624717883e-01,6.020000000000000000e+02,2.323307954001394005e-01
6.175091099739074707e+01,1.330017242431640625e+02,1.561105194091796875e+02,-3.084045171737670898e+00,3.919580459594726562e+00,1.099128488418761762e+00,6.050000000000000000e+02,4.070299465592377292e-02
6.200226688385009766e+01,1.322092895507812500e+02,1.570823516845703125e+02,-3.214594841003417969e+00,3.809137582778930664e+00,1.254348176929377612e+00,6.080000000000000000e+02,2.211976766763263935e-01
6.225576496124267578e+01,1.313778228759765625e+02,1.580295410156250000e+02,-3.359178304672241211e+00,3.674985408782958984e+00,1.299154804651829309e+00,6.100000000000000000e+02,8.303346356688558194e-02
6.250363016128540039e+01,1.305176544189453125e+02,1.589303131103515625e+02,-3.513204574584960938e+00,3.521118640899658203e+00,1.427196871227354835e+00,6.130000000000000000e+02,2.297328660337692730e-01
6.275469589233398438e+01,1.296227264404296875e+02,1.597880554199218750e+02,-3.666678428649902344e+00,3.356074094772338867e+00,1.455614690261669786e+00,6.150000000000000000e+02,2.202520383524912417e-01
6.300470495223999023e+01,1.286860198974609375e+02,1.606051330566406250e+02,-3.825621843338012695e+00,3.170500993728637695e+00,1.564574524756328522e+00,6.180000000000000000e+02,3.476302535793325821e-01
6.325271391868591309e+01,1.277132110595703125e+02,1.613721923828125000e+02,-3.981131076812744141e+00,2.973122119903564453e+00,1.569920721923562468e+00,6.200000000000000000e+02,3.734004331117973252e-01
6.350359916687011719e+01,1.266975402832031250e+02,1.620903472900390625e+02,-4.135489463806152344e+00,2.753796815872192383e+00,1.651620606283972670e+00,6.230000000000000000e+02,4.910707418642882294e-01
6.375040507316589355e+01,1.256471633911132812e+02,1.627502441406250000e+02,-4.280269145965576172e+00,2.524655103683471680e+00,1.628837390457114509e+00,6.250000000000000000e+02,5.129804184558279800e-01
6.400045585632324219e+01,1.245548934936523438e+02,1.633542175292968750e+02,-4.417194366455078125e+00,2.276197910308837891e+00,1.683645251474864990e+00,6.280000000000000000e+02,6.189102153343097878e-01
6.425330209732055664e+01,1.234272842407226562e+02,1.638963623046875000e+02,-4.539239406585693359e+00,2.018936872482299805e+00,1.633031294798854560e+00,6.300000000000000000e+02,6.201852655056036001e-01
6.450680494308471680e+01,1.222822113037109375e+02,1.643674926757812500e+02,-4.650749683380126953e+00,1.753552317619323730e+00,1.570441465922110869e+00,6.320000000000000000e+02,6.918636765866882365e-01
6.475585699081420898e+01,1.211105194091796875e+02,1.647728271484375000e+02,-4.748644828796386719e+00,1.493114590644836426e+00,1.611770323057651000e+00,6.350000000000000000e+02,6.859560297591764666e-01
6.500230598449707031e+01,1.199196319580078125e+02,1.651134033203125000e+02,-4.831251621246337891e+00,1.237851023674011230e+00,1.559153395939406606e+00,6.370000000000000000e+02,7.178950008705063945e-01
6.525338387489318848e+01,1.187005538940429688e+02,1.653901977539062500e+02,-4.901071071624755859e+00,9.671217203140258789e-01,1.587758139124272549e+00,6.400000000000000000e+02,7.203308355443315270e-01
6.550445890426635742e+01,1.174740905761718750e+02,1.655973968505859375e+02,-4.953924655914306641e+00,7.021947503089904785e-01,1.519938001548750250e+00,6.420000000000000000e+02,7.189214743965457455e-01
6.574893212318420410e+01,1.162322540283203125e+02,1.657385101318359375e+02,-4.988726139068603516e+00,4.323503971099853516e-01,1.541648564053465176e+00,6.450000000000000000e+02,7.238377970661624694e-01
6.599928998947143555e+01,1.149806823730468750e+02,1.658127136230468750e+02,-5.007071018218994141e+00,1.672685742378234863e-01,1.465565424615365764e+00,6.470000000000000000e+02,6.942900157866482846e-01
6.625556993484497070e+01,1.137103576660156250e+02,1.658204193115234375e+02,-5.009843349456787109e+00,-1.029076725244522095e-01,1.478643308392112665e+00,6.500000000000000000e+02,6.972497079409517573e-01
6.650426793098449707e+01,1.124577484130859375e+02,1.657627258300781250e+02,-4.999419212341308594e+00,-3.581584990024566650e-01,4.008690357864824194e-01,6.520000000000000000e+02,6.524522640500570736e-01
6.675284004211425781e+01,1.112084426879882812e+02,1.656443176269531250e+02,-4.983842849731445312e+00,-5.703882575035095215e-01,4.689917560254082685e-01,6.550000000000000000e+02,6.640560094819762949e-01
6.700575685501098633e+01,1.099636306762695312e+02,1.654951477050781250e+02,-4.984454631805419922e+00,-6.290292739868164062e-01,6.178311926501349749e-01,6.570000000000000000e+02,6.382026847626497412e-01
6.725365090370178223e+01,1.087151031494140625e+02,1.653285064697265625e+02,-4.977066516876220703e+00,-7.118764519691467285e-01,5.517794692092180542e-01,6.600000000000000000e+02,6.916315446429842639e-01
6.750187802314758301e+01,1.074740676879882812e+02,1.651333465576171875e+02,-4.959455490112304688e+00,-8.326537609100341797e-01,4.239043680694919991e-01,6.620000000000000000e+02,6.538033004894034939e-01
6.775132894515991211e+01,1.062359466552734375e+02,1.649094085693359375e+02,-4.942794799804687500e+00,-9.343571662902832031e-01,2.927691554281590669e-01,6.650000000000000000e+02,6.411353142567933761e-01
6.800230813026428223e+01,1.049961090087890625e+02,1.646624145507812500e+02,-4.928383350372314453e+00,-1.012712597846984863e+00,1.674895749765016317e-01,6.670000000000000000e+02,5.627051566867519172e-01
6.824959301948547363e+01,1.037557830810546875e+02,1.643973236083984375e+02,-4.915017604827880859e+00,-1.070483565330505371e+00,4.858312814647343381e-02,6.700000000000000000e+02,4.985286296192620870e-01
6.850704693794250488e+01,1.025103988647460938e+02,1.641180419921875000e+02,-4.903481483459472656e+00,-1.107658863067626953e+00,-6.026989229508340068e-02,6.720000000000000000e+02,4.131891693665354359e-01
6.875329208374023438e+01,1.012795410156250000e+02,1.638335418701171875e+02,-4.895418167114257812e+00,-1.124538302421569824e+00,-1.543491153045541131e-01,6.750000000000000000e+02,3.052868529239342599e-01
6.900672578811645508e+01,1.000542144775390625e+02,1.635475006103515625e+02,-4.891185760498046875e+00,-1.123068571090698242e+00,-2.315506426145747532e-01,6.770000000000000000e+02,2.543885686874257646e-01
6.925380516052246094e+01,9.882553863525390625e+01,1.632635040283203125e+02,-4.890657424926757812e+00,-1.104899644851684570e+00,-2.896560537118689771e-01,6.800000000000000000e+02,1.150109764296308734e-01
6.950104093551635742e+01,9.760063934326171875e+01,1.629868011474609375e+02,-4.892658710479736328e+00,-1.074071764945983887e+00,-3.295789487056619560e-01,6.820000000000000000e+02,1.914269036502049826e-01
6.975353002548217773e+01,9.637516021728515625e+01,1.627193756103515625e+02,-4.894437313079833984e+00,-1.032580971717834473e+00,-3.516192959413439456e-01,6.850000000000000000e+02,9.233855784085061302e-02
7.000227880477905273e+01,9.515547943115234375e+01,1.624634094238281250e+02,-4.898527622222900391e+00,-9.860998988151550293e-01,-3.600969465962411409e-01,6.870000000000000000e+02,2.505797613087175080e-01
7.025012898445129395e+01,9.392543029785156250e+01,1.622178955078125000e+02,-4.908312797546386719e+00,-9.364653825759887695e-01,-3.554254884395784408e-01,6.900000000000000000e+02,2.120405614517307524e-01
7.050597596168518066e+01,9.268396759033203125e+01,1.619840393066406250e+02,-4.918870925903320312e+00,-8.850331902503967285e-01,-3.386173724668473106e-01,6.920000000000000000e+02,3.432603938530885967e-01
7.075454807281494141e+01,9.145216369628906250e+01,1.617655181884765625e+02,-4.927734851837158203e+00,-8.351081609725952148e-01,-3.128776131871650601e-01,6.950000000000000000e+02,2.869749219161539799e-01
7.100462412834167480e+01,9.021726989746093750e+01,1.615587005615234375e+02,-4.936240673065185547e+00,-7.893791198730468750e-01,-2.820524485013655158e-01,6.970000000000000000e+02,3.937262672886472914e-01
7.125480699539184570e+01,8.898396301269531250e+01,1.613637542724609375e+02,-4.944239616394042969e+00,-7.479450702667236328e-01,-2.466713181903015806e-01,7.000000000000000000e+02,3.156103177474950394e-01
7.150374388694763184e+01,8.774037170410156250e+01,1.611773834228515625e+02,-4.950839519500732422e+00,-7.107651233673095703e-01,-2.079269058808669302e-01,7.030000000000000000e+02,3.898756666554235029e-01
7.175471401214599609e+01,8.650681304931640625e+01,1.610017547607421875e+02,-4.953720569610595703e+00,-6.789579391479492188e-01,-1.678485036811198094e-01,7.050000000000000000e+02,3.044618113665710779e-01
7.200046682357788086e+01,8.526574707031250000e+01,1.608324279785156250e+02,-4.955444335937500000e+00,-6.516191959381103516e-01,-1.266489174729410472e-01,7.080000000000000000e+02,3.599132891578991633e-01
7.225047898292541504e+01,8.401927185058593750e+01,1.606686096191406250e+02,-4.956256389617919922e+00,-6.292731761932373047e-01,-8.567362045275193905e-02,7.100000000000000000e+02,2.654943287645132322e-01
7.250729918479919434e+01,8.275634002685546875e+01,1.605078582763671875e+02,-4.954689025878906250e+00,-6.130390763282775879e-01,-4.679341412590188459e-02,7.130000000000000000e+02,2.908514665354552386e-01
7.275485491752624512e+01,8.151154327392578125e+01,1.603534088134765625e+02,-4.949915409088134766e+00,-6.022203564643859863e-01,-1.096056123322695051e-02,7.150000000000000000e+02,2.162991968092750628e-01
7.300226688385009766e+01,8.026795196533203125e+01,1.602003936767578125e+02,-4.944287300109863281e+00,-5.964400172233581543e-01,2.067641300352576414e-02,7.180000000000000000e+02,2.261697717263335961e-01
7.325529384613037109e+01,7.903056335449218750e+01,1.600486145019531250e+02,-4.939664840698242188e+00,-5.964366793632507324e-01,4.688854673922331073e-02,7.200000000000000000e+02,1.622618600757520235e-01
7.350436878204345703e+01,7.779023742675781250e+01,1.598956298828125000e+02,-4.937194824218750000e+00,-6.013645529747009277e-01,6.788099234776456825e-02,7.230000000000000000e+02,1.745972805268586614e-01
7.374996709823608398e+01,7.655497741699218750e+01,1.597413635253906250e+02,-4.934944152832031250e+00,-6.096959114074707031e-01,8.395580063701973961e-02,7.250000000000000000e+02,1.226482437989733915e-01
7.400188708305358887e+01,7.532032775878906250e+01,1.595844879150390625e+02,-4.932264804840087891e+00,-6.201364398002624512e-01,9.580807914808962822e-02,7.280000000000000000e+02,1.474339553309229056e-01
7.425126910209655762e+01,7.408258056640625000e+01,1.594247283935546875e+02,-4.930885791778564453e+00,-6.319596767425537109e-01,1.046279719167289707e-01,7.300000000000000000e+02,1.104200772234281563e-01
7.450431799888610840e+01,7.284125518798828125e+01,1.592612609863281250e+02,-4.930495738983154297e+00,-6.453652977943420410e-01,1.096132759811505042e-01,7.330000000000000000e+02,1.306965627849091538e-01
7.475353121757507324e+01,7.159292602539062500e+01,1.590927124023437500e+02,-4.930272579193115234e+00,-6.595448851585388184e-01,1.107914892823033404e-01,7.350000000000000000e+02,1.396296906071854693e-01
7.500307798385620117e+01,7.035762023925781250e+01,1.589215545654296875e+02,-4.930093288421630859e+00,-6.739275455474853516e-01,1.082848282877285212e-01,7.380000000000000000e+02,1.203875182435419078e-01
7.525503206253051758e+01,6.912748718261718750e+01,1.587477416992187500e+02,-4.929689407348632812e+00,-6.873731017112731934e-01,1.040461857477523039e-01,7.400000000000000000e+02,1.514838124471893366e-01
7.550410103797912598e+01,6.789360046386718750e+01,1.585707855224609375e+02,-4.929769515991210938e+00,-6.992835402488708496e-01,9.943342866041096628e-02,7.430000000000000000e+02,1.283617541981186549e-01
7.575443005561828613e+01,6.666404724121093750e+01,1.583916320800781250e+02,-4.931059360504150391e+00,-7.103379964828491211e-01,9.368177727328297344e-02,7.450000000000000000e+02,1.609332603152176799e-01
7.600301694869995117e+01,6.542996215820312500e+01,1.582087707519531250e+02,-4.932333946228027344e+00,-7.209049463272094727e-01,8.609698639448153112e-02,7.480000000000000000e+02,1.309676790717502759e-01
7.625546693801879883e+01,6.420316314697265625e+01,1.580244750976562500e+02,-4.932732105255126953e+00,-7.306310534477233887e-01,7.725983988880574804e-02,7.500000000000000000e+02,1.647045407683079832e-01
7.650131607055664062e+01,6.296889877319335938e+01,1.578369903564453125e+02,-4.934913158416748047e+00,-7.396840453147888184e-01,6.779429012628475359e-02,7.530000000000000000e+02,1.286423505760177222e-01
7.675227117538452148e+01,6.172507476806640625e+01,1.576457977294921875e+02,-4.937639236450195312e+00,-7.477340102195739746e-01,5.766648684267556418e-02,7.550000000000000000e+02,1.809424665873079208e-01
7.700506401062011719e+01,6.049175262451171875e+01,1.574533843994140625e+02,-4.940423011779785156e+00,-7.546163797378540039e-01,4.653975999749603021e-02,7.580000000000000000e+02,1.068679675626341558e-01
7.725243902206420898e+01,5.925762557983398438e+01,1.572595367431640625e+02,-4.942427158355712891e+00,-7.594291567802429199e-01,3.631520961472577136e-02,7.600000000000000000e+02,1.861062730159237788e-01
7.750494480133056641e+01,5.802679824829101562e+01,1.570647277832031250e+02,-4.944026470184326172e+00,-7.620573043823242188e-01,2.705469863310953904e-02,7.630000000000000000e+02,8.938147571738740138e-02
7.775538396835327148e+01,5.678696823120117188e+01,1.568681182861328125e+02,-4.945483207702636719e+00,-7.621794342994689941e-01,1.990166327150455841e-02,7.650000000000000000e+02,1.954409563027192098e-01
7.800133705139160156e+01,5.555875778198242188e+01,1.566737823486328125e+02,-4.945004940032958984e+00,-7.600151896476745605e-01,1.510306932393319819e-02,7.680000000000000000e+02,6.868602468487221280e-02
7.825041890144348145e+01,5.432537078857421875e+01,1.564792327880859375e+02,-4.944637298583984375e+00,-7.564728260040283203e-01,1.212216457344043700e-02,7.700000000000000000e+02,1.979959204669702322e-01
7.850461483001708984e+01,5.308702850341796875e+01,1.562855682373046875e+02,-4.944458007812500000e+00,-7.519693374633789062e-01,1.137831762220562447e-02,7.730000000000000000e+02,4.758850529601253709e-02
7.875334715843200684e+01,5.183211898803710938e+01,1.560901489257812500e+02,-4.942749023437500000e+00,-7.470070123672485352e-01,1.143169382036158914e-02,7.750000000000000000e+02,2.336855689561998239e-01
7.900434780120849609e+01,5.059429550170898438e+01,1.558978424072265625e+02,-4.939696788787841797e+00,-7.421644330024719238e-01,1.157838358725292623e-02,7.780000000000000000e+02,1.193005631805446783e-02
7.925505399703979492e+01,4.935744857788085938e+01,1.557066497802734375e+02,-4.936937332153320312e+00,-7.373571991920471191e-01,1.248233460056996993e-02,7.810000000000000000e+02,2.461757538822176294e-01
7.950305294990539551e+01,4.812540054321289062e+01,1.555171051025390625e+02,-4.935491561889648438e+00,-7.325584888458251953e-01,1.428772822374138780e-02,7.830000000000000000e+02,6.430898456743172793e-03
7.975861716270446777e+01,4.688919448852539062e+01,1.553283538818359375e+02,-4.935366630554199219e+00,-7.276580333709716797e-01,1.748353246949011994e-02,7.860000000000000000e+02,2.352427080755129241e-01
8.000186395645141602e+01,4.565655517578125000e+01,1.551410827636718750e+02,-4.934687137603759766e+00,-7.230214476585388184e-01,2.105869700823841117e-02,7.880000000000000000e+02,1.707822213924592089e-02
8.025388002395629883e+01,4.442571640014648438e+01,1.549557647705078125e+02,-4.932762622833251953e+00,-7.183615565299987793e-01,2.576104191765350715e-02,7.910000000000000000e+02,2.299555843728003368e-01
8.050481414794921875e+01,4.319393157958984375e+01,1.547713470458984375e+02,-4.931792736053466797e+00,-7.147401571273803711e-01,3.037819279332860944e-02,7.930000000000000000e+02,2.110718430569138646e-02
8.075404000282287598e+01,4.195830535888671875e+01,1.545876770019531250e+02,-4.933581352233886719e+00,-7.120546102523803711e-01,3.550014675878621767e-02,7.960000000000000000e+02,2.214876805028584139e-01
8.100407505035400391e+01,4.071277236938476562e+01,1.544030914306640625e+02,-4.936133384704589844e+00,-7.106775045394897461e-01,3.988943646414955940e-02,7.980000000000000000e+02,4.383122790155494913e-02
8.125343799591064453e+01,3.947808456420898438e+01,1.542205657958984375e+02,-4.938683032989501953e+00,-7.106417417526245117e-01,4.327919458038671091e-02,8.010000000000000000e+02,2.007424627074393675e-01
8.150482416152954102e+01,3.824639892578125000e+01,1.540381622314453125e+02,-4.940828800201416016e+00,-7.116761803627014160e-01,4.529857354326546903e-02,8.030000000000000000e+02,5.232739271736257941e-02
8.175436902046203613e+01,3.700962829589843750e+01,1.538550262451171875e+02,-4.942670822143554688e+00,-7.128260731697082520e-01,1.044711807343545518e+00,8.060000000000000000e+02,1.921420070830672788e-01
8.200552296638488770e+01,3.577642440795898438e+01,1.536702880859375000e+02,-4.937633991241455078e+00,-7.426336407661437988e-01,1.015330741782221269e+00,8.080000000000000000e+02,6.430563554513615832e-02
8.225366902351379395e+01,3.454435729980468750e+01,1.534603424072265625e+02,-4.901571750640869141e+00,-9.143320918083190918e-01,8.189401478857767369e-01,8.110000000000000000e+02,1.809548362521056220e-01
8.250753617286682129e+01,3.332581710815429688e+01,1.532060852050781250e+02,-4.864716053009033203e+00,-1.091123223304748535e+00,8.020555753989634384e-01,8.130000000000000000e+02,7.851359362700305322e-02
8.275712585449218750e+01,3.210641479492187500e+01,1.529140014648437500e+02,-4.835412979125976562e+00,-1.219560265541076660e+00,9.537527458011575421e-01,8.160000000000000000e+02,2.032489294188443152e-01
8.300412583351135254e+01,3.088706398010253906e+01,1.525872650146484375e+02,-4.796895027160644531e+00,-1.354909181594848633e+00,1.019030186606563859e+00,8.180000000000000000e+02,9.652848821387909062e-02
8.325420117378234863e+01,2.969252586364746094e+01,1.522267150878906250e+02,-4.743552207946777344e+00,-1.514748215675354004e+00,1.172671010344884079e+00,8.210000000000000000e+02,1.883459284602262973e-01
8.350909996032714844e+01,2.851292991638183594e+01,1.518247680664062500e+02,-4.681574344635009766e+00,-1.685091376304626465e+00,1.228635563667467068e+00,8.230000000000000000e+02,5.805355337004842325e-02
8.375778412818908691e+01,2.735486984252929688e+01,1.513789978027343750e+02,-4.606563568115234375e+00,-1.872392654418945312e+00,1.373046963003448750e+00,8.260000000000000000e+02,2.282542416610562896e-01
8.400536394119262695e+01,2.620829010009765625e+01,1.508816375732421875e+02,-4.521185874938964844e+00,-2.069031476974487305e+00,1.415169957260202560e+00,8.280000000000000000e+02,1.531946095988705459e-01
8.425356698036193848e+01,2.509667587280273438e+01,1.503395385742187500e+02,-4.417602539062500000e+00,-2.277806520462036133e+00,1.440261957026468309e+00,8.300000000000000000e+02,3.357943094468383016e-01
8.450567603111267090e+01,2.400844764709472656e+01,1.497428283691406250e+02,-4.300609588623046875e+00,-2.489645719528198242e+00,1.562351136709409616e+00,8.330000000000000000e+02,3.133132407379423667e-01
8.475574398040771484e+01,2.294696044921875000e+01,1.490918884277343750e+02,-4.171879291534423828e+00,-2.699496030807495117e+00,1.580103178936076436e+00,8.350000000000000000e+02,4.204006705886857986e-01
8.500735592842102051e+01,2.190819358825683594e+01,1.483773345947265625e+02,-4.017332077026367188e+00,-2.919824123382568359e+00,1.672622330219601272e+00,8.380000000000000000e+02,4.863596337068037956e-01
8.525481295585632324e+01,2.092641067504882812e+01,1.476206970214843750e+02,-3.849901914596557617e+00,-3.133440256118774414e+00,1.655890789090802784e+00,8.400000000000000000e+02,5.409465827436744645e-01
8.550703406333923340e+01,1.998964309692382812e+01,1.468124237060546875e+02,-3.663778305053710938e+00,-3.349337816238403320e+00,1.618947725349476841e+00,8.420000000000000000e+02,6.507260288563280204e-01
8.575728201866149902e+01,1.910353660583496094e+01,1.459539794921875000e+02,-3.471353769302368164e+00,-3.555574417114257812e+00,6.940269573827712035e-01,8.450000000000000000e+02,6.526310172538382082e-01
8.600737404823303223e+01,1.825976181030273438e+01,1.450438842773437500e+02,-3.310820579528808594e+00,-3.721178293228149414e+00,7.006409201113642515e-01,8.470000000000000000e+02,7.017744042715419184e-01
8.625389313697814941e+01,1.744328880310058594e+01,1.441052246093750000e+02,-3.249485254287719727e+00,-3.795066356658935547e+00,8.587711632083777635e-01,8.500000000000000000e+02,7.749561482238546128e-01
8.650131511688232422e+01,1.664378547668457031e+01,1.431461029052734375e+02,-3.165045499801635742e+00,-3.875371217727661133e+00,7.837889748617161700e-01,8.520000000000000000e+02,8.099839436422020533e-01
8.675193595886230469e+01,1.586943054199218750e+01,1.421607513427734375e+02,-3.048056125640869141e+00,-3.972455739974975586e+00,6.451096198142430849e-01,8.550000000000000000e+02,8.387440848318871156e-01
8.700726699829101562e+01,1.512033081054687500e+01,1.411492156982421875e+02,-2.945142507553100586e+00,-4.054478645324707031e+00,4.995664168442826569e-01,8.570000000000000000e+02,8.113585099613027651e-01
8.725841307640075684e+01,1.438932228088378906e+01,1.401123199462890625e+02,-2.861156702041625977e+00,-4.118268489837646484e+00,3.572558702073408976e-01,8.600000000000000000e+02,7.639571384161699674e-01
8.750532817840576172e+01,1.368416881561279297e+01,1.390719909667968750e+02,-2.794179201126098633e+00,-4.165964126586914062e+00,2.205113523552126309e-01,8.620000000000000000e+02,7.000518866236009607e-01
8.775483393669128418e+01,1.299524211883544922e+01,1.380247192382812500e+02,-2.744574546813964844e+00,-4.199559688568115234e+00,9.261309610635964917e-02,8.650000000000000000e+02,6.019548029749820506e-01
8.801013708114624023e+01,1.231485557556152344e+01,1.369652557373046875e+02,-2.712279319763183594e+00,-4.221031665802001953e+00,-2.542788397902097028e-02,8.670000000000000000e+02,5.225737611729370791e-01
8.825654602050781250e+01,1.164231395721435547e+01,1.359046173095703125e+02,-2.697971820831298828e+00,-4.230284214019775391e+00,-1.274444240097402092e-01,8.700000000000000000e+02,3.880100581707522922e-01
8.850673604011535645e+01,1.096885967254638672e+01,1.348386688232421875e+02,-2.697902917861938477e+00,-4.226715087890625000e+00,-2.126598695419124885e-01,8.720000000000000000e+02,3.372729818397622870e-01
8.875256013870239258e+01,1.029491615295410156e+01,1.337775268554687500e+02,-2.711620092391967773e+00,-4.213325500488281250e+00,-2.784517264918521806e-01,8.750000000000000000e+02,1.654424114404915713e-01
8.900244498252868652e+01,9.611160278320312500e+00,1.327109222412109375e+02,-2.736598730087280273e+00,-4.193426132202148438e+00,-3.278054800861526230e-01,8.770000000000000000e+02,2.429201959775149633e-01
8.925838112831115723e+01,8.915271759033203125e+00,1.316450805664062500e+02,-2.769030332565307617e+00,-4.163688182830810547e+00,-3.573036752988729137e-01,8.800000000000000000e+02,4.084583107235688348e-02
8.950600099563598633e+01,8.217058181762695312e+00,1.305977630615234375e+02,-2.806253194808959961e+00,-4.128609657287597656e+00,-3.693495168823534569e-01,8.830000000000000000e+02,2.449821975672164809e-01
8.975368285179138184e+01,7.509033679962158203e+00,1.295591430664062500e+02,-2.846816778182983398e+00,-4.091545104980468750e+00,-3.672009861385723828e-01,8.850000000000000000e+02,1.925582807745291058e-01
9.000749897956848145e+01,6.793838500976562500e+00,1.285328216552734375e+02,-2.888802289962768555e+00,-4.054671287536621094e+00,-3.537426145304317648e-01,8.880000000000000000e+02,3.070457487198813840e-01
9.025874090194702148e+01,6.063411712646484375e+00,1.275104064941406250e+02,-2.931968212127685547e+00,-4.018683910369873047e+00,-3.286891003988822724e-01,8.900000000000000000e+02,2.914037784104135942e-01
9.050716900825500488e+01,5.329822063446044922e+00,1.265074615478515625e+02,-2.971936225891113281e+00,-3.985129594802856445e+00,-2.965813071632699693e-01,8.930000000000000000e+02,3.526727259809709358e-01
9.075581097602844238e+01,4.585966587066650391e+00,1.255131607055664062e+02,-3.008338928222656250e+00,-3.953137159347534180e+00,-2.578875584847192259e-01,8.950000000000000000e+02,3.301271757110866290e-01
9.100272798538208008e+01,3.831628322601318359e+00,1.245241088867187500e+02,-3.042526245117187500e+00,-3.927515983581542969e+00,-2.161593637052660610e-01,8.980000000000000000e+02,3.624536465341058888e-01
9.125575089454650879e+01,3.058526515960693359e+00,1.235280761718750000e+02,-3.074133157730102539e+00,-3.906683206558227539e+00,-1.712976064362434214e-01,9.000000000000000000e+02,3.290234784924593314e-01
9.150669384002685547e+01,2.288365602493286133e+00,1.225498123168945312e+02,-3.099952936172485352e+00,-3.890385627746582031e+00,-1.272673489278596248e-01,9.030000000000000000e+02,3.266182998633907486e-01
9.175636816024780273e+01,1.511954665184020996e+00,1.215746078491210938e+02,-3.120717048645019531e+00,-3.877947807312011719e+00,-8.430531826601699030e-02,9.050000000000000000e+02,2.930129824873559108e-01
9.200913786888122559e+01,7.334274649620056152e-01,1.206041107177734375e+02,-3.138239622116088867e+00,-3.870539426803588867e+00,-4.350193553711653727e-02,9.080000000000000000e+02,2.740157277156801130e-01
9.225769019126892090e+01,-5.185373499989509583e-02,1.196310729980468750e+02,-3.150481939315795898e+00,-3.867841958999633789e+00,-6.746520973760044594e-03,9.100000000000000000e+02,2.436901466284534246e-01
9.250257205963134766e+01,-8.376978039741516113e-01,1.186618194580078125e+02,-3.156924009323120117e+00,-3.866042613983154297e+00,2.713395017139027046e-02,9.130000000000000000e+02,2.060986208317223956e-01
9.275335502624511719e+01,-1.625365376472473145e+00,1.176919326782226562e+02,-3.158326148986816406e+00,-3.865104913711547852e+00,5.740717520885107311e-02,9.150000000000000000e+02,1.970122795079946032e-01
9.300218796730041504e+01,-2.416392564773559570e+00,1.167169494628906250e+02,-3.155512571334838867e+00,-3.867126226425170898e+00,8.222017070937802374e-02,9.180000000000000000e+02,1.334181306908635567e-01
9.325586605072021484e+01,-3.209669589996337891e+00,1.157384719848632812e+02,-3.148295879364013672e+00,-3.870771884918212891e+00,1.023073970608701228e-01,9.200000000000000000e+02,1.880722183725853924e-01
9.351022100448608398e+01,-4.006107330322265625e+00,1.147531051635742188e+02,-3.136572122573852539e+00,-3.874144554138183594e+00,1.176800165429581629e-01,9.230000000000000000e+02,5.243138660045106730e-02
9.375563001632690430e+01,-4.791154384613037109e+00,1.137777328491210938e+02,-3.121857166290283203e+00,-3.878042936325073242e+00,1.279976893209101851e-01,9.250000000000000000e+02,2.154378926780574355e-01
9.400629878044128418e+01,-5.569367885589599609e+00,1.128036041259765625e+02,-3.106081247329711914e+00,-3.885229825973510742e+00,1.318087076434301119e-01,9.280000000000000000e+02,3.980314619649242408e-02
9.425918602943420410e+01,-6.345241069793701172e+00,1.118246307373046875e+02,-3.090071201324462891e+00,-3.894330739974975586e+00,1.305355316374409991e-01,9.300000000000000000e+02,2.365673281569734832e-01
9.450452399253845215e+01,-7.113310813903808594e+00,1.108470916748046875e+02,-3.074612617492675781e+00,-3.903964281082153320e+00,1.252482241975489963e-01,9.330000000000000000e+02,7.009827006987984221e-02
9.475813198089599609e+01,-7.879832744598388672e+00,1.098635559082031250e+02,-3.060718059539794922e+00,-3.913764238357543945e+00,1.173434662445252963e-01,9.350000000000000000e+02,2.537265532572570703e-01
9.500512313842773438e+01,-8.640878677368164062e+00,1.088804092407226562e+02,-3.049896240234375000e+00,-3.924225091934204102e+00,1.083309485643360603e-01,9.380000000000000000e+02,8.817072203249942675e-02
9.525206184387207031e+01,-9.405023574829101562e+00,1.078881530761718750e+02,-3.041660308837890625e+00,-3.934814453125000000e+00,9.895071573747551974e-02,9.410000000000000000e+02,2.571137182595533144e-01
9.550752210617065430e+01,-1.017201137542724609e+01,1.068877944946289062e+02,-3.034563779830932617e+00,-3.943480491638183594e+00,8.957722874443638239e-02,9.430000000000000000e+02,9.883683310534442656e-02
9.575453495979309082e+01,-1.092877101898193359e+01,1.058954315185546875e+02,-3.028009414672851562e+00,-3.950454473495483398e+00,7.911683548562614687e-02,9.460000000000000000e+02,2.310621257463649492e-01
9.600815320014953613e+01,-1.168337917327880859e+01,1.049011535644531250e+02,-3.022120952606201172e+00,-3.956763267517089844e+00,6.736348581492861143e-02,9.480000000000000000e+02,9.963788396474379527e-02
9.625798392295837402e+01,-1.243354988098144531e+01,1.039094848632812500e+02,-3.017779827117919922e+00,-3.962173938751220703e+00,5.588253905596669152e-02,9.510000000000000000e+02,2.163874935106842312e-01
9.650469088554382324e+01,-1.318732738494873047e+01,1.029103469848632812e+02,-3.015268325805664062e+00,-3.966265201568603516e+00,4.535991329859431070e-02,9.530000000000000000e+02,9.584349581429534026e-02
9.675566792488098145e+01,-1.393145751953125000e+01,1.019226379394531250e+02,-3.013590812683105469e+00,-3.967671394348144531e+00,3.654707416376951762e-02,9.560000000000000000e+02,2.030217934447343942e-01
9.700527310371398926e+01,-1.467660236358642578e+01,1.009312973022460938e+02,-3.013962268829345703e+00,-3.969499826431274414e+00,2.803486788462612386e-02,9.580000000000000000e+02,7.975242959153305833e-02
9.725558304786682129e+01,-1.542495346069335938e+01,9.993621826171875000e+01,-3.017282485961914062e+00,-3.971947431564331055e+00,2.171562548636095380e-02,9.610000000000000000e+02,1.925683795214745420e-01
9.750972485542297363e+01,-1.618505096435546875e+01,9.892638397216796875e+01,-3.021996974945068359e+00,-3.973390579223632812e+00,1.739161360595763151e-02,9.630000000000000000e+02,9.299284390810891310e-02
9.775807094573974609e+01,-1.693745613098144531e+01,9.792911529541015625e+01,-3.027096033096313477e+00,-3.973021745681762695e+00,1.563628190940891810e-02,9.660000000000000000e+02,1.566148056009986633e-01
9.801070785522460938e+01,-1.769197273254394531e+01,9.693112945556640625e+01,-3.032119750976562500e+00,-3.971844673156738281e+00,1.526811021141859584e-02,9.680000000000000000e+02,1.078220618284068816e-01
9.826025795936584473e+01,-1.844519805908203125e+01,9.593697357177734375e+01,-3.036006450653076172e+00,-3.969639778137207031e+00,1.562284952767135741e-02,9.710000000000000000e+02,1.367040245935036424e-01
9.851016402244567871e+01,-1.920190429687500000e+01,9.493919372558593750e+01,-3.039233922958374023e+00,-3.967568159103393555e+00,1.581056599707692314e-02,9.730000000000000000e+02,1.254072408781623238e-01
9.875514101982116699e+01,-1.995719146728515625e+01,9.394478607177734375e+01,-3.041603803634643555e+00,-3.964247226715087891e+00,1.678831527610537624e-02,9.760000000000000000e+02,1.150510254651954389e-01
9.900659203529357910e+01,-2.071339225769042969e+01,9.294960784912109375e+01,-3.043175220489501953e+00,-3.960219860076904297e+00,1.776151172225478442e-02,9.780000000000000000e+02,1.433139251589643781e-01
9.925423598289489746e+01,-2.147240638732910156e+01,9.195266723632812500e+01,-3.044676542282104492e+00,-3.955896377563476562e+00,1.976584402030752072e-02,9.810000000000000000e+02,9.196543005317885100e-02
9.950430011749267578e+01,-2.223438835144042969e+01,9.095409393310546875e+01,-3.045938730239868164e+00,-3.951045036315917969e+00,2.296293602804443806e-02,9.830000000000000000e+02,1.721789804732750118e-01
9.975912189483642578e+01,-2.300169754028320312e+01,8.995004272460937500e+01,-3.046578407287597656e+00,-3.945836067199707031e+00,2.658604333620643093e-02,9.860000000000000000e+02,5.230186952628456537e-02
1.000073878765106201e+02,-2.376163291931152344e+01,8.895726776123046875e+01,-3.047448635101318359e+00,-3.941778421401977539e+00,3.046004903453310500e-02,9.880000000000000000e+02,2.059970040816362369e-01
1.002570791244506836e+02,-2.451945304870605469e+01,8.796912384033203125e+01,-3.048504352569580078e+00,-3.939018487930297852e+00,3.457017427690054628e-02,9.910000000000000000e+02,3.726213187289982576e-02
1.005097310543060303e+02,-2.528029632568359375e+01,8.697808837890625000e+01,-3.049954652786254883e+00,-3.938118696212768555e+00,3.836592359729891488e-02,9.930000000000000000e+02,2.207015428558691539e-01
1.007535529136657715e+02,-2.603902816772460938e+01,8.599047088623046875e+01,-3.050822496414184570e+00,-3.937707424163818359e+00,4.171079672289788876e-02,9.960000000000000000e+02,2.492637672912690130e-02
1.010058648586273193e+02,-2.679999160766601562e+01,8.499995422363281250e+01,-3.050138711929321289e+00,-3.936613321304321289e+00,4.424402750228849379e-02,9.980000000000000000e+02,2.353690163393393764e-01
1.012566010951995850e+02,-2.755591964721679688e+01,8.401542663574218750e+01,-3.049072980880737305e+00,-3.936202764511108398e+00,4.577644959927375246e-02,1.001000000000000000e+03,2.105756996645166690e-02
1.015060269832611084e+02,-2.831639671325683594e+01,8.302485656738281250e+01,-3.049412250518798828e+00,-3.938025951385498047e+00,4.703354288095182995e-02,1.003000000000000000e+03,2.456980205688978625e-01
1.017593278884887695e+02,-2.908258628845214844e+01,8.202695465087890625e+01,-3.050576210021972656e+00,-3.940642118453979492e+00,4.853677320363465608e-02,1.006000000000000000e+03,2.729691609538131489e-02
1.020104088783264160e+02,-2.984156417846679688e+01,8.103739929199218750e+01,-3.051604270935058594e+00,-3.943871974945068359e+00,4.905030233115324073e-02,1.009000000000000000e+03,2.274184385521570984e-01
1.022569401264190674e+02,-3.059874153137207031e+01,8.005010986328125000e+01,-3.052574157714843750e+00,-3.947106122970581055e+00,1.045388822876961443e+00,1.011000000000000000e+03,3.760221325868061404e-02
1.025116980075836182e+02,-3.135781288146972656e+01,7.905732727050781250e+01,-3.029181480407714844e+00,-3.966559648513793945e+00,1.015646295802145049e+00,1.014000000000000000e+03,2.139696848034380872e-01
1.027563369274139404e+02,-3.209835815429687500e+01,7.804519653320312500e+01,-2.884501934051513672e+00,-4.067780971527099609e+00,8.171330949343361683e-01,1.016000000000000000e+03,4.958923232176421642e-02
1.030086178779602051e+02,-3.279402542114257812e+01,7.701709747314453125e+01,-2.736457586288452148e+00,-4.168439865112304688e+00,7.888789759275498525e-01,1.019000000000000000e+03,2.022002075227461171e-01
1.032578518390655518e+02,-3.346259307861328125e+01,7.596546173095703125e+01,-2.628027200698852539e+00,-4.238393306732177734e+00,8.292844709071840459e-01,1.021000000000000000e+03,1.158532606262404480e-01
1.035098280906677246e+02,-3.410656738281250000e+01,7.489339447021484375e+01,-2.515127182006835938e+00,-4.305273532867431641e+00,9.885795746489995928e-01,1.024000000000000000e+03,1.893233756811410484e-01
1.037602128982543945e+02,-3.472762298583984375e+01,7.378955078125000000e+01,-2.384013414382934570e+00,-4.374782562255859375e+00,1.052954174271435672e+00,1.026000000000000000e+03,1.447423704040027848e-01
1.040081479549407959e+02,-3.530475616455078125e+01,7.268173980712890625e+01,-2.230867624282836914e+00,-4.448740959167480469e+00,1.210506858372345951e+00,1.029000000000000000e+03,1.153360292556066674e-01
1.042608480453491211e+02,-3.584179687500000000e+01,7.155577087402343750e+01,-2.062259912490844727e+00,-4.523733615875244141e+00,1.268848958304225727e+00,1.031000000000000000e+03,1.500270706597141290e-01
1.045097332000732422e+02,-3.633223724365234375e+01,7.041487121582031250e+01,-1.870176076889038086e+00,-4.602055549621582031e+00,1.412940369063514501e+00,1.034000000000000000e+03,1.440843411364340076e-01
1.047573671340942383e+02,-3.677541351318359375e+01,6.924697113037109375e+01,-1.662043571472167969e+00,-4.679495811462402344e+00,1.450939518440010900e+00,1.036000000000000000e+03,2.412716200682310519e-01
1.050072650909423828e+02,-3.715930938720703125e+01,6.807285308837890625e+01,-1.432027697563171387e+00,-4.752338409423828125e+00,1.569336434379384304e+00,1.039000000000000000e+03,2.955962838797422387e-01
1.052543230056762695e+02,-3.748591995239257812e+01,6.687660980224609375e+01,-1.187833070755004883e+00,-4.818079471588134766e+00,1.577872729465014778e+00,1.041000000000000000e+03,3.796366967144464422e-01
1.055098140239715576e+02,-3.774980163574218750e+01,6.566047668457031250e+01,-9.229408502578735352e-01,-4.875806331634521484e+00,1.663117464523851785e+00,1.044000000000000000e+03,4.618446165584995100e-01
1.057556300163269043e+02,-3.794741439819335938e+01,6.442694854736328125e+01,-6.524953842163085938e-01,-4.920236110687255859e+00,1.642433082909350750e+00,1.046000000000000000e+03,5.230633663340513717e-01
1.060092499256134033e+02,-3.807672119140625000e+01,6.318042755126953125e+01,-3.676577508449554443e-01,-4.947451591491699219e+00,1.699482909755917426e+00,1.049000000000000000e+03,6.025936028077578666e-01
1.062573959827423096e+02,-3.813381195068359375e+01,6.194311523437500000e+01,-8.484526723623275757e-02,-4.961061000823974609e+00,1.655529651005447800e+00,1.051000000000000000e+03,6.366766199692494022e-01
1.065090510845184326e+02,-3.811919403076171875e+01,6.070840072631835938e+01,2.052003592252731323e-01,-4.962028026580810547e+00,1.696061350582438010e+00,1.054000000000000000e+03,7.188225337104295898e-01
1.067612411975860596e+02,-3.803260803222656250e+01,5.947075653076171875e+01,4.912536144256591797e-01,-4.949717044830322266e+00,1.636040606180351853e+00,1.056000000000000000e+03,7.076942868448027335e-01
1.070074970722198486e+02,-3.787513732910156250e+01,5.824109649658203125e+01,7.772380709648132324e-01,-4.920567512512207031e+00,1.564838256577660847e+00,1.058000000000000000e+03,7.483799000444819605e-01
1.072560529708862305e+02,-3.764740371704101562e+01,5.701945114135742188e+01,1.052391648292541504e+00,-4.875999450683593750e+00,1.594207263134280961e+00,1.061000000000000000e+03,7.421984047832843601e-01
1.075081458091735840e+02,-3.735191726684570312e+01,5.580512619018554688e+01,1.315246582031250000e+00,-4.818494319915771484e+00,1.528055422403892916e+00,1.063000000000000000e+03,7.430045520975327999e-01
1.077597608566284180e+02,-3.698902511596679688e+01,5.460245895385742188e+01,1.579584598541259766e+00,-4.743269443511962891e+00,1.549297621590789209e+00,1.066000000000000000e+03,7.473876953691613867e-01
1.080080709457397461e+02,-3.655732345581054688e+01,5.341097640991210938e+01,1.833427071571350098e+00,-4.654752254486083984e+00,1.471684497296371186e+00,1.068000000000000000e+03,7.183019037175697452e-01
1.082563040256500244e+02,-3.606690979003906250e+01,5.225504684448242188e+01,2.080771446228027344e+00,-4.551273345947265625e+00,1.488422023239273306e+00,1.071000000000000000e+03,7.259859259430924139e-01
1.085109159946441650e+02,-3.551808929443359375e+01,5.112933349609375000e+01,2.315307378768920898e+00,-4.438512325286865234e+00,1.411263370861935984e+00,1.073000000000000000e+03,6.724803721641904319e-01
1.087606170177459717e+02,-3.490917205810546875e+01,5.003056335449218750e+01,2.544284820556640625e+00,-4.312406539916992188e+00,1.327462732736673257e+00,1.075000000000000000e+03,6.901817246232485603e-01
1.090075190067291260e+02,-3.424207687377929688e+01,4.895966339111328125e+01,2.756719827651977539e+00,-4.182890415191650391e+00,3.529515691526904919e-01,1.078000000000000000e+03,6.138283924193776997e-01
1.092551128864288330e+02,-3.353298187255859375e+01,4.792955398559570312e+01,2.915380954742431641e+00,-4.078797817230224609e+00,3.424357020690606546e-01,1.080000000000000000e+03,6.224516430344088080e-01
1.095056879520416260e+02,-3.279614639282226562e+01,4.691014099121093750e+01,2.959617376327514648e+00,-4.052896499633789062e+00,5.972677016198157940e-01,1.083000000000000000e+03,5.967133460663711642e-01
1.097579839229583740e+02,-3.204125595092773438e+01,4.589096450805664062e+01,3.018862962722778320e+00,-4.010897159576416016e+00,5.447185426001726061e-01,1.085000000000000000e+03,6.535420413807834228e-01
1.100129821300506592e+02,-3.125864982604980469e+01,4.488156127929687500e+01,3.116276025772094727e+00,-3.933719396591186523e+00,4.187048910476102170e-01,1.088000000000000000e+03,6.171265157638080590e-01
1.102591629028320312e+02,-3.046084403991699219e+01,4.390041351318359375e+01,3.197184324264526367e+00,-3.866300821304321289e+00,2.891535540780704738e-01,1.091000000000000000e+03,6.312432605793205642e-01
1.105090360641479492e+02,-2.964654922485351562e+01,4.293407440185546875e+01,3.257013559341430664e+00,-3.812568902969360352e+00,1.674535698331815481e-01,1.093000000000000000e+03,5.331951820814215814e-01
1.107600800991058350e+02,-2.882300186157226562e+01,4.198288726806640625e+01,3.299402475357055664e+00,-3.770840883255004883e+00,5.391927895650511227e-02,1.096000000000000000e+03,5.055804631151513684e-01
1.110077450275421143e+02,-2.798484611511230469e+01,4.103453063964843750e+01,3.327797174453735352e+00,-3.742535829544067383e+00,-5.059160213898086095e-02,1.098000000000000000e+03,3.839751490164349246e-01
1.112552068233489990e+02,-2.715003013610839844e+01,4.010115432739257812e+01,3.341904640197753906e+00,-3.728006601333618164e+00,-1.404517378593408694e-01,1.101000000000000000e+03,3.411510085524527280e-01
1.115054600238800049e+02,-2.631283378601074219e+01,3.916954040527343750e+01,3.341203451156616211e+00,-3.723100662231445312e+00,-2.151540127344011288e-01,1.103000000000000000e+03,2.090704007713644619e-01
1.117577331066131592e+02,-2.547571182250976562e+01,3.823659896850585938e+01,3.328963041305541992e+00,-3.728983640670776367e+00,-2.733912346875631005e-01,1.106000000000000000e+03,1.998183046559593445e-01
1.120074307918548584e+02,-2.463088226318359375e+01,3.728858566284179688e+01,3.309859991073608398e+00,-3.746186256408691406e+00,-3.167665742693892006e-01,1.108000000000000000e+03,1.020319795945396624e-01
1.122567501068115234e+02,-2.380315208435058594e+01,3.634803390502929688e+01,3.283262491226196289e+00,-3.770424127578735352e+00,-3.429453232182170241e-01,1.111000000000000000e+03,1.557645612451404871e-01
1.125068531036376953e+02,-2.298246765136718750e+01,3.540014648437500000e+01,3.251268863677978516e+00,-3.799557447433471680e+00,-3.540485528109931224e-01,1.113000000000000000e+03,1.766952891193207809e-01
1.127572588920593262e+02,-2.217228698730468750e+01,3.444686126708984375e+01,3.216383934020996094e+00,-3.830394983291625977e+00,-3.527958637637235717e-01,1.116000000000000000e+03,2.315131097826113316e-01
1.130111789703369141e+02,-2.136722183227539062e+01,3.348197174072265625e+01,3.179957389831542969e+00,-3.861155986785888672e+00,-3.416907674105675863e-01,1.118000000000000000e+03,2.735172912416006241e-01
1.132555289268493652e+02,-2.057411766052246094e+01,3.251252365112304688e+01,3.142893552780151367e+00,-3.888739585876464844e+00,-3.224040188721028488e-01,1.121000000000000000e+03,2.952935911264685243e-01
1.135103039741516113e+02,-1.978922271728515625e+01,3.153472328186035156e+01,3.105845212936401367e+00,-3.913979291915893555e+00,-2.954769792505588799e-01,1.123000000000000000e+03,3.329559567117011398e-01
1.137589838504791260e+02,-1.901007461547851562e+01,3.054677009582519531e+01,3.070621252059936523e+00,-3.936664342880249023e+00,-2.631816893359001375e-01,1.126000000000000000e+03,3.216637784472675121e-01
1.140063760280609131e+02,-1.823546028137207031e+01,2.954892539978027344e+01,3.037885904312133789e+00,-3.956826448440551758e+00,-2.269276349844663865e-01,1.128000000000000000e+03,3.621262614499321519e-01
1.142586140632629395e+02,-1.746332168579101562e+01,2.853956222534179688e+01,3.007175207138061523e+00,-3.973266601562500000e+00,-1.875249528412325783e-01,1.131000000000000000e+03,3.092759373857184024e-01
1.145093920230865479e+02,-1.670719909667968750e+01,2.753674697875976562e+01,2.979083538055419922e+00,-3.985037326812744141e+00,-1.462811067741430215e-01,1.133000000000000000e+03,3.658601606221192348e-01
1.147571141719818115e+02,-1.596003437042236328e+01,2.653540229797363281e+01,2.955667257308959961e+00,-3.993624448776245117e+00,-1.059604221481206532e-01,1.136000000000000000e+03,2.717765682942723804e-01
1.150086569786071777e+02,-1.521541023254394531e+01,2.552985572814941406e+01,2.937901496887207031e+00,-4.000425815582275391e+00,-6.779224083977584969e-02,1.138000000000000000e+03,3.378726563260779914e-01
1.152606551647186279e+02,-1.447290229797363281e+01,2.451935577392578125e+01,2.925290822982788086e+00,-4.005855083465576172e+00,-3.101880904060533295e-02,1.141000000000000000e+03,2.149415721749565744e-01
1.155057730674743652e+02,-1.374073028564453125e+01,2.351807022094726562e+01,2.917982578277587891e+00,-4.009131431579589844e+00,2.143884592541826783e-03,1.143000000000000000e+03,2.993910009802893679e-01
1.157578549385070801e+02,-1.300728034973144531e+01,2.251313972473144531e+01,2.915444612503051758e+00,-4.011182785034179688e+00,3.167240990271437406e-02,1.146000000000000000e+03,1.483159666421912937e-01
1.160082569122314453e+02,-1.226894950866699219e+01,2.150097656250000000e+01,2.917044639587402344e+00,-4.012185573577880859e+00,5.770012147952532922e-02,1.148000000000000000e+03,2.702926958142227165e-01
1.162577600479125977e+02,-1.152525901794433594e+01,2.048295974731445312e+01,2.922616481781005859e+00,-4.008738040924072266e+00,7.739353084103779701e-02,1.151000000000000000e+03,8.023244907479987198e-02
1.165105700492858887e+02,-1.078745460510253906e+01,1.947801208496093750e+01,2.930994749069213867e+00,-4.002017974853515625e+00,9.030974438152536421e-02,1.154000000000000000e+03,2.389372599544810627e-01
1.167620711326599121e+02,-1.004786014556884766e+01,1.847606849670410156e+01,2.941244363784790039e+00,-3.994901418685913086e+00,9.898834913366653943e-02,1.156000000000000000e+03,2.638444103041133471e-02
1.170103218555450439e+02,-9.307864189147949219e+00,1.747861480712890625e+01,2.953150987625122070e+00,-3.988999605178833008e+00,1.047400578995146131e-01,1.159000000000000000e+03,2.355124245864852195e-01
1.172615890502929688e+02,-8.559831619262695312e+00,1.647584533691406250e+01,2.966912031173706055e+00,-3.984626770019531250e+00,1.075850561242371328e-01,1.161000000000000000e+03,3.158701358722525165e-02
1.175091950893402100e+02,-7.818067073822021484e+00,1.548681449890136719e+01,2.979967832565307617e+00,-3.979154586791992188e+00,1.076774068389826089e-01,1.164000000000000000e+03,2.405341509009167877e-01
1.177580640316009521e+02,-7.071467876434326172e+00,1.449844264984130859e+01,2.992749452590942383e+00,-3.973059415817260742e+00,1.043472765151405163e-01,1.166000000000000000e+03,5.614521013394406512e-02
1.180084648132324219e+02,-6.318102359771728516e+00,1.350736999511718750e+01,3.006565570831298828e+00,-3.970066308975219727e+00,9.927298784717250579e-02,1.169000000000000000e+03,2.504263193518225794e-01
1.182592480182647705e+02,-5.550886154174804688e+00,1.250316524505615234e+01,3.019267082214355469e+00,-3.967727661132812500e+00,9.322542466834346508e-02,1.171000000000000000e+03,7.732726313004081864e-02
1.185092358589172363e+02,-4.790440082550048828e+00,1.151203155517578125e+01,3.029365301132202148e+00,-3.963424205780029297e+00,8.596607763599854735e-02,1.174000000000000000e+03,2.302385396801716611e-01
1.187609989643096924e+02,-4.026481151580810547e+00,1.052163982391357422e+01,3.038137912750244141e+00,-3.958187580108642578e+00,7.666044969347617088e-02,1.176000000000000000e+03,8.688689549537917389e-02
1.190108830928802490e+02,-3.261628150939941406e+00,9.535478591918945312e+00,3.045583486557006836e+00,-3.953768730163574219e+00,6.634681706123368716e-02,1.179000000000000000e+03,2.199823243094230218e-01
1.192618968486785889e+02,-2.492541790008544922e+00,8.546381950378417969e+00,3.051451444625854492e+00,-3.950769186019897461e+00,5.694340526867811697e-02,1.181000000000000000e+03,8.816982221701838429e-02
1.195108988285064697e+02,-1.725202679634094238e+00,7.561319828033447266e+00,3.054385185241699219e+00,-3.947193861007690430e+00,4.864280977975914133e-02,1.184000000000000000e+03,2.046022730619553864e-01
1.197566111087799072e+02,-9.571924805641174316e-01,6.576926708221435547e+00,3.054635286331176758e+00,-3.943159818649291992e+00,4.143806956100799799e-02,1.186000000000000000e+03,8.564235743313215743e-02
1.200064928531646729e+02,-1.845425963401794434e-01,5.589713096618652344e+00,3.054222822189331055e+00,-3.939744234085083008e+00,3.363245183102065577e-02,1.189000000000000000e+03,1.872923193752742965e-01
1.202573869228363037e+02,5.901026129722595215e-01,4.599921703338623047e+00,3.052779674530029297e+00,-3.937750101089477539e+00,2.751987797045555087e-02,1.191000000000000000e+03,9.390068384646133026e-02
1.205119700431823730e+02,1.368695735931396484e+00,3.604481458663940430e+00,3.049272775650024414e+00,-3.936207532882690430e+00,2.357246020092881172e-02,1.194000000000000000e+03,1.521105314842262912e-01
1.207597818374633789e+02,2.137560606002807617e+00,2.619650363922119141e+00,3.045036554336547852e+00,-3.935373067855834961e+00,2.158054460772950919e-02,1.196000000000000000e+03,1.115559009007032337e-01
1.210079920291900635e+02,2.903953552246093750e+00,1.637905001640319824e+00,3.041622638702392578e+00,-3.935699701309204102e+00,1.971340526429165088e-02,1.199000000000000000e+03,1.430550819255561323e-01
1.212587089538574219e+02,3.671984195709228516e+00,6.522201895713806152e-01,3.039178133010864258e+00,-3.937915563583374023e+00,1.910531651723006152e-02,1.201000000000000000e+03,1.154457611334759048e-01
1.215089762210845947e+02,4.441730976104736328e+00,-3.372237086296081543e-01,3.036922693252563477e+00,-3.940564155578613281e+00,1.934076748850736133e-02,1.204000000000000000e+03,1.269682471155969550e-01
1.217581801414489746e+02,5.202998638153076172e+00,-1.317460894584655762e+00,3.033697843551635742e+00,-3.942207574844360352e+00,2.056071089177622171e-02,1.206000000000000000e+03,1.207194764249410607e-01
1.220085589885711670e+02,5.963683605194091797e+00,-2.298085927963256836e+00,3.030468940734863281e+00,-3.943007230758666992e+00,2.180758280883667369e-02,1.209000000000000000e+03,1.324809489112438732e-01
1.222593870162963867e+02,6.728796005249023438e+00,-3.285088539123535156e+00,3.029419422149658203e+00,-3.945753574371337891e+00,2.283183870250629979e-02,1.211000000000000000e+03,1.218794506085379703e-01
1.225079429149627686e+02,7.498707771301269531e+00,-4.280104637145996094e+00,3.028962373733520508e+00,-3.949654817581176758e+00,2.494737786875021041e-02,1.214000000000000000e+03,1.137161810092180703e-01
1.227599029541015625e+02,8.261475563049316406e+00,-5.266988754272460938e+00,3.028773784637451172e+00,-3.953457593917846680e+00,2.731697968243429128e-02,1.216000000000000000e+03,1.388471338973680247e-01
1.230103380680084229e+02,9.025465011596679688e+00,-6.255342483520507812e+00,3.029285669326782227e+00,-3.956856727600097656e+00,2.883272747790239718e-02,1.219000000000000000e+03,1.055311151631808386e-01
1.232605781555175781e+02,9.787122726440429688e+00,-7.241335391998291016e+00,3.029240131378173828e+00,-3.959599018096923828e+00,3.069806139702431838e-02,1.221000000000000000e+03,1.456326802101203521e-01
1.235081789493560791e+02,1.055400943756103516e+01,-8.234757423400878906e+00,3.028877973556518555e+00,-3.961808681488037109e+00,3.280164358809001951e-02,1.224000000000000000e+03,9.306914092325815901e-02
1.237613160610198975e+02,1.131307220458984375e+01,-9.219459533691406250e+00,3.027173280715942383e+00,-3.962805271148681641e+00,3.588992896369406355e-02,1.226000000000000000e+03,1.557154244553977107e-01
1.240093150138854980e+02,1.207506942749023438e+01,-1.020924186706542969e+01,3.025396585464477539e+00,-3.963099956512451172e+00,3.921305377230721589e-02,1.229000000000000000e+03,8.944163361050215533e-02
1.242583370208740234e+02,1.283922100067138672e+01,-1.120235061645507812e+01,3.024107694625854492e+00,-3.962439537048339844e+00,4.181976603989730895e-02,1.231000000000000000e+03,1.699206401419854073e-01
1.245114550590515137e+02,1.361270618438720703e+01,-1.220807266235351562e+01,3.022454023361206055e+00,-3.960473299026489258e+00,4.416537046872835021e-02,1.234000000000000000e+03,5.797434361828747440e-02
1.247591240406036377e+02,1.437493801116943359e+01,-1.319984436035156250e+01,3.020448684692382812e+00,-3.957335472106933594e+00,4.635696378726496952e-02,1.236000000000000000e+03,2.016499692447098757e-01
1.250102629661560059e+02,1.513793468475341797e+01,-1.419093132019042969e+01,3.020078420639038086e+00,-3.954737186431884766e+00,4.679380351457973486e-02,1.239000000000000000e+03,4.804931002079262242e-02
1.252592399120330811e+02,1.589792728424072266e+01,-1.517755031585693359e+01,3.020439147949218750e+00,-3.952364444732666016e+00,4.651647703762555597e-02,1.241000000000000000e+03,2.099052756997579483e-01
1.255140988826751709e+02,1.666006660461425781e+01,-1.616654014587402344e+01,3.021557331085205078e+00,-3.951027393341064453e+00,4.608490417720943755e-02,1.244000000000000000e+03,4.527861302844177899e-02
1.257604119777679443e+02,1.742056274414062500e+01,-1.715180778503417969e+01,3.022975921630859375e+00,-3.950070858001708984e+00,4.489536428053872430e-02,1.246000000000000000e+03,2.150450994139609662e-01
1.260097091197967529e+02,1.818233108520507812e+01,-1.813790702819824219e+01,3.023855447769165039e+00,-3.949132919311523438e+00,1.033331039984928479e+00,1.249000000000000000e+03,4.394481314705159930e-02
1.262586948871612549e+02,1.894804954528808594e+01,-1.912753105163574219e+01,3.047156810760498047e+00,-3.930243253707885742e+00,1.002425837295053856e+00,1.251000000000000000e+03,2.239063888118208445e-01
1.265082848072052002e+02,1.973622131347656250e+01,-2.010377693176269531e+01,3.180419445037841797e+00,-3.815562248229980469e+00,9.091347960625553171e-01,1.254000000000000000e+03,3.148349606715016014e-02
1.267580389976501465e+02,2.056240844726562500e+01,-2.105201721191406250e+01,3.318450927734375000e+00,-3.691344261169433594e+00,9.109578297361045074e-01,1.256000000000000000e+03,2.026411681707818435e-01
1.270104482173919678e+02,2.140823745727539062e+01,-2.196237182617187500e+01,3.428612947463989258e+00,-3.588067531585693359e+00,1.068716384109464013e+00,1.259000000000000000e+03,9.160819023403628247e-02
1.272580380439758301e+02,2.227766609191894531e+01,-2.284336280822753906e+01,3.543143987655639648e+00,-3.475488662719726562e+00,1.133657504359099732e+00,1.261000000000000000e+03,1.232023480416494371e-01
1.275082209110260010e+02,2.318023681640625000e+01,-2.369582557678222656e+01,3.673836708068847656e+00,-3.338868856430053711e+00,1.285963299655170422e+00,1.264000000000000000e+03,1.891973840584706967e-01
1.277593400478363037e+02,2.411931800842285156e+01,-2.451467323303222656e+01,3.808923959732055664e+00,-3.187858104705810547e+00,1.334016802364308196e+00,1.266000000000000000e+03,1.316405664381743446e-01
1.280082149505615234e+02,2.508346939086914062e+01,-2.528571128845214844e+01,3.948071956634521484e+00,-3.016694068908691406e+00,1.368494909915081603e+00,1.268000000000000000e+03,3.077315531842476637e-01
1.282576608657836914e+02,2.608641815185546875e+01,-2.601543998718261719e+01,4.084477901458740234e+00,-2.833010196685791016e+00,1.493051615716185943e+00,1.271000000000000000e+03,2.651120892460447909e-01
1.285114650726318359e+02,2.713003158569335938e+01,-2.670283126831054688e+01,4.215665817260742188e+00,-2.636361122131347656e+00,1.512212199491106412e+00,1.273000000000000000e+03,4.018614609993506614e-01
1.287607460021972656e+02,2.821351623535156250e+01,-2.734217262268066406e+01,4.344927310943603516e+00,-2.414911985397338867e+00,1.610595516358122037e+00,1.276000000000000000e+03,4.168549526115866710e-01
1.290127570629119873e+02,2.931788444519042969e+01,-2.791960334777832031e+01,4.464078426361083984e+00,-2.183876514434814453e+00,1.602544251462944436e+00,1.278000000000000000e+03,5.232539191190391792e-01
1.292607479095458984e+02,3.045110702514648438e+01,-2.843717193603515625e+01,4.576837539672851562e+00,-1.933957338333129883e+00,1.675655285902894587e+00,1.281000000000000000e+03,5.604942523375051611e-01
1.295088582038879395e+02,3.160737800598144531e+01,-2.888941001892089844e+01,4.677106380462646484e+00,-1.676862120628356934e+00,6.536414483303494283e-01,1.283000000000000000e+03,6.269612529024656267e-01
1.297617750167846680e+02,3.279519653320312500e+01,-2.928056716918945312e+01,4.756940841674804688e+00,-1.448428511619567871e+00,7.471924924808801549e-01,1.286000000000000000e+03,6.771570489822004157e-01
1.300082750320434570e+02,3.398546981811523438e+01,-2.963113784790039062e+01,4.790203094482421875e+00,-1.362891674041748047e+00,8.050656251124895801e-01,1.288000000000000000e+03,7.326244023985191145e-01
1.302568781375885010e+02,3.518961715698242188e+01,-2.995923995971679688e+01,4.824042320251464844e+00,-1.248639345169067383e+00,7.224443073690536288e-01,1.291000000000000000e+03,7.896309912145123011e-01
1.305115981101989746e+02,3.640755081176757812e+01,-3.025413131713867188e+01,4.860411643981933594e+00,-1.108189225196838379e+00,5.868560363564188087e-01,1.293000000000000000e+03,7.939466419427775312e-01
1.307618517875671387e+02,3.765008926391601562e+01,-3.051940345764160156e+01,4.888184547424316406e+00,-9.885779619216918945e-01,4.474315859819827379e-01,1.296000000000000000e+03,7.730296163484442484e-01
1.310115468502044678e+02,3.888422012329101562e+01,-3.075380134582519531e+01,4.908215522766113281e+00,-8.922579288482666016e-01,3.108869682431087966e-01,1.298000000000000000e+03,7.291667088916652384e-01
1.312629280090332031e+02,4.012243652343750000e+01,-3.096598625183105469e+01,4.923279762268066406e+00,-8.156898021697998047e-01,1.773270880278742800e-01,1.301000000000000000e+03,6.473234866154912170e-01
1.315125999450683594e+02,4.135887145996093750e+01,-3.116063880920410156e+01,4.932415962219238281e+00,-7.610031366348266602e-01,5.326172266137831762e-02,1.303000000000000000e+03,5.757646223513884776e-01
1.317606830596923828e+02,4.260086822509765625e+01,-3.134501647949218750e+01,4.937846660614013672e+00,-7.279460430145263672e-01,-5.781508691870381605e-02,1.306000000000000000e+03,4.565306591960988647e-01
1.320118899345397949e+02,4.383838653564453125e+01,-3.152294731140136719e+01,4.939172267913818359e+00,-7.157578468322753906e-01,-1.519877124494230514e-01,1.308000000000000000e+03,3.877670313750153364e-01
1.322605690956115723e+02,4.507130432128906250e+01,-3.169949531555175781e+01,4.935387134552001953e+00,-7.206815481185913086e-01,-2.288333980925230937e-01,1.311000000000000000e+03,2.483383935199046655e-01
1.325111610889434814e+02,4.630776977539062500e+01,-3.187948417663574219e+01,4.933552742004394531e+00,-7.410405874252319336e-01,-2.890383008281389721e-01,1.313000000000000000e+03,2.242935066477845241e-01
1.327581748962402344e+02,4.754846191406250000e+01,-3.206646728515625000e+01,4.932043075561523438e+00,-7.732535600662231445e-01,-3.333116739881065160e-01,1.316000000000000000e+03,6.972949964903822628e-02
1.330096309185028076e+02,4.879812240600585938e+01,-3.226465988159179688e+01,4.928180694580078125e+00,-8.154071569442749023e-01,-3.605734554571409789e-01,1.318000000000000000e+03,2.152446430380488274e-01
1.332636978626251221e+02,5.003445053100585938e+01,-3.247269821166992188e+01,4.921803951263427734e+00,-8.634546995162963867e-01,-3.717794254836094270e-01,1.321000000000000000e+03,1.336148728156693333e-01
1.335142869949340820e+02,5.126499938964843750e+01,-3.269241714477539062e+01,4.912970542907714844e+00,-9.140299558639526367e-01,-3.700938671481771580e-01,1.323000000000000000e+03,2.961533632985368092e-01
1.337592949867248535e+02,5.249797439575195312e+01,-3.292595291137695312e+01,4.902325630187988281e+00,-9.657225012779235840e-01,-3.568383021634359276e-01,1.326000000000000000e+03,2.452875574923338853e-01
1.340129721164703369e+02,5.373408126831054688e+01,-3.317393875122070312e+01,4.890232563018798828e+00,-1.017238378524780273e+00,-3.330010357071098159e-01,1.329000000000000000e+03,3.729988442055819919e-01
1.342575528621673584e+02,5.495574188232421875e+01,-3.343198394775390625e+01,4.875762939453125000e+00,-1.063981294631958008e+00,-3.030068959555931585e-01,1.331000000000000000e+03,3.073561297371241174e-01
1.345102179050445557e+02,5.617960357666015625e+01,-3.370266342163085938e+01,4.861262321472167969e+00,-1.107387661933898926e+00,-2.670808442275748873e-01,1.334000000000000000e+03,3.917828802539212174e-01
1.347566850185394287e+02,5.740863418579101562e+01,-3.398579788208007812e+01,4.846896648406982422e+00,-1.147053360939025879e+00,-2.263330769570558176e-01,1.336000000000000000e+03,3.243549677744081983e-01
1.350101981163024902e+02,5.864363098144531250e+01,-3.428107833862304688e+01,4.833074092864990234e+00,-1.181417584419250488e+00,-1.827675759946986167e-01,1.339000000000000000e+03,3.608891139922388303e-01
1.352645380496978760e+02,5.986180496215820312e+01,-3.458099746704101562e+01,4.819871902465820312e+00,-1.208856225013732910e+00,-1.396540740183341012e-01,1.341000000000000000e+03,3.069246204318579196e-01
1.355091938972473145e+02,6.107638168334960938e+01,-3.488714599609375000e+01,4.808469772338867188e+00,-1.230662584304809570e+00,-9.718584176827985144e-02,1.344000000000000000e+03,3.143044387703530784e-01
1.357615859508514404e+02,6.228430175781250000e+01,-3.519726562500000000e+01,4.799667835235595703e+00,-1.247046470642089844e+00,-5.653420915593140861e-02,1.346000000000000000e+03,2.610634696598978510e-01
1.360135648250579834e+02,6.349850845336914062e+01,-3.551372528076171875e+01,4.794977664947509766e+00,-1.258352279663085938e+00,-1.821669843822206272e-02,1.349000000000000000e+03,2.517951377281053005e-01
1.362586429119110107e+02,6.470082855224609375e+01,-3.582961654663085938e+01,4.793013095855712891e+00,-1.264012694358825684e+00,1.558887903983964540e-02,1.351000000000000000e+03,2.038117901758537132e-01
1.365122082233428955e+02,6.590543365478515625e+01,-3.614669799804687500e+01,4.790935039520263672e+00,-1.263942003250122070e+00,4.437218994005408951e-02,1.354000000000000000e+03,1.932534748684490433e-01
1.367583820819854736e+02,6.711267089843750000e+01,-3.646339416503906250e+01,4.791065216064453125e+00,-1.258575201034545898e+00,6.672393259862149928e-02,1.356000000000000000e+03,1.535533907723438396e-01
1.370095200538635254e+02,6.833581542968750000e+01,-3.678240203857421875e+01,4.793546199798583984e+00,-1.249395847320556641e+00,8.377680344913235322e-02,1.359000000000000000e+03,1.286426161048530026e-01
1.372634859085083008e+02,6.954150390625000000e+01,-3.709431076049804688e+01,4.796653270721435547e+00,-1.237514138221740723e+00,9.577066566758253574e-02,1.361000000000000000e+03,1.446523359331834957e-01
1.375100889205932617e+02,7.074645233154296875e+01,-3.740230178833007812e+01,4.801462650299072266e+00,-1.223895549774169922e+00,1.028773123258071437e-01,1.364000000000000000e+03,1.069005837915757984e-01
1.377606778144836426e+02,7.194849395751953125e+01,-3.770582199096679688e+01,4.808406829833984375e+00,-1.209475517272949219e+00,1.058868363956213393e-01,1.366000000000000000e+03,1.401895057956680513e-01
1.380141339302062988e+02,7.315749359130859375e+01,-3.800609207153320312e+01,4.817684650421142578e+00,-1.195410609245300293e+00,1.050970854300384838e-01,1.369000000000000000e+03,1.124084246192033343e-01
1.382601029872894287e+02,7.436191558837890625e+01,-3.830098724365234375e+01,4.825022697448730469e+00,-1.181345820426940918e+00,1.015165544169484707e-01,1.371000000000000000e+03,1.496142396030127053e-01
1.385108320713043213e+02,7.556511688232421875e+01,-3.859168624877929688e+01,4.830678939819335938e+00,-1.167577981948852539e+00,9.566041370151044665e-02,1.374000000000000000e+03,1.296548621518457678e-01
1.387594559192657471e+02,7.677420806884765625e+01,-3.887960433959960938e+01,4.838126182556152344e+00,-1.155562400817871094e+00,8.801532661946688540e-02,1.376000000000000000e+03,1.538221030028106284e-01
1.390084338188171387e+02,7.798987579345703125e+01,-3.916534042358398438e+01,4.847454071044921875e+00,-1.145735740661621094e+00,7.931961918954912039e-02,1.379000000000000000e+03,1.295229898413846337e-01
1.392627110481262207e+02,7.921688842773437500e+01,-3.945134735107421875e+01,4.855932235717773438e+00,-1.137157082557678223e+00,7.025032558548764683e-02,1.381000000000000000e+03,1.778582954644167546e-01
1.395141451358795166e+02,8.043518829345703125e+01,-3.973297882080078125e+01,4.862852573394775391e+00,-1.129791736602783203e+00,6.092160706423184469e-02,1.384000000000000000e+03,1.098735553851509505e-01
1.397614431381225586e+02,8.165167236328125000e+01,-4.001181030273437500e+01,4.866600990295410156e+00,-1.123798131942749023e+00,5.181196970926606887e-02,1.386000000000000000e+03,1.890431405605038917e-01
1.400106501579284668e+02,8.287374877929687500e+01,-4.029071807861328125e+01,4.868578910827636719e+00,-1.119055032730102539e+00,4.337894912155324662e-02,1.389000000000000000e+03,9.253746408695399939e-02
1.402635650634765625e+02,8.410005187988281250e+01,-4.056922149658203125e+01,4.868685722351074219e+00,-1.114872694015502930e+00,3.484911946327825388e-02,1.391000000000000000e+03,2.106368102194613456e-01
1.405115818977355957e+02,8.531401062011718750e+01,-4.084329223632812500e+01,4.866268634796142578e+00,-1.111175894737243652e+00,2.615533243444992384e-02,1.394000000000000000e+03,7.126164777969416775e-02
1.407623229026794434e+02,8.653244018554687500e+01,-4.111757659912109375e+01,4.863678455352783203e+00,-1.108983635902404785e+00,1.835240923072326696e-02,1.396000000000000000e+03,2.153527949006763809e-01
1.410098869800567627e+02,8.776012420654296875e+01,-4.139331054687500000e+01,4.861723899841308594e+00,-1.108366489410400391e+00,1.142747413586420006e-02,1.399000000000000000e+03,4.451545035289206087e-02
1.412651259899139404e+02,8.899491119384765625e+01,-4.167032241821289062e+01,4.857891559600830078e+00,-1.108669757843017578e+00,5.542475284552256590e-03,1.402000000000000000e+03,2.492735422231493747e-01
1.415113999843597412e+02,9.021527862548828125e+01,-4.194523620605468750e+01,4.852870464324951172e+00,-1.110564112663269043e+00,2.423138508594201938e-03,1.404000000000000000e+03,2.365466105795554705e-02
1.417634208202362061e+02,9.143447113037109375e+01,-4.222112274169921875e+01,4.849237442016601562e+00,-1.114073753356933594e+00,1.517138791718059725e-03,1.407000000000000000e+03,2.315212014654552952e-01
1.420121841430664062e+02,9.264932250976562500e+01,-4.249633026123046875e+01,4.847404003143310547e+00,-1.117792010307312012e+00,6.627911777750632562e-04,1.409000000000000000e+03,2.253543892757426531e-02
1.422617669105529785e+02,9.387200927734375000e+01,-4.277453613281250000e+01,4.846539974212646484e+00,-1.122258543968200684e+00,1.211363253445833571e-03,1.412000000000000000e+03,2.159537989672691560e-01
1.425123410224914551e+02,9.507942962646484375e+01,-4.305071258544921875e+01,4.843927860260009766e+00,-1.126662373542785645e+00,3.232203811947953215e-03,1.414000000000000000e+03,2.889884767524738760e-02
1.427595040798187256e+02,9.628819274902343750e+01,-4.332774734497070312e+01,4.841750144958496094e+00,-1.130676507949829102e+00,5.188969580795370871e-03,1.417000000000000000e+03,2.216886695265412044e-01
1.430104188919067383e+02,9.750146484375000000e+01,-4.360684967041015625e+01,4.843503475189208984e+00,-1.135384321212768555e+00,7.701162747556165519e-03,1.419000000000000000e+03,3.003639055430304405e-02
1.432614519596099854e+02,9.873225402832031250e+01,-4.389177322387695312e+01,4.846461296081542969e+00,-1.140577197074890137e+00,1.173787820703772571e-02,1.422000000000000000e+03,1.978909935651580743e-01
1.435134329795837402e+02,9.994810485839843750e+01,-4.417438507080078125e+01,4.848256587982177734e+00,-1.144797921180725098e+00,1.596065665395286076e-02,1.424000000000000000e+03,5.693836108621754682e-02
1.437628998756408691e+02,1.011652297973632812e+02,-4.445816421508789062e+01,4.849498748779296875e+00,-1.148157358169555664e+00,2.012886886146350932e-02,1.427000000000000000e+03,1.842416484508511421e-01
1.440141749382019043e+02,1.023798675537109375e+02,-4.474141693115234375e+01,4.850426673889160156e+00,-1.150391697883605957e+00,2.331115886463473730e-02,1.429000000000000000e+03,6.928637615323657295e-02
1.442651739120483398e+02,1.035990371704101562e+02,-4.502664184570312500e+01,4.851241111755371094e+00,-1.152298808097839355e+00,2.689720362899118700e-02,1.432000000000000000e+03,1.693233202442637753e-01
1.445088570117950439e+02,1.048143386840820312e+02,-4.531155014038085938e+01,4.850378990173339844e+00,-1.153339385986328125e+00,3.045639513760809228e-02,1.434000000000000000e+03,8.521307882624162833e-02
1.447611720561981201e+02,1.060292053222656250e+02,-4.559727478027343750e+01,4.847688674926757812e+00,-1.153528928756713867e+00,3.428956289369607807e-02,1.437000000000000000e+03,1.576662543524409155e-01
1.450096449851989746e+02,1.072488784790039062e+02,-4.588366317749023438e+01,4.846088886260986328e+00,-1.152461528778076172e+00,3.630986450634270113e-02,1.439000000000000000e+03,1.021241553686036974e-01
1.452602601051330566e+02,1.084718475341796875e+02,-4.617081451416015625e+01,4.844506263732910156e+00,-1.150966525077819824e+00,3.790661026269441514e-02,1.442000000000000000e+03,1.336254219810639188e-01
1.455102219581604004e+02,1.097018127441406250e+02,-4.645936203002929688e+01,4.841576099395751953e+00,-1.148781061172485352e+00,3.895858528037730861e-02,1.444000000000000000e+03,1.378136177293992626e-01
1.457662079334259033e+02,1.109184570312500000e+02,-4.674424743652343750e+01,4.839069366455078125e+00,-1.146486163139343262e+00,3.937408464657830148e-02,1.447000000000000000e+03,1.063261578460973217e-01
1.460108239650726318e+02,1.121309432983398438e+02,-4.702751159667968750e+01,4.838172912597656250e+00,-1.144172906875610352e+00,3.891597254999539651e-02,1.449000000000000000e+03,1.486236559852087691e-01
1.462604069709777832e+02,1.133467025756835938e+02,-4.731124877929687500e+01,4.838637828826904297e+00,-1.142458081245422363e+00,3.852254626091475287e-02,1.452000000000000000e+03,9.824752616826719354e-02
1.465129480361938477e+02,1.145664367675781250e+02,-4.759503173828125000e+01,4.839976787567138672e+00,-1.140607595443725586e+00,3.714286085207664512e-02,1.454000000000000000e+03,1.651528744420199535e-01
1.467578728199005127e+02,1.157788162231445312e+02,-4.787650680541992188e+01,4.841784477233886719e+00,-1.139061927795410156e+00,3.550248877947353304e-02,1.457000000000000000e+03,8.654273733853948269e-02
1.470138571262359619e+02,1.169947128295898438e+02,-4.815879821777343750e+01,4.841194152832031250e+00,-1.137598156929016113e+00,3.447510678721808774e-02,1.459000000000000000e+03,1.735889626339155722e-01
1.472587950229644775e+02,1.182171707153320312e+02,-4.844232940673828125e+01,4.839864730834960938e+00,-1.136162877082824707e+00,3.342730622843088917e-02,1.462000000000000000e+03,6.902081779122620775e-02
1.475157189369201660e+02,1.194434204101562500e+02,-4.872699356079101562e+01,4.837022304534912109e+00,-1.134813904762268066e+00,3.299051824322518645e-02,1.464000000000000000e+03,2.026949733115231411e-01
1.477617850303649902e+02,1.206538925170898438e+02,-4.900734710693359375e+01,4.835299968719482422e+00,-1.133705496788024902e+00,3.204863172818727540e-02,1.467000000000000000e+03,5.367419849387028430e-02
1.480122408866882324e+02,1.218640441894531250e+02,-4.928715515136718750e+01,4.837851524353027344e+00,-1.133608937263488770e+00,-9.568052746544325471e-01,1.469000000000000000e+03,2.027149803513814408e-01
1.482618958950042725e+02,1.230708389282226562e+02,-4.956810379028320312e+01,4.835107803344726562e+00,-1.162839531898498535e+00,-9.284702865626723867e-01,1.472000000000000000e+03,5.673126247514474058e-02
1.485122659206390381e+02,1.242804718017578125e+02,-4.987608718872070312e+01,4.792914390563964844e+00,-1.332144379615783691e+00,-7.338544867861543919e-01,1.474000000000000000e+03,2.104776412496180416e-01
