t_s,x_east,y_north,v_east,v_north,a_cmd,path_idx,cte_m
2.519791126251220703e-01,-6.701622623950242996e-04,3.281583078205585480e-03,2.067359164357185364e-03,-5.795763339847326279e-03,-8.799610989251653581e-02,0.000000000000000000e+00,5.583230470712981404e-04
4.992771148681640625e-01,-2.035098732449114323e-04,3.837412688881158829e-03,2.943681739270687103e-02,2.209614962339401245e-03,-8.818029540719023174e-02,0.000000000000000000e+00,5.367730289300364725e-04
7.486820220947265625e-01,3.157759085297584534e-02,6.156818475574254990e-03,2.942776978015899658e-01,5.276515614241361618e-03,-8.598596881202112685e-02,0.000000000000000000e+00,3.240113155394267613e-02
9.972579479217529297e-01,1.721195280551910400e-01,6.137668155133724213e-03,9.142313599586486816e-01,-1.024455297738313675e-02,-5.599073544901645057e-03,0.000000000000000000e+00,1.728751372875317605e-01
1.245203018188476562e+00,4.841065406799316406e-01,2.873477060347795486e-03,1.673425078392028809e+00,-2.385377511382102966e-02,-1.118632910067311574e-02,1.000000000000000000e+00,7.926870841508712462e-02
1.497669219970703125e+00,9.762772321701049805e-01,-2.133398782461881638e-03,2.380952835083007812e+00,-3.001989610493183136e-02,-2.164336001908415824e-02,2.000000000000000000e+00,8.505223413843705782e-02
1.750522136688232422e+00,1.637203335762023926e+00,-9.259727783501148224e-03,3.029353857040405273e+00,-4.132510349154472351e-02,-2.594587156430852581e-02,3.000000000000000000e+00,8.086930577353335092e-02
1.997186183929443359e+00,2.461821317672729492e+00,-2.148546464741230011e-02,3.646167516708374023e+00,-6.697759777307510376e-02,-1.865536045538628354e-02,5.000000000000000000e+00,9.436775211516794382e-02
2.250260114669799805e+00,3.426406621932983398e+00,-4.137957096099853516e-02,4.207898616790771484e+00,-1.028552427887916565e-01,-1.865748401265928443e-03,7.000000000000000000e+00,1.241442512647453339e-01
2.498589992523193359e+00,4.506686210632324219e+00,-6.983027607202529907e-02,4.565904617309570312e+00,-1.235414668917655945e-01,9.466027776220938342e-03,9.000000000000000000e+00,4.179134836440020345e-02
2.751396179199218750e+00,5.654603481292724609e+00,-9.968388080596923828e-02,4.718793869018554688e+00,-1.114555224776268005e-01,-1.668202009130980833e-03,1.100000000000000000e+01,1.189526642517800270e-01
2.998213052749633789e+00,6.828231334686279297e+00,-1.252914369106292725e-01,4.785099506378173828e+00,-9.768863022327423096e-02,-1.387943237496083899e-02,1.400000000000000000e+01,2.017297903543379123e-01
3.245626211166381836e+00,8.023342132568359375e+00,-1.501327008008956909e-01,4.828382492065429688e+00,-9.586434811353683472e-02,-1.639952764038591845e-02,1.600000000000000000e+01,2.071579634670566231e-02
3.495877265930175781e+00,9.228572845458984375e+00,-1.759474277496337891e-01,4.874311447143554688e+00,-9.941760450601577759e-02,-1.544504162049260138e-02,1.800000000000000000e+01,2.112867744802929826e-01
3.746742963790893555e+00,1.045547866821289062e+01,-2.033125907182693481e-01,4.926159858703613281e+00,-1.033066362142562866e-01,-1.315728059315789469e-02,2.100000000000000000e+01,5.944927749380796156e-02
3.997543096542358398e+00,1.169987964630126953e+01,-2.317620813846588135e-01,4.976412773132324219e+00,-1.062310263514518738e-01,-1.145565958097680137e-02,2.300000000000000000e+01,1.959675492797285368e-01
4.253050088882446289e+00,1.294049167633056641e+01,-2.600014805793762207e-01,5.022819995880126953e+00,-1.084031164646148682e-01,-1.032682710441118132e-02,2.600000000000000000e+01,6.078547369261731032e-02
4.501190185546875000e+00,1.419181442260742188e+01,-2.892125248908996582e-01,5.066761016845703125e+00,-1.107678860425949097e-01,-9.419966469110398199e-03,2.800000000000000000e+01,2.010601557771872216e-01
4.751029968261718750e+00,1.544965744018554688e+01,-3.188363611698150635e-01,5.106151103973388672e+00,-1.118810474872589111e-01,-8.691515158317350900e-03,3.100000000000000000e+01,3.943103317400931812e-02
4.998632192611694336e+00,1.672633171081542969e+01,-3.495027422904968262e-01,5.135899543762207031e+00,-1.124009564518928528e-01,-8.088630469761786193e-03,3.300000000000000000e+01,2.485031969402148599e-01
5.249561071395874023e+00,1.799732017517089844e+01,-3.803462982177734375e-01,5.153531074523925781e+00,-1.124996915459632874e-01,-7.975556806378925404e-03,3.600000000000000000e+01,3.100429598320247546e-02
5.499530076980590820e+00,1.927803230285644531e+01,-4.108382463455200195e-01,5.162360191345214844e+00,-1.111837029457092285e-01,-8.488284283185482462e-03,3.900000000000000000e+01,1.850293383684279980e-01
5.747426986694335938e+00,2.056575202941894531e+01,-4.405278861522674561e-01,5.163105010986328125e+00,-1.084490939974784851e-01,-1.023622854067875176e-02,4.100000000000000000e+01,1.094350710507527857e-01
5.998479127883911133e+00,2.187085151672363281e+01,-4.704512953758239746e-01,5.154013633728027344e+00,-1.060602143406867981e-01,-1.213238118760286838e-02,4.400000000000000000e+01,7.938450212202144418e-02
6.250661134719848633e+00,2.315567779541015625e+01,-4.995633661746978760e-01,5.138233661651611328e+00,-1.035558804869651794e-01,-1.346444912118796924e-02,4.600000000000000000e+01,2.122607680297005361e-01
6.502888202667236328e+00,2.443674850463867188e+01,-5.270406007766723633e-01,5.120809078216552734e+00,-1.004267856478691101e-01,-1.640293393431681290e-02,4.900000000000000000e+01,1.416544228964061042e-02
6.751772165298461914e+00,2.571003913879394531e+01,-5.540413856506347656e-01,5.104100704193115234e+00,-9.830899536609649658e-02,-1.786270421190921595e-02,5.200000000000000000e+01,2.185662063354105455e-01
6.999141216278076172e+00,2.698389625549316406e+01,-5.812956690788269043e-01,5.088822364807128906e+00,-9.740824997425079346e-02,-1.919080241257494629e-02,5.400000000000000000e+01,6.363452704455038744e-02
7.246675014495849609e+00,2.825240707397460938e+01,-6.081539392471313477e-01,5.075232505798339844e+00,-9.714205563068389893e-02,-1.920624599240389196e-02,5.700000000000000000e+01,1.635104326879548708e-01
7.496366024017333984e+00,2.952025222778320312e+01,-6.349867582321166992e-01,5.061667442321777344e+00,-9.686332195997238159e-02,-2.020280171104997524e-02,5.900000000000000000e+01,1.127548885095596420e-01
7.750045299530029297e+00,3.078711318969726562e+01,-6.613022685050964355e-01,5.047233104705810547e+00,-9.630487114191055298e-02,-2.052828493925814082e-02,6.200000000000000000e+01,1.167893151576759325e-01
8.000173091888427734e+00,3.205387496948242188e+01,-6.883589625358581543e-01,5.034389495849609375e+00,-9.615900367498397827e-02,-2.140446428596977715e-02,6.400000000000000000e+01,1.595643292726571238e-01
8.254510164260864258e+00,3.332753372192382812e+01,-7.162939906120300293e-01,5.023818969726562500e+00,-9.638807922601699829e-02,-2.073694249870878734e-02,6.700000000000000000e+01,6.592268052001377943e-02
8.500000953674316406e+00,3.458623886108398438e+01,-7.434983253479003906e-01,5.015316009521484375e+00,-9.579508751630783081e-02,-2.196608448081929787e-02,6.900000000000000000e+01,2.050094216394855728e-01
8.748181104660034180e+00,3.583848190307617188e+01,-7.702450156211853027e-01,5.008502006530761719e+00,-9.503149986267089844e-02,-2.229003249368540635e-02,7.200000000000000000e+01,4.620667797641411084e-02
9.002669095993041992e+00,3.709348297119140625e+01,-7.968345284461975098e-01,5.003749847412109375e+00,-9.474738687276840210e-02,-2.356690202740029799e-02,7.400000000000000000e+01,2.257250132051926150e-01
9.248088121414184570e+00,3.834364318847656250e+01,-8.243107199668884277e-01,5.000415325164794922e+00,-9.493672102689743042e-02,-2.294914446053033033e-02,7.700000000000000000e+01,3.564878775838799252e-02
9.499666929244995117e+00,3.959439849853515625e+01,-8.514390587806701660e-01,4.995632648468017578e+00,-9.457845240831375122e-02,-2.410373794364242470e-02,7.900000000000000000e+01,2.400114316674650528e-01
9.751399278640747070e+00,4.083697891235351562e+01,-8.782609105110168457e-01,4.992515087127685547e+00,-9.392451494932174683e-02,-2.424402718698643808e-02,8.200000000000000000e+01,3.494646046028824365e-02
9.998238086700439453e+00,4.208815765380859375e+01,-9.047388434410095215e-01,4.993915557861328125e+00,-9.332340955734252930e-02,-2.598695754275474196e-02,8.400000000000000000e+01,2.473363405295913586e-01
1.025298213958740234e+01,4.334843063354492188e+01,-9.311346411705017090e-01,4.996265888214111328e+00,-9.289994835853576660e-02,-2.632631422491572143e-02,8.700000000000000000e+01,3.898766136164905083e-02
1.050115108489990234e+01,4.459789276123046875e+01,-9.571858644485473633e-01,4.998746395111083984e+00,-9.285897016525268555e-02,-2.784380277629025166e-02,9.000000000000000000e+01,2.329093761090316461e-01
1.074939322471618652e+01,4.584902954101562500e+01,-9.826772809028625488e-01,5.000950336456298828e+00,-9.292835742235183716e-02,-2.792581193734320830e-02,9.200000000000000000e+01,4.951290861793499615e-02
1.100045013427734375e+01,4.709757995605468750e+01,-1.008500814437866211e+00,5.002402782440185547e+00,-9.346172958612442017e-02,-2.909219048060485494e-02,9.500000000000000000e+01,2.211871943894168913e-01
1.124893808364868164e+01,4.835628509521484375e+01,-1.035395860671997070e+00,5.003108024597167969e+00,-9.475643932819366455e-02,-2.778771382806111828e-02,9.700000000000000000e+01,6.560082688908763782e-02
1.149946308135986328e+01,4.960378646850585938e+01,-1.062010884284973145e+00,5.001353263854980469e+00,-9.559411555528640747e-02,-2.839463946150665857e-02,1.000000000000000000e+02,2.028593126955955395e-01
1.174977827072143555e+01,5.085666656494140625e+01,-1.088277459144592285e+00,4.997935295104980469e+00,-9.626559913158416748e-02,-2.759207434251596466e-02,1.020000000000000000e+02,7.815367150603282076e-02
1.199636006355285645e+01,5.211449432373046875e+01,-1.114677548408508301e+00,4.993940353393554688e+00,-9.704600274562835693e-02,-2.837957230465638914e-02,1.050000000000000000e+02,1.807622224649567122e-01
1.225505113601684570e+01,5.338938903808593750e+01,-1.141210079193115234e+00,4.988193988800048828e+00,-9.840199351310729980e-02,-2.710330768950114724e-02,1.070000000000000000e+02,1.193344418984833427e-01
1.250452208518981934e+01,5.464620971679687500e+01,-1.168411016464233398e+00,4.980815410614013672e+00,-1.005815714597702026e-01,-2.644972156859379253e-02,1.100000000000000000e+02,1.395130288610055003e-01
1.275173926353454590e+01,5.590073013305664062e+01,-1.195812582969665527e+00,4.973216533660888672e+00,-1.027134582400321960e-01,-2.406729303256147437e-02,1.120000000000000000e+02,1.425571454301130525e-01
1.299877715110778809e+01,5.714964294433593750e+01,-1.223910331726074219e+00,4.966968059539794922e+00,-1.044552028179168701e-01,-2.338246831911821103e-02,1.150000000000000000e+02,1.247321283140811338e-01
1.325073313713073730e+01,5.840157318115234375e+01,-1.252981543540954590e+00,4.962846279144287109e+00,-1.057546958327293396e-01,-2.126237142882839853e-02,1.170000000000000000e+02,1.554395374966266452e-01
1.349763417243957520e+01,5.964743804931640625e+01,-1.282083511352539062e+00,4.959062099456787109e+00,-1.066008210182189941e-01,-2.094760636981882543e-02,1.200000000000000000e+02,1.140005123079859545e-01
1.375152897834777832e+01,6.089181137084960938e+01,-1.311062216758728027e+00,4.955482482910156250e+00,-1.068642735481262207e-01,-1.965929055566386502e-02,1.220000000000000000e+02,1.581507241359834670e-01
1.400278401374816895e+01,6.214088439941406250e+01,-1.339282989501953125e+00,4.955029487609863281e+00,-1.071818172931671143e-01,-2.011198214311947161e-02,1.250000000000000000e+02,1.076159431240499564e-01
1.424876999855041504e+01,6.339456939697265625e+01,-1.368128895759582520e+00,4.955202579498291016e+00,-1.082443669438362122e-01,-1.844634931254585455e-02,1.270000000000000000e+02,1.732039952453635900e-01
1.450113987922668457e+01,6.465562438964843750e+01,-1.397529840469360352e+00,4.954016208648681641e+00,-1.095321178436279297e-01,-1.783318603957576368e-02,1.300000000000000000e+02,8.331872279459810737e-02
1.474872922897338867e+01,6.590306091308593750e+01,-1.426643133163452148e+00,4.953398227691650391e+00,-1.104085668921470642e-01,-1.620066159539094997e-02,1.320000000000000000e+02,1.936333391686713146e-01
1.500305008888244629e+01,6.714668273925781250e+01,-1.455616354942321777e+00,4.954004287719726562e+00,-1.112722456455230713e-01,-1.587447524543358912e-02,1.350000000000000000e+02,7.870452812529145359e-02
1.525189924240112305e+01,6.839424133300781250e+01,-1.484070658683776855e+00,4.955599784851074219e+00,-1.122125908732414246e-01,-1.449260522591812664e-02,1.370000000000000000e+02,1.976790399320824121e-01
1.550027489662170410e+01,6.963457489013671875e+01,-1.512878656387329102e+00,4.956368446350097656e+00,-1.134909018874168396e-01,-1.382029900791383915e-02,1.400000000000000000e+02,7.705545493820313563e-02
1.575060200691223145e+01,7.087660980224609375e+01,-1.542012333869934082e+00,4.956902503967285156e+00,-1.148611158132553101e-01,-1.186932157304675800e-02,1.420000000000000000e+02,1.930391424060145245e-01
1.599869894981384277e+01,7.211524963378906250e+01,-1.571379542350769043e+00,4.960980892181396484e+00,-1.165070459246635437e-01,-1.072614941134006870e-02,1.450000000000000000e+02,8.035081536413996028e-02
1.624749517440795898e+01,7.336498260498046875e+01,-1.601833581924438477e+00,4.967459201812744141e+00,-1.180246546864509583e-01,-8.531381502110224266e-03,1.470000000000000000e+02,1.938810805112634594e-01
1.650243210792541504e+01,7.462525939941406250e+01,-1.632428526878356934e+00,4.972540855407714844e+00,-1.190153360366821289e-01,-7.638658491471290307e-03,1.500000000000000000e+02,5.935521014827116471e-02
1.675344419479370117e+01,7.587496948242187500e+01,-1.662515878677368164e+00,4.975349903106689453e+00,-1.197693198919296265e-01,-6.141575058142940795e-03,1.520000000000000000e+02,2.159567255583288992e-01
1.699972200393676758e+01,7.712598419189453125e+01,-1.692134857177734375e+00,4.976583480834960938e+00,-1.204804554581642151e-01,-5.535382056070859910e-03,1.550000000000000000e+02,4.750362615999850768e-02
1.725048804283142090e+01,7.837460327148437500e+01,-1.722291350364685059e+00,4.977336406707763672e+00,-1.214357167482376099e-01,9.203001994174571376e-03,1.570000000000000000e+02,2.282021910754144234e-01
1.750272107124328613e+01,7.963154602050781250e+01,-1.753264904022216797e+00,4.976819515228271484e+00,-1.217966675758361816e-01,4.818951047843043206e-02,1.600000000000000000e+02,3.466221518597399631e-02
1.775097107887268066e+01,8.087924957275390625e+01,-1.784093141555786133e+00,4.975806713104248047e+00,-1.179667189717292786e-01,8.922820801873326824e-02,1.620000000000000000e+02,2.453404163680522609e-01
1.800003004074096680e+01,8.212893676757812500e+01,-1.812809586524963379e+00,4.971793651580810547e+00,-1.050937399268150330e-01,1.577619745263378059e-01,1.650000000000000000e+02,3.009415448221727449e-02
1.825059914588928223e+01,8.338121032714843750e+01,-1.837107896804809570e+00,4.967400074005126953e+00,-8.210068941116333008e-02,2.168330679697158536e-01,1.680000000000000000e+02,2.412763446041522597e-01
1.850354313850402832e+01,8.464802551269531250e+01,-1.853918790817260742e+00,4.962998867034912109e+00,-4.579676315188407898e-02,3.035406359052753023e-01,1.700000000000000000e+02,5.649313207066475329e-02
1.875440812110900879e+01,8.589633178710937500e+01,-1.859794378280639648e+00,4.959027767181396484e+00,1.450456795282661915e-03,3.967924497383941707e-01,1.730000000000000000e+02,2.219148001154706284e-01
1.900528526306152344e+01,8.714338684082031250e+01,-1.852212190628051758e+00,4.957662105560302734e+00,6.420581042766571045e-02,4.731127707382490888e-01,1.750000000000000000e+02,1.113877237150863730e-01
1.924991202354431152e+01,8.838654327392578125e+01,-1.827588081359863281e+00,4.956462860107421875e+00,1.427689343690872192e-01,5.720771985775685575e-01,1.780000000000000000e+02,2.616358681335095304e-01
1.950505709648132324e+01,8.963244628906250000e+01,-1.782218098640441895e+00,4.953946590423583984e+00,2.364028990268707275e-01,6.548789973663997621e-01,1.800000000000000000e+02,2.333591593335210823e-01
1.975371909141540527e+01,9.087313842773437500e+01,-1.713012814521789551e+00,4.947937488555908203e+00,3.449956774711608887e-01,7.529760460502875619e-01,1.830000000000000000e+02,3.355268495504642456e-01
2.000363111495971680e+01,9.210758209228515625e+01,-1.614692807197570801e+00,4.936430454254150391e+00,4.690484404563903809e-01,8.338263313888185646e-01,1.850000000000000000e+02,3.461495182301908557e-01
2.024969506263732910e+01,9.334156036376953125e+01,-1.483476877212524414e+00,4.923106193542480469e+00,6.091789603233337402e-01,9.218366411743245115e-01,1.880000000000000000e+02,3.365301073453138558e-01
2.049981617927551270e+01,9.457566070556640625e+01,-1.315156936645507812e+00,4.905888080596923828e+00,7.638835906982421875e-01,1.000033433359662993e+00,1.900000000000000000e+02,3.675394797385809764e-01
2.075584101676940918e+01,9.581266021728515625e+01,-1.104960441589355469e+00,4.879816055297851562e+00,9.336524009704589844e-01,1.075781170852348589e+00,1.930000000000000000e+02,2.570194804907128261e-01
2.100434613227844238e+01,9.703078460693359375e+01,-8.529301881790161133e-01,4.846096038818359375e+00,1.113057136535644531e+00,1.140214927395492461e+00,1.960000000000000000e+02,2.645985607250897487e-01
2.125368809700012207e+01,9.823548889160156250e+01,-5.558556318283081055e-01,4.802174568176269531e+00,1.301818132400512695e+00,1.169532362379305690e+00,1.980000000000000000e+02,1.444802037902105651e-01
2.150030517578125000e+01,9.943206787109375000e+01,-2.086289525032043457e-01,4.747655868530273438e+00,1.499539613723754883e+00,1.193747137057668439e+00,2.010000000000000000e+02,1.215936932462440834e-01
2.174780511856079102e+01,1.006101913452148438e+02,1.873337626457214355e-01,4.683838367462158203e+00,1.697654247283935547e+00,1.172418946860338318e+00,2.030000000000000000e+02,1.502742583533463183e-01
2.199737715721130371e+01,1.017788085937500000e+02,6.361516118049621582e-01,4.610037326812744141e+00,1.895036578178405762e+00,1.166528433453618785e+00,2.060000000000000000e+02,2.410175465807273543e-01
2.225027298927307129e+01,1.029224243164062500e+02,1.130475282669067383e+00,4.527234077453613281e+00,2.082792758941650391e+00,1.151307367355634215e+00,2.080000000000000000e+02,3.184238581619066033e-01
2.249883317947387695e+01,1.040507354736328125e+02,1.674187183380126953e+00,4.435956954956054688e+00,2.266128540039062500e+00,1.080639768302258164e+00,2.110000000000000000e+02,4.918699946826183278e-01
2.275575232505798340e+01,1.051618881225585938e+02,2.267083168029785156e+00,4.339428424835205078e+00,2.443194150924682617e+00,1.042544178311049619e+00,2.130000000000000000e+02,5.821293554835282880e-01
2.300126314163208008e+01,1.062377929687500000e+02,2.896897315979003906e+00,4.245060920715332031e+00,2.605395317077636719e+00,9.550231427194411093e-01,2.150000000000000000e+02,7.600405851610685382e-01
2.325498604774475098e+01,1.072900161743164062e+02,3.566027641296386719e+00,4.149579048156738281e+00,2.758903264999389648e+00,9.055023202049199416e-01,2.180000000000000000e+02,9.069124401326946749e-01
2.349984526634216309e+01,1.083160552978515625e+02,4.269216537475585938e+00,4.058318614959716797e+00,2.898916959762573242e+00,8.093808890824160107e-01,2.200000000000000000e+02,1.076443788328542928e+00
2.374974703788757324e+01,1.093264770507812500e+02,5.011590003967285156e+00,3.967156171798706055e+00,3.030978679656982422e+00,7.521285662705307073e-01,2.230000000000000000e+02,1.227038097648876391e+00
2.399963712692260742e+01,1.103058776855468750e+02,5.778370857238769531e+00,3.880136966705322266e+00,3.147433280944824219e+00,6.507471526971981834e-01,2.250000000000000000e+02,1.323354166536687915e+00
2.425389790534973145e+01,1.112684097290039062e+02,6.577224731445312500e+00,3.795379400253295898e+00,3.253643989562988281e+00,5.874522592347621863e-01,2.280000000000000000e+02,1.399150409541843443e+00
2.449801397323608398e+01,1.122142562866210938e+02,7.404526233673095703e+00,3.717643260955810547e+00,3.345846414566040039e+00,4.878580279786312035e-01,2.300000000000000000e+02,1.430827472496886354e+00
2.475284004211425781e+01,1.131513214111328125e+02,8.263070106506347656e+00,3.642309904098510742e+00,3.427047729492187500e+00,4.233040785382950477e-01,2.330000000000000000e+02,1.440358054290133305e+00
2.500429797172546387e+01,1.140570220947265625e+02,9.127426147460937500e+00,3.575687885284423828e+00,3.494273900985717773e+00,3.287190564427274198e-01,2.350000000000000000e+02,1.424836704442928426e+00
2.525595593452453613e+01,1.149482116699218750e+02,1.000742816925048828e+01,3.518664598464965820e+00,3.553712368011474609e+00,2.673783422199940696e-01,2.380000000000000000e+02,1.383174001249104723e+00
2.550475120544433594e+01,1.158240280151367188e+02,1.089905643463134766e+01,3.471451759338378906e+00,3.604180812835693359e+00,1.836459495367301076e-01,2.400000000000000000e+02,1.330508070066306114e+00
2.575041723251342773e+01,1.166922073364257812e+02,1.180607223510742188e+01,3.431443214416503906e+00,3.647354841232299805e+00,1.261244178423104600e-01,2.430000000000000000e+02,1.250629505758161120e+00
2.600157809257507324e+01,1.175491867065429688e+02,1.272095203399658203e+01,3.398538827896118164e+00,3.680441617965698242e+00,5.353540301368519411e-02,2.450000000000000000e+02,1.172462781114504526e+00
2.625021409988403320e+01,1.184002075195312500e+02,1.364401149749755859e+01,3.370783329010009766e+00,3.704202175140380859e+00,1.954815261694231761e-03,2.480000000000000000e+02,1.064917405344741663e+00
2.650025391578674316e+01,1.192491455078125000e+02,1.457604122161865234e+01,3.350445508956909180e+00,3.719815492630004883e+00,-5.653938698126397683e-02,2.500000000000000000e+02,9.759104687305555359e-01
2.674963808059692383e+01,1.200964355468750000e+02,1.551482677459716797e+01,3.336359500885009766e+00,3.728325366973876953e+00,-1.060651802648455710e-01,2.530000000000000000e+02,8.463983917969093440e-01
2.700315999984741211e+01,1.209468002319335938e+02,1.646124458312988281e+01,3.328663110733032227e+00,3.728954553604125977e+00,-1.430202032424207070e-01,2.550000000000000000e+02,7.660472567556212420e-01
2.725041007995605469e+01,1.217883605957031250e+02,1.739871025085449219e+01,3.325759172439575195e+00,3.722630262374877930e+00,-1.765230196120854411e-01,2.580000000000000000e+02,6.157446698469366542e-01
2.750412011146545410e+01,1.226270446777343750e+02,1.833140182495117188e+01,3.327860355377197266e+00,3.711377620697021484e+00,-2.035743301863685017e-01,2.610000000000000000e+02,5.608257279146813268e-01
2.775556707382202148e+01,1.234696426391601562e+02,1.926373672485351562e+01,3.335990905761718750e+00,3.696120500564575195e+00,-2.222986507788786426e-01,2.630000000000000000e+02,3.927088204774319968e-01
2.800043320655822754e+01,1.243128128051757812e+02,2.018960952758789062e+01,3.348709344863891602e+00,3.678582191467285156e+00,-2.396894900670454021e-01,2.660000000000000000e+02,3.716992423760046016e-01
2.825218009948730469e+01,1.251654357910156250e+02,2.111711883544921875e+01,3.364614725112915039e+00,3.658611059188842773e+00,-2.466956735146566826e-01,2.680000000000000000e+02,1.896956798103628661e-01
2.850143790245056152e+01,1.260170211791992188e+02,2.203479957580566406e+01,3.380540370941162109e+00,3.634028673171997070e+00,-2.562301727786686634e-01,2.710000000000000000e+02,2.372454203424921026e-01
2.875429606437683105e+01,1.268770370483398438e+02,2.295109176635742188e+01,3.398360490798950195e+00,3.607916593551635742e+00,-2.531910747563335673e-01,2.730000000000000000e+02,4.236718308287541063e-02
2.900206804275512695e+01,1.277486953735351562e+02,2.386643600463867188e+01,3.419518232345581055e+00,3.580751895904541016e+00,-2.552288588009744563e-01,2.760000000000000000e+02,2.011909285784959645e-01
2.925734186172485352e+01,1.286162719726562500e+02,2.476641082763671875e+01,3.441425085067749023e+00,3.555379390716552734e+00,-2.445403246126552355e-01,2.780000000000000000e+02,1.533954211331561845e-01
2.950217318534851074e+01,1.294881591796875000e+02,2.565909957885742188e+01,3.464506864547729492e+00,3.530402183532714844e+00,-2.422350516419381483e-01,2.810000000000000000e+02,2.696925559853313725e-01
2.975266194343566895e+01,1.303624114990234375e+02,2.654147338867187500e+01,3.488298654556274414e+00,3.507154226303100586e+00,-2.383322385335160942e-01,2.830000000000000000e+02,2.605009955850457470e-01
3.000272202491760254e+01,1.312486419677734375e+02,2.742388725280761719e+01,3.513906240463256836e+00,3.485002756118774414e+00,-2.194628723779054325e-01,2.860000000000000000e+02,3.444602112952328543e-01
3.025409412384033203e+01,1.321307373046875000e+02,2.829072570800781250e+01,3.537343263626098633e+00,3.462899923324584961e+00,-1.990885288846123702e-01,2.880000000000000000e+02,3.374897308013946606e-01
3.049995207786560059e+01,1.330179290771484375e+02,2.915248680114746094e+01,3.557858943939208984e+00,3.442787170410156250e+00,-1.909632952582099308e-01,2.910000000000000000e+02,4.063426320005130155e-01
3.075265312194824219e+01,1.339120941162109375e+02,3.001273345947265625e+01,3.580634355545043945e+00,3.427229404449462891e+00,-1.713253490473310436e-01,2.930000000000000000e+02,3.853887891626530116e-01
3.100569319725036621e+01,1.348242187500000000e+02,3.088119697570800781e+01,3.604508161544799805e+00,3.412827491760253906e+00,-1.616386588325652018e-01,2.960000000000000000e+02,4.347851080101891030e-01
3.125251102447509766e+01,1.357306213378906250e+02,3.173421669006347656e+01,3.626823425292968750e+00,3.398766994476318359e+00,-1.394449641690980735e-01,2.980000000000000000e+02,4.124241820245724277e-01
3.150448608398437500e+01,1.366423339843750000e+02,3.258347320556640625e+01,3.647636651992797852e+00,3.385061264038085938e+00,-1.265922918790590435e-01,3.010000000000000000e+02,4.429841777138713299e-01
3.175076198577880859e+01,1.375564727783203125e+02,3.342708587646484375e+01,3.665687561035156250e+00,3.373248100280761719e+00,-1.047111564604936984e-01,3.030000000000000000e+02,4.116402836340273264e-01
3.200255012512207031e+01,1.384779052734375000e+02,3.427093505859375000e+01,3.681904554367065430e+00,3.361806869506835938e+00,-9.154892488495983138e-02,3.060000000000000000e+02,4.292634148559365537e-01
3.225390529632568359e+01,1.394017181396484375e+02,3.511143112182617188e+01,3.695462465286254883e+00,3.351663827896118164e+00,-7.095877236411793354e-02,3.080000000000000000e+02,3.936482260189109739e-01
3.250008606910705566e+01,1.403304290771484375e+02,3.595109939575195312e+01,3.705414772033691406e+00,3.341555833816528320e+00,-5.845513950174780621e-02,3.110000000000000000e+02,3.970983621348582737e-01
3.275460314750671387e+01,1.412632751464843750e+02,3.679012298583984375e+01,3.711759805679321289e+00,3.331253528594970703e+00,-4.002456441814851440e-02,3.130000000000000000e+02,3.639962494253268788e-01
3.299908399581909180e+01,1.422006683349609375e+02,3.762918853759765625e+01,3.715625762939453125e+00,3.321475744247436523e+00,-2.806561629245451703e-02,3.160000000000000000e+02,3.480661849988213041e-01
3.325301504135131836e+01,1.431450195312500000e+02,3.847181701660156250e+01,3.716639995574951172e+00,3.312958955764770508e+00,-1.272894199292504136e-02,3.180000000000000000e+02,3.331551398721402935e-01
3.350389409065246582e+01,1.440793304443359375e+02,3.930392074584960938e+01,3.715542793273925781e+00,3.305753946304321289e+00,-3.048931623613102947e-03,3.210000000000000000e+02,2.902463510280656189e-01
3.375251317024230957e+01,1.450095062255859375e+02,4.013119506835937500e+01,3.714741468429565430e+00,3.301653861999511719e+00,8.632665209861133115e-03,3.230000000000000000e+02,2.916636543468368870e-01
3.400170207023620605e+01,1.459427032470703125e+02,4.096063613891601562e+01,3.715409755706787109e+00,3.301046133041381836e+00,1.646358039803456214e-02,3.260000000000000000e+02,2.379886197459936681e-01
3.425286006927490234e+01,1.468729248046875000e+02,4.178801345825195312e+01,3.715593338012695312e+00,3.302431106567382812e+00,2.477459805653461217e-02,3.280000000000000000e+02,2.519913374225865588e-01
3.450148916244506836e+01,1.478055267333984375e+02,4.261810684204101562e+01,3.714175224304199219e+00,3.303869009017944336e+00,3.068324436131899743e-02,3.310000000000000000e+02,1.874046365524122404e-01
3.475158500671386719e+01,1.487342071533203125e+02,4.344624328613281250e+01,3.712485551834106445e+00,3.306766510009765625e+00,3.608188387818159898e-02,3.330000000000000000e+02,2.195974389651100811e-01
3.500184226036071777e+01,1.496691741943359375e+02,4.428075408935546875e+01,3.711014747619628906e+00,3.310637474060058594e+00,4.058830614599408249e-02,3.360000000000000000e+02,1.390883901751501783e-01
3.525593328475952148e+01,1.506092987060546875e+02,4.512211608886718750e+01,3.707757949829101562e+00,3.314259529113769531e+00,4.371153317663376697e-02,3.380000000000000000e+02,2.167435967606209379e-01
3.550159096717834473e+01,1.515380706787109375e+02,4.595521926879882812e+01,3.704109191894531250e+00,3.317615747451782227e+00,4.680319609651875656e-02,3.410000000000000000e+02,8.975441057455067762e-02
3.575614523887634277e+01,1.524660949707031250e+02,4.678967666625976562e+01,3.701154947280883789e+00,3.322044372558593750e+00,4.828278341570937937e-02,3.430000000000000000e+02,2.105350363819984694e-01
3.600192308425903320e+01,1.533899536132812500e+02,4.762210464477539062e+01,3.698766231536865234e+00,3.326678037643432617e+00,5.076457573163364184e-02,3.460000000000000000e+02,5.799669478610395418e-02
3.625745511054992676e+01,1.543176879882812500e+02,4.845909881591796875e+01,3.696439743041992188e+00,3.330913782119750977e+00,5.177334514945976934e-02,3.480000000000000000e+02,2.104306565068929935e-01
3.650465893745422363e+01,1.552331085205078125e+02,4.928656005859375000e+01,3.693590641021728516e+00,3.335269212722778320e+00,5.375868471102175639e-02,3.510000000000000000e+02,4.848012658659352908e-02
3.675180697441101074e+01,1.561511535644531250e+02,5.011871337890625000e+01,3.692285060882568359e+00,3.342304229736328125e+00,5.250250807426294630e-02,3.530000000000000000e+02,1.963501766761476808e-01
3.699943709373474121e+01,1.570727386474609375e+02,5.095613861083984375e+01,3.692533016204833984e+00,3.351295948028564453e+00,5.279017917284521688e-02,3.560000000000000000e+02,5.682490078668625544e-02
3.725726890563964844e+01,1.580072784423828125e+02,5.180848693847656250e+01,3.692127943038940430e+00,3.359680891036987305e+00,5.014344359497236586e-02,3.580000000000000000e+02,2.224831899345495467e-01
3.750466990470886230e+01,1.589304504394531250e+02,5.265290451049804688e+01,3.690665960311889648e+00,3.366437435150146484e+00,6.027596794017438947e-02,3.610000000000000000e+02,5.051785475948403215e-02
3.775187921524047852e+01,1.598532409667968750e+02,5.349913024902343750e+01,3.687129735946655273e+00,3.371933460235595703e+00,8.357045041542222885e-02,3.630000000000000000e+02,2.420339834324578554e-01
3.800454115867614746e+01,1.607720794677734375e+02,5.434450912475585938e+01,3.680043697357177734e+00,3.378453969955444336e+00,1.321181591731579452e-01,3.660000000000000000e+02,5.931427052296091296e-02
3.825541806221008301e+01,1.616927032470703125e+02,5.519534301757812500e+01,3.668843507766723633e+00,3.389147043228149414e+00,1.805995172049815745e-01,3.690000000000000000e+02,2.531704122470036511e-01
3.850031614303588867e+01,1.626068115234375000e+02,5.604651260375976562e+01,3.650871038436889648e+00,3.405967473983764648e+00,2.558163527654498393e-01,3.710000000000000000e+02,6.030149538843167928e-02
3.875193500518798828e+01,1.635158233642578125e+02,5.690229415893554688e+01,3.624102592468261719e+00,3.429228067398071289e+00,3.213749721260379388e-01,3.740000000000000000e+02,2.400274376400190757e-01
3.900329113006591797e+01,1.644207305908203125e+02,5.776825714111328125e+01,3.587680339813232422e+00,3.462700366973876953e+00,4.111580841278065224e-01,3.760000000000000000e+02,3.934464648479597121e-02
3.925126194953918457e+01,1.653189544677734375e+02,5.864718246459960938e+01,3.541335105895996094e+00,3.506206035614013672e+00,5.045584473747414256e-01,3.790000000000000000e+02,2.124424814960369778e-01
3.950277614593505859e+01,1.662091827392578125e+02,5.954367065429687500e+01,3.481188058853149414e+00,3.560337543487548828e+00,5.811643685080931654e-01,3.810000000000000000e+02,7.642508814633358627e-02
3.975471615791320801e+01,1.670733337402343750e+02,6.044509124755859375e+01,3.409368515014648438e+00,3.623827934265136719e+00,6.733029535268785226e-01,3.840000000000000000e+02,2.276645596257910464e-01
4.000236511230468750e+01,1.679154968261718750e+02,6.136036682128906250e+01,3.327793359756469727e+00,3.696146726608276367e+00,7.520626947680367769e-01,3.860000000000000000e+02,2.140645836579213590e-01
4.025519514083862305e+01,1.687388763427734375e+02,6.229792404174804688e+01,3.233499765396118164e+00,3.778453111648559570e+00,8.409862918569086521e-01,3.890000000000000000e+02,2.840034442383505553e-01
4.050250601768493652e+01,1.695346679687500000e+02,6.325342178344726562e+01,3.127395391464233398e+00,3.866660118103027344e+00,9.192132546096788426e-01,3.910000000000000000e+02,2.854811900241071565e-01
4.075310015678405762e+01,1.703031311035156250e+02,6.423178100585937500e+01,3.006309032440185547e+00,3.958836793899536133e+00,9.990539573246154381e-01,3.940000000000000000e+02,2.610635039952562408e-01
4.100371718406677246e+01,1.710362396240234375e+02,6.522893524169921875e+01,2.872460842132568359e+00,4.055805683135986328e+00,1.071371334561852739e+00,3.960000000000000000e+02,2.651165588789947125e-01
4.125489306449890137e+01,1.717391204833984375e+02,6.625856018066406250e+01,2.726049661636352539e+00,4.158985137939453125e+00,1.139957388177223585e+00,3.990000000000000000e+02,1.608072740862663830e-01
4.150628614425659180e+01,1.724081115722656250e+02,6.732172393798828125e+01,2.565409183502197266e+00,4.263016223907470703e+00,1.201086950262391317e+00,4.010000000000000000e+02,2.318782429397764633e-01
4.175275707244873047e+01,1.730296173095703125e+02,6.840000152587890625e+01,2.393024444580078125e+00,4.364693164825439453e+00,1.263721122097375860e+00,4.040000000000000000e+02,1.733980125011218634e-02
4.200218224525451660e+01,1.736064910888671875e+02,6.950389862060546875e+01,2.205452919006347656e+00,4.464583873748779297e+00,1.322139591688147098e+00,4.060000000000000000e+02,2.601199505096114528e-01
4.225292110443115234e+01,1.741332244873046875e+02,7.062928009033203125e+01,2.004273414611816406e+00,4.560395240783691406e+00,1.357980550643114181e+00,4.090000000000000000e+02,2.062922755642315475e-01
4.250244307518005371e+01,1.746116485595703125e+02,7.178606414794921875e+01,1.788984894752502441e+00,4.650998592376708984e+00,1.405102484746114433e+00,4.110000000000000000e+02,3.966079304787488158e-01
4.275210213661193848e+01,1.750320892333984375e+02,7.295620727539062500e+01,1.565316677093505859e+00,4.731972694396972656e+00,1.425419099527750699e+00,4.140000000000000000e+02,4.244229248739340155e-01
4.300390410423278809e+01,1.753964538574218750e+02,7.414785003662109375e+01,1.329233050346374512e+00,4.801563262939453125e+00,1.460086537074978930e+00,4.160000000000000000e+02,5.776274442446661661e-01
4.325309324264526367e+01,1.757016754150390625e+02,7.535832977294921875e+01,1.085993170738220215e+00,4.860415935516357422e+00,1.465064493875494200e+00,4.190000000000000000e+02,6.461376446206285040e-01
4.350206518173217773e+01,1.759475097656250000e+02,7.659848022460937500e+01,8.303983211517333984e-01,4.908855438232421875e+00,1.491362661459920913e+00,4.210000000000000000e+02,7.777840090026190145e-01
4.375230789184570312e+01,1.761258850097656250e+02,7.783242797851562500e+01,5.739623904228210449e-01,4.944714069366455078e+00,1.515145665450379875e+00,4.240000000000000000e+02,8.578922824129823210e-01
4.400204014778137207e+01,1.762394409179687500e+02,7.907375335693359375e+01,3.099974691867828369e-01,4.969053268432617188e+00,1.500979533640449670e+00,4.260000000000000000e+02,9.610927850202369838e-01
4.425442719459533691e+01,1.762865295410156250e+02,8.031558990478515625e+01,4.168431460857391357e-02,4.980827808380126953e+00,1.512763833848190131e+00,4.290000000000000000e+02,1.051187988130005246e+00
4.450316524505615234e+01,1.762665100097656250e+02,8.156324005126953125e+01,-2.253349423408508301e-01,4.980157375335693359e+00,1.471945499149509118e+00,4.310000000000000000e+02,1.124329050812982622e+00
4.475537419319152832e+01,1.761799316406250000e+02,8.280527496337890625e+01,-4.912141263484954834e-01,4.965410709381103516e+00,1.454847913180952856e+00,4.340000000000000000e+02,1.219446982460125506e+00
4.500378322601318359e+01,1.760279235839843750e+02,8.404290008544921875e+01,-7.495934963226318359e-01,4.937022686004638672e+00,1.428756921514388267e+00,4.360000000000000000e+02,1.265724419149556690e+00
4.525244998931884766e+01,1.758110809326171875e+02,8.527747344970703125e+01,-1.004448652267456055e+00,4.895560741424560547e+00,1.334973080472358076e+00,4.380000000000000000e+02,1.341974863023547515e+00
4.550294208526611328e+01,1.755309448242187500e+02,8.650195312500000000e+01,-1.251696109771728516e+00,4.841099262237548828e+00,1.282107214645418658e+00,4.410000000000000000e+02,1.392561970647401504e+00
4.575729990005493164e+01,1.751900024414062500e+02,8.771630859375000000e+01,-1.481077194213867188e+00,4.777822017669677734e+00,1.226171898727493437e+00,4.430000000000000000e+02,1.450391069059459692e+00
4.600510096549987793e+01,1.747968750000000000e+02,8.890140533447265625e+01,-1.698112726211547852e+00,4.709825992584228516e+00,1.102760696193308743e+00,4.460000000000000000e+02,1.518552836400079764e+00
4.625313520431518555e+01,1.743516387939453125e+02,9.006542968750000000e+01,-1.903313994407653809e+00,4.638693332672119141e+00,1.029615126639887634e+00,4.480000000000000000e+02,1.566074757782871973e+00
4.650453090667724609e+01,1.738554382324218750e+02,9.121647644042968750e+01,-2.088719129562377930e+00,4.568308830261230469e+00,9.016127943136971190e-01,4.500000000000000000e+02,1.645068091548859801e+00
4.675579118728637695e+01,1.733157196044921875e+02,9.234729766845703125e+01,-2.257123231887817383e+00,4.496478080749511719e+00,8.242514018651235785e-01,4.530000000000000000e+02,1.717236671149151794e+00
4.700339722633361816e+01,1.727338409423828125e+02,9.346459197998046875e+01,-2.404907464981079102e+00,4.425017833709716797e+00,6.964220991193317278e-01,4.550000000000000000e+02,1.788713386996177990e+00
4.725496292114257812e+01,1.721177368164062500e+02,9.456168365478515625e+01,-2.536824226379394531e+00,4.355047702789306641e+00,6.154370963543399631e-01,4.580000000000000000e+02,1.816706865378738822e+00
4.750351309776306152e+01,1.714666748046875000e+02,9.564968872070312500e+01,-2.648859977722167969e+00,4.289784431457519531e+00,4.938096545568668727e-01,4.600000000000000000e+02,1.820490107457068518e+00
4.775450897216796875e+01,1.707846221923828125e+02,9.672895812988281250e+01,-2.745691537857055664e+00,4.226953506469726562e+00,3.780714585647098058e-01,4.630000000000000000e+02,1.776402606543932450e+00
4.800292921066284180e+01,1.700868530273437500e+02,9.778317260742187500e+01,-2.822763681411743164e+00,4.173378944396972656e+00,3.048521700464360551e-01,4.650000000000000000e+02,1.733063449186714067e+00
4.825292205810546875e+01,1.693712310791015625e+02,9.882520294189453125e+01,-2.885495662689208984e+00,4.127089977264404297e+00,2.054094691096663983e-01,4.680000000000000000e+02,1.632871020645059401e+00
4.850714802742004395e+01,1.686437072753906250e+02,9.985207366943359375e+01,-2.936976432800292969e+00,4.086233139038085938e+00,1.366596472525967998e-01,4.710000000000000000e+02,1.546489196398603605e+00
4.875440216064453125e+01,1.678998870849609375e+02,1.008762130737304688e+02,-2.976196050643920898e+00,4.054168701171875000e+00,5.160803951419633967e-02,4.730000000000000000e+02,1.417509534546850247e+00
4.900025606155395508e+01,1.671545104980468750e+02,1.018838653564453125e+02,-3.003964900970458984e+00,4.029209613800048828e+00,-7.571174024782327192e-03,4.760000000000000000e+02,1.303080814475148452e+00
4.925345611572265625e+01,1.663991394042968750e+02,1.028908386230468750e+02,-3.021856784820556641e+00,4.011404991149902344e+00,-7.515181374587971697e-02,4.780000000000000000e+02,1.158721131231078116e+00
4.950269412994384766e+01,1.656376647949218750e+02,1.038975906372070312e+02,-3.029434680938720703e+00,4.001001834869384766e+00,-1.233108150105000078e-01,4.810000000000000000e+02,1.027237815161347934e+00
4.975471425056457520e+01,1.648658447265625000e+02,1.049153442382812500e+02,-3.026723861694335938e+00,3.995943784713745117e+00,-1.709913520456000369e-01,4.830000000000000000e+02,8.817663097683805518e-01
5.000571107864379883e+01,1.641054840087890625e+02,1.059192428588867188e+02,-3.016597032546997070e+00,3.995932102203369141e+00,-2.068980630488033157e-01,4.860000000000000000e+02,7.402606133819051859e-01
5.025608921051025391e+01,1.633482818603515625e+02,1.069243392944335938e+02,-2.999774217605590820e+00,4.002043724060058594e+00,-2.356947076203940172e-01,4.880000000000000000e+02,6.138368266566276432e-01
5.050526523590087891e+01,1.625988616943359375e+02,1.079279861450195312e+02,-2.977899551391601562e+00,4.012776851654052734e+00,-2.546977421391659613e-01,4.910000000000000000e+02,4.725092390116333307e-01
5.075342893600463867e+01,1.618535308837890625e+02,1.089370574951171875e+02,-2.952224016189575195e+00,4.027231693267822266e+00,-2.722056949245925672e-01,4.930000000000000000e+02,3.777472103302872974e-01
5.100126314163208008e+01,1.611177673339843750e+02,1.099456329345703125e+02,-2.923265933990478516e+00,4.043563842773437500e+00,-2.778573421212764405e-01,4.960000000000000000e+02,2.348634651391309225e-01
5.125176811218261719e+01,1.603921661376953125e+02,1.109548416137695312e+02,-2.891848564147949219e+00,4.061029434204101562e+00,-2.866909292466334191e-01,4.980000000000000000e+02,2.049292948699190930e-01
5.150558423995971680e+01,1.596725311279296875e+02,1.119715423583984375e+02,-2.861129999160766602e+00,4.083091735839843750e+00,-2.821508820771169712e-01,5.010000000000000000e+02,7.624989104784911376e-02
5.175283002853393555e+01,1.589579315185546875e+02,1.129976501464843750e+02,-2.830733299255371094e+00,4.108153820037841797e+00,-2.849769639279416955e-01,5.030000000000000000e+02,1.961091885422730219e-01
5.200274920463562012e+01,1.582459869384765625e+02,1.140372467041015625e+02,-2.799151420593261719e+00,4.133592605590820312e+00,-2.726922853338473174e-01,5.060000000000000000e+02,1.625916589890233910e-01
5.225762414932250977e+01,1.575484924316406250e+02,1.150735626220703125e+02,-2.766880989074707031e+00,4.159220218658447266e+00,-2.688410515408979906e-01,5.080000000000000000e+02,3.066835797339338421e-01
5.250473213195800781e+01,1.568613586425781250e+02,1.161136474609375000e+02,-2.734611511230468750e+00,4.183676242828369141e+00,-2.492259516745215231e-01,5.110000000000000000e+02,2.862575069607276035e-01
5.275416707992553711e+01,1.561796264648437500e+02,1.171637802124023438e+02,-2.702317953109741211e+00,4.207561492919921875e+00,-2.400765997631615356e-01,5.130000000000000000e+02,4.032158200326774189e-01
5.300158405303955078e+01,1.555080871582031250e+02,1.182173538208007812e+02,-2.670393228530883789e+00,4.229093551635742188e+00,-2.156736372764083420e-01,5.160000000000000000e+02,3.725135185067446342e-01
5.325525498390197754e+01,1.548398437500000000e+02,1.192832260131835938e+02,-2.638835668563842773e+00,4.248075008392333984e+00,-2.027205212438034365e-01,5.190000000000000000e+02,4.683892653247969662e-01
5.350273609161376953e+01,1.541820373535156250e+02,1.203482208251953125e+02,-2.608209848403930664e+00,4.261494636535644531e+00,-1.770770336159834257e-01,5.210000000000000000e+02,4.235710197223003792e-01
5.375579690933227539e+01,1.535281524658203125e+02,1.214226531982421875e+02,-2.577979564666748047e+00,4.272348403930664062e+00,-1.622604969812052877e-01,5.240000000000000000e+02,4.835075442337658513e-01
5.400778222084045410e+01,1.528767089843750000e+02,1.225071411132812500e+02,-2.551537990570068359e+00,4.282613277435302734e+00,-1.368488839395469725e-01,5.260000000000000000e+02,4.464627420396248825e-01
5.425636029243469238e+01,1.522374877929687500e+02,1.235839004516601562e+02,-2.528419494628906250e+00,4.293562412261962891e+00,-1.219270905848251624e-01,5.290000000000000000e+02,4.722997111972214723e-01
5.450605702400207520e+01,1.516040191650390625e+02,1.246624832153320312e+02,-2.507986068725585938e+00,4.303030967712402344e+00,-9.760463125673729534e-02,5.310000000000000000e+02,4.433624927706798502e-01
5.475731301307678223e+01,1.509777984619140625e+02,1.257387619018554688e+02,-2.489447355270385742e+00,4.311901569366455078e+00,-8.226505139476288087e-02,5.340000000000000000e+02,4.485966055928259366e-01
5.500344014167785645e+01,1.503521118164062500e+02,1.268243865966796875e+02,-2.473453760147094727e+00,4.320664882659912109e+00,-5.899714917072582804e-02,5.360000000000000000e+02,4.200314175476584921e-01
5.525755310058593750e+01,1.497362976074218750e+02,1.279011917114257812e+02,-2.459870100021362305e+00,4.327453136444091797e+00,-4.397422989647879060e-02,5.390000000000000000e+02,4.076040839784983993e-01
5.550327014923095703e+01,1.491216278076171875e+02,1.289832916259765625e+02,-2.449170589447021484e+00,4.332633972167968750e+00,-2.413036067406313517e-02,5.410000000000000000e+02,3.781365244691559102e-01
5.575333714485168457e+01,1.485072021484375000e+02,1.300699462890625000e+02,-2.441682815551757812e+00,4.338141441345214844e+00,-1.096873615448933255e-02,5.440000000000000000e+02,3.538370248154136810e-01
5.600734615325927734e+01,1.478863067626953125e+02,1.311724090576171875e+02,-2.436978578567504883e+00,4.342837810516357422e+00,5.117345097073329116e-03,5.460000000000000000e+02,3.386942252827910282e-01
5.625978899002075195e+01,1.472748260498046875e+02,1.322602844238281250e+02,-2.434025526046752930e+00,4.345252990722656250e+00,1.596293074217732672e-02,5.490000000000000000e+02,2.856803233042840562e-01
5.650855803489685059e+01,1.466636505126953125e+02,1.333477172851562500e+02,-2.433314800262451172e+00,4.346904277801513672e+00,2.772715360182457719e-02,5.510000000000000000e+02,2.949637908485222559e-01
5.675627899169921875e+01,1.460548400878906250e+02,1.344318084716796875e+02,-2.434076070785522461e+00,4.348139286041259766e+00,3.655374104517682132e-02,5.540000000000000000e+02,2.237983540375689806e-01
5.700754809379577637e+01,1.454432220458984375e+02,1.355196380615234375e+02,-2.436780452728271484e+00,4.349258422851562500e+00,4.503924729701621471e-02,5.560000000000000000e+02,2.563234102923199753e-01
5.725235009193420410e+01,1.448326568603515625e+02,1.366042480468750000e+02,-2.440147399902343750e+00,4.349289417266845703e+00,5.175626900628498006e-02,5.590000000000000000e+02,1.628948810054377805e-01
5.750100088119506836e+01,1.442225036621093750e+02,1.376873779296875000e+02,-2.443450689315795898e+00,4.347335338592529297e+00,5.784407902604985635e-02,5.610000000000000000e+02,2.267532962651162276e-01
5.775280618667602539e+01,1.436108856201171875e+02,1.387710113525390625e+02,-2.448128700256347656e+00,4.345493793487548828e+00,6.198473389049437982e-02,5.640000000000000000e+02,1.072206169359250783e-01
5.800147104263305664e+01,1.429953918457031250e+02,1.398568725585937500e+02,-2.454998254776000977e+00,4.344827651977539062e+00,6.579351083299428415e-02,5.660000000000000000e+02,2.161486858533893940e-01
5.825524616241455078e+01,1.423729553222656250e+02,1.409505767822265625e+02,-2.462900161743164062e+00,4.344634532928466797e+00,6.686794049339460366e-02,5.690000000000000000e+02,4.990941378846826260e-02
5.850506019592285156e+01,1.417542266845703125e+02,1.420344085693359375e+02,-2.470810890197753906e+00,4.344340324401855469e+00,6.939601686227696298e-02,5.710000000000000000e+02,2.343553184741354600e-01
5.875678801536560059e+01,1.411349487304687500e+02,1.431151885986328125e+02,-2.478585243225097656e+00,4.343923091888427734e+00,8.214646787084117774e-02,5.740000000000000000e+02,8.147674640755598469e-03
5.900731611251831055e+01,1.405109405517578125e+02,1.441994018554687500e+02,-2.486995935440063477e+00,4.342037677764892578e+00,1.076649500122708880e-01,5.770000000000000000e+02,2.442891861411571330e-01
5.925241494178771973e+01,1.398860321044921875e+02,1.452796936035156250e+02,-2.497383832931518555e+00,4.337138652801513672e+00,1.580265486477289427e-01,5.790000000000000000e+02,3.342837438700877600e-02
5.950399208068847656e+01,1.392561187744140625e+02,1.463623046875000000e+02,-2.511636018753051758e+00,4.327504158020019531e+00,2.089305377928772633e-01,5.820000000000000000e+02,2.252823776582478232e-01
5.975418710708618164e+01,1.386237182617187500e+02,1.474394683837890625e+02,-2.533675193786621094e+00,4.312667369842529297e+00,2.858270919294991774e-01,5.840000000000000000e+02,6.170797135382694032e-02
6.000746488571166992e+01,1.379806518554687500e+02,1.485201110839843750e+02,-2.564969778060913086e+00,4.291151046752929688e+00,3.718795624777492814e-01,5.870000000000000000e+02,1.986426155146809591e-01
6.025823712348937988e+01,1.373234558105468750e+02,1.496012420654296875e+02,-2.608453273773193359e+00,4.260320663452148438e+00,4.444620958888010342e-01,5.890000000000000000e+02,8.946232928077298141e-02
6.050771498680114746e+01,1.366606903076171875e+02,1.506627197265625000e+02,-2.664231777191162109e+00,4.221239566802978516e+00,5.364874725021286928e-01,5.920000000000000000e+02,1.543520505977954982e-01
6.075483322143554688e+01,1.359829406738281250e+02,1.517133941650390625e+02,-2.731771230697631836e+00,4.174219608306884766e+00,6.146683172822322572e-01,5.940000000000000000e+02,1.103147088412199939e-01
6.100420308113098145e+01,1.352893524169921875e+02,1.527478179931640625e+02,-2.811634778976440430e+00,4.117805957794189453e+00,7.074702327502736532e-01,5.970000000000000000e+02,1.731253819288904039e-01
6.125560307502746582e+01,1.345692138671875000e+02,1.537744445800781250e+02,-2.903692960739135742e+00,4.051725387573242188e+00,7.877174978230951918e-01,5.990000000000000000e+02,2.195226239189316253e-01
6.150328493118286133e+01,1.338341369628906250e+02,1.547712707519531250e+02,-3.003591060638427734e+00,3.973395109176635742e+00,8.747143584121558346e-01,6.020000000000000000e+02,2.284654087172744430e-01
6.175454902648925781e+01,1.330728149414062500e+02,1.557483062744140625e+02,-3.112566709518432617e+00,3.883625745773315430e+00,9.511633267008279269e-01,6.040000000000000000e+02,2.763894744904633605e-01
6.200143527984619141e+01,1.322808227539062500e+02,1.567048797607421875e+02,-3.232865810394287109e+00,3.784928321838378906e+00,1.029594197937972133e+00,6.070000000000000000e+02,2.045110894103179255e-01
6.225968813896179199e+01,1.314458160400390625e+02,1.576485443115234375e+02,-3.363363504409790039e+00,3.673332691192626953e+00,1.101774500863145212e+00,6.090000000000000000e+02,2.812457191480124408e-01
6.250760507583618164e+01,1.305884246826171875e+02,1.585512390136718750e+02,-3.496406555175781250e+00,3.551184654235839844e+00,1.171832362859332788e+00,6.120000000000000000e+02,9.902781566641370714e-02
6.275904321670532227e+01,1.296974945068359375e+02,1.594219512939453125e+02,-3.632270336151123047e+00,3.414458274841308594e+00,1.229548540919666699e+00,6.150000000000000000e+02,2.226408125713926212e-01
6.300534296035766602e+01,1.287753753662109375e+02,1.602549743652343750e+02,-3.769792079925537109e+00,3.264635324478149414e+00,1.290260501144496530e+00,6.170000000000000000e+02,7.174868135949132031e-02
6.325906515121459961e+01,1.278154678344726562e+02,1.610513610839843750e+02,-3.907735347747802734e+00,3.100320816040039062e+00,1.331787054161360562e+00,6.200000000000000000e+02,2.606589829341183773e-01
6.350297808647155762e+01,1.268245849609375000e+02,1.618019409179687500e+02,-4.041711807250976562e+00,2.922232389450073242e+00,1.380885798613877835e+00,6.220000000000000000e+02,2.666448418540108278e-01
6.375222921371459961e+01,1.258006286621093750e+02,1.625068511962890625e+02,-4.171754837036132812e+00,2.730516672134399414e+00,1.425635942051951321e+00,6.250000000000000000e+02,4.287540949122718437e-01
6.400575304031372070e+01,1.247397155761718750e+02,1.631645507812500000e+02,-4.299665451049804688e+00,2.524878025054931641e+00,1.441357487774673762e+00,6.270000000000000000e+02,4.809128647967265691e-01
6.425608706474304199e+01,1.236428680419921875e+02,1.637718505859375000e+02,-4.419983386993408203e+00,2.308476924896240234e+00,1.476995835406428537e+00,6.300000000000000000e+02,6.369509693127216599e-01
6.450398707389831543e+01,1.225103378295898438e+02,1.643272094726562500e+02,-4.529275417327880859e+00,2.081327676773071289e+00,1.479746438238276562e+00,6.320000000000000000e+02,6.984329273867707633e-01
6.475986003875732422e+01,1.213630981445312500e+02,1.648192749023437500e+02,-4.628706932067871094e+00,1.845090627670288086e+00,1.492523270961610526e+00,6.340000000000000000e+02,8.329247834612929502e-01
6.500609898567199707e+01,1.201964874267578125e+02,1.652501373291015625e+02,-4.717036724090576172e+00,1.604565620422363281e+00,1.492462987080815040e+00,6.370000000000000000e+02,9.071136298467940007e-01
6.525781917572021484e+01,1.190054626464843750e+02,1.656210174560546875e+02,-4.794910430908203125e+00,1.356775999069213867e+00,1.427470488580784069e+00,6.390000000000000000e+02,1.010388812706361383e+00
6.550316905975341797e+01,1.178002243041992188e+02,1.659281921386718750e+02,-4.860845565795898438e+00,1.107459187507629395e+00,1.394890060316039015e+00,6.420000000000000000e+02,1.101961502702704543e+00
6.575884532928466797e+01,1.165755462646484375e+02,1.661746826171875000e+02,-4.912860870361328125e+00,8.644732832908630371e-01,1.356637662132322397e+00,6.440000000000000000e+02,1.178111668197991513e+00
6.600260210037231445e+01,1.153420867919921875e+02,1.663607940673828125e+02,-4.952359676361083984e+00,6.267101764678955078e-01,1.251235334641491725e+00,6.460000000000000000e+02,1.286691422644010485e+00
6.625533223152160645e+01,1.140922851562500000e+02,1.664890899658203125e+02,-4.979984283447265625e+00,3.928595483303070068e-01,1.192391924617781651e+00,6.490000000000000000e+02,1.348227796213087082e+00
6.650689005851745605e+01,1.128336486816406250e+02,1.665612945556640625e+02,-4.993377208709716797e+00,1.748103797435760498e-01,1.073656881752341530e+00,6.510000000000000000e+02,1.445268400694878830e+00
6.675715088844299316e+01,1.115860977172851562e+02,1.665799407958984375e+02,-4.999620914459228516e+00,-2.986812405288219452e-02,1.005474244549201313e+00,6.540000000000000000e+02,1.539231632437024544e+00
6.700807023048400879e+01,1.103376770019531250e+02,1.665487365722656250e+02,-5.001154422760009766e+00,-2.185167819261550903e-01,9.363784960935408463e-01,6.560000000000000000e+02,1.634289916209435534e+00
6.725942206382751465e+01,1.090932617187500000e+02,1.664716339111328125e+02,-4.997897148132324219e+00,-3.961978256702423096e-01,8.070305911006587785e-01,6.580000000000000000e+02,1.756122943454507812e+00
6.750408291816711426e+01,1.078409042358398438e+02,1.663506774902343750e+02,-4.991037845611572266e+00,-5.615209341049194336e-01,6.799671402614512195e-01,6.610000000000000000e+02,1.806281370500840922e+00
6.775668001174926758e+01,1.065986862182617188e+02,1.661921234130859375e+02,-4.981394767761230469e+00,-7.023871541023254395e-01,6.056439280371956890e-01,6.640000000000000000e+02,1.849245108658137404e+00
6.800614190101623535e+01,1.053557205200195312e+02,1.660005493164062500e+02,-4.965730190277099609e+00,-8.240913748741149902e-01,4.906106873847197458e-01,6.660000000000000000e+02,1.831328505310064747e+00
6.825284600257873535e+01,1.041134643554687500e+02,1.657791900634765625e+02,-4.946790695190429688e+00,-9.328259825706481934e-01,4.158476082623290826e-01,6.690000000000000000e+02,1.808347741014832977e+00
6.850635695457458496e+01,1.028591766357421875e+02,1.655288543701171875e+02,-4.927363395690917969e+00,-1.025054097175598145e+00,3.092474675659335759e-01,6.710000000000000000e+02,1.739420027641177313e+00
6.875659418106079102e+01,1.016263656616210938e+02,1.652605285644531250e+02,-4.907525539398193359e+00,-1.101632595062255859e+00,2.388566666791683557e-01,6.740000000000000000e+02,1.662469003747544471e+00
6.900904798507690430e+01,1.003986206054687500e+02,1.649741973876953125e+02,-4.890609264373779297e+00,-1.162884712219238281e+00,1.458452147308953173e-01,6.760000000000000000e+02,1.560439059583222488e+00
6.925920510292053223e+01,9.917868041992187500e+01,1.646753845214843750e+02,-4.877280235290527344e+00,-1.211700439453125000e+00,8.285149813035908029e-02,6.790000000000000000e+02,1.448205512531934192e+00
6.950815105438232422e+01,9.795713043212890625e+01,1.643649291992187500e+02,-4.867723464965820312e+00,-1.246238708496093750e+00,7.331115029034939411e-03,6.810000000000000000e+02,1.325007504662687685e+00
6.975664114952087402e+01,9.674152374267578125e+01,1.640478668212890625e+02,-4.858809471130371094e+00,-1.269009113311767578e+00,-4.533581079350663262e-02,6.840000000000000000e+02,1.190999936461109909e+00
7.000662016868591309e+01,9.552614593505859375e+01,1.637260742187500000e+02,-4.850755214691162109e+00,-1.279949426651000977e+00,-1.029510714799699717e-01,6.860000000000000000e+02,1.059656893296700098e+00
7.025620198249816895e+01,9.430739593505859375e+01,1.634010314941406250e+02,-4.845234870910644531e+00,-1.281154632568359375e+00,-1.445272246737286936e-01,6.890000000000000000e+02,9.143778247341827203e-01
7.050732326507568359e+01,9.308616638183593750e+01,1.630755615234375000e+02,-4.842434883117675781e+00,-1.272903323173522949e+00,-1.839325877082596816e-01,6.910000000000000000e+02,7.891019930565555951e-01
7.076037406921386719e+01,9.185711669921875000e+01,1.627510223388671875e+02,-4.841328144073486328e+00,-1.256556630134582520e+00,-2.131316776931126700e-01,6.940000000000000000e+02,6.354747222294850895e-01
7.100724601745605469e+01,9.064005279541015625e+01,1.624348754882812500e+02,-4.842627048492431641e+00,-1.233266830444335938e+00,-2.355507989589396833e-01,6.960000000000000000e+02,5.400447294601200543e-01
7.125939989089965820e+01,8.942658996582031250e+01,1.621260375976562500e+02,-4.844944477081298828e+00,-1.204205036163330078e+00,-2.534398777707214667e-01,6.990000000000000000e+02,3.806139530371263624e-01
7.150517416000366211e+01,8.820901489257812500e+01,1.618239593505859375e+02,-4.848819732666015625e+00,-1.170908927917480469e+00,-2.603475758117844707e-01,7.010000000000000000e+02,3.335505908911498563e-01
7.175966811180114746e+01,8.699503326416015625e+01,1.615321655273437500e+02,-4.853516101837158203e+00,-1.134147286415100098e+00,-2.683588360230261816e-01,7.040000000000000000e+02,1.585920818043688452e-01
7.200743603706359863e+01,8.578011322021484375e+01,1.612493743896484375e+02,-4.857402324676513672e+00,-1.095499873161315918e+00,-2.635207093958694125e-01,7.060000000000000000e+02,2.163506827587040604e-01
7.225872993469238281e+01,8.456939697265625000e+01,1.609769287109375000e+02,-4.865129470825195312e+00,-1.056413054466247559e+00,-2.646868039422275443e-01,7.090000000000000000e+02,5.583490684478697313e-02
7.250426125526428223e+01,8.334792327880859375e+01,1.607131500244140625e+02,-4.876487255096435547e+00,-1.016600131988525391e+00,-2.514129940295717902e-01,7.110000000000000000e+02,2.361584632140803774e-01
7.275762200355529785e+01,8.211522674560546875e+01,1.604577026367187500e+02,-4.888041019439697266e+00,-9.761072397232055664e-01,-2.345598092209731922e-01,7.140000000000000000e+02,1.824599695312349446e-01
7.300880813598632812e+01,8.089167022705078125e+01,1.602146911621093750e+02,-4.899536609649658203e+00,-9.376094937324523926e-01,-2.270210299480305838e-01,7.160000000000000000e+02,3.275381017228508607e-01
7.325629687309265137e+01,7.966462707519531250e+01,1.599806365966796875e+02,-4.911273479461669922e+00,-9.005203843116760254e-01,-2.063813256382298067e-01,7.190000000000000000e+02,2.869988864675115381e-01
7.350877904891967773e+01,7.843878936767578125e+01,1.597570495605468750e+02,-4.921420574188232422e+00,-8.642719984054565430e-01,-1.947813591150847623e-01,7.210000000000000000e+02,3.991250767746005734e-01
7.375758218765258789e+01,7.720223999023437500e+01,1.595408325195312500e+02,-4.929329872131347656e+00,-8.296729326248168945e-01,-1.708980121051456857e-01,7.240000000000000000e+02,3.537253187710873159e-01
7.400466418266296387e+01,7.597493743896484375e+01,1.593350219726562500e+02,-4.934104919433593750e+00,-7.967404127120971680e-01,-1.564306369758964588e-01,7.260000000000000000e+02,4.473367325329478672e-01
7.425728201866149902e+01,7.473981475830078125e+01,1.591360931396484375e+02,-4.937189579010009766e+00,-7.664422988891601562e-01,-1.314892797274490044e-01,7.290000000000000000e+02,3.863523809695795230e-01
7.450408124923706055e+01,7.349921417236328125e+01,1.589433746337890625e+02,-4.939156055450439453e+00,-7.384161949157714844e-01,-1.161007591034948216e-01,7.320000000000000000e+02,4.550251228973249962e-01
7.475962710380554199e+01,7.224221038818359375e+01,1.587548370361328125e+02,-4.938798904418945312e+00,-7.130379080772399902e-01,-9.213508815107550320e-02,7.340000000000000000e+02,3.930635386645053297e-01
7.500615119934082031e+01,7.100182342529296875e+01,1.585752868652343750e+02,-4.937496185302734375e+00,-6.902549266815185547e-01,-7.627366640758735661e-02,7.370000000000000000e+02,4.289430878105071621e-01
7.525577497482299805e+01,6.976168823242187500e+01,1.584009552001953125e+02,-4.936585426330566406e+00,-6.710025668144226074e-01,-5.409592786869221737e-02,7.390000000000000000e+02,3.756681411843079132e-01
7.550933909416198730e+01,6.852666473388671875e+01,1.582319946289062500e+02,-4.935930252075195312e+00,-6.536520719528198242e-01,-3.848713916667843848e-02,7.420000000000000000e+02,3.965231941576997099e-01
7.575951790809631348e+01,6.728801727294921875e+01,1.580668792724609375e+02,-4.936693668365478516e+00,-6.393128633499145508e-01,-1.815092609946997171e-02,7.440000000000000000e+02,3.393503773267660950e-01
7.600833511352539062e+01,6.605355072021484375e+01,1.579053344726562500e+02,-4.937590122222900391e+00,-6.290436983108520508e-01,-4.738704710454203113e-03,7.470000000000000000e+02,3.520833558709932642e-01
7.625857210159301758e+01,6.481874847412109375e+01,1.577452087402343750e+02,-4.937900066375732422e+00,-6.220896244049072266e-01,1.031706153441811456e-02,7.490000000000000000e+02,2.911289609921198784e-01
7.650738811492919922e+01,6.358011627197265625e+01,1.575854644775390625e+02,-4.937823295593261719e+00,-6.174034476280212402e-01,2.086063129019135112e-02,7.520000000000000000e+02,3.030497816385525622e-01
7.675408411026000977e+01,6.233758926391601562e+01,1.574260101318359375e+02,-4.938330650329589844e+00,-6.145139932632446289e-01,3.254917101353303061e-02,7.540000000000000000e+02,2.439879263754033412e-01
7.701058197021484375e+01,6.108720016479492188e+01,1.572662200927734375e+02,-4.938533306121826172e+00,-6.123728156089782715e-01,4.245094522529244130e-02,7.570000000000000000e+02,2.414817874518964125e-01
7.725907397270202637e+01,5.985036087036132812e+01,1.571081390380859375e+02,-4.938992023468017578e+00,-6.118190884590148926e-01,5.181565338271315602e-02,7.590000000000000000e+02,2.031230277963848585e-01
7.751112508773803711e+01,5.861796951293945312e+01,1.569510650634765625e+02,-4.940496921539306641e+00,-6.122916340827941895e-01,6.061010940558830135e-02,7.620000000000000000e+02,1.960121355263221010e-01
7.776020097732543945e+01,5.738118743896484375e+01,1.567937622070312500e+02,-4.943293571472167969e+00,-6.139964461326599121e-01,6.808978528252229712e-02,7.640000000000000000e+02,1.599825884819130739e-01
7.800654506683349609e+01,5.614770126342773438e+01,1.566358337402343750e+02,-4.945901393890380859e+00,-6.175212264060974121e-01,7.512525969920748337e-02,7.670000000000000000e+02,1.572888187837409579e-01
7.825551319122314453e+01,5.490999984741210938e+01,1.564763183593750000e+02,-4.946792602539062500e+00,-6.219705939292907715e-01,7.906543336556760837e-02,7.690000000000000000e+02,1.322337308821044666e-01
7.850555014610290527e+01,5.367987823486328125e+01,1.563162536621093750e+02,-4.946763515472412109e+00,-6.276274919509887695e-01,8.382480733093850001e-02,7.720000000000000000e+02,1.353551580290077994e-01
7.875468420982360840e+01,5.244216156005859375e+01,1.561537322998046875e+02,-4.948927402496337891e+00,-6.341710686683654785e-01,8.496758119688919975e-02,7.740000000000000000e+02,1.220205889909464492e-01
7.901071000099182129e+01,5.119468307495117188e+01,1.559877014160156250e+02,-4.952080249786376953e+00,-6.420308351516723633e-01,8.795432973394619325e-02,7.770000000000000000e+02,1.126460335038020483e-01
7.925888800621032715e+01,4.995793533325195312e+01,1.558205566406250000e+02,-4.954668521881103516e+00,-6.498758792877197266e-01,8.639758081804274625e-02,7.790000000000000000e+02,1.459148244706152675e-01
7.950740814208984375e+01,4.872437286376953125e+01,1.556527862548828125e+02,-4.956076145172119141e+00,-6.574237942695617676e-01,8.840345516144869353e-02,7.820000000000000000e+02,1.177219893367795478e-01
7.976130008697509766e+01,4.748611831665039062e+01,1.554824981689453125e+02,-4.957443237304687500e+00,-6.643967032432556152e-01,8.626912968366803880e-02,7.840000000000000000e+02,1.653597016920813623e-01
8.000883817672729492e+01,4.624276351928710938e+01,1.553103179931640625e+02,-4.958587169647216797e+00,-6.708694696426391602e-01,9.004938261074588168e-02,7.870000000000000000e+02,1.210197966706283573e-01
8.025907707214355469e+01,4.501107406616210938e+01,1.551385650634765625e+02,-4.957357406616210938e+00,-6.771230697631835938e-01,1.100974836829833603e-01,7.890000000000000000e+02,1.901912830390523612e-01
8.050664615631103516e+01,4.377458953857421875e+01,1.549639129638671875e+02,-4.955182075500488281e+00,-6.861241459846496582e-01,1.418257436477887712e-01,7.920000000000000000e+02,1.367489986961236970e-01
8.075794315338134766e+01,4.253457260131835938e+01,1.547852630615234375e+02,-4.951700687408447266e+00,-7.006199955940246582e-01,1.974984538494699571e-01,7.940000000000000000e+02,2.140200541429323200e-01
8.100655722618103027e+01,4.127888488769531250e+01,1.545998382568359375e+02,-4.945374965667724609e+00,-7.232527732849121094e-01,2.519112557723856560e-01,7.970000000000000000e+02,1.309506133775369396e-01
8.125723695755004883e+01,4.004137802124023438e+01,1.544099884033203125e+02,-4.936927318572998047e+00,-7.561875581741333008e-01,3.304426304000681047e-01,7.990000000000000000e+02,2.444870844754848949e-01
8.151156806945800781e+01,3.880630874633789062e+01,1.542110595703125000e+02,-4.927178859710693359e+00,-8.013631105422973633e-01,4.162803828637967607e-01,8.020000000000000000e+02,1.113486963038620575e-01
8.175981807708740234e+01,3.757810592651367188e+01,1.539996337890625000e+02,-4.914751529693603516e+00,-8.609418869018554688e-01,4.884087391366370157e-01,8.040000000000000000e+02,2.382423645687662128e-01
8.200670313835144043e+01,3.634457778930664062e+01,1.537694091796875000e+02,-4.899588108062744141e+00,-9.354515671730041504e-01,5.798644440077206363e-01,8.070000000000000000e+02,4.103961753506074617e-02
8.225913023948669434e+01,3.512780380249023438e+01,1.535217590332031250e+02,-4.879737854003906250e+00,-1.021100282669067383e+00,6.580401385231858802e-01,8.090000000000000000e+02,2.329379840424917192e-01
8.250629496574401855e+01,3.391515350341796875e+01,1.532514343261718750e+02,-4.853058815002441406e+00,-1.120218634605407715e+00,7.373990991927195093e-01,8.120000000000000000e+02,1.089632437180982072e-01
8.275590610504150391e+01,3.270796966552734375e+01,1.529548645019531250e+02,-4.823629856109619141e+00,-1.232523560523986816e+00,8.287929200615054004e-01,8.140000000000000000e+02,2.745878006832571661e-01
8.300629305839538574e+01,3.150456047058105469e+01,1.526277160644531250e+02,-4.791154861450195312e+00,-1.358473420143127441e+00,9.109489603383302825e-01,8.170000000000000000e+02,1.938225726114327641e-01
8.325969004631042480e+01,3.030140304565429688e+01,1.522642669677734375e+02,-4.751346111297607422e+00,-1.499920725822448730e+00,9.952391340669013431e-01,8.190000000000000000e+02,2.988562617869336413e-01
8.351248908042907715e+01,2.912019157409667969e+01,1.518681488037109375e+02,-4.703374862670898438e+00,-1.651379227638244629e+00,1.072710338988480228e+00,8.220000000000000000e+02,1.646863530700224676e-01
8.376074123382568359e+01,2.795572090148925781e+01,1.514341583251953125e+02,-4.644963741302490234e+00,-1.813384056091308594e+00,1.141242690269216320e+00,8.240000000000000000e+02,2.514447903096977965e-01
8.400664901733398438e+01,2.680301475524902344e+01,1.509565277099609375e+02,-4.575191020965576172e+00,-1.985129594802856445e+00,1.197842570608896651e+00,8.270000000000000000e+02,6.045491668037848709e-02
8.426102805137634277e+01,2.567215919494628906e+01,1.504370269775390625e+02,-4.493060111999511719e+00,-2.163505792617797852e+00,1.212788068793565044e+00,8.290000000000000000e+02,2.073916405269807528e-01
8.450510621070861816e+01,2.456310081481933594e+01,1.498738098144531250e+02,-4.399676322937011719e+00,-2.344068288803100586e+00,1.230544932525118762e+00,8.320000000000000000e+02,1.412931526093352541e-01
8.475603604316711426e+01,2.347451019287109375e+01,1.492632446289062500e+02,-4.297898292541503906e+00,-2.524677276611328125e+00,1.199558913711227914e+00,8.340000000000000000e+02,2.682217825803641098e-01
8.500593996047973633e+01,2.240884208679199219e+01,1.486049041748046875e+02,-4.187600612640380859e+00,-2.703289031982421875e+00,1.188479010674514669e+00,8.370000000000000000e+02,3.686950291288721426e-01
8.525891304016113281e+01,2.136482238769531250e+01,1.478968505859375000e+02,-4.071571826934814453e+00,-2.873422622680664062e+00,1.170314707453275371e+00,8.390000000000000000e+02,4.645092703247374333e-01
8.550736618041992188e+01,2.036082077026367188e+01,1.471542663574218750e+02,-3.951083898544311523e+00,-3.034780263900756836e+00,1.093895174917951518e+00,8.420000000000000000e+02,6.382499019896855641e-01
8.575930595397949219e+01,1.939121627807617188e+01,1.463752288818359375e+02,-3.826727867126464844e+00,-3.187917232513427734e+00,1.051914908661473413e+00,8.440000000000000000e+02,7.326205555061654495e-01
8.600634908676147461e+01,1.844942665100097656e+01,1.455577545166015625e+02,-3.706108093261718750e+00,-3.328287601470947266e+00,9.600608772935966817e-01,8.460000000000000000e+02,8.931651368413685566e-01
8.625766515731811523e+01,1.753453636169433594e+01,1.447033691406250000e+02,-3.587349414825439453e+00,-3.460291147232055664e+00,9.099129503027464372e-01,8.490000000000000000e+02,1.073297858650327452e+00
8.650988221168518066e+01,1.665683746337890625e+01,1.438258514404296875e+02,-3.474280595779418945e+00,-3.577731132507324219e+00,8.105145229400005924e-01,8.510000000000000000e+02,1.216043335207675158e+00
8.675813412666320801e+01,1.580355644226074219e+01,1.429160003662109375e+02,-3.364208698272705078e+00,-3.685463905334472656e+00,7.527927841612630511e-01,8.540000000000000000e+02,1.359996116225445917e+00
8.700791120529174805e+01,1.497100925445556641e+01,1.419725189208984375e+02,-3.261498689651489258e+00,-3.781537294387817383e+00,6.516625233474978574e-01,8.560000000000000000e+02,1.430354898530602492e+00
8.726233816146850586e+01,1.415979766845703125e+01,1.410005187988281250e+02,-3.162302494049072266e+00,-3.866014480590820312e+00,5.899151094430518105e-01,8.590000000000000000e+02,1.495594915048448659e+00
8.751009988784790039e+01,1.338258647918701172e+01,1.400224914550781250e+02,-3.073066711425781250e+00,-3.935399055480957031e+00,4.906903529682518084e-01,8.610000000000000000e+02,1.509458028303745314e+00
8.776122212409973145e+01,1.262701988220214844e+01,1.390289154052734375e+02,-2.993301153182983398e+00,-3.998638153076171875e+00,4.294682440196691542e-01,8.640000000000000000e+02,1.514026960259804655e+00
8.800700902938842773e+01,1.189205074310302734e+01,1.380231628417968750e+02,-2.926188230514526367e+00,-4.054225921630859375e+00,3.386395437156158872e-01,8.660000000000000000e+02,1.480395318433120666e+00
8.825982809066772461e+01,1.116744422912597656e+01,1.369968261718750000e+02,-2.867352724075317383e+00,-4.103559970855712891e+00,2.807975709614259907e-01,8.690000000000000000e+02,1.437931631520380282e+00
8.850888800621032715e+01,1.046170043945312500e+01,1.359671020507812500e+02,-2.818755865097045898e+00,-4.143451690673828125e+00,1.998092771317080685e-01,8.710000000000000000e+02,1.370067499795609267e+00
8.876117086410522461e+01,9.764846801757812500e+00,1.349244079589843750e+02,-2.776178359985351562e+00,-4.173721313476562500e+00,1.463168201443519889e-01,8.740000000000000000e+02,1.292764067082006418e+00
8.901100516319274902e+01,9.075759887695312500e+00,1.338726043701171875e+02,-2.742109060287475586e+00,-4.194903850555419922e+00,7.733528177006876447e-02,8.760000000000000000e+02,1.202527057491697748e+00
8.926288819313049316e+01,8.385221481323242188e+00,1.328023223876953125e+02,-2.715187311172485352e+00,-4.210761070251464844e+00,3.015289596836144212e-02,8.790000000000000000e+02,1.097157029184442134e+00
8.950711131095886230e+01,7.708955287933349609e+00,1.317426605224609375e+02,-2.696508407592773438e+00,-4.219775199890136719e+00,-2.548065268931805696e-02,8.810000000000000000e+02,1.003135715758270319e+00
8.976273822784423828e+01,7.036551475524902344e+00,1.306804046630859375e+02,-2.685372591018676758e+00,-4.222938060760498047e+00,-7.177438592520511695e-02,8.840000000000000000e+02,8.789521492137273295e-01
9.001185989379882812e+01,6.368381977081298828e+00,1.296209564208984375e+02,-2.682761907577514648e+00,-4.220564365386962891e+00,-1.032138009588016991e-01,8.860000000000000000e+02,7.889032103003589258e-01
9.025860404968261719e+01,5.698047637939453125e+00,1.285586090087890625e+02,-2.686406612396240234e+00,-4.214365005493164062e+00,-1.339570942356227701e-01,8.890000000000000000e+02,6.532444153233348816e-01
9.050834512710571289e+01,5.028065204620361328e+00,1.275015335083007812e+02,-2.694953203201293945e+00,-4.204753398895263672e+00,-1.566642829438812945e-01,8.910000000000000000e+02,5.825566946253205591e-01
9.075896406173706055e+01,4.354385375976562500e+00,1.264470825195312500e+02,-2.708686828613281250e+00,-4.191028594970703125e+00,-1.732076165875638951e-01,8.940000000000000000e+02,4.381814315126247306e-01
9.101052308082580566e+01,3.673654556274414062e+00,1.253921737670898438e+02,-2.726787090301513672e+00,-4.175803184509277344e+00,-1.862731368171121893e-01,8.960000000000000000e+02,4.090229745490312485e-01
9.126026701927185059e+01,2.986032009124755859e+00,1.243368988037109375e+02,-2.747555971145629883e+00,-4.159265041351318359e+00,-1.923889380620368017e-01,8.990000000000000000e+02,2.430512750841904157e-01
9.151358318328857422e+01,2.288124561309814453e+00,1.232787094116210938e+02,-2.770038843154907227e+00,-4.140546798706054688e+00,-1.991846549581295922e-01,9.020000000000000000e+02,2.728493298383031784e-01
9.175933790206909180e+01,1.591007590293884277e+00,1.222367095947265625e+02,-2.792932987213134766e+00,-4.119125366210937500e+00,-1.956788811060677646e-01,9.040000000000000000e+02,8.359407430186634180e-02
9.200952911376953125e+01,8.902302980422973633e-01,1.212033157348632812e+02,-2.817038536071777344e+00,-4.097023010253906250e+00,-1.952794062778921702e-01,9.070000000000000000e+02,2.069513065233994087e-01
9.225918102264404297e+01,1.813376396894454956e-01,1.201719284057617188e+02,-2.841640233993530273e+00,-4.075887203216552734e+00,-1.853614867675424105e-01,9.090000000000000000e+02,7.701583749141906188e-02
9.250905013084411621e+01,-5.355331301689147949e-01,1.191437988281250000e+02,-2.866665124893188477e+00,-4.055337905883789062e+00,-1.809497782733704707e-01,9.120000000000000000e+02,2.164084820888024507e-01
9.275729513168334961e+01,-1.251275062561035156e+00,1.181317749023437500e+02,-2.891365528106689453e+00,-4.036861896514892578e+00,-1.665915137415485137e-01,9.140000000000000000e+02,1.699607869053778586e-01
9.300729107856750488e+01,-1.972963690757751465e+00,1.171239395141601562e+02,-2.915173530578613281e+00,-4.018640041351318359e+00,-1.591214908882422896e-01,9.170000000000000000e+02,2.718003765820011797e-01
9.325957703590393066e+01,-2.703488826751708984e+00,1.161146926879882812e+02,-2.939083814620971680e+00,-4.003106594085693359e+00,-1.427538430463519692e-01,9.190000000000000000e+02,2.387209429876471778e-01
9.350996708869934082e+01,-3.445215940475463867e+00,1.151033477783203125e+02,-2.964494228363037109e+00,-3.989980697631835938e+00,-1.328774025349714616e-01,9.220000000000000000e+02,3.047112967626880442e-01
9.376112818717956543e+01,-4.186283111572265625e+00,1.141049041748046875e+02,-2.989294528961181641e+00,-3.979320049285888672e+00,-1.140616346219724964e-01,9.240000000000000000e+02,2.841641051351624370e-01
9.400860428810119629e+01,-4.933860778808593750e+00,1.131082382202148438e+02,-3.013000726699829102e+00,-3.969800949096679688e+00,-1.023413341204462423e-01,9.270000000000000000e+02,3.245785204828009474e-01
9.426187610626220703e+01,-5.684692382812500000e+00,1.121160812377929688e+02,-3.034209489822387695e+00,-3.960974931716918945e+00,-8.344281445464754587e-02,9.290000000000000000e+02,3.035364372629881236e-01
9.450877118110656738e+01,-6.446111679077148438e+00,1.111188659667968750e+02,-3.053815603256225586e+00,-3.952193260192871094e+00,-7.078091118768976842e-02,9.320000000000000000e+02,3.216551132121309164e-01
9.475658607482910156e+01,-7.205168247222900391e+00,1.101331634521484375e+02,-3.069854021072387695e+00,-3.942406892776489258e+00,-5.179767139203026588e-02,9.340000000000000000e+02,3.061008269251009883e-01
9.500867724418640137e+01,-7.971056461334228516e+00,1.091453323364257812e+02,-3.083000659942626953e+00,-3.931808233261108398e+00,-3.846817537329624143e-02,9.370000000000000000e+02,3.038017186794670366e-01
9.525741910934448242e+01,-8.743110656738281250e+00,1.081556625366210938e+02,-3.094054937362670898e+00,-3.922283411026000977e+00,-2.096016984579352621e-02,9.390000000000000000e+02,2.971836456533420434e-01
9.551284098625183105e+01,-9.528301239013671875e+00,1.071555709838867188e+02,-3.102124214172363281e+00,-3.912489175796508789e+00,-8.038801783971219472e-03,9.420000000000000000e+02,2.598885529661522642e-01
9.576069188117980957e+01,-1.030534458160400391e+01,1.061709136962890625e+02,-3.107056379318237305e+00,-3.902830123901367188e+00,7.275243288410658017e-03,9.440000000000000000e+02,2.917477127255684310e-01
9.600774717330932617e+01,-1.108354091644287109e+01,1.051888580322265625e+02,-3.109781026840209961e+00,-3.893793344497680664e+00,2.084464585629419026e-02,9.470000000000000000e+02,2.126194698866364641e-01
9.626218414306640625e+01,-1.185889434814453125e+01,1.042115020751953125e+02,-3.110213279724121094e+00,-3.886989593505859375e+00,3.049850217175429506e-02,9.490000000000000000e+02,2.730095353214787579e-01
9.651075720787048340e+01,-1.263648700714111328e+01,1.032328414916992188e+02,-3.110631227493286133e+00,-3.883046150207519531e+00,4.003113116153891177e-02,9.520000000000000000e+02,1.638425869091697240e-01
9.675610113143920898e+01,-1.341145801544189453e+01,1.022586898803710938e+02,-3.110991716384887695e+00,-3.881266117095947266e+00,4.838461802998073741e-02,9.540000000000000000e+02,2.554717812111679809e-01
9.700657010078430176e+01,-1.418644714355468750e+01,1.012847137451171875e+02,-3.110320091247558594e+00,-3.880586147308349609e+00,5.534753724549205250e-02,9.570000000000000000e+02,1.145992710884540938e-01
9.725927495956420898e+01,-1.496342277526855469e+01,1.003062515258789062e+02,-3.109321355819702148e+00,-3.881971836090087891e+00,6.164687695683039592e-02,9.590000000000000000e+02,2.463610370831523233e-01
9.750966310501098633e+01,-1.574258327484130859e+01,9.932439422607421875e+01,-3.107798576354980469e+00,-3.884108304977416992e+00,6.587042390346503629e-02,9.620000000000000000e+02,6.552408397330003464e-02
9.776085305213928223e+01,-1.652661514282226562e+01,9.833687591552734375e+01,-3.105512380599975586e+00,-3.885081529617309570e+00,7.215948313557729588e-02,9.650000000000000000e+02,2.359399414657940841e-01
9.801009511947631836e+01,-1.730139160156250000e+01,9.735932922363281250e+01,-3.102607250213623047e+00,-3.886831998825073242e+00,7.499455082181141763e-02,9.670000000000000000e+02,3.052047736119907137e-02
9.826256203651428223e+01,-1.807184028625488281e+01,9.638439178466796875e+01,-3.098904132843017578e+00,-3.890628337860107422e+00,7.847915972361869941e-02,9.700000000000000000e+02,2.226603554097759119e-01
9.851410317420959473e+01,-1.884361648559570312e+01,9.540629577636718750e+01,-3.095729112625122070e+00,-3.895530462265014648e+00,7.853374496108309066e-02,9.720000000000000000e+02,3.654355311446542964e-02
9.875880026817321777e+01,-1.961764335632324219e+01,9.442433929443359375e+01,-3.093565464019775391e+00,-3.900897026062011719e+00,8.220934902296404834e-02,9.750000000000000000e+02,2.102517615980951937e-01
9.900954604148864746e+01,-2.038092803955078125e+01,9.345294189453125000e+01,-3.089723825454711914e+00,-3.905743598937988281e+00,8.071705542047732940e-02,9.770000000000000000e+02,6.557354313770955012e-02
9.925866103172302246e+01,-2.114446258544921875e+01,9.247729492187500000e+01,-3.085916042327880859e+00,-3.912788391113281250e+00,8.134339027365972141e-02,9.800000000000000000e+02,2.236176620851041408e-01
9.950809502601623535e+01,-2.191299438476562500e+01,9.149297332763671875e+01,-3.084313392639160156e+00,-3.921013116836547852e+00,7.856489662838811450e-02,9.820000000000000000e+02,9.265246766491423702e-02
9.975973105430603027e+01,-2.268700027465820312e+01,9.049942016601562500e+01,-3.082918882369995117e+00,-3.928611993789672852e+00,7.999801078628844542e-02,9.850000000000000000e+02,2.069534151228401009e-01
1.000095381736755371e+02,-2.345409011840820312e+01,8.951271057128906250e+01,-3.080877542495727539e+00,-3.935023069381713867e+00,7.688510637207400522e-02,9.870000000000000000e+02,1.266494948657538866e-01
1.002631642818450928e+02,-2.422066879272460938e+01,8.852348327636718750e+01,-3.077466011047363281e+00,-3.940241813659667969e+00,7.714809402510947045e-02,9.900000000000000000e+02,1.982440908091273601e-01
1.005097310543060303e+02,-2.498407554626464844e+01,8.753638458251953125e+01,-3.073272705078125000e+00,-3.944139003753662109e+00,7.428920170766466213e-02,9.920000000000000000e+02,1.505181815685517066e-01
1.007626411914825439e+02,-2.575171089172363281e+01,8.654140472412109375e+01,-3.068662643432617188e+00,-3.947739362716674805e+00,8.629409857273839801e-02,9.950000000000000000e+02,1.869465354475843277e-01
1.010087130069732666e+02,-2.651039886474609375e+01,8.555506134033203125e+01,-3.062769651412963867e+00,-3.950356483459472656e+00,1.203386352500804141e-01,9.970000000000000000e+02,1.712184709007946726e-01
1.012589650154113770e+02,-2.727034378051757812e+01,8.456316375732421875e+01,-3.053006649017333984e+00,-3.954471826553344727e+00,1.606305214207865428e-01,1.000000000000000000e+03,1.806824572866570777e-01
1.015090479850769043e+02,-2.803034400939941406e+01,8.356644439697265625e+01,-3.038110733032226562e+00,-3.963193655014038086e+00,2.269090533123072351e-01,1.002000000000000000e+03,1.871365611122593198e-01
1.017600979804992676e+02,-2.879596138000488281e+01,8.255403137207031250e+01,-3.014876365661621094e+00,-3.977092504501342773e+00,3.057188548396354566e-01,1.005000000000000000e+03,1.475873329240628695e-01
1.020117990970611572e+02,-2.954416465759277344e+01,8.155077362060546875e+01,-2.979701757431030273e+00,-3.997861862182617188e+00,3.726904762531618176e-01,1.007000000000000000e+03,2.066471926407172643e-01
1.022631599903106689e+02,-3.028210258483886719e+01,8.054101562500000000e+01,-2.933437824249267578e+00,-4.026671409606933594e+00,4.614500618990640124e-01,1.010000000000000000e+03,1.010998079169520697e-01
1.025116899013519287e+02,-3.100502395629882812e+01,7.952767181396484375e+01,-2.877141475677490234e+00,-4.062687397003173828e+00,5.379164935306421924e-01,1.012000000000000000e+03,1.949820265724420409e-01
1.027603070735931396e+02,-3.171470260620117188e+01,7.850141143798828125e+01,-2.808371305465698242e+00,-4.109321117401123047e+00,6.318167785050341489e-01,1.015000000000000000e+03,5.452571360308563347e-02
1.030119001865386963e+02,-3.240378952026367188e+01,7.746549224853515625e+01,-2.728157043457031250e+00,-4.163509368896484375e+00,7.129704664560255756e-01,1.017000000000000000e+03,2.230015707024264049e-01
1.032623741626739502e+02,-3.307104492187500000e+01,7.641658020019531250e+01,-2.633359909057617188e+00,-4.222834110260009766e+00,8.051795589602845915e-01,1.020000000000000000e+03,1.702321157080943226e-01
1.035063061714172363e+02,-3.371329116821289062e+01,7.535166168212890625e+01,-2.524213790893554688e+00,-4.287556648254394531e+00,8.855972330360538658e-01,1.022000000000000000e+03,3.027675518563391344e-01
1.037571671009063721e+02,-3.432820892333984375e+01,7.426673126220703125e+01,-2.399844646453857422e+00,-4.359268665313720703e+00,9.691529195799954977e-01,1.025000000000000000e+03,2.047707963960992972e-01
1.040120570659637451e+02,-3.491438293457031250e+01,7.315628814697265625e+01,-2.261035919189453125e+00,-4.434912204742431641e+00,1.046842613662285260e+00,1.028000000000000000e+03,2.824162632774439574e-01
1.042610991001129150e+02,-3.545874404907226562e+01,7.203705596923828125e+01,-2.110123634338378906e+00,-4.511016368865966797e+00,1.119945709323878269e+00,1.030000000000000000e+03,1.492786159816710256e-01
1.045098800659179688e+02,-3.596252441406250000e+01,7.090148162841796875e+01,-1.945352435111999512e+00,-4.586608409881591797e+00,1.183928972236817589e+00,1.033000000000000000e+03,2.047678064271905019e-01
1.047599401473999023e+02,-3.642555236816406250e+01,6.974282836914062500e+01,-1.765419244766235352e+00,-4.660033226013183594e+00,1.248437510471404499e+00,1.035000000000000000e+03,7.044472107086403867e-02
1.050083110332489014e+02,-3.684407043457031250e+01,6.856201934814453125e+01,-1.571600198745727539e+00,-4.729116439819335938e+00,1.310422075710097722e+00,1.038000000000000000e+03,1.863857871737716609e-01
1.052569811344146729e+02,-3.720894622802734375e+01,6.737628173828125000e+01,-1.365720748901367188e+00,-4.790420532226562500e+00,1.348721133542110762e+00,1.040000000000000000e+03,1.993346095442259380e-01
1.055120079517364502e+02,-3.752167510986328125e+01,6.617146301269531250e+01,-1.145750403404235840e+00,-4.845084190368652344e+00,1.395468323820916234e+00,1.043000000000000000e+03,3.393585555733940606e-01
1.057614450454711914e+02,-3.777999496459960938e+01,6.494612884521484375e+01,-9.173638820648193359e-01,-4.891602993011474609e+00,1.418451710631308371e+00,1.045000000000000000e+03,4.021763586047851224e-01
1.060118660926818848e+02,-3.798120117187500000e+01,6.370223999023437500e+01,-6.782993674278259277e-01,-4.927847862243652344e+00,1.457645277553193841e+00,1.048000000000000000e+03,5.422815301449737113e-01
1.062639701366424561e+02,-3.811984634399414062e+01,6.246306610107421875e+01,-4.342099428176879883e-01,-4.953620433807373047e+00,1.492901923077250892e+00,1.050000000000000000e+03,6.204469855618894858e-01
1.065136110782623291e+02,-3.819624710083007812e+01,6.121912765502929688e+01,-1.816898584365844727e-01,-4.968170642852783203e+00,1.492148662755563793e+00,1.053000000000000000e+03,7.693092501747474943e-01
1.067601761817932129e+02,-3.820872879028320312e+01,5.997693634033203125e+01,7.574345916509628296e-02,-4.971810340881347656e+00,1.516144107082407100e+00,1.055000000000000000e+03,8.330014499895543878e-01
1.070128402709960938e+02,-3.815648269653320312e+01,5.872705078125000000e+01,3.372267484664916992e-01,-4.963152408599853516e+00,1.505818991155780218e+00,1.057000000000000000e+03,9.473064085496957221e-01
1.072580862045288086e+02,-3.804016876220703125e+01,5.749274444580078125e+01,5.975087881088256836e-01,-4.940596580505371094e+00,1.517732726049800807e+00,1.060000000000000000e+03,1.036330373822325734e+00
1.075106492042541504e+02,-3.785799789428710938e+01,5.626100158691406250e+01,8.582818508148193359e-01,-4.903854846954345703e+00,1.516175978677466007e+00,1.062000000000000000e+03,1.115799792746424490e+00
1.077595520019531250e+02,-3.760947036743164062e+01,5.503538894653320312e+01,1.120171427726745605e+00,-4.853220939636230469e+00,1.448500492126958639e+00,1.065000000000000000e+03,1.222612895330844607e+00
1.080096361637115479e+02,-3.729141998291015625e+01,5.380787658691406250e+01,1.379259109497070312e+00,-4.788258075714111328e+00,1.415819107483112127e+00,1.067000000000000000e+03,1.272227534796183113e+00
1.082604501247406006e+02,-3.691697692871093750e+01,5.261827850341796875e+01,1.619271397590637207e+00,-4.712497711181640625e+00,1.374706159989219412e+00,1.069000000000000000e+03,1.350114917947341064e+00
1.085114622116088867e+02,-3.648382186889648438e+01,5.144973754882812500e+01,1.852891206741333008e+00,-4.627759456634521484e+00,1.262940123003441606e+00,1.072000000000000000e+03,1.418463410654250634e+00
1.087622210979461670e+02,-3.599513626098632812e+01,5.030700683593750000e+01,2.074568510055541992e+00,-4.538872241973876953e+00,1.200861278698606149e+00,1.074000000000000000e+03,1.471701147731796500e+00
1.090129342079162598e+02,-3.545124053955078125e+01,4.918210983276367188e+01,2.277064561843872070e+00,-4.450510978698730469e+00,1.139830125786661430e+00,1.076000000000000000e+03,1.549031297853944666e+00
1.092627871036529541e+02,-3.485970306396484375e+01,4.808227157592773438e+01,2.466081857681274414e+00,-4.358484745025634766e+00,1.012097359434700694e+00,1.079000000000000000e+03,1.612262344516906198e+00
1.095103752613067627e+02,-3.422225189208984375e+01,4.700541305541992188e+01,2.640613555908203125e+00,-4.262953758239746094e+00,9.353058339916746622e-01,1.081000000000000000e+03,1.684383804408288166e+00
1.097614550590515137e+02,-3.354038238525390625e+01,4.594749832153320312e+01,2.794582843780517578e+00,-4.171142578125000000e+00,8.046725678421517980e-01,1.083000000000000000e+03,1.787356565620312754e+00
1.100087900161743164e+02,-3.281850433349609375e+01,4.490848541259765625e+01,2.932858467102050781e+00,-4.080677509307861328e+00,7.244352192583030092e-01,1.086000000000000000e+03,1.835785313678153674e+00
1.102627220153808594e+02,-3.205895614624023438e+01,4.388361740112304688e+01,3.051157474517822266e+00,-3.994413375854492188e+00,5.968824106484872383e-01,1.089000000000000000e+03,1.873312749226405671e+00
1.105100121498107910e+02,-3.127898597717285156e+01,4.289002609252929688e+01,3.152513504028320312e+00,-3.913330554962158203e+00,4.742475694378195938e-01,1.091000000000000000e+03,1.852628466498280391e+00
1.107612481117248535e+02,-3.047849464416503906e+01,4.191865921020507812e+01,3.235243797302246094e+00,-3.843376874923706055e+00,3.985050730218106518e-01,1.094000000000000000e+03,1.820995650770288909e+00
1.110129220485687256e+02,-2.965641784667968750e+01,4.096044158935546875e+01,3.302983283996582031e+00,-3.783139228820800781e+00,2.926009254715348229e-01,1.096000000000000000e+03,1.749868591645598714e+00
1.112620451450347900e+02,-2.881477165222167969e+01,4.001330184936523438e+01,3.360265970230102539e+00,-3.729537963867187500e+00,2.213054513006813273e-01,1.099000000000000000e+03,1.666824620254454326e+00
1.115086309909820557e+02,-2.796808815002441406e+01,3.908753967285156250e+01,3.403744935989379883e+00,-3.686097383499145508e+00,1.289247333761720238e-01,1.101000000000000000e+03,1.561040552922159597e+00
1.117622582912445068e+02,-2.710839462280273438e+01,3.816791915893554688e+01,3.437653541564941406e+00,-3.649877309799194336e+00,6.526814301961633702e-02,1.104000000000000000e+03,1.444455572353825712e+00
1.120121510028839111e+02,-2.623560905456542969e+01,3.724990463256835938e+01,3.460688829421997070e+00,-3.623172044754028320e+00,-1.023241538555481368e-02,1.106000000000000000e+03,1.316952588709361160e+00
1.122665531635284424e+02,-2.535152053833007812e+01,3.632990264892578125e+01,3.474653005599975586e+00,-3.603673458099365234e+00,-6.354993115906132362e-02,1.109000000000000000e+03,1.175734660810264121e+00
1.125137081146240234e+02,-2.447422981262207031e+01,3.542332458496093750e+01,3.478522062301635742e+00,-3.591924667358398438e+00,-1.200515764699845445e-01,1.111000000000000000e+03,1.047068784096723659e+00
1.127608501911163330e+02,-2.359719657897949219e+01,3.451930618286132812e+01,3.475107908248901367e+00,-3.586538076400756836e+00,-1.613836316721481423e-01,1.114000000000000000e+03,8.941582532947589534e-01
1.130158910751342773e+02,-2.272479057312011719e+01,3.361945343017578125e+01,3.465433120727539062e+00,-3.588342905044555664e+00,-1.995368279108815091e-01,1.116000000000000000e+03,7.729854115557389660e-01
1.132652001380920410e+02,-2.184972953796386719e+01,3.271254730224609375e+01,3.451508045196533203e+00,-3.597007513046264648e+00,-2.295399591111859927e-01,1.119000000000000000e+03,6.163257838435199920e-01
1.135110840797424316e+02,-2.098770141601562500e+01,3.181215667724609375e+01,3.432677507400512695e+00,-3.610438585281372070e+00,-2.507059548792243686e-01,1.121000000000000000e+03,5.163255079756812194e-01
1.137603662014007568e+02,-2.013021087646484375e+01,3.090767860412597656e+01,3.408323526382446289e+00,-3.626094818115234375e+00,-2.692262961548587685e-01,1.124000000000000000e+03,3.628230799923715111e-01
1.140097811222076416e+02,-1.927723312377929688e+01,2.999757194519042969e+01,3.382838010787963867e+00,-3.647410392761230469e+00,-2.760640687458590925e-01,1.126000000000000000e+03,2.975969867458515550e-01
1.142634239196777344e+02,-1.841969108581542969e+01,2.906965255737304688e+01,3.356518268585205078e+00,-3.674193382263183594e+00,-2.859405822108214146e-01,1.129000000000000000e+03,1.385010665804408403e-01
1.145122060775756836e+02,-1.758018112182617188e+01,2.814678382873535156e+01,3.329422950744628906e+00,-3.702934503555297852e+00,-2.812273444090439556e-01,1.131000000000000000e+03,1.943704097669016750e-01
1.147652080059051514e+02,-1.674740409851074219e+01,2.721656608581542969e+01,3.300567150115966797e+00,-3.732910633087158203e+00,-2.826402870808894519e-01,1.134000000000000000e+03,8.406898982576738177e-02
1.150134851932525635e+02,-1.592397689819335938e+01,2.628147888183593750e+01,3.271312952041625977e+00,-3.762746572494506836e+00,-2.688909816593470503e-01,1.136000000000000000e+03,2.402144877240160736e-01
1.152612862586975098e+02,-1.510444450378417969e+01,2.533520507812500000e+01,3.240963459014892578e+00,-3.792615652084350586e+00,-2.639363537326617770e-01,1.139000000000000000e+03,2.189426069948919029e-01
1.155080521106719971e+02,-1.429466056823730469e+01,2.438397216796875000e+01,3.209726572036743164e+00,-3.820696592330932617e+00,-2.429627539885068632e-01,1.141000000000000000e+03,3.391400833108739188e-01
1.157637310028076172e+02,-1.349196815490722656e+01,2.342480468750000000e+01,3.177231073379516602e+00,-3.846102952957153320e+00,-2.321245274844598305e-01,1.144000000000000000e+03,3.235219088866612691e-01
1.160100343227386475e+02,-1.269399833679199219e+01,2.245516777038574219e+01,3.144956588745117188e+00,-3.869673013687133789e+00,-2.062886669627662650e-01,1.146000000000000000e+03,4.208511767944101423e-01
1.162624099254608154e+02,-1.190015506744384766e+01,2.147543144226074219e+01,3.113598108291625977e+00,-3.891819238662719727e+00,-1.915469951630942025e-01,1.149000000000000000e+03,3.887921164287079789e-01
1.165165331363677979e+02,-1.110909080505371094e+01,2.048446655273437500e+01,3.082951545715332031e+00,-3.909436702728271484e+00,-1.643508926312750307e-01,1.152000000000000000e+03,4.731803263394456782e-01
1.167659382820129395e+02,-1.033363056182861328e+01,1.949911880493164062e+01,3.053567171096801758e+00,-3.924716949462890625e+00,-1.369094690677613024e-01,1.154000000000000000e+03,4.201875375011474567e-01
1.170141661167144775e+02,-9.567291259765625000e+00,1.851363372802734375e+01,3.028156042098999023e+00,-3.937747716903686523e+00,-1.210597544717453428e-01,1.157000000000000000e+03,4.794760429713680328e-01
1.172628021240234375e+02,-8.804293632507324219e+00,1.752226638793945312e+01,3.007182598114013672e+00,-3.950677871704101562e+00,-1.057964836668066483e-01,1.159000000000000000e+03,4.222530963600906184e-01
1.175134429931640625e+02,-8.044725418090820312e+00,1.652463340759277344e+01,2.987627983093261719e+00,-3.964152812957763672e+00,-7.990510356386658353e-02,1.162000000000000000e+03,4.617750518225921530e-01
1.177632849216461182e+02,-7.297938346862792969e+00,1.553423976898193359e+01,2.969696283340454102e+00,-3.975712537765502930e+00,-6.229183909825522503e-02,1.164000000000000000e+03,3.991996812352135438e-01
1.180107812881469727e+02,-6.552581310272216797e+00,1.453843116760253906e+01,2.955267429351806641e+00,-3.985547304153442383e+00,-3.906291539454499057e-02,1.167000000000000000e+03,4.340170151137132670e-01
1.182607090473175049e+02,-5.804827213287353516e+00,1.353310108184814453e+01,2.944468259811401367e+00,-3.994957208633422852e+00,-1.843079014760637055e-02,1.169000000000000000e+03,3.582116643611288898e-01
1.185133740901947021e+02,-5.055006504058837891e+00,1.251908683776855469e+01,2.936565160751342773e+00,-4.002733230590820312e+00,-4.223763783928580207e-03,1.172000000000000000e+03,3.783212039992209230e-01
1.187608242034912109e+02,-4.315194606781005859e+00,1.151426792144775391e+01,2.930788516998291016e+00,-4.008050441741943359e+00,1.238805405113383752e-02,1.174000000000000000e+03,3.066399079466198274e-01
1.190107271671295166e+02,-3.576711654663085938e+00,1.050965404510498047e+01,2.926495313644409180e+00,-4.010720252990722656e+00,2.403938768743456994e-02,1.177000000000000000e+03,3.252719131136645458e-01
1.192655532360076904e+02,-2.841491699218750000e+00,9.508416175842285156e+00,2.924662590026855469e+00,-4.012849330902099609e+00,3.633268808957115098e-02,1.179000000000000000e+03,2.479724795248297586e-01
1.195141692161560059e+02,-2.101927757263183594e+00,8.499752998352050781e+00,2.924962520599365234e+00,-4.015893459320068359e+00,4.663054506216326306e-02,1.182000000000000000e+03,2.735421040804167925e-01
1.197637681961059570e+02,-1.371334791183471680e+00,7.503064632415771484e+00,2.925912141799926758e+00,-4.016931056976318359e+00,5.619130877260185286e-02,1.184000000000000000e+03,1.871439767468922599e-01
1.200107882022857666e+02,-6.386517286300659180e-01,6.504693508148193359e+00,2.928708314895629883e+00,-4.017515659332275391e+00,6.428438835258808159e-02,1.187000000000000000e+03,2.417424237357886363e-01
1.202602748870849609e+02,9.803286939859390259e-02,5.502475738525390625e+00,2.934364080429077148e+00,-4.019981861114501953e+00,7.054071697967222165e-02,1.189000000000000000e+03,1.284757075420686900e-01
1.205136151313781738e+02,8.465667963027954102e-01,4.486711025238037109e+00,2.941647291183471680e+00,-4.022349834442138672e+00,7.689548468512950874e-02,1.192000000000000000e+03,1.965839025308710464e-01
1.207673721313476562e+02,1.588076591491699219e+00,3.482734918594360352e+00,2.949091911315917969e+00,-4.024198532104492188e+00,8.046590961939924236e-02,1.194000000000000000e+03,9.707828742989310644e-02
1.210169260501861572e+02,2.332467555999755859e+00,2.476792335510253906e+00,2.955595016479492188e+00,-4.023916244506835938e+00,8.572864571894499297e-02,1.197000000000000000e+03,1.690108977461816375e-01
1.212617831230163574e+02,3.076491355895996094e+00,1.474011421203613281e+00,2.960589170455932617e+00,-4.020903110504150391e+00,8.716987895320306434e-02,1.199000000000000000e+03,8.804776074109602058e-02
1.215142710208892822e+02,3.823842525482177734e+00,4.686360657215118408e-01,2.965230941772460938e+00,-4.016665935516357422e+00,9.125360568548936124e-02,1.202000000000000000e+03,1.535852919068333988e-01
1.217607760429382324e+02,4.569817066192626953e+00,-5.324656367301940918e-01,2.969259500503540039e+00,-4.011583328247070312e+00,9.110586778257180607e-02,1.204000000000000000e+03,1.061488806260085516e-01
1.220118660926818848e+02,5.317620277404785156e+00,-1.532486319541931152e+00,2.973144292831420898e+00,-4.005290508270263672e+00,9.381312991803139600e-02,1.207000000000000000e+03,1.547133964296942277e-01
1.222594370841979980e+02,6.070092201232910156e+00,-2.535166501998901367e+00,2.978355646133422852e+00,-3.999264717102050781e+00,9.097255617798108429e-02,1.209000000000000000e+03,1.351449643657341160e-01
1.225125482082366943e+02,6.826446533203125000e+00,-3.538880109786987305e+00,2.983743667602539062e+00,-3.992203235626220703e+00,9.125894205214452048e-02,1.212000000000000000e+03,1.510606850102475252e-01
1.227667980194091797e+02,7.587856769561767578e+00,-4.547185897827148438e+00,2.987448453903198242e+00,-3.984711408615112305e+00,8.744694767003520497e-02,1.214000000000000000e+03,1.778586791009140189e-01
1.230157060623168945e+02,8.342464447021484375e+00,-5.543870449066162109e+00,2.991544485092163086e+00,-3.977891921997070312e+00,8.778678103767052765e-02,1.217000000000000000e+03,1.504243066468029522e-01
1.232619950771331787e+02,9.096505165100097656e+00,-6.536067962646484375e+00,2.996625423431396484e+00,-3.972262144088745117e+00,8.259819451556299486e-02,1.219000000000000000e+03,1.976421125386399191e-01
1.235156021118164062e+02,9.853900909423828125e+00,-7.530181407928466797e+00,3.001856803894042969e+00,-3.967774868011474609e+00,8.226909867786350028e-02,1.222000000000000000e+03,1.606330010735540492e-01
1.237622132301330566e+02,1.061492729187011719e+01,-8.526664733886718750e+00,3.006984472274780273e+00,-3.963864803314208984e+00,7.708979249164024661e-02,1.224000000000000000e+03,2.193451039194750651e-01
1.240149612426757812e+02,1.136928653717041016e+01,-9.511826515197753906e+00,3.011079072952270508e+00,-3.959316730499267578e+00,7.636241938784357752e-02,1.227000000000000000e+03,1.679733531041441574e-01
1.242609910964965820e+02,1.212526702880859375e+01,-1.049561214447021484e+01,3.015798330307006836e+00,-3.953927755355834961e+00,7.553856708819471633e-02,1.229000000000000000e+03,2.199974853041970213e-01
1.245128560066223145e+02,1.288706111907958984e+01,-1.148465728759765625e+01,3.023014545440673828e+00,-3.950837612152099609e+00,9.214685184272121410e-02,1.232000000000000000e+03,1.722010375309214747e-01
1.247662851810455322e+02,1.365598487854003906e+01,-1.248015213012695312e+01,3.031741380691528320e+00,-3.948119640350341797e+00,1.340166275133850560e-01,1.234000000000000000e+03,2.349417467189449937e-01
1.250173733234405518e+02,1.442084026336669922e+01,-1.346532726287841797e+01,3.044265747070312500e+00,-3.941584110260009766e+00,1.790360773651547555e-01,1.237000000000000000e+03,1.624316273667664734e-01
1.252631909847259521e+02,1.519061183929443359e+01,-1.444881439208984375e+01,3.064094781875610352e+00,-3.930065631866455078e+00,2.499658943594122718e-01,1.239000000000000000e+03,2.344490943470348143e-01
1.255146312713623047e+02,1.596350193023681641e+01,-1.542613792419433594e+01,3.090727329254150391e+00,-3.913059949874877930e+00,3.146881400381070781e-01,1.242000000000000000e+03,1.399457843990488393e-01
1.257630300521850586e+02,1.674906349182128906e+01,-1.640497016906738281e+01,3.126513004302978516e+00,-3.886742115020751953e+00,4.031853148994467007e-01,1.244000000000000000e+03,2.252490870548673751e-01
1.260133302211761475e+02,1.753666305541992188e+01,-1.736709594726562500e+01,3.169910907745361328e+00,-3.850144386291503906e+00,4.782714597550532520e-01,1.247000000000000000e+03,8.496154094472292695e-02
1.262657573223114014e+02,1.833990097045898438e+01,-1.832291793823242188e+01,3.224014997482299805e+00,-3.802278995513916016e+00,5.726987655498133600e-01,1.249000000000000000e+03,2.028150874640363699e-01
1.265108332633972168e+02,1.916032218933105469e+01,-1.926898193359375000e+01,3.288365364074707031e+00,-3.744030475616455078e+00,6.535022133565560054e-01,1.252000000000000000e+03,6.700528750974413250e-02
1.267619190216064453e+02,2.000923728942871094e+01,-2.021098327636718750e+01,3.364205121994018555e+00,-3.672117710113525391e+00,7.479013129821089345e-01,1.254000000000000000e+03,2.576876800733497452e-01
1.270135481357574463e+02,2.086670684814453125e+01,-2.112062454223632812e+01,3.447123765945434570e+00,-3.588356018066406250e+00,8.282797666453820540e-01,1.257000000000000000e+03,2.024253156054131308e-01
1.272631800174713135e+02,2.174569892883300781e+01,-2.200757789611816406e+01,3.539130926132202148e+00,-3.491959333419799805e+00,9.143465533005844526e-01,1.259000000000000000e+03,2.760718782444587793e-01
1.275137131214141846e+02,2.264473915100097656e+01,-2.286583518981933594e+01,3.637686729431152344e+00,-3.383652210235595703e+00,9.911157350939021615e-01,1.262000000000000000e+03,2.374348113148015138e-01
1.277647900581359863e+02,2.357159614562988281e+01,-2.369875907897949219e+01,3.743875265121459961e+00,-3.262837648391723633e+00,1.053025989024797271e+00,1.264000000000000000e+03,2.168827677869572257e-01
1.280126409530639648e+02,2.452293395996093750e+01,-2.449738121032714844e+01,3.855194330215454102e+00,-3.129828691482543945e+00,1.099084882174947486e+00,1.267000000000000000e+03,2.110670848052143278e-01
1.282659871578216553e+02,2.550351333618164062e+01,-2.526198768615722656e+01,3.967724800109863281e+00,-2.985359191894531250e+00,1.106192052465655440e+00,1.269000000000000000e+03,9.376645059438136476e-02
1.285109732151031494e+02,2.651555252075195312e+01,-2.599239349365234375e+01,4.078791618347167969e+00,-2.832277297973632812e+00,1.119223835067468587e+00,1.272000000000000000e+03,1.755615066271930258e-01
1.287613670825958252e+02,2.755860710144042969e+01,-2.668597984313964844e+01,4.184706211090087891e+00,-2.673314809799194336e+00,1.086794593896863725e+00,1.274000000000000000e+03,1.431284898909629955e-01
1.290146422386169434e+02,2.863062667846679688e+01,-2.734096908569335938e+01,4.282550811767578125e+00,-2.507672548294067383e+00,1.072949445898681464e+00,1.277000000000000000e+03,2.899580774668348293e-01
1.292629411220550537e+02,2.971303367614746094e+01,-2.794796752929687500e+01,4.371966361999511719e+00,-2.346595287322998047e+00,1.053469169400605310e+00,1.279000000000000000e+03,3.641408433563179670e-01
1.295161242485046387e+02,3.081331825256347656e+01,-2.851263618469238281e+01,4.458249568939208984e+00,-2.185132503509521484e+00,9.805851238124488889e-01,1.282000000000000000e+03,5.505163818733772585e-01
1.297641782760620117e+02,3.193823242187500000e+01,-2.903925704956054688e+01,4.540022373199462891e+00,-2.026002645492553711e+00,9.431039012548031453e-01,1.284000000000000000e+03,6.560131775723271330e-01
1.300143611431121826e+02,3.308644104003906250e+01,-2.952887344360351562e+01,4.613226413726806641e+00,-1.874174833297729492e+00,8.584606104709956442e-01,1.286000000000000000e+03,8.508026130935766318e-01
1.302657170295715332e+02,3.424172592163085938e+01,-2.997643089294433594e+01,4.677749156951904297e+00,-1.726994633674621582e+00,8.097065997282826277e-01,1.289000000000000000e+03,1.005339281635515558e+00
1.305151722431182861e+02,3.541802215576171875e+01,-3.038990592956542969e+01,4.733607769012451172e+00,-1.588655352592468262e+00,7.159714605631183337e-01,1.291000000000000000e+03,1.150136312818288653e+00
1.307632329463958740e+02,3.661638259887695312e+01,-3.077135086059570312e+01,4.781160831451416016e+00,-1.456331968307495117e+00,6.599969433366268401e-01,1.294000000000000000e+03,1.242094008031209285e+00
1.310168130397796631e+02,3.783385086059570312e+01,-3.112313842773437500e+01,4.818164348602294922e+00,-1.335234284400939941e+00,5.643524958720985696e-01,1.296000000000000000e+03,1.321949807815346212e+00
1.312647709846496582e+02,3.904832458496093750e+01,-3.144252014160156250e+01,4.847004413604736328e+00,-1.224413394927978516e+00,5.052393459426897104e-01,1.299000000000000000e+03,1.344836000279826083e+00
1.315159270763397217e+02,4.026924896240234375e+01,-3.173576736450195312e+01,4.869627475738525391e+00,-1.126394271850585938e+00,4.128534585487768083e-01,1.301000000000000000e+03,1.372158196675467234e+00
1.317619850635528564e+02,4.149135971069335938e+01,-3.200527572631835938e+01,4.888253211975097656e+00,-1.039716005325317383e+00,3.551789618238944679e-01,1.304000000000000000e+03,1.340728282133891724e+00
1.320140862464904785e+02,4.272645568847656250e+01,-3.225659179687500000e+01,4.903389453887939453e+00,-9.651136398315429688e-01,2.713073789789286483e-01,1.307000000000000000e+03,1.329823770867238020e+00
1.322632811069488525e+02,4.395350265502929688e+01,-3.248839569091796875e+01,4.913963794708251953e+00,-9.008833765983581543e-01,1.936723861919641410e-01,1.309000000000000000e+03,1.255108815547633094e+00
1.325145971775054932e+02,4.518779373168945312e+01,-3.270677185058593750e+01,4.920392513275146484e+00,-8.501390218734741211e-01,1.448080633912969262e-01,1.312000000000000000e+03,1.211688687285746191e+00
1.327616031169891357e+02,4.642766571044921875e+01,-3.291459655761718750e+01,4.924839496612548828e+00,-8.104104995727539062e-01,8.180917226922423957e-02,1.314000000000000000e+03,1.111761019205779188e+00
1.330146491527557373e+02,4.768565750122070312e+01,-3.311569595336914062e+01,4.928008079528808594e+00,-7.776331305503845215e-01,3.774219165946972321e-02,1.317000000000000000e+03,1.041022275962201427e+00
1.332630629539489746e+02,4.892811584472656250e+01,-3.330740737915039062e+01,4.928434848785400391e+00,-7.546557784080505371e-01,-1.435624024711281040e-02,1.319000000000000000e+03,9.317434616566988570e-01
1.335149900913238525e+02,5.017004776000976562e+01,-3.349381637573242188e+01,4.926666259765625000e+00,-7.385871410369873047e-01,-5.190913791689549112e-02,1.322000000000000000e+03,8.477282400872572232e-01
1.337639579772949219e+02,5.140694427490234375e+01,-3.367648696899414062e+01,4.924171924591064453e+00,-7.312759160995483398e-01,-9.134927750293332649e-02,1.324000000000000000e+03,7.334377323873816357e-01
1.340161368846893311e+02,5.264726257324218750e+01,-3.385859298706054688e+01,4.921282291412353516e+00,-7.312549352645874023e-01,-1.202910576473648352e-01,1.327000000000000000e+03,6.461717070463287582e-01
1.342632000446319580e+02,5.388068008422851562e+01,-3.404057312011718750e+01,4.917110443115234375e+00,-7.381063103675842285e-01,-1.461719186033289264e-01,1.329000000000000000e+03,5.323160295819333587e-01
1.345125172138214111e+02,5.510839462280273438e+01,-3.422460556030273438e+01,4.911675930023193359e+00,-7.505932450294494629e-01,-1.658343772815480677e-01,1.332000000000000000e+03,4.571607941986065571e-01
1.347620761394500732e+02,5.633872985839843750e+01,-3.441340637207031250e+01,4.910134792327880859e+00,-7.692181468009948730e-01,-1.789689942172834058e-01,1.334000000000000000e+03,3.430739072627366215e-01
1.350122549533843994e+02,5.757386016845703125e+01,-3.460847091674804688e+01,4.911067962646484375e+00,-7.922661304473876953e-01,-1.907809773808264164e-01,1.337000000000000000e+03,2.915683269869354666e-01
1.352680292129516602e+02,5.881824111938476562e+01,-3.481098556518554688e+01,4.910919666290283203e+00,-8.179611563682556152e-01,-1.945528845495065051e-01,1.339000000000000000e+03,1.909705730285424785e-01
1.355177440643310547e+02,6.005064392089843750e+01,-3.501751327514648438e+01,4.909441947937011719e+00,-8.449324369430541992e-01,-2.007168995110083232e-01,1.342000000000000000e+03,1.619617319768752728e-01
1.357665829658508301e+02,6.127908325195312500e+01,-3.523035812377929688e+01,4.907304763793945312e+00,-8.731629848480224609e-01,-1.968856525413765213e-01,1.344000000000000000e+03,1.125176377936835115e-01
1.360145010948181152e+02,6.251166152954101562e+01,-3.545185852050781250e+01,4.904303073883056641e+00,-9.032037854194641113e-01,-1.968917121935856995e-01,1.347000000000000000e+03,1.375047757828530282e-01
1.362630620002746582e+02,6.374772262573242188e+01,-3.568139266967773438e+01,4.899148464202880859e+00,-9.324423670768737793e-01,-1.867782598553683893e-01,1.349000000000000000e+03,1.706574973033684606e-01
1.365127861499786377e+02,6.497077941894531250e+01,-3.591629028320312500e+01,4.891594409942626953e+00,-9.609161615371704102e-01,-1.826501035120275396e-01,1.352000000000000000e+03,1.896619893510181343e-01
1.367653920650482178e+02,6.619744873046875000e+01,-3.615893554687500000e+01,4.883510589599609375e+00,-9.884369969367980957e-01,-1.682352118692823084e-01,1.354000000000000000e+03,2.413347701538599011e-01
1.370149669647216797e+02,6.743165588378906250e+01,-3.640991592407226562e+01,4.875609874725341797e+00,-1.015599131584167480e+00,-1.613427838775374212e-01,1.357000000000000000e+03,2.443025479265182043e-01
1.372639050483703613e+02,6.867262268066406250e+01,-3.666984558105468750e+01,4.865964412689208984e+00,-1.041573882102966309e+00,-1.438858008024328505e-01,1.359000000000000000e+03,3.157756610779082762e-01
1.375185179710388184e+02,6.989778900146484375e+01,-3.693311691284179688e+01,4.854858875274658203e+00,-1.066100239753723145e+00,-1.336649846633337357e-01,1.362000000000000000e+03,2.801716161154608753e-01
1.377679412364959717e+02,7.112009429931640625e+01,-3.720237731933593750e+01,4.845354557037353516e+00,-1.088665723800659180e+00,-1.147150268538986440e-01,1.364000000000000000e+03,3.551492332189355450e-01
1.380160911083221436e+02,7.233596801757812500e+01,-3.747681427001953125e+01,4.837436676025390625e+00,-1.110487699508666992e+00,-1.027048373897342520e-01,1.367000000000000000e+03,2.989058645809217207e-01
1.382658631801605225e+02,7.355832672119140625e+01,-3.775815963745117188e+01,4.831704139709472656e+00,-1.130695581436157227e+00,-8.326792075652170166e-02,1.369000000000000000e+03,3.723070991813521302e-01
1.385161230564117432e+02,7.476864624023437500e+01,-3.804223251342773438e+01,4.826766014099121094e+00,-1.148879528045654297e+00,-7.070977606456141373e-02,1.372000000000000000e+03,2.962190547857809775e-01
1.387648441791534424e+02,7.598098754882812500e+01,-3.833086013793945312e+01,4.821103572845458984e+00,-1.164010167121887207e+00,-5.276661712278486738e-02,1.374000000000000000e+03,3.668749717522605258e-01
1.390109171867370605e+02,7.719485473632812500e+01,-3.862296676635742188e+01,4.816535472869873047e+00,-1.176680922508239746e+00,-4.168609639668763300e-02,1.377000000000000000e+03,2.778651329956210447e-01
1.392658700942993164e+02,7.842346954345703125e+01,-3.892156600952148438e+01,4.813715934753417969e+00,-1.187910556793212891e+00,-2.623636132572795820e-02,1.380000000000000000e+03,3.575864256968503962e-01
1.395145690441131592e+02,7.963336944580078125e+01,-3.921902465820312500e+01,4.811279773712158203e+00,-1.197766184806823730e+00,-1.508094075301059413e-02,1.382000000000000000e+03,2.478805289677052937e-01
1.397662022113800049e+02,8.084205627441406250e+01,-3.951879119873046875e+01,4.810085773468017578e+00,-1.205826759338378906e+00,-1.106242242136305049e-03,1.385000000000000000e+03,3.275268433444366023e-01
1.400159978866577148e+02,8.204638671875000000e+01,-3.981862640380859375e+01,4.810700893402099609e+00,-1.211939573287963867e+00,8.470852799185846910e-03,1.387000000000000000e+03,2.089697821847938397e-01
1.402647070884704590e+02,8.325460052490234375e+01,-4.012029266357421875e+01,4.813259124755859375e+00,-1.216551184654235840e+00,1.905494688018237459e-02,1.390000000000000000e+03,2.990721011908922811e-01
1.405125019550323486e+02,8.445623016357421875e+01,-4.042188644409179688e+01,4.815745353698730469e+00,-1.219920992851257324e+00,2.848728310163548341e-02,1.392000000000000000e+03,1.656939571070782380e-01
1.407666490077972412e+02,8.565602111816406250e+01,-4.072337722778320312e+01,4.818809032440185547e+00,-1.221350669860839844e+00,3.560244904794450382e-02,1.395000000000000000e+03,2.806542383044612898e-01
1.410114822387695312e+02,8.686180114746093750e+01,-4.102629089355468750e+01,4.825446605682373047e+00,-1.222232341766357422e+00,4.199725166643587110e-02,1.397000000000000000e+03,1.200817359601425716e-01
1.412663831710815430e+02,8.807497406005859375e+01,-4.133058929443359375e+01,4.833224296569824219e+00,-1.222094535827636719e+00,4.758180247772711424e-02,1.400000000000000000e+03,2.521758999788540345e-01
1.415162401199340820e+02,8.929890441894531250e+01,-4.163672637939453125e+01,4.838725566864013672e+00,-1.220036625862121582e+00,5.129438048026910973e-02,1.402000000000000000e+03,8.342056772590150659e-02
1.417688612937927246e+02,9.051264953613281250e+01,-4.193905639648437500e+01,4.842353343963623047e+00,-1.216857194900512695e+00,5.514886255350948813e-02,1.405000000000000000e+03,2.122460329012974822e-01
1.420134060382843018e+02,9.172419738769531250e+01,-4.223894119262695312e+01,4.844388008117675781e+00,-1.212709188461303711e+00,5.650465983094032224e-02,1.407000000000000000e+03,6.155011376823359137e-02
1.422677781581878662e+02,9.294111633300781250e+01,-4.253866195678710938e+01,4.845825672149658203e+00,-1.208378672599792480e+00,5.920064021331405274e-02,1.410000000000000000e+03,1.892345502407166424e-01
1.425140678882598877e+02,9.416200256347656250e+01,-4.283850479125976562e+01,4.845712661743164062e+00,-1.203993916511535645e+00,5.985283107359112842e-02,1.412000000000000000e+03,7.516691125374148907e-02
1.427643172740936279e+02,9.537007141113281250e+01,-4.313433837890625000e+01,4.843535423278808594e+00,-1.199223160743713379e+00,6.249256202948366007e-02,1.415000000000000000e+03,1.723120870918991854e-01
1.430158152580261230e+02,9.658261871337890625e+01,-4.343006896972656250e+01,4.841916561126708984e+00,-1.194498777389526367e+00,6.219988861336261249e-02,1.417000000000000000e+03,8.635667473907504554e-02
1.432661931514739990e+02,9.780474090576171875e+01,-4.372703552246093750e+01,4.841794013977050781e+00,-1.190229535102844238e+00,6.454340492922296113e-02,1.420000000000000000e+03,1.557516199168302584e-01
1.435180830955505371e+02,9.903443908691406250e+01,-4.402473068237304688e+01,4.840008735656738281e+00,-1.185291528701782227e+00,6.342570982314447992e-02,1.422000000000000000e+03,1.312146193312073994e-01
1.437674040794372559e+02,1.002508697509765625e+02,-4.431786346435546875e+01,4.837397098541259766e+00,-1.179792165756225586e+00,6.460722534273055651e-02,1.425000000000000000e+03,1.341372012610176911e-01
1.440136482715606689e+02,1.014664306640625000e+02,-4.461014938354492188e+01,4.835574150085449219e+00,-1.174757003784179688e+00,6.256091885270984032e-02,1.427000000000000000e+03,1.555297084521673201e-01
1.442659180164337158e+02,1.026779251098632812e+02,-4.489949798583984375e+01,4.835457324981689453e+00,-1.169215559959411621e+00,6.256798379633948803e-02,1.430000000000000000e+03,1.344233509572358432e-01
1.445162260532379150e+02,1.038975982666015625e+02,-4.518938446044921875e+01,4.836600780487060547e+00,-1.164089679718017578e+00,5.894165176542446455e-02,1.432000000000000000e+03,1.757308942800296647e-01
1.447624802589416504e+02,1.051021347045898438e+02,-4.547492980957031250e+01,4.835981845855712891e+00,-1.159088850021362305e+00,5.874823294013998415e-02,1.435000000000000000e+03,1.373170688192590916e-01
1.450128850936889648e+02,1.063091735839843750e+02,-4.576013565063476562e+01,4.836358070373535156e+00,-1.154861569404602051e+00,5.531807532207868444e-02,1.437000000000000000e+03,1.763892703845398868e-01
1.452614340782165527e+02,1.075213470458984375e+02,-4.604549407958984375e+01,4.840435981750488281e+00,-1.151013135910034180e+00,5.470506406149029666e-02,1.440000000000000000e+03,1.430790730153315704e-01
1.455181119441986084e+02,1.087510681152343750e+02,-4.633379364013671875e+01,4.845185756683349609e+00,-1.146965503692626953e+00,5.024193589357438261e-02,1.442000000000000000e+03,2.004080414245352215e-01
1.457670490741729736e+02,1.099667892456054688e+02,-4.661740493774414062e+01,4.849238872528076172e+00,-1.142772912979125977e+00,4.853476867343631262e-02,1.445000000000000000e+03,1.297799600649441887e-01
1.460167081356048584e+02,1.111844406127929688e+02,-4.690041732788085938e+01,4.852460861206054688e+00,-1.139238476753234863e+00,4.395591746732502303e-02,1.447000000000000000e+03,2.136174145095947330e-01
1.462660071849822998e+02,1.123993911743164062e+02,-4.718063735961914062e+01,4.854541301727294922e+00,-1.135444521903991699e+00,4.176064311136511858e-02,1.450000000000000000e+03,1.225438546053630035e-01
1.465170481204986572e+02,1.136190719604492188e+02,-4.746172714233398438e+01,4.856216430664062500e+00,-1.132966518402099609e+00,4.296478333408308009e-02,1.452000000000000000e+03,2.243584108407384592e-01
1.467651400566101074e+02,1.148351058959960938e+02,-4.774187088012695312e+01,4.856305599212646484e+00,-1.130421757698059082e+00,4.988735769828958611e-02,1.455000000000000000e+03,1.127517454852137446e-01
1.470131173133850098e+02,1.160518188476562500e+02,-4.802052307128906250e+01,4.855080127716064453e+00,-1.126517415046691895e+00,5.788433494393670220e-02,1.457000000000000000e+03,2.324492677947600228e-01
1.472636280059814453e+02,1.172730636596679688e+02,-4.829912567138671875e+01,4.854390144348144531e+00,-1.121635198593139648e+00,6.813829288877260026e-02,1.460000000000000000e+03,9.978224886356332202e-02
1.475136981010437012e+02,1.184981460571289062e+02,-4.857725524902343750e+01,4.853941917419433594e+00,-1.116180777549743652e+00,8.304041048533343516e-02,1.462000000000000000e+03,2.508585256803991803e-01
1.477657520771026611e+02,1.197305297851562500e+02,-4.885565185546875000e+01,4.852504253387451172e+00,-1.107733368873596191e+00,1.034526995174015196e-01,1.465000000000000000e+03,8.303034093717222286e-02
1.480135920047760010e+02,1.209500961303710938e+02,-4.912913894653320312e+01,4.852235794067382812e+00,-1.095420837402343750e+00,1.325871382615535221e-01,1.468000000000000000e+03,2.452204096213136397e-01
1.482672431468963623e+02,1.221662826538085938e+02,-4.939767456054687500e+01,4.854568004608154297e+00,-1.078393101692199707e+00,1.775317413368268371e-01,1.470000000000000000e+03,6.310954298165331877e-02
1.485176231861114502e+02,1.233868942260742188e+02,-4.966234970092773438e+01,4.859604835510253906e+00,-1.055189728736877441e+00,2.903323516806183835e-01,1.473000000000000000e+03,2.280920380401265102e-01
1.487654972076416016e+02,1.246169891357421875e+02,-4.992176437377929688e+01,4.867372035980224609e+00,-1.019937038421630859e+00,1.820402135683765410e+00,1.475000000000000000e+03,4.282016662807223983e-02
