t_s,x_east,y_north,v_east,v_north,a_cmd,path_idx,cte_m
2.469658851623535156e-01,1.036686473526060581e-03,1.594955392647534609e-04,3.402209142223000526e-03,-5.682073533535003662e-03,-8.757084580326661427e-02,0.000000000000000000e+00,1.885102955157290112e-03
5.001690387725830078e-01,1.715921913273632526e-03,3.271054883953183889e-04,3.101500496268272400e-02,3.407230367884039879e-03,-8.763391952838499310e-02,0.000000000000000000e+00,1.764645951547425939e-03
7.452678680419921875e-01,3.378878161311149597e-02,3.010620130226016045e-03,2.971848845481872559e-01,5.977190099656581879e-03,-8.559012591795543690e-02,0.000000000000000000e+00,3.254483936517907350e-02
9.996039867401123047e-01,1.756603270769119263e-01,3.587858984246850014e-03,9.211615324020385742e-01,-9.288040921092033386e-03,-6.145389128606672420e-03,0.000000000000000000e+00,1.744085969046359763e-01
1.246289968490600586e+00,4.898706078529357910e-01,1.207748195156455040e-03,1.682965040206909180e+00,-2.182292751967906952e-02,-1.298691685477865003e-02,1.000000000000000000e+00,7.552278727655278856e-02
1.495177984237670898e+00,9.809222817420959473e-01,-2.641688333824276924e-03,2.387144804000854492e+00,-2.700391411781311035e-02,-2.462865316080331893e-02,2.000000000000000000e+00,8.262422774648391088e-02
1.748133182525634766e+00,1.640095829963684082e+00,-8.458541706204414368e-03,3.034555912017822266e+00,-3.814731538295745850e-02,-2.931824671466893434e-02,3.000000000000000000e+00,8.228637190376587862e-02
1.996401786804199219e+00,2.463514566421508789e+00,-1.968719996511936188e-02,3.651930809020996094e+00,-6.511277705430984497e-02,-2.127404584424313211e-02,5.000000000000000000e+00,9.571105830379056378e-02
2.245947837829589844e+00,3.431102752685546875e+00,-3.924863412976264954e-02,4.214537143707275391e+00,-1.030649915337562561e-01,-3.108233374428461503e-03,7.000000000000000000e+00,1.225023544628903588e-01
2.497201919555664062e+00,4.518877983093261719e+00,-6.684586405754089355e-02,4.572515487670898438e+00,-1.247557550668716431e-01,8.725031937474208785e-03,9.000000000000000000e+00,3.701561729161124276e-02
2.747967958450317383e+00,5.670029163360595703e+00,-9.581558406352996826e-02,4.722977161407470703e+00,-1.138785630464553833e-01,-1.368384330582099071e-03,1.100000000000000000e+01,1.330473625247064473e-01
2.998305082321166992e+00,6.849298954010009766e+00,-1.223341375589370728e-01,4.785530090332031250e+00,-1.022842600941658020e-01,-1.191011015527706010e-02,1.400000000000000000e+01,1.834626123536259867e-01
3.244738101959228516e+00,8.043298721313476562e+00,-1.489717215299606323e-01,4.825805664062500000e+00,-1.018591895699501038e-01,-1.273463580511097204e-02,1.600000000000000000e+01,2.973549582349817658e-02
3.500082969665527344e+00,9.245725631713867188e+00,-1.766934096813201904e-01,4.870636940002441406e+00,-1.057555451989173889e-01,-1.078016676136018051e-02,1.800000000000000000e+01,2.264763939048898278e-01
3.750827074050903320e+00,1.046547794342041016e+01,-2.055712789297103882e-01,4.923491954803466797e+00,-1.090072542428970337e-01,-8.530512326821402050e-03,2.100000000000000000e+01,5.200159753909374544e-02
3.996083974838256836e+00,1.170712280273437500e+01,-2.354367226362228394e-01,4.978069305419921875e+00,-1.109840050339698792e-01,-7.247108161891948133e-03,2.300000000000000000e+01,2.010356736512369236e-01
4.250915050506591797e+00,1.295468997955322266e+01,-2.656725645065307617e-01,5.028044223785400391e+00,-1.117937117815017700e-01,-6.746420513565642638e-03,2.600000000000000000e+01,4.804255646015096609e-02
4.498431921005249023e+00,1.421529769897460938e+01,-2.961139976978302002e-01,5.071406841278076172e+00,-1.122437193989753723e-01,-6.899660428114037444e-03,2.800000000000000000e+01,2.221654650915960982e-01
4.750005960464477539e+00,1.548607730865478516e+01,-3.259249329566955566e-01,5.105618953704833984e+00,-1.122347116470336914e-01,-7.035540846931626242e-03,3.100000000000000000e+01,1.506384327140350594e-02
4.996685028076171875e+00,1.675901031494140625e+01,-3.559818267822265625e-01,5.124486923217773438e+00,-1.118746027350425720e-01,-7.090219199984281774e-03,3.400000000000000000e+01,2.192494562619494991e-01
5.246968030929565430e+00,1.803277778625488281e+01,-3.864382505416870117e-01,5.133788108825683594e+00,-1.112856939435005188e-01,-7.448580310681569665e-03,3.600000000000000000e+01,6.155738489881330822e-02
5.499264955520629883e+00,1.930884933471679688e+01,-4.171856343746185303e-01,5.140294551849365234e+00,-1.098742932081222534e-01,-7.898074726803587520e-03,3.900000000000000000e+01,1.559142699278060207e-01
5.747031927108764648e+00,2.058309364318847656e+01,-4.472460746765136719e-01,5.143783092498779297e+00,-1.074722036719322205e-01,-9.252352062171849412e-03,4.100000000000000000e+01,1.243798125628276935e-01
5.999235153198242188e+00,2.186736297607421875e+01,-4.766381084918975830e-01,5.143192291259765625e+00,-1.044692322611808777e-01,-1.174876155775891363e-02,4.400000000000000000e+01,8.414052753327935785e-02
6.247610807418823242e+00,2.315161132812500000e+01,-5.061802268028259277e-01,5.136796474456787109e+00,-1.019313260912895203e-01,-1.319485909468050971e-02,4.600000000000000000e+01,2.060707256977153123e-01
6.496679782867431641e+00,2.443144226074218750e+01,-5.350624322891235352e-01,5.126828670501708984e+00,-9.949655830860137939e-02,-1.525655021021196829e-02,4.900000000000000000e+01,1.000983291548332606e-02
6.748338937759399414e+00,2.571019744873046875e+01,-5.631474256515502930e-01,5.115346431732177734e+00,-9.689577668905258179e-02,-1.698462741001226586e-02,5.200000000000000000e+01,2.198302881491837890e-01
6.999157905578613281e+00,2.698674011230468750e+01,-5.897849202156066895e-01,5.101297378540039062e+00,-9.400781244039535522e-02,-2.007671175000279307e-02,5.400000000000000000e+01,6.312934275460480027e-02
7.246356964111328125e+00,2.826030158996582031e+01,-6.164436340332031250e-01,5.085838794708251953e+00,-9.183857589960098267e-02,-2.165806009804931154e-02,5.700000000000000000e+01,1.568689321323848973e-01
7.497511863708496094e+00,2.953047943115234375e+01,-6.428432464599609375e-01,5.070527076721191406e+00,-9.050410985946655273e-02,-2.361935259405470791e-02,5.900000000000000000e+01,1.201088671481028158e-01
7.750793933868408203e+00,3.079344367980957031e+01,-6.689674854278564453e-01,5.056707382202148438e+00,-8.959142863750457764e-02,-2.422649390467838254e-02,6.200000000000000000e+01,1.113745377611192050e-01
8.000829935073852539e+00,3.205770492553710938e+01,-6.943848729133605957e-01,5.044983863830566406e+00,-8.875922113656997681e-02,-2.619802260518588194e-02,6.400000000000000000e+01,1.608812646996564677e-01
8.251643896102905273e+00,3.333019256591796875e+01,-7.195812463760375977e-01,5.035225868225097656e+00,-8.821769058704376221e-02,-2.689176066950896976e-02,6.700000000000000000e+01,6.472495720128657037e-02
8.498713970184326172e+00,3.459444427490234375e+01,-7.441996932029724121e-01,5.025701045989990234e+00,-8.798381686210632324e-02,-2.878487510259915283e-02,6.900000000000000000e+01,2.112989906802893170e-01
8.751638889312744141e+00,3.585472488403320312e+01,-7.688884139060974121e-01,5.015401363372802734e+00,-8.825373649597167969e-02,-2.877584600523155900e-02,7.200000000000000000e+01,3.881626847873052150e-02
9.000094890594482422e+00,3.711241912841796875e+01,-7.938327193260192871e-01,5.006694316864013672e+00,-8.894444257020950317e-02,-2.987288022147215408e-02,7.400000000000000000e+01,2.431059227833107794e-01
9.246661901473999023e+00,3.836820602416992188e+01,-8.192883729934692383e-01,4.999020576477050781e+00,-8.992800116539001465e-02,-2.903641608251074022e-02,7.700000000000000000e+01,3.821203862373540733e-02
9.500638008117675781e+00,3.962258148193359375e+01,-8.447874188423156738e-01,4.993202209472656250e+00,-9.094668179750442505e-02,-2.978528369327008291e-02,8.000000000000000000e+01,2.371118623434513017e-01
9.747493743896484375e+00,4.087099075317382812e+01,-8.706444501876831055e-01,4.988827228546142578e+00,-9.209988266229629517e-02,-2.867519164724899317e-02,8.200000000000000000e+01,4.757660470585166335e-02
9.997532844543457031e+00,4.212283706665039062e+01,-8.976072072982788086e-01,4.986340999603271484e+00,-9.341832995414733887e-02,-2.881872875696921132e-02,8.500000000000000000e+01,2.245371653444025728e-01
1.024790191650390625e+01,4.338331604003906250e+01,-9.254390597343444824e-01,4.985030174255371094e+00,-9.457158297300338745e-02,-2.731408356921391847e-02,8.700000000000000000e+01,6.415504665694118924e-02
1.049875998497009277e+01,4.463252639770507812e+01,-9.531220793724060059e-01,4.981911659240722656e+00,-9.519127011299133301e-02,-2.772723400638398006e-02,9.000000000000000000e+01,2.023260194445795357e-01
1.074796104431152344e+01,4.587825393676757812e+01,-9.801366329193115234e-01,4.979932785034179688e+00,-9.491053968667984009e-02,-2.742446046969884005e-02,9.200000000000000000e+01,7.126628065837031789e-02
1.100248503684997559e+01,4.712407302856445312e+01,-1.007148861885070801e+00,4.981838226318359375e+00,-9.431318193674087524e-02,-2.911533690673406144e-02,9.500000000000000000e+01,1.981766524185527845e-01
1.124692606925964355e+01,4.837120056152343750e+01,-1.033398389816284180e+00,4.984814643859863281e+00,-9.376875311136245728e-02,-2.934961346612825414e-02,9.700000000000000000e+01,7.790971177373960666e-02
1.150154805183410645e+01,4.961919784545898438e+01,-1.058437943458557129e+00,4.987304687500000000e+00,-9.334691613912582397e-02,-3.161767221154580809e-02,1.000000000000000000e+02,1.914423268241569054e-01
1.174735212326049805e+01,5.086816406250000000e+01,-1.083873510360717773e+00,4.989745140075683594e+00,-9.411957859992980957e-02,-3.100696675655817761e-02,1.020000000000000000e+02,8.947209873699678295e-02
1.199828886985778809e+01,5.211457443237304688e+01,-1.110235691070556641e+00,4.992026805877685547e+00,-9.587172418832778931e-02,-3.119395094854177444e-02,1.050000000000000000e+02,1.845650396042560759e-01
1.224645185470581055e+01,5.337168884277343750e+01,-1.137117266654968262e+00,4.994171142578125000e+00,-9.798520058393478394e-02,-2.916503540274393777e-02,1.070000000000000000e+02,1.049202211157670706e-01
1.249843001365661621e+01,5.463057327270507812e+01,-1.165061354637145996e+00,4.993519783020019531e+00,-1.002890616655349731e-01,-2.845683345922010374e-02,1.100000000000000000e+02,1.577302584517690787e-01
1.274995779991149902e+01,5.588686752319335938e+01,-1.192918658256530762e+00,4.990994930267333984e+00,-1.019356027245521545e-01,-2.639593016891849525e-02,1.120000000000000000e+02,1.299254265806780995e-01
1.299882388114929199e+01,5.714417648315429688e+01,-1.221362471580505371e+00,4.987819194793701172e+00,-1.034402176737785339e-01,-2.602935561828914612e-02,1.150000000000000000e+02,1.333650702759335838e-01
1.325246000289916992e+01,5.840145874023437500e+01,-1.250607371330261230e+00,4.982622146606445312e+00,-1.049604415893554688e-01,-2.362619189629858868e-02,1.170000000000000000e+02,1.548911546386478322e-01
1.350064086914062500e+01,5.965747070312500000e+01,-1.279989004135131836e+00,4.975613594055175781e+00,-1.059550046920776367e-01,-2.319397691064574787e-02,1.200000000000000000e+02,1.091499340505642651e-01
1.374806094169616699e+01,6.091130447387695312e+01,-1.309257030487060547e+00,4.968567848205566406e+00,-1.063609570264816284e-01,-2.163600294545716188e-02,1.220000000000000000e+02,1.759102905039805764e-01
1.400032901763916016e+01,6.215880966186523438e+01,-1.337530970573425293e+00,4.962506294250488281e+00,-1.062149032950401306e-01,-2.234550764587401456e-02,1.250000000000000000e+02,9.635756968806859224e-02
1.424640679359436035e+01,6.341014099121093750e+01,-1.366266727447509766e+00,4.959277629852294922e+00,-1.063185706734657288e-01,-2.128031815715758154e-02,1.270000000000000000e+02,1.872607551254486247e-01
1.449821496009826660e+01,6.466831207275390625e+01,-1.395356655120849609e+00,4.956329345703125000e+00,-1.070626750588417053e-01,-2.120662894079797245e-02,1.300000000000000000e+02,7.815646075200415044e-02
1.474730396270751953e+01,6.591680145263671875e+01,-1.424186348915100098e+00,4.953486919403076172e+00,-1.080094128847122192e-01,-1.946690868833314547e-02,1.320000000000000000e+02,2.060547461916170942e-01
1.499993896484375000e+01,6.716550445556640625e+01,-1.453083276748657227e+00,4.953300952911376953e+00,-1.093214228749275208e-01,-1.893345915588283759e-02,1.350000000000000000e+02,7.004722796880374913e-02
1.524808502197265625e+01,6.841437530517578125e+01,-1.481607079505920410e+00,4.953925132751464844e+00,-1.105897426605224609e-01,-1.717615744214243123e-02,1.370000000000000000e+02,2.163093096363875589e-01
1.550029397010803223e+01,6.966255950927734375e+01,-1.510684847831726074e+00,4.953149795532226562e+00,-1.121031194925308228e-01,-1.635266102053067189e-02,1.400000000000000000e+02,6.286731858684417584e-02
1.574701690673828125e+01,7.090947723388671875e+01,-1.540009021759033203e+00,4.952504158020019531e+00,-1.133963689208030701e-01,-1.433936010726245998e-02,1.420000000000000000e+02,2.240061245137684454e-01
1.599797511100769043e+01,7.215232086181640625e+01,-1.569443345069885254e+00,4.953145027160644531e+00,-1.146249100565910339e-01,-1.354229428946530922e-02,1.450000000000000000e+02,5.901784630561966727e-02
1.624622702598571777e+01,7.339946746826171875e+01,-1.598784446716308594e+00,4.955561161041259766e+00,-1.158496290445327759e-01,-1.171879934873046487e-02,1.470000000000000000e+02,2.266859158376142158e-01
1.650190687179565430e+01,7.465266418457031250e+01,-1.627959370613098145e+00,4.956969738006591797e+00,-1.168983206152915955e-01,-1.119082018911346336e-02,1.500000000000000000e+02,5.109094205903196018e-02
1.675195479393005371e+01,7.589505004882812500e+01,-1.657354474067687988e+00,4.957656860351562500e+00,-1.184285730123519897e-01,-9.083860484375223115e-03,1.520000000000000000e+02,2.349520002427746002e-01
1.699864697456359863e+01,7.713891601562500000e+01,-1.687178969383239746e+00,4.961808204650878906e+00,-1.203728839755058289e-01,-7.543232418588545311e-03,1.550000000000000000e+02,4.831230649285631756e-02
1.724925899505615234e+01,7.838557434082031250e+01,-1.718267440795898438e+00,4.967850685119628906e+00,-1.223945170640945435e-01,8.253076022294988587e-03,1.570000000000000000e+02,2.379223965207404312e-01
1.749706101417541504e+01,7.963434600830078125e+01,-1.749209403991699219e+00,4.972084999084472656e+00,-1.225923076272010803e-01,4.705184401895516622e-02,1.600000000000000000e+02,4.018032304565031382e-02
1.775124406814575195e+01,8.088471984863281250e+01,-1.779297351837158203e+00,4.974320888519287109e+00,-1.178916841745376587e-01,8.710264688010166401e-02,1.620000000000000000e+02,2.495459361516986496e-01
1.799746298789978027e+01,8.213584136962890625e+01,-1.808136940002441406e+00,4.975314140319824219e+00,-1.058659553527832031e-01,1.566559733495397344e-01,1.650000000000000000e+02,3.711721736841993441e-02
1.825055193901062012e+01,8.338327789306640625e+01,-1.833160877227783203e+00,4.975357532501220703e+00,-8.360637724399566650e-02,2.168054931464537538e-01,1.680000000000000000e+02,2.422147842587583644e-01
1.849723100662231445e+01,8.463857269287109375e+01,-1.850912094116210938e+00,4.974868297576904297e+00,-4.837047308683395386e-02,3.049395124672996671e-01,1.700000000000000000e+02,5.475599948338224360e-02
1.875291705131530762e+01,8.589716339111328125e+01,-1.857784271240234375e+00,4.974677085876464844e+00,-4.193577915430068970e-04,3.995509723181765449e-01,1.730000000000000000e+02,2.242923924509426237e-01
1.900398588180541992e+01,8.714962005615234375e+01,-1.850898742675781250e+00,4.970318317413330078e+00,6.289581954479217529e-02,4.760743490823328705e-01,1.750000000000000000e+02,1.159232671281913846e-01
1.925119304656982422e+01,8.840016937255859375e+01,-1.826613187789916992e+00,4.964307308197021484e+00,1.422944217920303345e-01,5.747581485931609890e-01,1.780000000000000000e+02,2.543593963021951732e-01
1.950198507308959961e+01,8.964828491210937500e+01,-1.781453490257263184e+00,4.957510948181152344e+00,2.363421022891998291e-01,6.568769936524472275e-01,1.800000000000000000e+02,2.389125337062197874e-01
1.974945616722106934e+01,9.089266204833984375e+01,-1.711914420127868652e+00,4.947829723358154297e+00,3.459810018539428711e-01,7.537911900124802944e-01,1.830000000000000000e+02,3.294978692442808166e-01
2.000112414360046387e+01,9.213420867919921875e+01,-1.612671256065368652e+00,4.936244487762451172e+00,4.714618325233459473e-01,8.347901316032805275e-01,1.850000000000000000e+02,3.571935510067237307e-01
2.025067996978759766e+01,9.336833190917968750e+01,-1.480543136596679688e+00,4.921072483062744141e+00,6.127798557281494141e-01,9.214520155566162662e-01,1.880000000000000000e+02,3.328992877045048315e-01
2.050133395195007324e+01,9.460137939453125000e+01,-1.311086535453796387e+00,4.900953292846679688e+00,7.679147720336914062e-01,9.978481536973616839e-01,1.900000000000000000e+02,3.831793592806662097e-01
2.075229382514953613e+01,9.583610534667968750e+01,-1.100153446197509766e+00,4.873075008392333984e+00,9.364525675773620605e-01,1.073116756711898212e+00,1.930000000000000000e+02,2.612726368991147852e-01
2.100209879875183105e+01,9.705126953125000000e+01,-8.479905128479003906e-01,4.836084842681884766e+00,1.114524483680725098e+00,1.135863405938185133e+00,1.960000000000000000e+02,2.524413788315307272e-01
2.125314188003540039e+01,9.825442504882812500e+01,-5.504972338676452637e-01,4.791163444519042969e+00,1.303588271141052246e+00,1.163912725323369646e+00,1.980000000000000000e+02,1.576348410819021495e-01
2.150212192535400391e+01,9.944543457031250000e+01,-2.036647796630859375e-01,4.738739013671875000e+00,1.500522851943969727e+00,1.188633115553162645e+00,2.010000000000000000e+02,1.091426300094548024e-01
2.174946188926696777e+01,1.006227722167968750e+02,1.927236467599868774e-01,4.677359104156494141e+00,1.697606086730957031e+00,1.169330432687282650e+00,2.030000000000000000e+02,1.600299564636641636e-01
2.199981999397277832e+01,1.017841110229492188e+02,6.385573744773864746e-01,4.606335163116455078e+00,1.893901944160461426e+00,1.164601653439975903e+00,2.060000000000000000e+02,2.363047421584832941e-01
2.225112390518188477e+01,1.029237747192382812e+02,1.131070852279663086e+00,4.529039382934570312e+00,2.082876920700073242e+00,1.152021320755272527e+00,2.080000000000000000e+02,3.162326281389944427e-01
2.250037693977355957e+01,1.040473632812500000e+02,1.672391772270202637e+00,4.443661212921142578e+00,2.268079519271850586e+00,1.083918929471993753e+00,2.110000000000000000e+02,4.912321757322442028e-01
2.275339794158935547e+01,1.051567535400390625e+02,2.263947963714599609e+00,4.351803302764892578e+00,2.446890592575073242e+00,1.048269066355576928e+00,2.130000000000000000e+02,5.790521577297680356e-01
2.299872684478759766e+01,1.062394943237304688e+02,2.897618770599365234e+00,4.259568214416503906e+00,2.611064672470092773e+00,9.625318108759655100e-01,2.150000000000000000e+02,7.583077036537210214e-01
2.325402379035949707e+01,1.072973785400390625e+02,3.569655418395996094e+00,4.161389827728271484e+00,2.763767719268798828e+00,9.125946756602321130e-01,2.180000000000000000e+02,9.054105551618137904e-01
2.350304889678955078e+01,1.083306655883789062e+02,4.278297901153564453e+00,4.065556526184082031e+00,2.902639627456665039e+00,8.145187963451385738e-01,2.200000000000000000e+02,1.078485263455552623e+00
2.374847793579101562e+01,1.093396759033203125e+02,5.020726680755615234e+00,3.970633983612060547e+00,3.030094861984252930e+00,7.562532132003932928e-01,2.230000000000000000e+02,1.224682853860955767e+00
2.400132298469543457e+01,1.103254470825195312e+02,5.793298244476318359e+00,3.879890203475952148e+00,3.144270896911621094e+00,6.537977397522960477e-01,2.250000000000000000e+02,1.324799823014788602e+00
2.425249409675598145e+01,1.112899322509765625e+02,6.592471122741699219e+00,3.793800115585327148e+00,3.248044490814208984e+00,5.911414540553081576e-01,2.280000000000000000e+02,1.397218898053795177e+00
2.449813914299011230e+01,1.122312545776367188e+02,7.412632465362548828e+00,3.716399908065795898e+00,3.338577508926391602e+00,4.923540868889445532e-01,2.300000000000000000e+02,1.435133001442793432e+00
2.475150299072265625e+01,1.131597976684570312e+02,8.260671615600585938e+00,3.643198013305664062e+00,3.421947479248046875e+00,4.280024204212794503e-01,2.330000000000000000e+02,1.444833066972736280e+00
2.500510001182556152e+01,1.140722198486328125e+02,9.129979133605957031e+00,3.577982425689697266e+00,3.493602752685546875e+00,3.329462981101646846e-01,2.350000000000000000e+02,1.431872863775621951e+00
2.525406599044799805e+01,1.149675292968750000e+02,1.001415634155273438e+01,3.519547224044799805e+00,3.554502010345458984e+00,2.703069519314619806e-01,2.380000000000000000e+02,1.387455865838571389e+00
2.550136399269104004e+01,1.158497467041015625e+02,1.091300487518310547e+01,3.469041824340820312e+00,3.604706287384033203e+00,1.845767567643398221e-01,2.400000000000000000e+02,1.338564434241599432e+00
2.574976205825805664e+01,1.167176666259765625e+02,1.182059288024902344e+01,3.423758983612060547e+00,3.643831968307495117e+00,1.256253034223847875e-01,2.430000000000000000e+02,1.252986633274284722e+00
2.600235891342163086e+01,1.175744628906250000e+02,1.273578548431396484e+01,3.387001991271972656e+00,3.673422813415527344e+00,5.236447426262651889e-02,2.450000000000000000e+02,1.180492758335592196e+00
2.625107884407043457e+01,1.184233932495117188e+02,1.365749549865722656e+01,3.359617710113525391e+00,3.697254896163940430e+00,8.072117500999412059e-04,2.480000000000000000e+02,1.066719036194492709e+00
2.650243306159973145e+01,1.192642898559570312e+02,1.458179187774658203e+01,3.340989351272583008e+00,3.715040683746337891e+00,-5.799926979919255154e-02,2.500000000000000000e+02,9.822405546327335202e-01
2.675250291824340820e+01,1.201044311523437500e+02,1.551371765136718750e+01,3.330363273620605469e+00,3.726417064666748047e+00,-1.010503823644364890e-01,2.530000000000000000e+02,8.497427865370167366e-01
2.700428891181945801e+01,1.209491119384765625e+02,1.645468521118164062e+01,3.325784444808959961e+00,3.731510877609252930e+00,-1.449209021683669218e-01,2.550000000000000000e+02,7.686750327644037428e-01
2.725449395179748535e+01,1.217894058227539062e+02,1.739192008972167969e+01,3.326293230056762695e+00,3.730444431304931641e+00,-1.797738861928492859e-01,2.580000000000000000e+02,6.188029927332552305e-01
2.749967503547668457e+01,1.226311035156250000e+02,1.832846832275390625e+01,3.331906080245971680e+00,3.720728397369384766e+00,-2.062159784602508872e-01,2.610000000000000000e+02,5.624976948308405555e-01
2.775173878669738770e+01,1.234744949340820312e+02,1.926292610168457031e+01,3.340762376785278320e+00,3.706103086471557617e+00,-2.253335327274221533e-01,2.630000000000000000e+02,3.939919009244435277e-01
2.800015211105346680e+01,1.243208999633789062e+02,2.019379425048828125e+01,3.352213859558105469e+00,3.687316656112670898e+00,-2.433021397432745536e-01,2.660000000000000000e+02,3.661582901509783383e-01
2.825325107574462891e+01,1.251710968017578125e+02,2.112017440795898438e+01,3.366771936416625977e+00,3.665360212326049805e+00,-2.500367645224676472e-01,2.680000000000000000e+02,1.895508340313283302e-01
2.849773907661437988e+01,1.260219116210937500e+02,2.203737831115722656e+01,3.383117437362670898e+00,3.640891790390014648e+00,-2.595932001336910822e-01,2.710000000000000000e+02,2.320732119235024149e-01
2.875203084945678711e+01,1.268794937133789062e+02,2.295100402832031250e+01,3.402330398559570312e+00,3.615529775619506836e+00,-2.561372504008468942e-01,2.730000000000000000e+02,4.367556607602868235e-02
2.899933004379272461e+01,1.277482986450195312e+02,2.386502838134765625e+01,3.424165725708007812e+00,3.590291023254394531e+00,-2.593624537866402457e-01,2.760000000000000000e+02,2.032541585364940617e-01
2.924986600875854492e+01,1.286196136474609375e+02,2.476942634582519531e+01,3.446399927139282227e+00,3.565516233444213867e+00,-2.491494791913138884e-01,2.780000000000000000e+02,1.575938930609228350e-01
2.950014781951904297e+01,1.294942932128906250e+02,2.566555023193359375e+01,3.467755794525146484e+00,3.538800477981567383e+00,-2.470472340082026930e-01,2.810000000000000000e+02,2.664376669585173385e-01
2.974976682662963867e+01,1.303734436035156250e+02,2.655446624755859375e+01,3.489091396331787109e+00,3.513800382614135742e+00,-2.315700351060764328e-01,2.830000000000000000e+02,2.696720544902877492e-01
3.000092482566833496e+01,1.312578125000000000e+02,2.743700027465820312e+01,3.511017084121704102e+00,3.488670110702514648e+00,-2.253921407115861419e-01,2.860000000000000000e+02,3.421645568302975060e-01
3.025042104721069336e+01,1.321470184326171875e+02,2.831309318542480469e+01,3.532355785369873047e+00,3.465022802352905273e+00,-2.057636216314918109e-01,2.880000000000000000e+02,3.514245349241134631e-01
3.050443291664123535e+01,1.330405731201171875e+02,2.918273162841796875e+01,3.554215192794799805e+00,3.442640542984008789e+00,-1.964514324394225075e-01,2.910000000000000000e+02,3.991359057418132905e-01
3.075262403488159180e+01,1.339357299804687500e+02,3.004354667663574219e+01,3.575637817382812500e+00,3.422207832336425781e+00,-1.742647236580403269e-01,2.930000000000000000e+02,4.016420520125621452e-01
3.100082612037658691e+01,1.348421478271484375e+02,3.090471649169921875e+01,3.596920967102050781e+00,3.403154134750366211e+00,-1.624611973603780346e-01,2.960000000000000000e+02,4.311129678402680909e-01
3.125205087661743164e+01,1.357521057128906250e+02,3.175963783264160156e+01,3.615706920623779297e+00,3.385336160659790039e+00,-1.394336104821950195e-01,2.980000000000000000e+02,4.259895401493849487e-01
3.150375294685363770e+01,1.366600952148437500e+02,3.260475921630859375e+01,3.633396625518798828e+00,3.369057655334472656e+00,-1.263642153844451721e-01,3.010000000000000000e+02,4.389425418215999741e-01
3.175487399101257324e+01,1.375714874267578125e+02,3.344581222534179688e+01,3.651837348937988281e+00,3.357790946960449219e+00,-1.045601202923106127e-01,3.030000000000000000e+02,4.226800568010159465e-01
3.200282907485961914e+01,1.384875030517578125e+02,3.428480148315429688e+01,3.670268058776855469e+00,3.348969697952270508e+00,-9.186802046838234148e-02,3.060000000000000000e+02,4.291797514949258208e-01
3.225107717514038086e+01,1.394079437255859375e+02,3.512167358398437500e+01,3.686337947845458984e+00,3.342146635055541992e+00,-7.182293039513734656e-02,3.080000000000000000e+02,4.021079091146050888e-01
3.250209784507751465e+01,1.403320465087890625e+02,3.595719146728515625e+01,3.700624942779541016e+00,3.336539030075073242e+00,-5.984738472542208004e-02,3.110000000000000000e+02,4.008092860304527938e-01
3.274977397918701172e+01,1.412569732666015625e+02,3.678915023803710938e+01,3.712925910949707031e+00,3.331202507019042969e+00,-4.123019298308949754e-02,3.130000000000000000e+02,3.683911239722030828e-01
3.300500798225402832e+01,1.421887207031250000e+02,3.762283706665039062e+01,3.723100423812866211e+00,3.326055526733398438e+00,-2.871943609063747418e-02,3.160000000000000000e+02,3.587522866962807866e-01
3.325018191337585449e+01,1.431309051513671875e+02,3.846271133422851562e+01,3.730123758316040039e+00,3.322063207626342773e+00,-1.268432611903895675e-02,3.180000000000000000e+02,3.313499381703098878e-01
3.350425505638122559e+01,1.440695343017578125e+02,3.929820251464843750e+01,3.733109951019287109e+00,3.318250656127929688e+00,-2.764615771456613216e-03,3.210000000000000000e+02,2.989765041109954669e-01
3.375120782852172852e+01,1.450071411132812500e+02,4.013193893432617188e+01,3.732559204101562500e+00,3.314116239547729492e+00,9.210087297226408898e-03,3.230000000000000000e+02,2.950176509520069934e-01
3.400074601173400879e+01,1.459444274902343750e+02,4.096426010131835938e+01,3.730378866195678711e+00,3.310309171676635742e+00,1.764617650817616040e-02,3.260000000000000000e+02,2.405854487016659549e-01
3.425188803672790527e+01,1.468811340332031250e+02,4.179652786254882812e+01,3.726798057556152344e+00,3.307917833328247070e+00,2.645622588604432113e-02,3.280000000000000000e+02,2.620286517624763611e-01
3.450097990036010742e+01,1.478163604736328125e+02,4.262848663330078125e+01,3.722737073898315430e+00,3.306945323944091797e+00,3.253673653702545548e-02,3.310000000000000000e+02,1.840607773556390270e-01
3.475219297409057617e+01,1.487470703125000000e+02,4.345780944824218750e+01,3.718256235122680664e+00,3.307805299758911133e+00,3.780166303647909676e-02,3.330000000000000000e+02,2.342850931430626449e-01
3.499902582168579102e+01,1.496801605224609375e+02,4.429075241088867188e+01,3.714616298675537109e+00,3.309972524642944336e+00,4.212897085981087003e-02,3.360000000000000000e+02,1.343537989359671614e-01
3.525196290016174316e+01,1.506184997558593750e+02,4.512953186035156250e+01,3.711088180541992188e+00,3.312181472778320312e+00,4.612261607955719933e-02,3.380000000000000000e+02,2.279517478245467466e-01
3.550153994560241699e+01,1.515490722656250000e+02,4.596194076538085938e+01,3.706969261169433594e+00,3.313940286636352539e+00,5.048556915350217722e-02,3.410000000000000000e+02,8.359774843256442822e-02
3.575157594680786133e+01,1.524786224365234375e+02,4.679480743408203125e+01,3.703354120254516602e+00,3.317266225814819336e+00,5.284919607431823318e-02,3.430000000000000000e+02,2.220617372045754767e-01
3.600446009635925293e+01,1.534072418212890625e+02,4.763016891479492188e+01,3.700058698654174805e+00,3.322750091552734375e+00,5.481749875384549914e-02,3.460000000000000000e+02,4.295474393828462023e-02
3.625139594078063965e+01,1.543341064453125000e+02,4.846639633178710938e+01,3.695462226867675781e+00,3.327633380889892578e+00,5.413079684267185776e-02,3.480000000000000000e+02,2.268934413053773080e-01
3.650293803215026855e+01,1.552594604492187500e+02,4.930235290527343750e+01,3.691115856170654297e+00,3.331993579864501953e+00,5.558623587578332553e-02,3.510000000000000000e+02,1.865100304266630385e-02
3.674952507019042969e+01,1.561835174560546875e+02,5.013886642456054688e+01,3.687391281127929688e+00,3.337354183197021484e+00,5.422334839745893142e-02,3.530000000000000000e+02,2.337666890640971717e-01
3.700425505638122559e+01,1.571030883789062500e+02,5.097489547729492188e+01,3.684049606323242188e+00,3.344456434249877930e+00,5.356827610160421610e-02,3.560000000000000000e+02,3.377976184403603394e-02
3.725360894203186035e+01,1.580267333984375000e+02,5.181772613525390625e+01,3.681153059005737305e+00,3.351516485214233398e+00,5.007469125134146604e-02,3.580000000000000000e+02,2.431357051960256754e-01
3.750070595741271973e+01,1.589473419189453125e+02,5.266014862060546875e+01,3.677671194076538086e+00,3.357133865356445312e+00,5.959558481301100580e-02,3.610000000000000000e+02,4.946664383725846159e-02
3.775114583969116211e+01,1.598641967773437500e+02,5.350147628784179688e+01,3.675466775894165039e+00,3.364358901977539062e+00,8.236353382492589414e-02,3.630000000000000000e+02,2.518654318833311589e-01
3.800146794319152832e+01,1.607815246582031250e+02,5.434593582153320312e+01,3.673835754394531250e+00,3.374814987182617188e+00,1.315232431985972894e-01,3.660000000000000000e+02,6.156860204139100179e-02
3.825565004348754883e+01,1.616989440917968750e+02,5.519372177124023438e+01,3.666762113571166992e+00,3.388545513153076172e+00,1.806413517337250030e-01,3.690000000000000000e+02,2.507276362577829376e-01
3.849913597106933594e+01,1.626145019531250000e+02,5.604624176025390625e+01,3.650789976119995117e+00,3.407586097717285156e+00,2.559990339042373386e-01,3.710000000000000000e+02,6.396423188229430346e-02
3.874907279014587402e+01,1.635258483886718750e+02,5.690488815307617188e+01,3.626308202743530273e+00,3.433557033538818359e+00,3.218525847011274310e-01,3.740000000000000000e+02,2.318638649654656547e-01
3.900425791740417480e+01,1.644268798828125000e+02,5.776828765869140625e+01,3.591148376464843750e+00,3.468529701232910156e+00,4.115893255994435007e-01,3.760000000000000000e+02,4.314514566555970737e-02
3.925438094139099121e+01,1.653206329345703125e+02,5.864449691772460938e+01,3.546193122863769531e+00,3.512940883636474609e+00,5.052205779081336834e-01,3.790000000000000000e+02,2.132748897002972599e-01
3.950434994697570801e+01,1.662079162597656250e+02,5.953882980346679688e+01,3.488451957702636719e+00,3.567555665969848633e+00,5.832020248497754578e-01,3.810000000000000000e+02,7.325827941156808076e-02
3.975164198875427246e+01,1.670741729736328125e+02,6.044203948974609375e+01,3.418469667434692383e+00,3.630497932434082031e+00,6.777112575603359002e-01,3.840000000000000000e+02,2.290152107828622996e-01
4.000435185432434082e+01,1.679224700927734375e+02,6.136255264282226562e+01,3.337053537368774414e+00,3.702792167663574219e+00,7.583794617980113006e-01,3.860000000000000000e+02,2.156464995961562270e-01
4.025395202636718750e+01,1.687488098144531250e+02,6.230195617675781250e+01,3.241540193557739258e+00,3.782892942428588867e+00,8.482177258214883553e-01,3.890000000000000000e+02,2.774116942396510077e-01
4.049996280670166016e+01,1.695486907958984375e+02,6.326162338256835938e+01,3.132239103317260742e+00,3.868408203125000000e+00,9.259866984853627470e-01,3.910000000000000000e+02,2.898414574460198567e-01
4.075089693069458008e+01,1.703193511962890625e+02,6.424330139160156250e+01,3.008737087249755859e+00,3.961149454116821289e+00,1.004594122736330641e+00,3.940000000000000000e+02,2.511603537509565220e-01
4.100206899642944336e+01,1.710550537109375000e+02,6.524499511718750000e+01,2.872565031051635742e+00,4.057484149932861328e+00,1.076271869951813231e+00,3.960000000000000000e+02,2.778446374758543058e-01
4.125539779663085938e+01,1.717574768066406250e+02,6.627504730224609375e+01,2.723205566406250000e+00,4.158154964447021484e+00,1.142592381242975685e+00,3.990000000000000000e+02,1.492886387555217853e-01
4.150516295433044434e+01,1.724253845214843750e+02,6.733732604980468750e+01,2.560539484024047852e+00,4.259483814239501953e+00,1.201703773704472900e+00,4.010000000000000000e+02,2.515443763574587988e-01
4.175055694580078125e+01,1.730458374023437500e+02,6.841462707519531250e+01,2.385752677917480469e+00,4.357710361480712891e+00,1.261713011049854227e+00,4.040000000000000000e+02,1.426436582804909738e-02
4.200077199935913086e+01,1.736204986572265625e+02,6.951403808593750000e+01,2.196871995925903320e+00,4.455486297607421875e+00,1.317597625828286434e+00,4.070000000000000000e+02,2.634963158302548458e-01
4.225358414649963379e+01,1.741459655761718750e+02,7.063784790039062500e+01,1.994781136512756348e+00,4.552559375762939453e+00,1.352003414231238043e+00,4.090000000000000000e+02,2.129495890791665846e-01
4.250190496444702148e+01,1.746196441650390625e+02,7.178588104248046875e+01,1.781552195549011230e+00,4.644200325012207031e+00,1.398636405447728048e+00,4.110000000000000000e+02,4.027853047773936601e-01
4.275039196014404297e+01,1.750393371582031250e+02,7.295668029785156250e+01,1.558976054191589355e+00,4.728514671325683594e+00,1.420565179139025025e+00,4.140000000000000000e+02,4.288832524807587032e-01
4.300168013572692871e+01,1.754022674560546875e+02,7.414802551269531250e+01,1.324010372161865234e+00,4.803575992584228516e+00,1.457658985485792646e+00,4.160000000000000000e+02,5.817601356657884359e-01
4.325492000579833984e+01,1.757046661376953125e+02,7.535330200195312500e+01,1.082306623458862305e+00,4.867737770080566406e+00,1.464818604606060726e+00,4.190000000000000000e+02,6.477770269554409266e-01
4.350335311889648438e+01,1.759473876953125000e+02,7.658226776123046875e+01,8.313617110252380371e-01,4.920402526855468750e+00,1.494470293519629900e+00,4.210000000000000000e+02,7.734190071756692486e-01
4.375469994544982910e+01,1.761264495849609375e+02,7.782688140869140625e+01,5.753474831581115723e-01,4.959613323211669922e+00,1.522913416160004196e+00,4.240000000000000000e+02,8.569584241684027326e-01
4.400164389610290527e+01,1.762402801513671875e+02,7.907478332519531250e+01,3.133392035961151123e-01,4.982491970062255859e+00,1.511316616870189700e+00,4.260000000000000000e+02,9.603851106165028906e-01
4.425467705726623535e+01,1.762881927490234375e+02,8.032647705078125000e+01,4.457858577370643616e-02,4.990787029266357422e+00,1.523610907232676004e+00,4.290000000000000000e+02,1.049883954166845434e+00
4.450342607498168945e+01,1.762690277099609375e+02,8.157729339599609375e+01,-2.223765850067138672e-01,4.984210968017578125e+00,1.480085256882866629e+00,4.310000000000000000e+02,1.127489658418801222e+00
4.475500583648681641e+01,1.761833801269531250e+02,8.282423400878906250e+01,-4.897847473621368408e-01,4.964173316955566406e+00,1.460094647968057879e+00,4.340000000000000000e+02,1.220371736909107607e+00
4.500130510330200195e+01,1.760321807861328125e+02,8.406497192382812500e+01,-7.496876120567321777e-01,4.933139324188232422e+00,1.432332871016696485e+00,4.360000000000000000e+02,1.272462638330064566e+00
4.525291800498962402e+01,1.758169555664062500e+02,8.529237365722656250e+01,-1.005519628524780273e+00,4.889668941497802734e+00,1.335028371822649440e+00,4.380000000000000000e+02,1.351897788935150224e+00
4.550006294250488281e+01,1.755375976562500000e+02,8.651201629638671875e+01,-1.254515051841735840e+00,4.837244510650634766e+00,1.281589910224961493e+00,4.410000000000000000e+02,1.399737674315788105e+00
4.575291395187377930e+01,1.751957550048828125e+02,8.772576141357421875e+01,-1.486397504806518555e+00,4.776507377624511719e+00,1.225758153312780818e+00,4.430000000000000000e+02,1.458388671113613366e+00
4.600657296180725098e+01,1.747981872558593750e+02,8.891567230224609375e+01,-1.705814003944396973e+00,4.707177162170410156e+00,1.100480723382122994e+00,4.460000000000000000e+02,1.522124660835609378e+00
4.625318694114685059e+01,1.743463897705078125e+02,9.008814239501953125e+01,-1.911392211914062500e+00,4.632817268371582031e+00,1.025914228157466024e+00,4.480000000000000000e+02,1.569986006890296659e+00
4.650538396835327148e+01,1.738467254638671875e+02,9.123972320556640625e+01,-2.093721628189086914e+00,4.556619167327880859e+00,8.952941587432194925e-01,4.500000000000000000e+02,1.650514397399521549e+00
4.675329303741455078e+01,1.733047943115234375e+02,9.236940002441406250e+01,-2.258613348007202148e+00,4.478146553039550781e+00,8.148904929639220196e-01,4.530000000000000000e+02,1.716533702783856974e+00
4.700305986404418945e+01,1.727240905761718750e+02,9.347978973388671875e+01,-2.404500961303710938e+00,4.406345367431640625e+00,6.868064900744932366e-01,4.550000000000000000e+02,1.789024984172914889e+00
4.725393891334533691e+01,1.721108245849609375e+02,9.456980133056640625e+01,-2.535861253738403320e+00,4.339904785156250000e+00,6.072065959294351556e-01,4.580000000000000000e+02,1.813517753677891031e+00
4.750232601165771484e+01,1.714647674560546875e+02,9.564810180664062500e+01,-2.649233818054199219e+00,4.280307292938232422e+00,4.873555887384118379e-01,4.600000000000000000e+02,1.817485986544168819e+00
4.775771498680114746e+01,1.707869110107421875e+02,9.671928405761718750e+01,-2.748550415039062500e+00,4.224004745483398438e+00,3.732774354128409744e-01,4.630000000000000000e+02,1.772736506458285843e+00
4.800634503364562988e+01,1.700900878906250000e+02,9.777053833007812500e+01,-2.827944040298461914e+00,4.175140857696533203e+00,3.007593800370292891e-01,4.650000000000000000e+02,1.727240133085049756e+00
4.825350975990295410e+01,1.693733215332031250e+02,9.881185913085937500e+01,-2.892371177673339844e+00,4.133407115936279297e+00,2.023214200521537276e-01,4.680000000000000000e+02,1.626945623393843299e+00
4.850697708129882812e+01,1.686414489746093750e+02,9.984420013427734375e+01,-2.944679975509643555e+00,4.095824241638183594e+00,1.345468643068486736e-01,4.710000000000000000e+02,1.540208080368609123e+00
4.875417017936706543e+01,1.678982391357421875e+02,1.008675918579101562e+02,-2.982676982879638672e+00,4.063467025756835938e+00,4.990448415869043475e-02,4.730000000000000000e+02,1.410733820237255465e+00
4.900691890716552734e+01,1.671462707519531250e+02,1.018833999633789062e+02,-3.009506702423095703e+00,4.036971569061279297e+00,-9.807565178087312985e-03,4.760000000000000000e+02,1.294170278074554536e+00
4.925712585449218750e+01,1.663883361816406250e+02,1.028936843872070312e+02,-3.025706052780151367e+00,4.017833232879638672e+00,-7.716376997185582509e-02,4.780000000000000000e+02,1.150898274950378219e+00
4.950403594970703125e+01,1.656297302246093750e+02,1.038965225219726562e+02,-3.031667947769165039e+00,4.005760669708251953e+00,-1.252019781707688351e-01,4.810000000000000000e+02,1.018330856993102440e+00
4.975488686561584473e+01,1.648656616210937500e+02,1.049041213989257812e+02,-3.028321266174316406e+00,4.001450061798095703e+00,-1.718597264698857319e-01,4.830000000000000000e+02,8.741669037550829913e-01
5.000497102737426758e+01,1.641029357910156250e+02,1.059121093750000000e+02,-3.017792940139770508e+00,4.002965450286865234e+00,-2.075691227390687177e-01,4.860000000000000000e+02,7.340399656158063113e-01
5.025197005271911621e+01,1.633452148437500000e+02,1.069189300537109375e+02,-3.001840591430664062e+00,4.009768009185791016e+00,-2.359686730441453717e-01,4.880000000000000000e+02,6.077054193810556004e-01
5.050389814376831055e+01,1.625921173095703125e+02,1.079283370971679688e+02,-2.980338335037231445e+00,4.020927429199218750e+00,-2.552473419485346007e-01,4.910000000000000000e+02,4.650329862745223863e-01
5.075463604927062988e+01,1.618450469970703125e+02,1.089403610229492188e+02,-2.953552722930908203e+00,4.033443450927734375e+00,-2.729039605090253229e-01,4.930000000000000000e+02,3.764898860098383482e-01
5.100268292427062988e+01,1.611055603027343750e+02,1.099560928344726562e+02,-2.922303915023803711e+00,4.047582626342773438e+00,-2.778034266706775335e-01,4.960000000000000000e+02,2.239157628994643268e-01
5.125766086578369141e+01,1.603740386962890625e+02,1.109753570556640625e+02,-2.889281034469604492e+00,4.064095497131347656e+00,-2.861747950654162098e-01,4.980000000000000000e+02,2.271382428953703791e-01
5.150165796279907227e+01,1.596539459228515625e+02,1.119948806762695312e+02,-2.856118679046630859e+00,4.082297801971435547e+00,-2.810716708598096636e-01,5.010000000000000000e+02,4.382541278738521368e-02
5.175502681732177734e+01,1.589401550292968750e+02,1.130217742919921875e+02,-2.822665452957153320e+00,4.102632045745849609e+00,-2.831220067352129832e-01,5.030000000000000000e+02,2.276590827300761788e-01
5.200734496116638184e+01,1.582302246093750000e+02,1.140602722167968750e+02,-2.788811922073364258e+00,4.123757362365722656e+00,-2.703387605836483631e-01,5.060000000000000000e+02,1.589055985393207637e-01
5.225389790534973145e+01,1.575361785888671875e+02,1.150942611694335938e+02,-2.754142999649047852e+00,4.144407749176025391e+00,-2.658291193597661084e-01,5.080000000000000000e+02,3.259194973958058350e-01
5.250575089454650879e+01,1.568511657714843750e+02,1.161323928833007812e+02,-2.721649169921875000e+00,4.167443752288818359e+00,-2.462586628925888532e-01,5.110000000000000000e+02,2.844382587544408425e-01
5.275419378280639648e+01,1.561738128662109375e+02,1.171763610839843750e+02,-2.690943479537963867e+00,4.191894531250000000e+00,-2.376006739359396713e-01,5.130000000000000000e+02,4.121121071696293159e-01
5.300386500358581543e+01,1.555041198730468750e+02,1.182262649536132812e+02,-2.661632061004638672e+00,4.215910434722900391e+00,-2.142313992019111990e-01,5.160000000000000000e+02,3.719920904773102999e-01
5.325140976905822754e+01,1.548411254882812500e+02,1.192821121215820312e+02,-2.633458614349365234e+00,4.239278793334960938e+00,-2.020507590861069513e-01,5.190000000000000000e+02,4.681240070360894734e-01
5.350518393516540527e+01,1.541868896484375000e+02,1.203406524658203125e+02,-2.606711149215698242e+00,4.260700702667236328e+00,-1.763007829303836482e-01,5.210000000000000000e+02,4.238093145403343254e-01
5.375174903869628906e+01,1.535369873046875000e+02,1.214079284667968750e+02,-2.581185102462768555e+00,4.280223846435546875e+00,-1.616403327687006009e-01,5.240000000000000000e+02,4.906417985499250678e-01
5.400335192680358887e+01,1.528885345458984375e+02,1.224881668090820312e+02,-2.557363986968994141e+00,4.297595500946044922e+00,-1.353296619625470321e-01,5.260000000000000000e+02,4.443417996613375776e-01
5.425795412063598633e+01,1.522478332519531250e+02,1.235694351196289062e+02,-2.535266637802124023e+00,4.312145233154296875e+00,-1.195398224611149834e-01,5.290000000000000000e+02,4.772968681987076467e-01
5.450478577613830566e+01,1.516130981445312500e+02,1.246525421142578125e+02,-2.514839410781860352e+00,4.321583747863769531e+00,-9.492327483989101977e-02,5.310000000000000000e+02,4.394306403536432093e-01
5.475394892692565918e+01,1.509836578369140625e+02,1.257374572753906250e+02,-2.495906591415405273e+00,4.328478813171386719e+00,-7.954388813903033595e-02,5.340000000000000000e+02,4.457615261781759930e-01
5.500466084480285645e+01,1.503581542968750000e+02,1.268239212036132812e+02,-2.478866815567016602e+00,4.332631587982177734e+00,-5.705253051785426355e-02,5.360000000000000000e+02,4.157772981680091795e-01
5.525685715675354004e+01,1.497361145019531250e+02,1.279122085571289062e+02,-2.464792251586914062e+00,4.335771083831787109e+00,-4.295706467547956431e-02,5.390000000000000000e+02,3.992684836420792860e-01
5.550637888908386230e+01,1.491176910400390625e+02,1.290000305175781250e+02,-2.453364133834838867e+00,4.337339401245117188e+00,-2.409746699150303734e-02,5.410000000000000000e+02,3.803473671926074773e-01
5.575303912162780762e+01,1.485042572021484375e+02,1.300832672119140625e+02,-2.444591522216796875e+00,4.339130401611328125e+00,-1.165211542609608485e-02,5.440000000000000000e+02,3.454938902436194836e-01
5.600607204437255859e+01,1.478883972167968750e+02,1.311734924316406250e+02,-2.438964605331420898e+00,4.341729164123535156e+00,3.796936225966906966e-03,5.460000000000000000e+02,3.384125871515195616e-01
5.625281095504760742e+01,1.472727813720703125e+02,1.322645263671875000e+02,-2.435429811477661133e+00,4.344052791595458984e+00,1.434952492022730994e-02,5.490000000000000000e+02,2.839263248813722051e-01
5.650599098205566406e+01,1.466606903076171875e+02,1.333533325195312500e+02,-2.433276653289794922e+00,4.346339702606201172e+00,2.735416085997184610e-02,5.510000000000000000e+02,3.005390496038360393e-01
5.675573086738586426e+01,1.460490570068359375e+02,1.344427337646484375e+02,-2.432748556137084961e+00,4.348279476165771484e+00,3.848899773382114670e-02,5.540000000000000000e+02,2.194469253603071879e-01
5.700458598136901855e+01,1.454370880126953125e+02,1.355325622558593750e+02,-2.433608531951904297e+00,4.348229885101318359e+00,4.692501508546178396e-02,5.560000000000000000e+02,2.681501988134488146e-01
5.725508093833923340e+01,1.448252563476562500e+02,1.366207275390625000e+02,-2.434968471527099609e+00,4.346101284027099609e+00,5.431152991910136868e-02,5.590000000000000000e+02,1.552014136282350021e-01
5.750583910942077637e+01,1.442129669189453125e+02,1.377079010009765625e+02,-2.438083171844482422e+00,4.344211101531982422e+00,6.069768091549362921e-02,5.610000000000000000e+02,2.475288627057659341e-01
5.775466179847717285e+01,1.436021575927734375e+02,1.387904357910156250e+02,-2.442879438400268555e+00,4.342427253723144531e+00,6.476917834907988669e-02,5.640000000000000000e+02,9.646889817392911848e-02
5.800515604019165039e+01,1.429871063232421875e+02,1.398763427734375000e+02,-2.449852943420410156e+00,4.341222286224365234e+00,6.848893713701559305e-02,5.660000000000000000e+02,2.380364315754838755e-01
5.825735712051391602e+01,1.423664245605468750e+02,1.409686279296875000e+02,-2.457007169723510742e+00,4.338807106018066406e+00,6.932949397182915086e-02,5.690000000000000000e+02,4.133610612206772839e-02
5.850368404388427734e+01,1.417490844726562500e+02,1.420520172119140625e+02,-2.463134288787841797e+00,4.335632801055908203e+00,7.222945582755617433e-02,5.720000000000000000e+02,2.425968856427990206e-01
5.875456786155700684e+01,1.411315917968750000e+02,1.431323699951171875e+02,-2.469592809677124023e+00,4.333554744720458984e+00,8.544957337337673320e-02,5.740000000000000000e+02,1.158173168330194069e-02
5.900738501548767090e+01,1.405122528076171875e+02,1.442122955322265625e+02,-2.478124141693115234e+00,4.332558631896972656e+00,1.118133204559696309e-01,5.770000000000000000e+02,2.319097445167818128e-01
5.925621294975280762e+01,1.398892364501953125e+02,1.452922210693359375e+02,-2.490835428237915039e+00,4.330002307891845703e+00,1.618468419000306802e-01,5.790000000000000000e+02,4.630082851392561261e-02
5.950578403472900391e+01,1.392621917724609375e+02,1.463710632324218750e+02,-2.509166955947875977e+00,4.322619438171386719e+00,2.112433280823525772e-01,5.820000000000000000e+02,2.203271075029738235e-01
5.975281500816345215e+01,1.386313781738281250e+02,1.474449920654296875e+02,-2.535786151885986328e+00,4.309513092041015625e+00,2.857323562287510943e-01,5.840000000000000000e+02,7.069476648278449904e-02
6.000806188583374023e+01,1.379910736083984375e+02,1.485193481445312500e+02,-2.570917367935180664e+00,4.290709018707275391e+00,3.702550345612301563e-01,5.870000000000000000e+02,2.039786627826398469e-01
6.025523781776428223e+01,1.373356781005859375e+02,1.495950469970703125e+02,-2.617804527282714844e+00,4.263077259063720703e+00,4.419396698851068561e-01,5.890000000000000000e+02,8.450507784692444513e-02
6.050634908676147461e+01,1.366712188720703125e+02,1.506558837890625000e+02,-2.675541639328002930e+00,4.225689411163330078e+00,5.336442399774856682e-01,5.920000000000000000e+02,1.633703490732805186e-01
6.075589704513549805e+01,1.359905853271484375e+02,1.517069396972656250e+02,-2.744242429733276367e+00,4.179718017578125000e+00,6.116325963292249535e-01,5.940000000000000000e+02,1.030009775767754404e-01
6.100419616699218750e+01,1.352909088134765625e+02,1.527456054687500000e+02,-2.823799610137939453e+00,4.123292922973632812e+00,7.051721102227637150e-01,5.970000000000000000e+02,1.735781223296886389e-01
6.125793099403381348e+01,1.345700531005859375e+02,1.537691040039062500e+02,-2.912427425384521484e+00,4.056005001068115234e+00,7.960176097369134895e-01,5.990000000000000000e+02,2.204053947980062766e-01
6.150636887550354004e+01,1.338265533447265625e+02,1.547746429443359375e+02,-3.010467290878295898e+00,3.977575302124023438e+00,8.751489972125212624e-01,6.020000000000000000e+02,2.290229355720398152e-01
6.175237083435058594e+01,1.330581359863281250e+02,1.557594909667968750e+02,-3.118218898773193359e+00,3.888017416000366211e+00,9.584689560649130025e-01,6.040000000000000000e+02,2.932875522953586889e-01
6.200474691390991211e+01,1.322648620605468750e+02,1.567174530029296875e+02,-3.235555171966552734e+00,3.787627696990966797e+00,1.033348213990407105e+00,6.070000000000000000e+02,2.038078797237132533e-01
6.225583577156066895e+01,1.314350280761718750e+02,1.576555328369140625e+02,-3.362245559692382812e+00,3.673535108566284180e+00,1.103825488046543235e+00,6.100000000000000000e+02,2.904985866331123989e-01
6.250785994529724121e+01,1.305751037597656250e+02,1.585615844726562500e+02,-3.492320060729980469e+00,3.545954465866088867e+00,1.170982756803942149e+00,6.120000000000000000e+02,1.037221010591503484e-01
6.275577187538146973e+01,1.296877288818359375e+02,1.594292449951171875e+02,-3.625238180160522461e+00,3.406267404556274414e+00,1.225744862299353866e+00,6.150000000000000000e+02,2.079122720517126155e-01
6.300805807113647461e+01,1.287666320800781250e+02,1.602612152099609375e+02,-3.763988256454467773e+00,3.255189418792724609e+00,1.284653455427094304e+00,6.170000000000000000e+02,7.891322944243972515e-02
6.325600504875183105e+01,1.278106842041015625e+02,1.610538635253906250e+02,-3.903343915939331055e+00,3.092170953750610352e+00,1.341885257704809487e+00,6.200000000000000000e+02,2.542785738786402239e-01
6.350798487663269043e+01,1.268188781738281250e+02,1.618043975830078125e+02,-4.042012214660644531e+00,2.914463758468627930e+00,1.375291631473700926e+00,6.220000000000000000e+02,2.677927008861656355e-01
6.375474691390991211e+01,1.257917556762695312e+02,1.625089416503906250e+02,-4.177117824554443359e+00,2.723429918289184570e+00,1.421154508839488795e+00,6.250000000000000000e+02,4.216992284295234539e-01
6.400604391098022461e+01,1.247348861694335938e+02,1.631627502441406250e+02,-4.304920673370361328e+00,2.521575212478637695e+00,1.439506629062534460e+00,6.270000000000000000e+02,4.783290012665273316e-01
6.425682091712951660e+01,1.236429214477539062e+02,1.637666931152343750e+02,-4.426384925842285156e+00,2.305926084518432617e+00,1.475000869598428688e+00,6.300000000000000000e+02,6.331969914585374726e-01
6.450678086280822754e+01,1.225144119262695312e+02,1.643191680908203125e+02,-4.537006378173828125e+00,2.080676317214965820e+00,1.479075857554134732e+00,6.320000000000000000e+02,6.932919956960290619e-01
6.475726580619812012e+01,1.213662338256835938e+02,1.648114624023437500e+02,-4.637333393096923828e+00,1.846395492553710938e+00,1.494355867361921941e+00,6.340000000000000000e+02,8.269605901832846051e-01
6.500889706611633301e+01,1.201922378540039062e+02,1.652449035644531250e+02,-4.727486610412597656e+00,1.605598926544189453e+00,1.496721604526310312e+00,6.370000000000000000e+02,9.018770202474669651e-01
6.525722503662109375e+01,1.189967803955078125e+02,1.656170654296875000e+02,-4.804589271545410156e+00,1.358019471168518066e+00,1.432893354518236739e+00,6.390000000000000000e+02,1.007627928674627915e+00
6.550749206542968750e+01,1.177845153808593750e+02,1.659261932373046875e+02,-4.866928577423095703e+00,1.107298135757446289e+00,1.399677914177366755e+00,6.420000000000000000e+02,1.096774955006447838e+00
6.575410890579223633e+01,1.165585327148437500e+02,1.661725921630859375e+02,-4.915754318237304688e+00,8.644602298736572266e-01,1.360734983705293999e+00,6.440000000000000000e+02,1.176752052093167578e+00
6.600657892227172852e+01,1.153265457153320312e+02,1.663577880859375000e+02,-4.952313899993896484e+00,6.239401698112487793e-01,1.251394217466728742e+00,6.470000000000000000e+02,1.281999930920191932e+00
6.625840091705322266e+01,1.140825347900390625e+02,1.664839935302734375e+02,-4.978679656982421875e+00,3.893870711326599121e-01,1.190108197412486302e+00,6.490000000000000000e+02,1.344454542880766379e+00
6.650833892822265625e+01,1.128245773315429688e+02,1.665547485351562500e+02,-4.994904041290283203e+00,1.731981039047241211e-01,1.073504508857046957e+00,6.510000000000000000e+02,1.442215764738639772e+00
6.675616693496704102e+01,1.115707702636718750e+02,1.665723876953125000e+02,-5.001143455505371094e+00,-3.063913248479366302e-02,1.006651893070080961e+00,6.540000000000000000e+02,1.533290359875893571e+00
6.700781583786010742e+01,1.103150482177734375e+02,1.665395812988281250e+02,-5.000749111175537109e+00,-2.194654196500778198e-01,8.831800444415608409e-01,6.560000000000000000e+02,1.630821808204360179e+00
6.725567317008972168e+01,1.090609893798828125e+02,1.664609222412109375e+02,-4.993187427520751953e+00,-3.942731916904449463e-01,8.092306939145079703e-01,6.590000000000000000e+02,1.748701611075417439e+00
6.750313496589660645e+01,1.078140487670898438e+02,1.663420410156250000e+02,-4.978902816772460938e+00,-5.497459173202514648e-01,6.862154207354697055e-01,6.610000000000000000e+02,1.804237539265190815e+00
6.775783705711364746e+01,1.065717468261718750e+02,1.661866607666015625e+02,-4.963115215301513672e+00,-6.919578909873962402e-01,6.098168098261027570e-01,6.640000000000000000e+02,1.846545897380192924e+00
6.800607204437255859e+01,1.053332901000976562e+02,1.659977111816406250e+02,-4.949028968811035156e+00,-8.154628872871398926e-01,4.942170758469840441e-01,6.660000000000000000e+02,1.834555101458264170e+00
6.825318694114685059e+01,1.041016082763671875e+02,1.657802276611328125e+02,-4.936644077301025391e+00,-9.254973530769348145e-01,4.206248391370223660e-01,6.690000000000000000e+02,1.811802381411357299e+00
6.850295805931091309e+01,1.028644027709960938e+02,1.655355377197265625e+02,-4.924589157104492188e+00,-1.019303321838378906e+00,3.147289667822421588e-01,6.710000000000000000e+02,1.747106872054849935e+00
6.875720000267028809e+01,1.016264953613281250e+02,1.652676086425781250e+02,-4.912367343902587891e+00,-1.100022077560424805e+00,2.441901324503877868e-01,6.740000000000000000e+02,1.671451777898357083e+00
6.900457501411437988e+01,1.003961410522460938e+02,1.649816894531250000e+02,-4.898676395416259766e+00,-1.163628935813903809e+00,1.503117887181954215e-01,6.760000000000000000e+02,1.570499477984792058e+00
6.925838804244995117e+01,9.916971588134765625e+01,1.646810455322265625e+02,-4.883921623229980469e+00,-1.213927268981933594e+00,8.588918475005359598e-02,6.790000000000000000e+02,1.456386751682360314e+00
6.950629091262817383e+01,9.794680786132812500e+01,1.643697509765625000e+02,-4.870916366577148438e+00,-1.249099373817443848e+00,8.706255701101566977e-03,6.810000000000000000e+02,1.334531446984284830e+00
6.975460982322692871e+01,9.672695159912109375e+01,1.640506591796875000e+02,-4.859542369842529297e+00,-1.272765994071960449e+00,-4.547497679151579764e-02,6.840000000000000000e+02,1.196678640908611202e+00
7.000800681114196777e+01,9.550944519042968750e+01,1.637273864746093750e+02,-4.851471424102783203e+00,-1.283766865730285645e+00,-1.036590264571309872e-01,6.860000000000000000e+02,1.068116737349365852e+00
7.025694298744201660e+01,9.429734802246093750e+01,1.634029846191406250e+02,-4.846863269805908203e+00,-1.285196185111999512e+00,-1.455738789591667359e-01,6.890000000000000000e+02,9.188150764671521031e-01
7.050780797004699707e+01,9.308200073242187500e+01,1.630782775878906250e+02,-4.845774173736572266e+00,-1.276691794395446777e+00,-1.847660380316045459e-01,6.910000000000000000e+02,7.955489854151234219e-01
7.075861597061157227e+01,9.185884857177734375e+01,1.627545471191406250e+02,-4.846320629119873047e+00,-1.259680628776550293e+00,-2.133956551904108712e-01,6.940000000000000000e+02,6.408099331404532029e-01
7.101006412506103516e+01,9.064187622070312500e+01,1.624379425048828125e+02,-4.848589897155761719e+00,-1.235526800155639648e+00,-2.352146474586780944e-01,6.960000000000000000e+02,5.443468361868295524e-01
7.125629997253417969e+01,8.942279815673828125e+01,1.621274108886718750e+02,-4.852743148803710938e+00,-1.206378579139709473e+00,-2.480249289046141670e-01,6.990000000000000000e+02,3.839891034646918389e-01
7.150671100616455078e+01,8.820291900634765625e+01,1.618244476318359375e+02,-4.856215476989746094e+00,-1.172865629196166992e+00,-2.603139349795507429e-01,7.010000000000000000e+02,3.410655001637835082e-01
7.175509405136108398e+01,8.698225402832031250e+01,1.615310516357421875e+02,-4.859249591827392578e+00,-1.136221766471862793e+00,-2.604410087153791742e-01,7.040000000000000000e+02,1.584311517405326275e-01
7.200932407379150391e+01,8.576020050048828125e+01,1.612464294433593750e+02,-4.863366603851318359e+00,-1.098262310028076172e+00,-2.650503566410347678e-01,7.060000000000000000e+02,2.380363243046563770e-01
7.225365185737609863e+01,8.454128265380859375e+01,1.609720611572265625e+02,-4.868265151977539062e+00,-1.059205532073974609e+00,-2.562929995489042212e-01,7.090000000000000000e+02,3.509209262957813102e-02
7.250492906570434570e+01,8.331727600097656250e+01,1.607075958251953125e+02,-4.874329566955566406e+00,-1.018696188926696777e+00,-2.535763784590597258e-01,7.110000000000000000e+02,2.650445171014102486e-01
7.276055598258972168e+01,8.208428955078125000e+01,1.604517669677734375e+02,-4.880311965942382812e+00,-9.780644774436950684e-01,-2.370140147710499967e-01,7.140000000000000000e+02,1.797722919768148797e-01
7.300675296783447266e+01,8.086238861083984375e+01,1.602078857421875000e+02,-4.884233474731445312e+00,-9.386135339736938477e-01,-2.295298298341150178e-01,7.170000000000000000e+02,3.387659654125645958e-01
7.325560998916625977e+01,7.964170074462890625e+01,1.599741668701171875e+02,-4.890787124633789062e+00,-9.002312421798706055e-01,-2.081658056485365949e-01,7.190000000000000000e+02,2.873671909071769948e-01
7.350465893745422363e+01,7.841816711425781250e+01,1.597508239746093750e+02,-4.901703834533691406e+00,-8.626410961151123047e-01,-1.955011952827714061e-01,7.220000000000000000e+02,4.054842994338522799e-01
7.375392508506774902e+01,7.719207763671875000e+01,1.595363922119140625e+02,-4.912478923797607422e+00,-8.286149501800537109e-01,-1.716005519618379604e-01,7.240000000000000000e+02,3.545814154745443592e-01
7.400913405418395996e+01,7.596331787109375000e+01,1.593302459716796875e+02,-4.922284603118896484e+00,-7.963809370994567871e-01,-1.574772039678462576e-01,7.270000000000000000e+02,4.440148943620390587e-01
7.425548195838928223e+01,7.473181152343750000e+01,1.591314392089843750e+02,-4.931561470031738281e+00,-7.677794694900512695e-01,-1.334858766393895169e-01,7.290000000000000000e+02,3.879390217005918018e-01
7.450860381126403809e+01,7.350148010253906250e+01,1.589395294189453125e+02,-4.940168380737304688e+00,-7.417781352996826172e-01,-1.193131958681004218e-01,7.320000000000000000e+02,4.567774071860408180e-01
7.475400400161743164e+01,7.226044464111328125e+01,1.587524261474609375e+02,-4.947078704833984375e+00,-7.180067300796508789e-01,-9.600334300125727693e-02,7.340000000000000000e+02,3.945722151606807504e-01
7.500686693191528320e+01,7.101684570312500000e+01,1.585715484619140625e+02,-4.951006889343261719e+00,-6.954339742660522461e-01,-8.029141086025541607e-02,7.370000000000000000e+02,4.381650187592766033e-01
7.525450801849365234e+01,6.977439117431640625e+01,1.583955993652343750e+02,-4.953500747680664062e+00,-6.765268445014953613e-01,-5.836634125926516009e-02,7.390000000000000000e+02,3.791333954704930731e-01
7.550786709785461426e+01,6.853090667724609375e+01,1.582245025634765625e+02,-4.954348087310791016e+00,-6.585598587989807129e-01,-4.257074050866937326e-02,7.420000000000000000e+02,4.024530664338479835e-01
7.575903797149658203e+01,6.728762054443359375e+01,1.580570678710937500e+02,-4.952539443969726562e+00,-6.435874700546264648e-01,-2.229605613307513931e-02,7.440000000000000000e+02,3.475103963534437179e-01
7.600560402870178223e+01,6.604448699951171875e+01,1.578932800292968750e+02,-4.949507236480712891e+00,-6.312512159347534180e-01,-8.065345273178901181e-03,7.470000000000000000e+02,3.536654623549713161e-01
7.625642275810241699e+01,6.480201721191406250e+01,1.577320098876953125e+02,-4.946098327636718750e+00,-6.219596862792968750e-01,8.574303983968547399e-03,7.490000000000000000e+02,3.051580595574816535e-01
7.650804615020751953e+01,6.356546783447265625e+01,1.575734710693359375e+02,-4.942987918853759766e+00,-6.149543523788452148e-01,2.086986850830460649e-02,7.520000000000000000e+02,3.001849807818862126e-01
7.675501394271850586e+01,6.232614898681640625e+01,1.574159851074218750e+02,-4.940754413604736328e+00,-6.101533174514770508e-01,3.428014370518574910e-02,7.540000000000000000e+02,2.553839029865032084e-01
7.701122403144836426e+01,6.107916259765625000e+01,1.572579803466796875e+02,-4.940037727355957031e+00,-6.077923178672790527e-01,4.467108292137172282e-02,7.570000000000000000e+02,2.394627174630231392e-01
7.725804901123046875e+01,5.984041213989257812e+01,1.571007843017578125e+02,-4.940227985382080078e+00,-6.075202226638793945e-01,5.414598643904068587e-02,7.590000000000000000e+02,2.133920998600445651e-01
7.750945401191711426e+01,5.860152816772460938e+01,1.569437408447265625e+02,-4.941552162170410156e+00,-6.088070273399353027e-01,6.264515645317568493e-02,7.620000000000000000e+02,1.852895613105092487e-01
7.775773596763610840e+01,5.736291122436523438e+01,1.567867279052734375e+02,-4.942192077636718750e+00,-6.110190749168395996e-01,6.965010318887047969e-02,7.640000000000000000e+02,1.769218652032856776e-01
7.800844216346740723e+01,5.612499618530273438e+01,1.566291961669921875e+02,-4.941382884979248047e+00,-6.143870353698730469e-01,7.675706023727484062e-02,7.670000000000000000e+02,1.372668815555604938e-01
7.825610685348510742e+01,5.488758468627929688e+01,1.564701080322265625e+02,-4.941124916076660156e+00,-6.196912527084350586e-01,7.999277668791696105e-02,7.690000000000000000e+02,1.552994314976723356e-01
7.850824999809265137e+01,5.365462875366210938e+01,1.563101501464843750e+02,-4.941531181335449219e+00,-6.256122589111328125e-01,8.481167877770391661e-02,7.720000000000000000e+02,1.087301371056330485e-01
7.875818109512329102e+01,5.241758728027343750e+01,1.561483001708984375e+02,-4.942984104156494141e+00,-6.318101882934570312e-01,8.628237033489813412e-02,7.740000000000000000e+02,1.487868759372361627e-01
7.901148796081542969e+01,5.117255783081054688e+01,1.559832763671875000e+02,-4.943988323211669922e+00,-6.392019391059875488e-01,8.956368873163671196e-02,7.770000000000000000e+02,8.886468149741484635e-02
7.925874090194702148e+01,4.993630599975585938e+01,1.558170318603515625e+02,-4.943629264831542969e+00,-6.470450758934020996e-01,8.781347611195149117e-02,7.790000000000000000e+02,1.693375450774155799e-01
7.950910401344299316e+01,4.870368194580078125e+01,1.556490325927734375e+02,-4.942967891693115234e+00,-6.554543375968933105e-01,8.877087205977884921e-02,7.820000000000000000e+02,9.874313067418542811e-02
7.975499486923217773e+01,4.747159576416015625e+01,1.554792175292968750e+02,-4.945220470428466797e+00,-6.631726026535034180e-01,8.597168161651944085e-02,7.840000000000000000e+02,1.809137667991564946e-01
8.001031494140625000e+01,4.623764038085937500e+01,1.553082733154296875e+02,-4.948871135711669922e+00,-6.702719926834106445e-01,8.946288707068281165e-02,7.870000000000000000e+02,1.166713811114116345e-01
8.025580477714538574e+01,4.500173187255859375e+01,1.551348724365234375e+02,-4.952193737030029297e+00,-6.777561902999877930e-01,1.089336454459018111e-01,7.890000000000000000e+02,2.000209961369576184e-01
8.050711178779602051e+01,4.376819992065429688e+01,1.549596710205078125e+02,-4.954898834228515625e+00,-6.872375011444091797e-01,1.407009723686880320e-01,7.920000000000000000e+02,1.308712719295797855e-01
8.076086091995239258e+01,4.252943801879882812e+01,1.547811126708984375e+02,-4.954485416412353516e+00,-7.011035680770874023e-01,1.974766775617251835e-01,7.940000000000000000e+02,2.195355369703535786e-01
8.101002907752990723e+01,4.128670883178710938e+01,1.545980682373046875e+02,-4.951575756072998047e+00,-7.223066091537475586e-01,2.534907578388290728e-01,7.970000000000000000e+02,1.322496084243378056e-01
8.125953793525695801e+01,4.004476547241210938e+01,1.544085540771484375e+02,-4.944518566131591797e+00,-7.544012665748596191e-01,3.336538667607065189e-01,7.990000000000000000e+02,2.433225014934899955e-01
8.150997400283813477e+01,3.880797958374023438e+01,1.542106628417968750e+02,-4.934792041778564453e+00,-7.983586788177490234e-01,4.210877512838615555e-01,8.020000000000000000e+02,1.127157096213362714e-01
8.176054286956787109e+01,3.757359313964843750e+01,1.539995269775390625e+02,-4.922322273254394531e+00,-8.582958579063415527e-01,4.941401316759513884e-01,8.040000000000000000e+02,2.449624466841099912e-01
8.201030397415161133e+01,3.634265518188476562e+01,1.537710876464843750e+02,-4.905845642089843750e+00,-9.329259991645812988e-01,5.854380562035996771e-01,8.070000000000000000e+02,4.391600025295022691e-02
8.225924491882324219e+01,3.511676025390625000e+01,1.535222167968750000e+02,-4.884296894073486328e+00,-1.019782781600952148e+00,6.635562261206632284e-01,8.090000000000000000e+02,2.450447252658726760e-01
8.250864410400390625e+01,3.389691925048828125e+01,1.532503356933593750e+02,-4.858349800109863281e+00,-1.121652960777282715e+00,7.541354595899203428e-01,8.120000000000000000e+02,1.023396107284026552e-01
8.275571393966674805e+01,3.268788528442382812e+01,1.529527130126953125e+02,-4.829039096832275391e+00,-1.236403942108154297e+00,8.331898766886709495e-01,8.140000000000000000e+02,2.897623117442317264e-01
8.300669598579406738e+01,3.147949600219726562e+01,1.526222686767578125e+02,-4.792483329772949219e+00,-1.365841150283813477e+00,9.175243082799698913e-01,8.170000000000000000e+02,1.877497756987984157e-01
8.325968503952026367e+01,3.028154945373535156e+01,1.522581634521484375e+02,-4.747246742248535156e+00,-1.506396770477294922e+00,9.928569769279461665e-01,8.200000000000000000e+02,3.103343839695136275e-01
8.350584077835083008e+01,2.910084915161132812e+01,1.518604888916015625e+02,-4.693870544433593750e+00,-1.655680775642395020e+00,1.067999716443585045e+00,8.220000000000000000e+02,1.611298987772216695e-01
8.375862908363342285e+01,2.793731498718261719e+01,1.514253082275390625e+02,-4.631644248962402344e+00,-1.816632270812988281e+00,1.134135669238766742e+00,8.240000000000000000e+02,2.699580435028878234e-01
8.400901985168457031e+01,2.679127693176269531e+01,1.509486999511718750e+02,-4.561208248138427734e+00,-1.987907886505126953e+00,1.188788278151569289e+00,8.270000000000000000e+02,5.301864940123867526e-02
8.425683093070983887e+01,2.566241073608398438e+01,1.504283905029296875e+02,-4.481502532958984375e+00,-2.166044712066650391e+00,1.205050165372516746e+00,8.290000000000000000e+02,2.208348106858329107e-01
8.450757598876953125e+01,2.455389022827148438e+01,1.498636474609375000e+02,-4.391879081726074219e+00,-2.349043369293212891e+00,1.224295803881081834e+00,8.320000000000000000e+02,1.338590355350130767e-01
8.475942301750183105e+01,2.347230148315429688e+01,1.492550964355468750e+02,-4.294202804565429688e+00,-2.529912710189819336e+00,1.195030949406999499e+00,8.340000000000000000e+02,2.698905789094558916e-01
8.500877380371093750e+01,2.241219329833984375e+01,1.485988769531250000e+02,-4.188463687896728516e+00,-2.708336830139160156e+00,1.186449512685063601e+00,8.370000000000000000e+02,3.642673218028458226e-01
8.525596499443054199e+01,2.137243270874023438e+01,1.478930816650390625e+02,-4.075944423675537109e+00,-2.878880739212036133e+00,1.170108329551039494e+00,8.390000000000000000e+02,4.589615933271041781e-01
8.550988292694091797e+01,2.036845970153808594e+01,1.471499023437500000e+02,-3.956295251846313477e+00,-3.041379451751708984e+00,1.094066416623965088e+00,8.420000000000000000e+02,6.337994017555708126e-01
8.575653982162475586e+01,1.939398574829101562e+01,1.463669128417968750e+02,-3.834196805953979492e+00,-3.195686340332031250e+00,1.054636220097076471e+00,8.440000000000000000e+02,7.272985764086337124e-01
8.600632095336914062e+01,1.844915008544921875e+01,1.455467987060546875e+02,-3.714206218719482422e+00,-3.336410522460937500e+00,9.637460712395825579e-01,8.460000000000000000e+02,8.902113767995183391e-01
8.625851011276245117e+01,1.753446388244628906e+01,1.446913452148437500e+02,-3.593070745468139648e+00,-3.466990709304809570e+00,9.120253594536571473e-01,8.490000000000000000e+02,1.066976501701894176e+00
8.650593686103820801e+01,1.664970016479492188e+01,1.438052978515625000e+02,-3.476900815963745117e+00,-3.582652807235717773e+00,8.117513056129858073e-01,8.510000000000000000e+02,1.212464712861912375e+00
8.675955200195312500e+01,1.579698467254638672e+01,1.428946685791015625e+02,-3.364344596862792969e+00,-3.687709331512451172e+00,7.526225197535980627e-01,8.540000000000000000e+02,1.351734346474439130e+00
8.700734686851501465e+01,1.496872425079345703e+01,1.419563446044921875e+02,-3.261004209518432617e+00,-3.780641317367553711e+00,6.511929904372694144e-01,8.560000000000000000e+02,1.425480167081728755e+00
8.725671195983886719e+01,1.416275119781494141e+01,1.409922332763671875e+02,-3.163592815399169922e+00,-3.865226507186889648e+00,5.901000203824090518e-01,8.590000000000000000e+02,1.490376994899707430e+00
8.750830411911010742e+01,1.337954807281494141e+01,1.400074615478515625e+02,-3.075123786926269531e+00,-3.938405036926269531e+00,4.910409327907776511e-01,8.610000000000000000e+02,1.506144347558241670e+00
8.775926184654235840e+01,1.261961269378662109e+01,1.390076599121093750e+02,-2.994151592254638672e+00,-4.002065181732177734e+00,4.291237759718973255e-01,8.640000000000000000e+02,1.507510374081499682e+00
8.800725388526916504e+01,1.187887287139892578e+01,1.379916992187500000e+02,-2.923395633697509766e+00,-4.055383682250976562e+00,3.364933447045880821e-01,8.660000000000000000e+02,1.476718963203672352e+00
8.826037716865539551e+01,1.115567588806152344e+01,1.369647979736328125e+02,-2.860673427581787109e+00,-4.098542213439941406e+00,2.774195802450468151e-01,8.690000000000000000e+02,1.427592124061872969e+00
8.851051902770996094e+01,1.044873046875000000e+01,1.359322204589843750e+02,-2.808037996292114258e+00,-4.131329059600830078e+00,1.961695598714995881e-01,8.710000000000000000e+02,1.365150958873128317e+00
8.875652408599853516e+01,9.754650115966796875e+00,1.348934783935546875e+02,-2.764720201492309570e+00,-4.158371448516845703e+00,1.432109114448446019e-01,8.740000000000000000e+02,1.282104858506930345e+00
8.900652599334716797e+01,9.072003364562988281e+00,1.338518981933593750e+02,-2.733170509338378906e+00,-4.182034015655517578e+00,7.505505410287707790e-02,8.760000000000000000e+02,1.197868845427778606e+00
8.925568294525146484e+01,8.391385078430175781e+00,1.327963104248046875e+02,-2.710343837738037109e+00,-4.203390598297119141e+00,2.815091942608269684e-02,8.790000000000000000e+02,1.091247447490641731e+00
8.950870180130004883e+01,7.714375019073486328e+00,1.317335052490234375e+02,-2.695886135101318359e+00,-4.218741893768310547e+00,-2.756832831871353431e-02,8.810000000000000000e+02,9.967348429195335147e-01
8.975810194015502930e+01,7.041809558868408203e+00,1.306706085205078125e+02,-2.687582254409790039e+00,-4.224761009216308594e+00,-7.331702503895519418e-02,8.840000000000000000e+02,8.712353707216964338e-01
9.001247406005859375e+01,6.371069431304931641e+00,1.296078643798828125e+02,-2.686019659042358398e+00,-4.222973346710205078e+00,-1.044255836362451562e-01,8.860000000000000000e+02,7.839108681386803834e-01
9.026123380661010742e+01,5.699615955352783203e+00,1.285454711914062500e+02,-2.690090894699096680e+00,-4.217052936553955078e+00,-1.348107566207714658e-01,8.890000000000000000e+02,6.461836657372959092e-01
9.051081395149230957e+01,5.026518821716308594e+00,1.274851837158203125e+02,-2.698806285858154297e+00,-4.207005977630615234e+00,-1.571728639313570985e-01,8.910000000000000000e+02,5.821557314929773908e-01
9.076108598709106445e+01,4.350734710693359375e+00,1.264283599853515625e+02,-2.712733268737792969e+00,-4.193415641784667969e+00,-1.736608805191262594e-01,8.940000000000000000e+02,4.316278038654260407e-01
9.100657415390014648e+01,3.672498703002929688e+00,1.253791809082031250e+02,-2.730441570281982422e+00,-4.177433490753173828e+00,-1.862188988617832774e-01,8.960000000000000000e+02,4.117441683219136839e-01
9.125569200515747070e+01,2.987205505371093750e+00,1.243298568725585938e+02,-2.751507043838500977e+00,-4.161060810089111328e+00,-1.916889289201050839e-01,8.990000000000000000e+02,2.405513334392253288e-01
9.151075506210327148e+01,2.291455507278442383e+00,1.232775268554687500e+02,-2.775474548339843750e+00,-4.144482612609863281e+00,-1.980470754498782349e-01,9.020000000000000000e+02,2.735377568789187919e-01
9.175848793983459473e+01,1.593578815460205078e+00,1.222354812622070312e+02,-2.799389600753784180e+00,-4.126529216766357422e+00,-1.955465331529200324e-01,9.040000000000000000e+02,8.316815209021236055e-02
9.200911688804626465e+01,8.887737393379211426e-01,1.211968994140625000e+02,-2.823757171630859375e+00,-4.107069492340087891e+00,-1.964592405214056203e-01,9.070000000000000000e+02,2.011889325067382772e-01
9.226026797294616699e+01,1.778914332389831543e-01,1.201626052856445312e+02,-2.847661495208740234e+00,-4.087106227874755859e+00,-1.876705642105926386e-01,9.090000000000000000e+02,8.361738874396892895e-02
9.251035213470458984e+01,-5.389381051063537598e-01,1.191344604492187500e+02,-2.870753526687622070e+00,-4.065232753753662109e+00,-1.838353482652924642e-01,9.120000000000000000e+02,2.086983106888322947e-01
9.276536488533020020e+01,-1.261133313179016113e+00,1.181113281250000000e+02,-2.892179012298583984e+00,-4.042989253997802734e+00,-1.701501684236672307e-01,9.140000000000000000e+02,1.808194908627368813e-01
9.300861096382141113e+01,-1.985823273658752441e+00,1.170970230102539062e+02,-2.913279771804809570e+00,-4.021077156066894531e+00,-1.631016556630469072e-01,9.170000000000000000e+02,2.553982620830492212e-01
9.326030588150024414e+01,-2.717866420745849609e+00,1.160849380493164062e+02,-2.935239553451538086e+00,-4.001338958740234375e+00,-1.458511764876018468e-01,9.190000000000000000e+02,2.531902837989385979e-01
9.351031303405761719e+01,-3.457499504089355469e+00,1.150750274658203125e+02,-2.959008455276489258e+00,-3.984332084655761719e+00,-1.352677842296266530e-01,9.220000000000000000e+02,2.935624411867255312e-01
9.376156592369079590e+01,-4.202504158020019531e+00,1.140708312988281250e+02,-2.982115030288696289e+00,-3.968992710113525391e+00,-1.152305833393325318e-01,9.240000000000000000e+02,3.016834723495525616e-01
9.400823807716369629e+01,-4.948546886444091797e+00,1.130775985717773438e+02,-3.003791332244873047e+00,-3.954252958297729492e+00,-1.018060913884281798e-01,9.270000000000000000e+02,3.136235281792225660e-01
9.426099896430969238e+01,-5.698112487792968750e+00,1.120877151489257812e+02,-3.024649858474731445e+00,-3.943912267684936523e+00,-8.220690576887082490e-02,9.290000000000000000e+02,3.177978064181448681e-01
9.450970292091369629e+01,-6.452870845794677734e+00,1.111001586914062500e+02,-3.044903755187988281e+00,-3.935709714889526367e+00,-6.913771417882948189e-02,9.320000000000000000e+02,3.169858506153985789e-01
9.476194500923156738e+01,-7.213007450103759766e+00,1.101141281127929688e+02,-3.063266515731811523e+00,-3.928950786590576172e+00,-5.011706587922536843e-02,9.340000000000000000e+02,3.162234926899021858e-01
9.500852513313293457e+01,-7.977774143218994141e+00,1.091293182373046875e+02,-3.078875780105590820e+00,-3.922836780548095703e+00,-3.720316163372276025e-02,9.370000000000000000e+02,2.988724277468571278e-01
9.525993299484252930e+01,-8.743380546569824219e+00,1.081486587524414062e+02,-3.091723442077636719e+00,-3.917600631713867188e+00,-2.053874300530028618e-02,9.390000000000000000e+02,3.009519655858438059e-01
9.550713586807250977e+01,-9.517643928527832031e+00,1.071632537841796875e+02,-3.102884769439697266e+00,-3.912266731262207031e+00,-7.720940571023801081e-03,9.420000000000000000e+02,2.651515102644304567e-01
9.576111197471618652e+01,-1.029572296142578125e+01,1.061783752441406250e+02,-3.112334012985229492e+00,-3.907804727554321289e+00,8.032090123222940942e-03,9.440000000000000000e+02,2.847575321047707830e-01
9.600763583183288574e+01,-1.107431697845458984e+01,1.051960449218750000e+02,-3.119214534759521484e+00,-3.904394388198852539e+00,2.149833244461555812e-02,9.470000000000000000e+02,2.160526803046166899e-01
9.625809788703918457e+01,-1.185427093505859375e+01,1.042126388549804688e+02,-3.123046159744262695e+00,-3.902033567428588867e+00,3.114522800460639909e-02,9.490000000000000000e+02,2.703138955487467965e-01
9.651106095314025879e+01,-1.263515758514404297e+01,1.032297134399414062e+02,-3.123841524124145508e+00,-3.898650884628295898e+00,4.070655541196092908e-02,9.520000000000000000e+02,1.637938224658595510e-01
9.676065397262573242e+01,-1.341592407226562500e+01,1.022477264404296875e+02,-3.122126579284667969e+00,-3.894252538681030273e+00,4.903776740984941429e-02,9.540000000000000000e+02,2.652500496760563653e-01
9.700904607772827148e+01,-1.419608116149902344e+01,1.012667694091796875e+02,-3.119153261184692383e+00,-3.890259504318237305e+00,5.615784564713466320e-02,9.570000000000000000e+02,1.121334685559810806e-01
9.725988817214965820e+01,-1.497272396087646484e+01,1.002892456054687500e+02,-3.115462064743041992e+00,-3.887876510620117188e+00,6.269732403245781294e-02,9.600000000000000000e+02,2.623953234185917860e-01
9.751065182685852051e+01,-1.575078868865966797e+01,9.931024932861328125e+01,-3.111841678619384766e+00,-3.886716842651367188e+00,6.741236611112701171e-02,9.620000000000000000e+02,6.569955129342000544e-02
9.775774192810058594e+01,-1.653290367126464844e+01,9.832553100585937500e+01,-3.107985734939575195e+00,-3.886666297912597656e+00,7.328848707899354720e-02,9.650000000000000000e+02,2.233930512503775057e-01
9.801060509681701660e+01,-1.730896377563476562e+01,9.734720611572265625e+01,-3.103394031524658203e+00,-3.887725591659545898e+00,7.555047706819650877e-02,9.670000000000000000e+02,4.145998697804456623e-02
9.825851702690124512e+01,-1.808384895324707031e+01,9.636761474609375000e+01,-3.099099636077880859e+00,-3.890944719314575195e+00,7.921757006523799660e-02,9.700000000000000000e+02,2.022682441618017524e-01
9.851259589195251465e+01,-1.885767936706542969e+01,9.538742828369140625e+01,-3.094948530197143555e+00,-3.894948005676269531e+00,7.918438696012579381e-02,9.720000000000000000e+02,5.852518023300568722e-02
9.875922679901123047e+01,-1.962957191467285156e+01,9.440733337402343750e+01,-3.090120077133178711e+00,-3.897805929183959961e+00,8.216927653503919293e-02,9.750000000000000000e+02,1.904641024686516970e-01
9.901214480400085449e+01,-2.039963340759277344e+01,9.342627716064453125e+01,-3.085285663604736328e+00,-3.901575565338134766e+00,8.047914388921408035e-02,9.770000000000000000e+02,8.860237122612575622e-02
9.926019597053527832e+01,-2.116495704650878906e+01,9.244732666015625000e+01,-3.080372095108032227e+00,-3.906634569168090820e+00,8.117913034412209405e-02,9.800000000000000000e+02,1.899279042501178516e-01
9.950964713096618652e+01,-2.193188667297363281e+01,9.146413421630859375e+01,-3.077068567276000977e+00,-3.912301301956176758e+00,7.829791297722396570e-02,9.820000000000000000e+02,1.130534388653588324e-01
9.975735807418823242e+01,-2.270108222961425781e+01,9.047724914550781250e+01,-3.074453592300415039e+00,-3.917693853378295898e+00,7.997325832157102521e-02,9.850000000000000000e+02,1.843669880005808781e-01
1.000100538730621338e+02,-2.346727752685546875e+01,8.949207305908203125e+01,-3.070291519165039062e+00,-3.921731710433959961e+00,7.664699723445753121e-02,9.870000000000000000e+02,1.424244121904138238e-01
1.002573449611663818e+02,-2.422835159301757812e+01,8.850914001464843750e+01,-3.066613197326660156e+00,-3.928069353103637695e+00,7.597034437629070214e-02,9.900000000000000000e+02,1.854292746519608792e-01
1.005082187652587891e+02,-2.498933219909667969e+01,8.752404022216796875e+01,-3.065117597579956055e+00,-3.935790538787841797e+00,7.284808077172076624e-02,9.920000000000000000e+02,1.581876571267284426e-01
1.007621297836303711e+02,-2.575114059448242188e+01,8.653614044189453125e+01,-3.063934803009033203e+00,-3.942809581756591797e+00,8.522993976102631597e-02,9.950000000000000000e+02,1.836156236543079467e-01
1.010121841430664062e+02,-2.651337623596191406e+01,8.554568481445312500e+01,-3.061698198318481445e+00,-3.948932886123657227e+00,1.202266505068242397e-01,9.970000000000000000e+02,1.768505462842933085e-01
1.012586998939514160e+02,-2.727452468872070312e+01,8.455273437500000000e+01,-3.055056810379028320e+00,-3.956588745117187500e+00,1.745219470217403701e-01,1.000000000000000000e+03,1.732417122819508437e-01
1.015130879878997803e+02,-2.803116035461425781e+01,8.356035614013671875e+01,-3.041105985641479492e+00,-3.968170166015625000e+00,2.269915352888716431e-01,1.002000000000000000e+03,1.906374914584829661e-01
1.017602298259735107e+02,-2.878906631469726562e+01,8.255775451660156250e+01,-3.018482208251953125e+00,-3.985334634780883789e+00,3.046522232650009654e-01,1.005000000000000000e+03,1.514146625810530167e-01
1.020093550682067871e+02,-2.954000282287597656e+01,8.154972839355468750e+01,-2.984846353530883789e+00,-4.007873535156250000e+00,3.723834371976094682e-01,1.007000000000000000e+03,2.043564461297009971e-01
1.022627420425415039e+02,-3.027866172790527344e+01,8.053765106201171875e+01,-2.939533233642578125e+00,-4.037408828735351562e+00,4.620637882255999584e-01,1.010000000000000000e+03,9.921711921072802476e-02
1.025112178325653076e+02,-3.100536918640136719e+01,7.951787567138671875e+01,-2.883516311645507812e+00,-4.073732852935791016e+00,5.395826465036294151e-01,1.012000000000000000e+03,2.020373861282824535e-01
1.027597198486328125e+02,-3.171724319458007812e+01,7.848856353759765625e+01,-2.813944339752197266e+00,-4.117856025695800781e+00,6.346687946688291948e-01,1.015000000000000000e+03,4.545835802130858416e-02
1.030117869377136230e+02,-3.241011047363281250e+01,7.744761657714843750e+01,-2.731193542480468750e+00,-4.168720245361328125e+00,7.159266582603649454e-01,1.017000000000000000e+03,2.403657680299323418e-01
1.032587509155273438e+02,-3.308044052124023438e+01,7.639315032958984375e+01,-2.634080171585083008e+00,-4.226944923400878906e+00,8.077660308979378589e-01,1.020000000000000000e+03,1.695385836612411101e-01
1.035077188014984131e+02,-3.372286987304687500e+01,7.532745361328125000e+01,-2.523230791091918945e+00,-4.290714740753173828e+00,8.941267288924664713e-01,1.023000000000000000e+03,3.133845933771832182e-01
1.037634339332580566e+02,-3.433791351318359375e+01,7.424223327636718750e+01,-2.396976947784423828e+00,-4.359774112701416016e+00,9.702914285334888200e-01,1.025000000000000000e+03,2.071164669503412492e-01
1.040113079547882080e+02,-3.492350769042968750e+01,7.313140869140625000e+01,-2.256600618362426758e+00,-4.432580471038818359e+00,1.046832851557157662e+00,1.028000000000000000e+03,2.633163087721785978e-01
1.042624597549438477e+02,-3.546796798706054688e+01,7.201038360595703125e+01,-2.102672100067138672e+00,-4.504988193511962891e+00,1.117437754963723107e+00,1.030000000000000000e+03,1.594343621445326042e-01
1.045126390457153320e+02,-3.597056198120117188e+01,7.087454986572265625e+01,-1.934819221496582031e+00,-4.576928138732910156e+00,1.177977794910852305e+00,1.033000000000000000e+03,1.797473240697624874e-01
1.047605690956115723e+02,-3.642991638183593750e+01,6.972191619873046875e+01,-1.755472898483276367e+00,-4.649157047271728516e+00,1.241075503391446011e+00,1.035000000000000000e+03,9.053034975944745932e-02
1.050082747936248779e+02,-3.684336090087890625e+01,6.855036926269531250e+01,-1.564103484153747559e+00,-4.720068931579589844e+00,1.302917351161622550e+00,1.038000000000000000e+03,1.771573053739372572e-01
1.052639317512512207e+02,-3.720674896240234375e+01,6.736035919189453125e+01,-1.358516216278076172e+00,-4.786591053009033203e+00,1.343090944798067232e+00,1.040000000000000000e+03,2.023937818238634445e-01
1.055098910331726074e+02,-3.751699066162109375e+01,6.615821838378906250e+01,-1.143285036087036133e+00,-4.845204353332519531e+00,1.394362389514512302e+00,1.043000000000000000e+03,3.300262721124459508e-01
1.057588820457458496e+02,-3.777364349365234375e+01,6.493859863281250000e+01,-9.178596138954162598e-01,-4.894495010375976562e+00,1.419912708143713287e+00,1.045000000000000000e+03,3.982420455776386481e-01
1.060090999603271484e+02,-3.797348022460937500e+01,6.370329666137695312e+01,-6.799077391624450684e-01,-4.934404850006103516e+00,1.460134587855794086e+00,1.048000000000000000e+03,5.381347125270634635e-01
1.062600550651550293e+02,-3.811270904541015625e+01,6.245905303955078125e+01,-4.349290132522583008e-01,-4.961968898773193359e+00,1.497100282277872285e+00,1.050000000000000000e+03,6.154701518580961705e-01
1.065133669376373291e+02,-3.818957901000976562e+01,6.121292114257812500e+01,-1.830542683601379395e-01,-4.977593898773193359e+00,1.498453674142053993e+00,1.053000000000000000e+03,7.636230302826346739e-01
1.067623028755187988e+02,-3.820304107666015625e+01,5.996386337280273438e+01,7.484885305166244507e-02,-4.980984210968017578e+00,1.524242782177673838e+00,1.055000000000000000e+03,8.299233968877566259e-01
1.070126950740814209e+02,-3.815151596069335938e+01,5.871533584594726562e+01,3.344075977802276611e-01,-4.969843387603759766e+00,1.513764232134095833e+00,1.057000000000000000e+03,9.476784206254584841e-01
1.072611269950866699e+02,-3.803546905517578125e+01,5.747095870971679688e+01,5.968809127807617188e-01,-4.944447517395019531e+00,1.525169239318873604e+00,1.060000000000000000e+03,1.034987171142068618e+00
1.075081641674041748e+02,-3.785375213623046875e+01,5.623456573486328125e+01,8.588433265686035156e-01,-4.905795097351074219e+00,1.523176642394070912e+00,1.062000000000000000e+03,1.120949412298463788e+00
1.077585349082946777e+02,-3.760732269287109375e+01,5.501371765136718750e+01,1.121228694915771484e+00,-4.853324890136718750e+00,1.452924783118519692e+00,1.065000000000000000e+03,1.224304866288323135e+00
1.080097458362579346e+02,-3.729280853271484375e+01,5.379958724975585938e+01,1.381560087203979492e+00,-4.788102149963378906e+00,1.416684601155544065e+00,1.067000000000000000e+03,1.277426808449060758e+00
1.082581419944763184e+02,-3.691406631469726562e+01,5.260218048095703125e+01,1.625699758529663086e+00,-4.714046001434326172e+00,1.376260777557599901e+00,1.069000000000000000e+03,1.356159155612865375e+00
1.085122838020324707e+02,-3.647627258300781250e+01,5.142801666259765625e+01,1.859915852546691895e+00,-4.629003047943115234e+00,1.264762255864471108e+00,1.072000000000000000e+03,1.419476679606055392e+00
1.087624597549438477e+02,-3.598070526123046875e+01,5.027581787109375000e+01,2.082616090774536133e+00,-4.536965370178222656e+00,1.201548580987155335e+00,1.074000000000000000e+03,1.474752709886959945e+00
1.090114071369171143e+02,-3.543246459960937500e+01,4.914691925048828125e+01,2.282238721847534180e+00,-4.443262577056884766e+00,1.080203913715365172e+00,1.076000000000000000e+03,1.556266569776063369e+00
1.092578930854797363e+02,-3.483856201171875000e+01,4.804637145996093750e+01,2.465622425079345703e+00,-4.343868255615234375e+00,1.007735285311548656e+00,1.079000000000000000e+03,1.611921860236860349e+00
1.095120110511779785e+02,-3.420151138305664062e+01,4.697167205810546875e+01,2.631689548492431641e+00,-4.248541355133056641e+00,9.345815182451557845e-01,1.081000000000000000e+03,1.689016848500340062e+00
1.097642691135406494e+02,-3.352666473388671875e+01,4.592340469360351562e+01,2.785881519317626953e+00,-4.156838893890380859e+00,8.025705637030777773e-01,1.084000000000000000e+03,1.791741631082083508e+00
1.100111930370330811e+02,-3.281152343750000000e+01,4.489419937133789062e+01,2.927236795425415039e+00,-4.068899631500244141e+00,7.213622484020081327e-01,1.086000000000000000e+03,1.839567905199860576e+00
1.102632019519805908e+02,-3.205770874023437500e+01,4.387775039672851562e+01,3.049167871475219727e+00,-3.988673925399780273e+00,5.951928623872443369e-01,1.089000000000000000e+03,1.876064525346256673e+00
1.105109980106353760e+02,-3.127944755554199219e+01,4.288685226440429688e+01,3.154665946960449219e+00,-3.912961006164550781e+00,4.737541552162409242e-01,1.091000000000000000e+03,1.855398860158580021e+00
1.107599411010742188e+02,-3.047622299194335938e+01,4.191284942626953125e+01,3.240911483764648438e+00,-3.847386837005615234e+00,3.991202098102621942e-01,1.094000000000000000e+03,1.822895803076391541e+00
1.110135638713836670e+02,-2.965255737304687500e+01,4.095389938354492188e+01,3.311258316040039062e+00,-3.789338350296020508e+00,2.928384509043573947e-01,1.096000000000000000e+03,1.751542121848943090e+00
1.112586579322814941e+02,-2.881188964843750000e+01,4.000908660888671875e+01,3.368158817291259766e+00,-3.735276222229003906e+00,2.209293809899888494e-01,1.099000000000000000e+03,1.667391701686768757e+00
1.115136849880218506e+02,-2.795863151550292969e+01,3.907646560668945312e+01,3.410502910614013672e+00,-3.691035270690917969e+00,1.285730844580794119e-01,1.101000000000000000e+03,1.561718637521364528e+00
1.117632360458374023e+02,-2.709856605529785156e+01,3.815634536743164062e+01,3.443335056304931641e+00,-3.654724121093750000e+00,6.526031003329287039e-02,1.104000000000000000e+03,1.443195527543988499e+00
1.120095999240875244e+02,-2.622831153869628906e+01,3.724168395996093750e+01,3.465565919876098633e+00,-3.628298282623291016e+00,-1.008089099608327696e-02,1.106000000000000000e+03,1.317586581825412884e+00
1.122580368518829346e+02,-2.535025405883789062e+01,3.632880020141601562e+01,3.478957414627075195e+00,-3.609702587127685547e+00,-6.284766368835240091e-02,1.109000000000000000e+03,1.175958500253741379e+00
1.125129017829895020e+02,-2.446951484680175781e+01,3.541972351074218750e+01,3.483199834823608398e+00,-3.598204612731933594e+00,-1.199100938907100566e-01,1.111000000000000000e+03,1.046546072550402773e+00
1.127620930671691895e+02,-2.359074783325195312e+01,3.451494979858398438e+01,3.480075597763061523e+00,-3.593391180038452148e+00,-1.615456657774697879e-01,1.114000000000000000e+03,8.918509077792668993e-01
1.130131330490112305e+02,-2.271312713623046875e+01,3.360930633544921875e+01,3.470106363296508789e+00,-3.596256494522094727e+00,-1.993336462892545125e-01,1.116000000000000000e+03,7.735516331276487412e-01
1.132625558376312256e+02,-2.183917999267578125e+01,3.270215988159179688e+01,3.454087495803833008e+00,-3.603716611862182617e+00,-2.284487910028326629e-01,1.119000000000000000e+03,6.137796300393368876e-01
1.135115158557891846e+02,-2.096990585327148438e+01,3.179252433776855469e+01,3.432863712310791016e+00,-3.615480661392211914e+00,-2.491618789183385196e-01,1.121000000000000000e+03,5.238568151227528391e-01
1.137623779773712158e+02,-2.010693550109863281e+01,3.088004112243652344e+01,3.407274484634399414e+00,-3.630586385726928711e+00,-2.671958506412630552e-01,1.124000000000000000e+03,3.570580871870090989e-01
1.140088639259338379e+02,-1.925355148315429688e+01,2.996681213378906250e+01,3.379197359085083008e+00,-3.649368047714233398e+00,-2.732413242844716761e-01,1.126000000000000000e+03,3.210282456607914114e-01
1.142613010406494141e+02,-1.840143585205078125e+01,2.904233360290527344e+01,3.350719213485717773e+00,-3.671757936477661133e+00,-2.829099830801439786e-01,1.129000000000000000e+03,1.320389431838937810e-01
1.145152099132537842e+02,-1.755727195739746094e+01,2.811318397521972656e+01,3.320831298828125000e+00,-3.694873094558715820e+00,-2.790526998171946049e-01,1.131000000000000000e+03,2.323644345133772937e-01
1.147608349323272705e+02,-1.672579956054687500e+01,2.718431282043457031e+01,3.289072275161743164e+00,-3.718648672103881836e+00,-2.811199527766153894e-01,1.134000000000000000e+03,6.325442633798462888e-02
1.150112130641937256e+02,-1.590345668792724609e+01,2.625074958801269531e+01,3.258441925048828125e+00,-3.745982646942138672e+00,-2.675350713619488174e-01,1.136000000000000000e+03,2.668543989520311688e-01
1.152639338970184326e+02,-1.508869171142578125e+01,2.531030654907226562e+01,3.229141950607299805e+00,-3.776761531829833984e+00,-2.625760609887015651e-01,1.139000000000000000e+03,2.111777369604170007e-01
1.155138118267059326e+02,-1.428102016448974609e+01,2.436228942871093750e+01,3.200525283813476562e+00,-3.806813955307006836e+00,-2.425106786556035787e-01,1.141000000000000000e+03,3.509785686982354047e-01
1.157643451690673828e+02,-1.348009109497070312e+01,2.340632247924804688e+01,3.171087741851806641e+00,-3.835637331008911133e+00,-2.323058044009543299e-01,1.144000000000000000e+03,3.192762360261351962e-01
1.160137851238250732e+02,-1.268849086761474609e+01,2.244604682922363281e+01,3.142498254776000977e+00,-3.862922668457031250e+00,-2.072429647395213070e-01,1.146000000000000000e+03,4.235972403634647998e-01
1.162631499767303467e+02,-1.190009212493896484e+01,2.147522354125976562e+01,3.115225076675415039e+00,-3.889764785766601562e+00,-1.933026056867069298e-01,1.149000000000000000e+03,3.883290803845618755e-01
1.165118079185485840e+02,-1.111361312866210938e+01,2.049147987365722656e+01,3.089482784271240234e+00,-3.914511442184448242e+00,-1.662599934131143431e-01,1.151000000000000000e+03,4.781954735475374973e-01
1.167713079452514648e+02,-1.033834743499755859e+01,1.950762748718261719e+01,3.064207553863525391e+00,-3.936415433883666992e+00,-1.387600005835066264e-01,1.154000000000000000e+03,4.207776464683534168e-01
1.170102000236511230e+02,-9.567974090576171875e+00,1.851740074157714844e+01,3.041166067123413086e+00,-3.953899145126342773e+00,-1.227159376926314077e-01,1.157000000000000000e+03,4.834687102387261182e-01
1.172597589492797852e+02,-8.801416397094726562e+00,1.752212142944335938e+01,3.019444942474365234e+00,-3.967656850814819336e+00,-9.764181524373723164e-02,1.159000000000000000e+03,4.239020670303664251e-01
1.175140428543090820e+02,-8.040785789489746094e+00,1.652331352233886719e+01,2.997390270233154297e+00,-3.978415966033935547e+00,-8.042132050131470256e-02,1.162000000000000000e+03,4.630500919799150350e-01
1.177602999210357666e+02,-7.285754203796386719e+00,1.552216529846191406e+01,2.977654457092285156e+00,-3.986480236053466797e+00,-5.614953461959239917e-02,1.164000000000000000e+03,4.025407324949556442e-01
1.180128948688507080e+02,-6.537469863891601562e+00,1.452250671386718750e+01,2.961206436157226562e+00,-3.992833375930786133e+00,-4.032503450785427518e-02,1.167000000000000000e+03,4.265003443783216830e-01
1.182596547603607178e+02,-5.789972782135009766e+00,1.351851081848144531e+01,2.947977542877197266e+00,-3.998278617858886719e+00,-1.999795811534258935e-02,1.169000000000000000e+03,3.632217327083668290e-01
1.185115230083465576e+02,-5.043708801269531250e+00,1.250971412658691406e+01,2.937261581420898438e+00,-4.003954887390136719e+00,-5.042191681243172671e-03,1.172000000000000000e+03,3.750893690064672770e-01
1.187603378295898438e+02,-4.300767898559570312e+00,1.150024700164794922e+01,2.928653478622436523e+00,-4.007449150085449219e+00,1.262851030084300927e-02,1.174000000000000000e+03,3.130289013429948253e-01
1.190150771141052246e+02,-3.562483310699462891e+00,1.049383163452148438e+01,2.922488927841186523e+00,-4.009085178375244141e+00,2.536247040711445827e-02,1.177000000000000000e+03,3.162216685825195994e-01
1.192603728771209717e+02,-2.824522972106933594e+00,9.487470626831054688e+00,2.920621871948242188e+00,-4.011187076568603516e+00,3.793534432786402344e-02,1.179000000000000000e+03,2.555330440754541299e-01
1.195125648975372314e+02,-2.087540864944458008e+00,8.482272148132324219e+00,2.921026945114135742e+00,-4.012823104858398438e+00,4.752690937138288191e-02,1.182000000000000000e+03,2.611655368046360559e-01
1.197614629268646240e+02,-1.350732207298278809e+00,7.477309226989746094e+00,2.922836780548095703e+00,-4.013837337493896484e+00,5.659290680501051496e-02,1.184000000000000000e+03,1.993528773593297165e-01
1.200112400054931641e+02,-6.130074262619018555e-01,6.472188949584960938e+00,2.926052331924438477e+00,-4.014404296875000000e+00,6.450358838561068286e-02,1.187000000000000000e+03,2.120847137172713615e-01
1.202630000114440918e+02,1.234829574823379517e-01,5.470370769500732422e+00,2.930435419082641602e+00,-4.014698028564453125e+00,7.049694205945909731e-02,1.189000000000000000e+03,1.490700115725847874e-01
1.205145761966705322e+02,8.657100200653076172e-01,4.461588382720947266e+00,2.935738801956176758e+00,-4.014675140380859375e+00,7.711524507283996910e-02,1.192000000000000000e+03,1.707791563852477656e-01
1.207615318298339844e+02,1.607052206993103027e+00,3.456161499023437500e+00,2.939844846725463867e+00,-4.011759757995605469e+00,8.070785040260455845e-02,1.194000000000000000e+03,1.212222998559750325e-01
1.210109879970550537e+02,2.345985889434814453e+00,2.457239866256713867e+00,2.945075511932373047e+00,-4.008875846862792969e+00,8.543094213704179041e-02,1.197000000000000000e+03,1.480263662842626060e-01
1.212604000568389893e+02,3.087299585342407227e+00,1.458900570869445801e+00,2.952889204025268555e+00,-4.008708477020263672e+00,8.632420105014247669e-02,1.199000000000000000e+03,1.037830052519787410e-01
1.215135149955749512e+02,3.830579280853271484e+00,4.591703712940216064e-01,2.961856842041015625e+00,-4.009981155395507812e+00,9.035083751587444367e-02,1.202000000000000000e+03,1.447565241638851530e-01
1.217658801078796387e+02,4.577022075653076172e+00,-5.420165657997131348e-01,2.970841169357299805e+00,-4.010550498962402344e+00,8.990389548019796229e-02,1.204000000000000000e+03,1.151569070187970362e-01
1.220121419429779053e+02,5.327070236206054688e+00,-1.544032096862792969e+00,2.979440212249755859e+00,-4.009328365325927734e+00,9.210055103286264588e-02,1.207000000000000000e+03,1.433521141302266100e-01
1.222618348598480225e+02,6.077526569366455078e+00,-2.541758775711059570e+00,2.985817909240722656e+00,-4.004802227020263672e+00,8.885741482499616428e-02,1.209000000000000000e+03,1.404759992560837556e-01
1.225123209953308105e+02,6.831706047058105469e+00,-3.542119979858398438e+00,2.990288019180297852e+00,-3.998743295669555664e+00,9.003220664511613069e-02,1.212000000000000000e+03,1.475268511657168713e-01
1.227665138244628906e+02,7.591803073883056641e+00,-4.547951221466064453e+00,2.993680238723754883e+00,-3.992209911346435547e+00,8.675034707715970073e-02,1.214000000000000000e+03,1.769200693416242143e-01
1.230155031681060791e+02,8.347664833068847656e+00,-5.546288967132568359e+00,2.996255159378051758e+00,-3.985921859741210938e+00,8.829949823327658265e-02,1.217000000000000000e+03,1.471984065297419486e-01
1.232615721225738525e+02,9.105153083801269531e+00,-6.543789386749267578e+00,3.000225067138671875e+00,-3.980641365051269531e+00,8.417010592774919198e-02,1.219000000000000000e+03,2.035092795226252360e-01
1.235099890232086182e+02,9.863818168640136719e+00,-7.539559364318847656e+00,3.005313634872436523e+00,-3.974718332290649414e+00,8.325169061564306749e-02,1.222000000000000000e+03,1.534294062587895358e-01
1.237663118839263916e+02,1.062368202209472656e+01,-8.533956527709960938e+00,3.009944200515747070e+00,-3.967836141586303711e+00,7.675003627665698269e-02,1.224000000000000000e+03,2.246945336528209103e-01
1.240105249881744385e+02,1.138418769836425781e+01,-9.526588439941406250e+00,3.014083862304687500e+00,-3.961565494537353516e+00,7.510711192630509236e-02,1.227000000000000000e+03,1.576428481020983874e-01
1.242598609924316406e+02,1.214332294464111328e+01,-1.051426410675048828e+01,3.018241882324218750e+00,-3.956448554992675781e+00,7.482416903083645432e-02,1.229000000000000000e+03,2.360414443142392349e-01
1.245114328861236572e+02,1.290558052062988281e+01,-1.150447463989257812e+01,3.022398233413696289e+00,-3.952929258346557617e+00,9.326510109468993948e-02,1.232000000000000000e+03,1.599912185840781098e-01
1.247605628967285156e+02,1.367198657989501953e+01,-1.249723339080810547e+01,3.028424263000488281e+00,-3.949088335037231445e+00,1.363360623006973915e-01,1.234000000000000000e+03,2.500519081246321829e-01
1.250150170326232910e+02,1.444054126739501953e+01,-1.348853206634521484e+01,3.039565324783325195e+00,-3.940383434295654297e+00,1.816172247378714522e-01,1.237000000000000000e+03,1.523739582719538244e-01
1.252648069858551025e+02,1.520837497711181641e+01,-1.447026538848876953e+01,3.056679010391235352e+00,-3.924272060394287109e+00,2.516835947789808348e-01,1.239000000000000000e+03,2.547922126285024902e-01
1.255111889839172363e+02,1.597976493835449219e+01,-1.544702911376953125e+01,3.081358432769775391e+00,-3.903822660446166992e+00,3.156910823272554567e-01,1.242000000000000000e+03,1.319635512574156566e-01
1.257628960609436035e+02,1.675861358642578125e+01,-1.641912269592285156e+01,3.118136405944824219e+00,-3.877898693084716797e+00,4.034154997186732983e-01,1.244000000000000000e+03,2.388077090569255267e-01
1.260128581523895264e+02,1.754867553710937500e+01,-1.738403892517089844e+01,3.165523290634155273e+00,-3.843275070190429688e+00,4.778834448825693970e-01,1.247000000000000000e+03,7.692863818310460844e-02
1.262663521766662598e+02,1.835250473022460938e+01,-1.833935165405273438e+01,3.223102569580078125e+00,-3.797798156738281250e+00,5.720737982873435046e-01,1.249000000000000000e+03,2.208584596143625400e-01
1.265109210014343262e+02,1.916911506652832031e+01,-1.927941513061523438e+01,3.289405584335327148e+00,-3.742162227630615234e+00,6.530389805142127191e-01,1.252000000000000000e+03,6.105186952827752062e-02
1.267655611038208008e+02,2.000898551940917969e+01,-2.021109008789062500e+01,3.367338895797729492e+00,-3.673761367797851562e+00,7.478057329973937239e-01,1.254000000000000000e+03,2.550178801537192896e-01
1.270154628753662109e+02,2.086941337585449219e+01,-2.112461853027343750e+01,3.452007770538330078e+00,-3.592525720596313477e+00,8.304766600898690898e-01,1.257000000000000000e+03,2.008918131881214653e-01
1.272669589519500732e+02,2.174925994873046875e+01,-2.201384925842285156e+01,3.544420719146728516e+00,-3.497851610183715820e+00,9.187899879445960982e-01,1.259000000000000000e+03,2.771680818652514366e-01
1.275137178897857666e+02,2.265297698974609375e+01,-2.287802124023437500e+01,3.644224166870117188e+00,-3.390089988708496094e+00,9.985224728997510457e-01,1.262000000000000000e+03,2.290843740595112366e-01
1.277651729583740234e+02,2.358241462707519531e+01,-2.371336746215820312e+01,3.750418186187744141e+00,-3.267360925674438477e+00,1.059142088448053798e+00,1.264000000000000000e+03,2.220734983846525956e-01
1.280162270069122314e+02,2.453843498229980469e+01,-2.451571083068847656e+01,3.860293626785278320e+00,-3.130637884140014648e+00,1.103799733247030623e+00,1.267000000000000000e+03,1.916462432933591920e-01
1.282635428905487061e+02,2.552180480957031250e+01,-2.528286361694335938e+01,3.971493959426879883e+00,-2.984111785888671875e+00,1.110233857961173021e+00,1.269000000000000000e+03,1.093265979540574556e-01
1.285141530036926270e+02,2.652951812744140625e+01,-2.600923919677734375e+01,4.081387042999267578e+00,-2.828778266906738281e+00,1.120589611270777386e+00,1.272000000000000000e+03,1.588988556678943009e-01
1.287629921436309814e+02,2.756761741638183594e+01,-2.669800567626953125e+01,4.187377929687500000e+00,-2.668704748153686523e+00,1.085815955635553776e+00,1.274000000000000000e+03,1.540411920827822467e-01
1.290154199600219727e+02,2.863908958435058594e+01,-2.735019493103027344e+01,4.288327693939208984e+00,-2.504299163818359375e+00,1.072308817978171236e+00,1.277000000000000000e+03,2.880618955333461573e-01
1.292634727954864502e+02,2.972861862182617188e+01,-2.795714569091796875e+01,4.379570960998535156e+00,-2.342957258224487305e+00,1.011697180672141094e+00,1.279000000000000000e+03,3.684841393143878929e-01
1.295163509845733643e+02,3.084077835083007812e+01,-2.852425575256347656e+01,4.464081764221191406e+00,-2.182451248168945312e+00,9.818543930919606533e-01,1.282000000000000000e+03,5.406061859341089182e-01
1.297639520168304443e+02,3.197291755676269531e+01,-2.905211639404296875e+01,4.538673877716064453e+00,-2.027423620223999023e+00,9.484342934453818819e-01,1.284000000000000000e+03,6.573301094362925534e-01
1.300120067596435547e+02,3.311906433105468750e+01,-2.954056549072265625e+01,4.603099346160888672e+00,-1.873204588890075684e+00,8.608784442979287022e-01,1.286000000000000000e+03,8.607695605038387932e-01
1.302619309425354004e+02,3.427861404418945312e+01,-2.998946762084960938e+01,4.661882400512695312e+00,-1.722276449203491211e+00,8.093508320674241974e-01,1.289000000000000000e+03,1.005978657499505546e+00
1.305120079517364502e+02,3.544770431518554688e+01,-3.040099906921386719e+01,4.715616703033447266e+00,-1.584476590156555176e+00,7.152523680764533154e-01,1.291000000000000000e+03,1.157315772238203699e+00
1.307626459598541260e+02,3.663362121582031250e+01,-3.078088760375976562e+01,4.765028476715087891e+00,-1.454331040382385254e+00,6.605746904353655413e-01,1.294000000000000000e+03,1.245270382430787803e+00
1.310132520198822021e+02,3.783579254150390625e+01,-3.113076210021972656e+01,4.807724952697753906e+00,-1.335852861404418945e+00,5.665044471687978866e-01,1.296000000000000000e+03,1.327755690824808266e+00
1.312654049396514893e+02,3.904885101318359375e+01,-3.145183753967285156e+01,4.843774318695068359e+00,-1.225546479225158691e+00,5.085408700335768417e-01,1.299000000000000000e+03,1.352476683455551054e+00
1.315138931274414062e+02,4.026779937744140625e+01,-3.174616241455078125e+01,4.872929096221923828e+00,-1.127997040748596191e+00,4.167329758531765904e-01,1.301000000000000000e+03,1.380959637580008170e+00
1.317644469738006592e+02,4.149473953247070312e+01,-3.201686477661132812e+01,4.896393299102783203e+00,-1.039398431777954102e+00,3.283965709120660881e-01,1.304000000000000000e+03,1.349906288363809326e+00
1.320121321678161621e+02,4.272755813598632812e+01,-3.226689910888671875e+01,4.912628173828125000e+00,-9.652095437049865723e-01,2.736078607467813950e-01,1.307000000000000000e+03,1.337967693608081765e+00
1.322616989612579346e+02,4.396413040161132812e+01,-3.249972534179687500e+01,4.922379016876220703e+00,-9.029426574707031250e-01,1.973576311830887164e-01,1.309000000000000000e+03,1.262530806539300388e+00
1.325129778385162354e+02,4.520248794555664062e+01,-3.271865081787109375e+01,4.928213119506835938e+00,-8.499532938003540039e-01,1.467897498491476105e-01,1.312000000000000000e+03,1.215788322688820644e+00
1.327647202014923096e+02,4.643760299682617188e+01,-3.292522811889648438e+01,4.931304931640625000e+00,-8.082402944564819336e-01,8.187332772843897155e-02,1.314000000000000000e+03,1.118848692692499203e+00
1.330150671005249023e+02,4.768196868896484375e+01,-3.312361526489257812e+01,4.934286594390869141e+00,-7.754541635513305664e-01,3.748872225723982876e-02,1.317000000000000000e+03,1.048910851970560332e+00
1.332630670070648193e+02,4.892861938476562500e+01,-3.331459808349609375e+01,4.935467720031738281e+00,-7.518841624259948730e-01,-1.567368863909871998e-02,1.319000000000000000e+03,9.372966377333090682e-01
1.335114820003509521e+02,5.017243576049804688e+01,-3.350029754638671875e+01,4.934607982635498047e+00,-7.363107800483703613e-01,-5.335818447099696660e-02,1.322000000000000000e+03,8.518187492358856305e-01
1.337654550075531006e+02,5.141557312011718750e+01,-3.368344116210937500e+01,4.932388305664062500e+00,-7.300477623939514160e-01,-9.238505948872330342e-02,1.324000000000000000e+03,7.378179254185061042e-01
1.340122618675231934e+02,5.265884780883789062e+01,-3.386570739746093750e+01,4.929211616516113281e+00,-7.308615446090698242e-01,-1.208922556140484827e-01,1.327000000000000000e+03,6.465744171567580079e-01
1.342652599811553955e+02,5.390135955810546875e+01,-3.404895019531250000e+01,4.923567771911621094e+00,-7.380411624908447266e-01,-1.466648134519611124e-01,1.329000000000000000e+03,5.381025671753961737e-01
1.345162088871002197e+02,5.514195632934570312e+01,-3.423445892333984375e+01,4.917307376861572266e+00,-7.505269646644592285e-01,-1.667921021570753504e-01,1.332000000000000000e+03,4.471990042759640960e-01
1.347658820152282715e+02,5.637654876708984375e+01,-3.442338562011718750e+01,4.911055088043212891e+00,-7.685034871101379395e-01,-1.799497803907285365e-01,1.334000000000000000e+03,3.536924312189348441e-01
1.350162439346313477e+02,5.761315536499023438e+01,-3.461787033081054688e+01,4.905127048492431641e+00,-7.905800938606262207e-01,-1.915466574781575226e-01,1.337000000000000000e+03,2.716454701515693682e-01
1.352680771350860596e+02,5.885452651977539062e+01,-3.481934738159179688e+01,4.898633956909179688e+00,-8.158005475997924805e-01,-1.944729215400960998e-01,1.339000000000000000e+03,2.110172547782548924e-01
1.355121419429779053e+02,6.008168411254882812e+01,-3.502537536621093750e+01,4.890143871307373047e+00,-8.423985242843627930e-01,-1.991553950966882536e-01,1.342000000000000000e+03,1.369161989300162752e-01
1.357651319503784180e+02,6.130706787109375000e+01,-3.523862838745117188e+01,4.885975360870361328e+00,-8.712272047996520996e-01,-1.940551438456442068e-01,1.344000000000000000e+03,1.391944305920227443e-01
1.360131671428680420e+02,6.253186798095703125e+01,-3.545920944213867188e+01,4.885254383087158203e+00,-9.012176990509033203e-01,-1.941162832625326629e-01,1.347000000000000000e+03,1.194800952741468525e-01
1.362681148052215576e+02,6.375753402709960938e+01,-3.568660736083984375e+01,4.885712146759033203e+00,-9.308759570121765137e-01,-1.846834765020967384e-01,1.349000000000000000e+03,1.763951133025185580e-01
1.365140228271484375e+02,6.498377227783203125e+01,-3.592181015014648438e+01,4.884988784790039062e+00,-9.605435132980346680e-01,-1.813032177464894978e-01,1.352000000000000000e+03,1.821261402455767453e-01
1.367621650695800781e+02,6.620565795898437500e+01,-3.616334152221679688e+01,4.882606983184814453e+00,-9.889314770698547363e-01,-1.674385728036810739e-01,1.354000000000000000e+03,2.444584703779112134e-01
1.370170860290527344e+02,6.743164825439453125e+01,-3.641250228881835938e+01,4.879384994506835938e+00,-1.016937971115112305e+00,-1.607513504108254998e-01,1.357000000000000000e+03,2.438157124060251202e-01
1.372663149833679199e+02,6.866109466552734375e+01,-3.667028045654296875e+01,4.874847888946533203e+00,-1.044020175933837891e+00,-1.432409106234383556e-01,1.359000000000000000e+03,3.065955368664127767e-01
1.375161027908325195e+02,6.989011383056640625e+01,-3.693532943725585938e+01,4.868163585662841797e+00,-1.069667816162109375e+00,-1.329146439109356315e-01,1.362000000000000000e+03,2.795173834744117958e-01
1.377671859264373779e+02,7.111500549316406250e+01,-3.720620346069335938e+01,4.861567497253417969e+00,-1.092942237854003906e+00,-1.138087805960912718e-01,1.364000000000000000e+03,3.485130201972165276e-01
1.380135219097137451e+02,7.233886718750000000e+01,-3.748252105712890625e+01,4.854382038116455078e+00,-1.114069819450378418e+00,-1.025423076456183635e-01,1.367000000000000000e+03,2.951155329963295881e-01
1.382641091346740723e+02,7.356180572509765625e+01,-3.776321792602539062e+01,4.846348285675048828e+00,-1.132228732109069824e+00,-8.436372597850300137e-02,1.369000000000000000e+03,3.713502401802268871e-01
1.385131058692932129e+02,7.478253173828125000e+01,-3.804868698120117188e+01,4.837732791900634766e+00,-1.148636341094970703e+00,-7.281018023845907405e-02,1.372000000000000000e+03,2.935794206953234453e-01
1.387639601230621338e+02,7.600019836425781250e+01,-3.833770751953125000e+01,4.829760551452636719e+00,-1.163545846939086914e+00,-5.477431752343513843e-02,1.374000000000000000e+03,3.774587208963046669e-01
1.390153248310089111e+02,7.721121978759765625e+01,-3.862910842895507812e+01,4.822731018066406250e+00,-1.177009820938110352e+00,-4.255233631020901436e-02,1.377000000000000000e+03,2.764949859627300888e-01
1.392656428813934326e+02,7.842911529541015625e+01,-3.892559432983398438e+01,4.817736148834228516e+00,-1.188274383544921875e+00,-2.637868168925994877e-02,1.380000000000000000e+03,3.538669623952244159e-01
1.395143599510192871e+02,7.964849090576171875e+01,-3.922497940063476562e+01,4.815032482147216797e+00,-1.197671651840209961e+00,-1.213263991080061263e-02,1.382000000000000000e+03,2.477922672125675296e-01
1.397639510631561279e+02,8.086134338378906250e+01,-3.952553176879882812e+01,4.812680721282958984e+00,-1.204979777336120605e+00,-2.070527114298857229e-03,1.385000000000000000e+03,3.142634888626427148e-01
1.400150249004364014e+02,8.207245635986328125e+01,-3.982688522338867188e+01,4.810920238494873047e+00,-1.210061430931091309e+00,9.320421163780167120e-03,1.387000000000000000e+03,2.111020977216434003e-01
1.402626910209655762e+02,8.328274536132812500e+01,-4.012839508056640625e+01,4.810144424438476562e+00,-1.213407516479492188e+00,1.721952351314161994e-02,1.390000000000000000e+03,2.784867763684490405e-01
1.405165860652923584e+02,8.449142456054687500e+01,-4.043014144897460938e+01,4.810079097747802734e+00,-1.215610980987548828e+00,2.585005105009106213e-02,1.392000000000000000e+03,1.726628184530591137e-01
1.407627189159393311e+02,8.569910430908203125e+01,-4.073278427124023438e+01,4.811394691467285156e+00,-1.217738270759582520e+00,3.355858290098617802e-02,1.395000000000000000e+03,2.467101409745757756e-01
1.410130648612976074e+02,8.690280914306640625e+01,-4.103465652465820312e+01,4.813947677612304688e+00,-1.218717098236083984e+00,4.064315317840111463e-02,1.397000000000000000e+03,1.309887138774979698e-01
1.412629067897796631e+02,8.811182403564453125e+01,-4.133770370483398438e+01,4.818364143371582031e+00,-1.218743443489074707e+00,4.681235718443744337e-02,1.400000000000000000e+03,2.213834953894387725e-01
1.415140998363494873e+02,8.932754516601562500e+01,-4.164189529418945312e+01,4.821553707122802734e+00,-1.217057466506958008e+00,5.118982177222199809e-02,1.402000000000000000e+03,9.984685575799896740e-02
1.417655940055847168e+02,9.053355407714843750e+01,-4.194254302978515625e+01,4.824099540710449219e+00,-1.214272975921630859e+00,5.551406383461146565e-02,1.405000000000000000e+03,1.949268822740983231e-01
1.420129201412200928e+02,9.174114990234375000e+01,-4.224198150634765625e+01,4.829798221588134766e+00,-1.211514592170715332e+00,5.742508219442067630e-02,1.407000000000000000e+03,7.508259951818113676e-02
1.422637958526611328e+02,9.295087432861328125e+01,-4.254079055786132812e+01,4.836547374725341797e+00,-1.208923697471618652e+00,6.076723853919561297e-02,1.410000000000000000e+03,1.818081164875662015e-01
1.425148448944091797e+02,9.416300964355468750e+01,-4.283942031860351562e+01,4.841531753540039062e+00,-1.205743312835693359e+00,6.166870381209227370e-02,1.412000000000000000e+03,7.403387947620319876e-02
1.427649841308593750e+02,9.537744140625000000e+01,-4.313759613037109375e+01,4.845594406127929688e+00,-1.202189445495605469e+00,6.454472810788504378e-02,1.415000000000000000e+03,1.667796739289326424e-01
1.430132730007171631e+02,9.658937072753906250e+01,-4.343376922607421875e+01,4.847979545593261719e+00,-1.197696089744567871e+00,6.391362722291607512e-02,1.417000000000000000e+03,9.141627911936398010e-02
1.432646467685699463e+02,9.780711364746093750e+01,-4.372996139526367188e+01,4.849852561950683594e+00,-1.192480564117431641e+00,6.529042314833309602e-02,1.420000000000000000e+03,1.554125959816024249e-01
1.435173909664154053e+02,9.902904510498046875e+01,-4.402612686157226562e+01,4.850252628326416016e+00,-1.186975717544555664e+00,6.340674280932560858e-02,1.422000000000000000e+03,1.250715056172783946e-01
1.437679438591003418e+02,1.002503433227539062e+02,-4.432127380371093750e+01,4.848415374755859375e+00,-1.181237936019897461e+00,6.459629165325603273e-02,1.425000000000000000e+03,1.369894658758557260e-01
1.440143520832061768e+02,1.014681091308593750e+02,-4.461402130126953125e+01,4.847248554229736328e+00,-1.175219297409057617e+00,6.168557626029987778e-02,1.427000000000000000e+03,1.566492892397578496e-01
1.442684640884399414e+02,1.026873397827148438e+02,-4.490505981445312500e+01,4.847460269927978516e+00,-1.168935060501098633e+00,6.108316809959655341e-02,1.430000000000000000e+03,1.293189693498037751e-01
1.445186719894409180e+02,1.039062881469726562e+02,-4.519470214843750000e+01,4.845662593841552734e+00,-1.163123250007629395e+00,5.738748388205092837e-02,1.432000000000000000e+03,1.830331815700762810e-01
1.447623579502105713e+02,1.051244125366210938e+02,-4.548311233520507812e+01,4.842959403991699219e+00,-1.157432317733764648e+00,5.698924875248546212e-02,1.435000000000000000e+03,1.239250158623084880e-01
1.450177810192108154e+02,1.063416213989257812e+02,-4.576963043212890625e+01,4.840742588043212891e+00,-1.151810526847839355e+00,5.268234315704874160e-02,1.437000000000000000e+03,2.034567770195621905e-01
1.452668321132659912e+02,1.075545120239257812e+02,-4.605352401733398438e+01,4.840064048767089844e+00,-1.146397829055786133e+00,5.107913416919885458e-02,1.440000000000000000e+03,1.223662039061999135e-01
1.455123300552368164e+02,1.087756881713867188e+02,-4.633800506591796875e+01,4.840811729431152344e+00,-1.142034411430358887e+00,4.647255771714862982e-02,1.442000000000000000e+03,2.185680324497778493e-01
1.457671029567718506e+02,1.099935684204101562e+02,-4.662102127075195312e+01,4.839865207672119141e+00,-1.137699127197265625e+00,4.505583561745744869e-02,1.445000000000000000e+03,1.143896757971528261e-01
1.460180621147155762e+02,1.112053604125976562e+02,-4.690196228027343750e+01,4.839920997619628906e+00,-1.134788513183593750e+00,4.130482856511069611e-02,1.447000000000000000e+03,2.275345659146861821e-01
1.462635059356689453e+02,1.124187850952148438e+02,-4.718147659301757812e+01,4.843987464904785156e+00,-1.132989168167114258e+00,4.014034466712344124e-02,1.450000000000000000e+03,1.108117518618632197e-01
1.465175480842590332e+02,1.136336517333984375e+02,-4.746115875244140625e+01,4.848399162292480469e+00,-1.132272958755493164e+00,4.196953204754252931e-02,1.452000000000000000e+03,2.325059367700035295e-01
1.467652339935302734e+02,1.148499603271484375e+02,-4.774089813232421875e+01,4.851554393768310547e+00,-1.131372213363647461e+00,4.925349448791951218e-02,1.455000000000000000e+03,1.032565897592103432e-01
1.470163190364837646e+02,1.160680618286132812e+02,-4.802042007446289062e+01,4.854431152343750000e+00,-1.129660010337829590e+00,5.853865792843476745e-02,1.457000000000000000e+03,2.426179202972594540e-01
1.472657620906829834e+02,1.172836227416992188e+02,-4.829904937744140625e+01,4.856851577758789062e+00,-1.126431703567504883e+00,7.057579635274334462e-02,1.460000000000000000e+03,9.415470994557223472e-02
1.475153338909149170e+02,1.185039825439453125e+02,-4.857745742797851562e+01,4.859079837799072266e+00,-1.120967268943786621e+00,8.587459606815982249e-02,1.462000000000000000e+03,2.531646540052147620e-01
1.477672848701477051e+02,1.197330093383789062e+02,-4.885608291625976562e+01,4.860245704650878906e+00,-1.112459301948547363e+00,1.066798062385177492e-01,1.465000000000000000e+03,8.160310128405270924e-02
1.480161640644073486e+02,1.209542999267578125e+02,-4.913080215454101562e+01,4.860804557800292969e+00,-1.100208044052124023e+00,1.381211243461648308e-01,1.468000000000000000e+03,2.430112815986577579e-01
1.482691659927368164e+02,1.221774597167968750e+02,-4.940132522583007812e+01,4.863598823547363281e+00,-1.082168340682983398e+00,1.842228748356641022e-01,1.470000000000000000e+03,6.610160284043888057e-02
1.485158939361572266e+02,1.234009170532226562e+02,-4.966711807250976562e+01,4.866893291473388672e+00,-1.057654261589050293e+00,3.073249372529586743e-01,1.473000000000000000e+03,2.159745344743622952e-01
1.487645330429077148e+02,1.246249084472656250e+02,-4.992602157592773438e+01,4.871616840362548828e+00,-1.019926905632019043e+00,2.261333493111163051e+00,1.475000000000000000e+03,4.904520820022581495e-02
