t_s,x_east,y_north,v_east,v_north,a_cmd,path_idx,cte_m
2.424719333648681641e-01,-5.184331443160772324e-03,7.496908307075500488e-03,5.213962867856025696e-03,-8.631915785372257233e-03,1.352971985986162196e-03,0.000000000000000000e+00,1.745114343009331742e-03
4.929249286651611328e-01,-4.569722805172204971e-03,7.496769540011882782e-03,3.177691996097564697e-02,2.286799019202589989e-03,1.353079915911159503e-03,0.000000000000000000e+00,1.896058780353587683e-03
7.402319908142089844e-01,2.664097957313060760e-02,1.182568911463022232e-02,2.914396226406097412e-01,1.331171113997697830e-02,-3.331362045201569089e-02,1.000000000000000000e+00,1.517122193074254242e-02
9.946250915527343750e-01,1.667118817567825317e-01,1.494668424129486084e-02,9.091139435768127441e-01,-9.363600402139127254e-04,-5.686009099152240787e-03,1.000000000000000000e+00,1.252853622124389110e-01
1.239971160888671875e+00,4.796698093414306641e-01,1.463234052062034607e-02,1.670137643814086914e+00,-1.211875583976507187e-02,-4.740807589433678284e-04,2.000000000000000000e+00,5.720138092450056944e-02
1.493745803833007812e+00,9.757213592529296875e-01,1.396545115858316422e-02,2.382120132446289062e+00,-9.095339104533195496e-03,-9.767654426334825696e-03,3.000000000000000000e+00,5.624476119562009380e-02
1.744686841964721680e+00,1.640895724296569824e+00,1.309906411916017532e-02,3.030850648880004883e+00,-1.135231181979179382e-02,-1.419978979464695847e-02,4.000000000000000000e+00,1.161381503432836054e-01
1.997989892959594727e+00,2.451711177825927734e+00,8.502215147018432617e-03,3.636411666870117188e+00,-2.934959530830383301e-02,-1.575379591008904592e-03,6.000000000000000000e+00,6.484243407558955286e-02
2.251891851425170898e+00,3.411312580108642578e+00,-2.711580367758870125e-03,4.198852539062500000e+00,-5.761685967445373535e-02,2.531416235444403084e-02,8.000000000000000000e+00,9.333703114629783582e-02
2.500172138214111328e+00,4.487462997436523438e+00,-1.895849406719207764e-02,4.561833381652832031e+00,-6.885512173175811768e-02,4.051543764824332150e-02,1.000000000000000000e+01,5.974192387734002588e-03
2.745311021804809570e+00,5.636116981506347656e+00,-3.332717344164848328e-02,4.720996856689453125e+00,-4.809566214680671692e-02,2.404570371406083637e-02,1.200000000000000000e+01,1.536091704985548811e-01
2.993222951889038086e+00,6.805008888244628906e+00,-4.311816021800041199e-02,4.790915966033935547e+00,-2.878725342452526093e-02,6.231988944649445410e-03,1.500000000000000000e+01,1.619308964839132059e-01
3.243551015853881836e+00,7.997512817382812500e+00,-5.048200860619544983e-02,4.837381362915039062e+00,-2.173424884676933289e-02,-1.108463601741458164e-03,1.700000000000000000e+01,4.272341094783815851e-02
3.506394863128662109e+00,9.209284782409667969e+00,-5.694462358951568604e-02,4.885957717895507812e+00,-2.050258591771125793e-02,-3.415470427244646223e-03,2.000000000000000000e+01,2.307852544784041449e-01
3.747890949249267578e+00,1.045164585113525391e+01,-6.338125467300415039e-02,4.938091278076171875e+00,-2.017214521765708923e-02,-5.022969968839803047e-03,2.200000000000000000e+01,2.361864031592684349e-02
3.996213912963867188e+00,1.169026279449462891e+01,-6.949721276760101318e-02,4.988066196441650391e+00,-2.006974443793296814e-02,-6.643200357164128281e-03,2.500000000000000000e+01,2.229962340871530224e-01
4.244538784027099609e+00,1.294023132324218750e+01,-7.567523419857025146e-02,5.034538745880126953e+00,-2.006330527365207672e-02,-8.180105725458439864e-03,2.700000000000000000e+01,3.796207838108131560e-02
4.498296022415161133e+00,1.419641590118408203e+01,-8.211977034807205200e-02,5.073281288146972656e+00,-2.082603611052036285e-02,-8.746524471703187240e-03,3.000000000000000000e+01,1.900674722440234554e-01
4.746638059616088867e+00,1.546573925018310547e+01,-8.878242224454879761e-02,5.103745937347412109e+00,-2.200748771429061890e-02,-8.753193757447527701e-03,3.200000000000000000e+01,8.998000451960881663e-02
4.993435859680175781e+00,1.673959541320800781e+01,-9.610411524772644043e-02,5.126395702362060547e+00,-2.375372126698493958e-02,-7.655566733120502607e-03,3.500000000000000000e+01,1.201428115768129745e-01
5.246510744094848633e+00,1.802068519592285156e+01,-1.037129908800125122e-01,5.139542102813720703e+00,-2.523021958768367767e-02,-6.579580215641531345e-03,3.700000000000000000e+01,1.716489227928610362e-01
5.491492748260498047e+00,1.930539894104003906e+01,-1.121201440691947937e-01,5.140062332153320312e+00,-2.584484964609146118e-02,-5.667997059246614698e-03,4.000000000000000000e+01,2.760688484334834422e-02
5.740038871765136719e+00,2.059270477294921875e+01,-1.204791069030761719e-01,5.133991241455078125e+00,-2.517208456993103027e-02,-6.055127405485432983e-03,4.300000000000000000e+01,2.242512424709555419e-01
5.997150897979736328e+00,2.188717651367187500e+01,-1.292583644390106201e-01,5.124387741088867188e+00,-2.421011589467525482e-02,-6.411414936797170047e-03,4.500000000000000000e+01,8.094845704246825258e-02
6.248567104339599609e+00,2.316669082641601562e+01,-1.375680565834045410e-01,5.113215446472167969e+00,-2.232456207275390625e-02,-7.983225244986347224e-03,4.800000000000000000e+01,1.235329367571725012e-01
6.495619058609008789e+00,2.443890571594238281e+01,-1.453649699687957764e-01,5.101177215576171875e+00,-2.058652415871620178e-02,-9.774194696047103573e-03,5.000000000000000000e+01,1.594113741388892558e-01
6.748124837875366211e+00,2.571237373352050781e+01,-1.525495648384094238e-01,5.089403629302978516e+00,-1.895238459110260010e-02,-1.195322233671746934e-02,5.300000000000000000e+01,5.111081755347046673e-02
6.993924140930175781e+00,2.697819519042968750e+01,-1.593787521123886108e-01,5.077967166900634766e+00,-1.686302758753299713e-02,-1.482967702059250978e-02,5.500000000000000000e+01,2.254178578215390027e-01
7.244798898696899414e+00,2.824370193481445312e+01,-1.654731333255767822e-01,5.065655231475830078e+00,-1.451583672314882278e-02,-1.853195310670031556e-02,5.800000000000000000e+01,7.169193353792234144e-03
7.494050979614257812e+00,2.949900245666503906e+01,-1.716271489858627319e-01,5.055163860321044922e+00,-1.333343144506216049e-02,-2.097782318738650523e-02,6.100000000000000000e+01,2.217455003371191502e-01
7.743726730346679688e+00,3.076066780090332031e+01,-1.777158230543136597e-01,5.049320220947265625e+00,-1.283762417733669281e-02,-2.284692095899465772e-02,6.300000000000000000e+01,5.090692885745708857e-02
7.995568990707397461e+00,3.202995681762695312e+01,-1.842521727085113525e-01,5.045497894287109375e+00,-1.306369714438915253e-02,-2.369178050964112700e-02,6.600000000000000000e+01,1.641786383998058152e-01
8.247189044952392578e+00,3.328688812255859375e+01,-1.902214139699935913e-01,5.042692184448242188e+00,-1.295936387032270432e-02,-2.525724499933302419e-02,6.800000000000000000e+01,1.039267443590400353e-01
8.498486042022705078e+00,3.454467391967773438e+01,-1.960408985614776611e-01,5.040737628936767578e+00,-1.314950268715620041e-02,-2.665490500535314458e-02,7.100000000000000000e+01,1.230670207337570404e-01
8.747609853744506836e+00,3.579872894287109375e+01,-2.018253356218338013e-01,5.038564205169677734e+00,-1.354894973337650299e-02,-2.784940602622237166e-02,7.300000000000000000e+01,1.426910583017697298e-01
8.992969036102294922e+00,3.706158447265625000e+01,-2.082115858793258667e-01,5.036149978637695312e+00,-1.462272554636001587e-02,-2.793779465454312300e-02,7.600000000000000000e+01,8.023921346785267694e-02
9.244493961334228516e+00,3.831280899047851562e+01,-2.142388522624969482e-01,5.032129287719726562e+00,-1.548683643341064453e-02,-2.844483726375571231e-02,7.800000000000000000e+01,1.836228365062477497e-01
9.493160009384155273e+00,3.956940460205078125e+01,-2.198292016983032227e-01,5.027114391326904297e+00,-1.655482314527034760e-02,-2.910472117687599655e-02,8.100000000000000000e+01,4.803068814136541437e-02
9.745380163192749023e+00,4.083083343505859375e+01,-2.257650643587112427e-01,5.021829605102539062e+00,-1.808336377143859863e-02,-2.905168623682657589e-02,8.300000000000000000e+01,2.285581010052470385e-01
9.996896028518676758e+00,4.210943222045898438e+01,-2.323228120803833008e-01,5.014647483825683594e+00,-2.045984938740730286e-02,-2.772778330095118302e-02,8.600000000000000000e+01,3.103358584420049665e-02
1.024541497230529785e+01,4.336993408203125000e+01,-2.399614900350570679e-01,5.005420684814453125e+00,-2.326238714158535004e-02,-2.502483917811315628e-02,8.900000000000000000e+01,2.023438415529608125e-01
1.049791383743286133e+01,4.462811279296875000e+01,-2.483884245157241821e-01,4.996035575866699219e+00,-2.576245367527008057e-02,-2.199826330439828836e-02,9.100000000000000000e+01,7.098030480924273633e-02
1.074371600151062012e+01,4.587944793701171875e+01,-2.575267851352691650e-01,4.987570762634277344e+00,-2.728928998112678528e-02,-1.937010242726761727e-02,9.400000000000000000e+01,1.661003423095956943e-01
1.099681305885314941e+01,4.713395309448242188e+01,-2.673965096473693848e-01,4.981782913208007812e+00,-2.793784253299236298e-02,-1.709675033548044981e-02,9.600000000000000000e+01,1.019092515795330528e-01
1.124493288993835449e+01,4.838237380981445312e+01,-2.768858075141906738e-01,4.976552009582519531e+00,-2.768834307789802551e-02,-1.599497157315420137e-02,9.900000000000000000e+01,1.361808961806827423e-01
1.149163198471069336e+01,4.962901687622070312e+01,-2.857610583305358887e-01,4.971643924713134766e+00,-2.694951556622982025e-02,-1.585427597159316457e-02,1.010000000000000000e+02,1.230781422955712912e-01
1.174361896514892578e+01,5.087995147705078125e+01,-2.943894565105438232e-01,4.969670295715332031e+00,-2.615730278193950653e-02,-1.600495610714931793e-02,1.040000000000000000e+02,1.118049245811723602e-01
1.199156498908996582e+01,5.213584518432617188e+01,-3.034947216510772705e-01,4.968875885009765625e+00,-2.574096806347370148e-02,-1.544550249676979181e-02,1.060000000000000000e+02,1.562717975362716283e-01
1.224819684028625488e+01,5.339898300170898438e+01,-3.126221597194671631e-01,4.966547966003417969e+00,-2.547331526875495911e-02,-1.474312710720126866e-02,1.090000000000000000e+02,6.616586575061748909e-02
1.249380397796630859e+01,5.464783859252929688e+01,-3.211794197559356689e-01,4.964599609375000000e+00,-2.479266561567783356e-02,-1.482900113222476723e-02,1.110000000000000000e+02,1.947850771913549051e-01
1.274425292015075684e+01,5.589204406738281250e+01,-3.290950357913970947e-01,4.964040756225585938e+00,-2.354656718671321869e-02,-1.596470414759716683e-02,1.140000000000000000e+02,4.659897135390135559e-02
1.299612498283386230e+01,5.714088439941406250e+01,-3.366516530513763428e-01,4.965396881103515625e+00,-2.261636592447757721e-02,-1.709940996162439067e-02,1.160000000000000000e+02,2.145462213784769256e-01
1.324710893630981445e+01,5.838299560546875000e+01,-3.436232507228851318e-01,4.965718269348144531e+00,-2.219466120004653931e-02,-1.813681507811542443e-02,1.190000000000000000e+02,3.010770729147478272e-02
1.349447298049926758e+01,5.962710952758789062e+01,-3.503654599189758301e-01,4.965513706207275391e+00,-2.250723540782928467e-02,-1.862255358042774062e-02,1.210000000000000000e+02,2.275800748293974607e-01
1.374681711196899414e+01,6.086851501464843750e+01,-3.573667407035827637e-01,4.968662261962890625e+00,-2.376527898013591766e-02,-1.797777647880198504e-02,1.240000000000000000e+02,2.065762686379189056e-02
1.399328494071960449e+01,6.212041091918945312e+01,-3.643915057182312012e-01,4.973461151123046875e+00,-2.515290491282939911e-02,-1.725079638592280987e-02,1.260000000000000000e+02,2.476680385163331499e-01
1.424763607978820801e+01,6.338204193115234375e+01,-3.713624477386474609e-01,4.976543903350830078e+00,-2.666678838431835175e-02,-1.647269602042391451e-02,1.290000000000000000e+02,2.934993754437527011e-02
1.449559402465820312e+01,6.463340759277343750e+01,-3.791127800941467285e-01,4.978147983551025391e+00,-2.881505899131298065e-02,-1.439485203701799075e-02,1.320000000000000000e+02,2.082811887712209820e-01
1.474688005447387695e+01,6.588584899902343750e+01,-3.881087005138397217e-01,4.978300094604492188e+00,-3.116710297763347626e-02,-1.114129248393246237e-02,1.340000000000000000e+02,5.730410798151371055e-02
1.499946594238281250e+01,6.713452911376953125e+01,-3.974315822124481201e-01,4.977680683135986328e+00,-3.256842121481895447e-02,-8.560576915914384563e-03,1.370000000000000000e+02,1.802816671052930031e-01
1.524404788017272949e+01,6.839088439941406250e+01,-4.068436920642852783e-01,4.976420402526855469e+00,-3.326997905969619751e-02,-6.642814523705594873e-03,1.390000000000000000e+02,8.798591364603053355e-02
1.549281692504882812e+01,6.963832855224609375e+01,-4.160256683826446533e-01,4.975229263305664062e+00,-3.335783630609512329e-02,-5.474869475877126163e-03,1.420000000000000000e+02,1.495938581499005327e-01
1.574552607536315918e+01,7.088815307617187500e+01,-4.254708886146545410e-01,4.970977783203125000e+00,-3.329995647072792053e-02,-4.237891478729812443e-03,1.440000000000000000e+02,1.115884468112313677e-01
1.599514007568359375e+01,7.214009857177734375e+01,-4.342031180858612061e-01,4.966867923736572266e+00,-3.236850351095199585e-02,-4.438772224048086190e-03,1.470000000000000000e+02,1.209643099703772706e-01
1.624413895606994629e+01,7.340731811523437500e+01,-4.421376883983612061e-01,4.963580131530761719e+00,-3.094841539859771729e-02,-5.825020449966653545e-03,1.490000000000000000e+02,1.573617744296990639e-01
1.650038099288940430e+01,7.465647888183593750e+01,-4.500722885131835938e-01,4.960472106933593750e+00,-3.115792945027351379e-02,-5.495915300392084125e-03,1.520000000000000000e+02,7.795735944564097242e-02
1.674827790260314941e+01,7.590511322021484375e+01,-4.587595462799072266e-01,4.959006786346435547e+00,-3.232758492231369019e-02,-3.635781744661088256e-03,1.540000000000000000e+02,1.818405708603058335e-01
1.699956202507019043e+01,7.714958953857421875e+01,-4.674956798553466797e-01,4.959003925323486328e+00,-3.311053290963172913e-02,-2.115395225446387202e-03,1.570000000000000000e+02,5.801108283273270771e-02
1.724630308151245117e+01,7.839799499511718750e+01,-4.762337505817413330e-01,4.960084438323974609e+00,-3.349884971976280212e-02,-1.014621994607342289e-03,1.590000000000000000e+02,2.014110119662813059e-01
1.749567890167236328e+01,7.964277648925781250e+01,-4.848035275936126709e-01,4.960763454437255859e+00,-3.350397944450378418e-02,-4.063619510845618496e-04,1.620000000000000000e+02,3.800090858761208390e-02
1.774496316909790039e+01,8.088358306884765625e+01,-4.935825169086456299e-01,4.959499359130859375e+00,-3.324941918253898621e-02,1.359991240234282835e-04,1.640000000000000000e+02,2.137159047972408688e-01
1.799178600311279297e+01,8.212770843505859375e+01,-5.018075704574584961e-01,4.961345195770263672e+00,-3.282707557082176208e-02,4.638681630446714305e-05,1.670000000000000000e+02,2.623438022964038815e-02
1.824470496177673340e+01,8.337663269042968750e+01,-5.093811750411987305e-01,4.965349197387695312e+00,-3.230448812246322632e-02,-6.836645449138659342e-04,1.690000000000000000e+02,2.335023820642100623e-01
1.849534201622009277e+01,8.463545989990234375e+01,-5.172685980796813965e-01,4.968876838684082031e+00,-3.256484493613243103e-02,-4.331898213259821086e-04,1.720000000000000000e+02,8.721648920767479871e-03
1.874956107139587402e+01,8.588381195068359375e+01,-5.257751941680908203e-01,4.972032070159912109e+00,-3.314729407429695129e-02,6.713983837554520287e-04,1.750000000000000000e+02,2.272567659281664321e-01
1.899495100975036621e+01,8.712938690185546875e+01,-5.342053771018981934e-01,4.974649429321289062e+00,-3.341954201459884644e-02,1.424240216591991532e-03,1.770000000000000000e+02,2.905297187926043218e-02
1.924895381927490234e+01,8.838042449951171875e+01,-5.425531864166259766e-01,4.977027416229248047e+00,-3.328413888812065125e-02,1.681264582666791791e-03,1.800000000000000000e+02,2.038912836407832663e-01
1.949544501304626465e+01,8.962830352783203125e+01,-5.506368279457092285e-01,4.977964401245117188e+00,-3.305547684431076050e-02,1.665185057149185790e-03,1.820000000000000000e+02,5.469224463359958349e-02
1.974457597732543945e+01,9.088433837890625000e+01,-5.583606362342834473e-01,4.977320671081542969e+00,-3.285812586545944214e-02,1.372317098590307861e-03,1.850000000000000000e+02,1.732365155855692951e-01
1.999428510665893555e+01,9.213442993164062500e+01,-5.659317374229431152e-01,4.973931789398193359e+00,-3.272227942943572998e-02,1.068993585137166654e-03,1.870000000000000000e+02,8.755783045722981273e-02
2.024659299850463867e+01,9.339065551757812500e+01,-5.729353427886962891e-01,4.970054626464843750e+00,-3.288860991597175598e-02,6.028329394229801387e-04,1.900000000000000000e+02,1.401947016400661161e-01
2.049506688117980957e+01,9.465299987792968750e+01,-5.800304412841796875e-01,4.966018676757812500e+00,-3.388122469186782837e-02,3.289338068292985362e+00,1.920000000000000000e+02,1.328755020372246187e-01
2.074942803382873535e+01,9.590203094482421875e+01,-5.862557291984558105e-01,4.957022190093994141e+00,-4.562068730592727661e-03,3.246804788803497654e+00,1.950000000000000000e+02,1.021620120634776085e-01
2.099970293045043945e+01,9.714425659179687500e+01,-5.599520206451416016e-01,4.901885509490966797e+00,2.671739161014556885e-01,2.886285616468426518e+00,1.970000000000000000e+02,1.553517575129582662e-01
2.124499607086181641e+01,9.836015319824218750e+01,-4.271303713321685791e-01,4.801473617553710938e+00,8.284046649932861328e-01,3.263310510785963015e+00,2.000000000000000000e+02,1.665508846471772664e-01
2.149708294868469238e+01,9.955823516845703125e+01,-1.592015773057937622e-01,4.707236289978027344e+00,1.345037460327148438e+00,3.477776998239332951e+00,2.020000000000000000e+02,4.602628790959117228e-02
2.174656200408935547e+01,1.007129287719726562e+02,2.256996333599090576e-01,4.537366867065429688e+00,1.847023725509643555e+00,7.858056632522617546e-01,2.050000000000000000e+02,2.290843909657260535e-01
2.199373197555541992e+01,1.018157730102539062e+02,7.404092550277709961e-01,4.299394607543945312e+00,2.348491907119750977e+00,9.721105579251315687e-01,2.070000000000000000e+02,3.008368270219392016e-01
2.224237799644470215e+01,1.028756256103515625e+02,1.355237841606140137e+00,4.183862209320068359e+00,2.613888025283813477e+00,1.491925947226129479e+00,2.100000000000000000e+02,5.888435815898643844e-01
2.249570798873901367e+01,1.039268646240234375e+02,2.019478559494018555e+00,4.130415916442871094e+00,2.725233793258666992e+00,1.572057132936712787e+00,2.120000000000000000e+02,8.091267527880537935e-01
2.274944305419921875e+01,1.049372024536132812e+02,2.714673757553100586e+00,3.992182731628417969e+00,2.920544624328613281e+00,1.489729670204697598e+00,2.140000000000000000e+02,1.043772276087995499e+00
2.299747514724731445e+01,1.059087142944335938e+02,3.465695142745971680e+00,3.831156492233276367e+00,3.141629219055175781e+00,1.324901050455143059e+00,2.170000000000000000e+02,1.166603132664262077e+00
2.324470806121826172e+01,1.068416290283203125e+02,4.266324043273925781e+00,3.689836025238037109e+00,3.332730054855346680e+00,1.152193358996467909e+00,2.190000000000000000e+02,1.260537284962216065e+00
2.349601316452026367e+01,1.077453842163085938e+02,5.116357326507568359e+00,3.558231353759765625e+00,3.501854419708251953e+00,9.624545778522928252e-01,2.220000000000000000e+02,1.275981610202203687e+00
2.374498796463012695e+01,1.086158218383789062e+02,6.004311561584472656e+00,3.438077688217163086e+00,3.644925117492675781e+00,7.621519746837527309e-01,2.240000000000000000e+02,1.263102812052915080e+00
2.399559402465820312e+01,1.094597778320312500e+02,6.926141262054443359e+00,3.333647251129150391e+00,3.760402679443359375e+00,5.599954111212337438e-01,2.270000000000000000e+02,1.185177279918736337e+00
2.424295997619628906e+01,1.102836074829101562e+02,7.878954410552978516e+00,3.247249364852905273e+00,3.851305961608886719e+00,3.597421651648101681e-01,2.290000000000000000e+02,1.099060790918864994e+00
2.449677896499633789e+01,1.110918579101562500e+02,8.855848312377929688e+00,3.180003643035888672e+00,3.916816473007202148e+00,1.679559522413028583e-01,2.320000000000000000e+02,9.502307300016707980e-01
2.474600195884704590e+01,1.118918304443359375e+02,9.854015350341796875e+00,3.132843971252441406e+00,3.956739902496337891e+00,-9.487460001767372350e-03,2.340000000000000000e+02,8.353885603742431387e-01
2.499924612045288086e+01,1.126766815185546875e+02,1.085107326507568359e+01,3.107574462890625000e+00,3.974257230758666992e+00,-1.645133311437872448e-01,2.370000000000000000e+02,6.363518737507632972e-01
2.524686694145202637e+01,1.134562072753906250e+02,1.184726524353027344e+01,3.102396965026855469e+00,3.973075866699218750e+00,-2.954009514952869453e-01,2.400000000000000000e+02,5.201999939705620468e-01
2.549785184860229492e+01,1.142397842407226562e+02,1.284513282775878906e+01,3.113537788391113281e+00,3.955767154693603516e+00,-4.025780619285959094e-01,2.420000000000000000e+02,3.113496632812139397e-01
2.574433398246765137e+01,1.150267105102539062e+02,1.383559703826904297e+01,3.138203620910644531e+00,3.926336288452148438e+00,-4.857345075396207745e-01,2.450000000000000000e+02,2.438112062686990100e-01
2.599356603622436523e+01,1.158273239135742188e+02,1.482465171813964844e+01,3.174140214920043945e+00,3.885251045227050781e+00,-5.442005720417396608e-01,2.470000000000000000e+02,8.092744279064166546e-02
2.624496698379516602e+01,1.166344223022460938e+02,1.579731082916259766e+01,3.215904712677001953e+00,3.833003520965576172e+00,-5.774886004425328068e-01,2.500000000000000000e+02,1.945692362529581609e-01
2.649835491180419922e+01,1.174577407836914062e+02,1.676178550720214844e+01,3.262734174728393555e+00,3.774301290512084961e+00,-5.886603938758784293e-01,2.520000000000000000e+02,2.605810623400089399e-01
2.674915695190429688e+01,1.183006362915039062e+02,1.771840286254882812e+01,3.313562870025634766e+00,3.713167190551757812e+00,-5.799122495462414317e-01,2.550000000000000000e+02,3.401900180940758966e-01
2.699691796302795410e+01,1.191484756469726562e+02,1.865060424804687500e+01,3.365207672119140625e+00,3.652012825012207031e+00,-5.542217781331190141e-01,2.570000000000000000e+02,4.285376973936532163e-01
2.725106406211853027e+01,1.200088653564453125e+02,1.956681823730468750e+01,3.415704250335693359e+00,3.591377019882202148e+00,-5.140299056620110107e-01,2.600000000000000000e+02,4.528116015768647862e-01
2.750051879882812500e+01,1.208777008056640625e+02,2.046438026428222656e+01,3.462550640106201172e+00,3.534933567047119141e+00,-4.646757574291014437e-01,2.620000000000000000e+02,5.133921793805393818e-01
2.774899291992187500e+01,1.217639770507812500e+02,2.135395622253417969e+01,3.506956338882446289e+00,3.483725309371948242e+00,-4.072803084900613046e-01,2.650000000000000000e+02,4.956134081215907150e-01
2.799924993515014648e+01,1.226505355834960938e+02,2.222072982788085938e+01,3.545288562774658203e+00,3.438644409179687500e+00,-3.460260818807383565e-01,2.670000000000000000e+02,5.283883069658823484e-01
2.824513578414916992e+01,1.235461502075195312e+02,2.307694053649902344e+01,3.578761339187622070e+00,3.400177478790283203e+00,-2.824649139136764520e-01,2.700000000000000000e+02,4.773535230402008445e-01
2.849430704116821289e+01,1.244516296386718750e+02,2.392640876770019531e+01,3.609375715255737305e+00,3.371161699295043945e+00,-2.190637377252881157e-01,2.720000000000000000e+02,4.859645255021583510e-01
2.874584913253784180e+01,1.253761520385742188e+02,2.478048706054687500e+01,3.635466098785400391e+00,3.350488185882568359e+00,-1.572356810208624112e-01,2.750000000000000000e+02,4.097963551088794065e-01
2.900165891647338867e+01,1.262944412231445312e+02,2.561879920959472656e+01,3.656310319900512695e+00,3.336520433425903320e+00,-9.854781204422077834e-02,2.770000000000000000e+02,4.191563489531798803e-01
2.924728488922119141e+01,1.272169876098632812e+02,2.645373344421386719e+01,3.670624732971191406e+00,3.329861640930175781e+00,-4.539438076382493886e-02,2.800000000000000000e+02,3.146227400699849741e-01
2.949583196640014648e+01,1.281398010253906250e+02,2.728520011901855469e+01,3.679435014724731445e+00,3.329847097396850586e+00,1.332349308911672968e-03,2.820000000000000000e+02,3.339501670538388978e-01
2.975079607963562012e+01,1.290671386718750000e+02,2.812049102783203125e+01,3.682955741882324219e+00,3.335609912872314453e+00,4.071781307984062570e-02,2.850000000000000000e+02,2.083914933789622059e-01
2.999377894401550293e+01,1.299930114746093750e+02,2.895673370361328125e+01,3.680717945098876953e+00,3.346237897872924805e+00,7.144087736729112792e-02,2.870000000000000000e+02,2.686856469238813605e-01
3.024927997589111328e+01,1.309186553955078125e+02,2.979694938659667969e+01,3.671107530593872070e+00,3.357854127883911133e+00,9.416313237248349899e-02,2.900000000000000000e+02,1.071531809223019716e-01
3.049627184867858887e+01,1.318426971435546875e+02,3.064179992675781250e+01,3.656699895858764648e+00,3.370344161987304688e+00,1.095262748874428205e-01,2.920000000000000000e+02,2.446188785426895163e-01
3.074444007873535156e+01,1.327651672363281250e+02,3.149207496643066406e+01,3.640914201736450195e+00,3.383963108062744141e+00,1.192535532411357624e-01,2.950000000000000000e+02,2.127428357528184100e-02
3.100058388710021973e+01,1.336898651123046875e+02,3.235198974609375000e+01,3.624590873718261719e+00,3.398719787597656250e+00,1.236582819840192499e-01,2.980000000000000000e+02,2.275641693476988248e-01
3.125007581710815430e+01,1.346006469726562500e+02,3.320687866210937500e+01,3.608913898468017578e+00,3.413879632949829102e+00,1.234544172603159601e-01,3.000000000000000000e+02,4.958904721276215927e-02
3.150176000595092773e+01,1.355040435791015625e+02,3.406277847290039062e+01,3.593810081481933594e+00,3.429541587829589844e+00,1.187393593650993978e-01,3.030000000000000000e+02,2.266560785201068851e-01
3.174676704406738281e+01,1.364063720703125000e+02,3.492615890502929688e+01,3.580207586288452148e+00,3.445874691009521484e+00,1.099136315157655808e-01,3.050000000000000000e+02,8.732330466324800256e-02
3.199417591094970703e+01,1.373025512695312500e+02,3.579032135009765625e+01,3.567205429077148438e+00,3.460614919662475586e+00,9.888300897886151408e-02,3.080000000000000000e+02,2.264064208603297490e-01
3.224658894538879395e+01,1.381974182128906250e+02,3.666015243530273438e+01,3.554526805877685547e+00,3.473222494125366211e+00,8.574879659623088624e-02,3.100000000000000000e+02,1.068552870586828574e-01
3.249693393707275391e+01,1.390853881835937500e+02,3.753003311157226562e+01,3.543375730514526367e+00,3.484467506408691406e+00,7.089868321764489223e-02,3.130000000000000000e+02,2.228367860035320724e-01
3.274665808677673340e+01,1.399770202636718750e+02,3.840919876098632812e+01,3.535830974578857422e+00,3.495245695114135742e+00,5.580379190528404754e-02,3.150000000000000000e+02,1.111099174754361790e-01
3.299831080436706543e+01,1.408722991943359375e+02,3.929663085937500000e+01,3.529861211776733398e+00,3.504025459289550781e+00,4.064594124673621967e-02,3.180000000000000000e+02,1.928467881576226284e-01
3.324616408348083496e+01,1.417565155029296875e+02,4.017637252807617188e+01,3.525169610977172852e+00,3.510893106460571289e+00,2.598880582954006882e-02,3.200000000000000000e+02,1.149525279232308378e-01
3.349715685844421387e+01,1.426393585205078125e+02,4.105731964111328125e+01,3.522279977798461914e+00,3.516322851181030273e+00,1.220831749202075898e-02,3.230000000000000000e+02,1.751267934492552747e-01
3.374678397178649902e+01,1.435186309814453125e+02,4.193711471557617188e+01,3.521554231643676758e+00,3.520484924316406250e+00,-4.522661008674989740e-04,3.250000000000000000e+02,1.068475599873388721e-01
3.399924087524414062e+01,1.444022674560546875e+02,4.282254409790039062e+01,3.522049665451049805e+00,3.522634029388427734e+00,-1.158094873199265983e-02,3.280000000000000000e+02,1.562559892584199639e-01
3.424407100677490234e+01,1.452749328613281250e+02,4.369727706909179688e+01,3.523297309875488281e+00,3.522198200225830078e+00,-2.039288601623838112e-02,3.300000000000000000e+02,9.792486513605598575e-02
3.449533104896545410e+01,1.461511383056640625e+02,4.457560348510742188e+01,3.527655601501464844e+00,3.522225618362426758e+00,-2.741679592639864604e-02,3.330000000000000000e+02,1.583226549124149285e-01
3.474706006050109863e+01,1.470321197509765625e+02,4.545772171020507812e+01,3.534827470779418945e+00,3.522154092788696289e+00,-3.191331477053298282e-02,3.350000000000000000e+02,9.627198732759012501e-02
3.500000905990600586e+01,1.479284057617187500e+02,4.635207366943359375e+01,3.542566061019897461e+00,3.520216464996337891e+00,-3.315303036237767648e-02,3.380000000000000000e+02,1.280859647995113981e-01
3.524904298782348633e+01,1.488159790039062500e+02,4.723490905761718750e+01,3.549196243286132812e+00,3.516206502914428711e+00,-3.205515274619554628e-02,3.400000000000000000e+02,1.308690816544461899e-01
3.549939513206481934e+01,1.497053833007812500e+02,4.811709213256835938e+01,3.554475784301757812e+00,3.511440753936767578e+00,-3.000558629235964767e-02,3.430000000000000000e+02,1.086942445528127354e-01
3.574673199653625488e+01,1.505928955078125000e+02,4.899530029296875000e+01,3.558153629302978516e+00,3.505851268768310547e+00,-2.731027639588029521e-02,3.450000000000000000e+02,1.497485682157557452e-01
3.599602293968200684e+01,1.514847106933593750e+02,4.987585449218750000e+01,3.561799526214599609e+00,3.500570535659790039e+00,-2.381544710546556684e-02,3.480000000000000000e+02,9.294251248842244628e-02
3.624809598922729492e+01,1.523738555908203125e+02,5.075178146362304688e+01,3.564047098159790039e+00,3.494531631469726562e+00,-1.963920996992922496e-02,3.500000000000000000e+02,1.682129711910795578e-01
3.649402689933776855e+01,1.532634887695312500e+02,5.162656784057617188e+01,3.565318346023559570e+00,3.488265514373779297e+00,-1.508189729760813988e-02,3.530000000000000000e+02,8.252703525228445580e-02
3.674827504158020020e+01,1.541571807861328125e+02,5.250357055664062500e+01,3.567712068557739258e+00,3.483516931533813477e+00,-9.850526966282429145e-03,3.550000000000000000e+02,1.842723115956514945e-01
3.699631690979003906e+01,1.550552062988281250e+02,5.338292694091796875e+01,3.569948673248291016e+00,3.479285478591918945e+00,-4.047987505709492798e-03,3.580000000000000000e+02,5.878974991919806714e-02
3.724700999259948730e+01,1.559596710205078125e+02,5.426666641235351562e+01,3.570766925811767578e+00,3.474363327026367188e+00,2.331202173821905754e-03,3.600000000000000000e+02,2.210351856417492045e-01
3.749855303764343262e+01,1.568554229736328125e+02,5.514036560058593750e+01,3.570951461791992188e+00,3.470004081726074219e+00,8.684509139169150141e-03,3.630000000000000000e+02,2.885212867970301381e-02
3.774972009658813477e+01,1.577476501464843750e+02,5.600962829589843750e+01,3.570241451263427734e+00,3.466614484786987305e+00,1.425486775092863791e-02,3.650000000000000000e+02,2.334498676914870674e-01
3.800194406509399414e+01,1.586427154541015625e+02,5.688128662109375000e+01,3.570041418075561523e+00,3.465536117553710938e+00,1.874087265837781971e-02,3.680000000000000000e+02,1.418456266065077666e-02
3.824910998344421387e+01,1.595350189208984375e+02,5.774978637695312500e+01,3.569967031478881836e+00,3.465805530548095703e+00,2.259774922568247649e-02,3.700000000000000000e+02,2.438181570663567055e-01
3.849854207038879395e+01,1.604282073974609375e+02,5.861929321289062500e+01,3.568148136138916016e+00,3.465543746948242188e+00,2.553575745655363785e-02,3.730000000000000000e+02,1.227247622743523735e-03
3.874522018432617188e+01,1.613166351318359375e+02,5.948444366455078125e+01,3.566940069198608398e+00,3.466785192489624023e+00,2.765240851786609361e-02,3.750000000000000000e+02,2.466853741295936819e-01
3.899661207199096680e+01,1.622105102539062500e+02,6.035649108886718750e+01,3.567489385604858398e+00,3.470921039581298828e+00,2.808288769552567607e-02,3.780000000000000000e+02,9.249212398212530370e-03
3.924809193611145020e+01,1.631110687255859375e+02,6.123592758178710938e+01,3.568424463272094727e+00,3.475274801254272461e+00,2.817475623294270898e-02,3.810000000000000000e+02,2.264791525745574463e-01
3.949679899215698242e+01,1.640038452148437500e+02,6.210810852050781250e+01,3.569204330444335938e+00,3.479084014892578125e+00,2.833695774451114313e-02,3.830000000000000000e+02,3.163111892258080315e-02
3.975121688842773438e+01,1.648974609375000000e+02,6.298191452026367188e+01,3.569503545761108398e+00,3.482532739639282227e+00,2.797759186422314054e-02,3.860000000000000000e+02,2.125766564833031780e-01
3.999757480621337891e+01,1.657887115478515625e+02,6.385453796386718750e+01,3.569363117218017578e+00,3.485504865646362305e+00,2.701958954193594414e-02,3.880000000000000000e+02,4.558609308795370796e-02
4.024783205986022949e+01,1.666856079101562500e+02,6.473400115966796875e+01,3.568341970443725586e+00,3.487695932388305664e+00,2.528067999443738001e-02,3.910000000000000000e+02,1.930569317002703289e-01
4.050063204765319824e+01,1.675756378173828125e+02,6.560741424560546875e+01,3.566831111907958984e+00,3.488389015197753906e+00,2.388137646637493103e-02,3.930000000000000000e+02,6.420652944389379502e-02
4.074974274635314941e+01,1.684674530029296875e+02,6.648272705078125000e+01,3.563537836074829102e+00,3.486503601074218750e+00,2.298290515718097449e-02,3.960000000000000000e+02,1.802103265088291217e-01
4.099936008453369141e+01,1.693609771728515625e+02,6.735994720458984375e+01,3.560595512390136719e+00,3.484473705291748047e+00,2.230667928810805070e-02,3.980000000000000000e+02,8.169133698158018153e-02
4.124896693229675293e+01,1.702647705078125000e+02,6.824760437011718750e+01,3.557410001754760742e+00,3.482604742050170898e+00,2.114822519769770162e-02,4.010000000000000000e+02,1.451043162011603493e-01
4.150078201293945312e+01,1.711552734375000000e+02,6.912269592285156250e+01,3.554775714874267578e+00,3.481035470962524414e+00,3.320436992882494831e+00,4.030000000000000000e+02,1.125625512068308548e-01
4.175382709503173828e+01,1.720439147949218750e+02,6.999848175048828125e+01,3.528517246246337891e+00,3.497324466705322266e+00,3.278848697653958588e+00,4.060000000000000000e+02,1.322932679918684684e-01
4.199743890762329102e+01,1.729023742675781250e+02,7.089012145996093750e+01,3.301617145538330078e+00,3.650341510772705078e+00,2.922876101422656969e+00,4.080000000000000000e+02,1.140618372555576437e-01
4.225267505645751953e+01,1.736737976074218750e+02,7.184584808349609375e+01,2.833258628845214844e+00,3.979934215545654297e+00,3.231639914461986951e+00,4.110000000000000000e+02,1.056238658717724432e-01
4.249953103065490723e+01,1.743307800292968750e+02,7.287637329101562500e+01,2.405363082885742188e+00,4.278737545013427734e+00,3.400549467901931244e+00,4.130000000000000000e+02,1.655283302715227778e-01
4.274523806571960449e+01,1.748824920654296875e+02,7.397031402587890625e+01,1.941221833229064941e+00,4.513680934906005859e+00,3.924263587267528219e+00,4.160000000000000000e+02,1.371951955598281481e-01
4.299718189239501953e+01,1.753071899414062500e+02,7.512120056152343750e+01,1.382254481315612793e+00,4.696178436279296875e+00,4.071329866360414940e+00,4.180000000000000000e+02,3.319650243009318880e-01
4.324756717681884766e+01,1.755860900878906250e+02,7.630977630615234375e+01,7.633998990058898926e-01,4.801641941070556641e+00,4.540474756188034533e+00,4.210000000000000000e+02,5.569723038771978718e-01
4.349984884262084961e+01,1.757081909179687500e+02,7.751951599121093750e+01,1.243714690208435059e-01,4.825701236724853516e+00,1.570056612079686387e+00,4.230000000000000000e+02,7.547308442544814477e-01
4.374947690963745117e+01,1.756732635498046875e+02,7.871351623535156250e+01,-4.732285737991333008e-01,4.788814544677734375e+00,1.797433133179287879e+00,4.250000000000000000e+02,9.937711704092325737e-01
4.399939894676208496e+01,1.755131225585937500e+02,7.990098571777343750e+01,-8.682525157928466797e-01,4.798322677612304688e+00,2.294039142895022199e+00,4.270000000000000000e+02,1.278549284288468924e+00
4.425229907035827637e+01,1.752704467773437500e+02,8.109626770019531250e+01,-1.139447808265686035e+00,4.794592857360839844e+00,2.637423221511006055e+00,4.290000000000000000e+02,1.632476620390700850e+00
4.449591875076293945e+01,1.749476776123046875e+02,8.227784729003906250e+01,-1.505704045295715332e+00,4.706053256988525391e+00,2.478938380804020181e+00,4.310000000000000000e+02,1.947196206797009888e+00
4.474829101562500000e+01,1.745187683105468750e+02,8.343319702148437500e+01,-1.937471032142639160e+00,4.553218364715576172e+00,2.159743959689694570e+00,4.340000000000000000e+02,2.152542532979000445e+00
4.499897503852844238e+01,1.739894104003906250e+02,8.454911804199218750e+01,-2.313400030136108398e+00,4.398510932922363281e+00,1.826319937531284410e+00,4.360000000000000000e+02,2.249209866216431930e+00
4.524772787094116211e+01,1.733704833984375000e+02,8.563616180419921875e+01,-2.625399351119995117e+00,4.248562335968017578e+00,1.493626000144337773e+00,4.390000000000000000e+02,2.258504453803257483e+00
4.550185179710388184e+01,1.726755218505859375e+02,8.669329071044921875e+01,-2.882219076156616211e+00,4.104532718658447266e+00,1.157451281542197341e+00,4.410000000000000000e+02,2.183904720901775676e+00
4.575471806526184082e+01,1.719290313720703125e+02,8.770633697509765625e+01,-3.082874774932861328e+00,3.980010986328125000e+00,8.325719886609282971e-01,4.440000000000000000e+02,2.042881160508664529e+00
4.599738812446594238e+01,1.711376037597656250e+02,8.869197845458984375e+01,-3.234303236007690430e+00,3.880563020706176758e+00,5.229566329484560683e-01,4.460000000000000000e+02,1.852025712297043603e+00
4.624853205680847168e+01,1.703158721923828125e+02,8.965297698974609375e+01,-3.339730739593505859e+00,3.808931827545166016e+00,2.345409655562469275e-01,4.490000000000000000e+02,1.618446343293950207e+00
4.650278306007385254e+01,1.694659729003906250e+02,9.060554504394531250e+01,-3.404254674911499023e+00,3.764952659606933594e+00,-3.133850461088268785e-02,4.510000000000000000e+02,1.362841410993530733e+00
4.674963307380676270e+01,1.686112518310546875e+02,9.154163360595703125e+01,-3.431635618209838867e+00,3.746968507766723633e+00,-2.671554981889547320e-01,4.540000000000000000e+02,1.086940967582434858e+00
4.699540400505065918e+01,1.677493896484375000e+02,9.247989654541015625e+01,-3.426363945007324219e+00,3.752334356307983398e+00,-4.716541165782790479e-01,4.560000000000000000e+02,8.171862868882284747e-01
4.725073695182800293e+01,1.668889617919921875e+02,9.342552947998046875e+01,-3.392265081405639648e+00,3.778429031372070312e+00,-6.402585291979387971e-01,4.590000000000000000e+02,5.400239612985152649e-01
4.750007295608520508e+01,1.660286712646484375e+02,9.439224243164062500e+01,-3.333285808563232422e+00,3.820101261138916016e+00,-7.729732504069440902e-01,4.610000000000000000e+02,3.217609072667220738e-01
4.774901604652404785e+01,1.651964111328125000e+02,9.535808563232421875e+01,-3.253860712051391602e+00,3.872546672821044922e+00,-8.641896716656556343e-01,4.640000000000000000e+02,6.934630432034473435e-02
4.799831080436706543e+01,1.643860626220703125e+02,9.633869934082031250e+01,-3.157253265380859375e+00,3.934068441390991211e+00,-9.145841961325699154e-01,4.660000000000000000e+02,2.685310251819916227e-01
4.825062990188598633e+01,1.636049041748046875e+02,9.733242797851562500e+01,-3.050224304199218750e+00,4.001123905181884766e+00,-9.273288042513546658e-01,4.690000000000000000e+02,3.639103906268315591e-01
4.850115513801574707e+01,1.628496856689453125e+02,9.834700775146484375e+01,-2.938047885894775391e+00,4.070227622985839844e+00,-9.082568313071169852e-01,4.710000000000000000e+02,5.543873851487369775e-01
4.874842190742492676e+01,1.621256408691406250e+02,9.937490844726562500e+01,-2.823965787887573242e+00,4.136307239532470703e+00,-8.623919074083494785e-01,4.740000000000000000e+02,6.226816582525395161e-01
4.899945807456970215e+01,1.614323272705078125e+02,1.004151763916015625e+02,-2.711715221405029297e+00,4.196809768676757812e+00,-7.952787804816282557e-01,4.760000000000000000e+02,7.413718769627786198e-01
4.925055480003356934e+01,1.607649536132812500e+02,1.014734344482421875e+02,-2.606715679168701172e+00,4.255197048187255859e+00,-7.118799995838099859e-01,4.790000000000000000e+02,7.526211959212546487e-01
4.949800491333007812e+01,1.601205596923828125e+02,1.025499343872070312e+02,-2.512406349182128906e+00,4.309514999389648438e+00,-6.182574062310249863e-01,4.820000000000000000e+02,8.101924203765141774e-01
4.975089693069458008e+01,1.594948883056640625e+02,1.036464767456054688e+02,-2.427854776382446289e+00,4.356576442718505859e+00,-5.169225005454933797e-01,4.840000000000000000e+02,7.674862302188882879e-01
5.000179100036621094e+01,1.588953857421875000e+02,1.047435684204101562e+02,-2.355985403060913086e+00,4.395478248596191406e+00,-4.133006313554195010e-01,4.870000000000000000e+02,7.690854988779293189e-01
5.025010991096496582e+01,1.583145599365234375e+02,1.058462982177734375e+02,-2.297373056411743164e+00,4.427188873291015625e+00,-3.103552338535784938e-01,4.890000000000000000e+02,6.913343808882401742e-01
5.049943995475769043e+01,1.577454833984375000e+02,1.069600906372070312e+02,-2.252283096313476562e+00,4.452576160430908203e+00,-2.102976453841943205e-01,4.920000000000000000e+02,6.599384446764118284e-01
5.075056695938110352e+01,1.571881256103515625e+02,1.080768966674804688e+02,-2.220617055892944336e+00,4.471625804901123047e+00,-1.159722952651785349e-01,4.940000000000000000e+02,5.535806904923308291e-01
5.099664497375488281e+01,1.566333160400390625e+02,1.092059326171875000e+02,-2.202203035354614258e+00,4.483183383941650391e+00,-3.018087027948667539e-02,4.970000000000000000e+02,5.053902477126510639e-01
5.124985504150390625e+01,1.560843963623046875e+02,1.103312835693359375e+02,-2.194992303848266602e+00,4.484635829925537109e+00,4.384578374507441811e-02,4.990000000000000000e+02,3.868888421676829892e-01
5.150140905380249023e+01,1.555323181152343750e+02,1.114626693725585938e+02,-2.198552131652832031e+00,4.479444026947021484e+00,1.055923529199935540e-01,5.020000000000000000e+02,3.401924708288157073e-01
5.175426292419433594e+01,1.549745483398437500e+02,1.125986862182617188e+02,-2.210553646087646484e+00,4.468359470367431641e+00,1.551394468038116981e-01,5.040000000000000000e+02,2.317967465709618036e-01
5.200185894966125488e+01,1.544189300537109375e+02,1.137200775146484375e+02,-2.229853630065917969e+00,4.454127311706542969e+00,1.925266817897753890e-01,5.070000000000000000e+02,1.945873803545846992e-01
5.225168991088867188e+01,1.538583679199218750e+02,1.148370971679687500e+02,-2.256047964096069336e+00,4.438955783843994141e+00,2.183908105767650987e-01,5.090000000000000000e+02,1.243267594723988789e-01
5.250054883956909180e+01,1.532926177978515625e+02,1.159454498291015625e+02,-2.287083625793457031e+00,4.422720909118652344e+00,2.326826714925849249e-01,5.120000000000000000e+02,1.387090672005866498e-01
5.275385284423828125e+01,1.527143249511718750e+02,1.170558853149414062e+02,-2.321603775024414062e+00,4.405978202819824219e+00,2.361097919405970302e-01,5.140000000000000000e+02,1.321107877516346785e-01
5.299958705902099609e+01,1.521332855224609375e+02,1.181507339477539062e+02,-2.355279684066772461e+00,4.388374328613281250e+00,2.319695807640866081e-01,5.170000000000000000e+02,1.690607286758555039e-01
5.324843382835388184e+01,1.515420989990234375e+02,1.192446899414062500e+02,-2.388865947723388672e+00,4.371180057525634766e+00,2.209750791226186284e-01,5.190000000000000000e+02,1.788746945102194508e-01
5.349624991416931152e+01,1.509404754638671875e+02,1.203380737304687500e+02,-2.421547889709472656e+00,4.356103897094726562e+00,2.046507853316542336e-01,5.220000000000000000e+02,2.071773015303518539e-01
5.374887490272521973e+01,1.503220977783203125e+02,1.214414978027343750e+02,-2.452510833740234375e+00,4.341073036193847656e+00,1.824843833168611207e-01,5.240000000000000000e+02,2.277628811250790863e-01
5.400137710571289062e+01,1.497048187255859375e+02,1.225260086059570312e+02,-2.479715585708618164e+00,4.326430797576904297e+00,1.571554189594192297e-01,5.270000000000000000e+02,2.110037351512071835e-01
5.425030875205993652e+01,1.490809631347656250e+02,1.236065750122070312e+02,-2.503458261489868164e+00,4.314456462860107422e+00,1.302415553614442723e-01,5.290000000000000000e+02,2.394718604084060676e-01
5.450298094749450684e+01,1.484534912109375000e+02,1.246807785034179688e+02,-2.523241519927978516e+00,4.305179119110107422e+00,1.032247861367422137e-01,5.320000000000000000e+02,2.013954788333123247e-01
5.475316095352172852e+01,1.478186340332031250e+02,1.257558212280273438e+02,-2.539527893066406250e+00,4.297796726226806641e+00,7.554043279020007662e-02,5.340000000000000000e+02,2.296868982585391072e-01
5.499752402305603027e+01,1.471821899414062500e+02,1.268252258300781250e+02,-2.551586866378784180e+00,4.291886806488037109e+00,4.897178880730788247e-02,5.370000000000000000e+02,1.716384453234040819e-01
5.525174188613891602e+01,1.465437927246093750e+02,1.278917770385742188e+02,-2.558994531631469727e+00,4.287306308746337891e+00,2.464400197815199561e-02,5.390000000000000000e+02,2.062491121432275809e-01
5.550164604187011719e+01,1.459026794433593750e+02,1.289586791992187500e+02,-2.562773942947387695e+00,4.286418914794921875e+00,3.633796535003959004e-03,5.420000000000000000e+02,1.353670939586810729e-01
5.575078392028808594e+01,1.452582550048828125e+02,1.300290222167968750e+02,-2.564115285873413086e+00,4.289569854736328125e+00,-1.412207140828413907e-02,5.440000000000000000e+02,1.890936861451206485e-01
5.600343084335327148e+01,1.446083831787109375e+02,1.311087493896484375e+02,-2.562141418457031250e+00,4.295181751251220703e+00,-2.782336644174719306e-02,5.470000000000000000e+02,8.443070314542315546e-02
5.625101804733276367e+01,1.439657135009765625e+02,1.321802673339843750e+02,-2.556564331054687500e+00,4.301547050476074219e+00,-3.639956071254708131e-02,5.490000000000000000e+02,1.980079417934353103e-01
5.649908494949340820e+01,1.433264923095703125e+02,1.332503662109375000e+02,-2.548982381820678711e+00,4.308114528656005859e+00,-4.138465637762952370e-02,5.520000000000000000e+02,5.348907107775290742e-02
5.675445103645324707e+01,1.426863861083984375e+02,1.343267059326171875e+02,-2.540385246276855469e+00,4.315019607543945312e+00,-4.350121400662790294e-02,5.540000000000000000e+02,2.078348978094733401e-01
5.699914813041687012e+01,1.420496520996093750e+02,1.354012908935546875e+02,-2.531174182891845703e+00,4.320932865142822266e+00,-4.399471175516456861e-02,5.570000000000000000e+02,3.672710601426659033e-02
5.725000500679016113e+01,1.414130249023437500e+02,1.364810638427734375e+02,-2.520398855209350586e+00,4.325062274932861328e+00,-4.192602216034878315e-02,5.590000000000000000e+02,2.264726680927850455e-01
5.749695587158203125e+01,1.407813110351562500e+02,1.375592193603515625e+02,-2.508867025375366211e+00,4.329150199890136719e+00,-3.652984069587466437e-02,5.620000000000000000e+02,3.749529422318963190e-02
5.774853396415710449e+01,1.401478576660156250e+02,1.386471862792968750e+02,-2.497572660446166992e+00,4.333237171173095703e+00,-2.869335454829806745e-02,5.640000000000000000e+02,2.514273718614749020e-01
5.799937009811401367e+01,1.395129547119140625e+02,1.397429962158203125e+02,-2.486958265304565430e+00,4.334895610809326172e+00,-2.057387590402270580e-02,5.670000000000000000e+02,4.765955090001608441e-02
5.825044775009155273e+01,1.388873291015625000e+02,1.408272705078125000e+02,-2.477021694183349609e+00,4.334488868713378906e+00,-1.229563768331868104e-02,5.700000000000000000e+02,2.194676128397145543e-01
5.849975490570068359e+01,1.382641448974609375e+02,1.419118041992187500e+02,-2.468469858169555664e+00,4.334022045135498047e+00,-3.509484559447103007e-03,5.720000000000000000e+02,5.710418401119031484e-02
5.875447511672973633e+01,1.376448669433593750e+02,1.429925689697265625e+02,-2.461782693862915039e+00,4.334353446960449219e+00,5.211420950619308559e-03,5.750000000000000000e+02,2.073620210600083114e-01
5.900359702110290527e+01,1.370218353271484375e+02,1.440818328857421875e+02,-2.458186626434326172e+00,4.336598873138427734e+00,1.296299251903029574e-02,5.770000000000000000e+02,6.469580602263770575e-02
5.925063300132751465e+01,1.364073638916015625e+02,1.451585083007812500e+02,-2.455110549926757812e+00,4.337415218353271484e+00,2.042714210549995135e-02,5.800000000000000000e+02,1.965586960754407975e-01
5.950056385993957520e+01,1.357930145263671875e+02,1.462364654541015625e+02,-2.452934503555297852e+00,4.337785720825195312e+00,2.746570829287174956e-02,5.820000000000000000e+02,5.528167419984094527e-02
5.975026202201843262e+01,1.351771697998046875e+02,1.473181915283203125e+02,-2.453027963638305664e+00,4.340395927429199219e+00,3.410551977444625099e-02,5.850000000000000000e+02,1.949690792201482781e-01
6.000071096420288086e+01,1.345528564453125000e+02,1.484163360595703125e+02,-2.454561233520507812e+00,4.343616008758544922e+00,4.047993219196266423e-02,5.870000000000000000e+02,7.467596775967232092e-02
6.025143980979919434e+01,1.339357910156250000e+02,1.495015258789062500e+02,-2.456944227218627930e+00,4.345376491546630859e+00,4.524650101053898088e-02,5.900000000000000000e+02,1.682445345566039308e-01
6.050225591659545898e+01,1.333177795410156250e+02,1.505885620117187500e+02,-2.459897518157958984e+00,4.346449851989746094e+00,4.926162623058739920e-02,5.920000000000000000e+02,8.881077126304678937e-02
6.075301003456115723e+01,1.327009429931640625e+02,1.516720733642578125e+02,-2.463106393814086914e+00,4.345530986785888672e+00,5.148345021546604089e-02,5.950000000000000000e+02,1.572216684755565475e-01
6.100213503837585449e+01,1.320802764892578125e+02,1.527591400146484375e+02,-2.467401981353759766e+00,4.343836307525634766e+00,5.117966353548313030e-02,5.970000000000000000e+02,1.041857569146389939e-01
6.124807190895080566e+01,1.314604339599609375e+02,1.538420104980468750e+02,-2.470967531204223633e+00,4.340532302856445312e+00,4.962308775635081853e-02,6.000000000000000000e+02,1.445198696281443373e-01
6.150208497047424316e+01,1.308395385742187500e+02,1.549240570068359375e+02,-2.473521471023559570e+00,4.336601734161376953e+00,4.759526438806521015e-02,6.020000000000000000e+02,1.156501361287884111e-01
6.175062799453735352e+01,1.302154388427734375e+02,1.560104827880859375e+02,-2.476106643676757812e+00,4.334198474884033203e+00,4.585222553090108344e-02,6.050000000000000000e+02,1.306850192214647766e-01
6.199712491035461426e+01,1.295889434814453125e+02,1.570997619628906250e+02,-2.477800607681274414e+00,4.331117153167724609e+00,3.363775039887519025e+00,6.070000000000000000e+02,1.401627940021091256e-01
6.224978685379028320e+01,1.289573211669921875e+02,1.581938781738281250e+02,-2.502322912216186523e+00,4.304993152618408203e+00,3.315252993075222143e+00,6.100000000000000000e+02,9.774449546455468707e-02
6.250189399719238281e+01,1.283060302734375000e+02,1.592528076171875000e+02,-2.712957859039306641e+00,4.113751888275146484e+00,2.941692057674984984e+00,6.120000000000000000e+02,1.568433954827920251e-01
6.275144696235656738e+01,1.275735092163085938e+02,1.602341461181640625e+02,-3.150213003158569336e+00,3.737476110458374023e+00,2.882350512557175115e+00,6.150000000000000000e+02,1.257131552129012175e-01
6.300181984901428223e+01,1.267352905273437500e+02,1.611291961669921875e+02,-3.547242879867553711e+00,3.397563695907592773e+00,2.998234228424164538e+00,6.170000000000000000e+02,2.261920903790166082e-01
6.325276279449462891e+01,1.258160018920898438e+02,1.619399261474609375e+02,-3.866943836212158203e+00,3.053817510604858398e+00,3.548812592916767539e+00,6.200000000000000000e+02,8.101011033702999742e-02
6.350209784507751465e+01,1.248172988891601562e+02,1.626567840576171875e+02,-4.155233383178710938e+00,2.631497621536254883e+00,3.761956743311043461e+00,6.220000000000000000e+02,2.307228269215880201e-01
6.375384974479675293e+01,1.237520141601562500e+02,1.632524871826171875e+02,-4.414587974548339844e+00,2.106570482254028320e+00,4.254811710448919371e+00,6.250000000000000000e+02,2.577185158875699433e-01
6.399954295158386230e+01,1.226212768554687500e+02,1.637118530273437500e+02,-4.619460582733154297e+00,1.522462606430053711e+00,1.254435739834794505e+00,6.270000000000000000e+02,4.778809907108220734e-01
6.425406002998352051e+01,1.214456787109375000e+02,1.640253143310546875e+02,-4.756103038787841797e+00,9.369739294052124023e-01,1.478071952725070082e+00,6.290000000000000000e+02,7.529402366522605083e-01
6.450125694274902344e+01,1.202505264282226562e+02,1.642151184082031250e+02,-4.865303039550781250e+00,5.752435326576232910e-01,1.985823899069067311e+00,6.320000000000000000e+02,1.045274819123618748e+00
6.475236678123474121e+01,1.190336685180664062e+02,1.643394622802734375e+02,-4.924084663391113281e+00,3.821298182010650635e-01,2.008482724628245286e+00,6.340000000000000000e+02,1.305283657310989165e+00
6.500832295417785645e+01,1.178095703125000000e+02,1.643979492187500000e+02,-4.947952747344970703e+00,7.312593609094619751e-02,1.857213681526223015e+00,6.360000000000000000e+02,1.536365584187333155e+00
6.525123500823974609e+01,1.165709686279296875e+02,1.643693847656250000e+02,-4.955960750579833984e+00,-2.726824581623077393e-01,1.609922481843192754e+00,6.390000000000000000e+02,1.656335450298184853e+00
6.549932694435119629e+01,1.153388748168945312e+02,1.642613830566406250e+02,-4.953586101531982422e+00,-5.672340989112854004e-01,1.360009674350180386e+00,6.410000000000000000e+02,1.720516865546202423e+00
6.575276994705200195e+01,1.141050491333007812e+02,1.640855407714843750e+02,-4.937561035156250000e+00,-8.232603073120117188e-01,1.099579099627290057e+00,6.440000000000000000e+02,1.695854727037262366e+00
6.599986696243286133e+01,1.128722381591796875e+02,1.638507995605468750e+02,-4.915277957916259766e+00,-1.038474798202514648e+00,8.367222917117763670e-01,6.460000000000000000e+02,1.638550123616360432e+00
6.625094604492187500e+01,1.116284408569335938e+02,1.635629425048828125e+02,-4.891730308532714844e+00,-1.214299082756042480e+00,5.743691439311920943e-01,6.490000000000000000e+02,1.499837847987683492e+00
6.650561594963073730e+01,1.104063720703125000e+02,1.632398376464843750e+02,-4.870390892028808594e+00,-1.345951557159423828e+00,3.256494211948562922e-01,6.520000000000000000e+02,1.356661050849909289e+00
6.675691914558410645e+01,1.091885986328125000e+02,1.628886871337890625e+02,-4.854794025421142578e+00,-1.435788631439208984e+00,9.495861057851984199e-02,6.540000000000000000e+02,1.149870932144522850e+00
6.700291681289672852e+01,1.079776458740234375e+02,1.625192413330078125e+02,-4.845419883728027344e+00,-1.487392425537109375e+00,-1.146311896913227296e-01,6.570000000000000000e+02,9.599801533254959107e-01
6.725018286705017090e+01,1.067632293701171875e+02,1.621394195556640625e+02,-4.844000816345214844e+00,-1.503453373908996582e+00,-2.981446198274561032e-01,6.590000000000000000e+02,7.255980920282447677e-01
6.750246286392211914e+01,1.055522918701171875e+02,1.617608947753906250e+02,-4.847545623779296875e+00,-1.486775517463684082e+00,-4.501233500758697326e-01,6.620000000000000000e+02,5.301243849087061699e-01
6.775426506996154785e+01,1.043381195068359375e+02,1.613890838623046875e+02,-4.854799270629882812e+00,-1.443488597869873047e+00,-5.708938428888817862e-01,6.640000000000000000e+02,3.104638105285866256e-01
6.799974799156188965e+01,1.031160202026367188e+02,1.610287017822265625e+02,-4.865748882293701172e+00,-1.378227949142456055e+00,-6.599683805434131134e-01,6.670000000000000000e+02,1.581859454573975865e-01
6.824985098838806152e+01,1.018868103027343750e+02,1.606858978271484375e+02,-4.877651214599609375e+00,-1.294377923011779785e+00,-7.157676023357281148e-01,6.690000000000000000e+02,1.701482924626790127e-01
6.850137400627136230e+01,1.006458129882812500e+02,1.603643341064453125e+02,-4.889364719390869141e+00,-1.196222305297851562e+00,-7.389975281942214869e-01,6.720000000000000000e+02,2.495006849687377293e-01
6.875550580024719238e+01,9.941451263427734375e+01,1.600721893310546875e+02,-4.899900436401367188e+00,-1.090788364410400391e+00,-7.326324523228755492e-01,6.740000000000000000e+02,4.235277047784533622e-01
6.900475597381591797e+01,9.818434906005859375e+01,1.598075256347656250e+02,-4.910506725311279297e+00,-9.844422936439514160e-01,-7.038638006023888449e-01,6.770000000000000000e+02,4.732796930245020683e-01
6.925076794624328613e+01,9.694792938232421875e+01,1.595686950683593750e+02,-4.920876979827880859e+00,-8.800531625747680664e-01,-6.564678831289889605e-01,6.790000000000000000e+02,5.996553201691514623e-01
6.949846506118774414e+01,9.571344757080078125e+01,1.593564605712890625e+02,-4.929642200469970703e+00,-7.801270484924316406e-01,-5.935492273081681702e-01,6.820000000000000000e+02,5.981144673454636962e-01
6.975239992141723633e+01,9.447698211669921875e+01,1.591687927246093750e+02,-4.934897899627685547e+00,-6.872624754905700684e-01,-5.191061231914245733e-01,6.850000000000000000e+02,6.621157970421961414e-01
7.000145792961120605e+01,9.324498748779296875e+01,1.590039825439453125e+02,-4.941837787628173828e+00,-6.054126620292663574e-01,-4.389359305877151840e-01,6.870000000000000000e+02,6.266982130202717327e-01
7.024840712547302246e+01,9.200225067138671875e+01,1.588578338623046875e+02,-4.951808929443359375e+00,-5.342663526535034180e-01,-3.543204519624024718e-01,6.900000000000000000e+02,6.422283882167024727e-01
7.050579309463500977e+01,9.074898529052734375e+01,1.587279968261718750e+02,-4.961097240447998047e+00,-4.754960834980010986e-01,-2.687499287566703643e-01,6.920000000000000000e+02,5.783606452620169147e-01
7.075297689437866211e+01,8.950593566894531250e+01,1.586134033203125000e+02,-4.968254566192626953e+00,-4.287358522415161133e-01,-1.846716860081593636e-01,6.950000000000000000e+02,5.532693923871824238e-01
7.100261783599853516e+01,8.826107788085937500e+01,1.585092315673828125e+02,-4.973414897918701172e+00,-3.935228586196899414e-01,-1.040044082431183792e-01,6.970000000000000000e+02,4.755596846049293669e-01
7.125404906272888184e+01,8.701881408691406250e+01,1.584130249023437500e+02,-4.978009700775146484e+00,-3.722020387649536133e-01,-3.126795606526133059e-02,7.000000000000000000e+02,4.290446688212518622e-01
7.150380277633666992e+01,8.576678466796875000e+01,1.583197021484375000e+02,-4.982696056365966797e+00,-3.632416725158691406e-01,3.251883916958438203e-02,7.020000000000000000e+02,3.487651834289768882e-01
7.175392317771911621e+01,8.452517700195312500e+01,1.582279663085937500e+02,-4.984234333038330078e+00,-3.647057116031646729e-01,8.599505259383137534e-02,7.050000000000000000e+02,2.903864043147728058e-01
7.200048494338989258e+01,8.327770233154296875e+01,1.581344757080078125e+02,-4.982975006103515625e+00,-3.746077120304107666e-01,1.301497355725250438e-01,7.070000000000000000e+02,2.299447998730468623e-01
7.225409984588623047e+01,8.202593231201171875e+01,1.580376129150390625e+02,-4.980370044708251953e+00,-3.911529183387756348e-01,1.654330441122379147e-01,7.100000000000000000e+02,1.591024927442597214e-01
7.250694298744201660e+01,8.075902557373046875e+01,1.579349670410156250e+02,-4.974680423736572266e+00,-4.133423268795013428e-01,1.918221674297164447e-01,7.120000000000000000e+02,1.886551865413362561e-01
7.275194811820983887e+01,7.951033020019531250e+01,1.578268737792968750e+02,-4.967747688293457031e+00,-4.403601884841918945e-01,2.071703513684571285e-01,7.150000000000000000e+02,5.338794162218388206e-02
7.300141787528991699e+01,7.826324462890625000e+01,1.577104644775390625e+02,-4.961115360260009766e+00,-4.714163541793823242e-01,2.119320003377722639e-01,7.170000000000000000e+02,2.131957718919099964e-01
7.325542402267456055e+01,7.702317810058593750e+01,1.575865631103515625e+02,-4.954408645629882812e+00,-5.030283927917480469e-01,2.096208230399880801e-01,7.200000000000000000e+02,8.670520611860774163e-02
7.350459504127502441e+01,7.578112030029296875e+01,1.574546203613281250e+02,-4.949719905853271484e+00,-5.333670973777770996e-01,2.028593857746521234e-01,7.220000000000000000e+02,2.553665666062160389e-01
7.375403809547424316e+01,7.454498291015625000e+01,1.573156890869140625e+02,-4.945673942565917969e+00,-5.627504587173461914e-01,1.911708241531583641e-01,7.250000000000000000e+02,1.360908364314347141e-01
7.400385594367980957e+01,7.330983734130859375e+01,1.571682434082031250e+02,-4.942113399505615234e+00,-5.913866758346557617e-01,1.736633661055452527e-01,7.270000000000000000e+02,2.857181778351039481e-01
7.425276398658752441e+01,7.207140350341796875e+01,1.570136566162109375e+02,-4.940545558929443359e+00,-6.167969107627868652e-01,1.545111110061093973e-01,7.300000000000000000e+02,1.584691917086049340e-01
7.450015997886657715e+01,7.082981872558593750e+01,1.568530273437500000e+02,-4.939054965972900391e+00,-6.386799216270446777e-01,1.345450591617643465e-01,7.330000000000000000e+02,2.770959179457986865e-01
7.475707602500915527e+01,6.958092498779296875e+01,1.566855316162109375e+02,-4.937247753143310547e+00,-6.574217081069946289e-01,1.131047199080644633e-01,7.350000000000000000e+02,1.636295446470628356e-01
7.500477385520935059e+01,6.834539031982421875e+01,1.565148773193359375e+02,-4.935680389404296875e+00,-6.728316545486450195e-01,9.122338953302093489e-02,7.380000000000000000e+02,2.432670440497730069e-01
7.525228691101074219e+01,6.711484527587890625e+01,1.563408813476562500e+02,-4.935679435729980469e+00,-6.856696605682373047e-01,6.905169017612100557e-02,7.400000000000000000e+02,1.498004899037313487e-01
7.550131893157958984e+01,6.588056945800781250e+01,1.561633911132812500e+02,-4.937488079071044922e+00,-6.948261260986328125e-01,4.847438970513390927e-02,7.430000000000000000e+02,2.143274844489327924e-01
7.575193405151367188e+01,6.464990234375000000e+01,1.559844360351562500e+02,-4.939929485321044922e+00,-6.989112496376037598e-01,3.149911755171818512e-02,7.450000000000000000e+02,1.300606900782763364e-01
7.600209593772888184e+01,6.341466903686523438e+01,1.558040618896484375e+02,-4.941544532775878906e+00,-6.991949081420898438e-01,1.751889923974968288e-02,7.480000000000000000e+02,1.806962163950373845e-01
7.625072002410888672e+01,6.218646240234375000e+01,1.556248474121093750e+02,-4.942330360412597656e+00,-6.967428326606750488e-01,6.301637595707671249e-03,7.500000000000000000e+02,1.156014067566391995e-01
7.650361490249633789e+01,6.095006179809570312e+01,1.554454193115234375e+02,-4.945581436157226562e+00,-6.922234892845153809e-01,-1.867006280103754691e-03,7.530000000000000000e+02,1.513541590173591578e-01
7.675674796104431152e+01,5.970319366455078125e+01,1.552657470703125000e+02,-4.950397968292236328e+00,-6.860548257827758789e-01,-7.332099508156263504e-03,7.550000000000000000e+02,1.329548319203668894e-01
7.700615906715393066e+01,5.846639633178710938e+01,1.550888824462890625e+02,-4.954569339752197266e+00,-6.787413358688354492e-01,-1.062334602957876184e-02,7.580000000000000000e+02,1.092941309988900433e-01
7.725374197959899902e+01,5.723225402832031250e+01,1.549151458740234375e+02,-4.957695960998535156e+00,-6.704537868499755859e-01,-1.095607228848149116e-02,7.600000000000000000e+02,1.499995531560291695e-01
7.750107288360595703e+01,5.599307632446289062e+01,1.547427520751953125e+02,-4.959785938262939453e+00,-6.620374321937561035e-01,-9.756426311811129334e-03,7.630000000000000000e+02,8.360170207036245194e-02
7.775565481185913086e+01,5.474923706054687500e+01,1.545710906982421875e+02,-4.961254119873046875e+00,-6.542980074882507324e-01,-8.273194351192187518e-03,7.650000000000000000e+02,1.826107630509946345e-01
7.800415110588073730e+01,5.351676177978515625e+01,1.544032592773437500e+02,-4.961095809936523438e+00,-6.465478539466857910e-01,-5.184989414123236662e-03,7.680000000000000000e+02,5.950161146114465310e-02
7.825343012809753418e+01,5.227908706665039062e+01,1.542363586425781250e+02,-4.960161685943603516e+00,-6.389805078506469727e-01,-1.129976253147227123e-03,7.700000000000000000e+02,2.020744784812424921e-01
7.850151920318603516e+01,5.103644561767578125e+01,1.540703277587890625e+02,-4.959988594055175781e+00,-6.318045258522033691e-01,3.809772339176120248e-03,7.730000000000000000e+02,3.564539346586704377e-02
7.875392580032348633e+01,4.977758789062500000e+01,1.539045410156250000e+02,-4.958181381225585938e+00,-6.239893436431884766e-01,1.100744869718754855e-02,7.760000000000000000e+02,2.447779113630119963e-01
7.900630712509155273e+01,4.853527832031250000e+01,1.537435150146484375e+02,-4.955604553222656250e+00,-6.168970465660095215e-01,1.938318817114768541e-02,7.780000000000000000e+02,2.673553035478098971e-02
7.925143194198608398e+01,4.729344558715820312e+01,1.535842742919921875e+02,-4.953103542327880859e+00,-6.113685369491577148e-01,2.754128558002626528e-02,7.810000000000000000e+02,2.135665392388816086e-01
7.950295305252075195e+01,4.605675888061523438e+01,1.534263305664062500e+02,-4.950809001922607422e+00,-6.076250672340393066e-01,3.442965038115427395e-02,7.830000000000000000e+02,4.528946196834207627e-02
7.975669097900390625e+01,4.481158828735351562e+01,1.532676239013671875e+02,-4.949970722198486328e+00,-6.053667068481445312e-01,4.030030549077823210e-02,7.860000000000000000e+02,1.850350917892500113e-01
8.000143098831176758e+01,4.357895278930664062e+01,1.531112518310546875e+02,-4.948525905609130859e+00,-6.039334535598754883e-01,4.580120570062427149e-02,7.880000000000000000e+02,6.800450455819222195e-02
8.025110387802124023e+01,4.234486770629882812e+01,1.529550323486328125e+02,-4.945662021636962891e+00,-6.032145023345947266e-01,5.066869962082486828e-02,7.910000000000000000e+02,1.724907876596365464e-01
8.050077486038208008e+01,4.110984420776367188e+01,1.527989501953125000e+02,-4.944282054901123047e+00,-6.036678552627563477e-01,5.476492494502731290e-02,7.930000000000000000e+02,8.377271189294077658e-02
8.075360417366027832e+01,3.987101745605468750e+01,1.526425323486328125e+02,-4.945657253265380859e+00,-6.049296855926513672e-01,5.854981054046974609e-02,7.960000000000000000e+02,1.538564638594064893e-01
8.100732803344726562e+01,3.862265014648437500e+01,1.524837493896484375e+02,-4.948185443878173828e+00,-6.072421073913574219e-01,6.059610383142806367e-02,7.980000000000000000e+02,1.184571612366416976e-01
8.125555777549743652e+01,3.738547897338867188e+01,1.523262176513671875e+02,-4.951104164123535156e+00,-6.100458502769470215e-01,6.204366243925504149e-02,8.010000000000000000e+02,1.243421962205940312e-01
8.150309896469116211e+01,3.615148544311523438e+01,1.521684417724609375e+02,-4.953725814819335938e+00,-6.132038235664367676e-01,6.259567616944342050e-02,8.030000000000000000e+02,1.373849909163064320e-01
8.176223111152648926e+01,3.491173553466796875e+01,1.520092315673828125e+02,-4.956521987915039062e+00,-6.166288256645202637e-01,6.238843184609330766e-02,8.060000000000000000e+02,1.072818759405271827e-01
8.200117993354797363e+01,3.367494201660156250e+01,1.518498687744140625e+02,-4.957881927490234375e+00,-6.197941899299621582e-01,6.182926379447845761e-02,8.080000000000000000e+02,1.614038100900727357e-01
8.225201988220214844e+01,3.243735122680664062e+01,1.516903533935546875e+02,-4.957104682922363281e+00,-6.226778626441955566e-01,6.122158834389528764e-02,8.110000000000000000e+02,9.052001526923295072e-02
8.250458812713623047e+01,3.119521713256835938e+01,1.515292205810546875e+02,-4.956110477447509766e+00,-6.261317133903503418e-01,5.923263978444225086e-02,8.130000000000000000e+02,1.883519372309774009e-01
8.275352978706359863e+01,2.994923591613769531e+01,1.513659667968750000e+02,-4.954298496246337891e+00,-6.295440196990966797e-01,3.381447729184849482e+00,8.160000000000000000e+02,6.328974559802294508e-02
8.300462388992309570e+01,2.869553375244140625e+01,1.511991119384765625e+02,-4.940732955932617188e+00,-6.614223122596740723e-01,3.333933334661083325e+00,8.180000000000000000e+02,2.344879924336907284e-01
8.325237512588500977e+01,2.746651840209960938e+01,1.510015869140625000e+02,-4.845514774322509766e+00,-9.257822036743164062e-01,3.321281736689108310e+00,8.210000000000000000e+02,4.786537374211261714e-02
8.350235486030578613e+01,2.627825736999511719e+01,1.506997222900390625e+02,-4.656031608581542969e+00,-1.487276792526245117e+00,3.383910662384891133e+00,8.230000000000000000e+02,1.383460725801958502e-01
8.375766801834106445e+01,2.513572311401367188e+01,1.502558746337890625e+02,-4.451547145843505859e+00,-2.050125598907470703e+00,6.922058716449553950e-01,8.260000000000000000e+02,2.841207797675957547e-01
8.400446200370788574e+01,2.404395103454589844e+01,1.496875915527343750e+02,-4.236751079559326172e+00,-2.504382848739624023e+00,9.474600902695459181e-01,8.280000000000000000e+02,2.879235391220652529e-01
8.425454688072204590e+01,2.300413703918457031e+01,1.490412597656250000e+02,-4.135255813598632812e+00,-2.719935178756713867e+00,1.543734621752186342e+00,8.300000000000000000e+02,5.439902966778047411e-01
8.450398802757263184e+01,2.197850990295410156e+01,1.483543090820312500e+02,-4.074675083160400391e+00,-2.825674533843994141e+00,2.355078413152367656e+00,8.330000000000000000e+02,9.337122043396509641e-01
8.475245499610900879e+01,2.097450637817382812e+01,1.476206512451171875e+02,-3.908447742462158203e+00,-3.034492492675781250e+00,2.363494103303527716e+00,8.350000000000000000e+02,1.283896898880948045e+00
8.500481200218200684e+01,2.002253150939941406e+01,1.468135070800781250e+02,-3.627752304077148438e+00,-3.342012882232666016e+00,2.150197223635278654e+00,8.370000000000000000e+02,1.587666054248681791e+00
8.525802707672119141e+01,1.915247726440429688e+01,1.459439239501953125e+02,-3.348444938659667969e+00,-3.621277093887329102e+00,1.887929885571618449e+00,8.400000000000000000e+02,1.774518644445473692e+00
8.550330495834350586e+01,1.834876251220703125e+01,1.450125885009765625e+02,-3.095106363296508789e+00,-3.852488517761230469e+00,1.618137802392132896e+00,8.420000000000000000e+02,1.878589519451367540e+00
8.575467801094055176e+01,1.760921669006347656e+01,1.440309906005859375e+02,-2.861699819564819336e+00,-4.046488285064697266e+00,1.333594414274406059e+00,8.450000000000000000e+02,1.900148782490191479e+00
8.600551390647888184e+01,1.691996574401855469e+01,1.429970245361328125e+02,-2.656916618347167969e+00,-4.205457687377929688e+00,1.045389254074998719e+00,8.470000000000000000e+02,1.849135175080743654e+00
8.625638294219970703e+01,1.628299713134765625e+01,1.419344482421875000e+02,-2.489906072616577148e+00,-4.328513145446777344e+00,7.672246643587495862e-01,8.500000000000000000e+02,1.741672554611379820e+00
8.650301909446716309e+01,1.568091201782226562e+01,1.408403625488281250e+02,-2.359135866165161133e+00,-4.418644428253173828e+00,5.017839347857276922e-01,8.520000000000000000e+02,1.583924075239992790e+00
8.675579118728637695e+01,1.510535240173339844e+01,1.397241668701171875e+02,-2.265541791915893555e+00,-4.479788780212402344e+00,2.548778081651384420e-01,8.550000000000000000e+02,1.396747075551784789e+00
8.700789403915405273e+01,1.454259395599365234e+01,1.385805816650390625e+02,-2.208311796188354492e+00,-4.518005847930908203e+00,2.780952503141212798e-02,8.570000000000000000e+02,1.179418168766879216e+00
8.725792407989501953e+01,1.399767684936523438e+01,1.374440765380859375e+02,-2.185174465179443359e+00,-4.535039901733398438e+00,-1.706502474118634927e-01,8.600000000000000000e+02,9.539907574861993256e-01
8.750740885734558105e+01,1.345534706115722656e+01,1.363038177490234375e+02,-2.190804481506347656e+00,-4.535260677337646484e+00,-3.422212579741686356e-01,8.620000000000000000e+02,7.248197945048363566e-01
8.775407791137695312e+01,1.291008949279785156e+01,1.351679534912109375e+02,-2.222394943237304688e+00,-4.521301269531250000e+00,-4.827489897934338914e-01,8.650000000000000000e+02,5.038383934390964214e-01
8.800698280334472656e+01,1.235222053527832031e+01,1.340329132080078125e+02,-2.275181531906127930e+00,-4.493347644805908203e+00,-5.909990371356808048e-01,8.670000000000000000e+02,3.002009464549633688e-01
8.825240397453308105e+01,1.178059673309326172e+01,1.329091644287109375e+02,-2.342624902725219727e+00,-4.454349994659423828e+00,-6.676243265855758002e-01,8.700000000000000000e+02,1.381063011891593417e-01
8.853003001213073730e+01,1.118943309783935547e+01,1.317957153320312500e+02,-2.421060800552368164e+00,-4.404510021209716797e+00,-7.118453944227344232e-01,8.720000000000000000e+02,1.725345642181053685e-01
8.875447201728820801e+01,1.057469177246093750e+01,1.306904144287109375e+02,-2.502661705017089844e+00,-4.349406719207763672e+00,-7.313979532820795715e-01,8.750000000000000000e+02,2.716534249047460881e-01
8.900171995162963867e+01,9.936117172241210938e+00,1.295946655273437500e+02,-2.589317321777343750e+00,-4.288077831268310547e+00,-7.233021292305794603e-01,8.770000000000000000e+02,4.201030407461479044e-01
8.925772380828857422e+01,9.270641326904296875e+00,1.285079193115234375e+02,-2.677788734436035156e+00,-4.220314979553222656e+00,-6.883999115133437874e-01,8.800000000000000000e+02,4.844928714642497414e-01
8.950384402275085449e+01,8.589664459228515625e+00,1.274491500854492188e+02,-2.760876893997192383e+00,-4.152969837188720703e+00,-6.354054333516686581e-01,8.820000000000000000e+02,5.960098329910291648e-01
8.975467014312744141e+01,7.890072345733642578e+00,1.264100112915039062e+02,-2.839662075042724609e+00,-4.089373111724853516e+00,-5.677589427770410868e-01,8.850000000000000000e+02,5.989226415828977634e-01
9.000487804412841797e+01,7.168506622314453125e+00,1.253832702636718750e+02,-2.911603689193725586e+00,-4.030643939971923828e+00,-4.894817159050206534e-01,8.870000000000000000e+02,6.652074310051617756e-01
9.025628900527954102e+01,6.427652835845947266e+00,1.243685607910156250e+02,-2.974656343460083008e+00,-3.977978944778442383e+00,-4.047864531631201745e-01,8.900000000000000000e+02,6.155986326690063848e-01
9.050317788124084473e+01,5.680434226989746094e+00,1.233776168823242188e+02,-3.027124404907226562e+00,-3.932467222213745117e+00,-3.183550457904039122e-01,8.930000000000000000e+02,6.384962711101030974e-01
9.075657200813293457e+01,4.921092510223388672e+00,1.223973159790039062e+02,-3.070281028747558594e+00,-3.894307851791381836e+00,-2.316236041825545378e-01,8.950000000000000000e+02,5.553988425142282193e-01
9.100407695770263672e+01,4.147960662841796875e+00,1.214188842773437500e+02,-3.105730533599853516e+00,-3.867992162704467773e+00,-1.491190854479839401e-01,8.980000000000000000e+02,5.556342818026430708e-01
9.125370097160339355e+01,3.361888170242309570e+00,1.204394607543945312e+02,-3.133606672286987305e+00,-3.851458311080932617e+00,-7.104056707336973975e-02,9.000000000000000000e+02,4.456414417472640555e-01
9.150770902633666992e+01,2.577336072921752930e+00,1.194735717773437500e+02,-3.152929306030273438e+00,-3.843075990676879883e+00,6.083427733220823658e-04,9.030000000000000000e+02,4.353812001845615010e-01
9.175874996185302734e+01,1.788043856620788574e+00,1.185090637207031250e+02,-3.164464235305786133e+00,-3.841632604598999023e+00,6.564655677570198355e-02,9.050000000000000000e+02,3.080020574997083260e-01
9.200572490692138672e+01,9.993498921394348145e-01,1.175470809936523438e+02,-3.166584730148315430e+00,-3.847384691238403320e+00,1.198411629903745057e-01,9.080000000000000000e+02,3.154604231324663055e-01
9.225898194313049316e+01,2.049514800310134888e-01,1.165766448974609375e+02,-3.160255432128906250e+00,-3.858102798461914062e+00,1.642344031756609590e-01,9.100000000000000000e+02,1.678422838886520774e-01
9.250560212135314941e+01,-5.793954730033874512e-01,1.156123962402343750e+02,-3.146385431289672852e+00,-3.871413707733154297e+00,1.976917831043403240e-01,9.130000000000000000e+02,2.214002798733396560e-01
9.275368976593017578e+01,-1.362736582756042480e+00,1.146407546997070312e+02,-3.126583576202392578e+00,-3.887030363082885742e+00,2.210546162495423683e-01,9.150000000000000000e+02,6.128759927452297196e-02
9.300686693191528320e+01,-2.143246650695800781e+00,1.136599807739257812e+02,-3.102857351303100586e+00,-3.906150817871093750e+00,2.332454490323896401e-01,9.180000000000000000e+02,1.853176938969104404e-01
9.325508689880371094e+01,-2.927784681320190430e+00,1.126614532470703125e+02,-3.076691389083862305e+00,-3.926406383514404297e+00,2.372264684353665720e-01,9.200000000000000000e+02,1.173320347144756887e-01
9.350609898567199707e+01,-3.694927215576171875e+00,1.116711502075195312e+02,-3.048949241638183594e+00,-3.945494890213012695e+00,2.334176941062567345e-01,9.230000000000000000e+02,1.818783424939322824e-01
9.375926184654235840e+01,-4.454680919647216797e+00,1.106761856079101562e+02,-3.020532846450805664e+00,-3.962491989135742188e+00,2.234719817434933642e-01,9.250000000000000000e+02,1.812289151340746307e-01
9.400418305397033691e+01,-5.204457759857177734e+00,1.096802139282226562e+02,-2.993573188781738281e+00,-3.978674173355102539e+00,2.084548954479588101e-01,9.280000000000000000e+02,2.062320987411121187e-01
9.425930690765380859e+01,-5.949889659881591797e+00,1.086773605346679688e+02,-2.968759775161743164e+00,-3.994907140731811523e+00,1.893183415736634512e-01,9.300000000000000000e+02,2.174802313049770397e-01
9.450319600105285645e+01,-6.686837196350097656e+00,1.076745529174804688e+02,-2.946542739868164062e+00,-4.009909152984619141e+00,1.677340058806328915e-01,9.330000000000000000e+02,2.157624819599006094e-01
9.475688910484313965e+01,-7.418102264404296875e+00,1.066676483154296875e+02,-2.926635742187500000e+00,-4.023225307464599609e+00,1.435973646065950848e-01,9.350000000000000000e+02,2.270297722950030128e-01
9.500250792503356934e+01,-8.147044181823730469e+00,1.056535873413085938e+02,-2.910579919815063477e+00,-4.035025596618652344e+00,1.187956915649499567e-01,9.380000000000000000e+02,2.041140506222632600e-01
9.525709390640258789e+01,-8.874508857727050781e+00,1.046337585449218750e+02,-2.898318052291870117e+00,-4.044617652893066406e+00,9.482826668547446325e-02,9.400000000000000000e+02,2.266314325471875668e-01
9.550722408294677734e+01,-9.603211402893066406e+00,1.036057052612304688e+02,-2.889005422592163086e+00,-4.052067756652832031e+00,7.153843529176708016e-02,9.430000000000000000e+02,1.668015414441554323e-01
9.575865697860717773e+01,-1.032221698760986328e+01,1.025866165161132812e+02,-2.882988452911376953e+00,-4.057843208312988281e+00,4.991307105694976765e-02,9.450000000000000000e+02,2.245206470286573719e-01
9.600392699241638184e+01,-1.103716945648193359e+01,1.015696105957031250e+02,-2.880712509155273438e+00,-4.061624050140380859e+00,3.089685484880009408e-02,9.480000000000000000e+02,1.304403465817121632e-01
9.625688600540161133e+01,-1.175407218933105469e+01,1.005483322143554688e+02,-2.882070302963256836e+00,-4.064308643341064453e+00,1.474615495659125329e-02,9.500000000000000000e+02,2.116345789253994414e-01
9.650423502922058105e+01,-1.247431278228759766e+01,9.952363586425781250e+01,-2.886349201202392578e+00,-4.065098285675048828e+00,2.589292409404546271e-03,9.530000000000000000e+02,8.682286858507638760e-02
9.675261688232421875e+01,-1.318662834167480469e+01,9.851252746582031250e+01,-2.890797138214111328e+00,-4.061680316925048828e+00,-5.784726302887438672e-03,9.550000000000000000e+02,2.050903045263682556e-01
9.700450587272644043e+01,-1.390123653411865234e+01,9.749942016601562500e+01,-2.896512269973754883e+00,-4.057509422302246094e+00,-1.216299615849838860e-02,9.580000000000000000e+02,6.424559349666872365e-02
9.725659298896789551e+01,-1.462272739410400391e+01,9.648000335693359375e+01,-2.905293226242065430e+00,-4.054730892181396484e+00,-1.542738112218474886e-02,9.600000000000000000e+02,2.055088188245417502e-01
9.751069688796997070e+01,-1.535293579101562500e+01,9.545307922363281250e+01,-2.916536092758178711e+00,-4.053969383239746094e+00,-1.584547774135704190e-02,9.630000000000000000e+02,2.652077519982462897e-02
9.775748205184936523e+01,-1.607904624938964844e+01,9.443535614013671875e+01,-2.926913261413574219e+00,-4.054043769836425781e+00,-1.585144126373022599e-02,9.650000000000000000e+02,2.327555995981098191e-01
9.800757288932800293e+01,-1.680737876892089844e+01,9.341638183593750000e+01,-2.935499906539916992e+00,-4.051622867584228516e+00,-1.502743368590884511e-02,9.680000000000000000e+02,1.150215404873553698e-02
9.825768303871154785e+01,-1.753589630126953125e+01,9.240193939208984375e+01,-2.943168163299560547e+00,-4.045213222503662109e+00,-1.040982947263031574e-02,9.710000000000000000e+02,2.445294604956769757e-01
9.850537180900573730e+01,-1.827146911621093750e+01,9.138227081298828125e+01,-2.949440717697143555e+00,-4.037119388580322266e+00,-3.871510343422917590e-03,9.730000000000000000e+02,3.021814282506649074e-02
9.875793409347534180e+01,-1.900149154663085938e+01,9.037411499023437500e+01,-2.954802513122558594e+00,-4.029102802276611328e+00,3.659636195469584928e-03,9.760000000000000000e+02,2.248495755318370981e-01
9.900458502769470215e+01,-1.973590660095214844e+01,8.936324310302734375e+01,-2.959386110305786133e+00,-4.022217750549316406e+00,1.141665681799063081e-02,9.780000000000000000e+02,4.098529436083782340e-02
9.925223088264465332e+01,-2.047443771362304688e+01,8.835058593750000000e+01,-2.963566064834594727e+00,-4.016599178314208984e+00,1.987061076869935453e-02,9.810000000000000000e+02,2.035685881456086865e-01
9.951102113723754883e+01,-2.122390747070312500e+01,8.732592773437500000e+01,-2.966335773468017578e+00,-4.010944366455078125e+00,2.859955999316330169e-02,9.830000000000000000e+02,7.647098557112780304e-02
9.975989985466003418e+01,-2.196385765075683594e+01,8.631640625000000000e+01,-2.967209815979003906e+00,-4.005281448364257812e+00,3.672532175830670043e-02,9.860000000000000000e+02,1.634175838674054859e-01
1.000093319416046143e+02,-2.270350265502929688e+01,8.530774688720703125e+01,-2.967125654220581055e+00,-4.001138687133789062e+00,4.337635026866517446e-02,9.880000000000000000e+02,9.539892955256516760e-02
1.002545609474182129e+02,-2.344047164916992188e+01,8.430426788330078125e+01,-2.966862201690673828e+00,-3.998410940170288086e+00,4.972609380268758206e-02,9.910000000000000000e+02,1.488478418884362220e-01
1.005080149173736572e+02,-2.418033981323242188e+01,8.329799652099609375e+01,-2.966994524002075195e+00,-3.998280763626098633e+00,5.541204563740755734e-02,9.930000000000000000e+02,1.076589542101744207e-01
1.007558569908142090e+02,-2.491794395446777344e+01,8.229421997070312500e+01,-2.966030836105346680e+00,-3.999495267868041992e+00,5.913877796608126708e-02,9.960000000000000000e+02,1.365905840311201769e-01
1.010047008991241455e+02,-2.565460205078125000e+01,8.129067993164062500e+01,-2.963459968566894531e+00,-3.999856710433959961e+00,6.157729215847387860e-02,9.980000000000000000e+02,1.178960541224967351e-01
1.012561028003692627e+02,-2.639090347290039062e+01,8.028678894042968750e+01,-2.960867881774902344e+00,-4.000644207000732422e+00,6.336402205098122520e-02,1.001000000000000000e+03,1.302336218700713422e-01
1.015036480426788330e+02,-2.712870979309082031e+01,7.927968597412109375e+01,-2.959650754928588867e+00,-4.003604412078857422e+00,6.447746927344935597e-02,1.003000000000000000e+03,1.314592895040030129e-01
1.017561228275299072e+02,-2.787150382995605469e+01,7.826445770263671875e+01,-2.959089040756225586e+00,-4.007647991180419922e+00,6.491979078212171961e-02,1.006000000000000000e+03,1.086456473323623162e-01
1.020051879882812500e+02,-2.860693550109863281e+01,7.725775909423828125e+01,-2.958607673645019531e+00,-4.012135028839111328e+00,6.444166035534999726e-02,1.008000000000000000e+03,1.555402617930581599e-01
1.022570288181304932e+02,-2.934041976928710938e+01,7.625338745117187500e+01,-2.958281993865966797e+00,-4.016438007354736328e+00,6.403950188779862496e-02,1.011000000000000000e+03,1.027451907869491726e-01
1.025081448554992676e+02,-3.007690620422363281e+01,7.524445343017578125e+01,-2.958051681518554688e+00,-4.020632266998291016e+00,6.358498506529280947e-02,1.013000000000000000e+03,1.677930238438937738e-01
1.027572858333587646e+02,-3.081610679626464844e+01,7.423063659667968750e+01,-2.957094192504882812e+00,-4.024239540100097656e+00,6.235981745310158197e-02,1.016000000000000000e+03,8.539296400136388299e-02
1.030067389011383057e+02,-3.154753112792968750e+01,7.322496795654296875e+01,-2.954623937606811523e+00,-4.026367187500000000e+00,5.959994016264515138e-02,1.018000000000000000e+03,1.844759005375775085e-01
1.032549808025360107e+02,-3.228161621093750000e+01,7.221500396728515625e+01,-2.952244520187377930e+00,-4.027649879455566406e+00,5.711667634729757081e-02,1.021000000000000000e+03,7.732079432132213381e-02
1.035030028820037842e+02,-3.302099227905273438e+01,7.119819641113281250e+01,-2.950009584426879883e+00,-4.028283119201660156e+00,5.532922237393572001e-02,1.023000000000000000e+03,2.080559478425824393e-01
1.037595639228820801e+02,-3.376437377929687500e+01,7.017472839355468750e+01,-2.946403980255126953e+00,-4.027291774749755859e+00,5.284855792486940762e-02,1.026000000000000000e+03,5.141531800208771347e-02
1.040099871158599854e+02,-3.449887466430664062e+01,6.916136169433593750e+01,-2.942201137542724609e+00,-4.025965690612792969e+00,3.364436020331387667e+00,1.028000000000000000e+03,2.418135408812882858e-01
1.042596399784088135e+02,-3.523089981079101562e+01,6.814780426025390625e+01,-2.912342071533203125e+00,-4.036746978759765625e+00,3.319434249075909893e+00,1.031000000000000000e+03,4.185295767653683663e-02
1.045092947483062744e+02,-3.592990112304687500e+01,6.712460327148437500e+01,-2.663982629776000977e+00,-4.146930217742919922e+00,2.961309432356693971e+00,1.033000000000000000e+03,2.448173509718067908e-01
1.047600948810577393e+02,-3.653411865234375000e+01,6.604930114746093750e+01,-2.144976615905761719e+00,-4.392795085906982422e+00,2.962094657686688670e+00,1.036000000000000000e+03,9.526219821013309774e-02
1.050038490295410156e+02,-3.700899505615234375e+01,6.492638397216796875e+01,-1.673002839088439941e+00,-4.616590023040771484e+00,3.137819845494334015e+00,1.038000000000000000e+03,1.543852459499649166e-01
1.052577910423278809e+02,-3.737553787231445312e+01,6.375435638427734375e+01,-1.214377045631408691e+00,-4.770184516906738281e+00,3.748738285438873774e+00,1.041000000000000000e+03,2.091932174590770965e-01
1.055042498111724854e+02,-3.761953353881835938e+01,6.254772567749023438e+01,-6.876829862594604492e-01,-4.860944747924804688e+00,3.990714986749983151e+00,1.043000000000000000e+03,1.205209303002940796e-01
1.057608029842376709e+02,-3.772191619873046875e+01,6.131241607666015625e+01,-7.188573479652404785e-02,-4.871324539184570312e+00,4.081617934652949309e+00,1.045000000000000000e+03,3.755676632362212053e-01
1.060087170600891113e+02,-3.766847610473632812e+01,6.010533142089843750e+01,5.586610436439514160e-01,-4.805005550384521484e+00,1.361216985674866153e+00,1.048000000000000000e+03,5.380411605887603921e-01
1.062573819160461426e+02,-3.746192932128906250e+01,5.892168045043945312e+01,1.148155212402343750e+00,-4.699607849121093750e+00,1.551648211936273780e+00,1.050000000000000000e+03,7.770717525713413121e-01
1.065074999332427979e+02,-3.713372039794921875e+01,5.776001358032226562e+01,1.522610425949096680e+00,-4.656394958496093750e+00,2.027046491508197157e+00,1.052000000000000000e+03,1.078717760646456858e+00
1.067585060596466064e+02,-3.673346710205078125e+01,5.660264968872070312e+01,1.737097382545471191e+00,-4.619781017303466797e+00,2.392513281445349360e+00,1.055000000000000000e+03,1.428214946357803106e+00
1.070088019371032715e+02,-3.626730346679687500e+01,5.546861648559570312e+01,2.043997764587402344e+00,-4.497655868530273438e+00,2.268134081709161975e+00,1.057000000000000000e+03,1.707301040891114452e+00
1.072553789615631104e+02,-3.571054077148437500e+01,5.437238311767578125e+01,2.417291402816772461e+00,-4.315388202667236328e+00,1.988298273561346363e+00,1.059000000000000000e+03,1.916388841598003712e+00
1.075083110332489014e+02,-3.506292343139648438e+01,5.331465530395507812e+01,2.746469497680664062e+00,-4.138991355895996094e+00,1.689736597937559814e+00,1.062000000000000000e+03,2.002709195366246142e+00
1.077544779777526855e+02,-3.433800888061523438e+01,5.229451370239257812e+01,3.019955635070800781e+00,-3.973754167556762695e+00,1.388338220776647702e+00,1.064000000000000000e+03,2.029726186663069587e+00
1.080062520503997803e+02,-3.354433441162109375e+01,5.130790710449218750e+01,3.247044086456298828e+00,-3.817863225936889648e+00,1.078215414405346184e+00,1.067000000000000000e+03,1.957019406993789401e+00
1.082596721649169922e+02,-3.270697021484375000e+01,5.036774444580078125e+01,3.424937009811401367e+00,-3.684175729751586914e+00,7.757797451831047741e-01,1.070000000000000000e+03,1.850665529100273821e+00
1.085077750682830811e+02,-3.183296775817871094e+01,4.946020126342773438e+01,3.557799577713012695e+00,-3.577939271926879883e+00,4.882962272366164203e-01,1.072000000000000000e+03,1.662096676746196211e+00
1.087574369907379150e+02,-3.092719268798828125e+01,4.857266235351562500e+01,3.650424242019653320e+00,-3.500833511352539062e+00,2.192897916318046758e-01,1.075000000000000000e+03,1.472488646138616408e+00
1.090091500282287598e+02,-2.999786567687988281e+01,4.769696426391601562e+01,3.707032203674316406e+00,-3.453715801239013672e+00,-2.663123415323902926e-02,1.077000000000000000e+03,1.217568492974824501e+00
1.092551350593566895e+02,-2.906673622131347656e+01,4.683783340454101562e+01,3.730196714401245117e+00,-3.433106184005737305e+00,-2.430313538700180076e-01,1.080000000000000000e+03,9.985630040508921557e-01
1.095032918453216553e+02,-2.812913703918457031e+01,4.597725296020507812e+01,3.724863767623901367e+00,-3.436095476150512695e+00,-4.294016561539157339e-01,1.082000000000000000e+03,7.201751434065850610e-01
1.097570669651031494e+02,-2.718898391723632812e+01,4.510789489746093750e+01,3.694881677627563477e+00,-3.459953784942626953e+00,-5.834168564974182569e-01,1.085000000000000000e+03,5.211118630688835740e-01
1.100066089630126953e+02,-2.625109481811523438e+01,4.422385025024414062e+01,3.644258499145507812e+00,-3.501691102981567383e+00,-7.030528596130929397e-01,1.087000000000000000e+03,2.400314830990042114e-01
1.102555799484252930e+02,-2.533763885498046875e+01,4.333591842651367188e+01,3.575539588928222656e+00,-3.556200027465820312e+00,-7.833570186857633511e-01,1.090000000000000000e+03,1.901933408403062020e-01
1.105082929134368896e+02,-2.444329071044921875e+01,4.243350601196289062e+01,3.492688417434692383e+00,-3.619392156600952148e+00,-8.277300739257512641e-01,1.092000000000000000e+03,1.857091829571953234e-01
1.107566568851470947e+02,-2.357423400878906250e+01,4.151719284057617188e+01,3.400775909423828125e+00,-3.688183784484863281e+00,-8.383062495184862017e-01,1.095000000000000000e+03,3.760982611310053070e-01
1.110108637809753418e+02,-2.272320938110351562e+01,4.057707595825195312e+01,3.303776502609252930e+00,-3.759635925292968750e+00,-8.203170319102051078e-01,1.097000000000000000e+03,4.777472769636192385e-01
1.112546899318695068e+02,-2.190520095825195312e+01,3.962850570678710938e+01,3.207452774047851562e+00,-3.828545570373535156e+00,-7.794980943522180628e-01,1.100000000000000000e+03,5.913887745376041893e-01
1.115064969062805176e+02,-2.111060714721679688e+01,3.866199874877929688e+01,3.111206054687500000e+00,-3.894320249557495117e+00,-7.176550152195813048e-01,1.102000000000000000e+03,6.516663354180433076e-01
1.117571468353271484e+02,-2.033829879760742188e+01,3.767740249633789062e+01,3.020643711090087891e+00,-3.956153869628906250e+00,-6.409897115726060912e-01,1.105000000000000000e+03,7.034700415605990020e-01
1.120093200206756592e+02,-1.957791900634765625e+01,3.666457748413085938e+01,2.938161134719848633e+00,-4.013659000396728516e+00,-5.537877633022870727e-01,1.107000000000000000e+03,7.174002342946259603e-01
1.122611939907073975e+02,-1.884737396240234375e+01,3.565152359008789062e+01,2.866186141967773438e+00,-4.063623905181884766e+00,-4.613238455935110838e-01,1.110000000000000000e+03,7.105219393802624239e-01
1.125114428997039795e+02,-1.813395690917968750e+01,3.462615966796875000e+01,2.804747819900512695e+00,-4.106891632080078125e+00,-3.654932641472487531e-01,1.112000000000000000e+03,6.856960678490107153e-01
1.127566859722137451e+02,-1.743700027465820312e+01,3.359389495849609375e+01,2.755472183227539062e+00,-4.142765998840332031e+00,-2.707339862850040579e-01,1.115000000000000000e+03,6.392417849726658163e-01
1.130101051330566406e+02,-1.674853897094726562e+01,3.254900360107421875e+01,2.717548131942749023e+00,-4.171964168548583984e+00,-1.781507090641417657e-01,1.117000000000000000e+03,5.851514578732035510e-01
1.132581398487091064e+02,-1.607088279724121094e+01,3.150137138366699219e+01,2.690343618392944336e+00,-4.192492961883544922e+00,-9.113299189179051296e-02,1.120000000000000000e+03,5.126575139480836762e-01
1.135089600086212158e+02,-1.539851856231689453e+01,3.044902229309082031e+01,2.674129486083984375e+00,-4.203376293182373047e+00,-1.293276697204333997e-02,1.122000000000000000e+03,4.450632745680737634e-01
1.137568140029907227e+02,-1.472552585601806641e+01,2.939016914367675781e+01,2.668863534927368164e+00,-4.207262992858886719e+00,5.499889214978481017e-02,1.125000000000000000e+03,3.598222915554838974e-01
1.140084848403930664e+02,-1.404961013793945312e+01,2.832706451416015625e+01,2.672730684280395508e+00,-4.204136848449707031e+00,1.116925790494885523e-01,1.127000000000000000e+03,3.061395318633378104e-01
1.142591931819915771e+02,-1.336794853210449219e+01,2.725958442687988281e+01,2.682619810104370117e+00,-4.193150043487548828e+00,1.574608612908015293e-01,1.130000000000000000e+03,2.010038484726553165e-01
1.145080578327178955e+02,-1.268981266021728516e+01,2.620572090148925781e+01,2.698486804962158203e+00,-4.178445339202880859e+00,1.921728602748599968e-01,1.132000000000000000e+03,2.121716635453756439e-01
1.147603309154510498e+02,-1.200945281982421875e+01,2.515996170043945312e+01,2.719526529312133789e+00,-4.161025047302246094e+00,2.159697874368302073e-01,1.135000000000000000e+03,8.436329060058193885e-02
1.150067410469055176e+02,-1.132102108001708984e+01,2.411548042297363281e+01,2.744279623031616211e+00,-4.141606330871582031e+00,2.299184455522652604e-01,1.137000000000000000e+03,1.838716291558056548e-01
1.152597911357879639e+02,-1.062412834167480469e+01,2.307393646240234375e+01,2.771545648574829102e+00,-4.121324062347412109e+00,2.346758210296063518e-01,1.140000000000000000e+03,8.501057051846030999e-02
1.155056121349334717e+02,-9.927597999572753906e+00,2.204847335815429688e+01,2.799510002136230469e+00,-4.101120948791503906e+00,2.318136161309300725e-01,1.142000000000000000e+03,2.102221757110627198e-01
1.157596218585968018e+02,-9.221890449523925781e+00,2.102471542358398438e+01,2.827740669250488281e+00,-4.081662654876708984e+00,2.226812550461190476e-01,1.145000000000000000e+03,1.510476638599107524e-01
1.160041170120239258e+02,-8.503077507019042969e+00,1.999918174743652344e+01,2.856195449829101562e+00,-4.064079761505126953e+00,2.071501336765946555e-01,1.147000000000000000e+03,2.453506123753006196e-01
1.162628180980682373e+02,-7.772114753723144531e+00,1.897171974182128906e+01,2.883001327514648438e+00,-4.047233581542968750e+00,1.866901201422768164e-01,1.150000000000000000e+03,1.783214248117910294e-01
1.165111727714538574e+02,-7.042614459991455078e+00,1.795958709716796875e+01,2.906137466430664062e+00,-4.031764030456542969e+00,1.639325703496329611e-01,1.152000000000000000e+03,2.721742012744295391e-01
1.167625768184661865e+02,-6.308092117309570312e+00,1.695188140869140625e+01,2.925880908966064453e+00,-4.018637180328369141e+00,1.401526178186059401e-01,1.155000000000000000e+03,1.836126592319214379e-01
1.170096869468688965e+02,-5.571187973022460938e+00,1.595061588287353516e+01,2.942561626434326172e+00,-4.008302211761474609e+00,1.160902306986214966e-01,1.157000000000000000e+03,2.676044959343489849e-01
1.172603919506072998e+02,-4.825743198394775391e+00,1.494545555114746094e+01,2.955804824829101562e+00,-4.000693321228027344e+00,9.285195091575942916e-02,1.160000000000000000e+03,1.668880182162723602e-01
1.175100910663604736e+02,-4.086881160736083984e+00,1.395429801940917969e+01,2.965577602386474609e+00,-3.995252132415771484e+00,7.141832704552650291e-02,1.162000000000000000e+03,2.500283246222100297e-01
1.177565691471099854e+02,-3.344054937362670898e+00,1.296297836303710938e+01,2.974056482315063477e+00,-3.992324829101562500e+00,5.012451991891285485e-02,1.165000000000000000e+03,1.433842754462401337e-01
1.180107169151306152e+02,-2.595238208770751953e+00,1.196811199188232422e+01,2.981768131256103516e+00,-3.993944406509399414e+00,3.003708068154186187e-02,1.167000000000000000e+03,2.241372794896891729e-01
1.182630720138549805e+02,-1.834071874618530273e+00,1.095894527435302734e+01,2.986425638198852539e+00,-3.997453927993774414e+00,1.227920266340121191e-02,1.170000000000000000e+03,9.950745510928803161e-02
1.185075011253356934e+02,-1.081196665763854980e+00,9.960929870605468750e+00,2.986742734909057617e+00,-4.001551151275634766e+00,-1.583290224183468448e-03,1.172000000000000000e+03,2.278468324958108360e-01
1.187576489448547363e+02,-3.280619978904724121e-01,8.961318969726562500e+00,2.983420133590698242e+00,-4.006277561187744141e+00,-1.160386599465422670e-02,1.175000000000000000e+03,5.820389018051413260e-02
1.190121068954467773e+02,4.225098490715026855e-01,7.963475704193115234e+00,2.977485418319702148e+00,-4.011333942413330078e+00,-1.853729704346557955e-02,1.177000000000000000e+03,2.275241434759009973e-01
1.192611639499664307e+02,1.173400282859802246e+00,6.960717678070068359e+00,2.969287872314453125e+00,-4.016819477081298828e+00,-2.134616207248504760e-02,1.180000000000000000e+03,2.348350717241508637e-02
1.195082879066467285e+02,1.919663667678833008e+00,5.959240436553955078e+00,2.959617614746093750e+00,-4.021905422210693359e+00,-2.087936046968403431e-02,1.182000000000000000e+03,2.356593551601426917e-01
1.197555739879608154e+02,2.664736270904541016e+00,4.955632209777832031e+00,2.949048280715942383e+00,-4.026239871978759766e+00,-1.839864439579751501e-02,1.185000000000000000e+03,1.211859287700547613e-02
1.200097091197967529e+02,3.410920381546020508e+00,3.947411060333251953e+00,2.938880443572998047e+00,-4.030411243438720703e+00,-1.491837036298285062e-02,1.187000000000000000e+03,2.493788819672304313e-01
1.202546679973602295e+02,4.155900001525878906e+00,2.934920787811279297e+00,2.928039073944091797e+00,-4.034114837646484375e+00,-8.454178394109069725e-03,1.190000000000000000e+03,2.564610620646331010e-02
1.205106530189514160e+02,4.902402877807617188e+00,1.915004253387451172e+00,2.916759014129638672e+00,-4.036597728729248047e+00,9.169968297604655784e-05,1.193000000000000000e+03,2.210286332257559161e-01
1.207615590095520020e+02,5.638896942138671875e+00,9.044409394264221191e-01,2.907079219818115234e+00,-4.038599014282226562e+00,9.059397295542585479e-03,1.195000000000000000e+03,4.309526990988366696e-02
1.210119729042053223e+02,6.371405601501464844e+00,-1.037346944212913513e-01,2.899902343750000000e+00,-4.040737628936767578e+00,1.748288826030788834e-02,1.198000000000000000e+03,1.241038575016978202e-01
1.212618889808654785e+02,7.104515552520751953e+00,-1.115591406822204590e+00,2.894472360610961914e+00,-4.042713165283203125e+00,2.569497949766420125e-02,1.200000000000000000e+03,4.428294439966762308e-02
1.215101079940795898e+02,7.838940620422363281e+00,-2.131890773773193359e+00,2.891549348831176758e+00,-4.045776844024658203e+00,3.371566312230041967e-02,1.203000000000000000e+03,2.021501893833512198e-01
1.217575831413269043e+02,8.565443038940429688e+00,-3.138581037521362305e+00,2.889713287353515625e+00,-4.047839641571044922e+00,4.084539098878888636e-02,1.205000000000000000e+03,4.460241901330141978e-02
1.220058829784393311e+02,9.291907310485839844e+00,-4.145604133605957031e+00,2.888171434402465820e+00,-4.047938346862792969e+00,4.675807206547672595e-02,1.208000000000000000e+03,2.094709793281886445e-01
1.222594051361083984e+02,1.002237606048583984e+01,-5.159034729003906250e+00,2.888761043548583984e+00,-4.049330234527587891e+00,5.212461732647552526e-02,1.210000000000000000e+03,4.346042350506815199e-02
1.225135030746459961e+02,1.075771522521972656e+01,-6.180395126342773438e+00,2.890384435653686523e+00,-4.051252841949462891e+00,5.754082515183654017e-02,1.213000000000000000e+03,1.929732677168572441e-01
1.227614629268646240e+02,1.148703384399414062e+01,-7.192209243774414062e+00,2.892933607101440430e+00,-4.052322864532470703e+00,6.112598660507322784e-02,1.215000000000000000e+03,6.033980249492865849e-02
1.230088100433349609e+02,1.221716976165771484e+01,-8.204529762268066406e+00,2.896014928817749023e+00,-4.052810668945312500e+00,6.366155548432196609e-02,1.218000000000000000e+03,1.896930042871990407e-01
1.232629439830780029e+02,1.294546222686767578e+01,-9.214023590087890625e+00,2.899450540542602539e+00,-4.053187847137451172e+00,6.571468882334445538e-02,1.220000000000000000e+03,6.632296217316088760e-02
1.235123488903045654e+02,1.367955398559570312e+01,-1.023091697692871094e+01,2.903255462646484375e+00,-4.053175449371337891e+00,6.698840798252006512e-02,1.223000000000000000e+03,1.836259888315144584e-01
1.237578392028808594e+02,1.440749359130859375e+01,-1.123807239532470703e+01,2.906399488449096680e+00,-4.051427841186523438e+00,6.717534948252334992e-02,1.225000000000000000e+03,7.634668344317016575e-02
1.240108847618103027e+02,1.513970375061035156e+01,-1.224883079528808594e+01,2.909475564956665039e+00,-4.048802852630615234e+00,6.586497279496515700e-02,1.228000000000000000e+03,1.856065689420384190e-01
1.242601079940795898e+02,1.587530994415283203e+01,-1.326270198822021484e+01,2.912529468536376953e+00,-4.046094417572021484e+00,6.381572416591481389e-02,1.230000000000000000e+03,8.778981866840315784e-02
1.245110490322113037e+02,1.662146759033203125e+01,-1.428966617584228516e+01,2.914492130279541016e+00,-4.042600154876708984e+00,6.154289730536023628e-02,1.233000000000000000e+03,1.568372163423635002e-01
1.247589597702026367e+02,1.735770988464355469e+01,-1.530213928222656250e+01,2.915087223052978516e+00,-4.037960052490234375e+00,5.928304849828291978e-02,1.235000000000000000e+03,1.160493570236891397e-01
1.250127179622650146e+02,1.809434127807617188e+01,-1.631363296508789062e+01,2.915969133377075195e+00,-4.033704757690429688e+00,5.633036765970191734e-02,1.238000000000000000e+03,1.458413472750093309e-01
1.252575449943542480e+02,1.882839775085449219e+01,-1.732013320922851562e+01,2.916908502578735352e+00,-4.029988765716552734e+00,5.298679611856878247e-02,1.240000000000000000e+03,1.215010231565877563e-01
1.255103800296783447e+02,1.956498908996582031e+01,-1.832882499694824219e+01,2.918454170227050781e+00,-4.027750015258789062e+00,4.944863703765265545e-02,1.243000000000000000e+03,1.417583077207855979e-01
1.257587881088256836e+02,2.029967689514160156e+01,-1.933378028869628906e+01,2.919730901718139648e+00,-4.026278972625732422e+00,4.607134783840959036e-02,1.245000000000000000e+03,1.229400920072966363e-01
1.260088210105895996e+02,2.103592491149902344e+01,-2.033901405334472656e+01,2.920756816864013672e+00,-4.024943828582763672e+00,4.212830481952319073e-02,1.248000000000000000e+03,1.403695557561763230e-01
1.262601339817047119e+02,2.177502250671386719e+01,-2.134786605834960938e+01,2.921553373336791992e+00,-4.024879455566406250e+00,3.337008877105982485e+00,1.250000000000000000e+03,1.261473942336339693e-01
1.265078849792480469e+02,2.251792144775390625e+01,-2.235992622375488281e+01,2.941230058670043945e+00,-4.003545761108398438e+00,3.297684443941747645e+00,1.253000000000000000e+03,1.238148246311449180e-01
1.267598278522491455e+02,2.328496742248535156e+01,-2.335029792785644531e+01,3.124476432800292969e+00,-3.796778202056884766e+00,2.932504399150238861e+00,1.255000000000000000e+03,1.367194971645436796e-01
1.270077559947967529e+02,2.411660766601562500e+01,-2.424829483032226562e+01,3.515854597091674805e+00,-3.379204034805297852e+00,3.278508787827735471e+00,1.258000000000000000e+03,1.475140734391067188e-01
1.272638878822326660e+02,2.503809547424316406e+01,-2.504347229003906250e+01,3.875024795532226562e+00,-2.998189210891723633e+00,2.736988779045762543e-01,1.260000000000000000e+03,6.828938821121138814e-02
1.275123929977416992e+02,2.604004096984863281e+01,-2.574821090698242188e+01,4.165479660034179688e+00,-2.616805076599121094e+00,7.838437457784508400e-01,1.263000000000000000e+03,1.686310733203172096e-01
1.277591271400451660e+02,2.710179901123046875e+01,-2.637941169738769531e+01,4.318245410919189453e+00,-2.415398359298706055e+00,1.307538204468310150e+00,1.265000000000000000e+03,3.973266613122324320e-01
1.280142359733581543e+02,2.817693328857421875e+01,-2.697518539428710938e+01,4.372628211975097656e+00,-2.346571922302246094e+00,1.770593164314206991e+00,1.268000000000000000e+03,6.843952205206204065e-01
1.282620649337768555e+02,2.927743530273437500e+01,-2.753925895690917969e+01,4.468297004699707031e+00,-2.152506351470947266e+00,1.768227111128815032e+00,1.270000000000000000e+03,9.666139853929657244e-01
1.285145058631896973e+02,3.041669082641601562e+01,-2.804282188415527344e+01,4.592281341552734375e+00,-1.864167571067810059e+00,1.613954501546071674e+00,1.273000000000000000e+03,1.191149933513624193e+00
1.288697967529296875e+02,3.159346961975097656e+01,-2.847852516174316406e+01,4.696762084960937500e+00,-1.591495871543884277e+00,1.426770863295550473e+00,1.275000000000000000e+03,1.325826491362845916e+00
1.290480020046234131e+02,3.278176498413085938e+01,-2.884763717651367188e+01,4.774675846099853516e+00,-1.361791610717773438e+00,1.240387400397240825e+00,1.278000000000000000e+03,1.407973076472572194e+00
1.292953679561614990e+02,3.398698425292968750e+01,-2.916271209716796875e+01,4.835819244384765625e+00,-1.149953722953796387e+00,1.035083520930463852e+00,1.280000000000000000e+03,1.421041433559472988e+00
1.295471119880676270e+02,3.520239639282226562e+01,-2.942468261718750000e+01,4.886000633239746094e+00,-9.515626430511474609e-01,8.070058213903069655e-01,1.283000000000000000e+03,1.392271900219440584e+00
1.298029699325561523e+02,3.643737792968750000e+01,-2.964210319519042969e+01,4.924334526062011719e+00,-7.886787056922912598e-01,5.815106545452175535e-01,1.285000000000000000e+03,1.304784980677368145e+00
1.300452201366424561e+02,3.766960906982421875e+01,-2.982127571105957031e+01,4.951134204864501953e+00,-6.644859910011291504e-01,3.684494038664860582e-01,1.288000000000000000e+03,1.191249320536164502e+00
1.302916700839996338e+02,3.891271209716796875e+01,-2.997423362731933594e+01,4.968496799468994141e+00,-5.749594569206237793e-01,1.687478693703137744e-01,1.290000000000000000e+03,1.039486928427484580e+00
1.305435860157012939e+02,4.016405105590820312e+01,-3.010977935791015625e+01,4.979216575622558594e+00,-5.198951363563537598e-01,-1.177642904033766001e-02,1.293000000000000000e+03,8.802724701743068758e-01
1.307970650196075439e+02,4.143527603149414062e+01,-3.023650932312011719e+01,4.984222412109375000e+00,-4.963781237602233887e-01,-1.720698293379782640e-01,1.295000000000000000e+03,7.012333264479814199e-01
1.310494039058685303e+02,4.269073486328125000e+01,-3.035876083374023438e+01,4.982913970947265625e+00,-5.004526972770690918e-01,-3.059986477312829356e-01,1.298000000000000000e+03,5.219195141726049592e-01
1.312945218086242676e+02,4.394563293457031250e+01,-3.048508262634277344e+01,4.977304935455322266e+00,-5.279393196105957031e-01,-4.138249376393721701e-01,1.300000000000000000e+03,3.625342125897625944e-01
1.315426249504089355e+02,4.519377136230468750e+01,-3.062056732177734375e+01,4.967209339141845703e+00,-5.752354860305786133e-01,-4.935726357207315118e-01,1.303000000000000000e+03,1.979377621581205060e-01
1.317972989082336426e+02,4.644369888305664062e+01,-3.077069282531738281e+01,4.955502986907958984e+00,-6.377503871917724609e-01,-5.474302400058528306e-01,1.305000000000000000e+03,1.528903682814362341e-01
1.320469470024108887e+02,4.768544006347656250e+01,-3.093690109252929688e+01,4.941203594207763672e+00,-7.102565169334411621e-01,-5.772000718670114994e-01,1.308000000000000000e+03,1.494896147207006865e-01
1.322923009395599365e+02,4.891843795776367188e+01,-3.112079429626464844e+01,4.922524929046630859e+00,-7.881174087524414062e-01,-5.855082511366487275e-01,1.310000000000000000e+03,2.787143799743889150e-01
1.325466780662536621e+02,5.015099334716796875e+01,-3.132545280456542969e+01,4.905675888061523438e+00,-8.701694011688232422e-01,-5.744104146768733710e-01,1.313000000000000000e+03,3.383551521283940100e-01
1.327912068367004395e+02,5.138511657714843750e+01,-3.155252265930175781e+01,4.891320705413818359e+00,-9.533594250679016113e-01,-5.464166813000280731e-01,1.315000000000000000e+03,4.335751603622149952e-01
1.330456299781799316e+02,5.262480163574218750e+01,-3.180259704589843750e+01,4.875607967376708984e+00,-1.034500122070312500e+00,-5.038703388070709943e-01,1.318000000000000000e+03,4.548837417190187415e-01
1.332976019382476807e+02,5.384835815429687500e+01,-3.207003784179687500e+01,4.858505725860595703e+00,-1.109002828598022461e+00,-4.514123052272774328e-01,1.320000000000000000e+03,5.225401884658225082e-01
1.335454189777374268e+02,5.506410980224609375e+01,-3.235481643676757812e+01,4.841698646545410156e+00,-1.176203012466430664e+00,-3.917340611083743873e-01,1.323000000000000000e+03,4.967965803176144224e-01
1.337958238124847412e+02,5.627991485595703125e+01,-3.265676116943359375e+01,4.825595855712890625e+00,-1.235975503921508789e+00,-3.266331185393310799e-01,1.325000000000000000e+03,5.371381250128178797e-01
1.340470631122589111e+02,5.749682998657226562e+01,-3.297336196899414062e+01,4.811394214630126953e+00,-1.286299943923950195e+00,-2.604431323560931211e-01,1.328000000000000000e+03,4.732166827574143531e-01
1.342969610691070557e+02,5.869923782348632812e+01,-3.329868316650390625e+01,4.798281192779541016e+00,-1.327301859855651855e+00,-1.943346525757074228e-01,1.330000000000000000e+03,5.020278839983886021e-01
1.345515551567077637e+02,5.990364074707031250e+01,-3.363563537597656250e+01,4.786552906036376953e+00,-1.360432147979736328e+00,-1.278378505615961058e-01,1.333000000000000000e+03,4.022391440280519981e-01
1.347971730232238770e+02,6.111409378051757812e+01,-3.398255538940429688e+01,4.776620864868164062e+00,-1.383898615837097168e+00,-6.475866538560194619e-02,1.336000000000000000e+03,4.251209987749864916e-01
1.350468289852142334e+02,6.233175659179687500e+01,-3.433609390258789062e+01,4.768874645233154297e+00,-1.397604107856750488e+00,-8.024575019859687616e-03,1.338000000000000000e+03,3.016642740232715059e-01
1.352957770824432373e+02,6.353503799438476562e+01,-3.468817901611328125e+01,4.762552738189697266e+00,-1.402227640151977539e+00,4.112682834409879529e-02,1.341000000000000000e+03,3.162028145953813540e-01
1.355497179031372070e+02,6.473574829101562500e+01,-3.503982162475585938e+01,4.758508682250976562e+00,-1.398356795310974121e+00,8.158701783989656675e-02,1.343000000000000000e+03,1.955755402923261277e-01
1.357995760440826416e+02,6.593086242675781250e+01,-3.538882064819335938e+01,4.757407665252685547e+00,-1.388913750648498535e+00,1.149001334640435829e-01,1.346000000000000000e+03,2.335575040778684885e-01
1.360461628437042236e+02,6.713449859619140625e+01,-3.573722457885742188e+01,4.761286258697509766e+00,-1.374706625938415527e+00,1.403082377559313754e-01,1.348000000000000000e+03,1.046831466768367025e-01
1.362963240146636963e+02,6.832862091064453125e+01,-3.607858657836914062e+01,4.767815113067626953e+00,-1.356891393661499023e+00,1.580537183552513658e-01,1.351000000000000000e+03,1.861426252784791902e-01
1.365422730445861816e+02,6.952698516845703125e+01,-3.641625976562500000e+01,4.773464679718017578e+00,-1.336097717285156250e+00,1.695973081263435489e-01,1.353000000000000000e+03,6.816885235673797450e-02
1.367966589927673340e+02,7.072932434082031250e+01,-3.674880218505859375e+01,4.780087947845458984e+00,-1.312480568885803223e+00,1.735958110909019692e-01,1.356000000000000000e+03,1.820929406782583471e-01
1.370477299690246582e+02,7.194875335693359375e+01,-3.707892608642578125e+01,4.787734508514404297e+00,-1.287128329277038574e+00,1.707285053619421733e-01,1.358000000000000000e+03,1.209308583100845297e-01
1.372947518825531006e+02,7.315167236328125000e+01,-3.739720153808593750e+01,4.794731616973876953e+00,-1.261976480484008789e+00,1.623643998455158999e-01,1.361000000000000000e+03,1.829587779939519654e-01
1.375441710948944092e+02,7.435580444335937500e+01,-3.770883560180664062e+01,4.803319454193115234e+00,-1.238527297973632812e+00,1.501200183560682244e-01,1.363000000000000000e+03,1.513353652643285308e-01
1.377968928813934326e+02,7.555890655517578125e+01,-3.801403427124023438e+01,4.813042640686035156e+00,-1.217623949050903320e+00,1.354932874103418894e-01,1.366000000000000000e+03,1.981677931839337381e-01
1.380455098152160645e+02,7.676858520507812500e+01,-3.831529235839843750e+01,4.823026657104492188e+00,-1.199575424194335938e+00,1.194476666796590453e-01,1.368000000000000000e+03,1.654034905847645842e-01
1.382972390651702881e+02,7.797338867187500000e+01,-3.861063766479492188e+01,4.830580234527587891e+00,-1.183890104293823242e+00,1.027037692085255166e-01,1.371000000000000000e+03,1.992898969120824593e-01
1.385440440177917480e+02,7.917703247070312500e+01,-3.890102386474609375e+01,4.835320949554443359e+00,-1.169806599617004395e+00,8.462628273022820835e-02,1.373000000000000000e+03,1.588912981203943198e-01
1.387935678958892822e+02,8.038647460937500000e+01,-3.918880081176757812e+01,4.841816425323486328e+00,-1.159372091293334961e+00,6.669434918488924280e-02,1.376000000000000000e+03,1.935154156820311500e-01
1.390476479530334473e+02,8.160289001464843750e+01,-3.947529220581054688e+01,4.849908828735351562e+00,-1.152114391326904297e+00,4.924435562958804496e-02,1.378000000000000000e+03,1.497547018738179525e-01
1.392957499027252197e+02,8.283026885986328125e+01,-3.976250076293945312e+01,4.856164932250976562e+00,-1.147521018981933594e+00,3.329632401212737070e-02,1.381000000000000000e+03,1.582759032494718832e-01
1.395458748340606689e+02,8.404784393310546875e+01,-4.004635238647460938e+01,4.860530376434326172e+00,-1.145600438117980957e+00,1.963615308360557379e-02,1.383000000000000000e+03,1.533075186242544574e-01
1.398007080554962158e+02,8.526316070556640625e+01,-4.032889938354492188e+01,4.862477302551269531e+00,-1.145450353622436523e+00,7.666014894722224769e-03,1.386000000000000000e+03,1.310362732209762460e-01
1.400449800491333008e+02,8.648375701904296875e+01,-4.061188888549804688e+01,4.863106727600097656e+00,-1.147081255912780762e+00,-2.919188243249441501e-03,1.388000000000000000e+03,1.550205271438029608e-01
1.402940537929534912e+02,8.770902252197265625e+01,-4.089644622802734375e+01,4.861905097961425781e+00,-1.150774598121643066e+00,-1.075796073759138077e-02,1.391000000000000000e+03,9.358902078070545361e-02
1.405454468727111816e+02,8.892148590087890625e+01,-4.117940902709960938e+01,4.857760429382324219e+00,-1.155973315238952637e+00,-1.527929097628850409e-02,1.393000000000000000e+03,1.664546232438325057e-01
1.407963929176330566e+02,9.013797760009765625e+01,-4.146514129638671875e+01,4.852638244628906250e+00,-1.162381291389465332e+00,-1.703859904541930870e-02,1.396000000000000000e+03,7.677339939070998431e-02
1.410463559627532959e+02,9.136264038085937500e+01,-4.175424957275390625e+01,4.847617626190185547e+00,-1.169497728347778320e+00,-1.708536651730111280e-02,1.398000000000000000e+03,1.885777339662696728e-01
1.412958509922027588e+02,9.259378814697265625e+01,-4.204763412475585938e+01,4.842083930969238281e+00,-1.177205562591552734e+00,-1.440076994065053566e-02,1.401000000000000000e+03,3.715050641389368996e-02
1.415495109558105469e+02,9.381119537353515625e+01,-4.233978271484375000e+01,4.836804866790771484e+00,-1.184436559677124023e+00,-1.062958635732956514e-02,1.403000000000000000e+03,2.223719364055143088e-01
1.417954528331756592e+02,9.502706146240234375e+01,-4.263333892822265625e+01,4.832076072692871094e+00,-1.191414594650268555e+00,-5.888011257649227760e-03,1.406000000000000000e+03,2.505465624853481579e-02
1.420455570220947266e+02,9.623805236816406250e+01,-4.292818450927734375e+01,4.828475475311279297e+00,-1.198074460029602051e+00,1.430013929496421398e-04,1.408000000000000000e+03,2.357384956453648372e-01
1.422944960594177246e+02,9.745645904541015625e+01,-4.322673034667968750e+01,4.826807022094726562e+00,-1.203946709632873535e+00,6.361004793662470777e-03,1.411000000000000000e+03,1.923907190775966600e-02
1.425461900234222412e+02,9.865873718261718750e+01,-4.352283096313476562e+01,4.824308395385742188e+00,-1.208460330963134766e+00,1.259085698872606900e-02,1.413000000000000000e+03,2.440537556389419382e-01
1.427948029041290283e+02,9.986269378662109375e+01,-4.382048797607421875e+01,4.822100162506103516e+00,-1.212081074714660645e+00,1.874396819470425940e-02,1.416000000000000000e+03,1.638566250108661887e-02
1.430423970222473145e+02,1.010712814331054688e+02,-4.411967468261718750e+01,4.823531150817871094e+00,-1.215096354484558105e+00,2.373312552417728566e-02,1.418000000000000000e+03,2.447935014844322688e-01
1.432951970100402832e+02,1.022971420288085938e+02,-4.442439651489257812e+01,4.826393127441406250e+00,-1.217812776565551758e+00,2.907331002666120254e-02,1.421000000000000000e+03,1.868496843816060127e-02
1.435458607673645020e+02,1.035085830688476562e+02,-4.472651672363281250e+01,4.828835010528564453e+00,-1.219498276710510254e+00,3.421671410722216394e-02,1.424000000000000000e+03,2.248170267766870511e-01
1.437981119155883789e+02,1.047209548950195312e+02,-4.502882003784179688e+01,4.830663681030273438e+00,-1.219861388206481934e+00,3.819188218941516749e-02,1.426000000000000000e+03,3.116217089214330660e-02
1.440477459430694580e+02,1.059302520751953125e+02,-4.533005905151367188e+01,4.832170009613037109e+00,-1.219099164009094238e+00,4.091852004293862477e-02,1.429000000000000000e+03,2.134112649669984152e-01
1.443002240657806396e+02,1.071443634033203125e+02,-4.563215637207031250e+01,4.833986759185791016e+00,-1.217755675315856934e+00,4.276745266494060005e-02,1.431000000000000000e+03,4.597857114453415134e-02
1.445458528995513916e+02,1.083553771972656250e+02,-4.593272781372070312e+01,4.834536552429199219e+00,-1.215726733207702637e+00,4.367235673773731119e-02,1.434000000000000000e+03,1.992510464676818249e-01
1.447969920635223389e+02,1.095668334960937500e+02,-4.623313522338867188e+01,4.833309173583984375e+00,-1.213675141334533691e+00,4.476744983520977716e-02,1.436000000000000000e+03,5.943939955621944243e-02
1.450428659915924072e+02,1.107827377319335938e+02,-4.653355407714843750e+01,4.832427978515625000e+00,-1.211078643798828125e+00,4.443845617290151373e-02,1.439000000000000000e+03,1.835452595645798157e-01
1.452950220108032227e+02,1.120022048950195312e+02,-4.683440780639648438e+01,4.831324577331542969e+00,-1.208792805671691895e+00,4.413298636522973439e-02,1.441000000000000000e+03,8.399770571627976357e-02
1.455485179424285889e+02,1.132286605834960938e+02,-4.713734054565429688e+01,4.828850746154785156e+00,-1.206891775131225586e+00,4.479736376335362313e-02,1.444000000000000000e+03,1.494954177799864004e-01
1.457991900444030762e+02,1.144421157836914062e+02,-4.743705749511718750e+01,4.826578617095947266e+00,-1.205019116401672363e+00,4.541602229338981278e-02,1.446000000000000000e+03,1.132842867364576150e-01
1.460508270263671875e+02,1.156515426635742188e+02,-4.773533248901367188e+01,4.825802803039550781e+00,-1.202620625495910645e+00,4.483041579136540916e-02,1.449000000000000000e+03,1.392563024791209358e-01
1.462992930412292480e+02,1.168645935058593750e+02,-4.803350830078125000e+01,4.826418876647949219e+00,-1.200045347213745117e+00,4.300665764543790126e-02,1.451000000000000000e+03,1.243691921056279126e-01
1.465466518402099609e+02,1.180859603881835938e+02,-4.833231735229492188e+01,4.827440738677978516e+00,-1.197400093078613281e+00,3.996583472113163227e-02,1.454000000000000000e+03,1.178006909258873386e-01
1.467976579666137695e+02,1.192919769287109375e+02,-4.862708282470703125e+01,4.828256607055664062e+00,-1.195693254470825195e+00,3.767198867270180745e-02,1.456000000000000000e+03,1.384215467072883454e-01
1.470465850830078125e+02,1.205050506591796875e+02,-4.892356491088867188e+01,4.826375961303710938e+00,-1.193958282470703125e+00,3.597053172671325905e-02,1.459000000000000000e+03,1.116016522079280870e-01
1.472978188991546631e+02,1.217243957519531250e+02,-4.922124862670898438e+01,4.823637962341308594e+00,-1.192422866821289062e+00,3.441256489525309353e-02,1.461000000000000000e+03,1.574126710924733386e-01
1.475488541126251221e+02,1.229463348388671875e+02,-4.951955413818359375e+01,4.820088863372802734e+00,-1.191060781478881836e+00,-3.253714462374295735e+00,1.464000000000000000e+03,8.369303357661890541e-02
1.477972800731658936e+02,1.241522140502929688e+02,-4.981483459472656250e+01,4.805952548980712891e+00,-1.217196345329284668e+00,-3.215280085944564714e+00,1.466000000000000000e+03,1.721337926958322884e-01
1.480494420528411865e+02,1.253438186645507812e+02,-5.014024734497070312e+01,4.692118644714355469e+00,-1.465286135673522949e+00,-2.891913462799879042e+00,1.469000000000000000e+03,3.797970982912687865e-01
