t_s,x_east,y_north,v_east,v_north,a_cmd,path_idx,cte_m
2.546291351318359375e-01,-5.056769121438264847e-03,5.371177103370428085e-03,3.300727345049381256e-03,-7.613137364387512207e-03,-1.998383681900322451e+00,0.000000000000000000e+00,2.430660339858232988e-03
5.035681724548339844e-01,-4.957410041242837906e-03,5.653178784996271133e-03,2.933651581406593323e-02,-2.545326016843318939e-03,-1.998603016508607055e+00,0.000000000000000000e+00,2.138902195845490684e-03
7.557320594787597656e-01,2.491378225386142731e-02,3.329001134261488914e-03,2.799169123172760010e-01,-4.619418084621429443e-02,-1.996795323445573089e+00,0.000000000000000000e+00,2.900394893882990779e-02
1.002634048461914062e+00,1.591689735651016235e-01,-2.105178125202655792e-02,8.788148760795593262e-01,-1.794591844081878662e-01,1.106021800953650158e-01,1.000000000000000000e+00,4.082769889134357788e-02
1.254639148712158203e+00,4.608576595783233643e-01,-8.001706749200820923e-02,1.625994801521301270e+00,-3.167990744113922119e-01,3.225724818529656646e-01,2.000000000000000000e+00,1.838314532584636452e-01
1.503345251083374023e+00,9.440917968750000000e-01,-1.602875739336013794e-01,2.337896347045898438e+00,-3.525316417217254639e-01,3.869009144148338741e-01,3.000000000000000000e+00,2.369466950229200397e-01
1.749990224838256836e+00,1.588458299636840820e+00,-2.393088489770889282e-01,2.981930017471313477e+00,-3.177896738052368164e-01,3.939154349371155051e-01,4.000000000000000000e+00,2.321394801271385866e-01
1.999933004379272461e+00,2.390987873077392578e+00,-3.096446394920349121e-01,3.594084501266479492e+00,-2.718302607536315918e-01,3.974163592471385287e-01,6.000000000000000000e+00,3.641034262270571031e-01
2.253625154495239258e+00,3.348893404006958008e+00,-3.720885217189788818e-01,4.172915458679199219e+00,-2.289319187402725220e-01,4.081882941673474763e-01,7.000000000000000000e+00,4.227604959457442746e-01
2.500864028930664062e+00,4.443765640258789062e+00,-4.253741800785064697e-01,4.562273979187011719e+00,-1.767690777778625488e-01,4.019306261149555026e-01,1.000000000000000000e+01,4.138684291300022688e-01
2.753891229629516602e+00,5.587010860443115234e+00,-4.629981815814971924e-01,4.712135314941406250e+00,-9.979858249425888062e-02,3.507385768826943861e-01,1.200000000000000000e+01,3.503124183637394418e-01
3.006017208099365234e+00,6.755859375000000000e+00,-4.792008697986602783e-01,4.771788597106933594e+00,-8.451721630990505219e-03,2.652762657156633730e-01,1.400000000000000000e+01,4.519093177213615586e-01
3.253118038177490234e+00,7.938130855560302734e+00,-4.744335114955902100e-01,4.816050529479980469e+00,6.183835119009017944e-02,1.844726734226649900e-01,1.700000000000000000e+01,4.184357564682003039e-01
3.504432201385498047e+00,9.139311790466308594e+00,-4.561502933502197266e-01,4.865101814270019531e+00,1.062785908579826355e-01,1.191922334144074197e-01,1.900000000000000000e+01,3.753635744000658470e-01
3.749901056289672852e+00,1.035114383697509766e+01,-4.298952221870422363e-01,4.920317649841308594e+00,1.319162100553512573e-01,6.630016137412418631e-02,2.200000000000000000e+01,3.833567856342007807e-01
4.002095222473144531e+00,1.157805728912353516e+01,-3.983877599239349365e-01,4.976697921752929688e+00,1.455674171447753906e-01,2.054238211932784761e-02,2.400000000000000000e+01,2.853818720841042045e-01
4.249010086059570312e+00,1.282443523406982422e+01,-3.632704019546508789e-01,5.030726432800292969e+00,1.505085378885269165e-01,-2.037093837210321792e-02,2.700000000000000000e+01,3.139847037125330642e-01
4.498154163360595703e+00,1.408755588531494141e+01,-3.272633254528045654e-01,5.076262950897216797e+00,1.469248086214065552e-01,-5.460613175757005749e-02,2.900000000000000000e+01,1.953196186609686691e-01
4.752901077270507812e+00,1.536891841888427734e+01,-2.920828163623809814e-01,5.110257148742675781e+00,1.362766474485397339e-01,-8.212133141231235667e-02,3.200000000000000000e+01,2.005813310913086567e-01
5.003115177154541016e+00,1.664534568786621094e+01,-2.608231902122497559e-01,5.133499145507812500e+00,1.205155923962593079e-01,-1.019147848534262824e-01,3.400000000000000000e+01,1.643006008697216469e-01
5.255059957504272461e+00,1.792312240600585938e+01,-2.334645837545394897e-01,5.148122787475585938e+00,1.030255407094955444e-01,-1.171689828161376068e-01,3.700000000000000000e+01,9.101544589740982738e-02
5.503894090652465820e+00,1.920860862731933594e+01,-2.101383954286575317e-01,5.153469562530517578e+00,8.355791866779327393e-02,-1.273821609680029776e-01,3.900000000000000000e+01,2.172418379597730598e-01
5.751854181289672852e+00,2.049091148376464844e+01,-1.919778734445571899e-01,5.150527954101562500e+00,6.290160864591598511e-02,-1.321832936272992753e-01,4.200000000000000000e+01,2.042832410231659387e-02
5.998656034469604492e+00,2.178166770935058594e+01,-1.798424869775772095e-01,5.142631053924560547e+00,4.206691682338714600e-02,-1.319368118210292318e-01,4.500000000000000000e+01,1.941254133250678027e-01
6.253014087677001953e+00,2.306290626525878906e+01,-1.732573360204696655e-01,5.127759456634521484e+00,2.239757217466831207e-02,-1.281342358000888970e-01,4.700000000000000000e+01,1.181006839103246192e-01
6.499384164810180664e+00,2.434745407104492188e+01,-1.717310100793838501e-01,5.110619068145751953e+00,3.998311702162027359e-03,-1.214615648971309053e-01,5.000000000000000000e+01,1.320905592573022591e-01
6.754132986068725586e+00,2.563664245605468750e+01,-1.750960052013397217e-01,5.093392848968505859e+00,-1.314376946538686752e-02,-1.121283473738955844e-01,5.200000000000000000e+01,2.107439490129203730e-01
7.000234127044677734e+00,2.690993881225585938e+01,-1.830378919839859009e-01,5.077570915222167969e+00,-2.816639840602874756e-02,-1.011493447273994761e-01,5.500000000000000000e+01,9.858452535113826354e-02
7.251610279083251953e+00,2.817913627624511719e+01,-1.947658210992813110e-01,5.063053607940673828e+00,-4.097166284918785095e-02,-8.937995189800237994e-02,5.800000000000000000e+01,2.637431616737280771e-01
7.506352186203002930e+00,2.944026756286621094e+01,-2.085332423448562622e-01,5.050673961639404297e+00,-5.112618580460548401e-02,-7.863976056250440716e-02,6.000000000000000000e+01,9.947354774592316595e-02
7.757124185562133789e+00,3.070661926269531250e+01,-2.241045832633972168e-01,5.040179729461669922e+00,-5.950179696083068848e-02,-6.835776016209875461e-02,6.300000000000000000e+01,2.209479170117093494e-01
7.999711036682128906e+00,3.195774459838867188e+01,-2.414076626300811768e-01,5.031898498535156250e+00,-6.702020019292831421e-02,-5.751317435511589526e-02,6.500000000000000000e+01,1.080432251165516916e-01
8.249725103378295898e+00,3.320699691772460938e+01,-2.605154514312744141e-01,5.024441242218017578e+00,-7.375422865152359009e-02,-4.605706620279103464e-02,6.800000000000000000e+01,1.999942489193228257e-01
8.502418041229248047e+00,3.445871734619140625e+01,-2.820229530334472656e-01,5.021690845489501953e+00,-7.957644015550613403e-02,-3.378003137980094273e-02,7.000000000000000000e+01,1.093402101074506666e-01
8.751739263534545898e+00,3.572776031494140625e+01,-3.060373365879058838e-01,5.021275520324707031e+00,-8.390705287456512451e-02,-2.123661063678943320e-02,7.300000000000000000e+01,1.567232311808822165e-01
9.002644062042236328e+00,3.698009109497070312e+01,-3.306231200695037842e-01,5.020802974700927734e+00,-8.595093339681625366e-02,-1.039387784511127191e-02,7.500000000000000000e+01,1.298114268523420656e-01
9.255624055862426758e+00,3.823345947265625000e+01,-3.554553687572479248e-01,5.020967483520507812e+00,-8.585140109062194824e-02,-1.522563808264931111e-03,7.800000000000000000e+01,1.257946963547040553e-01
9.504352092742919922e+00,3.948388290405273438e+01,-3.801126182079315186e-01,5.021094799041748047e+00,-8.378963917493820190e-02,5.276075293126619194e-03,8.000000000000000000e+01,1.433603883641826338e-01
9.756880283355712891e+00,4.073964691162109375e+01,-4.041947126388549805e-01,5.021369457244873047e+00,-7.964912801980972290e-02,9.501016364635576222e-03,8.300000000000000000e+01,9.598035650188085910e-02
1.000270009040832520e+01,4.199247741699218750e+01,-4.268665909767150879e-01,5.019474983215332031e+00,-7.448025792837142944e-02,1.164843762570035371e-02,8.500000000000000000e+01,1.670335526532075177e-01
1.025068807601928711e+01,4.324678802490234375e+01,-4.481743574142456055e-01,5.015377998352050781e+00,-6.856595724821090698e-02,1.199262434730354911e-02,8.800000000000000000e+01,6.830109055380319261e-02
1.050479793548583984e+01,4.450623321533203125e+01,-4.678892195224761963e-01,5.010836124420166016e+00,-6.245768070220947266e-02,1.085276418192577391e-02,9.000000000000000000e+01,1.985870201684208358e-01
1.075269317626953125e+01,4.576939392089843750e+01,-4.861710369586944580e-01,5.004555225372314453e+00,-5.676782131195068359e-02,8.992052420813159003e-03,9.300000000000000000e+01,2.828290044721131977e-02
1.100080013275146484e+01,4.704102706909179688e+01,-5.032753348350524902e-01,4.996951580047607422e+00,-5.154008418321609497e-02,6.610147037541144049e-03,9.600000000000000000e+01,2.451192057678550085e-01
1.125214123725891113e+01,4.829829406738281250e+01,-5.182871818542480469e-01,4.989119052886962891e+00,-4.589267075061798096e-02,2.296810783060475661e-03,9.800000000000000000e+01,2.314905122261328232e-02
1.150621318817138672e+01,4.954909896850585938e+01,-5.314154624938964844e-01,4.981736183166503906e+00,-4.066992923617362976e-02,-3.005970388795932684e-03,1.010000000000000000e+02,2.190671045958009766e-01
1.175647687911987305e+01,5.080178451538085938e+01,-5.432360172271728516e-01,4.975950241088867188e+00,-3.663668036460876465e-02,-8.160610181110713665e-03,1.030000000000000000e+02,4.250797544442123932e-02
1.199920725822448730e+01,5.205012512207031250e+01,-5.545418262481689453e-01,4.972043514251708984e+00,-3.420094400644302368e-02,-1.209476050734840415e-02,1.060000000000000000e+02,1.998626416771334957e-01
1.225248003005981445e+01,5.330087280273437500e+01,-5.654922723770141602e-01,4.967908859252929688e+00,-3.300732001662254333e-02,-1.507665243948049134e-02,1.080000000000000000e+02,5.861466609728697291e-02
1.249872303009033203e+01,5.454690170288085938e+01,-5.758293867111206055e-01,4.966013908386230469e+00,-3.267952799797058105e-02,-1.764718174540538462e-02,1.110000000000000000e+02,1.849210800236276431e-01
1.275426411628723145e+01,5.580073928833007812e+01,-5.858102440834045410e-01,4.965121269226074219e+00,-3.287500888109207153e-02,-2.004269716671560134e-02,1.130000000000000000e+02,7.615090223293248528e-02
1.300515508651733398e+01,5.706382369995117188e+01,-5.964205861091613770e-01,4.964131355285644531e+00,-3.370945528149604797e-02,-2.138719737379244507e-02,1.160000000000000000e+02,1.499967470622491639e-01
1.325565814971923828e+01,5.831305694580078125e+01,-6.070071458816528320e-01,4.962693691253662109e+00,-3.470713645219802856e-02,-2.246697210403585110e-02,1.180000000000000000e+02,1.066255294906760798e-01
1.350137305259704590e+01,5.956140899658203125e+01,-6.173691749572753906e-01,4.961899280548095703e+00,-3.579772636294364929e-02,-2.362637530305650851e-02,1.210000000000000000e+02,1.346487379705494647e-01
1.375778198242187500e+01,6.080545806884765625e+01,-6.280036568641662598e-01,4.962271690368652344e+00,-3.724151477217674255e-02,-2.420072939258237701e-02,1.230000000000000000e+02,1.174172475180762787e-01
1.400196814537048340e+01,6.205783081054687500e+01,-6.386356949806213379e-01,4.963573932647705078e+00,-3.889896348118782043e-02,-2.464393539324053611e-02,1.260000000000000000e+02,1.207435172370086018e-01
1.424988508224487305e+01,6.329362106323242188e+01,-6.493715643882751465e-01,4.962883949279785156e+00,-4.082665964961051941e-02,-2.457524740644756109e-02,1.280000000000000000e+02,1.241323809504855241e-01
1.449988508224487305e+01,6.453363800048828125e+01,-6.608934402465820312e-01,4.964980602264404297e+00,-4.334102198481559753e-02,-2.338491225023143008e-02,1.310000000000000000e+02,1.273887369414570814e-01
1.475396203994750977e+01,6.577889251708984375e+01,-6.733013391494750977e-01,4.969394207000732422e+00,-4.593115299940109253e-02,-2.150987241535911448e-02,1.330000000000000000e+02,1.277623127693166272e-01
1.500117826461791992e+01,6.704392242431640625e+01,-6.866853833198547363e-01,4.974203109741210938e+00,-4.842242971062660217e-02,-1.914786541833986624e-02,1.360000000000000000e+02,9.958285220596393983e-02
1.525506210327148438e+01,6.829491424560546875e+01,-6.996265649795532227e-01,4.976968288421630859e+00,-5.030340328812599182e-02,-1.759561357548418414e-02,1.380000000000000000e+02,1.616072297858989482e-01
1.550594997406005859e+01,6.954667663574218750e+01,-7.128016352653503418e-01,4.978007316589355469e+00,-5.226245149970054626e-02,-1.576721485671297301e-02,1.410000000000000000e+02,7.937101154150345839e-02
1.575564599037170410e+01,7.079499053955078125e+01,-7.263299822807312012e-01,4.977607727050781250e+00,-5.414270982146263123e-02,-1.369599768910445027e-02,1.430000000000000000e+02,1.796251253102477685e-01
1.600137019157409668e+01,7.204858398437500000e+01,-7.403998374938964844e-01,4.977116584777832031e+00,-5.598721653223037720e-02,-1.128358460901777820e-02,1.460000000000000000e+02,5.988859143765396659e-02
1.625063395500183105e+01,7.330025482177734375e+01,-7.548937797546386719e-01,4.976032733917236328e+00,-5.779625847935676575e-02,-8.554690601223796653e-03,1.480000000000000000e+02,2.026879920306053351e-01
1.650339412689208984e+01,7.455136871337890625e+01,-7.697746157646179199e-01,4.971913337707519531e+00,-5.945148319005966187e-02,-5.636252245780790267e-03,1.510000000000000000e+02,3.936941664714149747e-02
1.675063395500183105e+01,7.580339050292968750e+01,-7.849095463752746582e-01,4.966545581817626953e+00,-6.027756631374359131e-02,-3.343998520607469830e-03,1.530000000000000000e+02,2.236214033502585130e-01
1.699985218048095703e+01,7.705889129638671875e+01,-8.001241683959960938e-01,4.962831497192382812e+00,-6.084392592310905457e-02,-1.302242617722596278e-03,1.560000000000000000e+02,1.597200472691796477e-02
1.725180315971374512e+01,7.832035064697265625e+01,-8.153706789016723633e-01,4.958977699279785156e+00,-6.139431148767471313e-02,6.987878640710029838e-04,1.590000000000000000e+02,2.383805611196916363e-01
1.750585699081420898e+01,7.956787872314453125e+01,-8.304020762443542480e-01,4.957012653350830078e+00,-6.173430755734443665e-02,2.413169813036538866e-03,1.610000000000000000e+02,1.867237888367287782e-02
1.775589823722839355e+01,8.081079864501953125e+01,-8.453245759010314941e-01,4.956543922424316406e+00,-6.200256198644638062e-02,3.991109903223654352e-03,1.640000000000000000e+02,2.297102836376445634e-01
1.800658106803894043e+01,8.205874633789062500e+01,-8.611412644386291504e-01,4.958407402038574219e+00,-6.248667463660240173e-02,6.406397263110395757e-03,1.660000000000000000e+02,2.596006397585891995e-02
1.825002503395080566e+01,8.330311584472656250e+01,-8.770778179168701172e-01,4.960289478302001953e+00,-6.252186000347137451e-02,8.495936001211285352e-03,1.690000000000000000e+02,2.191761906511893732e-01
1.850278925895690918e+01,8.454927825927734375e+01,-8.927340507507324219e-01,4.960040569305419922e+00,-6.149009242653846741e-02,9.311455644066901974e-03,1.710000000000000000e+02,3.426749044412827350e-02
1.875370502471923828e+01,8.578874969482421875e+01,-9.078065156936645508e-01,4.960698604583740234e+00,-6.019147112965583801e-02,9.455221065211875595e-03,1.740000000000000000e+02,2.154420899739220574e-01
1.899976396560668945e+01,8.703803253173828125e+01,-9.223903417587280273e-01,4.964909076690673828e+00,-5.870736390352249146e-02,8.920536169505813642e-03,1.760000000000000000e+02,4.130312494643942345e-02
1.925609230995178223e+01,8.829676818847656250e+01,-9.365047216415405273e-01,4.968646526336669922e+00,-5.724972113966941833e-02,7.978025550700205623e-03,1.790000000000000000e+02,1.893764390670115982e-01
1.950172424316406250e+01,8.954466247558593750e+01,-9.500201940536499023e-01,4.971945285797119141e+00,-5.595722049474716187e-02,6.831831767045513926e-03,1.810000000000000000e+02,6.600226916503180996e-02
1.975836324691772461e+01,9.079378509521484375e+01,-9.632325768470764160e-01,4.974422931671142578e+00,-5.518233403563499451e-02,5.966897839152520561e-03,1.840000000000000000e+02,1.743005244266824794e-01
2.000231599807739258e+01,9.204133605957031250e+01,-9.762467741966247559e-01,4.976930618286132812e+00,-5.493428930640220642e-02,5.487936672667184657e-03,1.860000000000000000e+02,8.068447690613844703e-02
2.025576114654541016e+01,9.329737091064453125e+01,-9.893698096275329590e-01,4.977827548980712891e+00,-5.495549365878105164e-02,5.308417518818433697e-03,1.890000000000000000e+02,1.526474403223608556e-01
2.050601410865783691e+01,9.454456329345703125e+01,-1.002539038658142090e+00,4.977640151977539062e+00,-5.533508583903312683e-02,5.606708072215148969e-03,1.910000000000000000e+02,1.019324806080807028e-01
2.075349402427673340e+01,9.579426574707031250e+01,-1.015918970108032227e+00,4.974091053009033203e+00,-5.568195506930351257e-02,2.420569898553554200e+00,1.940000000000000000e+02,1.885057039619878194e-01
2.100251388549804688e+01,9.704659271240234375e+01,-1.027768731117248535e+00,4.967164993286132812e+00,-2.595929428935050964e-02,2.910983386172303788e+00,1.960000000000000000e+02,1.794695089475696892e-01
2.125635504722595215e+01,9.830928802490234375e+01,-1.005768895149230957e+00,4.928685188293457031e+00,2.508379518985748291e-01,3.191970772234863141e+00,1.980000000000000000e+02,4.547649287641958304e-01
2.150422906875610352e+01,9.953796386718750000e+01,-8.784568309783935547e-01,4.838016033172607422e+00,7.982699275016784668e-01,3.399598976588210864e+00,2.010000000000000000e+02,6.916654949348631787e-01
2.175435209274291992e+01,1.007378005981445312e+02,-6.138057708740234375e-01,4.709476947784423828e+00,1.362070441246032715e+00,3.382740257831013952e+00,2.030000000000000000e+02,8.761037203801477213e-01
2.200417613983154297e+01,1.018926162719726562e+02,-2.191890627145767212e-01,4.516312599182128906e+00,1.896766304969787598e+00,3.343479227205435667e+00,2.050000000000000000e+02,1.056661228969151045e+00
2.225747609138488770e+01,1.029915924072265625e+02,3.076726794242858887e-01,4.254352569580078125e+00,2.415010690689086914e+00,3.261268171654936321e+00,2.070000000000000000e+02,1.213413290830674285e+00
2.250135016441345215e+01,1.040142593383789062e+02,9.561375975608825684e-01,3.949847459793090820e+00,2.883624315261840820e+00,3.177527402956821234e+00,2.090000000000000000e+02,1.337846217112709457e+00
2.275686812400817871e+01,1.049555587768554688e+02,1.716408133506774902e+00,3.607080936431884766e+00,3.303096771240234375e+00,1.175138065156218214e+00,2.120000000000000000e+02,1.415406577006547817e+00
2.300035810470581055e+01,1.058117065429687500e+02,2.577344179153442383e+00,3.279445648193359375e+00,3.647759199142456055e+00,6.860024100242794187e-01,2.140000000000000000e+02,1.378377516336740438e+00
2.325502800941467285e+01,1.066123962402343750e+02,3.504674196243286133e+00,3.154690980911254883e+00,3.805607318878173828e+00,4.143680179711942135e-01,2.160000000000000000e+02,1.292257663155312430e+00
2.350673198699951172e+01,1.074011917114257812e+02,4.459440708160400391e+00,3.137003898620605469e+00,3.850935935974121094e+00,2.734829266963811345e-01,2.190000000000000000e+02,1.131659409323477306e+00
2.375409221649169922e+01,1.081773529052734375e+02,5.419401645660400391e+00,3.128204584121704102e+00,3.885583162307739258e+00,1.346419197541482704e-01,2.210000000000000000e+02,1.004491934881690529e+00
2.400622797012329102e+01,1.089494934082031250e+02,6.387926101684570312e+00,3.130226612091064453e+00,3.914438009262084961e+00,-1.146286052733602690e-03,2.240000000000000000e+02,8.244471722594632901e-01
2.425312209129333496e+01,1.097284927368164062e+02,7.369763374328613281e+00,3.143774986267089844e+00,3.934631109237670898e+00,-1.285948465276215147e-01,2.260000000000000000e+02,6.877639510224153874e-01
2.450426816940307617e+01,1.105114898681640625e+02,8.354607582092285156e+00,3.163512229919433594e+00,3.942979097366333008e+00,-2.453384193152670367e-01,2.290000000000000000e+02,4.986691235562971114e-01
2.475533795356750488e+01,1.113049392700195312e+02,9.344971656799316406e+00,3.184772968292236328e+00,3.937559843063354492e+00,-3.507280895845255597e-01,2.310000000000000000e+02,3.991505424345171416e-01
2.500364708900451660e+01,1.121044311523437500e+02,1.033199691772460938e+01,3.208968639373779297e+00,3.921159505844116211e+00,-4.421020463219012542e-01,2.340000000000000000e+02,1.842751160785581765e-01
2.525046610832214355e+01,1.129182052612304688e+02,1.132166576385498047e+01,3.236677408218383789e+00,3.892853736877441406e+00,-5.165314441498876086e-01,2.370000000000000000e+02,2.400371748629564206e-01
2.550372624397277832e+01,1.137462844848632812e+02,1.231023025512695312e+01,3.267198801040649414e+00,3.851878166198730469e+00,-5.711811395565651317e-01,2.390000000000000000e+02,1.083442200253105642e-01
2.575446295738220215e+01,1.145755615234375000e+02,1.327758789062500000e+01,3.301391363143920898e+00,3.800769329071044922e+00,-6.026788251393613294e-01,2.420000000000000000e+02,2.757007305699957778e-01
2.600583720207214355e+01,1.154165802001953125e+02,1.423313045501708984e+01,3.341710805892944336e+00,3.743870735168457031e+00,-6.120755271955848897e-01,2.440000000000000000e+02,3.311804085386376162e-01
2.625412297248840332e+01,1.162662963867187500e+02,1.517007064819335938e+01,3.386030912399291992e+00,3.683235883712768555e+00,-6.004019510514204683e-01,2.470000000000000000e+02,4.187420639492971941e-01
2.650527429580688477e+01,1.171335449218750000e+02,1.609736061096191406e+01,3.432030200958251953e+00,3.620043277740478516e+00,-5.705484095015845858e-01,2.490000000000000000e+02,4.824021289516486899e-01
2.675720024108886719e+01,1.180069503784179688e+02,1.700273895263671875e+01,3.477109670639038086e+00,3.558029651641845703e+00,-5.266105303187260667e-01,2.520000000000000000e+02,5.124637269149232566e-01
2.700521922111511230e+01,1.188949966430664062e+02,1.789473342895507812e+01,3.519874811172485352e+00,3.496751308441162109e+00,-4.695036243462798464e-01,2.540000000000000000e+02,5.539253622912431174e-01
2.725414824485778809e+01,1.197944412231445312e+02,1.877322959899902344e+01,3.558166742324829102e+00,3.439565658569335938e+00,-4.049991591838319471e-01,2.570000000000000000e+02,5.367222601502338319e-01
2.750756812095642090e+01,1.207143478393554688e+02,1.964834022521972656e+01,3.592820882797241211e+00,3.388600826263427734e+00,-3.350235894497488598e-01,2.590000000000000000e+02,5.620034267087952173e-01
2.775663113594055176e+01,1.216300659179687500e+02,2.049987411499023438e+01,3.622652769088745117e+00,3.346354007720947266e+00,-2.642838387357488439e-01,2.620000000000000000e+02,4.976756244698339327e-01
2.800573015213012695e+01,1.225539627075195312e+02,2.134211730957031250e+01,3.647994041442871094e+00,3.313582420349121094e+00,-1.943677004370747419e-01,2.640000000000000000e+02,5.095079442616258225e-01
2.825755214691162109e+01,1.234785766601562500e+02,2.217252540588378906e+01,3.667979717254638672e+00,3.289292335510253906e+00,-1.275480991421829025e-01,2.670000000000000000e+02,4.136925686270144231e-01
2.850412225723266602e+01,1.244090423583984375e+02,2.299912834167480469e+01,3.681780099868774414e+00,3.275070667266845703e+00,-6.717481844346250008e-02,2.690000000000000000e+02,4.205216470105511140e-01
2.875509619712829590e+01,1.253376464843750000e+02,2.381966018676757812e+01,3.689915657043457031e+00,3.269697427749633789e+00,-1.476805148606161362e-02,2.720000000000000000e+02,3.051813188596816384e-01
2.900547814369201660e+01,1.262644805908203125e+02,2.463659477233886719e+01,3.692355394363403320e+00,3.271227598190307617e+00,2.983489725830809972e-02,2.740000000000000000e+02,3.181085582529604161e-01
2.925097823143005371e+01,1.271924819946289062e+02,2.545611953735351562e+01,3.691144466400146484e+00,3.280907392501831055e+00,6.525309425079742209e-02,2.770000000000000000e+02,1.960893715361783918e-01
2.950195217132568359e+01,1.281230010986328125e+02,2.628143310546875000e+01,3.689269065856933594e+00,3.298412561416625977e+00,9.276692892110277588e-02,2.790000000000000000e+02,2.359943948125949875e-01
2.975837707519531250e+01,1.290580291748046875e+02,2.711678695678710938e+01,3.683998823165893555e+00,3.319505929946899414e+00,1.123933639876673884e-01,2.820000000000000000e+02,9.598583123427091579e-02
3.000671219825744629e+01,1.299827575683593750e+02,2.794859886169433594e+01,3.675824880599975586e+00,3.341336488723754883e+00,1.260829287330465787e-01,2.840000000000000000e+02,2.055058261390237673e-01
3.025391793251037598e+01,1.309012603759765625e+02,2.878261566162109375e+01,3.664899110794067383e+00,3.364105224609375000e+00,1.327348603047270315e-01,2.870000000000000000e+02,5.092026567685595251e-02
3.050729393959045410e+01,1.318195495605468750e+02,2.962563896179199219e+01,3.652576684951782227e+00,3.387941122055053711e+00,1.326102671524659049e-01,2.890000000000000000e+02,2.029024556785598565e-01
3.075373816490173340e+01,1.327320556640625000e+02,3.047284889221191406e+01,3.639379739761352539e+00,3.410650491714477539e+00,1.272933145823126333e-01,2.920000000000000000e+02,7.663477112331457120e-02
3.100141000747680664e+01,1.336480712890625000e+02,3.133236694335937500e+01,3.625243902206420898e+00,3.431365489959716797e+00,1.178075713992975670e-01,2.940000000000000000e+02,2.273200185340147061e-01
3.125560021400451660e+01,1.345553741455078125e+02,3.219236755371093750e+01,3.608927965164184570e+00,3.447700500488281250e+00,1.049344310745894404e-01,2.970000000000000000e+02,9.727956267852425065e-02
3.150475120544433594e+01,1.354634552001953125e+02,3.306157302856445312e+01,3.592677593231201172e+00,3.461017847061157227e+00,8.953038337140942216e-02,2.990000000000000000e+02,2.526220879438352274e-01
3.175382089614868164e+01,1.363737640380859375e+02,3.394038009643554688e+01,3.578185319900512695e+00,3.472139596939086914e+00,7.277116110749509703e-02,3.020000000000000000e+02,1.015713150818233906e-01
3.200793027877807617e+01,1.372721405029296875e+02,3.481386566162109375e+01,3.566002845764160156e+00,3.480893135070800781e+00,5.585122877290078780e-02,3.050000000000000000e+02,2.549989005163453282e-01
3.225391626358032227e+01,1.381638641357421875e+02,3.568606185913085938e+01,3.555157899856567383e+00,3.486759185791015625e+00,3.905725697822058640e-02,3.070000000000000000e+02,9.386636174519916165e-02
3.250273609161376953e+01,1.390552978515625000e+02,3.656206512451171875e+01,3.546620845794677734e+00,3.491639137268066406e+00,2.232393783327948911e-02,3.100000000000000000e+02,2.406665816086979992e-01
3.275373816490173340e+01,1.399469451904296875e+02,3.744215011596679688e+01,3.541090011596679688e+00,3.495487928390502930e+00,6.291716758437859540e-03,3.120000000000000000e+02,7.754569984771240987e-02
3.300096321105957031e+01,1.408293914794921875e+02,3.831467819213867188e+01,3.539561986923217773e+00,3.496721506118774414e+00,-5.814688081594821326e-03,3.150000000000000000e+02,2.276089926257881813e-01
3.325331711769104004e+01,1.417143707275390625e+02,3.919012832641601562e+01,3.540084600448608398e+00,3.496137142181396484e+00,-1.544827737953506815e-02,3.170000000000000000e+02,5.308383653889651999e-02
3.350392818450927734e+01,1.426027679443359375e+02,4.006876754760742188e+01,3.542511701583862305e+00,3.494858741760253906e+00,-2.318807622208673633e-02,3.200000000000000000e+02,2.161415275340148323e-01
3.375820112228393555e+01,1.435037536621093750e+02,4.095901489257812500e+01,3.545520544052124023e+00,3.491851806640625000e+00,-2.896557129305248751e-02,3.220000000000000000e+02,6.015763504568151510e-02
3.400530099868774414e+01,1.443934783935546875e+02,4.183697509765625000e+01,3.548173427581787109e+00,3.486979484558105469e+00,-3.288139052748569047e-02,3.250000000000000000e+02,1.854997737792232204e-01
3.425692915916442871e+01,1.452831115722656250e+02,4.271273803710937500e+01,3.551270723342895508e+00,3.481204032897949219e+00,-3.466134147788770686e-02,3.270000000000000000e+02,6.789056151672473449e-02
3.450777220726013184e+01,1.461695404052734375e+02,4.358329391479492188e+01,3.555669784545898438e+00,3.476075649261474609e+00,-3.482818894148726613e-02,3.300000000000000000e+02,1.831255142480650300e-01
3.475844812393188477e+01,1.470629730224609375e+02,4.445868682861328125e+01,3.562934398651123047e+00,3.473467350006103516e+00,-3.374406212607485717e-02,3.320000000000000000e+02,7.595420447066110470e-02
3.500132822990417480e+01,1.479464416503906250e+02,4.532189559936523438e+01,3.570067882537841797e+00,3.470586538314819336e+00,-3.114950861006970245e-02,3.350000000000000000e+02,1.865419998394076406e-01
3.525216507911682129e+01,1.488345031738281250e+02,4.618688201904296875e+01,3.577555179595947266e+00,3.468165159225463867e+00,-2.716135930765800621e-02,3.370000000000000000e+02,6.723599835985055728e-02
3.550170707702636719e+01,1.497280731201171875e+02,4.705501174926757812e+01,3.585871696472167969e+00,3.467518806457519531e+00,-2.266551715450601523e-02,3.400000000000000000e+02,1.898679528418364959e-01
3.575458908081054688e+01,1.506272583007812500e+02,4.792621231079101562e+01,3.593195438385009766e+00,3.466583490371704102e+00,-1.733175152582107706e-02,3.420000000000000000e+02,7.734201654134416348e-02
3.600516200065612793e+01,1.515355682373046875e+02,4.880460357666015625e+01,3.598854780197143555e+00,3.464666604995727539e+00,-1.152420457634393929e-02,3.450000000000000000e+02,1.626887773962459871e-01
3.625470423698425293e+01,1.524371032714843750e+02,4.967452621459960938e+01,3.602905273437500000e+00,3.462245941162109375e+00,-5.398989854916663375e-03,3.470000000000000000e+02,1.029068953896368904e-01
3.650719809532165527e+01,1.533367614746093750e+02,5.054105758666992188e+01,3.604711294174194336e+00,3.459142446517944336e+00,5.448440181104408303e-04,3.500000000000000000e+02,1.479782994544094621e-01
3.675454902648925781e+01,1.542397613525390625e+02,5.141027450561523438e+01,3.605429887771606445e+00,3.456261634826660156e+00,5.880567359828892116e-03,3.520000000000000000e+02,1.152878135067967880e-01
3.700381016731262207e+01,1.551402893066406250e+02,5.227625274658203125e+01,3.605083703994750977e+00,3.453234910964965820e+00,1.105351055697796625e-02,3.550000000000000000e+02,1.321188498007678513e-01
3.725494027137756348e+01,1.560403900146484375e+02,5.314112854003906250e+01,3.603105783462524414e+00,3.449730634689331055e+00,1.581930075335805791e-02,3.570000000000000000e+02,1.233809215631056777e-01
3.750667500495910645e+01,1.569431762695312500e+02,5.400837326049804688e+01,3.601463556289672852e+00,3.447552442550659180e+00,1.998698954245210768e-02,3.600000000000000000e+02,1.189050672037886697e-01
3.775416922569274902e+01,1.578492126464843750e+02,5.487838363647460938e+01,3.600075483322143555e+00,3.446314096450805664e+00,2.386348365207249453e-02,3.620000000000000000e+02,1.425604356287166197e-01
3.800573611259460449e+01,1.587612915039062500e+02,5.575459289550781250e+01,3.597322702407836914e+00,3.444940567016601562e+00,2.669046498924496774e-02,3.650000000000000000e+02,8.553944721314526989e-02
3.825903415679931641e+01,1.596634979248046875e+02,5.662149429321289062e+01,3.593992710113525391e+00,3.443851709365844727e+00,2.876816959232222567e-02,3.670000000000000000e+02,1.705306963609624915e-01
3.851018905639648438e+01,1.605612335205078125e+02,5.748464202880859375e+01,3.590878725051879883e+00,3.443223953247070312e+00,3.034153101711583103e-02,3.700000000000000000e+02,7.739902648957530662e-02
3.875751209259033203e+01,1.614611663818359375e+02,5.835039520263671875e+01,3.588788986206054688e+00,3.443717002868652344e+00,3.155557798472107683e-02,3.720000000000000000e+02,1.771033218423946343e-01
3.900737810134887695e+01,1.623641052246093750e+02,5.922058105468750000e+01,3.587421894073486328e+00,3.445876836776733398e+00,3.123100221939491272e-02,3.750000000000000000e+02,6.396107896775199420e-02
3.925855898857116699e+01,1.632560272216796875e+02,6.008061218261718750e+01,3.584855556488037109e+00,3.446611881256103516e+00,3.080761033574279731e-02,3.770000000000000000e+02,1.826117272903788058e-01
3.950252914428710938e+01,1.641482238769531250e+02,6.094170379638671875e+01,3.582712650299072266e+00,3.447866678237915039e+00,2.986479606599934389e-02,3.800000000000000000e+02,7.372338248971165020e-02
3.975722026824951172e+01,1.650460815429687500e+02,6.180926895141601562e+01,3.583098173141479492e+00,3.451666831970214844e+00,2.831108525945420784e-02,3.820000000000000000e+02,1.834744393532045104e-01
4.000411319732666016e+01,1.659506072998046875e+02,6.268352127075195312e+01,3.584549188613891602e+00,3.455861568450927734e+00,2.709046066815014656e-02,3.850000000000000000e+02,5.684646926054805899e-02
4.025783920288085938e+01,1.668471679687500000e+02,6.355083084106445312e+01,3.585867404937744141e+00,3.459657907485961914e+00,2.563595793067764000e-02,3.870000000000000000e+02,2.009740674214661738e-01
4.050824117660522461e+01,1.677442474365234375e+02,6.441948699951171875e+01,3.586873292922973633e+00,3.462964296340942383e+00,2.384425227034291106e-02,3.900000000000000000e+02,4.949301247610801702e-02
4.076077604293823242e+01,1.686385650634765625e+02,6.528675842285156250e+01,3.587433099746704102e+00,3.465669393539428711e+00,2.145309942468629633e-02,3.920000000000000000e+02,2.073722157501118601e-01
4.100510120391845703e+01,1.695402526855468750e+02,6.616133880615234375e+01,3.588282823562622070e+00,3.467915296554565430e+00,1.949517369062429492e-02,3.950000000000000000e+02,3.617934416026061945e-02
4.125656127929687500e+01,1.704348907470703125e+02,6.702915954589843750e+01,3.588366985321044922e+00,3.468629360198974609e+00,1.806375889985269503e-02,3.970000000000000000e+02,2.216931042998659673e-01
4.150721621513366699e+01,1.713326873779296875e+02,6.789951324462890625e+01,3.586455821990966797e+00,3.466649293899536133e+00,1.746364382548938610e-02,4.000000000000000000e+02,2.774340820648841383e-02
4.175627708435058594e+01,1.722319641113281250e+02,6.877124023437500000e+01,3.584145307540893555e+00,3.463776111602783203e+00,2.454530538789563732e+00,4.020000000000000000e+02,2.256607017545761706e-01
4.200615406036376953e+01,1.731409454345703125e+02,6.965562438964843750e+01,3.557434082031250000e+00,3.481398820877075195e+00,3.166041681516490680e+00,4.050000000000000000e+02,2.704177793919201322e-01
4.225646519660949707e+01,1.740101013183593750e+02,7.054792022705078125e+01,3.335141181945800781e+00,3.649328947067260742e+00,3.459786958986069916e+00,4.070000000000000000e+02,5.356612104292824972e-01
4.250683498382568359e+01,1.747900543212890625e+02,7.150423431396484375e+01,2.855907917022705078e+00,3.986902713775634766e+00,3.432242541822762227e+00,4.090000000000000000e+02,8.294363776954912781e-01
4.275564312934875488e+01,1.754402923583984375e+02,7.254000091552734375e+01,2.325508356094360352e+00,4.315365314483642578e+00,3.570718575554179708e+00,4.120000000000000000e+02,1.039699992167434139e+00
4.300730609893798828e+01,1.759662933349609375e+02,7.364658355712890625e+01,1.806275010108947754e+00,4.559885025024414062e+00,3.539067717546859004e+00,4.140000000000000000e+02,1.220885217548220991e+00
4.325366020202636719e+01,1.763568725585937500e+02,7.479966735839843750e+01,1.243976593017578125e+00,4.730522632598876953e+00,3.447144392720958628e+00,4.160000000000000000e+02,1.376441894805942923e+00
4.350546407699584961e+01,1.766030578613281250e+02,7.598899841308593750e+01,6.621515750885009766e-01,4.837069988250732422e+00,3.316495605930429136e+00,4.180000000000000000e+02,1.494619159936431796e+00
4.375602316856384277e+01,1.767046203613281250e+02,7.720269012451171875e+01,9.513351321220397949e-02,4.881072521209716797e+00,3.188225682846636211e+00,4.200000000000000000e+02,1.576852013288031928e+00
4.400188708305358887e+01,1.766674194335937500e+02,7.842409515380859375e+01,-4.480796158313751221e-01,4.864130496978759766e+00,3.260147829682169984e+00,4.230000000000000000e+02,1.627764127559714114e+00
4.425477623939514160e+01,1.764977722167968750e+02,7.963823699951171875e+01,-9.699714183807373047e-01,4.787584781646728516e+00,3.134172679602784228e+00,4.250000000000000000e+02,1.630766616292479432e+00
4.450453615188598633e+01,1.761996459960937500e+02,8.081435394287109375e+01,-1.486678242683410645e+00,4.654910564422607422e+00,2.984006940386014772e+00,4.270000000000000000e+02,1.611656942157132288e+00
4.476116609573364258e+01,1.757760009765625000e+02,8.195007324218750000e+01,-1.975431203842163086e+00,4.485142707824707031e+00,2.843703410656825525e+00,4.290000000000000000e+02,1.568917793563684215e+00
4.500721716880798340e+01,1.752341156005859375e+02,8.304561614990234375e+01,-2.420851707458496094e+00,4.287568092346191406e+00,2.728789347213914862e+00,4.310000000000000000e+02,1.511497956829518818e+00
4.525869321823120117e+01,1.745823364257812500e+02,8.409307098388671875e+01,-2.829523801803588867e+00,4.059193134307861328e+00,2.625705925600286150e+00,4.330000000000000000e+02,1.449997951047484968e+00
4.550641608238220215e+01,1.738387756347656250e+02,8.507088470458984375e+01,-3.197983264923095703e+00,3.805722475051879883e+00,1.130572463006059430e-01,4.360000000000000000e+02,1.283749480840788326e+00
4.575846910476684570e+01,1.730049133300781250e+02,8.598980712890625000e+01,-3.501056671142578125e+00,3.569542407989501953e+00,-4.621667595789447636e-01,4.380000000000000000e+02,1.035279140107719043e+00
4.600372195243835449e+01,1.721115264892578125e+02,8.688018035888671875e+01,-3.595041513442993164e+00,3.532281398773193359e+00,-8.066153569391394385e-01,4.410000000000000000e+02,7.071508380870789034e-01
4.625783610343933105e+01,1.712130737304687500e+02,8.778990936279296875e+01,-3.500109672546386719e+00,3.660147190093994141e+00,-9.017654874421904276e-01,4.430000000000000000e+02,3.990794012588786965e-01
4.650965714454650879e+01,1.703463897705078125e+02,8.872043609619140625e+01,-3.388462305068969727e+00,3.784384965896606445e+00,-9.601413866617121151e-01,4.460000000000000000e+02,1.570397626613008468e-01
4.675916433334350586e+01,1.695030059814453125e+02,8.967766571044921875e+01,-3.279545307159423828e+00,3.889732599258422852e+00,-1.006760556498648596e+00,4.480000000000000000e+02,2.016646230865004330e-01
4.701035809516906738e+01,1.686881866455078125e+02,9.065695190429687500e+01,-3.163441658020019531e+00,3.986603736877441406e+00,-1.023656792461238751e+00,4.510000000000000000e+02,3.796272371066140017e-01
4.725753808021545410e+01,1.678982696533203125e+02,9.166737365722656250e+01,-3.043320417404174805e+00,4.073828697204589844e+00,-1.012106225687075423e+00,4.530000000000000000e+02,5.668913036941761741e-01
4.750754523277282715e+01,1.671463623046875000e+02,9.268943023681640625e+01,-2.925060272216796875e+00,4.147458553314208984e+00,-9.776648715293795311e-01,4.560000000000000000e+02,6.797974216165877381e-01
4.775857901573181152e+01,1.664217224121093750e+02,9.373476409912109375e+01,-2.809531927108764648e+00,4.209997653961181641e+00,-9.227516196370078028e-01,4.580000000000000000e+02,8.072187704585829238e-01
4.800259113311767578e+01,1.657226409912109375e+02,9.480088806152343750e+01,-2.700201034545898438e+00,4.263888835906982422e+00,-8.519593825937155085e-01,4.610000000000000000e+02,8.475344110537348374e-01
4.826025223731994629e+01,1.650431671142578125e+02,9.589427185058593750e+01,-2.594843626022338867e+00,4.308413028717041016e+00,-7.652248506725232158e-01,4.640000000000000000e+02,9.108282990814199342e-01
4.850575113296508789e+01,1.643987426757812500e+02,9.698505401611328125e+01,-2.499794006347656250e+00,4.345026969909667969e+00,-6.693666865438676616e-01,4.660000000000000000e+02,8.970152859397411138e-01
4.875715303421020508e+01,1.637780151367187500e+02,9.808493041992187500e+01,-2.414433002471923828e+00,4.376945018768310547e+00,-5.656626726949124384e-01,4.690000000000000000e+02,8.954977966307403614e-01
4.900636911392211914e+01,1.631796722412109375e+02,9.918932342529296875e+01,-2.341557025909423828e+00,4.403939247131347656e+00,-4.593675599497010764e-01,4.710000000000000000e+02,8.466615229858168723e-01
4.925904512405395508e+01,1.625977783203125000e+02,1.003029098510742188e+02,-2.280586481094360352e+00,4.428163051605224609e+00,-3.510626073079607390e-01,4.740000000000000000e+02,7.991202841325620865e-01
4.950796318054199219e+01,1.620325927734375000e+02,1.014177398681640625e+02,-2.232161045074462891e+00,4.447607040405273438e+00,-2.447763850668135954e-01,4.760000000000000000e+02,7.220481896425554602e-01
4.975966119766235352e+01,1.614801635742187500e+02,1.025331497192382812e+02,-2.195821046829223633e+00,4.459126472473144531e+00,-1.440697510625312261e-01,4.790000000000000000e+02,6.478284825513997980e-01
5.000528001785278320e+01,1.609349060058593750e+02,1.036525192260742188e+02,-2.173712491989135742e+00,4.468612670898437500e+00,-5.073821791097937045e-02,4.810000000000000000e+02,5.503133243535455188e-01
5.025810718536376953e+01,1.603921508789062500e+02,1.047768249511718750e+02,-2.167341470718383789e+00,4.475642681121826172e+00,3.118420344234150085e-02,4.840000000000000000e+02,4.682933262840297539e-01
5.050812125205993652e+01,1.598465423583984375e+02,1.059099197387695312e+02,-2.173955678939819336e+00,4.478984355926513672e+00,1.017144075882566584e-01,4.860000000000000000e+02,3.658463146691808277e-01
5.075609612464904785e+01,1.593034667968750000e+02,1.070320205688476562e+02,-2.191409587860107422e+00,4.477691650390625000e+00,1.582927537687361386e-01,4.890000000000000000e+02,2.877330460012024194e-01
5.101042819023132324e+01,1.587568359375000000e+02,1.081500625610351562e+02,-2.217183113098144531e+00,4.471890926361083984e+00,2.017649337621501837e-01,4.910000000000000000e+02,1.983059536797293632e-01
5.125547122955322266e+01,1.582008514404296875e+02,1.092691650390625000e+02,-2.249923706054687500e+00,4.460979461669921875e+00,2.310357997986550171e-01,4.940000000000000000e+02,1.586162723358194027e-01
5.150542426109313965e+01,1.576338348388671875e+02,1.103883743286132812e+02,-2.287251234054565430e+00,4.445795059204101562e+00,2.469810704816776670e-01,4.960000000000000000e+02,1.230754070925852428e-01
5.175441217422485352e+01,1.570602722167968750e+02,1.114959182739257812e+02,-2.326872110366821289e+00,4.428019523620605469e+00,2.507637495353799428e-01,4.990000000000000000e+02,1.335271494751583687e-01
5.200924897193908691e+01,1.564757232666015625e+02,1.126018600463867188e+02,-2.365264892578125000e+00,4.406483650207519531e+00,2.456979907229051574e-01,5.010000000000000000e+02,1.642035282968833665e-01
5.225474834442138672e+01,1.558782348632812500e+02,1.137082977294921875e+02,-2.401822328567504883e+00,4.383609294891357422e+00,2.329914923804258520e-01,5.040000000000000000e+02,1.737077051720695986e-01
5.250932407379150391e+01,1.552673034667968750e+02,1.148161010742187500e+02,-2.437420845031738281e+00,4.361435413360595703e+00,2.129531217342054417e-01,5.060000000000000000e+02,2.345247071222225366e-01
5.276006913185119629e+01,1.546534576416015625e+02,1.159075927734375000e+02,-2.469743728637695312e+00,4.340884685516357422e+00,1.882337304599351890e-01,5.090000000000000000e+02,1.991135429381383770e-01
5.300740814208984375e+01,1.540315399169921875e+02,1.169936981201171875e+02,-2.497700691223144531e+00,4.321094036102294922e+00,1.601127148099942554e-01,5.110000000000000000e+02,2.640433997263844090e-01
5.326051521301269531e+01,1.534045715332031250e+02,1.180702972412109375e+02,-2.522287607192993164e+00,4.303556919097900391e+00,1.289609067302329992e-01,5.140000000000000000e+02,2.017701110421388777e-01
5.350926327705383301e+01,1.527675323486328125e+02,1.191494827270507812e+02,-2.543623208999633789e+00,4.290310859680175781e+00,9.710170607471904636e-02,5.160000000000000000e+02,2.651198206701901317e-01
5.375976395606994629e+01,1.521319274902343750e+02,1.202148590087890625e+02,-2.560119152069091797e+00,4.281483173370361328e+00,6.726994068660799297e-02,5.190000000000000000e+02,1.779356953809362596e-01
5.400623011589050293e+01,1.514902038574218750e+02,1.212818908691406250e+02,-2.572000265121459961e+00,4.273937225341796875e+00,3.858037768091322761e-02,5.210000000000000000e+02,2.419027519165193041e-01
5.425626230239868164e+01,1.508433532714843750e+02,1.223508758544921875e+02,-2.579836845397949219e+00,4.269456386566162109e+00,1.226140480419491557e-02,5.240000000000000000e+02,1.370700660769505197e-01
5.450879693031311035e+01,1.501861419677734375e+02,1.234330673217773438e+02,-2.582892894744873047e+00,4.268081665039062500e+00,-1.016811327172913691e-02,5.260000000000000000e+02,2.409479165097593578e-01
5.475779318809509277e+01,1.495372161865234375e+02,1.245003433227539062e+02,-2.581842899322509766e+00,4.268565654754638672e+00,-2.838113384793647387e-02,5.290000000000000000e+02,8.106192033025369503e-02
5.500753116607666016e+01,1.488888397216796875e+02,1.255680465698242188e+02,-2.577360630035400391e+00,4.271143436431884766e+00,-4.204075263393112355e-02,5.310000000000000000e+02,2.345778255095249398e-01
5.526115202903747559e+01,1.482442932128906250e+02,1.266325988769531250e+02,-2.570144414901733398e+00,4.275406360626220703e+00,-5.114907715084795331e-02,5.340000000000000000e+02,3.601517222535184637e-02
5.550599098205566406e+01,1.475996704101562500e+02,1.277015686035156250e+02,-2.561907529830932617e+00,4.281702518463134766e+00,-5.668133675113981584e-02,5.360000000000000000e+02,2.336962987207000519e-01
5.575473523139953613e+01,1.469588012695312500e+02,1.287684936523437500e+02,-2.553426504135131836e+00,4.289076805114746094e+00,-5.974750113755628728e-02,5.390000000000000000e+02,1.676322720270786645e-02
5.600702810287475586e+01,1.463197174072265625e+02,1.298373565673828125e+02,-2.544325590133666992e+00,4.295903682708740234e+00,-6.060588871215575463e-02,5.410000000000000000e+02,2.369565764025318710e-01
5.626036715507507324e+01,1.456824188232421875e+02,1.309083099365234375e+02,-2.534219980239868164e+00,4.302111625671386719e+00,-5.889151155489925210e-02,5.440000000000000000e+02,3.856237363373200833e-02
5.650575113296508789e+01,1.450462646484375000e+02,1.319843902587890625e+02,-2.524096727371215820e+00,4.310497760772705078e+00,-5.331321850389151434e-02,5.460000000000000000e+02,2.488364148683794297e-01
5.675846505165100098e+01,1.444081268310546875e+02,1.330711059570312500e+02,-2.514468431472778320e+00,4.320075511932373047e+00,-4.476157860202338579e-02,5.490000000000000000e+02,5.383078503241800483e-02
5.700750517845153809e+01,1.437774200439453125e+02,1.341505584716796875e+02,-2.506328344345092773e+00,4.328668117523193359e+00,-3.583692074954849399e-02,5.520000000000000000e+02,2.367274873151902770e-01
5.726067113876342773e+01,1.431498413085937500e+02,1.352283020019531250e+02,-2.498903989791870117e+00,4.334746360778808594e+00,-2.734425962520737122e-02,5.540000000000000000e+02,6.089635177038806024e-02
5.750574111938476562e+01,1.425219726562500000e+02,1.363107757568359375e+02,-2.490964412689208984e+00,4.338381290435791016e+00,-1.795890981311425855e-02,5.570000000000000000e+02,2.260816369687946026e-01
5.776028418540954590e+01,1.418933410644531250e+02,1.373986968994140625e+02,-2.483435153961181641e+00,4.340923786163330078e+00,-7.855594035198806141e-03,5.590000000000000000e+02,6.783024552008359853e-02
5.800779390335083008e+01,1.412719421386718750e+02,1.384765319824218750e+02,-2.476530313491821289e+00,4.341941833496093750e+00,1.871408261301548727e-03,5.620000000000000000e+02,2.116375580269586609e-01
5.825517702102661133e+01,1.406501922607421875e+02,1.395592041015625000e+02,-2.470452308654785156e+00,4.342960357666015625e+00,1.253020763289400610e-02,5.640000000000000000e+02,6.378174461565037923e-02
5.850378513336181641e+01,1.400258941650390625e+02,1.406496276855468750e+02,-2.465630769729614258e+00,4.343849182128906250e+00,2.334396773371880118e-02,5.670000000000000000e+02,1.916070444328667743e-01
5.875993394851684570e+01,1.393985595703125000e+02,1.417476348876953125e+02,-2.461821317672729492e+00,4.343059062957763672e+00,3.335873793622093353e-02,5.690000000000000000e+02,8.497333128176057238e-02
5.900687527656555176e+01,1.387781829833984375e+02,1.428345336914062500e+02,-2.459562540054321289e+00,4.340968608856201172e+00,4.171155082245851103e-02,5.720000000000000000e+02,1.607281554168325799e-01
5.925924110412597656e+01,1.381583557128906250e+02,1.439209594726562500e+02,-2.459004878997802734e+00,4.338712215423583984e+00,4.868482327421564532e-02,5.740000000000000000e+02,9.601063623367177280e-02
5.950644612312316895e+01,1.375409393310546875e+02,1.450031738281250000e+02,-2.460044860839843750e+00,4.336627960205078125e+00,5.433279278656007877e-02,5.770000000000000000e+02,1.508003795453304596e-01
5.975919008255004883e+01,1.369188842773437500e+02,1.460924530029296875e+02,-2.463068723678588867e+00,4.334648609161376953e+00,5.795806670538349026e-02,5.790000000000000000e+02,1.093969376211855887e-01
6.000568699836730957e+01,1.363023681640625000e+02,1.471693572998046875e+02,-2.466627359390258789e+00,4.331219673156738281e+00,5.928199518640171750e-02,5.820000000000000000e+02,1.445517149789587175e-01
6.025937414169311523e+01,1.356846771240234375e+02,1.482459411621093750e+02,-2.470261096954345703e+00,4.326972484588623047e+00,5.921175474579144088e-02,5.840000000000000000e+02,1.068436526815888382e-01
6.050951409339904785e+01,1.350640411376953125e+02,1.493251037597656250e+02,-2.475580453872680664e+00,4.325630664825439453e+00,5.818777747640344056e-02,5.870000000000000000e+02,1.481953343721895966e-01
6.076247811317443848e+01,1.344331512451171875e+02,1.504193878173828125e+02,-2.482067346572875977e+00,4.325993061065673828e+00,5.604008938743796492e-02,5.890000000000000000e+02,1.292419521743956301e-01
6.100630927085876465e+01,1.338080291748046875e+02,1.514999694824218750e+02,-2.487893342971801758e+00,4.325914859771728516e+00,5.277075518960709644e-02,5.920000000000000000e+02,1.268026177792341003e-01
6.125753402709960938e+01,1.331814880371093750e+02,1.525803222656250000e+02,-2.492724180221557617e+00,4.325312137603759766e+00,4.905219280708323498e-02,5.940000000000000000e+02,1.395480869672311719e-01
6.151043915748596191e+01,1.325561981201171875e+02,1.536578979492187500e+02,-2.496328353881835938e+00,4.325024604797363281e+00,4.630775487148567487e-02,5.970000000000000000e+02,1.204736289379741143e-01
6.175964498519897461e+01,1.319275817871093750e+02,1.547396087646484375e+02,-2.499491453170776367e+00,4.324834823608398438e+00,4.337248145930281545e-02,5.990000000000000000e+02,1.487796346385308610e-01
6.200598716735839844e+01,1.312998657226562500e+02,1.558170013427734375e+02,-2.501786470413208008e+00,4.323298931121826172e+00,3.942072080950793922e-02,6.020000000000000000e+02,1.100154490940417756e-01
6.225710415840148926e+01,1.306718597412109375e+02,1.568943786621093750e+02,-2.502734899520874023e+00,4.321122169494628906e+00,3.610350128529563052e-02,6.040000000000000000e+02,1.541692468491848989e-01
6.250674510002136230e+01,1.300409393310546875e+02,1.579760284423828125e+02,-2.503744840621948242e+00,4.320128440856933594e+00,2.225901783944370216e+00,6.070000000000000000e+02,8.944012718010750651e-02
6.276030898094177246e+01,1.294067840576171875e+02,1.590611419677734375e+02,-2.527957677841186523e+00,4.301215648651123047e+00,2.654983731288224291e+00,6.090000000000000000e+02,2.443450411650872067e-01
6.300738620758056641e+01,1.287409820556640625e+02,1.601322326660156250e+02,-2.747439622879028320e+00,4.130227088928222656e+00,3.076215880040124695e+00,6.120000000000000000e+02,3.338802243608834930e-01
6.326032733917236328e+01,1.280023345947265625e+02,1.611278686523437500e+02,-3.145746231079101562e+00,3.802211999893188477e+00,3.072476579707005939e+00,6.140000000000000000e+02,5.683328484747338649e-01
6.351024317741394043e+01,1.271689605712890625e+02,1.620332183837890625e+02,-3.541768312454223633e+00,3.430217504501342773e+00,3.240023820054667603e+00,6.170000000000000000e+02,7.332104067167329875e-01
6.375742697715759277e+01,1.262440567016601562e+02,1.628471679687500000e+02,-3.882790803909301758e+00,3.036230564117431641e+00,3.227780300678257497e+00,6.190000000000000000e+02,8.993818672103404133e-01
6.400823616981506348e+01,1.252375106811523438e+02,1.635582275390625000e+02,-4.185025691986083984e+00,2.583334684371948242e+00,3.164782837395239135e+00,6.210000000000000000e+02,1.078129781602451764e+00
6.425668096542358398e+01,1.241707763671875000e+02,1.641456909179687500e+02,-4.436233520507812500e+00,2.104972600936889648e+00,3.297069837936694725e+00,6.240000000000000000e+02,1.185962689807909864e+00
6.450952291488647461e+01,1.230430526733398438e+02,1.646154785156250000e+02,-4.630238056182861328e+00,1.620043635368347168e+00,3.235262494381847986e+00,6.260000000000000000e+02,1.277786660910402938e+00
6.476039099693298340e+01,1.218644027709960938e+02,1.649610748291015625e+02,-4.772351741790771484e+00,1.097500681877136230e+00,3.130667936023664222e+00,6.280000000000000000e+02,1.355918314559052984e+00
6.500978517532348633e+01,1.206536636352539062e+02,1.651757354736328125e+02,-4.859776020050048828e+00,5.680265426635742188e-01,3.015717994249437428e+00,6.300000000000000000e+02,1.417477776055642291e+00
6.525917315483093262e+01,1.194396133422851562e+02,1.652591552734375000e+02,-4.896664619445800781e+00,6.135326251387596130e-02,3.116902565132928515e+00,6.330000000000000000e+02,1.451578647043954673e+00
6.550878906250000000e+01,1.182210845947265625e+02,1.652173767089843750e+02,-4.887757778167724609e+00,-4.349518120288848877e-01,3.029277183556937203e+00,6.350000000000000000e+02,1.447146117402807741e+00
6.575909829139709473e+01,1.170143432617187500e+02,1.650500640869140625e+02,-4.826835632324218750e+00,-9.425407648086547852e-01,7.758625230500880710e-01,6.370000000000000000e+02,1.420316641021315496e+00
6.600704407691955566e+01,1.158177719116210938e+02,1.647586822509765625e+02,-4.746081352233886719e+00,-1.388931989669799805e+00,2.347430149908957264e-01,6.390000000000000000e+02,1.316596119566695755e+00
6.625849127769470215e+01,1.146403961181640625e+02,1.643911132812500000e+02,-4.746065139770507812e+00,-1.551163673400878906e+00,-6.962146773805451272e-02,6.420000000000000000e+02,1.088008967792152282e+00
6.650772213935852051e+01,1.134511642456054688e+02,1.640061798095703125e+02,-4.787484645843505859e+00,-1.527921080589294434e+00,-2.014453192657978398e-01,6.440000000000000000e+02,8.904219520292285805e-01
6.675767922401428223e+01,1.122501983642578125e+02,1.636241760253906250e+02,-4.820752620697021484e+00,-1.490930795669555664e+00,-3.229721432305636686e-01,6.470000000000000000e+02,6.520367758370155808e-01
6.700988602638244629e+01,1.110259780883789062e+02,1.632424926757812500e+02,-4.849781513214111328e+00,-1.447944283485412598e+00,-4.400129594089300933e-01,6.490000000000000000e+02,4.892932658070330842e-01
6.726295614242553711e+01,1.098098220825195312e+02,1.628777313232421875e+02,-4.876265048980712891e+00,-1.392088294029235840e+00,-5.346795763287890413e-01,6.520000000000000000e+02,2.407962105108329143e-01
6.751171994209289551e+01,1.085866699218750000e+02,1.625279846191406250e+02,-4.899383544921875000e+00,-1.326928257942199707e+00,-6.093411035525507780e-01,6.540000000000000000e+02,2.492683700205190755e-01
6.776395606994628906e+01,1.073615875244140625e+02,1.621974182128906250e+02,-4.917750835418701172e+00,-1.255114436149597168e+00,-6.632242837806112679e-01,6.570000000000000000e+02,1.039950360677690394e-01
6.800962305068969727e+01,1.061260299682617188e+02,1.618841247558593750e+02,-4.933161258697509766e+00,-1.177944421768188477e+00,-6.973972820657849958e-01,6.600000000000000000e+02,3.321547929964234203e-01
6.825957512855529785e+01,1.048903274536132812e+02,1.615926818847656250e+02,-4.943788528442382812e+00,-1.095741987228393555e+00,-7.096103151653835317e-01,6.620000000000000000e+02,3.723659287292480635e-01
6.850786304473876953e+01,1.036515350341796875e+02,1.613228607177734375e+02,-4.949906349182128906e+00,-1.009901046752929688e+00,-7.009878260488980883e-01,6.650000000000000000e+02,5.046984054247974916e-01
6.875690913200378418e+01,1.024055633544921875e+02,1.610748291015625000e+02,-4.954628467559814453e+00,-9.218649268150329590e-01,-6.723165339766528081e-01,6.670000000000000000e+02,5.542267117362669193e-01
6.901114392280578613e+01,1.011531066894531250e+02,1.608476715087890625e+02,-4.958110809326171875e+00,-8.336766958236694336e-01,-6.266581814112668347e-01,6.700000000000000000e+02,6.184689230936623039e-01
6.926135516166687012e+01,9.989216613769531250e+01,1.606420593261718750e+02,-4.957861423492431641e+00,-7.470285892486572266e-01,-5.653058723778540129e-01,6.720000000000000000e+02,6.533222521705321917e-01
6.951260423660278320e+01,9.864347839355468750e+01,1.604607391357421875e+02,-4.957184314727783203e+00,-6.652483940124511719e-01,-4.917014193316046611e-01,6.750000000000000000e+02,6.540208370727232934e-01
6.976248502731323242e+01,9.739949798583984375e+01,1.603006286621093750e+02,-4.956232547760009766e+00,-5.908017754554748535e-01,-4.099846278876911887e-01,6.770000000000000000e+02,6.612593178037602382e-01
7.000836515426635742e+01,9.615055847167968750e+01,1.601575469970703125e+02,-4.956859111785888672e+00,-5.266847610473632812e-01,-3.252710629287858812e-01,6.800000000000000000e+02,6.158331650941908375e-01
7.025744414329528809e+01,9.489885711669921875e+01,1.600295562744140625e+02,-4.957610130310058594e+00,-4.730147719383239746e-01,-2.393624744749723865e-01,6.820000000000000000e+02,6.021909234712458092e-01
7.050868511199951172e+01,9.366308593750000000e+01,1.599154815673828125e+02,-4.956794738769531250e+00,-4.308863282203674316e-01,-1.561804899350505982e-01,6.850000000000000000e+02,5.198752070160960193e-01
7.075849294662475586e+01,9.242667388916015625e+01,1.598107757568359375e+02,-4.956280708312988281e+00,-4.016329050064086914e-01,-7.863727944022794181e-02,6.870000000000000000e+02,4.885773956230621828e-01
7.100672698020935059e+01,9.118188476562500000e+01,1.597116851806640625e+02,-4.960965156555175781e+00,-3.845037519931793213e-01,-7.594164894084287978e-03,6.900000000000000000e+02,3.889601578156748896e-01
7.126319694519042969e+01,8.992723083496093750e+01,1.596151733398437500e+02,-4.967345237731933594e+00,-3.796377182006835938e-01,5.456420702372032083e-02,6.920000000000000000e+02,3.658684871066356648e-01
7.151315832138061523e+01,8.868450164794921875e+01,1.595195007324218750e+02,-4.971792697906494141e+00,-3.865318298339843750e-01,1.044647338577258111e-01,6.950000000000000000e+02,2.432823324823637778e-01
7.176210117340087891e+01,8.744100952148437500e+01,1.594207763671875000e+02,-4.974408149719238281e+00,-4.024759829044342041e-01,1.430900540261931808e-01,6.970000000000000000e+02,2.556608619650647118e-01
7.201015210151672363e+01,8.620057678222656250e+01,1.593174591064453125e+02,-4.976516246795654297e+00,-4.247399270534515381e-01,1.716580172620914280e-01,7.000000000000000000e+02,1.170962003093364567e-01
7.226074028015136719e+01,8.495092010498046875e+01,1.592071228027343750e+02,-4.978505134582519531e+00,-4.525373876094818115e-01,1.903899125562151795e-01,7.020000000000000000e+02,2.035978193255447710e-01
7.251132702827453613e+01,8.371263122558593750e+01,1.590902099609375000e+02,-4.978108406066894531e+00,-4.830016195774078369e-01,1.999845898364052965e-01,7.050000000000000000e+02,5.330772320060860742e-02
7.275922513008117676e+01,8.246870422363281250e+01,1.589650115966796875e+02,-4.975905895233154297e+00,-5.147815346717834473e-01,2.022665049046847852e-01,7.070000000000000000e+02,2.073156913554455028e-01
7.301005220413208008e+01,8.122011566162109375e+01,1.588299560546875000e+02,-4.972253799438476562e+00,-5.471422076225280762e-01,1.966649781992791390e-01,7.100000000000000000e+02,9.527625331579787915e-02
7.326132822036743164e+01,7.995613861083984375e+01,1.586849212646484375e+02,-4.965813636779785156e+00,-5.778748393058776855e-01,1.861740791159991470e-01,7.120000000000000000e+02,2.631984010409908481e-01
7.351169419288635254e+01,7.871147918701171875e+01,1.585343475341796875e+02,-4.956840515136718750e+00,-6.059573292732238770e-01,1.716001899920695795e-01,7.150000000000000000e+02,1.328290595896081394e-01
7.376347899436950684e+01,7.746923828125000000e+01,1.583768005371093750e+02,-4.948483943939208984e+00,-6.318361759185791016e-01,1.536614770313368683e-01,7.180000000000000000e+02,2.851263087480447878e-01
7.401204299926757812e+01,7.623323059082031250e+01,1.582134246826171875e+02,-4.941423892974853516e+00,-6.543115377426147461e-01,1.341500154002596701e-01,7.200000000000000000e+02,1.492850562945903514e-01
7.426208305358886719e+01,7.499539947509765625e+01,1.580442657470703125e+02,-4.936150074005126953e+00,-6.736192703247070312e-01,1.138007840162263556e-01,7.230000000000000000e+02,2.827675072257358480e-01
7.451085424423217773e+01,7.376302337646484375e+01,1.578706054687500000e+02,-4.933659553527832031e+00,-6.895428299903869629e-01,9.321201980783140606e-02,7.250000000000000000e+02,1.430779772271423833e-01
7.476092314720153809e+01,7.253110504150390625e+01,1.576928253173828125e+02,-4.932373046875000000e+00,-7.022144198417663574e-01,7.281558515713067170e-02,7.280000000000000000e+02,2.761964680918970183e-01
7.500697302818298340e+01,7.129481506347656250e+01,1.575102081298828125e+02,-4.932253837585449219e+00,-7.132399082183837891e-01,5.096721582069890788e-02,7.300000000000000000e+02,1.193692645061058960e-01
7.525645709037780762e+01,7.005493927001953125e+01,1.573246459960937500e+02,-4.932364940643310547e+00,-7.197433114051818848e-01,3.172971556652681713e-02,7.330000000000000000e+02,2.513622300675042998e-01
7.550804924964904785e+01,6.880733489990234375e+01,1.571373291015625000e+02,-4.931589126586914062e+00,-7.207333445549011230e-01,1.726702085529553676e-02,7.350000000000000000e+02,9.217935417031523915e-02
7.576447701454162598e+01,6.757299804687500000e+01,1.569524841308593750e+02,-4.931176662445068359e+00,-7.185920476913452148e-01,6.467701306008316955e-03,7.380000000000000000e+02,2.217009629098399548e-01
7.600946211814880371e+01,6.634281921386718750e+01,1.567678985595703125e+02,-4.932240962982177734e+00,-7.151536345481872559e-01,-3.069918588149869124e-03,7.400000000000000000e+02,6.327299442663443518e-02
7.625826907157897949e+01,6.510882568359375000e+01,1.565841827392578125e+02,-4.933871746063232422e+00,-7.095118165016174316e-01,-9.282988291860779298e-03,7.430000000000000000e+02,2.133232597249948570e-01
7.651227712631225586e+01,6.387014770507812500e+01,1.564011230468750000e+02,-4.936422348022460938e+00,-7.027420997619628906e-01,-1.326185208648357136e-02,7.450000000000000000e+02,5.046182331385575676e-02
7.675870704650878906e+01,6.264264678955078125e+01,1.562215118408203125e+02,-4.939435005187988281e+00,-6.952981948852539062e-01,-1.503616973878653569e-02,7.480000000000000000e+02,2.086310064049445023e-01
7.701227712631225586e+01,6.141446304321289062e+01,1.560431518554687500e+02,-4.941105365753173828e+00,-6.871072053909301758e-01,-1.522473523094984051e-02,7.500000000000000000e+02,3.634627504699875639e-02
7.726105117797851562e+01,6.017850112915039062e+01,1.558663330078125000e+02,-4.943852901458740234e+00,-6.784914731979370117e-01,-1.285075556126808773e-02,7.530000000000000000e+02,2.098348352181089727e-01
7.751168012619018555e+01,5.893241882324218750e+01,1.556910552978515625e+02,-4.948724746704101562e+00,-6.698698997497558594e-01,-7.947283521424722275e-03,7.550000000000000000e+02,5.467775842653421758e-02
7.776410126686096191e+01,5.769604492187500000e+01,1.555191345214843750e+02,-4.954515457153320312e+00,-6.622599959373474121e-01,-2.364310054530879921e-03,7.580000000000000000e+02,1.946437080545549980e-01
7.800960612297058105e+01,5.645684814453125000e+01,1.553474426269531250e+02,-4.959036827087402344e+00,-6.558657288551330566e-01,2.314400959731714551e-03,7.600000000000000000e+02,6.482120848229447341e-02
7.826426601409912109e+01,5.522053146362304688e+01,1.551783447265625000e+02,-4.961140155792236328e+00,-6.492733359336853027e-01,8.567131090587574299e-03,7.630000000000000000e+02,1.869488550184961462e-01
7.850870013236999512e+01,5.397563171386718750e+01,1.550097503662109375e+02,-4.962153434753417969e+00,-6.431882977485656738e-01,1.546328441512367403e-02,7.650000000000000000e+02,7.747785413379081054e-02
7.875711703300476074e+01,5.274282455444335938e+01,1.548441162109375000e+02,-4.960952758789062500e+00,-6.375300288200378418e-01,2.265724800826446686e-02,7.680000000000000000e+02,1.772198181406912376e-01
7.900710916519165039e+01,5.150459289550781250e+01,1.546784210205078125e+02,-4.959446430206298828e+00,-6.326552629470825195e-01,2.955509697880449871e-02,7.700000000000000000e+02,7.857134609528625135e-02
7.925795316696166992e+01,5.026223754882812500e+01,1.545140075683593750e+02,-4.958350181579589844e+00,-6.285249590873718262e-01,3.718769182315319333e-02,7.730000000000000000e+02,1.648507463519290339e-01
7.951342797279357910e+01,4.900375747680664062e+01,1.543498077392578125e+02,-4.955951213836669922e+00,-6.247729659080505371e-01,4.612386932180750909e-02,7.750000000000000000e+02,1.085055749460559632e-01
7.976335406303405762e+01,4.776243591308593750e+01,1.541891174316406250e+02,-4.952330589294433594e+00,-6.224920749664306641e-01,5.433297480428636583e-02,7.780000000000000000e+02,1.344234865243488508e-01
8.001051402091979980e+01,4.652162933349609375e+01,1.540276489257812500e+02,-4.949315071105957031e+00,-6.231615543365478516e-01,5.903973455528713221e-02,7.800000000000000000e+02,1.210956764320952200e-01
8.026370811462402344e+01,4.528548431396484375e+01,1.538663635253906250e+02,-4.947158813476562500e+00,-6.254432797431945801e-01,6.191394231961311334e-02,7.830000000000000000e+02,1.285272781950439203e-01
8.051168012619018555e+01,4.404585647583007812e+01,1.537041015625000000e+02,-4.945849895477294922e+00,-6.285651922225952148e-01,6.368364757784908403e-02,7.850000000000000000e+02,1.290221810414261816e-01
8.075920629501342773e+01,4.281092834472656250e+01,1.535413208007812500e+02,-4.944120883941650391e+00,-6.323106884956359863e-01,6.388499866189201182e-02,7.880000000000000000e+02,1.258021970164728554e-01
8.100886416435241699e+01,4.157667160034179688e+01,1.533767547607421875e+02,-4.941620826721191406e+00,-6.361744403839111328e-01,6.241776835921080541e-02,7.900000000000000000e+02,1.310494205541347934e-01
8.126168394088745117e+01,4.034230041503906250e+01,1.532119598388671875e+02,-4.939634323120117188e+00,-6.392531991004943848e-01,6.163413684225751282e-02,7.930000000000000000e+02,1.278039470710801706e-01
8.150894308090209961e+01,3.910478591918945312e+01,1.530459747314453125e+02,-4.940503597259521484e+00,-6.422272920608520508e-01,6.077035302803729389e-02,7.950000000000000000e+02,1.357044604847058300e-01
8.176446604728698730e+01,3.785787200927734375e+01,1.528784332275390625e+02,-4.942942142486572266e+00,-6.450186371803283691e-01,6.009808837377231261e-02,7.980000000000000000e+02,1.142320898627201403e-01
8.200858020782470703e+01,3.662182617187500000e+01,1.527108612060546875e+02,-4.945961952209472656e+00,-6.484218835830688477e-01,5.774299192451096824e-02,8.000000000000000000e+02,1.507008373777001253e-01
8.226010298728942871e+01,3.538878631591796875e+01,1.525432434082031250e+02,-4.948662281036376953e+00,-6.514457464218139648e-01,5.536893463419875761e-02,8.030000000000000000e+02,1.136829766893460020e-01
8.251169323921203613e+01,3.415066909790039062e+01,1.523746643066406250e+02,-4.950917720794677734e+00,-6.536521315574645996e-01,5.353382708283981745e-02,8.050000000000000000e+02,1.538713010925034652e-01
8.275991296768188477e+01,3.290776824951171875e+01,1.522053222656250000e+02,-4.952465534210205078e+00,-6.551741361618041992e-01,5.219032386581246019e-02,8.080000000000000000e+02,1.015464988121192041e-01
8.300750422477722168e+01,3.167619132995605469e+01,1.520369567871093750e+02,-4.952391147613525391e+00,-6.566656231880187988e-01,5.021195315747447457e-02,8.100000000000000000e+02,1.601296849077911699e-01
8.326110410690307617e+01,3.043946266174316406e+01,1.518677368164062500e+02,-4.951975822448730469e+00,-6.580500602722167969e-01,4.817365900920357602e-02,8.130000000000000000e+02,1.004471715394259640e-01
8.350843501091003418e+01,2.919444084167480469e+01,1.516968841552734375e+02,-4.951128005981445312e+00,-6.592657566070556641e-01,2.262774432808878355e+00,8.150000000000000000e+02,1.551968518243800055e-01
8.376363492012023926e+01,2.794224166870117188e+01,1.515233917236328125e+02,-4.940824508666992188e+00,-6.898815631866455078e-01,2.947305981036679956e+00,8.180000000000000000e+02,2.527050124342429815e-01
8.401219201087951660e+01,2.671137619018554688e+01,1.513182983398437500e+02,-4.865457057952880859e+00,-9.579808712005615234e-01,3.219051598510484169e+00,8.200000000000000000e+02,3.976861667919447396e-01
8.426139903068542480e+01,2.551178359985351562e+01,1.510117797851562500e+02,-4.697410106658935547e+00,-1.485561847686767578e+00,3.213222402370798925e+00,8.220000000000000000e+02,6.327847639989940820e-01
8.451180911064147949e+01,2.436394119262695312e+01,1.505755920410156250e+02,-4.491823196411132812e+00,-2.017642736434936523e+00,3.196383559303067390e+00,8.240000000000000000e+02,8.500249515146620638e-01
8.476478910446166992e+01,2.326461601257324219e+01,1.500138702392578125e+02,-4.246584892272949219e+00,-2.495332479476928711e+00,3.361020495540949060e+00,8.270000000000000000e+02,9.966786062348002018e-01
8.500946831703186035e+01,2.224314498901367188e+01,1.493454742431640625e+02,-3.946868181228637695e+00,-2.933928489685058594e+00,3.312751947862655921e+00,8.290000000000000000e+02,1.149959430539284178e+00
8.525748920440673828e+01,2.130071067810058594e+01,1.485664672851562500e+02,-3.580284357070922852e+00,-3.351195335388183594e+00,3.210522361382944556e+00,8.310000000000000000e+02,1.295487962489142220e+00
8.551072216033935547e+01,2.045207977294921875e+01,1.476839141845703125e+02,-3.176050901412963867e+00,-3.726977586746215820e+00,3.285631696827464587e+00,8.340000000000000000e+02,1.374906652178524924e+00
8.576304006576538086e+01,1.969759178161621094e+01,1.467001647949218750e+02,-2.750131130218505859e+00,-4.046962738037109375e+00,8.510438523555392543e-01,8.360000000000000000e+02,1.398685548480261831e+00
8.601476502418518066e+01,1.906254768371582031e+01,1.456611480712890625e+02,-2.340995311737060547e+00,-4.299608707427978516e+00,2.962398641406306932e-01,8.390000000000000000e+02,1.299179991211552476e+00
8.626147317886352539e+01,1.850205421447753906e+01,1.445749206542968750e+02,-2.184306144714355469e+00,-4.420672893524169922e+00,-3.673734573758455357e-02,8.410000000000000000e+02,1.098369223249174187e+00
8.651229310035705566e+01,1.795420265197753906e+01,1.434775390625000000e+02,-2.231594562530517578e+00,-4.428211688995361328e+00,-1.530596350270745087e-01,8.440000000000000000e+02,9.168654203196926478e-01
8.676271224021911621e+01,1.739393043518066406e+01,1.423728332519531250e+02,-2.290997743606567383e+00,-4.424209117889404297e+00,-2.527885919781197588e-01,8.460000000000000000e+02,6.844798523382287225e-01
8.701012516021728516e+01,1.682464981079101562e+01,1.412666778564453125e+02,-2.347019672393798828e+00,-4.421401500701904297e+00,-3.542876262197874326e-01,8.480000000000000000e+02,5.405923808625517912e-01
8.725784397125244141e+01,1.623945999145507812e+01,1.401581573486328125e+02,-2.408909797668457031e+00,-4.409935474395751953e+00,-4.398040554583250716e-01,8.510000000000000000e+02,3.022817253529538895e-01
8.751041722297668457e+01,1.563646888732910156e+01,1.390506286621093750e+02,-2.471894502639770508e+00,-4.388644218444824219e+00,-5.088627879314499003e-01,8.530000000000000000e+02,2.717457362459222425e-01
8.776376295089721680e+01,1.501475048065185547e+01,1.379456481933593750e+02,-2.533553123474121094e+00,-4.360797405242919922e+00,-5.630135679424455031e-01,8.560000000000000000e+02,2.373972418010081992e-02
8.800931310653686523e+01,1.437305068969726562e+01,1.368388519287109375e+02,-2.593417882919311523e+00,-4.326786518096923828e+00,-6.034023089140202467e-01,8.590000000000000000e+02,2.681138797188689638e-01
8.826394820213317871e+01,1.372161865234375000e+01,1.357521820068359375e+02,-2.652369976043701172e+00,-4.285801410675048828e+00,-6.246226298763756235e-01,8.610000000000000000e+02,2.866233457420984676e-01
8.851287198066711426e+01,1.305570888519287109e+01,1.346804351806640625e+02,-2.711941003799438477e+00,-4.239768028259277344e+00,-6.258800900405299128e-01,8.640000000000000000e+02,4.204117456191959201e-01
8.876181006431579590e+01,1.237192440032958984e+01,1.336170654296875000e+02,-2.771709918975830078e+00,-4.190078735351562500e+00,-6.092960133305205250e-01,8.660000000000000000e+02,4.682927114426956305e-01
8.901065397262573242e+01,1.166928577423095703e+01,1.325612182617187500e+02,-2.832499742507934570e+00,-4.139475822448730469e+00,-5.759332377557503380e-01,8.690000000000000000e+02,5.369860084457865890e-01
8.926282405853271484e+01,1.095769500732421875e+01,1.315288848876953125e+02,-2.890843868255615234e+00,-4.088062763214111328e+00,-5.275064098965512871e-01,8.710000000000000000e+02,5.719156647389244119e-01
8.950765705108642578e+01,1.022827148437500000e+01,1.305052032470703125e+02,-2.946791172027587891e+00,-4.037250995635986328e+00,-4.663089287992144283e-01,8.740000000000000000e+02,5.879290470463510720e-01
8.976108694076538086e+01,9.479801177978515625e+00,1.294872283935546875e+02,-2.999380350112915039e+00,-3.988251447677612305e+00,-3.945463732714388216e-01,8.760000000000000000e+02,5.995696491722336541e-01
9.001426005363464355e+01,8.712915420532226562e+00,1.284734039306640625e+02,-3.045516014099121094e+00,-3.943614959716796875e+00,-3.173738484368364698e-01,8.790000000000000000e+02,5.643999534133531393e-01
9.026113724708557129e+01,7.942722797393798828e+00,1.274810485839843750e+02,-3.083498716354370117e+00,-3.903733491897583008e+00,-2.377872311649543713e-01,8.810000000000000000e+02,5.660020174753380706e-01
9.050938510894775391e+01,7.164011001586914062e+00,1.264993515014648438e+02,-3.114463329315185547e+00,-3.870751619338989258e+00,-1.580108421439026523e-01,8.840000000000000000e+02,4.849887175902492520e-01
9.076218819618225098e+01,6.381426334381103516e+00,1.255286865234375000e+02,-3.138357877731323242e+00,-3.847211360931396484e+00,-8.236932807955177349e-02,8.860000000000000000e+02,4.791663263064563361e-01
9.101378822326660156e+01,5.588841915130615234e+00,1.245565795898437500e+02,-3.153893232345581055e+00,-3.833402395248413086e+00,-1.382303307316755728e-02,8.890000000000000000e+02,3.670269389830778106e-01
9.125955319404602051e+01,4.801838874816894531e+00,1.235978012084960938e+02,-3.160822868347167969e+00,-3.826779127120971680e+00,4.620225970194243720e-02,8.910000000000000000e+02,3.730919515752422200e-01
9.150828433036804199e+01,4.013735294342041016e+00,1.226401062011718750e+02,-3.158738136291503906e+00,-3.825996160507202148e+00,9.677643516877758312e-02,8.940000000000000000e+02,2.355350295170305086e-01
9.176190710067749023e+01,3.226206064224243164e+00,1.216809768676757812e+02,-3.151925325393676758e+00,-3.834800958633422852e+00,1.367440309281407473e-01,8.960000000000000000e+02,2.716853990001635855e-01
9.201517415046691895e+01,2.430041074752807617e+00,1.207061767578125000e+02,-3.141845703125000000e+00,-3.851517438888549805e+00,1.676115027576225158e-01,8.990000000000000000e+02,1.059297499857748404e-01
9.226310706138610840e+01,1.647467255592346191e+00,1.197394027709960938e+02,-3.128326654434204102e+00,-3.871684551239013672e+00,1.890209573365614348e-01,9.010000000000000000e+02,2.332379461245731311e-01
9.251039314270019531e+01,8.689975142478942871e-01,1.187671966552734375e+02,-3.110464334487915039e+00,-3.893514871597290039e+00,2.010241362385057073e-01,9.040000000000000000e+02,1.842650439630181408e-02
9.276074814796447754e+01,9.779244661331176758e-02,1.177930221557617188e+02,-3.089996576309204102e+00,-3.915899515151977539e+00,2.052427233269960849e-01,9.060000000000000000e+02,2.347717399152855211e-01
9.301304721832275391e+01,-6.704514622688293457e-01,1.168089447021484375e+02,-3.068538188934326172e+00,-3.938710212707519531e+00,2.020660735206691316e-01,9.090000000000000000e+02,8.453144419282848654e-02
9.325999689102172852e+01,-1.431447505950927734e+00,1.158215332031250000e+02,-3.047039985656738281e+00,-3.960511922836303711e+00,1.934240671149722035e-01,9.110000000000000000e+02,2.638330318747397207e-01
9.350790500640869141e+01,-2.188290834426879883e+00,1.148273925781250000e+02,-3.025109767913818359e+00,-3.979602575302124023e+00,1.803285799405017764e-01,9.140000000000000000e+02,1.316621068775096492e-01
9.376138710975646973e+01,-2.942650318145751953e+00,1.138249130249023438e+02,-3.003928184509277344e+00,-3.995793581008911133e+00,1.641313167545937202e-01,9.170000000000000000e+02,2.793991257933950978e-01
9.400844693183898926e+01,-3.694887161254882812e+00,1.128150863647460938e+02,-2.983814954757690430e+00,-4.008907318115234375e+00,1.458676311322603392e-01,9.190000000000000000e+02,1.547783560633147482e-01
9.426243114471435547e+01,-4.446680068969726562e+00,1.117953872680664062e+02,-2.964104413986206055e+00,-4.018817901611328125e+00,1.249498492619260104e-01,9.220000000000000000e+02,2.502879256618824599e-01
9.451486325263977051e+01,-5.186048030853271484e+00,1.107833328247070312e+02,-2.946669340133666992e+00,-4.025543212890625000e+00,1.034777591356264709e-01,9.240000000000000000e+02,1.616972764695051856e-01
9.476137399673461914e+01,-5.918201446533203125e+00,1.097728576660156250e+02,-2.932376384735107422e+00,-4.030197143554687500e+00,8.199925016275530498e-02,9.270000000000000000e+02,2.291487510914132775e-01
9.501355695724487305e+01,-6.648971080780029297e+00,1.087575683593750000e+02,-2.921254634857177734e+00,-4.034627437591552734e+00,6.018263732392498816e-02,9.290000000000000000e+02,1.479291206712770312e-01
9.526186609268188477e+01,-7.379534721374511719e+00,1.077381134033203125e+02,-2.913317203521728516e+00,-4.038157939910888672e+00,3.945550024423957053e-02,9.320000000000000000e+02,1.958373630271046939e-01
9.551197409629821777e+01,-8.101153373718261719e+00,1.067283630371093750e+02,-2.909858226776123047e+00,-4.038297176361083984e+00,2.322612581070657850e-02,9.340000000000000000e+02,1.274351062448309535e-01
9.576381421089172363e+01,-8.824262619018554688e+00,1.057155914306640625e+02,-2.909880876541137695e+00,-4.036427021026611328e+00,1.054889417172647816e-02,9.370000000000000000e+02,1.778788962142139052e-01
9.601267623901367188e+01,-9.552738189697265625e+00,1.046953811645507812e+02,-2.913387775421142578e+00,-4.035151958465576172e+00,2.883781539537870519e-04,9.390000000000000000e+02,1.148095046656288087e-01
9.626472806930541992e+01,-1.028759479522705078e+01,1.036693267822265625e+02,-2.919212102890014648e+00,-4.032450675964355469e+00,-5.968002995387049724e-03,9.420000000000000000e+02,1.367707826864527076e-01
9.651588416099548340e+01,-1.101561737060546875e+01,1.026548233032226562e+02,-2.925020694732666016e+00,-4.027763366699218750e+00,-1.003475152483335534e-02,9.440000000000000000e+02,1.275182635873759185e-01
9.676375198364257812e+01,-1.174433612823486328e+01,1.016418685913085938e+02,-2.931226968765258789e+00,-4.022126197814941406e+00,-1.207316356548732671e-02,9.470000000000000000e+02,1.193892533610666357e-01
9.701264905929565430e+01,-1.247232723236083984e+01,1.006335067749023438e+02,-2.939104080200195312e+00,-4.017436504364013672e+00,-1.166971339363314340e-02,9.490000000000000000e+02,1.311492482819456296e-01
9.726049804687500000e+01,-1.320753002166748047e+01,9.961940765380859375e+01,-2.948370456695556641e+00,-4.014235019683837891e+00,-9.169218345233251521e-03,9.520000000000000000e+02,1.074316312883863977e-01
9.750902915000915527e+01,-1.393645477294921875e+01,9.861904144287109375e+01,-2.956414222717285156e+00,-4.010183811187744141e+00,-4.765700858270677069e-03,9.540000000000000000e+02,1.370877724311187484e-01
9.776137614250183105e+01,-1.466848087310791016e+01,9.761793518066406250e+01,-2.962744474411010742e+00,-4.005178451538085938e+00,4.213072865964727332e-04,9.570000000000000000e+02,1.152357502927060240e-01
9.800809812545776367e+01,-1.540420913696289062e+01,9.661438751220703125e+01,-2.969245910644531250e+00,-4.002395153045654297e+00,5.613762712111422352e-03,9.590000000000000000e+02,1.374175714352778854e-01
9.826347327232360840e+01,-1.615251159667968750e+01,9.559778594970703125e+01,-2.977117538452148438e+00,-4.002300262451171875e+00,1.216152862400519258e-02,9.620000000000000000e+02,9.402342642699153263e-02
9.851596426963806152e+01,-1.689355850219726562e+01,9.459338378906250000e+01,-2.983926057815551758e+00,-4.003083229064941406e+00,1.840946770589809572e-02,9.640000000000000000e+02,1.626984495073977854e-01
9.876589703559875488e+01,-1.763688850402832031e+01,9.358827209472656250e+01,-2.989431858062744141e+00,-4.003347396850585938e+00,2.502302276450199536e-02,9.670000000000000000e+02,7.996870479193332604e-02
9.901244330406188965e+01,-1.837850189208984375e+01,9.258474731445312500e+01,-2.992685079574584961e+00,-4.003397464752197266e+00,2.961101348381867462e-02,9.690000000000000000e+02,1.752972902904237629e-01
9.926497316360473633e+01,-1.912357521057128906e+01,9.157736206054687500e+01,-2.994942665100097656e+00,-4.002874374389648438e+00,3.412756229292519122e-02,9.720000000000000000e+02,6.338416052797771205e-02
9.951348996162414551e+01,-1.986762428283691406e+01,9.057400512695312500e+01,-2.996357202529907227e+00,-4.000578880310058594e+00,4.023258473456071266e-02,9.740000000000000000e+02,1.922573450407797646e-01
9.976229715347290039e+01,-2.061219024658203125e+01,8.957101440429687500e+01,-2.996014595031738281e+00,-3.996969699859619141e+00,4.619100076998802762e-02,9.770000000000000000e+02,4.959728288460282103e-02
1.000096452236175537e+02,-2.135906791687011719e+01,8.856423187255859375e+01,-2.994750499725341797e+00,-3.994568824768066406e+00,5.038720773445028167e-02,9.790000000000000000e+02,2.102158347422808105e-01
1.002628312110900879e+02,-2.210812187194824219e+01,8.755496215820312500e+01,-2.993190050125122070e+00,-3.992581605911254883e+00,5.431216445157709821e-02,9.820000000000000000e+02,2.704698893291761566e-02
1.005126049518585205e+02,-2.286134719848632812e+01,8.654097747802734375e+01,-2.990506410598754883e+00,-3.989045143127441406e+00,5.867978264761269935e-02,9.840000000000000000e+02,2.458951736334677174e-01
1.007654290199279785e+02,-2.360664558410644531e+01,8.553781127929687500e+01,-2.988034009933471680e+00,-3.986971855163574219e+00,6.236818061956735798e-02,9.870000000000000000e+02,2.434874285645119776e-02
1.010138571262359619e+02,-2.434880447387695312e+01,8.453630065917968750e+01,-2.985296487808227539e+00,-3.987361431121826172e+00,6.318703096234669359e-02,9.900000000000000000e+02,2.420223761628651216e-01
1.012657730579376221e+02,-2.509274482727050781e+01,8.353139495849609375e+01,-2.982764244079589844e+00,-3.988801717758178711e+00,6.310435243059706045e-02,9.920000000000000000e+02,3.564338334876929887e-02
1.015168859958648682e+02,-2.584159278869628906e+01,8.251951599121093750e+01,-2.980518102645874023e+00,-3.990124464035034180e+00,6.318234335556477399e-02,9.950000000000000000e+02,2.189423351502434167e-01
1.017606611251831055e+02,-2.657776451110839844e+01,8.152566528320312500e+01,-2.977728128433227539e+00,-3.989794492721557617e+00,6.415918669476099179e-02,9.970000000000000000e+02,4.749738046558793503e-02
1.020136802196502686e+02,-2.731510162353515625e+01,8.052838134765625000e+01,-2.974282026290893555e+00,-3.989855051040649414e+00,6.352471558396186047e-02,1.000000000000000000e+03,2.277858370727439685e-01
1.022640299797058105e+02,-2.805592918395996094e+01,7.952392578125000000e+01,-2.972586870193481445e+00,-3.993557929992675781e+00,6.105344651783061599e-02,1.002000000000000000e+03,5.296171589387922707e-02
1.025160970687866211e+02,-2.880231475830078125e+01,7.851097869873046875e+01,-2.972238779067993164e+00,-3.998294115066528320e+00,5.863620318894214450e-02,1.005000000000000000e+03,2.071697988381128730e-01
1.027669849395751953e+02,-2.954189872741699219e+01,7.750640869140625000e+01,-2.972298145294189453e+00,-4.002269744873046875e+00,5.659809118229175429e-02,1.007000000000000000e+03,6.784969887957210954e-02
1.030107810497283936e+02,-3.028119659423828125e+01,7.650027465820312500e+01,-2.972161293029785156e+00,-4.005926609039306641e+00,5.369060734467044627e-02,1.010000000000000000e+03,1.961718212256209626e-01
1.032670662403106689e+02,-3.101850509643554688e+01,7.549714660644531250e+01,-2.972305059432983398e+00,-4.008610725402832031e+00,5.171994533448953657e-02,1.012000000000000000e+03,7.369630005250391025e-02
1.035146050453186035e+02,-3.176150321960449219e+01,7.448654174804687500e+01,-2.972748994827270508e+00,-4.011100292205810547e+00,5.022364744140904447e-02,1.015000000000000000e+03,1.818495808337849684e-01
1.037598431110382080e+02,-3.249766921997070312e+01,7.348551940917968750e+01,-2.972086668014526367e+00,-4.011969089508056641e+00,4.892064226197451876e-02,1.017000000000000000e+03,8.335268972684933830e-02
1.040143492221832275e+02,-3.323608779907226562e+01,7.247955322265625000e+01,-2.970602989196777344e+00,-4.012462139129638672e+00,4.630717371159281948e-02,1.020000000000000000e+03,1.759755096573465960e-01
1.042638640403747559e+02,-3.397691726684570312e+01,7.146972656250000000e+01,-2.969400644302368164e+00,-4.013063430786132812e+00,4.358915119292268436e-02,1.022000000000000000e+03,9.563751644554362163e-02
1.045158071517944336e+02,-3.472775268554687500e+01,7.044646453857421875e+01,-2.967793226242065430e+00,-4.012209415435791016e+00,4.147428967211156531e-02,1.025000000000000000e+03,1.395036446149677534e-01
1.047649569511413574e+02,-3.546788787841796875e+01,6.943690490722656250e+01,-2.965557813644409180e+00,-4.009908199310302734e+00,2.238403595079824004e+00,1.027000000000000000e+03,1.327894374746840522e-01
1.050111770629882812e+02,-3.620545959472656250e+01,6.842662811279296875e+01,-2.937467336654663086e+00,-4.022998332977294922e+00,2.887418686094209264e+00,1.030000000000000000e+03,2.136846275339494006e-01
1.052638411521911621e+02,-3.691135025024414062e+01,6.740438842773437500e+01,-2.698249340057373047e+00,-4.153522014617919922e+00,3.140634308262730379e+00,1.032000000000000000e+03,3.836236550354440444e-01
1.055133550167083740e+02,-3.752685928344726562e+01,6.633089447021484375e+01,-2.212373256683349609e+00,-4.398739814758300781e+00,3.318371831096537328e+00,1.035000000000000000e+03,6.405397405124317878e-01
1.057652311325073242e+02,-3.801647186279296875e+01,6.520348358154296875e+01,-1.700336575508117676e+00,-4.619140625000000000e+00,3.297565900262478866e+00,1.037000000000000000e+03,7.928807730816266330e-01
1.060111019611358643e+02,-3.838201141357421875e+01,6.403094482421875000e+01,-1.177153706550598145e+00,-4.774181842803955078e+00,3.266881130951129641e+00,1.039000000000000000e+03,9.673695027327976481e-01
1.062600650787353516e+02,-3.861400222778320312e+01,6.282339477539062500e+01,-6.274383664131164551e-01,-4.868289947509765625e+00,3.197557848611714437e+00,1.041000000000000000e+03,1.134325859301059225e+00
1.065132019519805908e+02,-3.870793914794921875e+01,6.159575653076171875e+01,-8.236121386289596558e-02,-4.901021480560302734e+00,3.316632056605909096e+00,1.044000000000000000e+03,1.246445527878109472e+00
1.067645902633666992e+02,-3.866758728027343750e+01,6.036260986328125000e+01,4.467971324920654297e-01,-4.871493339538574219e+00,3.235798768006110215e+00,1.046000000000000000e+03,1.331904247704830180e+00
1.070159270763397217e+02,-3.849737548828125000e+01,5.915948104858398438e+01,9.767206311225891113e-01,-4.780950546264648438e+00,3.124843067555555187e+00,1.048000000000000000e+03,1.403914897754023894e+00
1.072642180919647217e+02,-3.819662094116210938e+01,5.798800659179687500e+01,1.490747928619384766e+00,-4.646968364715576172e+00,3.011826477571128535e+00,1.050000000000000000e+03,1.453594234904526550e+00
1.075151832103729248e+02,-3.777025604248046875e+01,5.684926605224609375e+01,1.971560955047607422e+00,-4.476343154907226562e+00,2.913429511286194984e+00,1.052000000000000000e+03,1.485909494835200517e+00
1.077614090442657471e+02,-3.722900009155273438e+01,5.576031875610351562e+01,2.418639421463012695e+00,-4.269367218017578125e+00,3.021815984690045198e+00,1.055000000000000000e+03,1.473723119421844308e+00
1.080128841400146484e+02,-3.657744979858398438e+01,5.472264099121093750e+01,2.836829185485839844e+00,-4.023702621459960938e+00,2.934398033011231366e+00,1.057000000000000000e+03,1.449659731452689115e+00
1.082638709545135498e+02,-3.582326889038085938e+01,5.375473022460937500e+01,3.239427089691162109e+00,-3.726879119873046875e+00,6.623141089384514402e-01,1.059000000000000000e+03,1.407659442716790776e+00
1.085094041824340820e+02,-3.496731567382812500e+01,5.285529708862304688e+01,3.577235460281372070e+00,-3.444002151489257812e+00,1.142732957373652491e-01,1.062000000000000000e+03,1.258526918992251442e+00
1.087672281265258789e+02,-3.404462814331054688e+01,5.199582290649414062e+01,3.704902887344360352e+00,-3.370826959609985352e+00,-1.969716357696687514e-01,1.064000000000000000e+03,1.024754318333258585e+00
1.090155901908874512e+02,-3.311844635009765625e+01,5.114383316040039062e+01,3.686942815780639648e+00,-3.430927276611328125e+00,-3.220887595588364238e-01,1.067000000000000000e+03,7.947352422895755941e-01
1.092656960487365723e+02,-3.219522476196289062e+01,5.027920150756835938e+01,3.656586647033691406e+00,-3.489499330520629883e+00,-4.358699960422843800e-01,1.069000000000000000e+03,5.639080385301709075e-01
1.095166640281677246e+02,-3.128028106689453125e+01,4.940417861938476562e+01,3.620254516601562500e+00,-3.545825958251953125e+00,-5.394945146042059436e-01,1.072000000000000000e+03,3.617065779150349103e-01
1.097645840644836426e+02,-3.036846923828125000e+01,4.850753784179687500e+01,3.571603536605834961e+00,-3.605941057205200195e+00,-6.207893980719189075e-01,1.074000000000000000e+03,1.996032289635842061e-01
1.100128960609436035e+02,-2.947656631469726562e+01,4.760333633422851562e+01,3.514967203140258789e+00,-3.663801670074462891e+00,-6.817241868084339407e-01,1.077000000000000000e+03,9.346907131292073179e-02
1.102635099887847900e+02,-2.859602928161621094e+01,4.668032455444335938e+01,3.450464248657226562e+00,-3.718340396881103516e+00,-7.222416621499412326e-01,1.079000000000000000e+03,2.772757757035176351e-01
1.105112922191619873e+02,-2.772986793518066406e+01,4.574025344848632812e+01,3.379786729812622070e+00,-3.769619464874267578e+00,-7.420353659308762673e-01,1.082000000000000000e+03,3.385248933481976863e-01
1.107641520500183105e+02,-2.687161636352539062e+01,4.477462005615234375e+01,3.302463054656982422e+00,-3.818054676055908203e+00,-7.403403466799072241e-01,1.085000000000000000e+03,5.047120272164394850e-01
1.110167701244354248e+02,-2.604352188110351562e+01,4.380674362182617188e+01,3.223816871643066406e+00,-3.864991664886474609e+00,-7.178768975967260157e-01,1.087000000000000000e+03,5.470043503910386740e-01
1.112624382972717285e+02,-2.523617553710937500e+01,4.282612228393554688e+01,3.144810914993286133e+00,-3.910277843475341797e+00,-6.768733942146359928e-01,1.090000000000000000e+03,6.298733432576126834e-01
1.115129742622375488e+02,-2.445205879211425781e+01,4.183758163452148438e+01,3.067172765731811523e+00,-3.953718662261962891e+00,-6.198840303422616937e-01,1.092000000000000000e+03,6.621043690689127903e-01
1.117662279605865479e+02,-2.368542671203613281e+01,4.083520507812500000e+01,2.993372678756713867e+00,-3.995177984237670898e+00,-5.501951470358933394e-01,1.095000000000000000e+03,6.816977518351924337e-01
1.120128450393676758e+02,-2.293884658813476562e+01,3.982594680786132812e+01,2.925873517990112305e+00,-4.033325195312500000e+00,-4.723399062565791229e-01,1.097000000000000000e+03,6.903406212946533449e-01
1.122626061439514160e+02,-2.221093368530273438e+01,3.880976486206054688e+01,2.865042686462402344e+00,-4.065859794616699219e+00,-3.886783350680165783e-01,1.100000000000000000e+03,6.587148039983462544e-01
1.125130240917205811e+02,-2.149708366394042969e+01,3.778554916381835938e+01,2.813218116760253906e+00,-4.095036983489990234e+00,-3.023591403874857364e-01,1.102000000000000000e+03,6.434583802378042172e-01
1.127650480270385742e+02,-2.079360389709472656e+01,3.675108718872070312e+01,2.772592544555664062e+00,-4.121698856353759766e+00,-2.159756114046340603e-01,1.105000000000000000e+03,5.720617838403527777e-01
1.130168130397796631e+02,-2.009412574768066406e+01,3.570278167724609375e+01,2.743103742599487305e+00,-4.145443916320800781e+00,-1.317782608057386506e-01,1.107000000000000000e+03,5.498911839093860721e-01
1.132679491043090820e+02,-1.940815353393554688e+01,3.466040420532226562e+01,2.725094795227050781e+00,-4.161809921264648438e+00,-5.542463513704874029e-02,1.110000000000000000e+03,4.407188295943582079e-01
1.135121281147003174e+02,-1.872804069519042969e+01,3.361853790283203125e+01,2.717211961746215820e+00,-4.170637130737304688e+00,1.192638495502217066e-02,1.112000000000000000e+03,4.293789038723216933e-01
1.137682330608367920e+02,-1.804636955261230469e+01,3.257135391235351562e+01,2.718813419342041016e+00,-4.173150062561035156e+00,6.954511107349159449e-02,1.115000000000000000e+03,2.927739638236019348e-01
1.140099389553070068e+02,-1.736477088928222656e+01,3.152673530578613281e+01,2.729386806488037109e+00,-4.171360015869140625e+00,1.163645694560140609e-01,1.117000000000000000e+03,3.248838421120195941e-01
1.142635610103607178e+02,-1.667715263366699219e+01,3.047923278808593750e+01,2.745829343795776367e+00,-4.163331508636474609e+00,1.525365793824573768e-01,1.120000000000000000e+03,1.492524563368828883e-01
1.145140140056610107e+02,-1.598660087585449219e+01,2.943726921081542969e+01,2.766202211380004883e+00,-4.151000022888183594e+00,1.787140930396297345e-01,1.123000000000000000e+03,2.464089009153726251e-01
1.147660121917724609e+02,-1.528579521179199219e+01,2.839207077026367188e+01,2.789712429046630859e+00,-4.134824752807617188e+00,1.952262123460671017e-01,1.125000000000000000e+03,4.438622407382167290e-02
1.150149083137512207e+02,-1.457359027862548828e+01,2.734387016296386719e+01,2.814473390579223633e+00,-4.114879608154296875e+00,2.027615998361067262e-01,1.128000000000000000e+03,1.851322985256148024e-01
1.152656719684600830e+02,-1.386179542541503906e+01,2.631106948852539062e+01,2.839069366455078125e+00,-4.092672348022460938e+00,2.021878318657399087e-01,1.130000000000000000e+03,1.035444459754024105e-01
1.155134160518646240e+02,-1.314424133300781250e+01,2.528444671630859375e+01,2.863828659057617188e+00,-4.070748805999755859e+00,1.951770598220553266e-01,1.133000000000000000e+03,1.827930995484144672e-01
1.157681243419647217e+02,-1.242253589630126953e+01,2.426819610595703125e+01,2.888539791107177734e+00,-4.049684524536132812e+00,1.813428222221602215e-01,1.135000000000000000e+03,1.606265296646767760e-01
1.160177512168884277e+02,-1.168886661529541016e+01,2.324998283386230469e+01,2.912549257278442383e+00,-4.031215190887451172e+00,1.631039815280746763e-01,1.138000000000000000e+03,1.888908266940562686e-01
1.162672178745269775e+02,-1.095678997039794922e+01,2.224765205383300781e+01,2.933122873306274414e+00,-4.014456272125244141e+00,1.423203831227535243e-01,1.140000000000000000e+03,1.915282535642439665e-01
1.165151822566986084e+02,-1.021773529052734375e+01,2.124601364135742188e+01,2.950490236282348633e+00,-4.000572204589843750e+00,1.211819295992179468e-01,1.143000000000000000e+03,1.888457498456801165e-01
1.167654342651367188e+02,-9.472165107727050781e+00,2.024380874633789062e+01,2.964823722839355469e+00,-3.990430355072021484e+00,1.009505696028177302e-01,1.145000000000000000e+03,2.023834903620125025e-01
1.170165770053863525e+02,-8.712827682495117188e+00,1.923048782348632812e+01,2.976510286331176758e+00,-3.982208728790283203e+00,8.054333793896047144e-02,1.148000000000000000e+03,1.570270995787630131e-01
1.172687730789184570e+02,-7.960647583007812500e+00,1.823378562927246094e+01,2.985661268234252930e+00,-3.974673509597778320e+00,5.937259772423234688e-02,1.150000000000000000e+03,2.197173114675959049e-01
1.175131940841674805e+02,-7.206628799438476562e+00,1.723951911926269531e+01,2.992462158203125000e+00,-3.969520807266235352e+00,3.925590647400806210e-02,1.153000000000000000e+03,1.232969187257993288e-01
1.177663910388946533e+02,-6.454297542572021484e+00,1.625028228759765625e+01,2.995224714279174805e+00,-3.968372583389282227e+00,2.351402356041461944e-02,1.155000000000000000e+03,2.168861866075232903e-01
1.180161840915679932e+02,-5.698698997497558594e+00,1.525804615020751953e+01,2.995968818664550781e+00,-3.970768213272094727e+00,1.086375569774575105e-02,1.158000000000000000e+03,8.651210123870346769e-02
1.182644102573394775e+02,-4.946530818939208984e+00,1.426956367492675781e+01,2.994503259658813477e+00,-3.974311351776123047e+00,1.061529342814835405e-03,1.160000000000000000e+03,2.175488027085218101e-01
1.185118000507354736e+02,-4.196470260620117188e+00,1.328203964233398438e+01,2.990615367889404297e+00,-3.977874517440795898e+00,-5.931292922101522209e-03,1.163000000000000000e+03,5.573650721699489191e-02
1.187641811370849609e+02,-3.444973707199096680e+00,1.229005241394042969e+01,2.986763715744018555e+00,-3.984218597412109375e+00,-1.013190965451646157e-02,1.165000000000000000e+03,2.202646815161954930e-01
1.190153431892395020e+02,-2.690537929534912109e+00,1.129233074188232422e+01,2.984271287918090820e+00,-3.993030786514282227e+00,-1.315249473492838619e-02,1.168000000000000000e+03,2.209513424066721077e-02
1.192668890953063965e+02,-1.931377768516540527e+00,1.028499794006347656e+01,2.980953454971313477e+00,-4.001809120178222656e+00,-1.406500325597189426e-02,1.171000000000000000e+03,2.401086042818991739e-01
1.195165009498596191e+02,-1.179957032203674316e+00,9.284922599792480469e+00,2.976440191268920898e+00,-4.009283065795898438e+00,-1.332680318027135505e-02,1.173000000000000000e+03,2.136334316246387560e-02
1.197688319683074951e+02,-4.323506653308868408e-01,8.286372184753417969e+00,2.970416069030761719e+00,-4.015409469604492188e+00,-1.050212957802267033e-02,1.176000000000000000e+03,2.177004777157101612e-01
1.200175571441650391e+02,3.170643746852874756e-01,7.282655239105224609e+00,2.964055061340332031e+00,-4.020667552947998047e+00,-6.665874550891611426e-03,1.178000000000000000e+03,4.878866582163039756e-02
1.202620160579681396e+02,1.063058733940124512e+00,6.280221462249755859e+00,2.957326650619506836e+00,-4.024567127227783203e+00,-1.794123063821858721e-03,1.181000000000000000e+03,1.919519262245511504e-01
1.205140569210052490e+02,1.810440301895141602e+00,5.272734642028808594e+00,2.949373722076416016e+00,-4.026896953582763672e+00,4.604740015175928618e-03,1.183000000000000000e+03,7.742389450021880393e-02
1.207674639225006104e+02,2.553622007369995117e+00,4.267572402954101562e+00,2.941133499145507812e+00,-4.028212070465087891e+00,1.218404611921473230e-02,1.186000000000000000e+03,1.634022555566708446e-01
1.210138831138610840e+02,3.300484657287597656e+00,3.254683971405029297e+00,2.934009552001953125e+00,-4.029007434844970703e+00,1.982320627883689748e-02,1.188000000000000000e+03,1.088766833027785125e-01
1.212655270099639893e+02,4.049856662750244141e+00,2.235165357589721680e+00,2.926840066909790039e+00,-4.028796672821044922e+00,2.839252454022557492e-02,1.191000000000000000e+03,1.148488851999658611e-01
1.215144813060760498e+02,4.789357662200927734e+00,1.226083636283874512e+00,2.920731782913208008e+00,-4.027797222137451172e+00,3.697341852649912303e-02,1.193000000000000000e+03,1.480000463538410360e-01
1.217684652805328369e+02,5.526812553405761719e+00,2.179838269948959351e-01,2.916396856307983398e+00,-4.026743412017822266e+00,4.490827515544014437e-02,1.196000000000000000e+03,8.904551694144784146e-02
1.220138449668884277e+02,6.261734962463378906e+00,-7.868750691413879395e-01,2.914732217788696289e+00,-4.026599884033203125e+00,5.131488191542279975e-02,1.198000000000000000e+03,1.658872420336353348e-01
1.222672410011291504e+02,7.001019477844238281e+00,-1.798580884933471680e+00,2.915100336074829102e+00,-4.026997566223144531e+00,5.684492448038037937e-02,1.201000000000000000e+03,6.684052133807170948e-02
1.225175220966339111e+02,7.733221530914306641e+00,-2.800445795059204102e+00,2.916396856307983398e+00,-4.026079654693603516e+00,6.072424936302611015e-02,1.203000000000000000e+03,1.848767939768607427e-01
1.227641451358795166e+02,8.466197967529296875e+00,-3.803075790405273438e+00,2.917447328567504883e+00,-4.023694038391113281e+00,6.379447529899263947e-02,1.206000000000000000e+03,6.288392918831266221e-02
1.230131251811981201e+02,9.201723098754882812e+00,-4.806947708129882812e+00,2.920848131179809570e+00,-4.022597312927246094e+00,6.473586638643846758e-02,1.208000000000000000e+03,1.971222160049478367e-01
1.232647581100463867e+02,9.948398590087890625e+00,-5.824559211730957031e+00,2.925861358642578125e+00,-4.023056983947753906e+00,6.470469979551170259e-02,1.211000000000000000e+03,4.247877039534274368e-02
1.235139291286468506e+02,1.068635845184326172e+01,-6.829335689544677734e+00,2.930640220642089844e+00,-4.023547649383544922e+00,6.440078121813512524e-02,1.213000000000000000e+03,2.313916397217560539e-01
1.237682280540466309e+02,1.142547321319580078e+01,-7.834208011627197266e+00,2.935172319412231445e+00,-4.023736000061035156e+00,6.344202573077402374e-02,1.216000000000000000e+03,4.058483947553623294e-02
1.240139830112457275e+02,1.216421985626220703e+01,-8.835587501525878906e+00,2.939753770828247070e+00,-4.023828983306884766e+00,6.100894318513620795e-02,1.218000000000000000e+03,2.482635558791457808e-01
1.242638990879058838e+02,1.290696334838867188e+01,-9.841504096984863281e+00,2.943905353546142578e+00,-4.024553775787353516e+00,5.890042542221221589e-02,1.221000000000000000e+03,4.318608495540456754e-02
1.245137679576873779e+02,1.364832592010498047e+01,-1.084494209289550781e+01,2.946246623992919922e+00,-4.024198532104492188e+00,5.731102919606201329e-02,1.224000000000000000e+03,2.316921006770085723e-01
1.247640941143035889e+02,1.439017677307128906e+01,-1.184817600250244141e+01,2.946562767028808594e+00,-4.022209167480468750e+00,5.596280999352776231e-02,1.226000000000000000e+03,5.214038939453888299e-02
1.250144913196563721e+02,1.513608837127685547e+01,-1.285532665252685547e+01,2.947096347808837891e+00,-4.020614624023437500e+00,5.395192282144855439e-02,1.229000000000000000e+03,2.065230630623639263e-01
1.252630281448364258e+02,1.588396167755126953e+01,-1.386626720428466797e+01,2.946408987045288086e+00,-4.019459247589111328e+00,5.370608687156076116e-02,1.231000000000000000e+03,7.738347312950799584e-02
1.255137012004852295e+02,1.663581848144531250e+01,-1.488295269012451172e+01,2.944981098175048828e+00,-4.016395092010498047e+00,5.307319806063121037e-02,1.234000000000000000e+03,1.612600387290130666e-01
1.257674691677093506e+02,1.737943458557128906e+01,-1.588866615295410156e+01,2.943594932556152344e+00,-4.013231277465820312e+00,5.242523473900619069e-02,1.236000000000000000e+03,1.129958571155226799e-01
1.260189821720123291e+02,1.812092971801757812e+01,-1.688956451416015625e+01,2.943759441375732422e+00,-4.010285854339599609e+00,4.977132673792692558e-02,1.239000000000000000e+03,1.409407880880942376e-01
1.262669181823730469e+02,1.886454963684082031e+01,-1.789331245422363281e+01,2.944706916809082031e+00,-4.008783817291259766e+00,4.734638865245324735e-02,1.241000000000000000e+03,1.305146978941740532e-01
1.265133540630340576e+02,1.960513877868652344e+01,-1.889324760437011719e+01,2.945770025253295898e+00,-4.007812976837158203e+00,4.527869055495033213e-02,1.244000000000000000e+03,1.232292587179150550e-01
1.267655539512634277e+02,2.034851074218750000e+01,-1.989659309387207031e+01,2.946248769760131836e+00,-4.006402492523193359e+00,4.325323329858603294e-02,1.246000000000000000e+03,1.468166945734106499e-01
1.270164651870727539e+02,2.109167671203613281e+01,-2.089768600463867188e+01,2.947615861892700195e+00,-4.006099700927734375e+00,4.027258565584799360e-02,1.249000000000000000e+03,1.032867496582352274e-01
1.272636039257049561e+02,2.183992767333984375e+01,-2.190609169006347656e+01,2.948885679244995117e+00,-4.006530284881591797e+00,3.801001825093086595e-02,1.251000000000000000e+03,1.721354482610582270e-01
1.275163440704345703e+02,2.259165191650390625e+01,-2.291871070861816406e+01,2.947905778884887695e+00,-4.004600048065185547e+00,2.449000881162763932e+00,1.254000000000000000e+03,1.168654098261838331e-01
1.277690711021423340e+02,2.333453941345214844e+01,-2.391753005981445312e+01,2.968224048614501953e+00,-3.982215166091918945e+00,2.937704605252984269e+00,1.256000000000000000e+03,2.392227107945481268e-01
1.280157229900360107e+02,2.410157775878906250e+01,-2.489241600036621094e+01,3.164762020111083984e+00,-3.791620969772338867e+00,3.424406102736113677e+00,1.259000000000000000e+03,5.191165960139935143e-01
1.282665860652923584e+02,2.493945312500000000e+01,-2.578923225402832031e+01,3.549999237060546875e+00,-3.392771005630493164e+00,3.428190628635828574e+00,1.261000000000000000e+03,7.056951074683596170e-01
1.285200271606445312e+02,2.587978935241699219e+01,-2.658369636535644531e+01,3.944436788558959961e+00,-2.923215150833129883e+00,3.373743412749850457e+00,1.263000000000000000e+03,9.050845149985499161e-01
1.287639632225036621e+02,2.689567947387695312e+01,-2.725612258911132812e+01,4.259093761444091797e+00,-2.450498104095458984e+00,3.342612535815566499e+00,1.265000000000000000e+03,1.085688066447985323e+00
1.290133850574493408e+02,2.798398399353027344e+01,-2.781265068054199219e+01,4.505544662475585938e+00,-1.950568079948425293e+00,3.291210974370117448e+00,1.267000000000000000e+03,1.245031253521966086e+00
1.292623219490051270e+02,2.913107109069824219e+01,-2.824257087707519531e+01,4.691539764404296875e+00,-1.427263259887695312e+00,1.292032449352682022e+00,1.270000000000000000e+03,1.366583081672677391e+00
1.295202810764312744e+02,3.033418464660644531e+01,-2.854725837707519531e+01,4.818004608154296875e+00,-9.514145851135253906e-01,8.109487870423783828e-01,1.272000000000000000e+03,1.363381756343549966e+00
1.297671291828155518e+02,3.154664993286132812e+01,-2.876238822937011719e+01,4.882814884185791016e+00,-7.504640817642211914e-01,5.518981921289854986e-01,1.275000000000000000e+03,1.306643493527349875e+00
1.300187163352966309e+02,3.277069473266601562e+01,-2.894416809082031250e+01,4.906773090362548828e+00,-6.844785809516906738e-01,4.043549752792529040e-01,1.277000000000000000e+03,1.177346049908334580e+00
1.302701482772827148e+02,3.399644470214843750e+01,-2.910598373413085938e+01,4.922297477722167969e+00,-6.313906311988830566e-01,2.544823956162042822e-01,1.280000000000000000e+03,1.072728583855353079e+00
1.305184550285339355e+02,3.523215484619140625e+01,-2.925492095947265625e+01,4.939414024353027344e+00,-5.940843820571899414e-01,1.077306133818286271e-01,1.282000000000000000e+03,9.018275854128449120e-01
1.307651782035827637e+02,3.646912765502929688e+01,-2.939605331420898438e+01,4.954875469207763672e+00,-5.756201148033142090e-01,-2.774143730188859125e-02,1.285000000000000000e+03,7.851535469179162785e-01
1.310163042545318604e+02,3.771290206909179688e+01,-2.953316879272460938e+01,4.966934680938720703e+00,-5.710122585296630859e-01,-1.548792928406300951e-01,1.287000000000000000e+03,5.903945043388810765e-01
1.312661020755767822e+02,3.896401977539062500e+01,-2.967145729064941406e+01,4.974887371063232422e+00,-5.795443058013916016e-01,-2.702559326707845155e-01,1.290000000000000000e+03,4.842472338547087474e-01
1.315137999057769775e+02,4.022161483764648438e+01,-2.981457328796386719e+01,4.977624893188476562e+00,-6.010017991065979004e-01,-3.705431629788618619e-01,1.292000000000000000e+03,2.789614155720280264e-01
1.317653410434722900e+02,4.148788070678710938e+01,-2.996698951721191406e+01,4.973773479461669922e+00,-6.355217695236206055e-01,-4.518065722331805478e-01,1.295000000000000000e+03,2.132480638582686105e-01
1.320147230625152588e+02,4.274220657348632812e+01,-3.012815475463867188e+01,4.965627670288085938e+00,-6.810519099235534668e-01,-5.126968343875075718e-01,1.297000000000000000e+03,9.631561412930035593e-02
1.322696580886840820e+02,4.398947143554687500e+01,-3.030171775817871094e+01,4.952787876129150391e+00,-7.364585399627685547e-01,-5.520485360495795968e-01,1.300000000000000000e+03,1.915591148412586209e-01
1.325151722431182861e+02,4.523650360107421875e+01,-3.049152755737304688e+01,4.935614109039306641e+00,-8.004445433616638184e-01,-5.693698068979718974e-01,1.302000000000000000e+03,2.766220581371859888e-01
1.327690050601959229e+02,4.647423934936523438e+01,-3.069847297668457031e+01,4.915873527526855469e+00,-8.707609176635742188e-01,-5.649806352274405752e-01,1.305000000000000000e+03,3.476225092330814670e-01
1.330129899978637695e+02,4.770682907104492188e+01,-3.092317390441894531e+01,4.893771648406982422e+00,-9.434646964073181152e-01,-5.431295927873647233e-01,1.307000000000000000e+03,4.339568988315008480e-01
1.332657651901245117e+02,4.892987823486328125e+01,-3.116574287414550781e+01,4.874547958374023438e+00,-1.017020344734191895e+00,-5.061151423309959707e-01,1.310000000000000000e+03,4.612096732305343560e-01
1.335152330398559570e+02,5.015715026855468750e+01,-3.142923355102539062e+01,4.859184741973876953e+00,-1.089878916740417480e+00,-4.561116802712211205e-01,1.312000000000000000e+03,5.209074499918628920e-01
1.337691130638122559e+02,5.138821029663085938e+01,-3.171230888366699219e+01,4.843438148498535156e+00,-1.158013343811035156e+00,-3.966583642183885150e-01,1.315000000000000000e+03,5.011327575451136607e-01
1.340157351493835449e+02,5.260454559326171875e+01,-3.200875091552734375e+01,4.828648567199707031e+00,-1.218662261962890625e+00,-3.320957691188349270e-01,1.317000000000000000e+03,5.468242765043375142e-01
1.342685410976409912e+02,5.381778717041015625e+01,-3.231993103027343750e+01,4.815350055694580078e+00,-1.271010518074035645e+00,-2.644013078390116678e-01,1.320000000000000000e+03,4.793143939635853834e-01
1.345147190093994141e+02,5.502388763427734375e+01,-3.264225006103515625e+01,4.803544521331787109e+00,-1.314373850822448730e+00,-1.961408577358581262e-01,1.323000000000000000e+03,5.093851193161003099e-01
1.347698841094970703e+02,5.623511123657226562e+01,-3.297629928588867188e+01,4.792547225952148438e+00,-1.348365187644958496e+00,-1.292161959957555117e-01,1.325000000000000000e+03,4.091868162759634830e-01
1.350143649578094482e+02,5.743361282348632812e+01,-3.331469345092773438e+01,4.784189224243164062e+00,-1.372429251670837402e+00,-6.699002568108484990e-02,1.328000000000000000e+03,4.195933942794309868e-01
1.352654652595520020e+02,5.863503265380859375e+01,-3.366046524047851562e+01,4.778229236602783203e+00,-1.387665748596191406e+00,-8.879772223507763698e-03,1.330000000000000000e+03,3.096565360992402649e-01
1.355161302089691162e+02,5.983908462524414062e+01,-3.401080703735351562e+01,4.774897575378417969e+00,-1.394189715385437012e+00,4.311382964163000542e-02,1.333000000000000000e+03,3.107773022083910042e-01
1.357692332267761230e+02,6.105797195434570312e+01,-3.436627960205078125e+01,4.773576736450195312e+00,-1.391056656837463379e+00,8.645091245348814069e-02,1.335000000000000000e+03,2.098582871907360425e-01
1.360162911415100098e+02,6.226290512084960938e+01,-3.471634674072265625e+01,4.774126052856445312e+00,-1.379866361618041992e+00,1.199889213999753290e-01,1.338000000000000000e+03,1.912591220130631375e-01
1.362669010162353516e+02,6.346679306030273438e+01,-3.506249237060546875e+01,4.774703502655029297e+00,-1.361703753471374512e+00,1.439854488725444415e-01,1.340000000000000000e+03,1.448708285565463161e-01
1.365178692340850830e+02,6.466601562500000000e+01,-3.540164566040039062e+01,4.776666641235351562e+00,-1.339081406593322754e+00,1.588588254202094596e-01,1.343000000000000000e+03,1.199571677832461658e-01
1.367660410404205322e+02,6.586956787109375000e+01,-3.573485183715820312e+01,4.781516551971435547e+00,-1.313794970512390137e+00,1.651710107029094599e-01,1.345000000000000000e+03,1.426324505111220553e-01
1.370168790817260742e+02,6.707206726074218750e+01,-3.606136703491210938e+01,4.788446903228759766e+00,-1.288307309150695801e+00,1.659666584258338295e-01,1.348000000000000000e+03,1.080869518272507268e-01
1.372637922763824463e+02,6.827619171142578125e+01,-3.638167953491210938e+01,4.794839382171630859e+00,-1.262102723121643066e+00,1.612409418060657407e-01,1.350000000000000000e+03,1.768203088119547350e-01
1.375167329311370850e+02,6.948258209228515625e+01,-3.669558715820312500e+01,4.800797939300537109e+00,-1.235943675041198730e+00,1.514420406168728583e-01,1.353000000000000000e+03,1.265638197643078333e-01
1.377675971984863281e+02,7.069367980957031250e+01,-3.700321960449218750e+01,4.807870388031005859e+00,-1.211416006088256836e+00,1.374383697245317171e-01,1.355000000000000000e+03,2.138707531234292913e-01
1.380195572376251221e+02,7.191452789306640625e+01,-3.730610275268554688e+01,4.815110206604003906e+00,-1.189374208450317383e+00,1.205096782805467615e-01,1.358000000000000000e+03,1.301519286205602977e-01
1.382678461074829102e+02,7.312441253662109375e+01,-3.760051727294921875e+01,4.822738170623779297e+00,-1.171184301376342773e+00,1.028999511268150757e-01,1.360000000000000000e+03,2.439921055285688700e-01
1.385198931694030762e+02,7.433172607421875000e+01,-3.788932037353515625e+01,4.830237865447998047e+00,-1.156710147857666016e+00,8.520464770034119617e-02,1.363000000000000000e+03,1.261439499085877103e-01
1.387683510780334473e+02,7.554457855224609375e+01,-3.817563629150390625e+01,4.836922168731689453e+00,-1.145788073539733887e+00,6.827907351079999521e-02,1.365000000000000000e+03,2.515715319575352327e-01
1.390136730670928955e+02,7.675393676757812500e+01,-3.845827865600585938e+01,4.841721534729003906e+00,-1.137453198432922363e+00,5.215453513329199042e-02,1.368000000000000000e+03,1.082051280114048886e-01
1.392676200866699219e+02,7.796405792236328125e+01,-3.873834609985351562e+01,4.844257831573486328e+00,-1.130777478218078613e+00,3.606343762206976056e-02,1.370000000000000000e+03,2.519499401330410615e-01
1.395134270191192627e+02,7.917156982421875000e+01,-3.901560592651367188e+01,4.849577426910400391e+00,-1.127782225608825684e+00,2.129960261945360381e-02,1.373000000000000000e+03,8.198094552825280212e-02
1.397632791996002197e+02,8.038964080810546875e+01,-3.929534912109375000e+01,4.856356143951416016e+00,-1.128718733787536621e+00,9.970455920058352017e-03,1.376000000000000000e+03,2.558704672936672475e-01
1.400197730064392090e+02,8.161868286132812500e+01,-3.957756423950195312e+01,4.861347675323486328e+00,-1.131246328353881836e+00,4.329446758351976950e-04,1.378000000000000000e+03,5.856292386053874727e-02
1.402660789489746094e+02,8.283820343017578125e+01,-3.985761642456054688e+01,4.864319801330566406e+00,-1.135082006454467773e+00,-7.291638151609856205e-03,1.381000000000000000e+03,2.124619724362000195e-01
1.405200409889221191e+02,8.405879974365234375e+01,-4.013921356201171875e+01,4.864782333374023438e+00,-1.139849424362182617e+00,-1.257614403686326335e-02,1.383000000000000000e+03,6.040522288229302483e-02
1.407681021690368652e+02,8.527586364746093750e+01,-4.042042160034179688e+01,4.863356590270996094e+00,-1.145311713218688965e+00,-1.640197690057603602e-02,1.386000000000000000e+03,1.817517717804112976e-01
1.410148851871490479e+02,8.650132751464843750e+01,-4.070474243164062500e+01,4.861090183258056641e+00,-1.151631593704223633e+00,-1.837682905728134017e-02,1.388000000000000000e+03,8.724096335240641431e-02
1.412658691406250000e+02,8.771360015869140625e+01,-4.098806762695312500e+01,4.856221199035644531e+00,-1.158481836318969727e+00,-1.756820405866800494e-02,1.391000000000000000e+03,1.524469519915029880e-01
1.415193591117858887e+02,8.892910003662109375e+01,-4.127437973022460938e+01,4.850027084350585938e+00,-1.165542960166931152e+00,-1.456664852604741718e-02,1.393000000000000000e+03,1.075113306485475650e-01
1.417644350528717041e+02,9.014824676513671875e+01,-4.156370544433593750e+01,4.844371795654296875e+00,-1.172685503959655762e+00,-9.996742739302674069e-03,1.396000000000000000e+03,1.258327918743396279e-01
1.420187892913818359e+02,9.138340759277343750e+01,-4.185795211791992188e+01,4.840207576751708984e+00,-1.179432511329650879e+00,-5.364713903618458825e-03,1.398000000000000000e+03,1.568721287367993988e-01
1.422671720981597900e+02,9.260057067871093750e+01,-4.215001296997070312e+01,4.835995197296142578e+00,-1.185673475265502930e+00,4.149755956162954782e-04,1.401000000000000000e+03,8.051466194279463529e-02
1.425154602527618408e+02,9.381642913818359375e+01,-4.244376754760742188e+01,4.832588195800781250e+00,-1.191579937934875488e+00,7.190951378685421676e-03,1.403000000000000000e+03,1.853219491680009323e-01
1.427698121070861816e+02,9.502739715576171875e+01,-4.273800659179687500e+01,4.830018043518066406e+00,-1.196859121322631836e+00,1.441102511364993760e-02,1.406000000000000000e+03,5.799066547434586494e-02
1.430215539932250977e+02,9.624295043945312500e+01,-4.303496551513671875e+01,4.828585624694824219e+00,-1.201229572296142578e+00,2.169128240071362124e-02,1.408000000000000000e+03,2.081118767871313058e-01
1.432698950767517090e+02,9.745131683349609375e+01,-4.333156585693359375e+01,4.825193881988525391e+00,-1.203834056854248047e+00,2.875381928517728447e-02,1.411000000000000000e+03,3.496703068322013636e-02
1.435160109996795654e+02,9.865513610839843750e+01,-4.362746047973632812e+01,4.821865558624267578e+00,-1.204768776893615723e+00,3.446911063215987031e-02,1.413000000000000000e+03,2.173500025996167317e-01
1.437683851718902588e+02,9.986302185058593750e+01,-4.392477416992187500e+01,4.823378562927246094e+00,-1.205794095993041992e+00,3.945944449031042744e-02,1.416000000000000000e+03,2.330123869546715104e-02
1.440183632373809814e+02,1.010767211914062500e+02,-4.422288513183593750e+01,4.827723026275634766e+00,-1.206246614456176758e+00,4.277748007760805854e-02,1.418000000000000000e+03,2.369122855040552145e-01
1.442725031375885010e+02,1.023000564575195312e+02,-4.452382278442382812e+01,4.831547260284423828e+00,-1.206130981445312500e+00,4.604844420710062919e-02,1.421000000000000000e+03,1.533347995925015556e-02
1.445195913314819336e+02,1.035130615234375000e+02,-4.482214736938476562e+01,4.834946155548095703e+00,-1.205330967903137207e+00,4.866859343114340875e-02,1.424000000000000000e+03,2.235160859042933656e-01
1.447661881446838379e+02,1.047231063842773438e+02,-4.511933135986328125e+01,4.837210655212402344e+00,-1.203810691833496094e+00,5.053474542060883146e-02,1.426000000000000000e+03,3.868442952028316312e-02
1.450153050422668457e+02,1.059388885498046875e+02,-4.541710662841796875e+01,4.839394092559814453e+00,-1.201590418815612793e+00,5.114307606234801823e-02,1.429000000000000000e+03,2.007980280967223974e-01
1.452643721103668213e+02,1.071517105102539062e+02,-4.571357727050781250e+01,4.840475082397460938e+00,-1.198928236961364746e+00,5.113240173292528390e-02,1.431000000000000000e+03,6.557132844381725889e-02
1.455153410434722900e+02,1.083690414428710938e+02,-4.601123046875000000e+01,4.839298725128173828e+00,-1.196111083030700684e+00,5.156144239356403453e-02,1.434000000000000000e+03,1.745257646248405958e-01
1.457649700641632080e+02,1.095821914672851562e+02,-4.630739212036132812e+01,4.837663173675537109e+00,-1.192659616470336914e+00,5.111273532790152480e-02,1.436000000000000000e+03,9.400495959638474619e-02
1.460167820453643799e+02,1.108041000366210938e+02,-4.660410690307617188e+01,4.836558341979980469e+00,-1.188740730285644531e+00,4.890966199676322762e-02,1.439000000000000000e+03,1.441958750782144083e-01
1.462693829536437988e+02,1.120327224731445312e+02,-4.690174102783203125e+01,4.833891868591308594e+00,-1.184594392776489258e+00,4.631392829822898044e-02,1.441000000000000000e+03,1.400415767277692070e-01
1.465200619697570801e+02,1.132475738525390625e+02,-4.719575500488281250e+01,4.830950736999511719e+00,-1.181048631668090820e+00,4.414160402910304731e-02,1.444000000000000000e+03,1.065734201132336745e-01
1.467700531482696533e+02,1.144612197875976562e+02,-4.748885726928710938e+01,4.829241275787353516e+00,-1.177885413169860840e+00,4.159249179901947785e-02,1.446000000000000000e+03,1.639251328126752894e-01
1.470166289806365967e+02,1.156712341308593750e+02,-4.777979660034179688e+01,4.829683303833007812e+00,-1.175142168998718262e+00,3.799297731655019300e-02,1.449000000000000000e+03,8.871915227256840786e-02
1.472667100429534912e+02,1.168891677856445312e+02,-4.807217788696289062e+01,4.831152439117431641e+00,-1.173228383064270020e+00,3.461272902426459908e-02,1.451000000000000000e+03,1.858408427318143097e-01
1.475188381671905518e+02,1.180989456176757812e+02,-4.836158752441406250e+01,4.832869052886962891e+00,-1.171908020973205566e+00,3.099847936228745590e-02,1.454000000000000000e+03,6.694001486893295938e-02
1.477648451328277588e+02,1.193122482299804688e+02,-4.865138626098632812e+01,4.831717967987060547e+00,-1.170924425125122070e+00,2.802339810563521730e-02,1.456000000000000000e+03,2.019520496848368762e-01
1.480175390243530273e+02,1.205291519165039062e+02,-4.894145965576171875e+01,4.830641269683837891e+00,-1.170604348182678223e+00,2.523126454931952714e-02,1.459000000000000000e+03,4.304464313001347270e-02
1.482707772254943848e+02,1.217590560913085938e+02,-4.923520660400390625e+01,4.828320026397705078e+00,-1.171332955360412598e+00,2.415084036566619852e-02,1.461000000000000000e+03,2.422788732247079524e-01
1.485176022052764893e+02,1.229680633544921875e+02,-4.952489089965820312e+01,4.825353145599365234e+00,-1.172749996185302734e+00,2.462808647689427449e-02,1.464000000000000000e+03,2.164454445372778271e-02
1.487707891464233398e+02,1.241752777099609375e+02,-4.981508255004882812e+01,4.825603008270263672e+00,-1.174899816513061523e+00,2.578063792671266008e-02,1.467000000000000000e+03,2.437726149668836551e-01
