t_s,x_east,y_north,v_east,v_north,a_cmd,path_idx,cte_m
9.782004356384277344e-02,-8.308432064950466156e-03,1.059463992714881897e-02,1.272061746567487717e-02,-1.075246836990118027e-02,-1.000013652050661062e+00,0.000000000000000000e+00,5.924182647925150006e-04
1.944777965545654297e-01,-7.753945887088775635e-03,1.057419274002313614e-02,1.247085817158222198e-02,-1.035230606794357300e-02,-9.999977486828961482e-01,0.000000000000000000e+00,1.146648007313951423e-03
2.930879592895507812e-01,-6.958444602787494659e-03,1.088165305554866791e-02,2.197531238198280334e-02,-5.918558686971664429e-03,-1.000236884483566513e+00,0.000000000000000000e+00,1.965881477872538467e-03
3.993201255798339844e-01,-3.717859275639057159e-03,1.168032363057136536e-02,6.182010471820831299e-02,-5.613801185972988605e-04,-1.000858072694953638e+00,0.000000000000000000e+00,5.298851826642712003e-03
4.974429607391357422e-01,5.758666899055242538e-03,1.279222127050161362e-02,1.488936990499496460e-01,-2.749196486547589302e-03,-1.001722881871661919e+00,0.000000000000000000e+00,1.482567497437916465e-02
5.942401885986328125e-01,2.686867862939834595e-02,1.291537657380104065e-02,2.938184142112731934e-01,-1.697761192917823792e-02,-1.001818669309918697e+00,0.000000000000000000e+00,3.584561608190961479e-02
6.979558467864990234e-01,6.554585695266723633e-02,1.099416520446538925e-02,5.004711747169494629e-01,-4.220898449420928955e-02,3.213612324169877466e-02,0.000000000000000000e+00,7.444761550069339817e-02
7.977161407470703125e-01,1.274403184652328491e-01,6.144047249108552933e-03,7.618262171745300293e-01,-7.430209964513778687e-02,5.151112212522553080e-02,0.000000000000000000e+00,1.364129584417788366e-01
8.989341259002685547e-01,2.168784290552139282e-01,-1.694709295406937599e-03,1.057488441467285156e+00,-1.034436449408531189e-01,6.047677768144957972e-02,0.000000000000000000e+00,2.261122786267653062e-01
9.970350265502929688e-01,3.359487950801849365e-01,-1.200980320572853088e-02,1.365143537521362305e+00,-1.249196901917457581e-01,2.351211250008711229e-02,1.000000000000000000e+00,2.196820888194377652e-01
1.099507093429565430e+00,4.846011400222778320e-01,-2.387537807226181030e-02,1.668866991996765137e+00,-1.411230713129043579e-01,-9.628151937923212778e-04,1.000000000000000000e+00,7.582522097370590630e-02
1.198992013931274414e+00,6.624659895896911621e-01,-3.735487535595893860e-02,1.960990667343139648e+00,-1.580073386430740356e-01,-2.904517998486400021e-02,1.000000000000000000e+00,1.151973918182750412e-01
1.298541069030761719e+00,8.676281571388244629e-01,-5.256087705492973328e-02,2.238551378250122070e+00,-1.779109537601470947e-01,1.448028280617318642e-01,2.000000000000000000e+00,1.902780926841489972e-01
1.395608901977539062e+00,1.099801182746887207e+00,-7.022753357887268066e-02,2.504052639007568359e+00,-2.004257589578628540e-01,1.682483155488586624e-01,2.000000000000000000e+00,7.903474833958015755e-02
1.497071981430053711e+00,1.357264518737792969e+00,-9.014479070901870728e-02,2.760351657867431641e+00,-2.170191556215286255e-01,1.876137977584549921e-01,3.000000000000000000e+00,2.054483069927315886e-01
1.596338987350463867e+00,1.640212893486022949e+00,-1.114883050322532654e-01,3.011425971984863281e+00,-2.222975939512252808e-01,1.972104898225587044e-01,3.000000000000000000e+00,1.299525692177761482e-01
1.699450016021728516e+00,1.947519540786743164e+00,-1.329967826604843140e-01,3.258264541625976562e+00,-2.198409140110015869e-01,2.000573954919008246e-01,4.000000000000000000e+00,1.436303582820260272e-01
1.795320034027099609e+00,2.279648780822753906e+00,-1.544622629880905151e-01,3.501657485961914062e+00,-2.150436043739318848e-01,2.013655724420100324e-01,4.000000000000000000e+00,2.640604159947222973e-01
1.898200988769531250e+00,2.635524511337280273e+00,-1.756165176630020142e-01,3.741081476211547852e+00,-2.107262164354324341e-01,2.037275881061641203e-01,5.000000000000000000e+00,1.628332297441300869e-01
1.995038986206054688e+00,3.012176990509033203e+00,-1.962826848030090332e-01,3.972918748855590820e+00,-2.075685709714889526e-01,2.076363778141190330e-01,6.000000000000000000e+00,1.473861477444431134e-01
2.098137855529785156e+00,3.414171934127807617e+00,-2.167060226202011108e-01,4.187858104705810547e+00,-2.042499184608459473e-01,2.116989954561587228e-01,7.000000000000000000e+00,1.979721161970458554e-01
2.199690103530883789e+00,3.836320161819458008e+00,-2.368731200695037842e-01,4.367606163024902344e+00,-1.986933499574661255e-01,2.136735029402864194e-01,8.000000000000000000e+00,2.577976408711377676e-01
2.295032978057861328e+00,4.273806095123291016e+00,-2.563398182392120361e-01,4.503843307495117188e+00,-1.891399174928665161e-01,2.112889489103429164e-01,8.000000000000000000e+00,2.306686982457289425e-01
2.398423194885253906e+00,4.727066040039062500e+00,-2.746210396289825439e-01,4.600409984588623047e+00,-1.738768219947814941e-01,2.022405655843660388e-01,9.000000000000000000e+00,2.487937189017709605e-01
2.494566917419433594e+00,5.187259197235107422e+00,-2.908615767955780029e-01,4.663439273834228516e+00,-1.523344814777374268e-01,1.853109547021646042e-01,1.000000000000000000e+01,2.491032949525980589e-01
2.597741127014160156e+00,5.649760723114013672e+00,-3.045418560504913330e-01,4.705865859985351562e+00,-1.266718804836273193e-01,1.623027107631974664e-01,1.100000000000000000e+01,2.309673710448810757e-01
2.696930170059204102e+00,6.115096569061279297e+00,-3.155412077903747559e-01,4.735383987426757812e+00,-1.004035249352455139e-01,1.366127913343492262e-01,1.200000000000000000e+01,2.156792776446577187e-01
2.964475870132446289e+00,7.369394302368164062e+00,-3.341178596019744873e-01,4.788046360015869141e+00,-4.586352407932281494e-02,7.523135830080573960e-02,1.500000000000000000e+01,2.342511353733201795e-01
3.211788177490234375e+00,8.560994148254394531e+00,-3.420997560024261475e-01,4.833778381347656250e+00,-2.274228259921073914e-02,3.819539834846955029e-02,1.700000000000000000e+01,1.736797083700875599e-01
3.468421936035156250e+00,9.776026725769042969e+00,-3.462913930416107178e-01,4.889887809753417969e+00,-1.469349488615989685e-02,1.268234710905238004e-02,2.000000000000000000e+01,2.665727087320213240e-01
3.717638015747070312e+00,1.099569892883300781e+01,-3.493910431861877441e-01,4.951724052429199219e+00,-1.546230260282754898e-02,-5.366603509855486995e-03,2.200000000000000000e+01,1.180071585584096527e-01
3.963971853256225586e+00,1.223183441162109375e+01,-3.528667390346527100e-01,5.012581825256347656e+00,-2.160387113690376282e-02,-1.850526163055963430e-02,2.400000000000000000e+01,2.577144219303570405e-01
4.217900037765502930e+00,1.347790050506591797e+01,-3.586343824863433838e-01,5.066165447235107422e+00,-3.202903270721435547e-02,-2.611148111288233431e-02,2.700000000000000000e+01,7.154097904144098019e-02
4.466745853424072266e+00,1.474546241760253906e+01,-3.668617606163024902e-01,5.111059188842773438e+00,-4.398245736956596375e-02,-3.086530563136819644e-02,3.000000000000000000e+01,2.369164876090826821e-01
4.715917825698852539e+00,1.601141548156738281e+01,-3.772290349006652832e-01,5.142817974090576172e+00,-5.613298714160919189e-02,-3.373414720535397593e-02,3.200000000000000000e+01,5.130707376583010931e-02
4.966543912887573242e+00,1.728987884521484375e+01,-3.902803063392639160e-01,5.161961555480957031e+00,-6.743230670690536499e-02,-3.545109989672564493e-02,3.500000000000000000e+01,1.752481789392163480e-01
5.214273214340209961e+00,1.857686424255371094e+01,-4.059057235717773438e-01,5.170095443725585938e+00,-7.764209061861038208e-02,-3.619077976909605698e-02,3.700000000000000000e+01,1.176947632666749399e-01
5.465440988540649414e+00,1.988293838500976562e+01,-4.241618812084197998e-01,5.168183326721191406e+00,-8.669973909854888916e-02,-3.610643815236543042e-02,4.000000000000000000e+01,6.904067132783507643e-02
5.715915203094482422e+00,2.117070007324218750e+01,-4.448814094066619873e-01,5.158693790435791016e+00,-9.513545781373977661e-02,-3.413641314551716516e-02,4.200000000000000000e+01,2.249301302995435625e-01
5.964353084564208984e+00,2.245601272583007812e+01,-4.676470756530761719e-01,5.145211219787597656e+00,-1.023856252431869507e-01,-3.154040891185858064e-02,4.500000000000000000e+01,2.830345572249116232e-02
6.217509984970092773e+00,2.373423004150390625e+01,-4.923800230026245117e-01,5.129961490631103516e+00,-1.088693141937255859e-01,-2.793953838349472196e-02,4.800000000000000000e+01,1.982675405835459814e-01
6.468136072158813477e+00,2.501356887817382812e+01,-5.192251801490783691e-01,5.114461898803710938e+00,-1.146051362156867981e-01,-2.339992002954531872e-02,5.000000000000000000e+01,9.264252423443741780e-02
6.716035127639770508e+00,2.628553390502929688e+01,-5.476149320602416992e-01,5.098405838012695312e+00,-1.192901432514190674e-01,-1.852899171582920654e-02,5.300000000000000000e+01,1.350333061968433945e-01
6.966242074966430664e+00,2.755123329162597656e+01,-5.770535469055175781e-01,5.081520080566406250e+00,-1.229496523737907410e-01,-1.371837461635663953e-02,5.500000000000000000e+01,1.419182093261184829e-01
7.216396093368530273e+00,2.881528091430664062e+01,-6.061921715736389160e-01,5.067574501037597656e+00,-1.252043098211288452e-01,-1.060246906815647330e-02,5.800000000000000000e+01,9.293628676035790848e-02
7.461663007736206055e+00,3.008153533935546875e+01,-6.363415718078613281e-01,5.057952880859375000e+00,-1.272742897272109985e-01,-7.033150149424066168e-03,6.000000000000000000e+01,1.846050641222993505e-01
7.715326070785522461e+00,3.135528373718261719e+01,-6.672970056533813477e-01,5.049952983856201172e+00,-1.295742988586425781e-01,-2.780848472712858267e-03,6.300000000000000000e+01,4.250548883254097465e-02
7.969186782836914062e+00,3.261602783203125000e+01,-6.982851624488830566e-01,5.043513774871826172e+00,-1.316932141780853271e-01,1.500491348137556824e-03,6.500000000000000000e+01,2.316626257064783312e-01
8.216339111328125000e+00,3.387196350097656250e+01,-7.290509939193725586e-01,5.037805080413818359e+00,-1.334735900163650513e-01,5.330588175951694874e-03,6.800000000000000000e+01,1.922508543022344654e-02
8.465137958526611328e+00,3.513198471069335938e+01,-7.604594230651855469e-01,5.032840728759765625e+00,-1.352557986974716187e-01,9.570559170601752527e-03,7.100000000000000000e+01,2.378752194580679158e-01
8.713521003723144531e+00,3.638783264160156250e+01,-7.920161485671997070e-01,5.027934074401855469e+00,-1.368134021759033203e-01,1.376968758218538071e-02,7.300000000000000000e+01,2.689040064789608581e-02
8.965116024017333984e+00,3.764691162109375000e+01,-8.239892721176147461e-01,5.021106243133544922e+00,-1.380961239337921143e-01,1.800351083344724906e-02,7.600000000000000000e+01,2.091729045126113351e-01
9.214764118194580078e+00,3.890143585205078125e+01,-8.564742803573608398e-01,5.014766216278076172e+00,-1.391001492738723755e-01,2.241933605389557355e-02,7.800000000000000000e+01,5.120904615942513394e-02
9.464894056320190430e+00,4.016353225708007812e+01,-8.889264464378356934e-01,5.008999347686767578e+00,-1.394522339105606079e-01,2.600348886048726993e-02,8.100000000000000000e+01,1.788889000882944169e-01
9.714684963226318359e+00,4.143251037597656250e+01,-9.217463731765747070e-01,5.002187252044677734e+00,-1.392916589975357056e-01,2.925636599926906278e-02,8.300000000000000000e+01,9.564043537325390976e-02
9.966535091400146484e+00,4.268737411499023438e+01,-9.537920355796813965e-01,4.995668411254882812e+00,-1.383531093597412109e-01,3.136204160881379821e-02,8.600000000000000000e+01,1.417582614077483316e-01
1.022011804580688477e+01,4.394174575805664062e+01,-9.855654835700988770e-01,4.990648269653320312e+00,-1.367946267127990723e-01,3.260635566828636034e-02,8.800000000000000000e+01,1.187625359469618586e-01
1.046705102920532227e+01,4.519026947021484375e+01,-1.017188906669616699e+00,4.986596107482910156e+00,-1.354305297136306763e-01,3.400584525837967165e-02,9.100000000000000000e+01,1.260323758152150364e-01
1.071651101112365723e+01,4.644637298583984375e+01,-1.048972129821777344e+00,4.983978271484375000e+00,-1.337441802024841309e-01,3.504164078048400965e-02,9.300000000000000000e+01,1.374943694073426093e-01
1.096462392807006836e+01,4.769073104858398438e+01,-1.079831361770629883e+00,4.981635093688964844e+00,-1.315209120512008667e-01,3.502175782118423231e-02,9.600000000000000000e+01,1.131969579641956269e-01
1.121366405487060547e+01,4.894041442871093750e+01,-1.110547542572021484e+00,4.979718208312988281e+00,-1.290252059698104858e-01,3.451542852873647205e-02,9.800000000000000000e+01,1.456339607554608673e-01
1.146344900131225586e+01,5.019388961791992188e+01,-1.140141725540161133e+00,4.977818012237548828e+00,-1.254857629537582397e-01,3.202857921317422280e-02,1.010000000000000000e+02,9.785856502816268898e-02
1.171692919731140137e+01,5.145989608764648438e+01,-1.168976426124572754e+00,4.973532199859619141e+00,-1.219617798924446106e-01,2.879433645974583886e-02,1.030000000000000000e+02,1.783253014598959740e-01
1.197026801109313965e+01,5.270606231689453125e+01,-1.197499871253967285e+00,4.969669818878173828e+00,-1.199525669217109680e-01,2.717180116598969311e-02,1.060000000000000000e+02,7.367506573968175820e-02
1.222071886062622070e+01,5.395220947265625000e+01,-1.225664019584655762e+00,4.969686985015869141e+00,-1.185734048485755920e-01,2.582912991104423586e-02,1.080000000000000000e+02,1.839512133191304744e-01
1.247004818916320801e+01,5.519464874267578125e+01,-1.252662301063537598e+00,4.971736907958984375e+00,-1.170567646622657776e-01,2.347413562724218888e-02,1.110000000000000000e+02,7.159430620279648438e-02
1.271772289276123047e+01,5.644169235229492188e+01,-1.279241442680358887e+00,4.975051403045654297e+00,-1.161365434527397156e-01,2.128604128330003481e-02,1.130000000000000000e+02,1.863125840861081239e-01
1.296514105796813965e+01,5.768562316894531250e+01,-1.305608153343200684e+00,4.977507591247558594e+00,-1.158612370491027832e-01,1.964761698198657855e-02,1.160000000000000000e+02,6.657104862042174942e-02
1.321682214736938477e+01,5.893270111083984375e+01,-1.331590652465820312e+00,4.979642391204833984e+00,-1.159633398056030273e-01,1.803890983869870998e-02,1.180000000000000000e+02,1.900807932851443505e-01
1.346496701240539551e+01,6.018503189086914062e+01,-1.357562541961669922e+00,4.981204509735107422e+00,-1.163325086236000061e-01,1.660717316527991760e-02,1.210000000000000000e+02,5.321246246659751961e-02
1.371719503402709961e+01,6.144188308715820312e+01,-1.384542584419250488e+00,4.980616569519042969e+00,-1.175657957792282104e-01,1.678412645375665715e-02,1.230000000000000000e+02,2.120914028339870583e-01
1.396487903594970703e+01,6.270616912841796875e+01,-1.411699414253234863e+00,4.977490425109863281e+00,-1.187025457620620728e-01,1.692368872444672753e-02,1.260000000000000000e+02,2.119892177103431877e-02
1.421931815147399902e+01,6.395840072631835938e+01,-1.437338232994079590e+00,4.975047588348388672e+00,-1.192673519253730774e-01,1.551430862934502670e-02,1.280000000000000000e+02,2.415396700659231122e-01
1.447100400924682617e+01,6.520536041259765625e+01,-1.463894963264465332e+00,4.972678184509277344e+00,-1.208093911409378052e-01,1.588442641297464764e-02,1.310000000000000000e+02,1.016967057483370018e-02
1.471456503868103027e+01,6.645603179931640625e+01,-1.490954399108886719e+00,4.971209526062011719e+00,-1.227925866842269897e-01,1.700152067653834184e-02,1.340000000000000000e+02,2.454529264504004549e-01
1.496307110786437988e+01,6.770233154296875000e+01,-1.518839120864868164e+00,4.969776153564453125e+00,-1.250921785831451416e-01,1.914900344150365086e-02,1.360000000000000000e+02,1.022719485837659571e-02
1.521846508979797363e+01,6.895411682128906250e+01,-1.546488046646118164e+00,4.968128204345703125e+00,-1.266746520996093750e-01,2.030631195807370074e-02,1.390000000000000000e+02,2.340709242699461901e-01
1.546530604362487793e+01,7.020238494873046875e+01,-1.574816346168518066e+00,4.966889858245849609e+00,-1.283003091812133789e-01,2.208455023946421028e-02,1.410000000000000000e+02,2.110655450213696702e-02
1.571727013587951660e+01,7.145872497558593750e+01,-1.604508399963378906e+00,4.965432167053222656e+00,-1.301192194223403931e-01,2.497339388658147835e-02,1.440000000000000000e+02,2.161991523485788935e-01
1.596679902076721191e+01,7.272294616699218750e+01,-1.635143756866455078e+00,4.962351799011230469e+00,-1.316090673208236694e-01,2.815761328886675491e-02,1.460000000000000000e+02,5.476192101651329580e-02
1.622053790092468262e+01,7.397418975830078125e+01,-1.666335821151733398e+00,4.959220886230468750e+00,-1.319406330585479736e-01,3.083822293219753985e-02,1.490000000000000000e+02,1.876590551935035656e-01
1.646763205528259277e+01,7.522355651855468750e+01,-1.697477221488952637e+00,4.956579208374023438e+00,-1.305233836174011230e-01,3.175128618960360027e-02,1.510000000000000000e+02,6.976673432697853838e-02
1.671687006950378418e+01,7.646695709228515625e+01,-1.727741003036499023e+00,4.955049037933349609e+00,-1.278399527072906494e-01,3.080154914498772767e-02,1.540000000000000000e+02,1.819702485503908729e-01
1.696636605262756348e+01,7.771839141845703125e+01,-1.757200002670288086e+00,4.955272674560546875e+00,-1.248647421598434448e-01,2.876514998145068142e-02,1.560000000000000000e+02,7.857178118989441296e-02
1.721532797813415527e+01,7.895605468750000000e+01,-1.785987257957458496e+00,4.955156803131103516e+00,-1.223632916808128357e-01,2.693072373511841769e-02,1.590000000000000000e+02,1.797812239131547085e-01
1.746770906448364258e+01,8.019314575195312500e+01,-1.813485980033874512e+00,4.955037593841552734e+00,-1.199573650956153870e-01,2.420857853713431068e-02,1.610000000000000000e+02,6.724249080498019560e-02
1.771381521224975586e+01,8.143406677246093750e+01,-1.840883731842041016e+00,4.959191799163818359e+00,-1.184439808130264282e-01,2.215145403472621247e-02,1.640000000000000000e+02,1.883325973263238473e-01
1.796833205223083496e+01,8.269310760498046875e+01,-1.869033098220825195e+00,4.965417385101318359e+00,-1.180686876177787781e-01,2.145580526434885671e-02,1.660000000000000000e+02,7.971511229916251884e-02
1.821575498580932617e+01,8.393807983398437500e+01,-1.895662546157836914e+00,4.971433639526367188e+00,-1.173788905143737793e-01,1.951935653868472689e-02,1.690000000000000000e+02,1.709774963539521242e-01
1.846585297584533691e+01,8.518489074707031250e+01,-1.922085165977478027e+00,4.976771354675292969e+00,-1.172221451997756958e-01,1.793439949015504520e-02,1.710000000000000000e+02,8.387808866968080035e-02
1.871696901321411133e+01,8.642952728271484375e+01,-1.948553442955017090e+00,4.981080055236816406e+00,-1.177406609058380127e-01,1.711592105817416956e-02,1.740000000000000000e+02,1.660034590735289250e-01
1.896517419815063477e+01,8.767986297607421875e+01,-1.975559711456298828e+00,4.984311103820800781e+00,-1.188880950212478638e-01,1.726352838556369229e-02,1.760000000000000000e+02,9.145625061036456727e-02
1.921673512458801270e+01,8.892784118652343750e+01,-2.002372026443481445e+00,4.985685825347900391e+00,-1.198574379086494446e-01,1.716087613361634567e-02,1.790000000000000000e+02,1.542747039512411822e-01
1.946463012695312500e+01,9.017723846435546875e+01,-2.029251575469970703e+00,4.984815120697021484e+00,-1.208847165107727051e-01,1.113947510174460254e+00,1.810000000000000000e+02,1.138862605416018636e-01
1.971561408042907715e+01,9.143145751953125000e+01,-2.055557966232299805e+00,4.982394695281982422e+00,-9.138000756502151489e-02,1.419785096365785648e+00,1.840000000000000000e+02,1.222382309152399288e-01
1.996316409111022949e+01,9.268830108642578125e+01,-2.053286075592041016e+00,4.970205307006835938e+00,1.168606802821159363e-01,1.471274194978752892e+00,1.860000000000000000e+02,2.503127016746780620e-01
2.021685194969177246e+01,9.395105743408203125e+01,-1.986313462257385254e+00,4.947879314422607422e+00,3.970697820186614990e-01,1.547848379444531464e+00,1.890000000000000000e+02,2.653468844103881175e-01
2.047059583663940430e+01,9.519251251220703125e+01,-1.855938196182250977e+00,4.915177822113037109e+00,6.544266343116760254e-01,1.546079585373360876e+00,1.910000000000000000e+02,4.241603429670984804e-01
2.071961402893066406e+01,9.641863250732421875e+01,-1.663061618804931641e+00,4.866937637329101562e+00,9.169057607650756836e-01,1.631266720423918404e+00,1.940000000000000000e+02,4.385050955741582324e-01
2.096880698204040527e+01,9.763495635986328125e+01,-1.403616428375244141e+00,4.805479526519775391e+00,1.180626392364501953e+00,1.609965865915428340e+00,1.960000000000000000e+02,5.721813941409892301e-01
2.121912407875061035e+01,9.882970428466796875e+01,-1.078789472579956055e+00,4.727648735046386719e+00,1.448283910751342773e+00,1.671756908425496846e+00,1.990000000000000000e+02,5.876256073588518314e-01
2.146442103385925293e+01,1.000060043334960938e+02,-6.863660216331481934e-01,4.636502265930175781e+00,1.709465742111206055e+00,1.630400161423245731e+00,2.010000000000000000e+02,6.889151880145615303e-01
2.171345400810241699e+01,1.011529922485351562e+02,-2.295252978801727295e-01,4.529352664947509766e+00,1.971837759017944336e+00,1.679418228808013058e+00,2.040000000000000000e+02,6.996997439628084292e-01
2.196511220932006836e+01,1.022796783447265625e+02,2.959253787994384766e-01,4.411169528961181641e+00,2.227939128875732422e+00,1.626301886560061583e+00,2.060000000000000000e+02,7.476431801178686776e-01
2.221999692916870117e+01,1.033816528320312500e+02,8.902108073234558105e-01,4.275436878204345703e+00,2.482161283493041992e+00,1.658006201022307557e+00,2.090000000000000000e+02,7.787294924207559532e-01
2.246739506721496582e+01,1.044367370605468750e+02,1.540433049201965332e+00,4.132284641265869141e+00,2.719865560531616211e+00,1.593090793706539499e+00,2.110000000000000000e+02,7.757095212840781073e-01
2.271640205383300781e+01,1.054534378051757812e+02,2.249840974807739258e+00,3.974139213562011719e+00,2.953860759735107422e+00,1.514647380955113531e+00,2.130000000000000000e+02,8.104924225168107510e-01
2.296807503700256348e+01,1.064267959594726562e+02,3.014014959335327148e+00,3.811391830444335938e+00,3.172476291656494141e+00,1.541438271275731742e+00,2.160000000000000000e+02,7.770467343915531400e-01
2.321777796745300293e+01,1.073656616210937500e+02,3.835549354553222656e+00,3.644868612289428711e+00,3.375105142593383789e+00,1.473914281094343082e+00,2.180000000000000000e+02,7.661007568578880322e-01
2.346801900863647461e+01,1.082516098022460938e+02,4.696774959564208984e+00,3.464523792266845703e+00,3.568716764450073242e+00,2.993780823513079170e-01,2.210000000000000000e+02,7.453740089926800261e-01
2.371510100364685059e+01,1.090958023071289062e+02,5.603985309600830078e+00,3.316513538360595703e+00,3.720027685165405273e+00,1.937104165974932665e-02,2.230000000000000000e+02,6.400767242563961679e-01
2.396909904479980469e+01,1.099239349365234375e+02,6.536398887634277344e+00,3.305535078048706055e+00,3.749350786209106445e+00,-1.003492301150405164e-01,2.260000000000000000e+02,5.451624489942973328e-01
2.421824312210083008e+01,1.107662887573242188e+02,7.485055923461914062e+00,3.328810691833496094e+00,3.745157718658447266e+00,-1.748396576097352717e-01,2.280000000000000000e+02,4.040995258600152407e-01
2.446654200553894043e+01,1.116030654907226562e+02,8.422791481018066406e+00,3.349104404449462891e+00,3.738977432250976562e+00,-2.476046867227613968e-01,2.310000000000000000e+02,3.132697202900565636e-01
2.471834492683410645e+01,1.124461746215820312e+02,9.360742568969726562e+00,3.372941255569458008e+00,3.725820779800415039e+00,-3.102140366633345248e-01,2.330000000000000000e+02,1.969550326920170291e-01
2.496814703941345215e+01,1.132933731079101562e+02,1.029257678985595703e+01,3.398407220840454102e+00,3.704290628433227539e+00,-3.602725064257641940e-01,2.360000000000000000e+02,1.362296844511336757e-01
2.522011089324951172e+01,1.141513900756835938e+02,1.122242927551269531e+01,3.424715518951416016e+00,3.676842689514160156e+00,-3.985902452384150196e-01,2.380000000000000000e+02,1.485341958784080485e-01
2.546621298789978027e+01,1.150139465332031250e+02,1.214220523834228516e+01,3.451432704925537109e+00,3.644587993621826172e+00,-4.247888973953011238e-01,2.410000000000000000e+02,1.590590439751277951e-01
2.571970486640930176e+01,1.158848190307617188e+02,1.305364036560058594e+01,3.478542089462280273e+00,3.607500791549682617e+00,-4.377356337048021184e-01,2.430000000000000000e+02,2.680233553603364460e-01
2.596633815765380859e+01,1.167666549682617188e+02,1.395907878875732422e+01,3.507025241851806641e+00,3.568174839019775391e+00,-4.386570760178625794e-01,2.460000000000000000e+02,2.752669914914045446e-01
2.621798205375671387e+01,1.176608886718750000e+02,1.485831737518310547e+01,3.536899089813232422e+00,3.526821851730346680e+00,-4.268940072809161990e-01,2.480000000000000000e+02,3.854512880324569846e-01
2.646881389617919922e+01,1.185684127807617188e+02,1.575319576263427734e+01,3.564789056777954102e+00,3.483717679977416992e+00,-4.054733821205912525e-01,2.510000000000000000e+02,3.583682432806183371e-01
2.671638107299804688e+01,1.194728393554687500e+02,1.662774085998535156e+01,3.590755701065063477e+00,3.440850496292114258e+00,-3.755086098587991916e-01,2.540000000000000000e+02,4.512491293669281256e-01
2.697040605545043945e+01,1.203813552856445312e+02,1.748795890808105469e+01,3.617654800415039062e+00,3.399704217910766602e+00,-3.360319783212145084e-01,2.560000000000000000e+02,3.968961258087365107e-01
2.721725010871887207e+01,1.212997817993164062e+02,1.834149932861328125e+01,3.644698858261108398e+00,3.363025426864624023e+00,-2.910065142711448227e-01,2.590000000000000000e+02,4.533233016938607030e-01
2.746536707878112793e+01,1.222211914062500000e+02,1.918280029296875000e+01,3.669470787048339844e+00,3.331276416778564453e+00,-2.428355891464497318e-01,2.610000000000000000e+02,3.884559351520235349e-01
2.771672821044921875e+01,1.231490783691406250e+02,2.001739501953125000e+01,3.689366340637207031e+00,3.303380966186523438e+00,-1.936268192441391311e-01,2.640000000000000000e+02,4.228894681473477357e-01
2.796880102157592773e+01,1.240768051147460938e+02,2.084123611450195312e+01,3.706395626068115234e+00,3.280633926391601562e+00,-1.442784246104165113e-01,2.660000000000000000e+02,3.419397684612035526e-01
2.822113013267517090e+01,1.250144729614257812e+02,2.166607284545898438e+01,3.721296548843383789e+00,3.265510082244873047e+00,-9.751442298447976498e-02,2.690000000000000000e+02,3.700605738543863432e-01
2.847031712532043457e+01,1.259618835449218750e+02,2.249309730529785156e+01,3.733152151107788086e+00,3.256813287734985352e+00,-5.372514666454063226e-02,2.710000000000000000e+02,2.738567184407843524e-01
2.871734786033630371e+01,1.269031066894531250e+02,2.331063842773437500e+01,3.741581439971923828e+00,3.254220962524414062e+00,-1.462318083458476192e-02,2.740000000000000000e+02,2.964883054079455738e-01
2.897278904914855957e+01,1.278459167480468750e+02,2.412826347351074219e+01,3.745920658111572266e+00,3.256603240966796875e+00,1.890982226126507876e-02,2.760000000000000000e+02,1.950517139028464797e-01
2.921747422218322754e+01,1.287869110107421875e+02,2.494502258300781250e+01,3.746494293212890625e+00,3.262430906295776367e+00,4.698589324038709297e-02,2.790000000000000000e+02,2.336800460414888980e-01
2.946771693229675293e+01,1.297331390380859375e+02,2.576863098144531250e+01,3.742335796356201172e+00,3.270539283752441406e+00,6.914405645556827296e-02,2.810000000000000000e+02,1.274494525239452947e-01
2.971935486793518066e+01,1.306675872802734375e+02,2.658534622192382812e+01,3.733918666839599609e+00,3.280207633972167969e+00,8.502988362460081606e-02,2.840000000000000000e+02,1.886633640604009621e-01
2.996572303771972656e+01,1.316024169921875000e+02,2.740778923034667969e+01,3.723097324371337891e+00,3.291648387908935547e+00,9.494540702442001712e-02,2.860000000000000000e+02,8.043642696301379902e-02
3.021825695037841797e+01,1.325387573242187500e+02,2.823716926574707031e+01,3.712329387664794922e+00,3.305629014968872070e+00,9.989649112616286186e-02,2.890000000000000000e+02,1.680425806854127790e-01
3.046763491630554199e+01,1.334838714599609375e+02,2.908056449890136719e+01,3.700140714645385742e+00,3.319478988647460938e+00,1.006577439580136901e-01,2.910000000000000000e+02,1.059866505464833325e-01
3.072234821319580078e+01,1.344129333496093750e+02,2.991550445556640625e+01,3.687116861343383789e+00,3.332303047180175781e+00,9.794386797704168757e-02,2.940000000000000000e+02,1.450321871572485544e-01
3.097002506256103516e+01,1.353377227783203125e+02,3.075293922424316406e+01,3.674501180648803711e+00,3.344930648803710938e+00,9.198743626846594967e-02,2.960000000000000000e+02,1.271289398825110051e-01
3.122229003906250000e+01,1.362566375732421875e+02,3.159179115295410156e+01,3.663299322128295898e+00,3.357871294021606445e+00,8.288223095931906981e-02,2.990000000000000000e+02,1.496445656025987281e-01
3.146853995323181152e+01,1.371753234863281250e+02,3.243661499023437500e+01,3.654804229736328125e+00,3.370948553085327148e+00,7.204063949527109156e-02,3.010000000000000000e+02,1.399848317199538228e-01
3.171525907516479492e+01,1.380886840820312500e+02,3.328165435791015625e+01,3.648348331451416016e+00,3.382594585418701172e+00,6.072157260015752928e-02,3.040000000000000000e+02,1.481898247273133462e-01
3.196739482879638672e+01,1.390012664794921875e+02,3.412974166870117188e+01,3.641980886459350586e+00,3.391148090362548828e+00,4.956867059955467197e-02,3.060000000000000000e+02,1.437793281813751489e-01
3.221951389312744141e+01,1.399164886474609375e+02,3.498339462280273438e+01,3.636555671691894531e+00,3.398249149322509766e+00,3.835040121182364120e-02,3.090000000000000000e+02,1.369327982864006754e-01
3.246493816375732422e+01,1.408328094482421875e+02,3.584123229980468750e+01,3.631016016006469727e+00,3.403655529022216797e+00,2.648697234910071807e-02,3.110000000000000000e+02,1.578199723778001828e-01
3.272219085693359375e+01,1.417512359619140625e+02,3.670383834838867188e+01,3.624814510345458984e+00,3.406294822692871094e+00,1.458409214519033360e-02,3.140000000000000000e+02,1.058810256207612516e-01
3.296954989433288574e+01,1.426572265625000000e+02,3.755660247802734375e+01,3.621230363845825195e+00,3.408166885375976562e+00,4.076630942980110153e-03,3.160000000000000000e+02,1.686382350005507791e-01
3.321809101104736328e+01,1.435586395263671875e+02,3.840638732910156250e+01,3.621053695678710938e+00,3.410733938217163086e+00,-5.319910110282013299e-03,3.190000000000000000e+02,1.002816509779463072e-01
3.346860194206237793e+01,1.444636230468750000e+02,3.926004409790039062e+01,3.624511241912841797e+00,3.414259433746337891e+00,-1.325240327302936068e-02,3.210000000000000000e+02,1.603534792458275737e-01
3.371769309043884277e+01,1.453665771484375000e+02,4.011204147338867188e+01,3.629344224929809570e+00,3.416935920715332031e+00,-1.976858281924868607e-02,3.240000000000000000e+02,9.507343833536011091e-02
3.396848011016845703e+01,1.462738494873046875e+02,4.096889114379882812e+01,3.634154081344604492e+00,3.417823076248168945e+00,-2.548797577922800109e-02,3.260000000000000000e+02,1.605922768522615174e-01
3.422072196006774902e+01,1.471811370849609375e+02,4.182433700561523438e+01,3.640133142471313477e+00,3.417302608489990234e+00,-2.858689781332222901e-02,3.290000000000000000e+02,8.461898592241812178e-02
3.446989703178405762e+01,1.480963592529296875e+02,4.268487167358398438e+01,3.645853281021118164e+00,3.414432287216186523e+00,-2.885263542261238059e-02,3.310000000000000000e+02,1.772188567812146842e-01
3.471904587745666504e+01,1.490191955566406250e+02,4.355036544799804688e+01,3.650225162506103516e+00,3.409435987472534180e+00,-2.727593733649661539e-02,3.340000000000000000e+02,5.196018734034149600e-02
3.496742987632751465e+01,1.499337615966796875e+02,4.440639495849609375e+01,3.653263092041015625e+00,3.403338909149169922e+00,-2.477622689160305022e-02,3.360000000000000000e+02,2.093631065580872919e-01
3.522034502029418945e+01,1.508494262695312500e+02,4.526213836669921875e+01,3.655775785446166992e+00,3.397197246551513672e+00,-2.185340465128643092e-02,3.390000000000000000e+02,3.896503449903507971e-02
3.547122406959533691e+01,1.517624359130859375e+02,4.611297225952148438e+01,3.658124446868896484e+00,3.390892505645751953e+00,-1.752814686803049610e-02,3.410000000000000000e+02,2.248036873980421568e-01
3.572126507759094238e+01,1.526825103759765625e+02,4.696789932250976562e+01,3.660679578781127930e+00,3.385087013244628906e+00,-1.202768667722799514e-02,3.440000000000000000e+02,3.047937756169358595e-02
3.597088694572448730e+01,1.535939788818359375e+02,4.781325149536132812e+01,3.662157058715820312e+00,3.379377603530883789e+00,-6.425870912799918309e-03,3.460000000000000000e+02,2.373487882363277957e-01
3.622132205963134766e+01,1.545099945068359375e+02,4.866125869750976562e+01,3.663525342941284180e+00,3.374793052673339844e+00,-8.369107897584977026e-04,3.490000000000000000e+02,2.667413274071920443e-02
3.646902108192443848e+01,1.554298400878906250e+02,4.951068878173828125e+01,3.664689302444458008e+00,3.371075391769409180e+00,5.185395546869435782e-03,3.520000000000000000e+02,2.486587325975289364e-01
3.671845102310180664e+01,1.563617095947265625e+02,5.037026596069335938e+01,3.664484500885009766e+00,3.367494821548461914e+00,1.075237600982427780e-02,3.540000000000000000e+02,3.140359399514383587e-02
3.697055697441101074e+01,1.572814788818359375e+02,5.121799850463867188e+01,3.663688421249389648e+00,3.364737749099731445e+00,1.565762629840293865e-02,3.570000000000000000e+02,2.159774575071309877e-01
3.721881198883056641e+01,1.582016296386718750e+02,5.206579589843750000e+01,3.662947893142700195e+00,3.363569974899291992e+00,1.959482577731211719e-02,3.590000000000000000e+02,4.207306109005028855e-02
3.747151708602905273e+01,1.591181335449218750e+02,5.290950393676757812e+01,3.661434888839721680e+00,3.362712621688842773e+00,2.317645497439059163e-02,3.620000000000000000e+02,2.051773293120076058e-01
3.771886897087097168e+01,1.600370483398437500e+02,5.375558853149414062e+01,3.660254716873168945e+00,3.363238096237182617e+00,2.588989680486745298e-02,3.640000000000000000e+02,4.937450985450100166e-02
3.796976709365844727e+01,1.609517517089843750e+02,5.459828948974609375e+01,3.658421039581298828e+00,3.363992452621459961e+00,2.769208949240209439e-02,3.670000000000000000e+02,1.988964284269138516e-01
3.821603798866271973e+01,1.618623199462890625e+02,5.543829727172851562e+01,3.655539989471435547e+00,3.364640474319458008e+00,2.820842867252105340e-02,3.690000000000000000e+02,4.639835295693764405e-02
3.847018504142761230e+01,1.627747344970703125e+02,5.628103637695312500e+01,3.655258417129516602e+00,3.368328332901000977e+00,2.769485826919869040e-02,3.720000000000000000e+02,2.047836062512166377e-01
3.871634602546691895e+01,1.636909484863281250e+02,5.712823104858398438e+01,3.657384634017944336e+00,3.373820781707763672e+00,2.697928652966146909e-02,3.740000000000000000e+02,5.109207600831156687e-02
3.897414517402648926e+01,1.646136932373046875e+02,5.798211288452148438e+01,3.659210920333862305e+00,3.378756284713745117e+00,2.611525669594003118e-02,3.770000000000000000e+02,1.865677366583195773e-01
3.921885085105895996e+01,1.655282135009765625e+02,5.882908248901367188e+01,3.661167383193969727e+00,3.383400440216064453e+00,2.514549558137843532e-02,3.790000000000000000e+02,6.854382461269670213e-02
3.947267198562622070e+01,1.664407501220703125e+02,5.967498397827148438e+01,3.662847995758056641e+00,3.387905836105346680e+00,2.365106784613362628e-02,3.820000000000000000e+02,1.825175999144791894e-01
3.972227478027343750e+01,1.673568572998046875e+02,6.052560043334960938e+01,3.664400577545166016e+00,3.391960859298706055e+00,2.160215401592618240e-02,3.840000000000000000e+02,7.637956350560276553e-02
3.997081208229064941e+01,1.682702026367187500e+02,6.137437820434570312e+01,3.664729356765747070e+00,3.394080638885498047e+00,1.339668567308222480e+00,3.870000000000000000e+02,1.679155633362769962e-01
4.021675086021423340e+01,1.691869659423828125e+02,6.222871780395507812e+01,3.643059968948364258e+00,3.414201259613037109e+00,1.579749376303268615e+00,3.890000000000000000e+02,1.787640895519081452e-01
4.046885418891906738e+01,1.700802764892578125e+02,6.310195922851562500e+01,3.475283861160278320e+00,3.567785501480102539e+00,1.738592084799584381e+00,3.920000000000000000e+02,3.105436936779958912e-01
4.071946287155151367e+01,1.709268951416015625e+02,6.402899932861328125e+01,3.237735033035278320e+00,3.775972604751586914e+00,1.706303533536376982e+00,3.940000000000000000e+02,4.056741100973028646e-01
4.097077894210815430e+01,1.717203674316406250e+02,6.501071929931640625e+01,2.996320247650146484e+00,3.964658260345458984e+00,1.771569602370349106e+00,3.970000000000000000e+02,5.160850458561844212e-01
4.122296500205993652e+01,1.724461517333984375e+02,6.602570343017578125e+01,2.751748800277709961e+00,4.130415439605712891e+00,1.738121197372670679e+00,3.990000000000000000e+02,5.957701419840470969e-01
4.146964907646179199e+01,1.731073455810546875e+02,6.707932281494140625e+01,2.490463495254516602e+00,4.283895492553710938e+00,1.781604283351866158e+00,4.020000000000000000e+02,6.868510937586831400e-01
4.172257494926452637e+01,1.736997680664062500e+02,6.816461944580078125e+01,2.227368116378784180e+00,4.419888973236083984e+00,1.723525791031416787e+00,4.040000000000000000e+02,7.262550542482681948e-01
4.197293186187744141e+01,1.742283020019531250e+02,6.928982543945312500e+01,1.954312324523925781e+00,4.543658256530761719e+00,1.747805688354249209e+00,4.070000000000000000e+02,8.039754667999388094e-01
4.221811890602111816e+01,1.746840820312500000e+02,7.043280029296875000e+01,1.686744689941406250e+00,4.648692131042480469e+00,1.678475170802220973e+00,4.090000000000000000e+02,8.010579051024413477e-01
4.246615600585937500e+01,1.750730590820312500e+02,7.160408020019531250e+01,1.409476161003112793e+00,4.740262031555175781e+00,1.593587157245466290e+00,4.110000000000000000e+02,8.405244197280822283e-01
4.271856117248535156e+01,1.753938903808593750e+02,7.280013275146484375e+01,1.138277530670166016e+00,4.816492557525634766e+00,1.609628219799112081e+00,4.140000000000000000e+02,8.265152428442257282e-01
4.297340607643127441e+01,1.756510620117187500e+02,7.402990722656250000e+01,8.742328286170959473e-01,4.877228260040283203e+00,1.532416871910519784e+00,4.160000000000000000e+02,8.289802883586577797e-01
4.322172498703002930e+01,1.758382263183593750e+02,7.525715637207031250e+01,6.076455116271972656e-01,4.923285484313964844e+00,1.547649052159118188e+00,4.190000000000000000e+02,8.134742194182694730e-01
4.346972489356994629e+01,1.759590301513671875e+02,7.649381256103515625e+01,3.461257517337799072e-01,4.955641746520996094e+00,1.467687444108513262e+00,4.210000000000000000e+02,7.868266739825277023e-01
4.372067093849182129e+01,1.760138397216796875e+02,7.773181915283203125e+01,8.134728670120239258e-02,4.973745822906494141e+00,1.478488427622518975e+00,4.240000000000000000e+02,7.779054462099878053e-01
4.396893286705017090e+01,1.760032196044921875e+02,7.897759246826171875e+01,-1.759345680475234985e-01,4.980682849884033203e+00,1.397580076999688004e+00,4.260000000000000000e+02,7.230596086456744231e-01
4.422329306602478027e+01,1.759290618896484375e+02,8.021831512451171875e+01,-4.332033991813659668e-01,4.973020553588867188e+00,1.410469308903349539e+00,4.290000000000000000e+02,7.238524076908769977e-01
4.446847391128540039e+01,1.757940063476562500e+02,8.145196533203125000e+01,-6.785036325454711914e-01,4.952224254608154297e+00,1.336493612001428133e+00,4.310000000000000000e+02,6.484417213199898944e-01
4.471726703643798828e+01,1.755974731445312500e+02,8.268383789062500000e+01,-9.254742860794067383e-01,4.921392917633056641e+00,1.258741876862511377e+00,4.330000000000000000e+02,6.519931375030504350e-01
4.497165012359619141e+01,1.753390502929687500e+02,8.391158294677734375e+01,-1.162209510803222656e+00,4.882022380828857422e+00,1.290686168187704874e+00,4.360000000000000000e+02,5.714209253515281084e-01
4.522172021865844727e+01,1.750210113525390625e+02,8.513864135742187500e+01,-1.386342048645019531e+00,4.832675457000732422e+00,1.234996271159851222e+00,4.380000000000000000e+02,5.841970515693127863e-01
4.547054505348205566e+01,1.746497344970703125e+02,8.634069824218750000e+01,-1.610809564590454102e+00,4.768992424011230469e+00,1.278524295931918076e+00,4.410000000000000000e+02,5.046238985060995663e-01
4.572295904159545898e+01,1.742244262695312500e+02,8.752261352539062500e+01,-1.826967597007751465e+00,4.695173740386962891e+00,1.228952469279937842e+00,4.430000000000000000e+02,5.332456973833881175e-01
4.597347211837768555e+01,1.737428588867187500e+02,8.868866729736328125e+01,-2.043863058090209961e+00,4.607671260833740234e+00,1.277108694878296591e+00,4.460000000000000000e+02,4.552596206452252936e-01
4.621722817420959473e+01,1.732100524902343750e+02,8.982914733886718750e+01,-2.250237464904785156e+00,4.512409687042236328e+00,1.333854150794650639e+00,4.490000000000000000e+02,5.021340553451144606e-01
4.647006916999816895e+01,1.726231231689453125e+02,9.094760131835937500e+01,-2.460793733596801758e+00,4.398668289184570312e+00,1.282656864953147124e+00,4.510000000000000000e+02,4.247570383150439111e-01
4.671882915496826172e+01,1.719846801757812500e+02,9.203308868408203125e+01,-2.672410726547241211e+00,4.271881580352783203e+00,2.079217821359220508e-01,4.540000000000000000e+02,4.680838690613828290e-01
4.696775412559509277e+01,1.712926025390625000e+02,9.309487915039062500e+01,-2.832940340042114258e+00,4.168048858642578125e+00,-2.394493176685231345e-02,4.560000000000000000e+02,3.628829438045706457e-01
4.722328996658325195e+01,1.705747833251953125e+02,9.415089416503906250e+01,-2.851317405700683594e+00,4.155473232269287109e+00,-1.065547435990498032e-01,4.590000000000000000e+02,3.242470452280579729e-01
4.746904397010803223e+01,1.698635559082031250e+02,9.519514465332031250e+01,-2.838949441909790039e+00,4.160552978515625000e+00,-1.541081321911642599e-01,4.610000000000000000e+02,2.318036085119594691e-01
4.771884608268737793e+01,1.691535186767578125e+02,9.623947143554687500e+01,-2.828329324722290039e+00,4.163883209228515625e+00,-2.032515073573806785e-01,4.640000000000000000e+02,1.728413636016472577e-01
4.797427582740783691e+01,1.684480133056640625e+02,9.728140258789062500e+01,-2.813102960586547852e+00,4.170286178588867188e+00,-2.447377694417875726e-01,4.660000000000000000e+02,1.579118803139629157e-01
4.821997594833374023e+01,1.677417297363281250e+02,9.833293914794921875e+01,-2.794159412384033203e+00,4.179877281188964844e+00,-2.780255198724360666e-01,4.690000000000000000e+02,7.512412454101609349e-02
4.846799707412719727e+01,1.670480804443359375e+02,9.937512969970703125e+01,-2.771555900573730469e+00,4.189160346984863281e+00,-3.034840186278450203e-01,4.710000000000000000e+02,2.020501870265130895e-01
4.871724605560302734e+01,1.663592376708984375e+02,1.004211807250976562e+02,-2.746298313140869141e+00,4.199344158172607422e+00,-3.213152666299658455e-01,4.740000000000000000e+02,1.457344548162632369e-01
4.896754789352416992e+01,1.656745910644531250e+02,1.014736099243164062e+02,-2.720261573791503906e+00,4.212898254394531250e+00,-3.313630203737138458e-01,4.760000000000000000e+02,2.842718238248657658e-01
4.921994495391845703e+01,1.649875946044921875e+02,1.025458831787109375e+02,-2.692534923553466797e+00,4.229370594024658203e+00,-3.321406474877138804e-01,4.790000000000000000e+02,2.300680555836298324e-01
4.947224879264831543e+01,1.643160400390625000e+02,1.036084747314453125e+02,-2.663524866104125977e+00,4.245173454284667969e+00,-3.256077834563509965e-01,4.820000000000000000e+02,3.506303173551972296e-01
4.972185921669006348e+01,1.636516265869140625e+02,1.046752853393554688e+02,-2.632899522781372070e+00,4.260738372802734375e+00,-3.112927079594490221e-01,4.840000000000000000e+02,2.921919371039792823e-01
4.997172093391418457e+01,1.629965515136718750e+02,1.057429733276367188e+02,-2.602234363555908203e+00,4.276113510131835938e+00,-2.904373705423627938e-01,4.870000000000000000e+02,3.664220324243328553e-01
5.022460198402404785e+01,1.623469238281250000e+02,1.068192749023437500e+02,-2.571764707565307617e+00,4.291672229766845703e+00,-2.626206060854486823e-01,4.890000000000000000e+02,3.227713880647754552e-01
5.047240614891052246e+01,1.617070465087890625e+02,1.078950653076171875e+02,-2.542400121688842773e+00,4.304384231567382812e+00,-2.308299902853364338e-01,4.920000000000000000e+02,3.580063955631646588e-01
5.071887707710266113e+01,1.610741577148437500e+02,1.089740982055664062e+02,-2.514917373657226562e+00,4.315139770507812500e+00,-1.956981975936433193e-01,4.940000000000000000e+02,3.218016097745827753e-01
5.096877288818359375e+01,1.604452514648437500e+02,1.100597763061523438e+02,-2.491121768951416016e+00,4.325041770935058594e+00,-1.589639313070845827e-01,4.970000000000000000e+02,3.260880996151771516e-01
5.122089409828186035e+01,1.598189697265625000e+02,1.111517486572265625e+02,-2.470607519149780273e+00,4.332910537719726562e+00,-1.218656534124060026e-01,4.990000000000000000e+02,3.023905415280095377e-01
5.147229003906250000e+01,1.591940917968750000e+02,1.122516326904296875e+02,-2.452851057052612305e+00,4.338013648986816406e+00,-8.446707282403122241e-02,5.020000000000000000e+02,2.669210080055569589e-01
5.172314500808715820e+01,1.585797271728515625e+02,1.133414001464843750e+02,-2.439584732055664062e+00,4.341070652008056641e+00,-4.902552846830993821e-02,5.040000000000000000e+02,2.751692568990537491e-01
5.197171998023986816e+01,1.579697265625000000e+02,1.144280319213867188e+02,-2.431677341461181641e+00,4.343702316284179688e+00,-1.683825817431760033e-02,5.070000000000000000e+02,2.043467269044424994e-01
5.222075390815734863e+01,1.573591766357421875e+02,1.155189743041992188e+02,-2.428096055984497070e+00,4.346129417419433594e+00,1.281223637320735159e-02,5.090000000000000000e+02,2.403589803388130053e-01
5.247328901290893555e+01,1.567515258789062500e+02,1.166061172485351562e+02,-2.428663015365600586e+00,4.346233367919921875e+00,3.814823195328029964e-02,5.120000000000000000e+02,1.370423859744306361e-01
5.272270607948303223e+01,1.561407775878906250e+02,1.176962509155273438e+02,-2.434262514114379883e+00,4.342740058898925781e+00,5.646195100006168310e-02,5.140000000000000000e+02,2.184889839263491895e-01
5.297119283676147461e+01,1.555296783447265625e+02,1.187824172973632812e+02,-2.444138765335083008e+00,4.338645458221435547e+00,6.897557635631675066e-02,5.170000000000000000e+02,7.456272330733684783e-02
5.321740007400512695e+01,1.549121398925781250e+02,1.198756332397460938e+02,-2.455895662307739258e+00,4.334146499633789062e+00,7.818143273900808599e-02,5.190000000000000000e+02,2.243788152725995355e-01
5.347291088104248047e+01,1.542887573242187500e+02,1.209718780517578125e+02,-2.467657327651977539e+00,4.326001644134521484e+00,8.284843108051030691e-02,5.220000000000000000e+02,9.898385577447365094e-03
5.372376894950866699e+01,1.536702880859375000e+02,1.220515213012695312e+02,-2.478496789932250977e+00,4.315196990966796875e+00,8.363485610066014042e-02,5.250000000000000000e+02,2.468523976499437944e-01
5.397027420997619629e+01,1.530493316650390625e+02,1.231274185180664062e+02,-2.490352869033813477e+00,4.306609153747558594e+00,8.153196399323917043e-02,5.270000000000000000e+02,2.759741951108715327e-02
5.422546100616455078e+01,1.524267120361328125e+02,1.241975173950195312e+02,-2.504120111465454102e+00,4.302782535552978516e+00,7.684494300908527309e-02,5.300000000000000000e+02,2.474027364703010046e-01
5.447593998908996582e+01,1.517961273193359375e+02,1.252747344970703125e+02,-2.518506526947021484e+00,4.303060054779052734e+00,7.127904610975469013e-02,5.320000000000000000e+02,4.918582375135836793e-02
5.472162318229675293e+01,1.511685638427734375e+02,1.263419265747070312e+02,-2.530829668045043945e+00,4.304162502288818359e+00,6.596321108979619208e-02,5.350000000000000000e+02,2.419310909354717432e-01
5.496970987319946289e+01,1.505356750488281250e+02,1.274144058227539062e+02,-2.541835546493530273e+00,4.305033206939697266e+00,6.020861445768942860e-02,5.370000000000000000e+02,6.044349011247713427e-02
5.521901011466979980e+01,1.498964233398437500e+02,1.284912719726562500e+02,-2.552125453948974609e+00,4.304494380950927734e+00,5.183043711530494618e-02,5.400000000000000000e+02,2.239567447426626945e-01
5.547321391105651855e+01,1.492459106445312500e+02,1.295819549560546875e+02,-2.559330224990844727e+00,4.300933361053466797e+00,4.248463755969947298e-02,5.420000000000000000e+02,8.456286373709254178e-02
5.572404408454895020e+01,1.486019134521484375e+02,1.306573486328125000e+02,-2.563503503799438477e+00,4.296001911163330078e+00,3.329802752687331668e-02,5.450000000000000000e+02,1.785998276982382338e-01
5.597086000442504883e+01,1.479573516845703125e+02,1.317312011718750000e+02,-2.565402030944824219e+00,4.291182041168212891e+00,2.512822652674734022e-02,5.470000000000000000e+02,1.024730687502979354e-01
5.622582697868347168e+01,1.473141479492187500e+02,1.328003692626953125e+02,-2.566107034683227539e+00,4.287596225738525391e+00,1.766948256936000730e-02,5.500000000000000000e+02,1.539043588137892493e-01
5.647086596488952637e+01,1.466684722900390625e+02,1.338732452392578125e+02,-2.566130161285400391e+00,4.286060333251953125e+00,1.167897222880521016e-02,5.520000000000000000e+02,1.179370614235208670e-01
5.672449302673339844e+01,1.460250396728515625e+02,1.349422912597656250e+02,-2.564474105834960938e+00,4.284639358520507812e+00,7.166966341045468217e-03,5.550000000000000000e+02,1.292618398829287474e-01
5.697298002243041992e+01,1.453816375732421875e+02,1.360116271972656250e+02,-2.561646699905395508e+00,4.283267498016357422e+00,3.824665617796171521e-03,5.570000000000000000e+02,1.323440741677848753e-01
5.722149205207824707e+01,1.447364807128906250e+02,1.370850830078125000e+02,-2.558453798294067383e+00,4.282948970794677734e+00,1.805301463477763805e-03,5.600000000000000000e+02,1.048377729134620240e-01
5.746869516372680664e+01,1.440900421142578125e+02,1.381620178222656250e+02,-2.554906606674194336e+00,4.282988071441650391e+00,8.015872599769172536e-04,5.620000000000000000e+02,1.615385985745180775e-01
5.772519993782043457e+01,1.434408416748046875e+02,1.392459564208984375e+02,-2.550321578979492188e+00,4.281983375549316406e+00,1.092899680305910387e-03,5.650000000000000000e+02,6.231418200314959438e-02
5.797646284103393555e+01,1.427989349365234375e+02,1.403191833496093750e+02,-2.546260118484497070e+00,4.281318664550781250e+00,1.727978228715768569e-03,5.670000000000000000e+02,1.974196462097558280e-01
5.822148108482360840e+01,1.421593933105468750e+02,1.413878784179687500e+02,-2.543134927749633789e+00,4.281025409698486328e+00,1.531397945160257448e-03,5.700000000000000000e+02,4.386984454519980703e-02
5.847424387931823730e+01,1.415191192626953125e+02,1.424595794677734375e+02,-2.540310144424438477e+00,4.282176017761230469e+00,2.517932087669706633e-03,5.720000000000000000e+02,2.134196788721023641e-01
5.872159004211425781e+01,1.408824157714843750e+02,1.435278167724609375e+02,-2.537689685821533203e+00,4.284225463867187500e+00,4.793797755867036312e-03,5.750000000000000000e+02,3.005895361460896031e-02
5.897074317932128906e+01,1.402462005615234375e+02,1.445968627929687500e+02,-2.534562349319458008e+00,4.284850120544433594e+00,7.423442340661442346e-03,5.770000000000000000e+02,2.232488777152277504e-01
5.922170495986938477e+01,1.396128387451171875e+02,1.456605377197265625e+02,-2.533424377441406250e+00,4.287300586700439453e+00,9.047686778361735405e-03,5.800000000000000000e+02,2.619985361012966418e-02
5.947120118141174316e+01,1.389758758544921875e+02,1.467326660156250000e+02,-2.533815383911132812e+00,4.292583942413330078e+00,1.175174111322795957e-02,5.820000000000000000e+02,2.304535351950136590e-01
5.972311782836914062e+01,1.383343505859375000e+02,1.478137207031250000e+02,-2.534497022628784180e+00,4.298246860504150391e+00,1.489743204456618272e-02,5.850000000000000000e+02,4.360000028028382726e-03
5.997435903549194336e+01,1.376991729736328125e+02,1.488856658935546875e+02,-2.535079479217529297e+00,4.303241252899169922e+00,1.841063837267987308e-02,5.880000000000000000e+02,2.399480690332110866e-01
6.022310781478881836e+01,1.370628509521484375e+02,1.499598541259765625e+02,-2.536376953125000000e+00,4.307839393615722656e+00,2.123595791699392499e-02,5.900000000000000000e+02,1.744662948015149317e-02
6.047488689422607422e+01,1.364278717041015625e+02,1.510323181152343750e+02,-2.537627696990966797e+00,4.311518669128417969e+00,2.384697608572845795e-02,5.930000000000000000e+02,2.229215878557676833e-01
6.072404003143310547e+01,1.357883148193359375e+02,1.521132965087890625e+02,-2.538394212722778320e+00,4.313647270202636719e+00,2.640792877228485824e-02,5.950000000000000000e+02,4.221779219359923091e-02
6.097456121444702148e+01,1.351546478271484375e+02,1.531841888427734375e+02,-2.538178920745849609e+00,4.313015937805175781e+00,1.129345648388164092e+00,5.980000000000000000e+02,1.971959356632397575e-01
6.121972107887268066e+01,1.345162353515625000e+02,1.542592315673828125e+02,-2.561909675598144531e+00,4.295710563659667969e+00,1.332620803300729850e+00,6.000000000000000000e+02,8.722218351629056066e-02
6.147237610816955566e+01,1.338520202636718750e+02,1.553228302001953125e+02,-2.727921724319458008e+00,4.180385589599609375e+00,1.483740973879239977e+00,6.030000000000000000e+02,2.127638562471917127e-01
6.172207689285278320e+01,1.331289367675781250e+02,1.563648376464843750e+02,-2.943202495574951172e+00,4.023397445678710938e+00,1.475924257987768051e+00,6.050000000000000000e+02,2.475349762791504149e-01
6.197114706039428711e+01,1.323653411865234375e+02,1.573546600341796875e+02,-3.144138574600219727e+00,3.861130237579345703e+00,1.572531980664515272e+00,6.080000000000000000e+02,3.310793758013262922e-01
6.222196197509765625e+01,1.315535583496093750e+02,1.583025817871093750e+02,-3.335877180099487305e+00,3.687670946121215820e+00,1.568054206239260395e+00,6.100000000000000000e+02,4.003163244762382167e-01
6.247117495536804199e+01,1.306977691650390625e+02,1.592013549804687500e+02,-3.526474952697753906e+00,3.496425628662109375e+00,1.645297320222795179e+00,6.130000000000000000e+02,4.808551352018326508e-01
6.272505617141723633e+01,1.297931671142578125e+02,1.600536804199218750e+02,-3.707656145095825195e+00,3.297315597534179688e+00,1.621464055949978444e+00,6.150000000000000000e+02,5.340780114498799858e-01
6.297234201431274414e+01,1.288470458984375000e+02,1.608507385253906250e+02,-3.881672859191894531e+00,3.084118127822875977e+00,1.681557291626480932e+00,6.180000000000000000e+02,6.124602138427949205e-01
6.322053623199462891e+01,1.278585586547851562e+02,1.615937042236328125e+02,-4.043772697448730469e+00,2.863878011703491211e+00,1.640267377853206199e+00,6.200000000000000000e+02,6.370617658698742858e-01
6.347116088867187500e+01,1.268268814086914062e+02,1.622818603515625000e+02,-4.199163913726806641e+00,2.628407955169677734e+00,1.679714272345304904e+00,6.230000000000000000e+02,7.127387994776668290e-01
6.372253918647766113e+01,1.257545776367187500e+02,1.629119262695312500e+02,-4.340761184692382812e+00,2.390116214752197266e+00,1.621395782072079683e+00,6.250000000000000000e+02,7.053490049298599684e-01
6.397422695159912109e+01,1.246411514282226562e+02,1.634835052490234375e+02,-4.471375942230224609e+00,2.140008687973022461e+00,1.549465091020898022e+00,6.270000000000000000e+02,7.619755330525700421e-01
6.422469401359558105e+01,1.235082778930664062e+02,1.639867706298828125e+02,-4.585628032684326172e+00,1.894473195075988770e+00,1.583280221947692468e+00,6.300000000000000000e+02,7.355576538277422971e-01
6.447144985198974609e+01,1.223530578613281250e+02,1.644284362792968750e+02,-4.684409141540527344e+00,1.653009176254272461e+00,1.524224087194781863e+00,6.320000000000000000e+02,7.562010543368703486e-01
6.472414588928222656e+01,1.211704635620117188e+02,1.648095092773437500e+02,-4.773636817932128906e+00,1.398440003395080566e+00,1.550993436341779219e+00,6.350000000000000000e+02,7.432470048484911551e-01
6.496971797943115234e+01,1.199719696044921875e+02,1.651253051757812500e+02,-4.848335266113281250e+00,1.146781682968139648e+00,1.481782624636548640e+00,6.370000000000000000e+02,7.315622985134085932e-01
6.522464394569396973e+01,1.187568740844726562e+02,1.653784027099609375e+02,-4.908054828643798828e+00,8.880320191383361816e-01,1.503033361156509873e+00,6.400000000000000000e+02,7.307006140685272655e-01
6.547124695777893066e+01,1.175324096679687500e+02,1.655671081542968750e+02,-4.956129550933837891e+00,6.364733576774597168e-01,1.433935460853144050e+00,6.420000000000000000e+02,6.894588576432597593e-01
6.572092604637145996e+01,1.162881774902343750e+02,1.656936798095703125e+02,-4.992678165435791016e+00,3.789396882057189941e-01,1.456377102231153131e+00,6.450000000000000000e+02,7.020550373193396032e-01
6.597610497474670410e+01,1.150267105102539062e+02,1.657569274902343750e+02,-5.015310764312744141e+00,1.253494918346405029e-01,1.384593378214334258e+00,6.470000000000000000e+02,6.360730414398502175e-01
6.622559905052185059e+01,1.137719650268554688e+02,1.657564697265625000e+02,-5.023386001586914062e+00,-1.275470852851867676e-01,1.410192377388295393e+00,6.500000000000000000e+02,6.552435720141287501e-01
6.647286891937255859e+01,1.125155105590820312e+02,1.656938171386718750e+02,-5.017683506011962891e+00,-3.719640672206878662e-01,1.345757645431783445e+00,6.520000000000000000e+02,5.767652458746127531e-01
6.672554206848144531e+01,1.112657012939453125e+02,1.655701141357421875e+02,-4.996643066406250000e+00,-6.178237795829772949e-01,1.276085295218290172e+00,6.540000000000000000e+02,5.958446141851321265e-01
6.697275400161743164e+01,1.100143356323242188e+02,1.653858947753906250e+02,-4.963717937469482422e+00,-8.527529835700988770e-01,1.318281213035329635e+00,6.570000000000000000e+02,5.201254966533790380e-01
6.721978998184204102e+01,1.087843170166015625e+02,1.651479949951171875e+02,-4.919841289520263672e+00,-1.074165105819702148e+00,3.784522816547054164e-02,6.590000000000000000e+02,5.281054211981751623e-01
6.747412204742431641e+01,1.075604705810546875e+02,1.648554687500000000e+02,-4.876102447509765625e+00,-1.260092496871948242e+00,-2.360807721914444379e-01,6.620000000000000000e+02,3.618274673730654811e-01
6.772124505043029785e+01,1.063376235961914062e+02,1.645385742187500000e+02,-4.878628730773925781e+00,-1.257826328277587891e+00,-3.354905331154409698e-01,6.650000000000000000e+02,3.253599876875002961e-01
6.797569489479064941e+01,1.050957717895507812e+02,1.642265777587890625e+02,-4.893048763275146484e+00,-1.196310400962829590e+00,-3.686131685186807561e-01,6.670000000000000000e+02,1.192468450863469753e-01
6.822352385520935059e+01,1.038671875000000000e+02,1.639299621582031250e+02,-4.902464389801025391e+00,-1.144204854965209961e+00,-4.015911363010292723e-01,6.700000000000000000e+02,1.817643967167456021e-01
6.847244286537170410e+01,1.026365890502929688e+02,1.636455383300781250e+02,-4.910542964935302734e+00,-1.090032815933227539e+00,-4.229784594511669105e-01,6.720000000000000000e+02,1.296589640475948324e-01
6.872560906410217285e+01,1.014079284667968750e+02,1.633760375976562500e+02,-4.917903423309326172e+00,-1.033936500549316406e+00,-4.311147772932643618e-01,6.750000000000000000e+02,2.386358873572453909e-01
6.897281694412231445e+01,1.001729202270507812e+02,1.631193237304687500e+02,-4.925040245056152344e+00,-9.802585840225219727e-01,-4.309643004847248937e-01,6.770000000000000000e+02,2.756681856087058735e-01
6.922305798530578613e+01,9.894084167480468750e+01,1.628763580322265625e+02,-4.929893493652343750e+00,-9.288496971130371094e-01,-4.229815927826166000e-01,6.800000000000000000e+02,3.331077766784875105e-01
6.947205901145935059e+01,9.771096038818359375e+01,1.626469116210937500e+02,-4.932176589965820312e+00,-8.784363269805908203e-01,-4.060248205725245918e-01,6.820000000000000000e+02,3.750467116865538464e-01
6.972215509414672852e+01,9.647580718994140625e+01,1.624292144775390625e+02,-4.936194896697998047e+00,-8.305745720863342285e-01,-3.817739845137145815e-01,6.850000000000000000e+02,3.975206429388712936e-01
6.997106003761291504e+01,9.523486328125000000e+01,1.622223358154296875e+02,-4.941099643707275391e+00,-7.850984334945678711e-01,-3.508658720689397104e-01,6.870000000000000000e+02,4.310327359272543291e-01
7.022712802886962891e+01,9.398203277587890625e+01,1.620250091552734375e+02,-4.946263313293457031e+00,-7.408453822135925293e-01,-3.124946521567759650e-01,6.900000000000000000e+02,4.156177193303489115e-01
7.047991800308227539e+01,9.273937988281250000e+01,1.618408355712890625e+02,-4.950876235961914062e+00,-6.996360421180725098e-01,-2.683534365050345705e-01,6.920000000000000000e+02,4.505277858806027158e-01
7.072668004035949707e+01,9.150016784667968750e+01,1.616673736572265625e+02,-4.953087329864501953e+00,-6.622440814971923828e-01,-2.204633057934547447e-01,6.950000000000000000e+02,3.959443439913255536e-01
7.097516083717346191e+01,9.025653076171875000e+01,1.615027770996093750e+02,-4.953720569610595703e+00,-6.294844150543212891e-01,-1.700705625391206177e-01,6.970000000000000000e+02,4.272928577604342415e-01
7.122670006752014160e+01,8.901630401611328125e+01,1.613455047607421875e+02,-4.954304695129394531e+00,-6.015002727508544922e-01,-1.192551950260987564e-01,7.000000000000000000e+02,3.418852772140258400e-01
7.147278690338134766e+01,8.777190399169921875e+01,1.611945648193359375e+02,-4.952672004699707031e+00,-5.799438953399658203e-01,-6.975081132394944650e-02,7.020000000000000000e+02,3.812118539256540983e-01
7.172361707687377930e+01,8.653154754638671875e+01,1.610488586425781250e+02,-4.951500892639160156e+00,-5.654968023300170898e-01,-2.375326619481043372e-02,7.050000000000000000e+02,2.634448877256895805e-01
7.197333884239196777e+01,8.528287506103515625e+01,1.609054870605468750e+02,-4.951447010040283203e+00,-5.573907494544982910e-01,1.881143556822193266e-02,7.070000000000000000e+02,3.304034794369158368e-01
7.222930097579956055e+01,8.402616882324218750e+01,1.607617797851562500e+02,-4.949241161346435547e+00,-5.562810301780700684e-01,5.485313813290098456e-02,7.100000000000000000e+02,1.741377442098298589e-01
7.247468495368957520e+01,8.278361511230468750e+01,1.606191711425781250e+02,-4.945698261260986328e+00,-5.621473193168640137e-01,8.299854090900730952e-02,7.130000000000000000e+02,2.561331253791240825e-01
7.272297000885009766e+01,8.154313659667968750e+01,1.604742889404296875e+02,-4.941820144653320312e+00,-5.733401775360107422e-01,1.038175700303159976e-01,7.150000000000000000e+02,9.234992289172820612e-02
7.297840285301208496e+01,8.030799102783203125e+01,1.603265991210937500e+02,-4.940136432647705078e+00,-5.881864428520202637e-01,1.185441679734899612e-01,7.180000000000000000e+02,2.215361567033696799e-01
7.322386002540588379e+01,7.906417846679687500e+01,1.601739196777343750e+02,-4.940895080566406250e+00,-6.057481169700622559e-01,1.281331060389446219e-01,7.200000000000000000e+02,4.408994704852293306e-02
7.347188901901245117e+01,7.783295440673828125e+01,1.600184326171875000e+02,-4.940275192260742188e+00,-6.243796944618225098e-01,1.328817277549276255e-01,7.230000000000000000e+02,2.097737916922085277e-01
7.372195410728454590e+01,7.659736633300781250e+01,1.598577117919921875e+02,-4.938779354095458984e+00,-6.437789201736450195e-01,1.332473339406852197e-01,7.250000000000000000e+02,5.951649234585012355e-02
7.397502803802490234e+01,7.535791015625000000e+01,1.596911010742187500e+02,-4.937288284301757812e+00,-6.635881066322326660e-01,1.291523498885197019e-01,7.280000000000000000e+02,2.086761949868116139e-01
7.422760987281799316e+01,7.410360717773437500e+01,1.595169830322265625e+02,-4.933910369873046875e+00,-6.825858950614929199e-01,1.215270462303978255e-01,7.300000000000000000e+02,1.061108530375209635e-01
7.447762012481689453e+01,7.287127685546875000e+01,1.593409423828125000e+02,-4.928188800811767578e+00,-6.997123360633850098e-01,1.113520693170607506e-01,7.330000000000000000e+02,1.949460068664333190e-01
7.472864389419555664e+01,7.164184570312500000e+01,1.591609649658203125e+02,-4.924690723419189453e+00,-7.151826024055480957e-01,9.982006881545903154e-02,7.350000000000000000e+02,1.185447138004486339e-01
7.497292709350585938e+01,7.041712951660156250e+01,1.589781951904296875e+02,-4.926481723785400391e+00,-7.285021543502807617e-01,8.859499091240749524e-02,7.380000000000000000e+02,2.032596772786790240e-01
7.522503304481506348e+01,6.918735504150390625e+01,1.587913055419921875e+02,-4.932446956634521484e+00,-7.410758137702941895e-01,7.622024642985644749e-02,7.400000000000000000e+02,1.167798830738605992e-01
7.547799396514892578e+01,6.795952606201171875e+01,1.586018524169921875e+02,-4.937800884246826172e+00,-7.515407800674438477e-01,6.362922313997669554e-02,7.430000000000000000e+02,2.008191952640364097e-01
7.572511219978332520e+01,6.672951507568359375e+01,1.584088592529296875e+02,-4.941223144531250000e+00,-7.597546577453613281e-01,5.046910760494633524e-02,7.450000000000000000e+02,1.087161026322187030e-01
7.597033405303955078e+01,6.549357604980468750e+01,1.582136230468750000e+02,-4.944094181060791016e+00,-7.648641467094421387e-01,3.923669855586955912e-02,7.480000000000000000e+02,1.850192632434124740e-01
7.622206497192382812e+01,6.425221252441406250e+01,1.580153961181640625e+02,-4.945091724395751953e+00,-7.679533362388610840e-01,2.801896716464332207e-02,7.500000000000000000e+02,1.123859844743584219e-01
7.647484493255615234e+01,6.300264739990234375e+01,1.578160400390625000e+02,-4.943321228027343750e+00,-7.676630020141601562e-01,1.978172594931160502e-02,7.530000000000000000e+02,1.434527452742742626e-01
7.672417211532592773e+01,6.176589202880859375e+01,1.576193847656250000e+02,-4.941173076629638672e+00,-7.652974128723144531e-01,1.413096631454617905e-02,7.550000000000000000e+02,1.314580351293652416e-01
7.697565698623657227e+01,6.053373718261718750e+01,1.574241027832031250e+02,-4.939297199249267578e+00,-7.616626024246215820e-01,1.030534011552147050e-02,7.580000000000000000e+02,1.245337958495937314e-01
7.722451686859130859e+01,5.929751968383789062e+01,1.572286529541015625e+02,-4.938510417938232422e+00,-7.576750516891479492e-01,7.343999373750027815e-03,7.600000000000000000e+02,1.393810182822950439e-01
7.747229290008544922e+01,5.806526565551757812e+01,1.570347900390625000e+02,-4.937829971313476562e+00,-7.532646059989929199e-01,5.579922304363536291e-03,7.630000000000000000e+02,1.085547815847463793e-01
7.772202992439270020e+01,5.682827758789062500e+01,1.568408508300781250e+02,-4.936331748962402344e+00,-7.481553554534912109e-01,4.876820707098562455e-03,7.650000000000000000e+02,1.507339052141619395e-01
7.797282695770263672e+01,5.559436035156250000e+01,1.566493835449218750e+02,-4.935472965240478516e+00,-7.424515485763549805e-01,6.404011756302632752e-03,7.680000000000000000e+02,9.277911774046425364e-02
7.822217392921447754e+01,5.435122299194335938e+01,1.564572906494140625e+02,-4.934693813323974609e+00,-7.372040748596191406e-01,8.082678873712022261e-03,7.700000000000000000e+02,1.707508792138240361e-01
7.847596192359924316e+01,5.310114288330078125e+01,1.562661895751953125e+02,-4.931674957275390625e+00,-7.313998341560363770e-01,1.154536429493831402e-02,7.730000000000000000e+02,5.640403315262555728e-02
7.872263717651367188e+01,5.186408996582031250e+01,1.560791625976562500e+02,-4.927868843078613281e+00,-7.260052561759948730e-01,1.610335236182444674e-02,7.750000000000000000e+02,2.002650786336620525e-01
7.897574710845947266e+01,5.062801742553710938e+01,1.558933410644531250e+02,-4.924149990081787109e+00,-7.218046188354492188e-01,2.030355324366698092e-02,7.780000000000000000e+02,4.153032842339747510e-02
7.922854614257812500e+01,4.939727020263671875e+01,1.557079620361328125e+02,-4.922779083251953125e+00,-7.196374535560607910e-01,2.256569850409873706e-02,7.800000000000000000e+02,2.086400753506615358e-01
7.947799801826477051e+01,4.815896987915039062e+01,1.555222778320312500e+02,-4.924379825592041016e+00,-7.182872891426086426e-01,2.510235289782179746e-02,7.830000000000000000e+02,3.094421759047213949e-02
7.972324514389038086e+01,4.693678283691406250e+01,1.553398590087890625e+02,-4.925128459930419922e+00,-7.169345617294311523e-01,2.815221861558475994e-02,7.850000000000000000e+02,2.103119678122251923e-01
7.997226309776306152e+01,4.571308898925781250e+01,1.551572723388671875e+02,-4.927149295806884766e+00,-7.161214351654052734e-01,3.090537922596859124e-02,7.880000000000000000e+02,4.441814124876963116e-02
8.022125601768493652e+01,4.448411560058593750e+01,1.549733428955078125e+02,-4.932841777801513672e+00,-7.165690660476684570e-01,3.254675751538409212e-02,7.900000000000000000e+02,2.040806200824205330e-01
8.047622203826904297e+01,4.323611831665039062e+01,1.547865142822265625e+02,-4.938772201538085938e+00,-7.169643044471740723e-01,3.425767047128127490e-02,7.930000000000000000e+02,2.694618537815933815e-02
8.072645521163940430e+01,4.200294113159179688e+01,1.546022949218750000e+02,-4.943158626556396484e+00,-7.167606949806213379e-01,3.661653326932958613e-02,7.950000000000000000e+02,2.267474940980805653e-01
8.097516918182373047e+01,4.076853561401367188e+01,1.544186248779296875e+02,-4.946615695953369141e+00,-7.161332964897155762e-01,3.982140299118861609e-02,7.980000000000000000e+02,2.110614990088775789e-02
8.122552704811096191e+01,3.953712081909179688e+01,1.542345123291015625e+02,-4.949570655822753906e+00,-7.162734866142272949e-01,4.150647041515344304e-02,8.000000000000000000e+02,2.338506088593113041e-01
8.147561097145080566e+01,3.830003738403320312e+01,1.540500793457031250e+02,-4.952211856842041016e+00,-7.163001894950866699e-01,4.366975029457891011e-02,8.030000000000000000e+02,1.797649752422979252e-02
8.172257494926452637e+01,3.706516647338867188e+01,1.538667755126953125e+02,-4.953006267547607422e+00,-7.157900333404541016e-01,4.669659510920742829e-02,8.050000000000000000e+02,2.471370472137085217e-01
8.197544193267822266e+01,3.582849502563476562e+01,1.536839447021484375e+02,-4.951776504516601562e+00,-7.154599428176879883e-01,4.981016468925526103e-02,8.080000000000000000e+02,2.370830147314439279e-02
8.222574019432067871e+01,3.458688354492187500e+01,1.534992065429687500e+02,-4.949778556823730469e+00,-7.165573835372924805e-01,5.050009315191995168e-02,8.110000000000000000e+02,2.331338220824752949e-01
8.247399902343750000e+01,3.334155654907226562e+01,1.533139038085937500e+02,-4.946281909942626953e+00,-7.176436185836791992e-01,1.267405521112692668e+00,8.130000000000000000e+02,5.393046417547089910e-02
8.272941899299621582e+01,3.208883285522460938e+01,1.531257934570312500e+02,-4.934864044189453125e+00,-7.492216229438781738e-01,1.597399773279801760e+00,8.160000000000000000e+02,2.638135669653046689e-01
8.297810602188110352e+01,3.085646438598632812e+01,1.529091949462890625e+02,-4.880490303039550781e+00,-9.682823419570922852e-01,1.653961127557243893e+00,8.180000000000000000e+02,2.495202439009801543e-01
8.322606492042541504e+01,2.964604949951171875e+01,1.526251831054687500e+02,-4.802388191223144531e+00,-1.266414523124694824e+00,1.621097111251553535e+00,8.200000000000000000e+02,4.210498699148841339e-01
8.347630500793457031e+01,2.845213890075683594e+01,1.522717742919921875e+02,-4.719778537750244141e+00,-1.538998365402221680e+00,1.707951751391219020e+00,8.230000000000000000e+02,4.536353539525219136e-01
8.372234916687011719e+01,2.728486442565917969e+01,1.518555297851562500e+02,-4.623872280120849609e+00,-1.797620534896850586e+00,1.695943838130469672e+00,8.250000000000000000e+02,5.571982540529601957e-01
8.397113513946533203e+01,2.614074897766113281e+01,1.513724212646484375e+02,-4.504835605621337891e+00,-2.064393758773803711e+00,1.757915214246794200e+00,8.280000000000000000e+02,6.310191984509554430e-01
8.422744512557983398e+01,2.503203773498535156e+01,1.508246765136718750e+02,-4.374398231506347656e+00,-2.321539163589477539e+00,1.714763240293840418e+00,8.300000000000000000e+02,6.781472237377087486e-01
8.447467494010925293e+01,2.395112800598144531e+01,1.502090606689453125e+02,-4.228225231170654297e+00,-2.574484109878540039e+00,1.658642732501292238e+00,8.320000000000000000e+02,7.691954375277973988e-01
8.472434425354003906e+01,2.290229606628417969e+01,1.495270080566406250e+02,-4.072112560272216797e+00,-2.812314748764038086e+00,1.704662266918017810e+00,8.350000000000000000e+02,7.657983685231000148e-01
8.497533702850341797e+01,2.190405273437500000e+01,1.487943572998046875e+02,-3.910663843154907227e+00,-3.033103704452514648e+00,1.652617425678536422e+00,8.370000000000000000e+02,7.992199631106138291e-01
8.522560501098632812e+01,2.094933509826660156e+01,1.480064697265625000e+02,-3.732401847839355469e+00,-3.251746416091918945e+00,1.684857160908921792e+00,8.400000000000000000e+02,8.326287430098892051e-01
8.547770094871520996e+01,2.004283523559570312e+01,1.471686096191406250e+02,-3.549512624740600586e+00,-3.456655025482177734e+00,1.619014916311373176e+00,8.420000000000000000e+02,8.116353915673384378e-01
8.572834897041320801e+01,1.917856216430664062e+01,1.462747955322265625e+02,-3.352579832077026367e+00,-3.655734062194824219e+00,1.540107033814248183e+00,8.440000000000000000e+02,8.220753965960220233e-01
8.597138905525207520e+01,1.837374114990234375e+01,1.453457946777343750e+02,-3.155163049697875977e+00,-3.835158824920654297e+00,1.569879230784164248e+00,8.470000000000000000e+02,8.144596753871271577e-01
8.622180318832397461e+01,1.761605834960937500e+01,1.443725738525390625e+02,-2.955718994140625000e+00,-4.001647472381591797e+00,1.503500300963737768e+00,8.490000000000000000e+02,7.751401507326288742e-01
8.647419095039367676e+01,1.690704345703125000e+01,1.433539428710937500e+02,-2.742637395858764648e+00,-4.164484024047851562e+00,2.045443559925118893e-01,8.510000000000000000e+02,7.606590177564619415e-01
8.672605013847351074e+01,1.623937225341796875e+01,1.422821350097656250e+02,-2.571629285812377930e+00,-4.290544033050537109e+00,-9.908223835829575721e-02,8.540000000000000000e+02,5.997157720244238321e-01
8.697731995582580566e+01,1.559964466094970703e+01,1.412050781250000000e+02,-2.574233531951904297e+00,-4.307316303253173828e+00,-2.183006545367115747e-01,8.570000000000000000e+02,5.084170920638895197e-01
8.722856211662292480e+01,1.495246601104736328e+01,1.401260528564453125e+02,-2.621913433074951172e+00,-4.291170597076416016e+00,-2.792333472618457879e-01,8.590000000000000000e+02,3.140861756315848075e-01
8.747608804702758789e+01,1.429734134674072266e+01,1.390536804199218750e+02,-2.663122415542602539e+00,-4.272447586059570312e+00,-3.367087986715884274e-01,8.620000000000000000e+02,2.773768237000222570e-01
8.772400403022766113e+01,1.362975406646728516e+01,1.379818115234375000e+02,-2.706068277359008789e+00,-4.248030662536621094e+00,-3.818248818101191433e-01,8.640000000000000000e+02,8.304528456513467216e-02
8.797291302680969238e+01,1.295294284820556641e+01,1.369191741943359375e+02,-2.749787807464599609e+00,-4.218006610870361328e+00,-4.129272747096960350e-01,8.670000000000000000e+02,1.829561727590475195e-01
8.822449707984924316e+01,1.226422309875488281e+01,1.358625488281250000e+02,-2.792602062225341797e+00,-4.183460712432861328e+00,-4.316167964279224445e-01,8.690000000000000000e+02,1.659868551529226910e-01
8.847786092758178711e+01,1.156169033050537109e+01,1.348111572265625000e+02,-2.834350347518920898e+00,-4.146739959716796875e+00,-4.385367699178186474e-01,8.720000000000000000e+02,2.599918486910846038e-01
8.872325205802917480e+01,1.084607505798339844e+01,1.337654876708984375e+02,-2.874684572219848633e+00,-4.108696460723876953e+00,-4.347038297781957716e-01,8.740000000000000000e+02,3.175443190152953954e-01
8.897702097892761230e+01,1.011545944213867188e+01,1.327225189208984375e+02,-2.914007186889648438e+00,-4.068622112274169922e+00,-4.196219312229865772e-01,8.770000000000000000e+02,3.491728225584782019e-01
8.922648000717163086e+01,9.382204055786132812e+00,1.316992797851562500e+02,-2.952791929244995117e+00,-4.030117988586425781e+00,-3.949369717121525847e-01,8.790000000000000000e+02,4.219823968112226820e-01
8.947821497917175293e+01,8.640933990478515625e+00,1.306901092529296875e+02,-2.991434574127197266e+00,-3.992613315582275391e+00,-3.594373868142146655e-01,8.820000000000000000e+02,4.055999140137921954e-01
8.972605609893798828e+01,7.887001514434814453e+00,1.296872253417968750e+02,-3.028905868530273438e+00,-3.957504034042358398e+00,-3.156950658038307211e-01,8.840000000000000000e+02,4.641023990426155765e-01
8.997434806823730469e+01,7.126276969909667969e+00,1.286956024169921875e+02,-3.063822269439697266e+00,-3.925545930862426758e+00,-2.665592556551547587e-01,8.870000000000000000e+02,4.110397420186200357e-01
9.022324895858764648e+01,6.357717514038085938e+00,1.277115402221679688e+02,-3.092804431915283203e+00,-3.894626379013061523e+00,-2.143002246649472198e-01,8.890000000000000000e+02,4.594318330457369814e-01
9.047598910331726074e+01,5.584554672241210938e+00,1.267386856079101562e+02,-3.119677543640136719e+00,-3.870957136154174805e+00,-1.603696920191825526e-01,8.920000000000000000e+02,3.739259345664388556e-01
9.072813487052917480e+01,4.799048423767089844e+00,1.257645111083984375e+02,-3.144880056381225586e+00,-3.854269742965698242e+00,-1.053172115337008274e-01,8.940000000000000000e+02,4.195376794483876015e-01
9.097712016105651855e+01,4.001463890075683594e+00,1.247873382568359375e+02,-3.165445566177368164e+00,-3.841987133026123047e+00,-5.060201969160085800e-02,8.970000000000000000e+02,3.012562915583489875e-01
9.122709298133850098e+01,3.207274436950683594e+00,1.238206787109375000e+02,-3.177071332931518555e+00,-3.835111618041992188e+00,-3.296407299247335141e-03,9.000000000000000000e+02,3.387025987518886283e-01
9.147556686401367188e+01,2.413319110870361328e+00,1.228585052490234375e+02,-3.182008028030395508e+00,-3.831839323043823242e+00,3.857269640463115157e-02,9.020000000000000000e+02,2.129179521960864740e-01
9.172642493247985840e+01,1.616076350212097168e+00,1.218941345214843750e+02,-3.181105136871337891e+00,-3.832042217254638672e+00,7.473938040451252873e-02,9.050000000000000000e+02,2.608141327274554611e-01
9.197458481788635254e+01,8.176414966583251953e-01,1.209266281127929688e+02,-3.174613475799560547e+00,-3.836245059967041016e+00,1.033159486413598033e-01,9.070000000000000000e+02,1.290438238281598760e-01
9.222798013687133789e+01,2.948627434670925140e-02,1.199662246704101562e+02,-3.164240598678588867e+00,-3.844288825988769531e+00,1.234858294780338678e-01,9.100000000000000000e+02,2.024262170953742557e-01
9.247830891609191895e+01,-7.592871189117431641e-01,1.190005111694335938e+02,-3.151456594467163086e+00,-3.854600429534912109e+00,1.382472241471577878e-01,9.120000000000000000e+02,7.277942308766009727e-02
9.272375202178955078e+01,-1.547764897346496582e+00,1.180284347534179688e+02,-3.137046098709106445e+00,-3.866816997528076172e+00,1.473878055586567981e-01,9.150000000000000000e+02,1.717529676636431746e-01
9.297886800765991211e+01,-2.342239856719970703e+00,1.170408630371093750e+02,-3.119809389114379883e+00,-3.878806591033935547e+00,1.508181983083710931e-01,9.170000000000000000e+02,1.092323723224739584e-01
9.322624111175537109e+01,-3.121155500411987305e+00,1.160642013549804688e+02,-3.101775407791137695e+00,-3.890382766723632812e+00,1.494040660584677049e-01,9.200000000000000000e+02,1.489383429035699424e-01
9.347551703453063965e+01,-3.895382881164550781e+00,1.150852127075195312e+02,-3.084447622299194336e+00,-3.903102874755859375e+00,1.438822225264846932e-01,9.220000000000000000e+02,1.453930200257980698e-01
9.372514700889587402e+01,-4.662283897399902344e+00,1.141063613891601562e+02,-3.068243980407714844e+00,-3.916456222534179688e+00,1.344450165596197955e-01,9.250000000000000000e+02,1.577084388849384899e-01
9.397804498672485352e+01,-5.429809093475341797e+00,1.131171569824218750e+02,-3.053738355636596680e+00,-3.930237054824829102e+00,1.216434644589928366e-01,9.270000000000000000e+02,1.719539611926989842e-01
9.422823619842529297e+01,-6.185881614685058594e+00,1.121337814331054688e+02,-3.040846347808837891e+00,-3.942010402679443359e+00,1.070356039880841909e-01,9.300000000000000000e+02,1.567553249122049241e-01
9.447419404983520508e+01,-6.942429542541503906e+00,1.111437606811523438e+02,-3.030157804489135742e+00,-3.951486825942993164e+00,9.273584955813152231e-02,9.320000000000000000e+02,1.790719798515767458e-01
9.472726297378540039e+01,-7.699246406555175781e+00,1.101474380493164062e+02,-3.021884918212890625e+00,-3.959321498870849609e+00,7.855769005244259140e-02,9.350000000000000000e+02,1.422006405574438581e-01
9.497304606437683105e+01,-8.456618309020996094e+00,1.091461410522460938e+02,-3.014844417572021484e+00,-3.964421510696411133e+00,6.499772690232773209e-02,9.370000000000000000e+02,1.954511668856414586e-01
9.523070502281188965e+01,-9.213863372802734375e+00,1.081403503417968750e+02,-3.007298946380615234e+00,-3.966292142868041992e+00,5.076612594598909484e-02,9.400000000000000000e+02,1.088806225056196259e-01
9.547877407073974609e+01,-9.961430549621582031e+00,1.071457443237304688e+02,-3.003332614898681641e+00,-3.968221426010131836e+00,3.868425465397127422e-02,9.420000000000000000e+02,2.074695955221172450e-01
9.572450423240661621e+01,-1.070541286468505859e+01,1.061543960571289062e+02,-3.002858638763427734e+00,-3.971127986907958984e+00,2.814380252801269161e-02,9.450000000000000000e+02,9.003154736038297690e-02
9.597783398628234863e+01,-1.145193862915039062e+01,1.051588516235351562e+02,-3.005656003952026367e+00,-3.974793434143066406e+00,1.934911114175121016e-02,9.470000000000000000e+02,2.033592032978579212e-01
9.622337102890014648e+01,-1.219730663299560547e+01,1.041645126342773438e+02,-3.010277986526489258e+00,-3.978099584579467773e+00,1.206560766007812313e-02,9.500000000000000000e+02,6.859628133382891790e-02
9.647440004348754883e+01,-1.294398498535156250e+01,1.031688690185546875e+02,-3.015157222747802734e+00,-3.979108095169067383e+00,6.545965907636867517e-03,9.520000000000000000e+02,2.049306722414294957e-01
9.672405624389648438e+01,-1.369486427307128906e+01,1.021695251464843750e+02,-3.020600318908691406e+00,-3.978708028793334961e+00,3.160855025262753436e-03,9.550000000000000000e+02,4.387968259387952513e-02
9.697640895843505859e+01,-1.444983005523681641e+01,1.011671905517578125e+02,-3.026564121246337891e+00,-3.976793289184570312e+00,2.209772582624770516e-03,9.570000000000000000e+02,2.271408860060859514e-01
9.722946000099182129e+01,-1.521151447296142578e+01,1.001578140258789062e+02,-3.031150341033935547e+00,-3.973057508468627930e+00,2.087134421483193003e-03,9.600000000000000000e+02,8.748950824312925340e-03
9.747540998458862305e+01,-1.596735477447509766e+01,9.915855407714843750e+01,-3.035085201263427734e+00,-3.968222618103027344e+00,3.280397188586288079e-03,9.630000000000000000e+02,2.321629526419971279e-01
9.772936606407165527e+01,-1.672183609008789062e+01,9.816398620605468750e+01,-3.038754224777221680e+00,-3.963009834289550781e+00,5.869651748993744665e-03,9.650000000000000000e+02,2.428775458709320906e-02
9.797589683532714844e+01,-1.747963142395019531e+01,9.716842651367187500e+01,-3.042726278305053711e+00,-3.957507133483886719e+00,1.045540259211873851e-02,9.680000000000000000e+02,2.128166497909764199e-01
9.823012590408325195e+01,-1.824099159240722656e+01,9.616988372802734375e+01,-3.046484708786010742e+00,-3.953442811965942383e+00,1.479089921042931258e-02,9.700000000000000000e+02,5.129317082038564041e-02
9.847841501235961914e+01,-1.899621391296386719e+01,9.518146514892578125e+01,-3.048855066299438477e+00,-3.949249505996704102e+00,1.909003396713244635e-02,9.730000000000000000e+02,1.933750576282529388e-01
9.872874999046325684e+01,-1.975535011291503906e+01,9.418996429443359375e+01,-3.050976037979125977e+00,-3.945530176162719727e+00,2.386354269881285975e-02,9.750000000000000000e+02,6.367938867214760490e-02
9.897905802726745605e+01,-2.052017021179199219e+01,9.319201660156250000e+01,-3.052271127700805664e+00,-3.942107915878295898e+00,2.826635867740667080e-02,9.780000000000000000e+02,1.673570925514961671e-01
9.923067307472229004e+01,-2.129016113281250000e+01,9.218838500976562500e+01,-3.052375793457031250e+00,-3.938297271728515625e+00,3.246764946014940589e-02,9.800000000000000000e+02,1.056279841365710404e-01
9.947924804687500000e+01,-2.205280685424804688e+01,9.119593811035156250e+01,-3.052081823348999023e+00,-3.934223651885986328e+00,3.725013050206481269e-02,9.830000000000000000e+02,1.308351163758255387e-01
9.972575211524963379e+01,-2.281521224975585938e+01,9.020520782470703125e+01,-3.051264286041259766e+00,-3.930496215820312500e+00,4.206193520502270189e-02,9.850000000000000000e+02,1.273832890484858649e-01
9.997859406471252441e+01,-2.357456016540527344e+01,8.921900177001953125e+01,-3.050412893295288086e+00,-3.928321838378906250e+00,4.614725882769124543e-02,9.880000000000000000e+02,1.166096315119288379e-01
1.002279062271118164e+02,-2.433843421936035156e+01,8.822645568847656250e+01,-3.049739360809326172e+00,-3.928486347198486328e+00,4.875860441167154113e-02,9.900000000000000000e+02,1.449814802520819901e-01
1.004736859798431396e+02,-2.509429931640625000e+01,8.724421691894531250e+01,-3.048753738403320312e+00,-3.929267883300781250e+00,5.066712504426137964e-02,9.930000000000000000e+02,1.060583487609695341e-01
1.007234141826629639e+02,-2.585062026977539062e+01,8.626132202148437500e+01,-3.046938896179199219e+00,-3.929316759109497070e+00,5.232984411351081916e-02,9.950000000000000000e+02,1.455122819745185425e-01
1.009745190143585205e+02,-2.660830879211425781e+01,8.527687072753906250e+01,-3.046972751617431641e+00,-3.931710481643676758e+00,5.415797983716479080e-02,9.980000000000000000e+02,1.055394497689650796e-01
1.012270228862762451e+02,-2.737527084350585938e+01,8.427832794189453125e+01,-3.047970056533813477e+00,-3.936942338943481445e+00,5.412350137757897944e-02,1.000000000000000000e+03,1.676618217811198519e-01
1.014763619899749756e+02,-2.813249206542968750e+01,8.329158782958984375e+01,-3.048999071121215820e+00,-3.942621231079101562e+00,5.340550029883677635e-02,1.003000000000000000e+03,8.561468879960842937e-02
1.017288851737976074e+02,-2.889045143127441406e+01,8.230326080322265625e+01,-3.050225973129272461e+00,-3.948252916336059570e+00,5.258502052476714955e-02,1.005000000000000000e+03,1.775320546458990234e-01
1.019770030975341797e+02,-2.964669036865234375e+01,8.131601715087890625e+01,-3.051459074020385742e+00,-3.953665494918823242e+00,5.135407873014936203e-02,1.008000000000000000e+03,7.884095089490185393e-02
1.022277450561523438e+02,-3.040569305419921875e+01,8.032299804687500000e+01,-3.052312850952148438e+00,-3.958852052688598633e+00,4.893918164673406040e-02,1.010000000000000000e+03,1.909119294792425980e-01
1.024774558544158936e+02,-3.116283416748046875e+01,7.933177185058593750e+01,-3.052581548690795898e+00,-3.961968421936035156e+00,4.700182373510278927e-02,1.013000000000000000e+03,6.391601277653266577e-02
1.027264699935913086e+02,-3.192082405090332031e+01,7.833912658691406250e+01,-3.051896810531616211e+00,-3.962655544281005859e+00,4.562237942873889618e-02,1.015000000000000000e+03,2.066558987200619868e-01
1.029773099422454834e+02,-3.268252944946289062e+01,7.734249877929687500e+01,-3.051103830337524414e+00,-3.962080478668212891e+00,1.147876711124872662e+00,1.018000000000000000e+03,4.880304306554693328e-02
1.032251179218292236e+02,-3.344584274291992188e+01,7.634024047851562500e+01,-3.024793863296508789e+00,-3.977765083312988281e+00,1.353862241916092835e+00,1.020000000000000000e+03,2.553680849633269134e-01
1.034820580482482910e+02,-3.418968963623046875e+01,7.531498718261718750e+01,-2.849980831146240234e+00,-4.089119911193847656e+00,1.505482850159051811e+00,1.023000000000000000e+03,1.799192569792113228e-01
1.037279229164123535e+02,-3.487457656860351562e+01,7.426776885986328125e+01,-2.626209735870361328e+00,-4.226753234863281250e+00,1.601449407843924089e+00,1.026000000000000000e+03,3.565859398285972093e-01
1.039758658409118652e+02,-3.550236129760742188e+01,7.319293975830078125e+01,-2.396640300750732422e+00,-4.353518009185791016e+00,1.599694091206962376e+00,1.028000000000000000e+03,3.537573460917810553e-01
1.042260630130767822e+02,-3.607261276245117188e+01,7.208439636230468750e+01,-2.146960735321044922e+00,-4.473948478698730469e+00,1.576224858576618537e+00,1.030000000000000000e+03,4.970593418395959362e-01
1.044782111644744873e+02,-3.658166122436523438e+01,7.094456481933593750e+01,-1.894688487052917480e+00,-4.581071376800537109e+00,1.650578960312838017e+00,1.033000000000000000e+03,5.078619488828824968e-01
1.047272698879241943e+02,-3.702322387695312500e+01,6.979316711425781250e+01,-1.646650791168212891e+00,-4.670482158660888672e+00,1.629662152296672550e+00,1.035000000000000000e+03,6.066495910037017492e-01
1.049798560142517090e+02,-3.740165328979492188e+01,6.861640930175781250e+01,-1.382674813270568848e+00,-4.750761985778808594e+00,1.689191016883133001e+00,1.038000000000000000e+03,6.359418135912303649e-01
1.052281041145324707e+02,-3.771554565429687500e+01,6.741206359863281250e+01,-1.116623282432556152e+00,-4.819857120513916016e+00,1.645964652859103650e+00,1.040000000000000000e+03,6.939543141958863792e-01
1.054803121089935303e+02,-3.796285629272460938e+01,6.618418121337890625e+01,-8.390260338783264160e-01,-4.875463485717773438e+00,1.685565842818566695e+00,1.043000000000000000e+03,7.283889921182861160e-01
1.057270829677581787e+02,-3.813842010498046875e+01,6.495751953125000000e+01,-5.670963525772094727e-01,-4.914937496185302734e+00,1.628126016343162341e+00,1.045000000000000000e+03,7.519179902264869764e-01
1.059760069847106934e+02,-3.824466323852539062e+01,6.372313690185546875e+01,-2.869981229305267334e-01,-4.941004276275634766e+00,1.654617518202824655e+00,1.048000000000000000e+03,7.878442551433074703e-01
1.062313151359558105e+02,-3.828056716918945312e+01,6.248839950561523438e+01,-1.120229158550500870e-02,-4.953627586364746094e+00,1.582709903590814537e+00,1.050000000000000000e+03,7.719852033524333690e-01
1.064761650562286377e+02,-3.824685287475585938e+01,6.124406433105468750e+01,2.676470577716827393e-01,-4.953190803527832031e+00,1.502228559161030486e+00,1.052000000000000000e+03,8.044761651448224526e-01
1.067255430221557617e+02,-3.814614105224609375e+01,6.001651382446289062e+01,5.325749516487121582e-01,-4.938620567321777344e+00,1.529880044654529314e+00,1.055000000000000000e+03,7.613638762613644806e-01
1.069767928123474121e+02,-3.798113632202148438e+01,5.879090118408203125e+01,7.871177792549133301e-01,-4.912646293640136719e+00,1.464127703176100859e+00,1.057000000000000000e+03,7.551657073922111163e-01
1.072281789779663086e+02,-3.775191879272460938e+01,5.756910324096679688e+01,1.046280026435852051e+00,-4.874188899993896484e+00,1.489627615471971867e+00,1.060000000000000000e+03,7.382412374308361391e-01
1.074810929298400879e+02,-3.745470428466796875e+01,5.634098052978515625e+01,1.299847602844238281e+00,-4.823944568634033203e+00,1.417048956819259020e+00,1.062000000000000000e+03,7.021811636183059591e-01
1.077322859764099121e+02,-3.709860610961914062e+01,5.514199447631835938e+01,1.549047589302062988e+00,-4.758739471435546875e+00,1.441331675010426583e+00,1.065000000000000000e+03,6.992186479643555108e-01
1.079767630100250244e+02,-3.668075942993164062e+01,5.395913314819335938e+01,1.786935210227966309e+00,-4.682348251342773438e+00,1.372276397340701948e+00,1.067000000000000000e+03,6.405611233311531150e-01
1.082326438426971436e+02,-3.620485305786132812e+01,5.279993057250976562e+01,2.022300720214843750e+00,-4.591063976287841797e+00,1.397045528897842281e+00,1.070000000000000000e+03,6.569982356129685508e-01
1.084786560535430908e+02,-3.566986846923828125e+01,5.166023254394531250e+01,2.245568513870239258e+00,-4.490451812744140625e+00,1.330469429459367303e+00,1.072000000000000000e+03,5.766876062335731801e-01
1.087255711555480957e+02,-3.508105850219726562e+01,5.055061340332031250e+01,2.463509082794189453e+00,-4.376539230346679688e+00,1.260328038109720161e+00,1.074000000000000000e+03,5.883771817747530664e-01
1.090060617923736572e+02,-3.443922805786132812e+01,4.946996688842773438e+01,2.666590690612792969e+00,-4.255515575408935547e+00,1.301463431359793255e+00,1.077000000000000000e+03,5.166510437783985443e-01
1.092285251617431641e+02,-3.374619293212890625e+01,4.841432952880859375e+01,2.847607374191284180e+00,-4.137465000152587891e+00,1.266091912483369164e+00,1.079000000000000000e+03,5.281879405429820151e-01
1.094760921001434326e+02,-3.300591278076171875e+01,4.738637924194335938e+01,3.031153440475463867e+00,-4.001879215240478516e+00,1.324619928737403196e+00,1.082000000000000000e+03,4.763211866038328246e-01
1.097305328845977783e+02,-3.221372222900390625e+01,4.638843536376953125e+01,3.215992450714111328e+00,-3.850140094757080078e+00,1.595363496565411210e-01,1.084000000000000000e+03,4.970338755678562204e-01
1.099819111824035645e+02,-3.138609695434570312e+01,4.543753051757812500e+01,3.363288640975952148e+00,-3.721436262130737305e+00,-9.301530722884578106e-02,1.087000000000000000e+03,3.772380051611498586e-01
1.102291610240936279e+02,-3.054214668273925781e+01,4.450554656982421875e+01,3.375909090042114258e+00,-3.712655544281005859e+00,-1.844294710318230002e-01,1.089000000000000000e+03,3.642989647836801792e-01
1.104818551540374756e+02,-2.969758224487304688e+01,4.356860733032226562e+01,3.353362560272216797e+00,-3.733838796615600586e+00,-2.278372502489499907e-01,1.092000000000000000e+03,1.831611886515060184e-01
1.107295928001403809e+02,-2.885362434387207031e+01,4.262517547607421875e+01,3.333927392959594727e+00,-3.750688314437866211e+00,-2.730455099639729766e-01,1.095000000000000000e+03,2.486032001810482839e-01
1.109773929119110107e+02,-2.802160072326660156e+01,4.168650054931640625e+01,3.310639858245849609e+00,-3.769218921661376953e+00,-3.091158844787839088e-01,1.097000000000000000e+03,2.646862735631752908e-02
1.112288777828216553e+02,-2.719551658630371094e+01,4.074290466308593750e+01,3.281739711761474609e+00,-3.788408041000366211e+00,-3.342643664700210571e-01,1.100000000000000000e+03,2.266704106751390724e-01
1.114761831760406494e+02,-2.637185478210449219e+01,3.978850555419921875e+01,3.252182960510253906e+00,-3.809292554855346680e+00,-3.511245685635379088e-01,1.102000000000000000e+03,1.451241200301561507e-01
1.117319281101226807e+02,-2.554964065551757812e+01,3.882223510742187500e+01,3.222735166549682617e+00,-3.831862926483154297e+00,-3.604560564448057725e-01,1.105000000000000000e+03,2.654930162059661036e-01
1.119823398590087891e+02,-2.474223327636718750e+01,3.785897445678710938e+01,3.193432807922363281e+00,-3.854941368103027344e+00,-3.618850803013288764e-01,1.107000000000000000e+03,2.602156529738099966e-01
1.122333908081054688e+02,-2.394075393676757812e+01,3.688787841796875000e+01,3.163262605667114258e+00,-3.878506183624267578e+00,-3.549326632788564750e-01,1.110000000000000000e+03,3.249889703930872176e-01
1.124788000583648682e+02,-2.314977264404296875e+01,3.591378784179687500e+01,3.131392240524291992e+00,-3.901257276535034180e+00,-3.391710867185064870e-01,1.112000000000000000e+03,3.350746363832794450e-01
1.127267169952392578e+02,-2.236186599731445312e+01,3.492744827270507812e+01,3.098325252532958984e+00,-3.923484086990356445e+00,-3.150225227051924315e-01,1.115000000000000000e+03,3.598144546044543257e-01
1.129809098243713379e+02,-2.159026908874511719e+01,3.394495010375976562e+01,3.064486503601074219e+00,-3.944185733795166016e+00,-2.829328933190262130e-01,1.117000000000000000e+03,3.712636561973245430e-01
1.132286989688873291e+02,-2.082343101501464844e+01,3.295305633544921875e+01,3.031554937362670898e+00,-3.962112188339233398e+00,-2.458243736879754671e-01,1.120000000000000000e+03,3.646743435332496230e-01
1.134787609577178955e+02,-2.006213569641113281e+01,3.195381736755371094e+01,3.001406908035278320e+00,-3.978325843811035156e+00,-2.051463562386550143e-01,1.122000000000000000e+03,3.718037306612998472e-01
1.137312121391296387e+02,-1.929783821105957031e+01,3.093715667724609375e+01,2.975173711776733398e+00,-3.992932796478271484e+00,-1.622409442791135914e-01,1.125000000000000000e+03,3.299347647308911169e-01
1.139833090305328369e+02,-1.855026054382324219e+01,2.993171119689941406e+01,2.952110767364501953e+00,-4.003905296325683594e+00,-1.191254958109152773e-01,1.127000000000000000e+03,3.534449637118419196e-01
1.142292530536651611e+02,-1.780690574645996094e+01,2.892334365844726562e+01,2.934231281280517578e+00,-4.012636184692382812e+00,-7.761222038439363757e-02,1.130000000000000000e+03,2.760254383997063909e-01
1.144811220169067383e+02,-1.707071113586425781e+01,2.791697883605957031e+01,2.921322345733642578e+00,-4.018727302551269531e+00,-3.827238220857114015e-02,1.132000000000000000e+03,3.100613066036018717e-01
1.147304580211639404e+02,-1.633529472351074219e+01,2.690646743774414062e+01,2.914136171340942383e+00,-4.022953510284423828e+00,-2.243567606389810024e-03,1.135000000000000000e+03,2.072077325615881149e-01
1.149784440994262695e+02,-1.560340690612792969e+01,2.589859580993652344e+01,2.911656379699707031e+00,-4.024780750274658203e+00,2.948718060958709433e-02,1.137000000000000000e+03,2.628222105398261288e-01
1.152254819869995117e+02,-1.487057113647460938e+01,2.489018630981445312e+01,2.913097620010375977e+00,-4.023655891418457031e+00,5.599871144692088881e-02,1.140000000000000000e+03,1.352263868440893302e-01
1.154781398773193359e+02,-1.413414192199707031e+01,2.387845611572265625e+01,2.918884515762329102e+00,-4.019777297973632812e+00,7.676274421057598107e-02,1.142000000000000000e+03,2.322696896439770675e-01
1.157309820652008057e+02,-1.339370441436767578e+01,2.286484336853027344e+01,2.927850008010864258e+00,-4.013623237609863281e+00,9.206752915389419811e-02,1.145000000000000000e+03,6.378387831957582632e-02
1.159780728816986084e+02,-1.264845275878906250e+01,2.184961128234863281e+01,2.937153577804565430e+00,-4.003696441650390625e+00,1.026384411349616638e-01,1.147000000000000000e+03,2.401371620340278512e-01
1.162299752235412598e+02,-1.190900993347167969e+01,2.085020828247070312e+01,2.947922229766845703e+00,-3.992359399795532227e+00,1.072419645709044994e-01,1.150000000000000000e+03,1.161271166382523909e-02
1.164808900356292725e+02,-1.116960430145263672e+01,1.985715675354003906e+01,2.961856842041015625e+00,-3.984919309616088867e+00,1.087444773120902070e-01,1.152000000000000000e+03,2.319713466357167242e-01
1.167325789928436279e+02,-1.042397689819335938e+01,1.886143684387207031e+01,2.977968931198120117e+00,-3.981261253356933594e+00,1.083363222075767046e-01,1.155000000000000000e+03,4.331898349201304677e-02
1.169812428951263428e+02,-9.671324729919433594e+00,1.786329078674316406e+01,2.994314432144165039e+00,-3.977670192718505859e+00,1.046700061581784663e-01,1.157000000000000000e+03,2.426782938563043501e-01
1.172274880409240723e+02,-8.921266555786132812e+00,1.687577056884765625e+01,3.008584737777709961e+00,-3.972761392593383789e+00,9.840281206008608117e-02,1.160000000000000000e+03,6.645466862460766566e-02
1.174785439968109131e+02,-8.164812088012695312e+00,1.588588714599609375e+01,3.021105766296386719e+00,-3.967297554016113281e+00,9.037388054589566566e-02,1.162000000000000000e+03,2.446467694696810580e-01
1.177289731502532959e+02,-7.400468826293945312e+00,1.488985347747802734e+01,3.032083272933959961e+00,-3.963302373886108398e+00,8.254830682165842370e-02,1.165000000000000000e+03,7.537476643982761459e-02
1.179818539619445801e+02,-6.628130912780761719e+00,1.388810729980468750e+01,3.040520429611206055e+00,-3.958168029785156250e+00,7.381179264045986677e-02,1.168000000000000000e+03,2.438543170833489260e-01
1.182325298786163330e+02,-5.860599040985107422e+00,1.289806556701660156e+01,3.046026468276977539e+00,-3.950394153594970703e+00,6.313257320615968393e-02,1.170000000000000000e+03,7.905361342273402314e-02
1.184814338684082031e+02,-5.092119216918945312e+00,1.191038894653320312e+01,3.049129724502563477e+00,-3.943387746810913086e+00,5.311343783505505234e-02,1.173000000000000000e+03,2.269181766621624630e-01
1.187318909168243408e+02,-4.325437068939208984e+00,1.092776584625244141e+01,3.051025152206420898e+00,-3.938546419143676758e+00,4.409659614665435018e-02,1.175000000000000000e+03,7.368409384583023136e-02
1.189813058376312256e+02,-3.552617788314819336e+00,9.939264297485351562e+00,3.052395343780517578e+00,-3.936315059661865234e+00,3.613427864530348310e-02,1.178000000000000000e+03,2.109693382346499446e-01
1.192298040390014648e+02,-2.786430597305297852e+00,8.960125923156738281e+00,3.052562236785888672e+00,-3.935134887695312500e+00,2.939980263579772962e-02,1.180000000000000000e+03,6.723676033299290367e-02
1.194808919429779053e+02,-2.017253398895263672e+00,7.976814270019531250e+00,3.051298141479492188e+00,-3.934605360031127930e+00,2.433875736410821833e-02,1.183000000000000000e+03,2.041286413662394272e-01
1.197287549972534180e+02,-1.245889306068420410e+00,6.989822387695312500e+00,3.049318790435791016e+00,-3.935059309005737305e+00,2.085200086441950720e-02,1.185000000000000000e+03,6.783650034691797448e-02
1.199790449142456055e+02,-4.649166464805603027e-01,5.989346027374267578e+00,3.046125411987304688e+00,-3.935084342956542969e+00,1.855738421354147238e-02,1.188000000000000000e+03,1.687302806967682645e-01
1.202290310859680176e+02,3.055742681026458740e-01,5.002040863037109375e+00,3.042320489883422852e+00,-3.934155464172363281e+00,1.634911999836186763e-02,1.190000000000000000e+03,9.387429742999441051e-02
1.204782941341400146e+02,1.074279189109802246e+00,4.015539169311523438e+00,3.038180112838745117e+00,-3.933582067489624023e+00,1.534232590903686355e-02,1.193000000000000000e+03,1.525942433452124325e-01
1.207336788177490234e+02,1.838686347007751465e+00,3.033073186874389648e+00,3.034418582916259766e+00,-3.933856010437011719e+00,1.528156714585367747e-02,1.195000000000000000e+03,9.903006870620642554e-02
1.209839220046997070e+02,2.604719161987304688e+00,2.047237396240234375e+00,3.031954765319824219e+00,-3.935517549514770508e+00,1.564626015380523455e-02,1.198000000000000000e+03,1.469387372742639031e-01
1.212264020442962646e+02,3.368007898330688477e+00,1.064116835594177246e+00,3.030134677886962891e+00,-3.937549114227294922e+00,1.612386988990257425e-02,1.200000000000000000e+03,1.030913198591208307e-01
1.214773421287536621e+02,4.129021167755126953e+00,8.296073228120803833e-02,3.027369022369384766e+00,-3.938452243804931641e+00,1.712124285888201244e-02,1.203000000000000000e+03,1.486384754101422456e-01
1.217278730869293213e+02,4.890063285827636719e+00,-8.993623852729797363e-01,3.025266408920288086e+00,-3.940660953521728516e+00,1.892753441320121216e-02,1.205000000000000000e+03,9.887028298202227283e-02
1.219792709350585938e+02,5.653034210205078125e+00,-1.885686635971069336e+00,3.025117874145507812e+00,-3.945511579513549805e+00,2.151582656508681593e-02,1.208000000000000000e+03,1.472793101058600951e-01
1.222328178882598877e+02,6.421444892883300781e+00,-2.879964590072631836e+00,3.025910615921020508e+00,-3.950746774673461914e+00,2.402671492580592608e-02,1.210000000000000000e+03,1.140883937625560840e-01
1.224785480499267578e+02,7.182555675506591797e+00,-3.866291522979736328e+00,3.027046680450439453e+00,-3.955841779708862305e+00,2.688888497983780990e-02,1.213000000000000000e+03,1.331864538156138367e-01
1.227292501926422119e+02,7.941866874694824219e+00,-4.851087570190429688e+00,3.028384208679199219e+00,-3.960653781890869141e+00,2.979816054473839390e-02,1.215000000000000000e+03,1.152263264075403387e-01
1.229817550182342529e+02,8.703997611999511719e+00,-5.840539932250976562e+00,3.029388666152954102e+00,-3.964658021926879883e+00,3.295620279065972213e-02,1.218000000000000000e+03,1.291892499182824838e-01
1.232280631065368652e+02,9.469719886779785156e+00,-6.834400177001953125e+00,3.030505418777465820e+00,-3.967549324035644531e+00,3.523198042315934392e-02,1.220000000000000000e+03,1.306664813433618122e-01
1.234790449142456055e+02,1.022861385345458984e+01,-7.820169448852539062e+00,3.030424118041992188e+00,-3.968745470046997070e+00,3.777146964606367674e-02,1.223000000000000000e+03,1.191853558152403680e-01
1.237282891273498535e+02,1.099087619781494141e+01,-8.810938835144042969e+00,3.030053377151489258e+00,-3.968774557113647461e+00,4.012907105247246614e-02,1.225000000000000000e+03,1.368613833209583186e-01
1.239791629314422607e+02,1.175898361206054688e+01,-9.808884620666503906e+00,3.029308557510375977e+00,-3.967590570449829102e+00,4.185350088030504595e-02,1.228000000000000000e+03,9.897281897847555465e-02
1.242337491512298584e+02,1.253351116180419922e+01,-1.081418895721435547e+01,3.027718067169189453e+00,-3.964672803878784180e+00,4.272963357252936717e-02,1.230000000000000000e+03,1.771393278621088141e-01
1.244844229221343994e+02,1.329897594451904297e+01,-1.180818557739257812e+01,3.025044202804565430e+00,-3.959971427917480469e+00,4.356337912916773830e-02,1.233000000000000000e+03,6.554883618046364324e-02
1.247304160594940186e+02,1.406343078613281250e+01,-1.280028438568115234e+01,3.022185087203979492e+00,-3.955024719238281250e+00,4.410944793146765602e-02,1.235000000000000000e+03,1.961484581094623536e-01
1.249823679924011230e+02,1.482432270050048828e+01,-1.378738689422607422e+01,3.020019531250000000e+00,-3.951255559921264648e+00,4.464644154841008322e-02,1.238000000000000000e+03,5.696969707057670390e-02
1.252344710826873779e+02,1.559009170532226562e+01,-1.478124046325683594e+01,3.019377231597900391e+00,-3.949677467346191406e+00,4.553412530259731694e-02,1.240000000000000000e+03,2.090885866143785687e-01
1.254771149158477783e+02,1.634764099121093750e+01,-1.576454925537109375e+01,3.018545866012573242e+00,-3.947911500930786133e+00,4.649826143521655630e-02,1.243000000000000000e+03,5.193219573420145008e-02
1.257278640270233154e+02,1.710746574401855469e+01,-1.675042343139648438e+01,3.017816781997680664e+00,-3.945881605148315430e+00,4.703910862373631568e-02,1.245000000000000000e+03,2.072033332021211427e-01
1.259776709079742432e+02,1.787016868591308594e+01,-1.773949050903320312e+01,3.019065141677856445e+00,-3.945100784301757812e+00,4.653706257291243681e-02,1.248000000000000000e+03,4.912741439815472566e-02
1.262315170764923096e+02,1.864371490478515625e+01,-1.874169921875000000e+01,3.020772457122802734e+00,-3.944365501403808594e+00,4.528031941417100248e-02,1.250000000000000000e+03,2.338983582755145563e-01
1.264838109016418457e+02,1.940646743774414062e+01,-1.972990798950195312e+01,3.021234750747680664e+00,-3.942856550216674805e+00,4.451414363187998491e-02,1.253000000000000000e+03,3.398623466756661021e-02
1.267290918827056885e+02,2.016866874694824219e+01,-2.071747970581054688e+01,3.022115230560302734e+00,-3.941926002502441406e+00,1.257093280987941819e+00,1.255000000000000000e+03,2.170614084162716118e-01
1.269845180511474609e+02,2.092965507507324219e+01,-2.169969749450683594e+01,3.046788215637207031e+00,-3.921276092529296875e+00,1.599856615780283153e+00,1.258000000000000000e+03,1.802866922502823488e-01
1.272300932407379150e+02,2.171662712097167969e+01,-2.266450881958007812e+01,3.215716123580932617e+00,-3.772452831268310547e+00,1.666335987380987316e+00,1.260000000000000000e+03,2.945799459543985144e-01
1.274778609275817871e+02,2.255068397521972656e+01,-2.357756042480468750e+01,3.442953586578369141e+00,-3.561212539672851562e+00,1.743303166650459923e+00,1.263000000000000000e+03,4.396483848841970521e-01
1.277311780452728271e+02,2.343419075012207031e+01,-2.443866157531738281e+01,3.646476507186889648e+00,-3.354085683822631836e+00,1.732842029223054858e+00,1.265000000000000000e+03,4.840518922032808202e-01
1.279821190834045410e+02,2.436973190307617188e+01,-2.524994659423828125e+01,3.842731952667236328e+00,-3.130616903305053711e+00,1.705724261791150331e+00,1.267000000000000000e+03,5.923518892489451071e-01
1.282317299842834473e+02,2.535618400573730469e+01,-2.600756454467773438e+01,4.024444103240966797e+00,-2.899201631546020508e+00,1.768379600042238931e+00,1.270000000000000000e+03,6.589846760040031226e-01
1.284852180480957031e+02,2.639252853393554688e+01,-2.671152114868164062e+01,4.186671257019042969e+00,-2.661910295486450195e+00,1.726264015494181514e+00,1.272000000000000000e+03,7.124457492197685538e-01
1.287346730232238770e+02,2.745847320556640625e+01,-2.734791755676269531e+01,4.335731506347656250e+00,-2.411434173583984375e+00,1.767484523146645614e+00,1.275000000000000000e+03,7.822986718660914773e-01
1.289821109771728516e+02,2.855669593811035156e+01,-2.791858291625976562e+01,4.467359066009521484e+00,-2.157932043075561523e+00,1.706681122063508305e+00,1.277000000000000000e+03,7.921324079541185448e-01
1.292325158119201660e+02,2.969140052795410156e+01,-2.842625808715820312e+01,4.586322307586669922e+00,-1.892311930656433105e+00,1.629474723050090335e+00,1.279000000000000000e+03,8.449922590434162384e-01
1.295074892044067383e+02,3.085791206359863281e+01,-2.886929893493652344e+01,4.687575340270996094e+00,-1.629921555519104004e+00,1.654060005300944880e+00,1.282000000000000000e+03,8.288673425687376195e-01
1.297306489944458008e+02,3.203566360473632812e+01,-2.924464988708496094e+01,4.767634391784667969e+00,-1.383831739425659180e+00,1.595654092445493166e+00,1.284000000000000000e+03,8.416523208432393766e-01
1.299800090789794922e+02,3.323662567138671875e+01,-2.955789756774902344e+01,4.836068153381347656e+00,-1.121598243713378906e+00,1.618070138993587648e+00,1.287000000000000000e+03,8.402536095312432840e-01
1.302286758422851562e+02,3.446306228637695312e+01,-2.980583000183105469e+01,4.894157886505126953e+00,-8.511078953742980957e-01,3.291532291115807363e-01,1.289000000000000000e+03,7.968258749047588685e-01
1.304858961105346680e+02,3.571007156372070312e+01,-2.999021339416503906e+01,4.934677600860595703e+00,-6.242019534111022949e-01,2.172697450291145513e-02,1.292000000000000000e+03,7.008652923955621672e-01
1.307322230339050293e+02,3.695040512084960938e+01,-3.014193725585937500e+01,4.948066711425781250e+00,-5.959721803665161133e-01,-1.089654084984436333e-01,1.294000000000000000e+03,5.679174077138609000e-01
1.309808750152587891e+02,3.819337844848632812e+01,-3.029546546936035156e+01,4.952507495880126953e+00,-6.242629885673522949e-01,-1.824828548209203594e-01,1.297000000000000000e+03,4.437704570671807680e-01
1.312347080707550049e+02,3.943401336669921875e+01,-3.045263481140136719e+01,4.955308914184570312e+00,-6.501370072364807129e-01,-2.557003713218763963e-01,1.299000000000000000e+03,3.213936996389071821e-01
1.314792189598083496e+02,4.068381118774414062e+01,-3.061703681945800781e+01,4.955892562866210938e+00,-6.820656657218933105e-01,-3.192063566177940070e-01,1.302000000000000000e+03,2.094680047633905584e-01
1.317295451164245605e+02,4.192175674438476562e+01,-3.078785133361816406e+01,4.952533721923828125e+00,-7.205235958099365234e-01,-3.688765677833688583e-01,1.304000000000000000e+03,1.497470154272547427e-01
1.319778850078582764e+02,4.316000747680664062e+01,-3.096914482116699219e+01,4.944017887115478516e+00,-7.632283568382263184e-01,-4.054550371073722403e-01,1.307000000000000000e+03,1.147717470746949658e-01
1.322287571430206299e+02,4.439951705932617188e+01,-3.116235733032226562e+01,4.935348987579345703e+00,-8.097091317176818848e-01,-4.294601939290907389e-01,1.309000000000000000e+03,2.003569165016830800e-01
1.324803988933563232e+02,4.565399551391601562e+01,-3.137129402160644531e+01,4.926385402679443359e+00,-8.600127100944519043e-01,-4.403533030538279713e-01,1.312000000000000000e+03,2.241581060693487448e-01
1.327356832027435303e+02,4.689019012451171875e+01,-3.159072494506835938e+01,4.915584087371826172e+00,-9.115302562713623047e-01,-4.384068382064768010e-01,1.314000000000000000e+03,3.360128828508875398e-01
1.329832930564880371e+02,4.812466430664062500e+01,-3.182390594482421875e+01,4.903804779052734375e+00,-9.639603495597839355e-01,-4.245910666496650610e-01,1.317000000000000000e+03,3.329701575051395301e-01
1.332339191436767578e+02,4.935391998291015625e+01,-3.207033157348632812e+01,4.890935897827148438e+00,-1.016498804092407227e+00,-3.994522854101372200e-01,1.319000000000000000e+03,4.244338640092296111e-01
1.334807381629943848e+02,5.058402633666992188e+01,-3.233071517944335938e+01,4.876010417938232422e+00,-1.066923022270202637e+00,-3.654040204786740964e-01,1.322000000000000000e+03,3.920490909863633688e-01
1.337326509952545166e+02,5.180644989013671875e+01,-3.260271835327148438e+01,4.860589504241943359e+00,-1.114254951477050781e+00,-3.241190630223872438e-01,1.324000000000000000e+03,4.675546544791234216e-01
1.339778780937194824e+02,5.302535247802734375e+01,-3.288677215576171875e+01,4.844579696655273438e+00,-1.158439278602600098e+00,-2.760489663770321900e-01,1.327000000000000000e+03,4.012616884786371352e-01
1.342299709320068359e+02,5.424554061889648438e+01,-3.318185424804687500e+01,4.830476284027099609e+00,-1.197732925415039062e+00,-2.252004013248970482e-01,1.330000000000000000e+03,4.557599901352574201e-01
1.344819879531860352e+02,5.546611404418945312e+01,-3.348764038085937500e+01,4.818140983581542969e+00,-1.231519103050231934e+00,-1.722109744748502314e-01,1.332000000000000000e+03,3.682733365295157157e-01
1.347298078536987305e+02,5.669119644165039062e+01,-3.380313873291015625e+01,4.806610584259033203e+00,-1.259377002716064453e+00,-1.186689213202380133e-01,1.335000000000000000e+03,3.907575885757538781e-01
1.349813749790191650e+02,5.790129470825195312e+01,-3.412187576293945312e+01,4.797105312347412109e+00,-1.279467105865478516e+00,-6.814508284576327457e-02,1.337000000000000000e+03,3.051414133646265792e-01
1.352331018447875977e+02,5.910559082031250000e+01,-3.444327163696289062e+01,4.790901660919189453e+00,-1.292089581489562988e+00,-2.271675736714954055e-02,1.340000000000000000e+03,3.185463537630291997e-01
1.354801418781280518e+02,6.031172180175781250e+01,-3.476816940307617188e+01,4.788941383361816406e+00,-1.299288153648376465e+00,1.867571028302892136e-02,1.342000000000000000e+03,2.249554400712222568e-01
1.357344689369201660e+02,6.152143096923828125e+01,-3.509547424316406250e+01,4.789700031280517578e+00,-1.300715684890747070e+00,5.500882286254225179e-02,1.345000000000000000e+03,2.395277766937471131e-01
1.359811332225799561e+02,6.271940612792968750e+01,-3.541938400268554688e+01,4.791252136230468750e+00,-1.294752359390258789e+00,8.351073802941537394e-02,1.347000000000000000e+03,1.454865218163828022e-01
1.362291829586029053e+02,6.392315673828125000e+01,-3.574225234985351562e+01,4.794178962707519531e+00,-1.283120274543762207e+00,1.044030591413776521e-01,1.350000000000000000e+03,1.872037584144611300e-01
1.364808478355407715e+02,6.513581848144531250e+01,-3.606342315673828125e+01,4.799723625183105469e+00,-1.267804026603698730e+00,1.182796919672815944e-01,1.352000000000000000e+03,1.006956202301933917e-01
1.367347500324249268e+02,6.635460662841796875e+01,-3.638145446777343750e+01,4.803964614868164062e+00,-1.249724745750427246e+00,1.263520452716142273e-01,1.355000000000000000e+03,1.403373337896830220e-01
1.369840509891510010e+02,6.755910491943359375e+01,-3.669100570678710938e+01,4.807996273040771484e+00,-1.230807423591613770e+00,1.297653265233225106e-01,1.357000000000000000e+03,1.115332637370063107e-01
1.372355000972747803e+02,6.876396942138671875e+01,-3.699629592895507812e+01,4.814883708953857422e+00,-1.212498545646667480e+00,1.298735148042949039e-01,1.360000000000000000e+03,1.463373958368447969e-01
1.374813361167907715e+02,6.996651458740234375e+01,-3.729567337036132812e+01,4.824177265167236328e+00,-1.194411039352416992e+00,1.256509896081712818e-01,1.362000000000000000e+03,1.260195282378448467e-01
1.377315690517425537e+02,7.118016815185546875e+01,-3.759213256835937500e+01,4.834845066070556641e+00,-1.176695346832275391e+00,1.173874542065830445e-01,1.365000000000000000e+03,1.575026275362380324e-01
1.379826021194458008e+02,7.238478851318359375e+01,-3.788114547729492188e+01,4.843319416046142578e+00,-1.160117626190185547e+00,1.066914067025506313e-01,1.367000000000000000e+03,1.430712020026083386e-01
1.382286689281463623e+02,7.359725189208984375e+01,-3.816704559326171875e+01,4.850133419036865234e+00,-1.144928097724914551e+00,9.399362553872060710e-02,1.370000000000000000e+03,1.652084665590066170e-01
1.384824669361114502e+02,7.481607818603515625e+01,-3.845065689086914062e+01,4.855623722076416016e+00,-1.131769776344299316e+00,8.072319781667064431e-02,1.372000000000000000e+03,1.564497663657004600e-01
1.387322919368743896e+02,7.605210876464843750e+01,-3.873458862304687500e+01,4.859226226806640625e+00,-1.120872139930725098e+00,6.729114806873896792e-02,1.375000000000000000e+03,1.369304089289313797e-01
1.389815900325775146e+02,7.727189636230468750e+01,-3.901211929321289062e+01,4.860199928283691406e+00,-1.111943483352661133e+00,5.435027148391776558e-02,1.377000000000000000e+03,1.810632490195620836e-01
1.392322969436645508e+02,7.849343109130859375e+01,-3.928736114501953125e+01,4.861125469207763672e+00,-1.104407072067260742e+00,4.074720449789991789e-02,1.380000000000000000e+03,1.145230253627824157e-01
1.394834370613098145e+02,7.971070861816406250e+01,-3.955995559692382812e+01,4.861000061035156250e+00,-1.099581837654113770e+00,2.876583952630722488e-02,1.382000000000000000e+03,1.871038806293112422e-01
1.397329270839691162e+02,8.093183898925781250e+01,-3.983298492431640625e+01,4.860762119293212891e+00,-1.097408771514892578e+00,1.905509584182732072e-02,1.385000000000000000e+03,9.091970357737830244e-02
1.399797000885009766e+02,8.214814758300781250e+01,-4.010486984252929688e+01,4.859063148498535156e+00,-1.096887707710266113e+00,1.125703078218931973e-02,1.387000000000000000e+03,1.930346472018145410e-01
1.402314839363098145e+02,8.336642456054687500e+01,-4.037615585327148438e+01,4.857057094573974609e+00,-1.097103953361511230e+00,3.454583446079322138e-03,1.390000000000000000e+03,7.001416631996675022e-02
1.404781980514526367e+02,8.458904266357421875e+01,-4.064831924438476562e+01,4.855589389801025391e+00,-1.098736286163330078e+00,-3.177326471449724160e-03,1.392000000000000000e+03,2.042526155883092331e-01
1.407300879955291748e+02,8.581494140625000000e+01,-4.092234039306640625e+01,4.853475093841552734e+00,-1.102037549018859863e+00,-7.207304168512894058e-03,1.395000000000000000e+03,3.821888718228948212e-02
1.409833521842956543e+02,8.704824066162109375e+01,-4.119926834106445312e+01,4.849275588989257812e+00,-1.106197476387023926e+00,-9.031162184395037998e-03,1.397000000000000000e+03,2.379517711274998504e-01
1.412305569648742676e+02,8.826870727539062500e+01,-4.147445678710937500e+01,4.844299316406250000e+00,-1.110703945159912109e+00,-9.402707360945120746e-03,1.400000000000000000e+03,4.127011287874964192e-03
1.414854259490966797e+02,8.948279571533203125e+01,-4.174998474121093750e+01,4.839931011199951172e+00,-1.115737199783325195e+00,-8.021118258198524018e-03,1.403000000000000000e+03,2.476159024641746698e-01
1.417349441051483154e+02,9.069921112060546875e+01,-4.202851104736328125e+01,4.838613986968994141e+00,-1.121583700180053711e+00,-4.684158337985446820e-03,1.405000000000000000e+03,8.589519744033786292e-03
1.419849469661712646e+02,9.191922760009765625e+01,-4.230885696411132812e+01,4.839972496032714844e+00,-1.126819491386413574e+00,-1.808535449097615220e-03,1.408000000000000000e+03,2.324805814225258394e-01
1.422336997985839844e+02,9.312626647949218750e+01,-4.258610153198242188e+01,4.840985298156738281e+00,-1.130699634552001953e+00,-2.457538411988139781e-04,1.410000000000000000e+03,1.630983557775714937e-02
1.424797520637512207e+02,9.433302307128906250e+01,-4.286465835571289062e+01,4.840078353881835938e+00,-1.134423494338989258e+00,2.638694935775390358e-03,1.413000000000000000e+03,2.401125943415768627e-01
1.427300219535827637e+02,9.554695129394531250e+01,-4.314651489257812500e+01,4.842094421386718750e+00,-1.138658046722412109e+00,6.588112122504269884e-03,1.415000000000000000e+03,1.708406968721528849e-02
1.429844820499420166e+02,9.676998138427734375e+01,-4.343185806274414062e+01,4.845959663391113281e+00,-1.143011808395385742e+00,1.127141255082600955e-02,1.418000000000000000e+03,2.223745131078393444e-01
1.432372140884399414e+02,9.798236846923828125e+01,-4.371480941772460938e+01,4.850286006927490234e+00,-1.146280288696289062e+00,1.485301699112467032e-02,1.420000000000000000e+03,3.011976789264649013e-02
1.434819040298461914e+02,9.919646453857421875e+01,-4.399853515625000000e+01,4.854903221130371094e+00,-1.148680448532104492e+00,1.781156212439128500e-02,1.423000000000000000e+03,2.149008473620999393e-01
1.437363510131835938e+02,1.004083862304687500e+02,-4.428215408325195312e+01,4.858978748321533203e+00,-1.150598645210266113e+00,2.072737930629519124e-02,1.425000000000000000e+03,3.622191060626423625e-02
1.439824800491333008e+02,1.016300506591796875e+02,-4.456856155395507812e+01,4.862088203430175781e+00,-1.152070403099060059e+00,2.383101511240425310e-02,1.428000000000000000e+03,1.998073801381363979e-01
1.442327890396118164e+02,1.028413085937500000e+02,-4.485284423828125000e+01,4.863154411315917969e+00,-1.152424931526184082e+00,2.652831940541036659e-02,1.430000000000000000e+03,5.067873075751714446e-02
1.444836490154266357e+02,1.040583267211914062e+02,-4.513850402832031250e+01,4.862760543823242188e+00,-1.151830434799194336e+00,2.866185165717737016e-02,1.433000000000000000e+03,1.900944458463798281e-01
1.447288949489593506e+02,1.052802734375000000e+02,-4.542503356933593750e+01,4.861713886260986328e+00,-1.150464177131652832e+00,2.998249970275586318e-02,1.435000000000000000e+03,7.196433240761306027e-02
1.449806909561157227e+02,1.065187530517578125e+02,-4.571509933471679688e+01,4.858855724334716797e+00,-1.148561954498291016e+00,3.096026278679384416e-02,1.438000000000000000e+03,1.478596588666667155e-01
1.452319922447204590e+02,1.077403640747070312e+02,-4.600141906738281250e+01,4.854298591613769531e+00,-1.146833658218383789e+00,3.260956744141433467e-02,1.440000000000000000e+03,1.146299083416505160e-01
1.454846239089965820e+02,1.089602813720703125e+02,-4.628730392456054688e+01,4.849769592285156250e+00,-1.144585967063903809e+00,3.370996751029843586e-02,1.443000000000000000e+03,1.254393628094608582e-01
1.457346901893615723e+02,1.101742095947265625e+02,-4.657142257690429688e+01,4.845974922180175781e+00,-1.141368150711059570e+00,3.341176316610312835e-02,1.445000000000000000e+03,1.305365213145937842e-01
1.459860661029815674e+02,1.113916702270507812e+02,-4.685586929321289062e+01,4.844479560852050781e+00,-1.138049602508544922e+00,3.213032593622459215e-02,1.448000000000000000e+03,1.138930883754598472e-01
1.462325279712677002e+02,1.126050872802734375e+02,-4.713818740844726562e+01,4.843823432922363281e+00,-1.134719014167785645e+00,2.975147591296489064e-02,1.450000000000000000e+03,1.425137109464629792e-01
1.464832789897918701e+02,1.138174057006835938e+02,-4.741921615600585938e+01,4.842222690582275391e+00,-1.131579041481018066e+00,2.698829754208703982e-02,1.453000000000000000e+03,1.083482369127702072e-01
1.467290101051330566e+02,1.150335006713867188e+02,-4.770078659057617188e+01,4.842661380767822266e+00,-1.129499793052673340e+00,2.455437419021432380e-02,1.455000000000000000e+03,1.506252576007708066e-01
1.469810011386871338e+02,1.162537307739257812e+02,-4.798313140869140625e+01,4.843836784362792969e+00,-1.128370642662048340e+00,2.274392712732119237e-02,1.458000000000000000e+03,9.226772040035394196e-02
1.472316160202026367e+02,1.174816589355468750e+02,-4.826768112182617188e+01,4.843828678131103516e+00,-1.127576112747192383e+00,2.183935506829598819e-02,1.460000000000000000e+03,1.787387874512431085e-01
1.474859640598297119e+02,1.186961288452148438e+02,-4.854867553710937500e+01,4.844131946563720703e+00,-1.126463174819946289e+00,2.022750291598855721e-02,1.463000000000000000e+03,7.036323533522094442e-02
1.477402529716491699e+02,1.199061355590820312e+02,-4.882818984985351562e+01,4.845589160919189453e+00,-1.125631809234619141e+00,1.829765063758813023e-02,1.465000000000000000e+03,1.825029676087552843e-01
1.479831387996673584e+02,1.211205520629882812e+02,-4.910784912109375000e+01,4.848463535308837891e+00,-1.125227332115173340e+00,1.580587130958953021e-02,1.468000000000000000e+03,6.601782509015638456e-02
1.482334952354431152e+02,1.223386306762695312e+02,-4.938847732543945312e+01,4.851463317871093750e+00,-1.125709056854248047e+00,1.423874035148028731e-02,1.470000000000000000e+03,1.938188873420526592e-01
1.484813959598541260e+02,1.235409774780273438e+02,-4.966606521606445312e+01,4.852715015411376953e+00,-1.126204371452331543e+00,1.353249081421029239e-02,1.473000000000000000e+03,6.568512163753428834e-02
1.487290198802947998e+02,1.247482376098632812e+02,-4.994542694091796875e+01,4.856738090515136719e+00,-1.127409219741821289e+00,1.337707194006540479e-02,1.475000000000000000e+03,1.824110438529062406e-01
